Symbol,Name,Price,Change %,Perf % 1W,Perf % 1M,Perf % 3M,Perf % 6M,Perf % YTD,Perf % 1Y,Perf % 5Y,Perf % 10Y,Perf % All Time,Volatility 1W,Volatility 1M
1JANATAMF,First Janata Bank Mutual Fund Units,3.4,-2.85714285714286,-5.555555555555561,-12.820512820512821,13.33333333333333,13.33333333333333,30.769230769230763,6.249999999999991,-63.043478260869556,-15.651064131289823,-37.46298601980823,4.558823529411771,4.869279863745661
1STPRIMFMF,Prime Finance First Mutual Fund 2009 Units,20.8,-1.4218009478673017,-11.864406779661019,-12.236286919831219,10.638297872340425,9.473684210526319,4.0000000000000036,4.0000000000000036,2.4630541871921183,160.0,-32.02614379084967,4.7685342684426715,4.47028657669423
AAMRANET,aamra networks ltd,20.0,2.564102564102564,-6.976744186046512,-3.8461538461538494,19.76047904191617,17.647058823529413,12.359550561797748,5.2631578947368425,-50.48887054050441,-66.80251309583676,-66.80251309583676,5.793013991389477,3.941533691142517
AAMRATECH,Aamra Technologies Limited,16.6,-2.923976608187134,-18.627450980392144,-16.16161616161616,25.757575757575776,39.49579831932774,34.959349593495936,30.708661417322855,-42.11842126854509,-20.01818192942925,-43.54616678868692,7.301884390119684,7.008262162059854
ABB1STMF,AB Bank 1st Mutual Fund 2011 Units,3.4,-2.85714285714286,-10.526315789473683,-10.526315789473683,9.677419354838703,13.33333333333333,25.925925925925913,3.030303030303033,-53.42465753424658,-13.561120475365433,-49.28331067903349,4.613445378151267,5.05611535221759
ABBANK,AB Bank PLC,4.6,-2.1276595744680966,-4.1666666666666705,-9.803921568627452,4.545454545454529,-40.25974025974027,12.195121951219512,-20.689655172413797,-67.56126814881024,-64.2362979570175,-80.01187327751177,3.478260869565223,2.8368495963969522
ACFL,Aman Cotton Fibrous PLC,23.4,0.0,0.8620689655172383,-4.878048780487816,10.900473933649275,33.71428571428571,29.999999999999993,21.243523316062163,-47.767857142857146,-61.0,-61.0,2.3467423526922975,3.305409919466541
ACI,Advanced Chemical Industries PLC,189.1,-0.5260389268805892,-3.520408163265309,-6.755424063116379,1.7761033369214116,-14.743011722272325,-3.0256410256410287,-3.0256410256410287,-23.63269234499481,-24.57492698581506,203.64923069813858,1.990556037983341,1.8645543385082501
ACIFORMULA,ACI Formulations PLC,154.1,-2.8985507246376776,-8.600237247924081,-7.890017931858947,10.94312455003599,7.38675958188153,19.457364341085267,-2.46835443037975,-0.12037012067129316,-3.110778200890724,123.4875696194924,3.563358873145533,3.35220687610929
ACMELAB,ACME Laboratories Ltd.,79.2,-0.7518796992481133,-2.702702702702706,-5.035971223021586,3.5294117647058862,0.25316455696202894,11.079943899018241,-3.178484107579455,-12.097669256381788,-24.49952335557674,-41.333333333333336,1.316906711821472,1.3666414564198435
ACMEPL,ACME Pesticides Ltd,24.7,-0.8032128514056196,0.816326530612242,2.916666666666664,2.916666666666664,49.69696969696969,55.34591194968553,56.329113924050624,124.54545454545455,124.54545454545455,124.54545454545455,3.9775290178795615,4.8144375754617155
ACTIVEFINE,Active Fine Chemicals Ltd.,6.0,-4.761904761904759,-10.447761194029853,-13.043478260869568,-10.447761194029853,-14.285714285714286,11.111111111111104,-34.78260869565217,-73.79912663755458,-75.92592585533836,-79.65217377007788,4.870483736521793,3.628439176732699
ADNTEL,ADN Telecom Ltd.,61.7,-1.5948963317384368,-3.894080996884735,-8.862629246676514,-0.4838709677419309,-2.5276461295418553,6.563039723661493,-23.449131513647632,-2.218700475435814,52.34567901234569,52.34567901234569,1.7475552407448953,2.1416285395032433
ADVENT,Advent Pharma Ltd.,14.2,-0.6993006993007091,-7.792207792207799,-9.554140127388536,-4.054054054054063,1.4285714285714235,5.970149253731335,-7.18954248366014,-47.13868629267175,-61.443592243990196,-61.443592243990196,3.8830679110121724,3.2629759689956557
AFCAGRO,AFC Agro Biotech Ltd.,6.7,0.0,-4.285714285714283,-6.944444444444445,-2.8985507246376834,-8.219178082191776,34.00000000000001,-15.18987341772152,-78.24675324675324,-79.0296906403625,-70.75952496996126,2.3270013568521035,3.0927054943529915
AFTABAUTO,Aftab Automobiles Ltd.,28.2,-1.052631578947371,-1.398601398601406,-9.032258064516132,-9.032258064516132,-3.7542662116041003,-17.543859649122815,-26.370757180156655,-17.312499587772024,-40.7799997027156,-58.54599966219135,1.5838318063653096,1.9103794188121501
AGNISYSL,Agni Systems PLC,28.7,-2.047781569965875,-7.717041800643094,-17.76504297994269,4.7445255474452575,31.651376146788984,37.980769230769226,7.894736842105254,21.61016949152541,82.54855900753495,54.85687073145735,2.8514597258414778,3.2497382138977455
AGRANINS,Agrani Insurance PLC,28.7,-2.7118644067796636,-9.748427672955978,-8.306709265175723,21.61016949152541,22.649572649572654,20.58823529411764,5.904059040590397,-36.563648914031155,226.0862856761461,73.95651526676747,3.4178520083679134,4.061240376617878
AIBL1STIMF,AIBL 1st ISLAMIC Mutual Fund 2010- Units,5.0,-7.407407407407414,-12.280701754385968,-21.875000000000004,25.0,31.57894736842106,47.05882352941177,19.047619047619044,-46.23655913978495,-29.577464788732392,-35.064935064935064,5.802108942270667,5.8544573242258835
AIL,Alif Industries Ltd.,34.0,-1.1627906976744147,-9.333333333333334,-9.333333333333334,5.919003115264792,15.254237288135593,-16.461916461916466,-42.47038917089679,-12.820512909927686,-69.2169231643849,-69.2169231643849,4.379083104180408,3.20901383591541
AL-HAJTEX,Alhaj Textile Mills Limited,85.0,-1.2775842044134662,-7.407407407407405,-16.748285994123403,-13.176710929519922,-34.26140757927301,-38.046647230320694,-47.62784966112138,37.096774193548384,-1.278359805648004,267.1047182875469,3.1589891253054416,2.9612166497875307
ALARABANK,Al-Arafah Islami Bank PLC,17.4,1.1627906976744147,-4.918032786885258,0.0,19.999999999999993,2.958579881656805,15.999999999999991,2.958579881656805,-28.988301957710366,49.29025969119607,-2.758096856426194,5.248558493459759,4.693194857574641
ALIF,Alif Manufacturing Company Ltd.,5.5,-1.7857142857142794,-3.5087719298245643,-3.5087719298245643,1.8518518518518452,7.8431372549019684,37.5,-3.5087719298245643,-64.96815286624204,-33.54230275543956,-67.43067173166543,3.670033670033668,4.0560873893726015
ALLTEX,Alltex Industries Limited,24.2,-3.585657370517937,-0.4115226337448618,24.742268041237118,36.72316384180791,62.41610738255033,80.59701492537313,103.36134453781513,17.475728155339795,22.222222222222214,216.6913569455949,4.370471109251319,4.319217971222275
AMANFEED,Aman Feed PLC,32.9,-4.6376811594202945,-14.099216710182766,-14.099216710182766,3.134796238244514,38.23529411764705,43.04347826086956,24.15094339622641,-54.80769230769231,-44.24267430270597,-1.8914811611782014,4.973622536326333,3.5266233939623373
AMBEEPHA,Ambee Pharmaceuticals PLC,752.9,-0.0928874734607279,-3.6349673620888234,-7.630965525702373,-3.22622107969152,-0.9342105263157925,4.569444444444441,-11.931220025734005,70.72562358276643,50.15955325089749,302.799823276454,1.7046915978388315,1.7021862249050257
AMCLPRAN,Agricultural Marketing Co. Ltd.,219.1,-1.4838129496402928,-4.739130434782611,-4.739130434782611,1.5762633286972674,3.3490566037735823,8.304498269896184,-9.237779618889814,1.906976744186044,-2.9672276350752953,78.130081300813,2.290060682082269,2.2910699496786875
ANLIMAYARN,Anlima Yarn Dyeing Ltd.,29.6,-3.2679738562091507,-12.426035502958568,-11.111111111111098,23.84937238493725,50.253807106599,42.307692307692314,28.69565217391305,-38.33333333333333,-4.207119741100315,48.00000000000001,5.936444548796475,4.391052417132032
ANWARGALV,Anwar Galvanizing Ltd.,105.0,-0.9433962264150944,-4.805077062556662,-8.216783216783222,4.5816733067729025,5.315947843530589,21.247113163972294,28.518971848225206,-47.04399033572069,168.8362051567643,1199.374992090055,3.8351064095113494,2.89748661167824
AOL,Associated Oxygen Ltd,16.8,-0.5917159763313483,-8.695652173913032,-4.545454545454549,-1.7543859649122846,2.4390243902439157,10.526315789473694,8.387096774193552,-72.04354590012835,29.427199298193955,29.427199298193955,3.9195951107715814,3.1250344705223956
APEXFOODS,Apex Foods Limited,272.2,-0.7293946024799417,-5.486111111111115,-3.8162544169611348,-2.7857142857142896,16.824034334763944,10.740439381611056,7.2498029944838365,75.72627501613943,72.82539682539681,280.16759776536315,2.478424981539947,3.025478620876939
APEXFOOT,Apex Footwear Ltd.,206.2,-2.6899480887211027,-4.048394602140538,-4.5370370370370425,2.0792079207920735,9.389920424403178,15.00278862242051,12.113962592431493,53.34972853289218,5.173288267540248,54.733037937403246,1.7199185167627116,1.354490994112715
APEXSPINN,Apex Spinning and Knitting Mills Ltd.,341.4,-0.4664723032070038,-1.0434782608695718,-7.704785077047851,4.08536585365853,67.27094561489466,89.66666666666666,116.89961880559082,154.77611940298505,221.77191328934967,387.71428571428567,4.5494193661388325,4.276854683854112
APEXTANRY,Apex Tannery Limited.,101.3,0.496031746031746,-6.029684601113173,-2.9693486590038396,-7.4885844748858466,43.89204545454544,69.96644295302013,31.55844155844155,-12.67241379310345,-34.68729851708575,38.57729138166896,2.8611921389405652,3.67017350656013
APOLOISPAT,Appollo Ispat Complex Ltd.,3.0,-3.2258064516129057,-9.090909090909086,-9.090909090909086,-14.285714285714286,-18.918918918918923,76.47058823529412,11.111111111111104,-75.40983606557377,-76.18535044626955,-87.6836235580221,5.31182795698925,5.602229742355534
ARAMIT,Aramit Limited,202.8,-1.4577259475218658,-10.660792951541847,-0.6856023506366197,17.565217391304355,17.225433526011567,11.612548156301608,-11.826086956521735,-43.82271468144044,-51.13253012048193,-4.339622641509429,5.332048849484253,4.8578311926454445
ARAMITCEM,Aramit Cement Limited,12.0,-0.8264462809917326,-1.6393442622950762,-4.761904761904759,0.0,-2.439024390243908,36.36363636363635,2.5641025641025705,-80.32786885245902,-67.21311475409836,-66.79593259139342,8.998626595173914,6.723531441037952
ARGONDENIM,Argon Denims Ltd.,22.4,3.2258064516129004,-3.0303030303030423,-10.400000000000004,23.75690607734805,28.73563218390805,27.272727272727256,11.999999999999993,-9.434482942640456,36.81738385994187,-41.90523370194268,4.712819552976771,4.033644964097236
ASIAINS,Asia Insurance PLC,41.0,-2.612826603325419,-9.89010989010989,-6.3926940639269345,5.943152454780354,0.4901960784313795,49.09090909090909,41.868512110726655,-57.291666666666664,222.83464566929135,24.06340086775697,4.370436327371591,4.41210636249498
ASIAPACINS,Asia Pacific General Insurance PLC,48.1,-2.23577235772358,-7.677543186180422,1.6913319238900726,15.625,28.609625668449205,52.21518987341772,37.42857142857144,-31.48148148148148,214.3790849673202,41.88790560471977,3.641041879608893,4.519308048647165
ASIATICLAB,Asiatic Laboratories Ltd,109.4,-1.9713261648745417,-10.327868852459012,-12.479999999999997,-16.29686304514153,78.75816993464052,126.97095435684646,100.36630036630036,90.92495636998257,90.92495636998257,90.92495636998257,3.9943530253461255,4.195397891536065
ATLASBANG,Atlas Bangladesh Limited,83.5,-1.9953051643192519,-7.222222222222222,-10.311493018259931,15.331491712707175,43.224699828473426,47.26631393298059,21.72011661807581,-32.87781350482315,-22.337664672206998,-25.766269121223747,3.259579416165757,3.676466034656954
AZIZPIPES,Aziz Pipes Limited.,78.2,-2.7363184079602023,-6.904761904761902,2.894736842105267,20.30769230769231,51.25725338491296,67.0940170940171,34.36426116838488,-46.06896551724138,66.7150564935128,402.9237536732294,4.656118653013986,3.245441381764168
BANGAS,Bangas Limited,124.5,-1.8138801261829631,-6.950672645739918,-9.454545454545455,-7.08955223880597,1.8821603927986883,-4.524539877300618,-0.4,-12.014134275618375,-27.793587930405987,-11.205027273860495,2.672911397745943,2.3309107890627403
BANKASIA,Bank Asia PLC,17.0,0.0,-2.2988505747126355,-6.07734806629835,-4.494382022471914,-20.83691021083051,0.2445647777317136,-0.8333337217361035,1.9572858922995422,62.68489983392151,46.243749300207526,2.293476027325449,1.6115083896474873
BARKAPOWER,Baraka Power Ltd.,10.7,-0.925925925925939,-2.7272727272727337,30.487804878048784,27.380952380952365,33.74999999999999,57.35294117647058,-5.309734513274348,-63.97306397306397,-52.12146621859776,-52.844161288528944,6.22371761740717,6.861586162003767
BATASHOE,Bata Shoe Co. (Bangladesh) Ltd.,902.2,0.09985576389660392,-1.3881298502568513,-0.7043803653973121,5.54515676181564,8.424468212955176,12.19997512747171,5.397196261682248,22.58152173913044,-24.502092050209203,75.18446601941748,1.1560498952844491,0.9908857290064306
BATBC,British American Tobacco Bangladesh Co Ltd,232.7,-1.56514382402708,-3.763440860215063,-7.290836653386458,9.764150943396222,-3.0416666666666714,-6.169354838709682,-18.63636363636364,-59.175438596491226,-14.518365638003901,149.91647277577675,1.6643068896076219,2.1740631657463707
BAYLEASING,Bay Leasing and Investment Ltd.,4.8,0.0,-5.8823529411764675,-9.433962264150944,4.347826086956526,-25.000000000000007,45.45454545454546,19.999999999999996,-85.13274332336127,-65.45031844758192,-81.70690619661985,4.30157261794635,5.009176547732044
BBS,Bangladesh Building Systems PLC,12.9,-0.7692307692307665,-7.857142857142855,-16.774193548387093,0.0,22.85714285714286,40.21739130434784,16.21621621621622,-41.89189189189189,-48.221319914633916,-40.50629634364085,4.235026301218156,3.7920824199714938
BBSCABLES,BBS Cables PLC,18.2,-1.6216216216216255,-9.45273631840797,-20.175438596491233,-27.490039840637458,10.3030303030303,19.736842105263158,9.638554216867455,-69.91679145345488,-37.04055953701371,-37.04055953701371,3.323777530600105,3.357848941184521
BDAUTOCA,Bangladesh Autocars Limited,197.2,-3.3806957373836384,-10.282074613284815,-6.584557081951684,-11.569506726457403,37.51743375174336,55.2755905511811,44.152046783625714,31.029900332225907,483.2506673115218,813.4298588293459,3.979954857849067,3.6200310218488156
BDCOM,BDCOM Online Ltd.,29.0,-2.0270270270270316,-6.148867313915853,-12.121212121212121,1.0452961672473893,4.316546762589925,11.538461538461538,16.22137433635496,21.10795515890763,69.27096061336104,141.15709509291523,3.553597909752141,2.9066080209338296
BDFINANCE,Bangladesh Finance PLC,12.7,0.0,-5.223880597014934,-7.971014492753633,14.414414414414413,-9.28571428571429,-2.3076923076923133,39.560439560439555,-77.85855271417236,60.95760273325576,-21.831542646208945,2.8188101487314112,3.21427765018803
BDLAMPS,Bangladesh Lamps PLC,208.9,-2.337540906965872,-9.331597222222221,15.41436464088398,8.802083333333336,47.946175637393786,55.31598513011153,32.1315623023403,13.463451685878994,12.890403950091715,86.26916651765133,3.9657487745429743,4.185818211179401
BDTHAI,Bangladesh Thai Aluminium Ltd.,15.4,-1.2820512820512775,-4.938271604938265,-20.207253886010363,16.666666666666675,33.913043478260875,37.500000000000014,14.925373134328359,-44.4043321299639,-17.938934717598922,-3.337457256600346,2.927705627705628,3.5327221594730673
BDTHAIFOOD,BD Thai Food & Beverage Ltd.,23.7,0.423728813559313,-2.4691358024691414,-3.2653061224489823,-7.058823529411767,43.636363636363626,64.58333333333333,51.92307692307693,95.86776859504133,95.86776859504133,95.86776859504133,2.5286028030529666,3.573656105023971
BDWELDING,Bangladesh Welding Electrodes Ltd.,13.0,-2.9850746268656745,-4.411764705882351,-6.474820143884894,-17.721518987341774,-26.55367231638418,-28.1767955801105,30.0,-50.57034220532319,25.047618974972327,-40.83047195374726,3.6702643706039235,2.401886288428688
BEACHHATCH,Beach Hatchery Ltd,29.9,-0.3333333333333381,-0.993377483443711,-11.275964391691407,-0.6644518272425344,-8.282208588957063,-36.11111111111111,-48.0,2.3972602739726003,176.85185185185182,32.468354732206365,2.4406057695217065,2.529642154292441
BEACONPHAR,Beacon Pharmaceuticals PLC,104.0,-0.2876318312559896,-3.345724907063192,-4.147465437788019,1.6617790811339226,-1.6083254493850547,-0.668576886341932,-26.18878637331441,-49.16911045943304,511.7647058823529,575.3246753246754,2.1724272415592063,1.6169983199574385
BENGALWTL,Bengal Windsor Thermoplastics PLC,23.0,-4.958677685950411,-8.730158730158728,-5.349794238683129,-12.213740458015266,22.34042553191489,32.18390804597702,11.111111111111114,-27.672955974842772,-43.90243907911958,-53.539232145956085,4.574531642271799,3.4072030269894396
BERGERPBL,Berger Paints Bangladesh Ltd.,1486.5,-0.5552582285255523,-1.2292358803986712,0.4391891891891892,7.475959800448275,4.16958654519972,7.6393917451122375,0.7045593116997555,-16.050149658327218,37.004608294930875,466.2857142857143,0.5912118226432785,1.058751490977702
BESTHLDNG,Best Holdings PLC,14.5,1.3986013986013937,-2.684563758389264,-7.643312101910824,-2.0270270270270316,9.022556390977439,7.407407407407407,-13.173652694610775,-50.68027210884353,-50.68027210884353,-50.68027210884353,3.7974098057354317,2.84167481623965
BEXIMCO,Bangladesh Export Import Company Ltd.,22.7,-3.813559322033907,-9.200000000000003,7.582938388625581,-79.38237965485922,-79.38237965485922,-79.38237965485922,-79.38237965485922,-77.25667933245467,13.267619359249233,-42.84083755316705,3.691129204305704,5.4207448876503985
BGIC,Bangladesh General Insurance Company PLC,40.3,-1.9464720194647307,-1.7073170731707386,-2.4213075060532687,10.109289617486326,19.230769230769234,30.42071197411003,18.18181818181817,-30.874785591766724,181.81818181818178,28.75399361022363,4.083101634971684,4.397561413377335
BIFC,Bangladesh Industrial Finance Company Ltd.,4.1,0.0,-6.818181818181833,-18.000000000000007,-12.765957446808523,-43.055555555555564,141.17647058823528,7.894736842105259,-53.40909090909092,-43.83561643835616,-79.87392634760262,6.124999999999997,7.3483806290967335
BNICL,Bangladesh National Insurance Company Ltd,106.2,-0.09407337723423737,-6.842105263157893,-11.867219917012447,15.184381778741866,98.87640449438203,136.0,135.47671840354766,-17.546583850931682,736.220472440945,187.02702702702703,5.257030399704287,4.81616747107536
BPML,Bashundhara Paper Mill Ltd.,27.2,-1.0909090909090935,-3.8869257950530085,-6.20689655172414,-0.7299270072992675,-7.48299319727891,5.019305019305022,-29.71576227390182,-46.56188605108055,-82.45161290322581,-82.45161290322581,2.7712986075939177,1.8241217934952976
BPPL,Baraka Patenga Power Ltd.,19.9,0.0,-5.687203791469208,-2.92682926829269,9.944751381215454,30.921052631578945,33.55704697986576,40.14084507042253,-55.580357142857146,-37.61755485893417,-37.61755485893417,2.5919403294312624,3.001951875843211
BRACBANK,BRAC Bank PLC,62.6,-0.9493670886075972,-0.31847133757961105,-2.6438569206842857,-7.121661721068255,-12.95040245874741,13.908255019365482,4.333358216839266,136.4238990850797,265.07056141545837,850.9178929398487,1.7129943993224448,1.222227162175692
BSC,Bangladesh Shipping Corporation,113.0,-0.7901668129938592,-1.7391304347826086,-6.919275123558489,8.863198458574184,-0.5281690140845021,0.6233303650935021,-5.042016806722689,125.0996015936255,195.63186268687144,126.27071748180404,1.7973114279775906,2.1503512048474627
BSCPLC,Bangladesh Submarine Cables PLC,150.8,-2.0779220779220706,-4.435994930291508,-4.737839545167403,5.454545454545462,6.950354609929086,17.537022603273577,2.0297699594046006,-16.035634743875267,35.855855855855864,244.52821567283524,2.1309281627668377,2.0116740417629737
BSRMLTD,Bangladesh Steel Re-Rolling Mills Ltd.,98.8,-1.2000000000000028,-0.9027081243731251,-4.908565928777679,12.27272727272727,17.619047619047617,29.488859764089124,8.81057268722467,3.239289446185992,-29.63625676160694,119.17133267256828,2.011011892392759,3.138705667474317
BSRMSTEEL,BSRM Steels Limited,90.1,0.22246941045604962,-4.35244161358812,-6.825232678386772,25.138888888888882,25.138888888888882,41.88976377952755,28.714285714285708,36.930091185410326,-0.0907259041451565,60.10076947843279,2.69773924544095,2.4411909830221528
BXPHARMA,Beximco Pharmaceuticals Plc,145.8,0.5517241379310424,-1.1525423728813482,-0.8837525492861883,19.117647058823533,14.712824547600329,41.553398058252434,13.463035019455262,-27.64267990074441,95.58536565807319,231.74287184660096,1.7996547828219531,2.1344991768622528
CAPITECGBF,CAPITEC GRAMEEN BDT10 (MUTUAL FUND) Units,8.3,-5.681818181818182,-20.19230769230769,-16.16161616161616,18.57142857142858,18.57142857142858,22.05882352941178,22.05882352941178,-42.36111111111111,-42.36111111111111,-42.36111111111111,4.760627518298641,4.684538670215731
CAPMBDBLMF,CAPM BDBL Mutual Fund 01 Units,7.6,-5.000000000000004,-13.636363636363647,-24.752475247524753,-33.333333333333336,-23.23232323232324,-24.752475247524753,-11.627906976744187,-41.53846153846154,-29.629629629629637,-29.629629629629637,4.660726182544974,6.3776742163987885
CAPMIBBLMF,CAPM IBBL Islamic Mutual Fund Units,12.6,-5.2631578947368505,-3.0769230769230798,-5.970149253731348,39.99999999999999,55.55555555555556,67.99999999999999,63.636363636363626,-39.71291866028708,25.999999999999993,25.999999999999993,4.607729456402561,5.2691657136395635
CENTRALINS,Central Insurance PLC,43.1,-2.0454545454545423,-5.689277899343547,0.46620046620047284,6.419753086419756,5.896805896805893,5.896805896805893,-10.020876826722333,-30.2588996763754,231.69858060820926,63.70358362880618,3.3324618599560334,4.7400587011655375
CENTRALPHL,Central Pharmaceuticals Ltd.,9.9,-2.9411764705882253,-6.603773584905654,-12.389380530973453,12.499999999999996,8.791208791208799,12.499999999999996,-3.883495145631071,-50.74626865671642,-20.392721456989385,-71.07071507194337,3.5356596884178195,3.9362635762846425
CITYBANK,City Bank PLC,29.8,-1.65016501650165,-4.487179487179483,-5.993690851735011,3.4722222222222223,2.91291258995798,40.45081923753947,38.18548343078012,71.35374514172457,144.93565270398895,193.53612742282726,1.494587373282164,1.1618756960436474
CITYGENINS,City Insurance PLC,127.1,-0.07861635220126456,0.6334125098970682,15.126811594202888,21.39446036294173,41.222222222222214,46.59746251441752,113.25503355704697,162.06185567010309,1192.3613424092198,430.16270441456487,1.1435590232298742,2.322727116510681
CLICL,Chartered Life Insurance PLC,43.4,-1.1389521640091116,-5.652173913043481,-23.4567901234568,-21.51898734177215,-23.321554770318023,-22.222222222222218,-18.878504672897197,294.54545454545456,294.54545454545456,294.54545454545456,3.279452869357984,3.320636329739435
CNATEX,C & A Textiles Ltd,3.1,-3.1250000000000027,-8.823529411764701,-3.1250000000000027,-6.060606060606053,-8.823529411764701,29.166666666666675,6.896551724137938,-56.944444444444436,-56.83544308714949,-81.89952602764487,7.281249999999993,6.429392868301301
CONFIDCEM,Confidence Cement PLC,63.5,-0.15723270440251794,-2.1571648690292844,-7.569141193595345,1.6,-5.925925925925926,28.542510121457497,2.584814216478193,-52.69679030381674,42.20936451693172,18.415579797674685,2.4040889715596627,2.1546232096266853
CONTININS,Continental Insurance PLC,34.0,-2.2988505747126355,-8.602150537634415,-3.133903133903138,3.6585365853658627,33.333333333333336,40.49586776859505,16.438356164383563,-32.768361420489,217.81208944812283,48.08057075701334,3.2546515975038046,4.005124195997509
COPPERTECH,Coppertech Industries Ltd,23.7,-2.066115702479339,-9.541984732824428,-11.567164179104482,-15.35714285714286,19.696969696969692,25.396825396825403,2.1551724137931036,-42.12790683206395,-8.547624308528592,-8.547624308528592,3.4212168347278866,3.7132317517206883
CROWNCEMNT,Crown Cement PLC,62.2,-1.4263074484944511,-6.4661654135338305,-12.394366197183095,23.412698412698422,25.65656565656566,32.90598290598292,18.929254302103264,-23.209876543209873,-21.265822784810123,-23.019801980198014,6.737346370330556,4.308893696958875
CRYSTALINS,Crystal Insurance Company Ltd,63.0,-1.7160686427457013,-7.488986784140962,-10.384068278805119,-12.5,-17.214191852825227,9.565217391304348,7.876712328767125,21.792618505026855,361.999999538,361.999999538,4.284130667590259,3.1954190218321887
CVOPRL,CVO Petrochemical Refinery PLC,165.5,-1.0759115361625888,-4.665898617511518,-6.285390713476781,1.8461538461538463,2.7950310559006213,12.203389830508474,-0.8982035928143712,-3.6772487735714283,-26.893307391601482,38.16294585957448,2.1691416511775823,2.3440209828305867
DACCADYE,Dacca Dyeing and Manufacturing Company Limited,15.7,0.0,-5.421686746987964,-9.248554913294806,3.2894736842105265,-17.368421052631582,-19.072164948453608,-15.135135135135139,-41.4179104477612,63.54166666666667,-44.110032420339124,3.5228320067029752,3.269343983323755
DAFODILCOM,Daffodil Computers PLC.,160.6,-2.489374620522158,-3.6014405762304924,-1.4723926380368133,17.22627737226277,166.77740863787375,344.8753462603878,181.75438596491227,138.2789317507418,633.3333333333333,922.9299363057326,2.509980899251708,2.66670914132665
DBH,DBH Finance PLC,40.4,-2.1791767554479384,-7.551487414187653,-6.481481481481492,7.44680851063829,3.5897435897435863,15.428571428571425,6.315789473684207,-49.17513938395965,-43.132331001150774,17.8047675031877,3.7231982757059248,2.422637490060324
DBH1STMF,DBH First Mutual Fund Units,5.0,-3.8461538461538494,-5.660377358490563,-10.714285714285708,8.695652173913052,8.695652173913052,-23.076923076923077,-13.79310344827586,-48.9795918367347,-19.35483870967742,-32.432432432432435,3.533936651583712,4.513812420821623
DELTALIFE,Delta Life Insurance Company Ltd.,76.4,0.5263157894736916,-0.13071895424835858,-5.679012345679006,1.8666666666666742,2.139037433155092,12.684365781710929,-9.04761904761904,-43.988269794721404,-26.18357487922705,-97.73056723937168,1.9470045623567995,2.831360577537479
DELTASPINN,Delta Spinners Limited,7.1,-4.054054054054063,-6.578947368421053,-10.12658227848102,4.411764705882351,10.937499999999988,41.99999999999999,24.561403508771917,-43.65079365079365,11.571428284530608,-54.68287246805014,5.737323915073277,3.4913210314383214
DESCO,Dhaka Electric Supply Co. Ltd.,23.3,-2.1008403361344534,-8.984375000000002,-9.338521400778205,6.392694063926951,0.4310344827586268,13.658536585365857,-6.048387096774193,-44.391408114558466,-58.24372759856631,-64.949856645899,4.997793303861758,3.033335854125261
DESHBANDHU,Deshbandhu Polymer Limited,18.9,0.0,-7.804878048780495,-17.105263157894747,-7.352941176470589,9.883720930232554,11.176470588235286,-8.252427184466033,-3.571428571428586,85.62499985083704,-12.713653255956485,3.1232970659872072,3.793050288581922
DGIC,Desh General Insurance Company Ltd,30.4,-4.702194357366771,-13.142857142857146,-13.142857142857146,29.914529914529915,43.39622641509433,54.31472081218274,29.36170212765957,-37.83231083844581,102.66666666666666,102.66666666666666,4.153315422506841,4.338518106573402
DHAKABANK,Dhaka Bank PLC,12.0,-0.8264462809917326,-2.439024390243908,-1.6393442622950762,8.10810810810811,-13.043478260869568,6.194690265486719,1.694915254237282,-3.9465752388333133,18.76935329291378,-6.300482006171394,1.5035014005602185,1.8723379501583828
DHAKAINS,Dhaka Insurance Limited,44.1,-1.999999999999997,-7.933194154488512,2.08333333333333,6.779661016949164,13.07692307692308,22.500000000000004,12.78772378516624,-44.177215189873415,195.97315436241612,-7.476470662254113,2.3327418066737087,4.445890842500974
DOMINAGE,Dominage Steel Building Systems Ltd,63.4,0.6349206349206327,2.25806451612903,-24.523809523809526,-17.662337662337666,68.61702127659574,119.37716262975779,288.9570552147239,118.9802637053454,379.3039991851832,379.3039991851832,1.7825331939069775,4.352812636913812
DOREENPWR,Doreen Power Generations & Systems Ltd.,32.2,1.2578616352201324,-3.5928143712574725,2.5477707006369563,10.273972602739738,14.184397163120579,14.184397163120579,5.573770491803288,-48.741522515417955,18.53716893362033,-18.99960124459598,2.5906630564494435,3.5431480183888127
DSHGARME,Desh Garments Limited.,169.5,-2.9765311963365706,-9.358288770053475,1.9242333132892293,37.80487804878049,53.532608695652165,45.61855670103092,38.02931596091205,-0.4538175030245532,64.92740344069551,1561.4643277918676,4.972999624132309,4.184278655018036
DSSL,Dragon Sweater & Spinning Ltd.,11.6,0.0,-4.918032786885243,-18.309859154929573,23.40425531914893,31.818181818181802,36.47058823529411,0.0,-41.0645158219974,121.04710237252122,27.73443218713886,6.153629486560432,4.130002828382272
DULAMIACOT,Dulamia Cotton Spinning Mills Limited,188.8,-3.771661569826696,-10.94339622641509,-9.01204819277108,34.85714285714286,42.06170052671182,39.85185185185186,69.47935368043089,165.9154929577465,2559.154929577465,1952.1739130434787,6.305399452377237,5.075480429963988
DUTCHBANGL,Dutch-Bangla Bank PLC,46.0,-0.21691973969631545,-3.563941299790362,-9.803921568627452,15.869017632241807,12.325581676162798,25.12953399158031,15.000000287500004,-8.297133829589187,122.12966690663623,101.25713783596477,1.8422549331482514,2.016252617508903
EASTERNINS,Eastern Insurance PLC,60.7,-3.8034865293185396,-8.721804511278192,1.1666666666666714,8.199643493761142,17.635658914728683,21.157684630738526,11.580882352941185,-44.158233670653175,173.42342342342343,66.3013698630137,2.8817178910720784,4.2495230963283985
EASTLAND,Eastland Insurance PLC,28.0,-2.4390243902439,-7.284768211920528,-3.4482758620689653,9.374999999999995,33.333333333333336,49.732620320855624,40.0,-38.99782135076252,98.28645266561605,-21.18563354085024,2.570343669721355,3.7184292431670203
EASTRNLUB,Eastern Lubricants Blenders PLC,1863.6,-1.171978575595277,-7.970370370370375,-11.248690351462058,-3.992581525938901,18.459191456903117,12.19747140276941,2.775836833252131,128.1224629212507,212.6619638853968,1450.282237545323,2.8094502261623058,2.19862531251652
EBL,Eastern Bank PLC,23.9,0.0,-0.41666666666667257,-1.6460905349794326,-4.016064257028113,-13.014134606963832,0.8893438719690931,-4.214008124992667,-2.3782100100120607,70.14337145433538,80.80425302440125,1.0528135304754827,1.0459991918244163
EBL1STMF,EBL First Mutual Fund Units,4.1,0.0,-8.888888888888896,-16.326530612244913,7.894736842105259,13.888888888888877,32.25806451612902,2.499999999999991,-58.585858585858595,4.101411532620962,-40.20195767851895,5.518292682926839,4.814093653134555
EBLNRBMF,EBL NRB Mutual Fund,3.4,-2.85714285714286,-8.108108108108116,-10.526315789473683,9.677419354838703,21.428571428571434,47.82608695652175,0.0,-51.42857142857143,-10.598085058838285,-50.511073454437025,5.338680926916226,5.255117357284541
ECABLES,Eastern Cables Ltd.,131.8,-1.7151379567486822,-7.183098591549288,-5.857142857142849,6.5481002425222385,16.43109540636043,17.57359500446032,2.8883684621389674,-15.022566086395862,-9.95031074134284,217.68525831928036,2.849861061733345,3.2913133924858022
EGEN,eGeneration PLC,24.3,-2.0161290322580645,-8.646616541353385,-8.301886792452828,-5.813953488372093,10.454545454545457,22.727272727272727,4.741379310344834,-60.99518459069021,62.00000000000001,62.00000000000001,2.891749192085359,2.2332602824794088
EHL,Eastern Housing Ltd.,90.9,0.5530973451327433,-2.047413793103439,-4.214963119072708,8.21428571428572,13.909774436090238,24.180327868852462,1.5642458100558723,60.8849557522124,169.61864474184324,132.5226229490247,1.9633180048414647,2.2051955343023657
EIL,Express Insurance Ltd.,31.2,-0.9523809523809548,-7.692307692307686,-5.454545454545456,10.638297872340425,9.473684210526313,10.638297872340425,-8.771929824561413,-21.41057934508817,108.0,108.0,3.2000740463091395,3.6114059351402377
EMERALDOIL,Emerald Oil Industries Ltd.,28.9,-2.693602693602696,2.8469750889679615,7.835820895522379,48.96907216494846,55.37634408602149,100.69444444444443,52.10526315789473,-8.253968253968258,-18.277635045472866,-32.75192321529894,6.4673657163464435,4.3446747910206485
ENVOYTEX,Envoy Textiles Ltd.,59.2,-0.1686340640809348,-9.480122324159025,1.7182130584192439,19.83805668016195,14.951456310679616,22.061855670103096,9.833024118738413,68.18181818181817,87.12119114550704,32.120540803867684,3.9165058772777925,4.157350439082289
EPGL,Energypac Power Generation PLC,18.1,-0.5494505494505377,-6.217616580310877,-9.499999999999993,-2.1621621621621543,-0.5494505494505377,16.025641025641036,-17.727272727272723,-66.29422718808193,-61.075268817204304,-61.075268817204304,3.053773950499158,3.364663388979702
ESQUIRENIT,Esquire Knit Composite PLC,26.9,-0.3703703703703756,6.32411067193675,0.373134328358201,13.502109704641349,28.09523809523809,30.582524271844648,7.171314741035845,-29.947916666666668,-43.12896405919661,-43.12896405919661,3.0212061454828842,2.1714509888040894
ETL,Evince Textiles Ltd.,12.8,1.5873015873015959,-4.477611940298504,-12.925170068027201,13.27433628318584,29.292929292929298,28.000000000000007,28.000000000000007,0.0,25.095385231238833,-1.9352759183935604,4.762522947810122,3.5024812640561116
EXIM1STMF,EXIM Bank 1st Mutual Fund 2013- Units,5.6,-8.196721311475411,-17.647058823529413,-9.677419354838719,59.99999999999999,80.64516129032256,100.0,27.272727272727256,-33.333333333333336,-0.7025347091231248,-28.168588671283924,7.155032467532468,5.279940297104028
FAMILYTEX,Familytex (BD) Ltd.,2.5,0.0,-3.8461538461538494,-7.407407407407414,-13.79310344827586,-10.714285714285708,92.3076923076923,31.57894736842106,-59.677419354838705,-65.54687472620532,-92.36578232434704,7.561594202898557,7.722365337212236
FARCHEM,FAR Chemicals Industries Ltd,16.8,-2.3255813953488293,-11.57894736842105,-27.272727272727277,-9.189189189189186,18.309859154929587,15.862068965517246,-26.95652173913043,8.387096774193552,-3.4785610722231946,-25.463999910556794,8.509498035850998,6.332547492677913
FAREASTLIF,Fareast Islami Life Insurance Company Limited,19.5,-2.5,-7.142857142857143,-13.333333333333334,-8.450704225352116,-16.666666666666664,-6.250000000000003,-30.604982206405698,-70.8955223880597,-61.3861384609352,-75.20231206419191,5.710163807735637,3.9568431828012787
FBFIF,First Bangladesh Fixed Income Fund Units,3.4,-2.85714285714286,-5.555555555555561,-5.555555555555561,9.677419354838703,13.33333333333333,30.769230769230763,0.0,-44.26229508196722,-32.668127304902434,-54.66980677981142,5.184873949579838,6.17884843135082
FEDERALINS,Federal Insurance PLC,28.1,-3.4364261168384878,-9.354838709677416,-2.430555555555553,12.400000000000004,36.40776699029126,46.35416666666668,23.245614035087723,-32.28915662650602,199.61163124851305,45.571452244218186,2.9148341882078075,3.9464015140548194
FEKDIL,Far East Knitting & Dyeing Industries PLC.,23.5,1.2931034482758652,-3.688524590163929,-11.320754716981131,64.33566433566432,63.19444444444444,65.49295774647888,23.03664921465968,40.718562874251504,34.69987522234687,-1.2200916394997028,3.886002528654238,5.124920316116759
FINEFOODS,Fine Foods Limited,473.1,1.0897435897435945,8.658704639412045,-2.473716759431045,-17.290209790209786,0.25429116338208213,24.434508153603378,67.76595744680853,746.3327370304116,6022.216063944913,2969.4093337544514,4.550287607100217,4.190836619173055
FIRSTFIN,First Finance Ltd.,4.6,-4.1666666666666705,-14.814814814814827,0.0,2.2222222222222143,-24.59016393442623,83.99999999999999,100.0,-47.727272727272734,-23.02187509297515,-86.49365532808629,7.682449494949493,8.170571566708315
FORTUNE,Fortune Shoes Ltd.,16.4,0.6134969325153243,-6.818181818181833,-14.583333333333337,21.481481481481474,9.333333333333323,17.985611510791355,2.499999999999991,-71.7484373582235,-37.50965290106312,-37.50965290106312,3.393657938947794,3.2016060371447512
FUWANGCER,Fu-Wang Ceramic Industry Ltd.,14.0,-2.097902097902103,-11.949685534591197,-15.662650602409643,7.6923076923076925,13.821138211382108,21.73913043478261,2.1897810218978155,-42.14876033057851,27.630136557691394,-8.083408466174104,4.808652615373011,3.95944193450764
FUWANGFOOD,Fu-Wang Foods Limited,9.7,-2.020202020202031,-14.159292035398241,-24.806201550387605,-8.490566037735851,-7.619047619047626,-13.392857142857144,-37.01298701298702,-57.82608695652174,-2.1916669437902834,-41.77527484717397,5.959487370909542,3.5967606516725508
GBBPOWER,GBB POWER Ltd.,13.2,-5.0359712230215905,-3.6496350364963503,53.48837209302325,48.314606741573016,53.48837209302325,106.24999999999997,109.52380952380953,-70.79646017699115,1.9117649606617637,-50.034482774323024,9.010586727586784,8.984221469544455
GEMINISEA,Gemini Sea Food PLC,114.5,-1.5477214101461714,-6.147540983606557,-6.986190089358241,1.7777777777777777,-3.9429530201342304,-16.23994147768836,-42.17171717171717,25.5150436370161,-8.8774594194844,546.2312066934788,1.725282637990219,2.4225725681719203
GENEXIL,Genex Infosys PLC,35.6,-1.3850415512465373,-8.48329048843187,-10.552763819095468,29.45454545454546,28.519855595667877,32.34200743494425,44.12955465587046,-67.44441391193806,6.39658536632807,6.39658536632807,2.9603319799191077,3.2830176908062403
GENNEXT,Generation Next Fashions Ltd.,3.1,0.0,0.0,3.333333333333336,0.0,-6.060606060606053,14.814814814814811,24.000000000000004,-60.25641025641025,-44.01492544750256,-86.08500008133765,3.806451612903227,5.161068613737906
GHAIL,Golden Harvest Agro Industries Ltd.,13.4,-1.4705882352941124,-6.944444444444445,-15.723270440251572,-0.7407407407407381,16.521739130434785,25.233644859813097,-0.7407407407407381,-37.08920187793427,-7.588713982875407,-63.67620387167331,3.593394763858235,3.5990852345159645
GHCL,Global Heavy Chemicals Ltd.,21.5,-1.8264840182648339,-5.7017543859649145,-14.0,0.9389671361502314,9.6938775510204,8.040201005025134,-0.921658986175112,-50.0,-41.576086956521735,-73.93939393939394,3.8917435560529663,4.131679952967283
GLDNJMF,ICB AMCL CMSF GOLDEN JUBILEE MUTUAL FUND,8.0,-2.439024390243894,-11.11111111111111,-2.439024390243894,29.032258064516125,33.333333333333336,31.147540983606564,17.647058823529413,-27.272727272727273,-27.272727272727273,-27.272727272727273,5.052044281744806,5.763037971332654
GLOBALINS,Global Insurance PLC,43.7,-4.585152838427935,-10.082304526748969,-2.237136465324385,28.529411764705888,49.146757679180894,71.37254901960785,53.33333333333334,-28.711256117455132,401.1980347655753,84.49734938822121,3.8209614076771423,4.604351146080409
GOLDENSON,Golden Son Limited,14.3,-1.3793103448275814,-2.7210884353741402,-15.384615384615373,-6.5359477124183005,36.1904761904762,41.5841584158416,17.213114754098374,-25.130890052356023,-34.99999999999999,-63.888888888888886,4.1764269916690315,3.659448319520645
GP,Grameenphone Ltd.,244.2,-0.5295315682281105,-1.373182552504041,-5.823370613189365,1.1180124223602437,-6.149116064565719,-6.076923076923081,-18.49132176234981,-32.26074895977809,-7.744616547034379,42.30769230769231,0.8192007345612065,0.9276013506423275
GPHISPAT,GPH Ispat Limited,17.3,-1.7045454545454586,-4.419889502762435,-9.42408376963351,8.805031446540882,1.1695906432748495,7.4534161490683175,-12.626262626262626,-62.78820384478766,-11.260750039446906,-7.617711948145788,2.3555306355237065,2.5148046699212134
GQBALLPEN,G.Q. Ball Pen Industries Limited,569.5,0.6895332390381855,7.513686992637333,-5.114961679440194,-17.451804609363673,6.071894207487432,27.205718114809027,44.250253292806484,334.7328244274809,631.0654685494222,319.8237166892468,3.58292163467282,4.076518144828369
GRAMEENS2,Grameen Mutual Fund One - Grameen Two Units,13.1,-1.5037593984962485,-1.5037593984962485,-1.5037593984962485,6.504065040650397,3.1496062992126013,20.183486238532105,-2.238805970149259,-39.35185185185186,18.469565406942603,-28.458447569468905,1.8691870604285254,3.0044206028077127
GREENDELMF,Green Delta Mutual Fund 2010 Units,4.1,-4.651162790697678,-14.583333333333337,-18.000000000000007,24.24242424242424,28.124999999999982,36.66666666666666,13.888888888888877,-57.7319587628866,-31.66666666666667,-43.055555555555564,5.905315614617944,6.000435985062259
GREENDELT,Green Delta Insurance PLC,65.6,-2.380952380952394,-8.25174825174826,-3.671071953010279,10.252100840336125,14.685314685314669,22.388059701492523,23.076923076923073,-42.4561403508772,78.61973675962584,25.83660092701049,2.935356829685933,3.956912941334912
GSPFINANCE,GSP Finance Company PLC,3.7,-2.631578947368412,-2.631578947368412,-13.953488372093016,-2.631578947368412,-40.32258064516129,131.25,5.71428571428572,-83.98373097520363,-59.281267310379285,-74.56313107440981,5.535008692903423,7.090686337233725
HAKKANIPUL,Hakkani Pulp & Paper Mills PLC,74.1,-2.5000000000000075,-7.142857142857146,-7.721046077210464,-4.633204633204644,3.6363636363636282,9.453471196454934,-5.000000000000007,-10.507246376811597,33.75451263537905,298.3870967741935,2.4363137423480397,2.781743571081624
HAMI,Hami Industries PLC,155.7,-0.06418485237485412,-2.5657071339174107,-0.1923076923076996,-13.930348258706477,-1.8284993694829796,44.702602230483265,56.955645161290306,-10.97770154373929,-10.97770154373929,-10.97770154373929,3.0965930296343136,3.2864099185250635
HEIDELBCEM,Heidelberg Materials Bangladesh PLC,211.8,-0.6566604127579632,-2.441271303546745,-5.446428571428567,-6.737120211360626,-10.14000848536274,-3.243490178163542,-17.103718199608608,-38.43023255813953,-60.299906279287725,-19.77272727272727,2.7143127906172295,2.394712246686213
HFL,Hamid Fabrics PLC,14.1,-0.7042253521126736,-10.19108280254777,-9.032258064516132,-12.422360248447214,76.25,116.92307692307692,74.07407407407408,-30.882352941176467,-15.060240963855431,-75.36605651294639,6.003387026513759,4.386763411696
HRTEX,H.R. Textile Mills Ltd.,19.1,-1.0362694300518096,-5.91133004926108,-11.162790697674412,-3.0456852791878064,4.371584699453556,4.371584699453556,-33.91003460207612,-72.06117023988742,-7.850877294023158,-32.329754493079136,3.462033462033462,3.2042993333517558
HWAWELLTEX,Hwa Well Textiles (BD)PLC,46.1,0.21739130434782916,-6.868686868686867,-8.71287128712871,10.28708133971293,9.761904761904765,3.3632286995515694,-8.71287128712871,1.766004415011047,49.675324675324674,15.250000000000004,2.9477461349661924,3.1293585977954277
IBNSINA,BN SINA Pharmaceutical Industry PLC,312.1,-0.9520787051729609,-1.576789656259855,-3.0444237340788924,-1.140323091542593,-3.732264034546566,-0.9206349206349134,0.677419354838717,22.34417875343004,63.92023571770235,421.0285821063305,1.2360588366099992,1.1293702716281409
IBP,Indo-Bangla Pharmaceuticals Ltd.,17.0,0.0,-2.2988505747126355,-16.256157635467982,17.24137931034483,19.718309859154935,51.7857142857143,18.05555555555555,-22.522124166349165,-35.10794033170991,-35.10794033170991,3.0561846293866974,4.089726380998516
ICB,Investment Corporation of Bangladesh,42.2,0.23752969121140477,-2.314814814814815,-9.051724137931025,-3.2110091743119233,3.1784841075794725,15.61643835616439,-18.21705426356589,-68.41602925499808,-46.25056187777561,-61.41801506574581,3.1636221583368505,2.6234594551747294
ICB3RDNRB,ICB AMCL Third NRB Mutual Fund 2010 Units,5.3,-1.8518518518518614,-7.017543859649129,-13.114754098360654,17.777777777777775,20.45454545454544,29.268292682926834,20.45454545454544,-30.26315789473684,15.21739130434783,-25.352112676056336,4.255026071063804,5.350961066269941
ICBAGRANI1,ICB AMCL First Agrani Bank Mutual Fund Units,7.6,-2.5641025641025665,-8.433734939759049,-8.433734939759049,15.151515151515152,16.92307692307692,18.74999999999999,11.76470588235294,-21.649484536082472,-11.627906976744187,-11.627906976744187,3.2528315566290242,5.218692919148679
ICBAMCL2ND,ICB AMCL Second Mutual Fund Units,7.0,-1.4084507042253471,-10.256410256410255,-11.392405063291143,14.754098360655743,16.666666666666668,25.000000000000007,20.689655172413797,-37.5,37.25490196078432,-7.894736842105259,5.483903420523139,5.811514049931006
ICBEPMF1S1,ICB Employees Provident Mutual Fund One Scheme One Units,5.4,-6.896551724137923,-15.625,-14.285714285714278,-19.402985074626862,12.500000000000012,58.823529411764724,10.204081632653061,-34.14634146341462,-12.90322580645161,-34.93975903614458,8.425887952203743,6.297286079842756
ICBIBANK,ICB Islamic Bank Limited,2.6,0.0,0.0,-7.1428571428571335,-3.703703703703707,-35.0,8.333333333333341,4.0000000000000036,-60.0,-33.33333333333333,-65.33333333333334,4.292307692307697,4.450829352583736
ICBSONALI1,ICB AMCL Sonali Bank Ltd 1st Mutual Fund 2013- Units,5.6,-3.448275862068969,-8.196721311475411,-11.111111111111114,14.28571428571427,27.272727272727256,33.33333333333332,14.28571428571427,-37.777777777777786,-13.84615384615385,-53.333333333333336,4.681845680030797,5.481612793799038
ICICL,Islami Commercial Insurance PLC.,35.2,-0.2832861189801539,-5.8823529411764595,3.5294117647058907,24.38162544169612,55.75221238938054,57.14285714285717,53.04347826086958,141.0958904109589,141.0958904109589,141.0958904109589,2.920468762694946,3.401689559159976
IDLC,IDLC Finance PLC.,43.8,-0.680272108843547,-3.5242290748898712,-5.806451612903232,17.11229946524064,8.981042926481045,28.46368747199719,17.32142886473213,-24.88299943204036,11.770203157042777,-7.3610897148011585,2.214736038352491,2.539906494019692
IFADAUTOS,IFAD Autos PLC,23.2,-1.6949152542372972,-4.918032786885243,-10.424710424710423,-4.526748971193421,5.4545454545454515,6.912442396313364,-6.827309236947789,-55.54626823422523,-51.65812956284603,31.973306166658602,3.322793148880107,3.084473806727747
IFIC,IFIC Bank PLC,4.6,-2.1276595744680966,-4.1666666666666705,-8.000000000000007,4.545454545454529,-33.33333333333334,-2.127659574468096,-20.689655172413797,-68.30312496652017,-24.738210783094903,-56.70502150614997,2.4009661835748846,2.5484898793393054
IFIC1STMF,IFIC Bank 1st Mutual Fund Units,3.8,-2.5641025641025665,-13.636363636363647,-13.636363636363647,8.571428571428566,26.66666666666666,51.999999999999986,11.76470588235294,-46.47887323943662,-6.6170210640004585,-41.12317074359039,6.8286099865047305,6.213546145421214
IFILISLMF1,IFIL Islamic Mutual Fund - 1 Units,5.2,0.0,-3.703703703703707,-7.1428571428571335,26.829268292682944,30.000000000000004,52.941176470588246,20.930232558139544,-25.71428571428571,-28.76712328767123,-17.460317460317455,2.9807692307692317,4.108743948841742
INDEXAGRO,Index Agro Industries Ltd,68.9,-0.8633093525179775,-8.01068090787717,-6.3858695652173765,-4.834254143646408,2.9895366218236172,2.9895366218236172,-7.249999768125001,-46.84423205138,-3.5399997588499974,-3.5399997588499974,4.475543577776296,3.4267144151446183
INTECH,Intech Ltd.,23.9,-1.2396694214876063,-9.125475285171111,-10.150375939849635,-34.8773841961853,-35.05434782608695,-24.60567823343849,-7.3643410852713265,-39.493670886075954,139.195901682674,96.16721631024389,5.204984530754205,3.4856670551768523
INTRACO,Intraco Refueling Station PLC,22.6,0.0,-0.8771929824561372,1.345291479820631,25.55555555555556,17.098445595854926,10.243902439024398,-10.671936758893278,1.2780078667477612,-51.394413810477424,-51.394413810477424,1.5440127627627638,3.0896056457807393
IPDC,IPDC Finance PLC,30.8,-1.9108280254777004,-8.875739644970405,-3.448275862068959,72.02127702579787,55.480769619471154,69.31937210450647,79.66666711583333,0.27926688383149695,128.94675768445018,489.22453977646444,3.5751528997598427,4.285752065512613
ISLAMIBANK,Islami Bank Bangladesh PLC,27.4,-0.3636363636363688,-4.861111111111119,-14.106583072100314,-15.950920245398779,-38.56502242152467,-16.969696969696972,-33.81642512077295,-5.51724137931035,-5.51724137931035,-29.906976814279076,2.139762923959605,2.482576283612727
ISLAMICFIN,Islamic Finance & Investment PLC,10.9,-1.8018018018017956,-4.385964912280701,-11.382113821138214,0.9259259259259226,-8.403361344537815,14.736842105263161,49.3150684931507,-64.26229508196722,-2.7426538597586507,-40.23093989471919,2.401766423887661,2.655101894989431
ISLAMIINS,Islami Insurance Bangladesh Limited,60.0,-1.639344262295082,-5.8084772370486695,-0.6622516556291367,12.78195488721804,55.44041450777202,60.0,45.278450363196136,-2.9126213592232966,437.19127682231635,218.58623391240803,3.6041782823991433,3.0724994384824473
ISNLTD,Information Services Network Ltd.,56.5,-0.7029876977152875,-6.6115702479338845,-5.676126878130216,-9.888357256778313,-32.657926102502984,-27.93367346938776,-40.526315789473685,22.82608695652174,402.2222231150617,273.92727420938445,2.249640798495834,2.988903816761106
ITC,IT Consultants PLC,45.9,-1.5021459227467873,-2.959830866807608,-12.737642585551335,10.869565217391305,15.326633165829149,19.220779220779217,6.744186046511626,9.026128266033247,57.24916718220239,56.236833525915415,2.7200781460089583,3.1972190901952016
JAMUNABANK,Jamuna Bank PLC,24.2,0.0,-1.2244897959183703,0.0,-5.468750000000009,-4.7244094488188955,14.691943127962073,16.34615384615384,37.28787128377979,203.40619580050293,106.80052467549113,1.224766526067915,1.1429693269324799
JAMUNAOIL,JAMUNA OIL PLC,175.6,-0.7909604519774044,-1.899441340782126,-3.5164835164835195,4.213649851632044,0.22831050228310829,3.7825059101654883,-7.530279094260143,-4.461371055495112,-5.591397849462368,9.377123330706342,1.1837088143940488,1.0306450904489843
JANATAINS,Janata Insurance PLC,32.8,-1.796407185628747,-8.635097493036215,-5.475504322766587,-5.2023121387283355,27.131782945736422,34.97942386831274,23.773584905660368,-39.701009850921565,294.8890445217243,-82.45781361423971,3.3151143686208515,3.370726681870307
JHRML,JMI Hospital Requisite Manufacturing Ltd,48.3,-0.41237113402062436,-6.395348837209311,-3.5928143712574934,-1.2269938650306778,8.053691275167772,14.45497630331752,-17.43589743589744,119.54545454545452,119.54545454545452,119.54545454545452,2.595441102123064,3.2200117596797395
JMISMDL,JMI Syringes & Medical Devices Ltd.,127.0,-6.823184152604557,-9.285714285714286,-10.751932536893893,2.0080321285140563,5.833333333333333,7.627118644067797,-21.556516368128477,-52.80874332041093,3.985550541917163,266.7091283593853,4.671643916971537,3.513209957411463
JUTESPINN,Jute Spinners Limited,218.4,1.5341701534170207,-3.661226290251426,-0.7272727272727247,2.5352112676056366,-13.981882630957069,11.885245901639355,0.36764705882353466,25.51724137931035,297.09090909090907,228.42105263157896,3.396229450444884,3.5528774251117596
KARNAPHULI,Karnaphuli Insurance PLC,55.8,-3.62694300518135,-4.9403747870528205,9.197651663405079,64.11764705882352,85.99999999999999,95.7894736842105,70.1219512195122,14.11042944785276,480.3726446275681,104.41606165120427,3.061514187039681,4.634229067404284
KAY&QUE,Kay and Que (Bangladesh) Ltd.,395.8,-0.4777470455116865,-4.764196342637153,-8.801843317972349,-16.970841199916087,-15.805147840884919,4.87546369899312,19.8708566873479,44.17194797822459,1417.6245783660856,1892.707054673347,2.4849362578722936,2.3797452110860315
KBPPWBIL,Khan Brothers PP Woven Bag Industries Ltd,34.1,-3.399433427762028,-11.428571428571425,-13.670886075949364,-29.399585921325045,-38.55855855855856,-28.95833333333333,-71.17497886728654,127.33333333333334,68.5672064720684,1.8755635109741577,4.067052436319628,3.157962953863409
KDSALTD,KDS Accessories Ltd.,46.1,-2.1231422505307855,-5.144032921810699,-9.430255402750486,-8.349900596421463,9.761904761904765,12.165450121654501,-2.9473684210526288,-22.675718656529547,-4.232986543943122,-11.651737945941639,2.062871903468766,2.1263344169366714
KEYACOSMET,Keya Cosmetic Ltd.,5.2,-3.703703703703707,-8.771929824561402,-7.1428571428571335,10.638297872340425,-11.864406779661019,15.555555555555559,8.333333333333341,-49.019607843137244,-29.38880025033299,-66.73217287359967,5.561224489795911,3.8797061798314894
KOHINOOR,Kohinoor Chemical Company (Bangladesh) PLC,531.4,-0.3375843960990375,-5.3606411398041,1.781267956330196,4.750640646560213,3.084384093113478,6.30126025205041,6.299327043879017,81.27674563509825,279.8230884163343,1050.396104488445,1.8860725186287186,2.191726334326523
KPCL,Khulna Power Company Ltd.,11.4,-0.8695652173913012,-0.8695652173913012,8.571428571428575,5.555555555555552,3.63636363636364,8.571428571428575,7.547169811320762,-72.98578199052133,-79.67585091282123,-73.61322641414529,4.13787972560908,4.239861456222882
KPPL,Khulna Printing & Packaging Ltd,13.5,-2.8776978417266212,-9.395973154362418,-12.337662337662339,-12.903225806451612,-19.161676646706585,-15.625,-15.625,-15.625,37.75510204081632,-60.817941992825865,3.264764388430552,2.8696291253309014
KTL,Kattali Textile Ltd.,12.5,-2.3437500000000053,-2.3437500000000053,5.932203389830502,26.262626262626256,32.97872340425531,7.758620689655175,-12.58741258741259,-61.890243902439025,-34.66000041367015,-34.66000041367015,4.025352513886909,3.873024942302251
LANKABAFIN,LankaBangla Finance PLC,15.6,-0.6369426751592334,-9.302325581395348,-13.333333333333336,19.999999999999996,-8.23529411764706,26.829268292682915,-1.8867924528301931,-62.40963855421687,-12.640742050503254,-45.51806299221045,2.8086228287841224,3.188992597110842
LEGACYFOOT,Legacy Footwear Ltd.,68.8,-0.28985507246377223,-6.010928961748641,-8.26666666666667,-3.7762237762237802,23.741007194244595,26.937269372693716,-4.9723756906077465,-7.277628032345021,162.14457729981152,339.3442301021879,2.5318984692685076,3.114423497937621
LHB,LafargeHolcim Bangladesh PLC,52.9,-0.9363295880149813,-4.339963833634718,-9.726962457337887,3.1189083820662797,-1.672862453531596,12.314225053078552,-7.0298769771529,-28.41677943166442,-29.933774834437084,627.8566346538028,1.7861201512991456,1.9208559781430286
LIBRAINFU,Libra Infusions Ltd.,598.6,-1.2862796833773011,-2.15756783262503,-6.497969384567325,-4.285257435241438,-8.063277530333282,-5.880503144654084,-25.639751552795026,25.633132154556534,52.03612232417403,408.24528249144356,3.4311798808011593,2.194437387558647
LINDEBD,Linde Bangladesh Limited,690.2,-0.8902929350947634,-0.9756097560975544,-5.452054794520541,5.357960616699744,-16.642512077294683,-9.064558629776014,-27.009306260575293,-50.284520636749974,-50.696478319879986,33.8894277400582,0.836656362090848,0.9405957173218881
LOVELLO,Taufika Foods and Lovello Ice-cream PLC,53.6,-6.293706293706296,-16.38065522620904,-23.971631205673756,-29.473684210526315,-23.428571428571427,-21.407624633431087,-41.068062683135004,81.54838736616857,312.7200005406632,312.7200005406632,7.70843425383614,3.896574220758134
LRBDL,Lub-rref (Bangladesh) Ltd,14.6,-0.6802721088435351,-6.410256410256411,-6.410256410256411,35.18518518518517,45.99999999999999,47.47474747474747,5.797101449275353,-72.34848484848484,-63.95061728395062,-63.95061728395062,3.221157522999755,3.2519857282112707
LRGLOBMF1,LR Global Bangladesh Mutual Fund One Units,3.9,-4.8780487804877986,-13.333333333333336,-13.333333333333336,18.181818181818183,25.80645161290322,39.28571428571429,11.428571428571427,-54.65116279069767,-37.09677419354839,-57.60869565217391,7.972114267845981,5.7438387983760295
MAGURAPLEX,Magura Multiplex PLC,84.7,-2.6436781609195372,-6.408839779005523,-7.431693989071036,1.68067226890757,-2.643678160919537,0.9535160905840252,-26.02620087336244,-51.85473705394441,373.9689098051127,373.9689098051127,3.0618983962051427,2.429822667346175
MAKSONSPIN,Maksons Spinning Mills PLC,6.0,-3.2258064516129057,-6.250000000000005,-9.090909090909086,5.263157894736839,0.0,27.6595744680851,-4.761904761904759,-76.92307692307692,-11.267605477583816,-62.837078475474684,4.533898305084742,4.326720268739151
MALEKSPIN,Malek Spinning Mills PLC,47.2,1.2875536480686725,-4.259634888438122,8.256880733944957,63.88888888888889,64.45993031358887,63.32179930795849,38.82352941176471,33.711048158640246,186.0606060606061,88.80000000000001,3.2871486992660004,3.7569045660340197
MARICO,Marico Bangladesh Limited.,2709.6,-0.9576723444696348,-0.7472527472527506,-1.43324845398327,-1.5585831062670332,-4.672108077680839,2.129584259922355,-7.8367346938775535,15.993150684931503,117.81350482315112,621.5978695073236,0.4609724564241263,0.4567557082216445
MATINSPINN,Matin Spinning PLC,60.9,-0.6525285481239781,-10.964912280701764,1.669449081803005,26.611226611226606,26.874999999999996,30.967741935483865,9.139784946236562,6.842105263157893,48.17518248175182,35.33333333333333,4.000434654335663,3.536329526396146
MBL1STMF,MBL 1st Mutual Fund 2010- Units,7.9,-5.952380952380952,-9.195402298850562,6.756756756756756,107.89473684210529,97.50000000000001,132.35294117647058,79.54545454545453,-7.058823529411761,29.508196721311485,14.492753623188404,4.471214801710154,4.978247357583989
MEGCONMILK,Meghna Condensed Milk Industries Ltd.,36.7,-4.177545691905991,7.309941520467835,0.0,-6.615776081424922,29.68197879858658,154.86111111111114,103.8888888888889,37.45318352059927,409.7222222222223,286.3157894736843,6.1772588770542,4.517809642512315
MEGHNACEM,Meghna Cement Mills PLC,29.5,-1.0067114093959755,-2.6402640264026425,-5.448717948717947,-14.985590778097988,-9.509202453987733,0.6825938566552877,-38.541666666666664,-58.9050087172994,-58.12402711858932,-60.06235565947271,3.469477513393735,3.1158769882303963
MEGHNAINS,Meghna Insurance PLC,36.4,-1.6216216216216255,-8.080808080808088,-10.344827586206904,15.923566878980893,25.085910652920955,29.537366548042694,34.31734317343172,230.9090909090909,230.9090909090909,230.9090909090909,3.550479669844335,3.960401932783435
MEGHNALIFE,Meghna Life Insurance PLC,55.4,0.7272727272727246,-2.8070175438596516,-10.064935064935069,-1.071428571428574,0.0,9.055118110236224,-14.108527131782948,-27.676986873175473,46.057282741964976,-14.938382143244267,3.4278715946113403,3.655068107716785
MEGHNAPET,Meghna Pet Industries Ltd.,79.0,-1.25,-7.0588235294117645,-9.403669724770644,14.492753623188406,225.10288065843622,262.3853211009174,167.79661016949152,126.36103151862464,1153.968253968254,1134.3749999999998,5.678518606952978,4.8779289462209805
MERCANBANK,Mercantile Bank PLC,7.0,0.0,-4.109589041095888,-6.666666666666667,1.4492753623188352,-22.22222222222222,-5.40540540540541,-27.08333333333333,-55.3750001428,11.43301065591537,-32.34256762339344,2.214285714285715,2.430460608079677
MERCINS,Mercantile Islami Insurance PLC,40.5,-2.6442307692307727,-9.395973154362421,-9.59821428571428,38.6986301369863,58.8235294117647,58.8235294117647,48.89705882352941,-25.13863216266174,243.22033898305082,46.79611695331889,3.683817268278058,4.161355108287524
METROSPIN,Metro Spinning Ltd.,10.6,0.0,1.9230769230769162,10.416666666666668,10.416666666666668,17.777777777777775,24.705882352941174,-3.63636363636364,-68.29059821606764,45.54615375154885,-29.466094554270864,4.902040990131355,4.470316650450682
MHSML,Mozaffar Hossain Spinning Mills Ltd.,20.5,1.4851485148514887,-5.529953917050688,-12.76595744680851,-10.869565217391305,5.128205128205129,51.851851851851855,19.883040935672508,-12.393162393162388,40.56875021462448,-17.15229308330243,3.6270955826925944,3.244228739049748
MIDASFIN,MIDAS Financing PLC,5.7,1.7857142857142954,-3.3898305084745792,-4.999999999999997,-1.7241379310344767,-20.833333333333332,26.66666666666667,-9.523809523809518,-74.52654867966737,-58.41691967156285,-76.83075885661488,2.7312409812409855,3.986887854671714
MIDLANDBNK,Midland Bank PLC,17.1,-2.840909090909091,-6.043956043956032,-8.064516129032258,15.540540540540544,-2.840909090909091,0.0,-8.556149732620309,95.69999927591,95.69999927591,95.69999927591,2.488060443613179,2.5829617961301246
MIRACLEIND,Miracle Industries Limited,27.4,-4.529616724738679,-7.744107744107747,-8.053691275167793,-2.8368794326241162,-13.564668769716091,-13.836477987421391,-5.190311418685122,-36.72055427251732,14.354905227909024,197.29595140116535,3.4316275752020564,2.929052403565825
MIRAKHTER,Mir Akhter Hossain Ltd,34.6,-3.351955307262558,-8.947368421052628,-16.826923076923077,-21.18451025056947,21.830985915492967,25.362318840579707,10.543130990415337,-63.347457627118644,-57.28395061728395,-57.28395061728395,3.307592710997435,3.068672977623101
MITHUNKNIT,Mithun Knitting & Dyeing (CEPZ) Ltd.,14.5,0.0,-7.643312101910824,0.694444444444442,-4.605263157894733,-11.042944785276077,-0.6849315068493127,-22.043010752688176,-31.924882629107987,-75.7660166145359,-72.22646631080295,6.922653523409006,6.40075118409386
MJLBD,MJL Bangladesh PLC,91.2,-0.5452562704471101,-0.8695652173913012,-2.7718550106609747,1.899441340782126,-0.8695652173913012,1.3333333333333366,-7.411167512690353,-0.9771986970683947,-16.730434574434778,60.23333310088373,1.4295981176906372,1.247955416293794
MLDYEING,M.L. Dyeing & Textile Ind. PLC,13.2,0.7633587786259515,-8.965517241379315,-22.80701754385966,38.94736842105262,46.66666666666666,57.142857142857125,31.999999999999993,-59.13312693498452,91.26800080753348,91.26800080753348,6.951844262295079,6.933639279428564
MONNOAGML,Monno Agro & General Machinery Ltd.,325.6,-0.6105006105006106,-6.167146974063394,-6.3829787234042525,-7.735902521960883,-11.038251366120212,-11.880920162381592,-18.599999999999994,-12.60896015698926,752.8117130675661,2518.281575821033,3.9906555215521164,2.427669449439675
MONNOCERA,Monno Ceramic Industries Limited.,84.2,-2.0930232558139505,-6.85840707964602,-10.425531914893615,-13.552361396303903,-0.5903187721369539,2.9339853300733565,-9.364908503767493,-37.7679231337768,201.69912594233836,391.65783481027347,2.4410716953412557,2.4577936177399633
MONNOFABR,Monno Fabrics Ltd.,21.9,4.2857142857142785,-3.097345132743375,-5.603448275862071,-5.603448275862071,-6.008583690987134,2.336448598130841,12.88659793814433,-7.2033898305084865,-7.2033898305084865,-7.2033898305084865,4.153858743184171,3.9296585886892657
MONOSPOOL,Monospool Bangladesh PLC,106.1,-1.3940520446096656,-5.8562555456965475,-10.840336134453786,3.613281249999989,9.381443298969065,12.038014783526917,2.1901169443924786,-28.226470876384916,121.84545364798885,121.84545364798885,2.4890109729545635,2.4345046611494676
MPETROLEUM,Meghna Petroleum PLC,207.9,-0.4310344827586234,-1.7021276595744654,-2.6685393258426915,2.9207920792079234,2.9207920792079234,7.887908666320715,0.5319148936170185,2.4137931034482785,17.45762711864407,45.66242023650319,1.1281510327852753,0.8349648318847004
MTB,Mutual Trust Bank PLC,13.1,-1.5037593984962485,-9.655172413793105,-3.6764705882352944,23.2941179951834,22.63164258525853,33.59870005731679,27.384807073691945,3.1690750347910894,122.47700386829088,169.70421748467163,1.78523950519237,2.120658478764562
NAHEEACP,Nahee Aluminum Composite Panel PLC,30.9,-4.334365325077395,-7.76119402985075,-15.34246575342466,-11.714285714285717,42.396313364055295,67.02702702702702,33.76623376623375,-39.88326848249027,-50.9727574914882,-50.9727574914882,5.090700401643371,3.581380770692458
NATLIFEINS,National Life Insurance PLC,95.9,-1.5400410677618068,-5.888125613346418,-6.983511154219194,-3.0333670374115265,-6.439024390243897,2.238805970149263,-17.25625539257981,-60.041666666666664,-21.22500047574472,-29.402771792525787,1.891282300522882,2.182717813033809
NAVANACNG,Navana CNG Limited,20.9,-0.9478672985782125,-2.7906976744186114,-8.733624454148472,-1.415094339622645,1.4563106796116365,-1.8779342723004795,-7.929515418502206,-44.20762683519044,-49.908151922909326,-64.55038429684255,2.27569063364758,1.9741099099109634
NAVANAPHAR,Navana Pharmaceuticals PLC,65.9,-1.4947683109118086,-3.9358600583090215,-7.443820224719097,-7.052186177715091,8.388157894736857,25.763358778625967,6.290322580645171,149.62121212121215,149.62121212121215,149.62121212121215,2.0888875371577997,2.235681535827916
NBL,National Bank PLC,3.5,-2.77777777777778,-5.40540540540541,-10.256410256410255,-12.5,-46.96969696969696,9.374999999999995,-2.7777777777777803,-57.83132530120482,-35.901392518988885,-67.19753777895657,2.571428571428573,3.331600421825981
NCCBANK,National Credit and Commerce Bank PLC,15.0,-0.6622516556291367,-0.6622516556291367,-2.5974025974025996,2.739726027397263,20.00005510402531,27.868911220021634,32.20345049172563,9.200050610292251,115.52813917568083,36.166061759981886,1.8456829312533989,1.6360458031502731
NCCBLMF1,NCCBL Mutual Fund-1 2012- Dividend Units,6.1,-4.687500000000011,-8.955223880597023,-12.857142857142861,41.860465116279066,45.23809523809522,52.49999999999999,24.48979591836733,-29.885057471264364,0.0,-49.166666666666664,4.035218253968251,5.4583321046769235
NEWLINE,New Line Clothings Ltd.,6.2,0.0,-4.615384615384612,-7.462686567164179,16.981132075471702,6.896551724137938,55.00000000000001,1.639344262295091,-79.05405405405405,-75.15566997373992,-75.15566997373992,4.163124015930354,5.898638346283252
NFML,National Feed Mill Ltd,16.3,-0.6097560975609627,-10.439560439560433,-21.25603864734299,-2.395209580838315,3.1645569620253164,15.602836879432633,61.3861386138614,-48.553125005144686,14.675487362572394,-41.56402788792167,4.736145511819024,4.416601000083473
NHFIL,National Housing Finance PLC,26.4,-1.4925373134328437,-8.333333333333341,-14.838709677419358,9.543568464730278,5.179282868525885,17.33333333333333,6.024096385542169,-55.32307696775385,-1.7107694421666857,-13.553608213779894,3.3287627554701076,3.3019857129080967
NITOLINS,Nitol Insurance PLC,46.9,-2.2916666666666696,-2.2916666666666696,33.99999999999999,48.88888888888888,53.77049180327868,66.90391459074732,67.49999999999999,-16.249999790625004,193.69171064533566,96.88526131269914,3.278662962959106,5.094613426481005
NORTHERN,Northern Jute Manufacturing Co. Ltd.,106.9,-0.6505576208178333,-4.468275245755138,-8.632478632478628,-3.0825022665457764,-23.093525179856112,25.322391559202824,-6.228070175438591,-67.1076923076923,-59.289114403495525,612.6666714177778,4.834251629459822,4.317839503549119
NORTHRNINS,Northern Islami Insurance PLC,37.2,-2.8720626631853636,-10.791366906474819,-4.615384615384608,7.307692575961555,30.635451808667696,40.50359747356115,11.600000279000001,-34.57286416379384,168.53750044224768,21.68761423645592,3.661129279068108,4.769494811390202
NPOLYMER,National Polymer Industries PLC,31.6,-0.6289308176100606,-5.389221556886219,-12.465373961218836,-3.9513677811550068,11.267605633802827,18.796992481203006,-6.784660766961644,-55.367231638418076,-29.37627284908776,118.9567722132659,3.114125025492837,3.1376717811170307
NRBBANK,NRB Bank PLC,6.6,-1.4925373134328437,0.0,0.0,13.79310344827586,-14.285714285714294,8.196721311475411,-21.428571428571434,-26.66666666666667,-26.66666666666667,-26.66666666666667,2.0547785547785598,3.0925567873520947
NRBCBANK,NRBC Bank PLC,8.7,-1.1363636363636525,-8.421052631578954,3.5714285714285587,19.178082191780813,26.08695652173911,70.58823529411764,29.850746268656703,-64.3307939098514,-31.586462539637953,-31.586462539637953,3.816614420062691,4.532543185039518
NTC,National Tea Company Limited,160.0,-1.2345679012345678,-2.140672782874618,-7.567879838243788,2.432778489116525,-4.5346062052505935,-7.940161104718073,-16.40543364681296,-72.71952259164536,-71.16597585150478,-79.22077922077922,3.7091815864915914,3.1502309904571413
NTLTUBES,National Tubes Limited,64.8,-0.7656967840735069,-4.705882352941181,-7.560627674750354,6.229508196721307,4.8543689320388355,3.6799999999999953,-21.167883211678838,-39.60857409133271,-26.454511918308462,174.9961739141514,1.9540692050690496,2.519968513596009
NURANI,Nurani Dyeing & Sweater Ltd.,3.4,-2.85714285714286,-12.820512820512821,17.24137931034483,17.24137931034483,3.030303030303033,70.0,25.925925925925913,-68.80733944954129,-79.90722404178462,-79.90722404178462,7.493315508021393,6.898237208729134
OAL,Olympic Accessories Ltd,6.6,-1.4925373134328437,-4.347826086956532,-4.347826086956532,8.196721311475411,-4.347826086956532,15.789473684210515,-5.71428571428572,-59.00621118012423,-60.597709205498816,-72.65593598508019,2.431374595553701,3.02995571659649
OIMEX,Oimex Electrode Ltd.,15.3,-1.2903225806451568,-4.374999999999996,-8.383233532934124,-1.2903225806451568,15.037593984962406,0.0,-37.80487804878049,-42.69662921348314,-69.31563578921472,-69.31563578921472,3.9188881294144466,2.758046576620107
OLYMPIC,Olympic Industries PLC.,145.4,-0.9536784741144453,-2.4161073825503316,-5.9508408796895145,1.0423905489923557,-6.675224646983314,5.668604651162799,-11.878787878787875,-16.96173615077098,-51.378980770167196,96.78195616260184,1.7844593978419963,1.7434676814689969
ONEBANKPLC,One Bank PLC,7.8,-1.2658227848101333,-3.7037037037037015,-3.7037037037037015,3.999999999999998,-7.1428571428571495,11.428571428571427,0.0,-15.02105224872643,-15.02105224872643,-15.02105224872643,2.049869961262365,2.126919709697855
ORIONINFU,Orion Infusion Ltd.,224.2,-1.8388791593695344,-7.5082508250825155,-21.8815331010453,-28.347714924896128,-41.947177628171936,-34.078212290502805,-57.08269525267994,141.33476856835304,216.22002820874468,387.39130434782606,2.859336944606517,3.607946377512737
ORIONPHARM,Orion Pharma Ltd.,26.1,-0.38167938931296896,-5.776173285198548,-9.374999999999998,0.3846153846153901,-16.077170418006432,-4.044117647058815,-26.478873239436616,-62.714285714285715,-29.83870967741936,-61.804877895999994,3.0400132736793326,2.1431449428371927
PADMALIFE,Padma Islami Life Insurance Ltd.,16.6,-2.35294117647058,-5.681818181818182,-7.77777777777777,-4.04624277456647,-3.4883720930232434,-0.5988023952095681,-26.872246696035234,-62.186788154897485,-14.50643743066918,-66.1203149742885,2.632289208158554,3.4860523549064104
PADMAOIL,Padma Oil PLC,194.6,0.1544004117344225,-1.6675088428499298,-3.424317617866008,9.633802816901406,8.351893095768375,14.808259587020647,-2.894211576846313,-13.27985739750446,5.7034220532319395,14.470588120823532,0.800571550665028,0.8055749787141468
PARAMOUNT,Paramount Insurance PLC.,58.9,-2.159468438538213,-9.938837920489306,-7.968750000000002,15.264187866927587,11.977186311787067,35.40229885057471,22.70833333333333,-33.2955832389581,737.1400333921657,347.57789158532745,3.2616893916842873,4.103154368466443
PDL,Pacific Denims Ltd.,5.6,0.0,-5.084745762711876,-3.448275862068969,5.660377358490563,16.666666666666664,21.73913043478261,-6.666666666666672,-64.650000003535,-71.57409278450629,-71.57409278450629,3.2564935064935097,4.1971571131572984
PENINSULA,The Peninsula Chittagong PLC,20.8,-2.8037383177569994,-11.111111111111102,-16.799999999999997,-9.565217391304346,-4.587155963302752,13.66120218579235,89.09090909090911,-12.236286919831219,39.59731543624161,-42.52631564578947,3.792745392597836,3.1668236368965537
PEOPLESINS,Peoples Insurance PLC,60.6,-3.34928229665072,-7.48091603053435,-1.6233766233766234,20.47713717693838,55.38461538461539,66.9421487603306,65.12261580381471,8.407871198568879,301.3245033112583,129.54545454545456,2.613738342716131,4.005448532026275
PF1STMF,Phoenix Finance 1st Mutual Fund Units,12.5,-8.088235294117645,-14.96598639455782,-8.088235294117645,58.22784810126581,145.09803921568627,150.0,150.0,28.865979381443307,160.41666666666669,58.22784810126581,5.40519042452099,4.1309916514263
PHARMAID,Pharma Aids Limited.,578.0,-1.0612803834303397,-5.601829168708143,-4.824633624238425,-0.6872852233676976,4.1441441441441444,17.24137931034483,-6.06208353648626,27.312775330396477,101.39372822299651,312.5624553890079,2.113912313653223,2.3736665015328766
PHENIXINS,Phoenix Insurance PLC,48.9,-2.5896414342629566,-9.61182994454714,5.387931034482759,17.831325301204817,65.2027027027027,82.46268656716418,74.02135231316724,-27.123695976154988,156.02094240837692,9.151785714285717,3.39236587734538,4.443179886553703
PHOENIXFIN,Phoenix Finance and Investments Ltd.,3.7,-2.631578947368412,0.0,-15.909090909090912,8.823529411764714,-27.450980392156854,54.16666666666668,15.625,-89.2128279883382,-72.39597824473329,-86.43882952700521,6.15615615615615,6.7421597162991915
PHPMF1,PHP First Mutual Fund Units 2010-,3.4,-2.85714285714286,-10.526315789473683,-10.526315789473683,9.677419354838703,13.33333333333333,41.66666666666667,6.249999999999991,-54.05405405405405,-11.90222270225723,-39.11814328071533,5.962184873949585,5.367158964676791
PIONEERINS,Pioneer Insurance PLC,65.9,-0.753012048192771,-8.344923504867872,-5.1798561151079054,9.833333333333343,31.05113669126422,43.856549200488644,50.09761424101384,-43.15773448187556,196.00083419592914,64.46168784784676,3.4909094619506376,3.4997122129878555
PLFSL,Peoples Leasing and Financial Services Ltd.,2.0,5.263157894736848,0.0,0.0,17.647058823529413,0.0,277.35849056603774,42.85714285714287,-33.333333333333336,-70.58823529411765,-93.18885449527936,3.3333333333333264,9.798855949386109
POPULAR1MF,Popular Life First Mutual Fund Units 2010-,3.5,0.0,-7.894736842105259,-10.256410256410255,16.666666666666668,20.689655172413797,45.83333333333334,9.374999999999995,-50.0,-3.4206115288223327,-33.320531510425894,4.491596638655467,5.3515616030401105
POPULARLIF,Popular Life Insurance Co. Ltd.,61.3,-0.6482982171799119,-2.698412698412703,1.3223140495867722,7.543859649122802,21.626984126984123,44.23529411764705,21.626984126984123,-35.67681007345226,-9.587020648967552,-44.98717915710257,2.6958283038902153,3.22621857734205
POWERGRID,Power Grid Co. of Bangladesh Ltd.,37.1,-1.5915119363395265,-5.59796437659032,-9.512195121951217,12.76595744680852,18.91025641025642,37.91821561338291,9.117647058823533,-35.47826086956521,-36.58119658119658,-31.675874769797414,3.0941388433335026,2.694061331990815
PRAGATIINS,Pragati Insurance PLC,75.0,-1.3157894736842104,-7.178217821782176,-5.063291139240507,5.485232067510557,3.4136542401211307,7.440889729181704,29.3969844525517,0.9409793328081018,339.96524600717447,88.57198994700998,3.354254708905989,3.7856013474879937
PRAGATILIF,Pragati Life Insurance PLC,144.4,-2.5641025641025528,-9.010712035286694,-14.505624629958556,-13.673913129804351,-33.34452377534216,7.469553341539689,-3.5579843120962757,58.83999922962602,193.17248199071034,118.04703402483098,4.129304353616207,3.4450003921436623
PREMIERBAN,The Premier Bank PLC,5.8,0.0,-1.6949152542372972,1.7543859649122744,44.99999999999999,-1.6949152542372972,44.99999999999999,-15.942028985507253,-53.65878390676022,49.83347662408147,-20.681903474258167,2.368421052631578,2.8796076440226557
PREMIERCEM,Premier Cement Mills PLC,46.7,-2.0964360587002093,-10.019267822736023,-5.656565656565651,13.349514563106796,16.16915422885572,19.132653061224488,-3.711340206185561,-42.558425584255836,-53.25325325325325,-55.523809523809526,3.7039469990561367,3.0931406946109092
PREMIERLEA,Premier Leasing & Finance Limited,2.3,4.545454545454529,-4.1666666666666705,-20.689655172413797,-14.814814814814827,4.545454545454529,325.92592592592587,35.29411764705882,-82.03125,-65.90653169232537,-83.03209462113189,7.483060417843021,7.986308114536298
PRIME1ICBA,Prime Bank 1st ICB AMCL Mutual Fund Units,5.7,-3.3898305084745792,-6.557377049180319,-12.307692307692305,26.66666666666667,32.55813953488373,32.55813953488373,16.326530612244895,-29.629629629629623,7.547169811320762,-20.833333333333332,5.320216685915415,6.091855820592165
PRIMEBANK,Prime Bank PLC,29.2,-1.3513513513513586,-2.666666666666669,-4.575163398692817,-1.6835016835016836,-9.289940601627217,6.458333599479166,9.110320537087933,36.0454543181968,121.59711480617233,2.77314827371415,1.5402392930153643,1.1202610864671831
PRIMEFIN,Prime Finance and Investment Ltd.,3.1,-3.1250000000000027,-3.1250000000000027,-16.216216216216218,-6.060606060606053,-40.38461538461538,181.8181818181818,14.814814814814811,-80.98159509202453,-56.33802816901408,-88.58895701041062,4.516129032258062,5.769090813763987
PRIMEINSUR,Prime Islami Insurance PLC,51.2,-3.5781544256120497,-12.178387650085755,0.7874015748031609,36.53333333333334,62.539682539682545,71.23745819397995,41.436464088397784,-6.2271062271062245,271.0144927536232,43.36000033832961,4.940672503633034,6.446476684545093
PRIMELIFE,Prime Life Insurance Company Limited,37.4,-1.0582010582010546,-6.265664160401003,-9.223300970873797,-13.824884792626728,5.3521126760563345,13.33333333333333,-17.62114537444934,-49.59568733153639,-37.666666666666664,-58.85999993705581,2.4814303049686224,4.21339119625858
PRIMETEX,Prime Textile Spining Mills Ltd.,15.2,0.6622516556291367,-7.8787878787878824,-15.083798882681561,-26.213592233009717,-15.555555555555559,10.144927536231874,5.555555555555547,-39.2,-25.490196078431367,-24.752475247524753,5.130427272354657,3.618881373986815
PROGRESLIF,Progressive Life Insurance Co. Ltd.,38.7,-1.2755102040816324,-2.5188916876574305,-4.2079207920791974,-3.491271820448874,-12.244897959183671,-15.131578947368418,-38.57142857142856,-65.16651665166516,1.9599190104699797,-48.27185842695756,4.421211265769931,4.220581979874523
PROVATIINS,Provati Insurance PLC,55.2,-2.3008849557522075,-7.070707070707063,-9.060955518945633,28.97196261682244,72.50000000000001,92.33449477351918,60.93294460641401,-64.02696647919461,572.987170353023,195.5438980073468,2.5996135607395647,3.4586652688967
PTL,Paramount Textile PLC,71.2,1.8597997138769629,3.9416058394160625,9.707241910631737,17.105263157894743,32.09647495361782,37.451737451737465,24.258289703315892,35.92727293734216,584.2181946375933,178.67636805224262,2.095535780720476,2.1038532843627773
PUBALIBANK,Pubali Bank PLC,38.2,0.5263157894736916,-4.020100502512549,-2.051282051282044,13.690476190476193,13.808317285161449,42.16831869149697,52.53475858958056,124.18919101875639,236.7973320996089,119.12490205690503,2.5534207961852675,2.3708485408552193
PURABIGEN,Purabi General Insurance Co. Ltd.,29.7,-1.3289036544850568,-6.603773584905665,-7.187500000000002,0.6779661016949129,38.13953488372093,53.09278350515464,60.54054054054054,-40.135029576914505,288.78263043617653,0.3264169293506412,3.159508096136,3.2364017336362045
QUASEMIND,Quasem Industries Limited.,41.0,-2.147971360381858,-5.96330275229358,-10.869565217391305,-5.3117782909930655,2.5,8.41346141858126,3.9170505978625556,-0.5992716929486911,-0.18949703186801045,158.01014991918265,2.3094456161978,2.13337330781216
QUEENSOUTH,Queen South Textile Mills Ltd.,15.5,0.649350649350647,-6.0606060606060606,-12.921348314606744,19.23076923076923,28.099173553719012,30.25210084033613,7.638888888888887,-48.33333352277778,-36.16811855452018,-36.16811855452018,3.6578712721291615,5.677791658146484
RAHIMAFOOD,Rahima Food Corporation Ltd.,74.1,-2.5000000000000075,-13.937282229965158,-15.79545454545455,-29.962192816635167,-43.00000000000001,-53.6875,-48.109243697479,-77.54545454545455,27.538726333907043,330.8139534883721,9.055195837090361,4.326303277094618
RAHIMTEXT,Rahim Textile Mills Ltd.,196.8,-1.2543903662819869,-7.038261691072262,-8.166122258516099,0.6134969325153462,-7.169811320754712,-7.7355836849507735,2.6604068857590106,-43.33429311834149,7.391058933798987,387.94592337519026,3.101005583217907,3.3932608588917166
RAKCERAMIC,RAK Ceramics (Baneladesh) Limited,29.7,-1.9801980198019846,-2.6229508196721336,-4.501607717041808,21.224489795918362,26.92307692307693,33.78378378378378,29.69432314410481,-34.58149779735683,-33.80026312482971,-26.012058869031996,2.978333603333602,2.812938621783247
RANFOUNDRY,Rangpur Foundry Limited,153.1,-0.7777057679844569,-9.408284023668642,-5.552128315854411,2.066666666666663,4.863013698630133,7.137858642407269,-7.15585203153427,10.942028985507243,39.18181818181817,146.93548387096774,2.2526192621572676,2.473051063673575
RDFOOD,Rangpur Dairy and Food Products Limited,23.1,-2.531645569620244,-7.96812749003984,-17.793594306049823,-25.483870967741932,10.000000000000007,15.500000000000005,-15.073529411764698,-49.909473864114595,155.40217306185917,42.77492304366753,3.3429863230941317,2.9905261684594735
RECKITTBEN,Reckitt Benckiser (Bangladesh) PLC,3291.8,-0.07285532147409497,-0.3119227158474827,-1.2361236123612307,-0.09711684370257415,-6.615602836879427,-3.748538011695901,-2.4651851851851796,-26.540358394144295,114.85542719143662,345.43978349120437,0.3438914508364401,0.4256829053637206
REGENTTEX,Regent Textile Mills Ltd.,6.5,3.174603174603177,-4.411764705882351,-10.958904109589039,18.181818181818183,41.30434782608697,62.5,91.17647058823529,-60.12269938650307,-34.79358073338988,-74.6673060617831,9.089861751152071,6.008847010697721
RELIANCE1,Reliance Insurance Mutual Fund Reliance One Units,13.2,-5.0359712230215905,-1.4925373134328437,10.92436974789915,28.15533980582523,0.0,-15.923566878980893,-2.2222222222222276,3.124999999999989,59.036144578313234,45.05494505494505,4.498486851874114,4.078040811255472
RELIANCINS,Reliance Insurance PLC,106.5,-1.205936920222632,-8.583690987124463,-8.347676419965579,18.86160714285715,47.916666666666664,62.84403669724769,62.34756097560977,4.411764705882353,241.5698785038155,120.5486553528593,4.49483709682788,4.180972274562591
RENATA,Renata PLC,460.6,-0.9036144578313229,-1.6862326574172843,-3.25561856752783,11.256038647342999,2.583518930957689,17.500000000000004,-3.640167364016732,-61.95605620892208,-29.70961831511247,48.276315389937174,0.7770942206330917,1.0482889560291424
RENWICKJA,Renwick Janeswar and Co. (BD) Limited,762.8,-3.247082699137497,-10.248264501706085,-13.12072892938497,49.275929549902145,33.59019264448336,56.05564648117838,9.75539568345323,-33.32167832167833,5.199282857536882,871.71974522293,3.8014980394384725,5.012644787064367
REPUBLIC,Republic Insurance PLC,39.2,-1.9999999999999927,-6.443914081145574,4.533333333333341,15.29411764705883,18.429003021148038,43.06569343065695,10.422535211267613,-27.119729816180072,415.6366898545374,91.13126017939435,3.0185900773231378,4.472857828917328
RINGSHINE,Ring Shine Textiles Ltd.,4.0,-2.439024390243894,-13.04347826086956,-16.666666666666664,8.108108108108103,17.647058823529413,24.999999999999993,37.931034482758626,-72.22222222222221,-73.06666666936,-73.06666666936,5.445121951219518,5.907290527933834
ROBI,Robi Axiata PLc,30.5,-0.6514657980456003,-3.4810126582278524,-4.984423676012465,1.328903654485045,-5.572755417956648,7.773851590106005,11.721611721611719,-29.561200923787524,103.33333333333333,103.33333333333333,1.343881657757652,1.2241088935675202
RSRMSTEEL,Ratanpur Steel Re-Rolling Mills Ltd,7.4,-1.3333333333333286,-2.631578947368412,-3.896103896103894,-11.904761904761905,-13.953488372093016,10.447761194029853,-18.681318681318675,-76.875,-77.8516278068558,-83.67348557558871,2.9971615451067457,2.8167226531922718
RUNNERAUTO,Runner Automobiles PLC,48.3,1.2578616352201137,-10.389610389610391,6.153846153846148,18.9655172413793,46.36363636363636,30.540540540540533,58.36065573770491,-26.259541984732827,-47.877697714233214,-47.877697714233214,5.141239590626792,4.13800672256634
RUPALIBANK,Rupali Bank PLC,17.2,-2.2727272727272845,-3.3707865168539404,-3.3707865168539404,6.172839506172839,-11.794871794871797,-0.578034682080933,-19.248826291079816,-45.8200000409059,27.184221802882195,-42.637929053070565,2.396732891115948,2.0959102256834883
RUPALIINS,Rupali Insurance Company Ltd.,28.2,-4.406779661016952,-9.615384615384615,-6.312292358803994,7.672727521353384,28.181818473140495,38.36448632721963,22.355372206714872,-35.06578931134869,152.88399806932213,-10.022148813838418,3.325665717084024,3.894789031973353
RUPALILIFE,Rupali Life Insurance PLC,78.7,-1.5018773466833577,-8.060747663551393,-13.038674033149169,-9.54022988505747,-7.411764705882351,0.12722646310433655,-14.918918918918916,1.6126579026876031,193.63675448733702,-21.81124826384844,3.4685074747967235,3.0347886560421236
SAFKOSPINN,Safko Spinning Mills Limited,20.3,1.5000000000000036,-1.9323671497584474,-3.33333333333333,-12.875536480686694,39.041095890410965,47.10144927536231,26.875000000000004,-34.49520766794091,94.36118190134717,2.804659077574076,3.0597527816983328,3.7111311796398248
SAIFPOWER,SAIF Powertec Ltd.,9.4,-2.083333333333326,-5.9999999999999964,-4.081632653061228,54.098360655737714,38.235294117647065,88.00000000000001,59.32203389830508,-68.06410268979897,-39.31422211005683,-31.614903497858183,4.6055461233729496,4.2573071613632605
SAIHAMCOT,Saiham Cotton Mills Ltd.,22.7,9.66183574879227,3.1818181818181785,3.1818181818181785,18.848167539267003,9.66183574879227,15.816326530612232,27.52808988764044,10.19417475728154,73.28244274809161,-12.077464863033136,4.37872834271722,3.9339826742779422
SAIHAMTEX,Saiham Textile Mills Ltd.,35.5,7.575757575757576,13.057324840764336,53.67965367965367,100.56497175141243,66.66666666666667,105.20231213872832,117.79141104294477,44.30894308943088,176.11111169401232,51.47084800528857,4.301347874278794,4.629843628777763
SALAMCRST,S. Alam Cold Rolled Steels Limited,12.4,-1.5873015873015817,-9.489051094890502,-10.144927536231886,-18.42105263157894,-29.94350282485875,-16.778523489932887,-34.391534391534385,-63.20474777448072,-55.714285714285715,-73.94957983193278,2.8564516129032227,4.180222361820112
SALVO,Salvo Organic Industries PLC,33.0,-0.6024096385542254,-4.899135446685887,-12.9287598944591,-12.466843501326267,2.8037383177570048,8.910891089108908,4.430379746835438,-36.781609195402304,213.64224287316668,92.7604943474422,2.6704617183805945,2.8044740262734034
SAMATALETH,Samata Leather Complex (Pvt.) Ltd.,89.6,-0.22271714922049313,-9.76837865055388,-12.840466926070041,-16.26168224299066,-2.6086956521739193,6.66666666666666,-20.14260249554368,2.9885057471264305,251.5076911828677,509.27999805030396,4.574539267730483,4.5045853119492705
SAMORITA,Samorita Hospital Ltd.,98.5,-2.955665024630542,-12.908930150309457,4.6758767268862975,40.11379800853486,42.7536231884058,35.48830811554332,36.99582753824755,47.31432712151215,72.97040891221768,150.91519917851025,8.244455093015235,6.171768979074235
SANDHANINS,Shandhani Life Insurance Co.Ltd,24.9,-2.734375000000011,-11.071428571428575,-12.014134275618382,3.7499999999999942,20.289855072463766,29.015544041450763,4.621848739495789,-39.70944309927361,25.810527311679124,-41.51828822193911,3.111879753171273,2.6352667213865457
SAPORTL,Summit Alliance Port Limited,57.1,-4.833333333333331,-8.051529790660226,6.529850746268656,22.00854700854702,17.7319587628866,35.62945368171021,93.55932203389831,88.44884488448845,44.908325129938135,170.94050696082533,3.273134823122387,2.555276486764193
SBACBANK,SBAC Bank PLC.,6.7,-1.4705882352941124,-5.633802816901401,-16.249999999999996,15.51724137931035,-6.944444444444445,8.064516129032258,-11.842105263157888,-71.03835386734073,-36.02109080974911,-36.02109080974911,4.003511852502195,3.665620226715712
SEAPEARL,Sea Pearl Beach Resort & Spa Ltd.,36.1,-2.1680216802167944,-2.9569892473118315,-9.523809523809517,1.1204481792717047,4.941860465116288,9.393939393939398,-38.18493150684931,-12.590799031476987,50.41666704270835,50.41666704270835,3.9123983579309822,3.0803092180594582
SEMLFBSLGF,SEML FBLSL Growth Fund Units,6.7,-1.4705882352941124,-1.4705882352941124,-12.987012987012987,26.415094339622648,28.846153846153847,36.73469387755101,34.00000000000001,-46.82539682539683,9.836065573770501,9.836065573770501,4.090909090909099,4.691532054451289
SEMLIBBLSF,SEML IBBL Shariah Fund Units,7.9,2.5974025974025996,3.947368421052641,-1.2499999999999956,25.396825396825406,29.508196721311485,36.20689655172415,19.696969696969706,-32.47863247863247,-42.33576642335766,-42.33576642335766,2.4458418774208264,2.765335716731253
SHAHJABANK,Shahjalal Islami Bank PLC,17.5,-0.5681818181818262,-0.5681818181818262,0.0,9.375,-5.913978494623663,6.707317073170741,-5.913978494623663,-14.166666984250002,135.36355709575793,7.571090431233522,1.0046128876106961,1.0763420413545424
SHARPIND,Sharp Industries PLC,25.5,-6.249999999999997,-25.87209302325581,-26.300578034682083,49.12280701754385,52.69461077844312,97.67441860465117,30.76923076923077,56.44171779141104,56.44171779141104,56.44171779141104,11.077880798030051,9.088110790880359
SHASHADNIM,Shasha Denims PLC,26.6,0.7575757575757683,-7.3170731707317,-8.275862068965512,24.29906542056076,43.01075268817204,67.29559748427673,29.756097560975615,-5.338078291814947,-5.773041601172372,-20.309513248865166,5.128971905287696,3.7452233818828775
SHEPHERD,Shepherd Industries PLC,15.0,-0.6622516556291367,-4.458598726114645,-16.666666666666668,-7.975460122699389,15.384615384615385,11.940298507462684,-24.242424242424246,-15.983606902854294,-58.65833358608709,-58.65833358608709,3.416877903133308,3.693671202173422
SHURWID,Shurwid Industries Ltd,6.0,-3.2258064516129057,-4.761904761904759,-1.6393442622950762,0.0,-16.666666666666668,30.43478260869566,3.448275862068969,-77.01149425287356,-32.653061306955436,-80.02631586813321,4.2951977401129895,4.345950143646781
SHYAMPSUG,Shyampur Sugar Mills Ltd.,303.1,-2.852564102564095,-2.414681262073406,5.941978329255504,109.0344827586207,84.36739659367397,99.40789473684212,102.06666666666668,165.87719298245617,1990.3448275862072,3688.7500000000005,4.063513109380265,4.8153864768740835
SICL,"Sikder Insurance Co., Ltd.",36.4,-6.6666666666666705,-11.219512195121954,-6.66666666666667,-4.210526315789477,72.51184834123221,96.75675675675674,65.45454545454544,34.81481481481481,34.81481481481481,34.81481481481481,5.0694931975905515,4.4800544182627835
SILCOPHL,Silco Pharmaceuticals Ltd.,17.1,-0.5813953488371969,-9.042553191489358,-20.093457943925223,4.907975460122704,21.276595744680865,24.8175182481752,6.211180124223602,-47.54601226993865,-29.813432911769038,-29.813432911769038,3.7201582387340895,3.5816010361634167
SILVAPHL,Silva Pharmaceuticals Ltd.,13.2,-1.4925373134328437,-13.157894736842106,-22.35294117647059,7.317073170731695,31.999999999999993,37.49999999999999,7.317073170731695,-42.60869565217392,-63.52631569828948,-63.52631569828948,6.6012159257663345,4.74582155780606
SIMTEX,Simtex Industries PLC,25.3,2.4291497975708563,-2.6923076923076894,-9.318996415770602,4.545454545454551,6.302521008403361,12.444444444444446,27.777777777777775,8.11965811965813,42.82008060268583,-6.090905907988058,2.8789298954466016,2.8031883917652696
SINGERBD,Singer Bangladesh Limited,73.3,-0.2721088435374189,-2.2666666666666706,-6.74300254452926,-10.500610500610511,-16.704545454545457,-13.764705882352944,-32.75229357798165,-60.07625272331155,-45.455065882083055,-27.766828454208955,1.728294173506912,1.8210809165379138
SINOBANGLA,Sinobangla Industries Ltd.,51.1,-0.5836575875486326,-4.841713221601491,-12.499999999999996,-5.018587360594787,2.200000000000003,11.572052401746735,-5.719557195571958,13.70581379614971,115.59803653982105,180.94082896447298,1.8689256822791311,2.2115165756725954
SIPLC,Sena Insurance PLC,151.0,5.080027835768972,2.4423337856173637,23.064384678076607,85.73185731857319,150.0,183.30206378986867,202.0,215.89958158995816,215.89958158995816,215.89958158995816,5.487845345859909,6.8448924726971185
SKTRIMS,SK Trims & Industries Ltd.,13.8,-1.4285714285714235,-3.4965034965034962,-10.967741935483867,18.96551724137932,55.0561797752809,68.29268292682929,53.33333333333334,-67.14285714285714,-62.89333340853618,-62.89333340853618,5.409247794666778,4.305174036984231
SONALIANSH,Sonali Aansh Industries Limited.,219.4,4.030346135609293,-0.6790402897238569,3.735224586288419,11.37055837563452,28.680351906158364,14.033264033264032,-5.144833549502812,258.2040816326531,932.4705882352941,1525.1851851851852,3.4333321877344147,3.189823673778659
SONALILIFE,Sonali Life Insurance PLC,86.4,0.2320185614849221,0.46511627906977404,3.102625298329366,15.817694369973207,41.63934426229509,41.87192118226603,16.28532974427996,21.690140845070427,685.4545454545455,685.4545454545455,2.1508251347463183,2.9298660990255736
SONALIPAPR,Sonali Paper & Board Mills Ltd.,229.7,0.0,-3.8912133891213436,-3.770423125261835,1.1894273127753254,-5.473251028806589,-2.875264270613113,-16.167883211678834,12.013214893277091,52.19153972956542,52.19153972956542,1.8628787089528394,2.621930360688745
SONARBAINS,Sonar Bangla Insurance Ltd.,35.2,-4.607046070460693,-10.432569974554694,-13.086419753086414,-14.444444230555554,32.94964062014389,46.08695685664203,27.010309572962065,-53.90973848428826,291.9302422691072,69.10784936926822,4.237883564064945,4.017610271847056
SONARGAON,Sonargaon Textiles Limited.,103.1,-2.459791863765382,-10.967184801381695,-4.35992578849722,129.1111111111111,145.47619047619045,231.5112540192926,166.4082687338501,277.65567765567766,1188.75,452.32142995223205,4.886534240661185,5.579570501770622
SOUTHEASTB,Southeast Bank PLC,11.4,0.0,2.7027027027027093,8.571428571428575,24.469387682706593,25.75257719124221,34.04395599976575,34.04395599976575,-17.342824536797323,12.601959741101316,-4.201717059515866,2.2316105324954836,3.587183992763078
SPCERAMICS,Shinepukur Ceramics PLC,19.1,-3.0456852791878064,-11.574074074074073,-16.593886462882086,-18.723404255319146,-4.975124378109452,30.82191780821919,-9.90566037735848,-46.348314606741575,117.04545454545453,-15.842912122449755,3.980473018222833,3.4392381822728426
SPCL,Shahjibazar Power Co Ltd,52.1,-0.19157088122605637,-4.40366972477064,-8.916083916083918,-4.40366972477064,5.040322580645161,9.684210526315791,3.992015968063872,-49.59627898912149,-56.84872664937701,100.64109141914223,2.638929030137901,2.3433308819468897
SQUARETEXT,Square Textiles PLC,49.0,-0.8097165991902806,-3.162055335968382,-3.9215686274509802,5.376344086021505,-0.20366598778004363,1.0309278350515463,-13.274336283185841,1.2396694214876063,-16.11413001444146,-35.788580354249305,3.000874540852238,2.326370623197408
SQURPHARMA,Square Pharmaceuticals PLC,217.0,-0.413033501606244,-0.8226691042047584,-0.8679762448606696,2.455146364494801,-3.125,9.045226130653266,-2.3402340234023353,-5.487804878048778,16.536989692805932,107.3074000785905,0.4582008923371244,0.554125470859817
SSSTEEL,S.S. Steel Ltd,6.4,-1.538461538461533,-7.246376811594202,-12.328767123287664,30.612244897959183,23.07692307692308,56.097560975609774,28.000000000000007,-70.71186453832807,-82.83059220142985,-82.83059220142985,4.235582552693206,3.7592022852657574
STANCERAM,Standard Ceramic Industries Ltd.,69.4,-0.7153075822603718,-5.449591280653951,-3.477051460361613,-1.5602836879432544,-3.8781163434903005,-0.9985734664764461,-18.256772673733803,-70.46808510638297,32.1904761904762,183.265306122449,3.7049468054116876,4.087323562153756
STANDARINS,Standard Insurance PLC,48.2,-1.4314928425357787,-6.769825918762089,-5.490196078431367,0.41666666666667257,21.41057934508816,23.27365728900256,10.297482837528603,-50.66530194472876,426.63895303109746,84.66816434463597,3.39272438219188,3.588523365521662
STANDBANKL,Standard Islami Bank PLC,4.6,-2.1276595744680966,-6.122448979591851,-9.803921568627452,4.545454545454529,-24.59016393442623,-4.1666666666666705,-25.806451612903235,-51.19743930927079,-21.186666862649158,-49.220973902289536,2.864734299516916,3.0161671128607095
STYLECRAFT,Stylecraft Limited,54.7,-0.18248175182480714,-4.703832752613232,-6.495726495726491,5.192307692307698,8.102766798418974,15.889830508474576,-34.09638554216867,-70.32013022246338,4.06190635732227,122.72604790613424,2.753127609756818,2.448058958681501
SUMITPOWER,Summit Power Ltd.,15.7,-1.2578616352201324,-5.421686746987964,-7.647058823529415,12.142857142857139,7.534246575342464,26.61290322580644,3.973509933774832,-66.66666666666667,-51.09034267912773,-65.80410963705587,2.681695281315773,2.652342656155139
SUNLIFEINS,Sunlife Insurance Co. Ltd.,51.6,-1.3384321223709288,-12.837837837837839,-26.91218130311614,-26.28571428571428,-2.6415094339622613,-2.0872865275142343,-9.632224168126095,48.703170028818434,204.23121286341785,-44.21008039260705,5.4073908541229665,5.593596033216578
TAKAFULINS,Takaful Islami Insurance PLC,48.4,-4.158415841584161,-9.532710280373834,-9.701492537313436,39.88439306358381,48.92307692307691,42.35294117647058,38.68194842406877,-17.68707482993197,332.58599785282007,57.631901365201394,7.0798526433684295,3.9664784259477246
TALLUSPIN,Tallu Spinning Mills Limited,7.6,-1.2987012987013056,-8.433734939759049,-8.433734939759049,-11.627906976744187,-9.523809523809533,20.634920634920633,35.714285714285715,-37.1900826446281,-46.85314685314686,-66.9565217678639,4.00751879699248,3.57110691314402
TAMIJTEX,Tamijuddin Textile Mills PLC,122.0,-2.2435897435897414,-8.201655379984954,-7.7155824508320645,-0.6514657980456003,4.0955631399317385,-3.1746031746031744,-1.8288223390194893,47.47252732505494,825.5172401027348,825.5172401027348,2.937992595802298,2.630614050162892
TECHNODRUG,Techno Drugs Ltd.,42.7,-1.3856812933025273,-9.341825902335454,-9.915611814345983,-4.89977728285077,36.85897435897437,46.23287671232878,13.866666666666672,61.74242424242426,61.74242424242426,61.74242424242426,3.676175625560031,3.4009612450603144
TILIL,Trust Islami Life Insurance Ltd.,44.8,-0.6651884700665283,-5.084745762711876,-14.990512333965855,-4.477611940298511,-0.8849557522124019,0.9009009009008977,-41.893644617380026,307.27272727272725,307.27272727272725,307.27272727272725,2.752903118874891,3.4030498195304713
TITASGAS,Titas Gas Transmission and Distribution PLC,17.9,-0.5555555555555635,-3.243243243243251,-13.106796116504867,10.493827160493824,4.069767441860461,14.743589743589737,-21.14537444933921,-60.745614035087726,-61.75213675213676,-71.9435736677116,2.26316982706242,2.309951450412553
TOSRIFA,Tosrifa Industries PLC,20.7,-2.358490566037736,0.0,-12.658227848101266,5.0761421319796955,20.348837209302328,21.76470588235294,-3.720930232558143,8.252550564753294,13.0881977760877,-52.32427760547777,3.6409338605288757,3.4988744776709195
TRUSTB1MF,Trust Bank 1st Mutual Fund Units,3.5,-2.77777777777778,-7.894736842105259,-7.894736842105259,16.666666666666668,20.689655172413797,45.83333333333334,0.0,-53.333333333333336,-7.108510855980181,-46.41850043033981,5.142857142857148,5.144097666610626
TRUSTBANK,Trust Bank PLC,14.8,-0.671140939597313,-2.631578947368412,-5.128205128205121,-1.0191080659012453,-18.638743274457926,-10.689654949137918,-17.777777595061725,-31.32954832970408,48.904730250529184,55.922673993116334,1.5214502271069839,1.562006912277175
TUNGHAI,Tung Hai Knitting & Dyeing Ltd,4.5,-4.255319148936174,-19.64285714285714,55.17241379310345,45.16129032258064,45.16129032258064,181.25,104.54545454545452,-40.0,-52.403846181305475,-81.850000036784,10.013642126887833,8.000847956608144
UCB,United Commercial Bank PLC,9.2,0.0,-3.157894736842113,-6.122448979591851,3.3707865168539204,-8.910891089108913,-12.380952380952387,-5.154639175257732,-32.379999717348404,-19.934818448345524,-27.450723967884947,2.6399639008334743,2.376210721585555
UNILEVERCL,Unilever Consumer Care Limited,2002.2,-0.5414534797079065,-1.41802067946824,-2.0689655172413772,-2.326942777696475,-8.458302852962683,-7.305555555555554,-18.741883116883113,13.398938053097346,100.86024202144336,498.78878504672895,0.9020964769311083,0.5223591661603508
UNIONCAP,Union Capital Limited,4.5,0.0,-4.255319148936174,-10.0,-2.173913043478253,-34.78260869565218,60.71428571428573,9.756097560975618,-64.56692913385827,-48.99649510374797,-76.20988744959607,5.061327561327552,4.269556645075692
UNIONINS,Union Insurance PLC,47.4,-3.2653061224489828,-8.846153846153848,-10.227272727272725,22.16494845360825,33.898305084745765,28.804347826086964,27.76280323450134,330.90909090909093,330.90909090909093,330.90909090909093,4.093622855591836,4.4474249652075395
UNIQUEHRL,Unique Hotel & Resorts PLC,42.7,0.47058823529412436,-2.954545454545448,-5.1111111111111045,10.909090909090917,10.62176165803109,11.488250652741531,-2.2883295194508007,-4.47427293064877,-1.3856812933025273,-66.29834254143647,2.2076926737429403,2.3674852949908494
UNITEDFIN,United Finance PLC,16.7,-2.33918128654972,-9.729729729729733,-5.649717514124294,39.166666666666664,21.897810218978105,43.96551724137931,31.496062992125985,-36.981132075471706,-2.583332862486117,-28.365859914173313,3.6762147790605515,4.025440143796083
UNITEDINS,United Insurance Company Limited,60.1,-1.797385620915035,-8.523592085235922,5.253940455341506,43.43675417661098,44.47115384615385,43.77990430622011,34.45190156599552,-12.390670553935852,192.09151525388137,57.42041926199876,3.2722131950653144,5.151746407513873
UPGDCL,United Power Generation & Distribution Co. Ltd.,116.8,-0.5110732538330567,-5.425101214574901,-7.667984189723322,-1.3513513513513584,-5.425101214574901,0.6029285099052566,-21.61073825503356,-60.0,34.79260129707957,109.3961795848822,2.1029297955780986,2.2276249076467636
USMANIAGL,Usmania Glass Sheet Factory Limited,60.0,0.0,-10.447761194029852,-7.6923076923076925,60.857908847185,62.16216216216216,76.47058823529412,63.043478260869584,-15.84852734922861,-28.823529621874858,23.726760080964418,4.751234524146135,5.490804079578342
UTTARABANK,Uttara Bank PLC,20.9,-0.476190476190483,-1.415094339622645,-2.336448598130841,-0.9478672985782125,0.4807692307692205,14.082969432314401,22.652582159624412,56.8475786037794,136.45117780970182,61.273428448486605,0.8629692675745388,1.0081660924763005
UTTARAFIN,Uttara Finance and Investments Limited,12.4,-4.615384615384613,-7.462686567164179,-10.79136690647482,-2.3622047244094406,-16.216216216216218,25.252525252525253,-17.33333333333333,-72.38307349665925,-76.02209938988737,-82.47001221365002,2.6928013529233485,2.4845131447412654
VAMLRBBF,Vanguard AML Rupali Bank Balanced Fund Units,8.0,0.0,-2.439024390243894,-2.439024390243894,35.593220338983045,33.333333333333336,40.35087719298245,35.593220338983045,-13.04347826086956,-27.272727272727273,-27.272727272727273,1.062499999999997,2.29470477393639
VFSTDL,VFS Thread Dyeing Ltd.,14.2,-1.3888888888888962,-7.792207792207799,-17.919075144508675,-8.974358974358976,17.355371900826444,10.937499999999988,75.30864197530865,-45.97826073451087,-40.05699051233402,-40.05699051233402,5.825230281995454,4.405942010406735
WALTONHIL,Walton Hi-Tech Industries PLC,399.1,1.5005086469989914,2.3333333333333393,1.8112244897959242,8.333333333333346,-3.131067961165043,5.02631578947369,-2.006696526564727,-68.43925236800935,16.140211524071436,16.140211524071436,2.585104694351748,1.3486382104335555
WATACHEM,Wata Chemicals Ltd.,136.2,-0.5839416058394243,-5.809128630705398,-2.9914529914530035,-0.1466275659824172,2.022471910112351,-4.084507042253529,-9.139426284189472,-56.33215774286631,32.040483146791885,545.5312502723334,3.6050858591340353,2.9626143372099345
WMSHIPYARD,Western Marine Shipyard Limited,9.1,-3.191489361702135,-8.080808080808088,-9.000000000000004,3.4090909090908967,1.1111111111111072,10.975609756097565,12.345679012345679,-45.833333333333336,-33.64752140950584,-73.56959605028224,3.4387174692223796,3.104439095495116
YPL,Yeakin Polymer Ltd.,23.1,-0.4310344827586115,-2.11864406779661,-7.96812749003984,-10.8108108108108,40.853658536585385,30.5084745762712,24.86486486486487,45.28301886792453,-7.811626965381982,-7.811626965381982,3.1118084354582716,3.9637828796840764
ZAHEENSPIN,Zaheen Spinning PLC,5.7,-3.3898305084745792,-8.064516129032258,0.0,0.0,7.547169811320762,42.50000000000001,-18.571428571428566,-50.862068965517246,-54.664521022754755,-59.94927805127217,6.693121693121693,5.621303890424238
ZAHINTEX,Zahintex Industries Ltd.,8.3,-2.35294117647058,-7.77777777777777,-6.741573033707861,-1.1904761904761862,20.289855072463773,43.103448275862085,40.67796610169492,-23.148148148148145,-51.900488067196356,-65.01148409720122,6.182790777704758,3.930339002092034
ZEALBANGLA,Zeal Bangla Sugar Milla Limited,179.6,-2.0719738276990247,-14.476190476190478,-15.28301886792453,49.41763727121463,32.644017725258486,25.59440559440559,98.45303867403315,9.179331306990878,944.186046511628,1964.3678160919542,6.856835866504376,6.487585768937583
