Symbol,Name,Price,Change %,Perf % 1W,Perf % 1M,Perf % 3M,Perf % 6M,Perf % YTD,Perf % 1Y,Perf % 5Y,Perf % 10Y,Perf % All Time,Volatility 1W,Volatility 1M
1JANATAMF,First Janata Bank Mutual Fund Units,3.4,0.0,-5.555555555555561,0.0,3.030303030303033,3.030303030303033,30.769230769230763,9.677419354838703,-54.66666666666666,-20.71200045257591,-37.46298601980823,3.531448943213652,4.714717028697166
1STPRIMFMF,Prime Finance First Mutual Fund 2009 Units,27.0,4.247104247104253,-18.918918918918912,23.853211009174306,14.893617021276595,49.17127071823204,35.0,24.42396313364056,33.66336633663367,196.70329670329667,-11.764705882352944,8.710197066350208,7.735914703527188
AAMRANET,aamra networks ltd,18.4,1.098901098901095,-5.6410256410256485,5.74712643678161,-12.380952380952387,10.843373493975886,3.3707865168539204,-15.981735159817353,-58.860435457336045,-69.45831204816983,-69.45831204816983,4.036007577397549,3.628489099840532
AAMRATECH,Aamra Technologies Limited,16.2,0.0,-4.142011834319523,-7.4285714285714315,-12.432432432432435,19.117647058823525,31.70731707317072,20.895522388059693,-48.89285734028891,-26.104098472922995,-44.906500119080015,2.3821402344564033,4.022159778379087
ABB1STMF,AB Bank 1st Mutual Fund 2011 Units,3.5,0.0,-5.40540540540541,-2.7777777777777803,-2.7777777777777803,0.0,29.629629629629623,12.90322580645161,-43.54838709677419,-20.038461956721896,-47.791643346063886,4.67226890756303,5.699250489166455
ABBANK,AB Bank PLC,4.1,-2.380952380952394,-6.818181818181833,-8.888888888888896,-16.326530612244913,-37.87878787878788,0.0,-29.310344827586214,-69.09323223545665,-70.93627537714622,-82.18449574734744,3.345487939929235,4.131074273987782
ACFL,Aman Cotton Fibrous PLC,22.0,-0.9009009009008978,0.45662100456621657,-2.2222222222222223,-8.713692946058096,20.879120879120883,22.22222222222222,19.565217391304355,-45.67901234567901,-63.333333333333336,-63.333333333333336,3.0499953047526542,4.730162405101214
ACI,Advanced Chemical Industries PLC,187.6,2.345881069285315,1.6802168021680186,-0.7407407407407437,-5.964912280701757,-9.459459459459458,-3.794871794871798,3.076923076923074,-28.921556357029104,-24.199639504112074,201.2405905815484,2.5258430721392227,2.4289639539253143
ACIFORMULA,ACI Formulations PLC,152.0,2.0819341840161143,-0.718484650555189,-0.6535947712418301,0.0658327847267902,8.649035025017866,17.829457364341085,8.185053380782918,-6.11764682411765,-3.0965389167653754,120.44198950138122,2.088189115068089,2.849868070241583
ACMELAB,ACME Laboratories Ltd.,77.8,0.3870967741935447,-1.1435832274460047,-1.5189873417721556,-7.380952380952384,1.3020833333333335,9.1164095371669,0.2577319587628903,-30.84444444444445,-27.357609710550886,-42.370370370370374,1.9019806738636942,1.5557415075640462
ACMEPL,ACME Pesticides Ltd,25.1,-1.1811023622047132,0.4000000000000057,-0.39682539682538837,6.808510638297879,7.264957264957277,57.86163522012579,53.0487804878049,128.18181818181822,128.18181818181822,128.18181818181822,3.2620315841213943,3.512162246316677
ACTIVEFINE,Active Fine Chemicals Ltd.,4.9,0.0,-12.499999999999988,-18.33333333333333,-28.98550724637681,-31.94444444444444,-9.25925925925926,-40.24390243902438,-85.54572271386431,-81.97169806048326,-83.38260857889694,6.4830244700171376,3.9534257806131117
ADNTEL,ADN Telecom Ltd.,56.2,-1.5761821366024493,-4.4217687074829835,-7.565789473684202,-19.71428571428571,-7.868852459016389,-2.936096718480131,-22.160664819944596,-21.06741573033708,38.76543209876544,38.76543209876544,2.6619993179819708,2.964397868215437
ADVENT,Advent Pharma Ltd.,13.1,0.0,-8.391608391608399,-7.746478873239435,-16.560509554140125,-8.391608391608399,-2.238805970149259,-15.483870967741938,-62.675977775194994,-64.43035622508954,-64.43035622508954,2.3091398604502187,3.961432783044721
AFCAGRO,AFC Agro Biotech Ltd.,5.0,2.0408163265306047,-15.254237288135597,-25.373134328358212,-36.708860759493675,-34.210526315789465,0.0,-35.064935064935064,-85.79545454545455,-84.66666660451556,-78.17874997758302,5.416012558869698,4.71799136264819
AFTABAUTO,Aftab Automobiles Ltd.,25.0,0.8064516129032229,-5.660377358490566,-10.394265232974908,-17.218543046357613,-13.494809688581311,-26.90058479532164,-30.555555555555557,-24.897819781274947,-46.27192955332891,-63.24999970052424,2.9711262283806934,3.041781671788135
AGNISYSL,Agni Systems PLC,26.1,0.3846153846153901,-6.78571428571428,-16.87898089171974,-17.40506329113924,23.11320754716982,25.480769230769237,0.7722007722007832,9.66386554621849,52.59602389532595,40.828025299339274,3.632823838896946,4.010696413480128
AGRANINS,Agrani Insurance PLC,27.1,0.0,-7.823129251700671,-6.551724137931029,-4.912280701754381,25.462962962962962,13.865546218487397,-4.240282685512365,-36.15073091375392,171.68287572317885,64.25859107071076,3.7999142892765008,3.9827490231483447
AIBL1STIMF,AIBL 1st ISLAMIC Mutual Fund 2010- Units,5.6,1.818181818181812,-8.196721311475411,-5.084745762711876,7.692307692307681,36.58536585365854,64.70588235294117,33.33333333333332,-37.07865168539326,-33.333333333333336,-27.27272727272728,5.789413013550944,6.526427570598368
AIL,Alif Industries Ltd.,29.1,1.041666666666669,-7.324840764331202,-13.64985163204748,-20.708446866485016,-1.689189189189189,-28.501228501228503,-46.507352941176464,-51.352583636900064,-73.65330776716473,-73.65330776716473,4.671744433585044,4.596329873504794
AL-HAJTEX,Alhaj Textile Mills Limited,74.5,-2.359108781127126,-1.9736842105263157,-5.095541401273885,-26.600985221674875,-38.27671913835957,-45.69970845481049,-48.691460055096414,7.194244604316546,-0.741241545316819,221.7564883814382,4.767594881629286,6.394422175222484
ALARABANK,Al-Arafah Islami Bank PLC,15.9,-0.6249999999999978,2.5806451612903247,-4.79041916167664,-0.6249999999999978,3.921568627450978,6.000000000000002,-7.017543859649129,-33.86211545378034,25.284049769370853,-11.14101954121703,3.8451088061826324,5.288869948989576
ALIF,Alif Manufacturing Company Ltd.,5.0,4.1666666666666705,-5.660377358490563,-9.090909090909092,-12.280701754385968,-7.407407407407414,25.0,-5.660377358490563,-76.07655502392343,-48.159098321326596,-70.39151975605948,5.85214937038645,4.172037216687235
ALLTEX,Alltex Industries Limited,25.3,10.000000000000004,4.9792531120331915,4.11522633744856,40.555555555555564,83.33333333333333,88.80597014925372,84.67153284671535,42.13483146067416,22.22222222222223,231.08641862494014,3.3794861877223292,3.8183317103025383
AMANFEED,Aman Feed PLC,28.9,0.0,-8.544303797468363,-11.620795107033652,-13.988095238095246,21.42857142857142,25.652173913043473,14.68253968253968,-48.57651245551602,-51.082447616077914,-13.81956855799544,3.7209033324718535,3.8103864074070524
AMBEEPHA,Ambee Pharmaceuticals PLC,752.0,1.2249293310001377,1.3203988143357523,-0.03987770836102014,-0.6605019815059445,-1.0526315789473684,4.444444444444445,-6.9537243256619705,61.72043010752688,64.19213973799127,302.3183252807722,1.9243536250558053,3.3004285872000447
AMCLPRAN,Agricultural Marketing Co. Ltd.,217.5,0.9280742459396751,-0.22935779816513763,0.09203865623561372,-3.7610619469026547,1.6355140186915889,7.513593672763217,-4.814004376367615,-13.861386138613861,-1.1363636363636365,76.82926829268293,1.777331160647239,1.928030688734575
ANLIMAYARN,Anlima Yarn Dyeing Ltd.,25.6,0.3921568627451036,2.4000000000000057,-14.093959731543622,-23.582089552238802,28.643216080402023,23.07692307692308,16.894977168949787,-36.79012345679012,-13.804713804713797,28.000000000000007,3.5063851679894578,6.951465204166743
ANWARGALV,Anwar Galvanizing Ltd.,113.1,-1.222707423580791,-4.233700254022016,5.700934579439247,-1.4808362369338004,18.429319371727743,30.600461893764436,61.571428571428555,-55.355263515052634,209.79565011983317,1299.612491479859,2.766164922078877,3.429002561684497
AOL,Associated Oxygen Ltd,18.3,2.8089887640449436,1.6666666666666705,14.375000000000004,4.571428571428576,13.66459627329192,20.39473684210527,21.19205298013246,-64.90860217726494,40.983199235532695,40.983199235532695,4.184815200580748,4.513915091646322
APEXFOODS,Apex Foods Limited,328.3,-3.099173553719008,24.12098298676749,25.44898739014139,9.433333333333337,39.11016949152543,33.56387306753458,33.455284552845534,109.10828025477707,106.86830497794584,358.5195530726258,8.86065277122498,5.240937657434682
APEXFOOT,Apex Footwear Ltd.,196.3,-0.3047232097511398,-3.72731731240804,-5.123247945867567,-7.75375939849624,2.828706128863282,9.481316229782486,-4.93025958930646,14.384199825956816,4.3590478043413725,47.304051149913974,1.9291447992379755,2.219949133098342
APEXSPINN,Apex Spinning and Knitting Mills Ltd.,391.7,2.2715404699738873,6.701171342958312,37.82547501759325,-9.538106235565822,64.78754732856542,117.61111111111111,139.27916921197314,199.00763358778627,210.87301587301587,459.57142857142856,4.314779178053038,5.659251621073779
APEXTANRY,Apex Tannery Limited.,86.5,0.0,-6.788793103448274,-13.23971915747242,-17.61904761904762,15.333333333333334,45.13422818791946,10.897435897435898,-33.969465648854964,-40.05544005544006,18.331053351573196,5.466697732455553,5.475957517159325
APOLOISPAT,Appollo Ispat Complex Ltd.,2.4,-4.0000000000000036,-11.111111111111121,-20.000000000000004,-27.27272727272727,-42.85714285714286,41.1764705882353,-11.111111111111121,-78.76106194690264,-81.98120492820831,-90.14689884641768,7.274074074074074,5.543706673427531
ARAMIT,Aramit Limited,173.3,-1.5340909090909027,-3.722222222222216,-13.349999999999996,-15.792031098153545,-0.05767012687427584,-4.6230049532195805,-18.791002811621365,-57.47239263803681,-57.92668123330905,-18.25471698113207,4.236625332686315,5.52271006188109
ARAMITCEM,Aramit Cement Limited,10.9,-0.909090909090906,-3.5398230088495604,-6.034482758620683,-9.91735537190082,-10.655737704918025,23.86363636363636,-7.6271186440677985,-81.27147766323024,-69.46778711484595,-69.83963877051569,5.959927224370984,5.798555749806395
ARGONDENIM,Argon Denims Ltd.,21.2,-1.3953488372093057,-0.9345794392523332,-7.017543859649129,-3.63636363636364,23.976608187134488,20.45454545454544,7.614213197969543,-10.155421864487705,12.385708174552061,-45.01745332505289,4.055337932512786,3.9348183224276982
ASIAINS,Asia Insurance PLC,39.1,0.0,-7.1258907363420425,-7.999999999999997,-10.526315789473687,-6.009615384615384,42.18181818181819,32.54237288135594,-51.125,157.23684210526318,18.314121315348725,4.559512171327582,4.109070904846183
ASIAPACINS,Asia Pacific General Insurance PLC,46.4,1.9780219780219748,-5.306122448979594,-6.827309236947789,-1.276595744680854,19.28020565552699,46.83544303797468,25.745257452574528,-28.61538461538462,186.41975308641977,36.873156342182895,3.3186199027594494,3.277675782333073
ASIATICLAB,Asiatic Laboratories Ltd,106.3,2.4084778420038537,0.28301886792452563,0.8538899430739957,-25.14084507042254,19.707207207207208,120.5394190871369,83.27586206896552,85.51483420593368,85.51483420593368,85.51483420593368,3.1774524691898516,4.791823878576433
ATLASBANG,Atlas Bangladesh Limited,78.0,0.38610038610038244,-2.6217228464419406,-9.196740395809087,-4.645476772616133,2.6315789473684212,37.566137566137556,18.181818181818183,-30.604982206405698,-17.07196648856052,-30.655916065334758,3.358852087651194,3.113202882661812
AZIZPIPES,Aziz Pipes Limited.,86.3,5.501222493887531,16.621621621621617,11.64294954721863,13.25459317585301,68.22612085769981,84.40170940170941,69.88188976377953,-32.31372549019608,80.00547431897607,455.0168790537045,4.909139457167254,6.285236660942623
BANGAS,Bangas Limited,116.9,-0.42589437819420783,-1.3502109704641303,-6.028938906752411,-13.535502958579869,-14.04411764705882,-10.352760736196318,-1.7647058823529365,-12.696041822255413,-20.024504289381483,-16.62544327963286,3.448117326152872,3.685223942879918
BANKASIA,Bank Asia PLC,16.5,2.484472049689432,1.2269938650306704,-2.9411764705882355,-9.836065573770494,-19.358108450654516,-2.7038047745545133,0.013966071451256723,-3.4669122474659626,39.323573395024745,41.94246255608378,1.73924618004465,1.5659123220436368
BARKAPOWER,Baraka Power Ltd.,9.3,0.0,-6.999999999999993,-10.576923076923073,12.048192771084336,17.721518987341774,36.764705882352956,12.048192771084336,-70.38216560509555,-59.09127020942222,-59.01408411059057,4.59144813822186,3.869898662726422
BATASHOE,Bata Shoe Co. (Bangladesh) Ltd.,884.4,-0.4054054054054079,-1.0738255033557071,-2.384105960264903,2.0186872765024804,4.047058823529409,9.986320109439118,1.1320754716981105,-2.384105960264903,-25.05084745762712,71.72815533980582,0.6532438554918827,1.4698040074822372
BATBC,British American Tobacco Bangladesh Co Ltd,222.6,1.319981793354577,-1.3735046521931744,-4.831124412141945,1.6438356164383536,1.2278308321964477,-10.24193548387097,-18.161764705882355,-67.25989116046476,-21.985979749042187,139.06921718903268,1.1915517729109646,1.6885957941245848
BAYLEASING,Bay Leasing and Investment Ltd.,4.0,0.0,-9.090909090909099,-16.666666666666664,-11.11111111111111,-20.0,21.212121212121218,0.0,-86.75078861260437,-77.39874998079954,-84.75575516384988,7.065978736710447,5.497985859246313
BBS,Bangladesh Building Systems PLC,10.5,1.941747572815527,-8.695652173913043,-18.6046511627907,-32.692307692307686,-10.25641025641025,14.130434782608702,-4.545454545454546,-51.16279069767442,-57.63332683203956,-51.57489237273093,6.432617185044361,4.912007700335729
BBSCABLES,BBS Cables PLC,15.2,-0.6535947712418394,-9.523809523809533,-15.555555555555559,-34.48275862068966,-25.123152709359612,0.0,-12.643678160919539,-79.68727262607841,-47.4184892836598,-47.4184892836598,4.307144128747417,4.537028220645557
BDAUTOCA,Bangladesh Autocars Limited,196.7,3.5808320168509646,8.136338647608566,3.690036900369004,-4.60717749757517,-12.577777777777781,54.88188976377952,55.00394011032307,32.01342281879194,497.28575262352996,811.1138602014825,5.637703786037828,5.123748877829345
BDCOM,BDCOM Online Ltd.,27.1,0.0,-5.574912891986055,-9.666666666666663,-22.126436781609183,-8.445945945945946,4.230769230769236,4.61397084977023,9.844669670000178,46.37625733160796,125.35714748337942,2.820257851000746,3.688624921582912
BDFINANCE,Bangladesh Finance PLC,10.2,-3.7735849056603805,-11.304347826086962,-20.312500000000007,-20.930232558139544,-24.44444444444445,-21.538461538461544,-26.61870503597123,-83.81437131796307,7.4240715840648255,-37.219034251285926,5.267428629655421,3.7960503531985417
BDLAMPS,Bangladesh Lamps PLC,267.1,8.533116619260475,19.507829977628642,13.707960834397623,43.602150537634415,66.93750000000001,98.58736059479556,62.07524271844661,31.64302154629053,54.652056155125535,138.16416647613534,7.175709022573249,3.7816313735139806
BDTHAI,Bangladesh Thai Aluminium Ltd.,13.5,0.7462686567164152,-9.395973154362418,-19.161676646706585,-27.807486631016037,6.2992125984252025,20.535714285714292,12.5,-55.29801324503311,-31.75970129524854,-15.263355387279525,5.216343019498756,5.14653041334765
BDTHAIFOOD,BD Thai Food & Beverage Ltd.,17.4,1.754385964912264,-10.309278350515465,-31.496062992125985,-28.9795918367347,-2.2471910112359668,20.83333333333332,19.178082191780813,43.801652892561975,43.801652892561975,43.801652892561975,4.570420345728142,5.619225040768073
BDWELDING,Bangladesh Welding Electrodes Ltd.,11.0,8.910891089108915,-5.982905982905978,-14.062500000000004,-23.07692307692308,-33.333333333333336,-39.226519337016576,17.021276595744677,-46.34146341463415,4.811320704288899,-49.93347626855537,6.905789905271609,5.147157552905134
BEACHHATCH,Beach Hatchery Ltd,23.4,2.183406113537118,-12.359550561797755,-18.750000000000007,-29.51807228915664,-24.75884244372991,-50.0,-55.84905660377358,5.882352941176458,108.92857142857143,3.6708863121615005,6.687008683745207,4.302943960239824
BEACONPHAR,Beacon Pharmaceuticals PLC,102.7,0.785083415112853,-2.0038167938931246,-2.1904761904761876,-9.43562610229277,1.683168316831686,-1.9102196752626552,-15.053763440860216,-57.22615576842981,440.5263157894737,566.8831168831168,2.2263389756029635,2.815296525899286
BENGALWTL,Bengal Windsor Thermoplastics PLC,20.6,0.0,-6.363636363636357,-8.035714285714274,-18.577075098814227,3.000000000000007,18.390804597701166,7.2916666666666785,-21.96969696969696,-51.16379314765346,-58.38731226985632,3.7165929686678596,4.212397725579825
BERGERPBL,Berger Paints Bangladesh Ltd.,1463.1,0.8130641493833085,-0.03416233943700465,-2.133779264214053,4.964488126838353,4.881720430107521,5.944967414916721,2.601683029453009,-19.30840502978161,17.282565130260515,457.3714285714285,0.9315297748362518,1.3715712034863352
BESTHLDNG,Best Holdings PLC,14.3,-0.694444444444442,-4.02684563758389,-2.054794520547938,2.142857142857148,10.000000000000004,5.925925925925931,-11.180124223602487,-51.36054421768707,-51.36054421768707,-51.36054421768707,5.148390481538719,4.161863718622345
BEXIMCO,Bangladesh Export Import Company Ltd.,22.5,9.75609756097561,4.651162790697675,3.6866359447004644,-18.772563176895304,-79.56403269754769,-79.56403269754769,-79.56403269754769,-84.1229838312752,14.742566937501316,-43.34444250864574,4.761082615560221,4.787349930908162
BGIC,Bangladesh General Insurance Company PLC,39.1,-1.0126582278480976,-7.565011820330959,-7.345971563981045,-6.009615384615384,16.369047619047617,26.53721682847897,11.714285714285717,-31.881533101045292,152.25806451612902,24.920127795527158,4.827177417215343,4.8229855999864295
BIFC,Bangladesh Industrial Finance Company Ltd.,3.0,3.448275862068969,-14.285714285714286,-28.571428571428573,-33.333333333333336,-50.0,76.47058823529412,-18.918918918918923,-58.33333333333333,-63.85542168674699,-85.27360464458728,8.933841834842951,7.180465292277305
BNICL,Bangladesh National Insurance Company Ltd,161.6,2.9299363057324803,-6.966033390903855,35.912531539108485,41.50612959719789,126.64796633941094,259.1111111111111,244.56289978678035,26.15144418423107,977.3333333333334,336.7567567567568,7.621809785075662,7.314660606586487
BPML,Bashundhara Paper Mill Ltd.,25.5,-1.544401544401539,-4.494382022471908,-0.7782101167315147,-10.839160839160842,-8.928571428571429,-1.544401544401539,-26.08695652173913,-51.52091254752852,-83.54838709677419,-83.54838709677419,4.6540694390425275,4.035535918853069
BPPL,Baraka Patenga Power Ltd.,17.5,-0.5681818181818262,-8.376963350785347,-13.366336633663364,-16.666666666666668,17.4496644295302,17.4496644295302,29.62962962962963,-68.12386156648452,-45.141065830721,-45.141065830721,3.7676257745648103,3.5298758932152565
BRACBANK,BRAC Bank PLC,66.4,0.6060606060606146,0.7587253414264036,6.240000000000009,6.581059390048168,4.602764673786785,20.82281363076467,9.555262852345328,154.4946379453478,289.81293680271426,908.6413433099995,1.3867368661574362,1.3715001706186323
BSC,Bangladesh Shipping Corporation,107.4,-1.1049723756905974,-3.935599284436486,-4.787234042553184,-8.673469387755093,-3.243243243243238,-4.363312555654489,-6.282722513088996,81.11298482293425,147.50617365434135,115.05730139421021,1.7906600858232047,2.1396614253964676
BSCPLC,Bangladesh Submarine Cables PLC,151.5,5.135322692574605,2.711864406779661,2.503382949932333,-2.822322001282877,6.7653276955602495,18.08261886204208,14.253393665158375,-32.335864225100494,24.18032786885246,246.12748457847835,2.2413015011831403,1.9570201023975384
BSRMLTD,Bangladesh Steel Re-Rolling Mills Ltd.,99.6,-1.8719211822660156,4.402515723270428,2.6804123711340146,-5.323193916349818,23.726708074534155,30.537352555701176,12.542372881355927,-19.02439024390244,-30.09512775103227,120.94599933388461,4.026376496576808,2.5474593173080318
BSRMSTEEL,BSRM Steels Limited,90.2,-0.7700770077007731,7.380952380952384,-0.1107419712070812,1.5765765765765831,28.85714285714286,42.0472440944882,36.66666666666667,11.910669975186117,-4.8705657680543935,60.27846178639999,3.844489904002427,2.904184688407016
BXPHARMA,Beximco Pharmaceuticals Plc,144.6,1.4025245441795233,-2.032520325203252,-3.8563829787234116,-6.649451258876701,20.90301003344482,40.388349514563096,20.60050041701417,-42.43630573248408,95.40540522056244,229.01247783963308,2.8497378739548744,2.0312984733609736
CAPITECGBF,CAPITEC GRAMEEN BDT10 (MUTUAL FUND) Units,8.2,2.499999999999991,-9.890109890109894,0.0,5.128205128205121,20.588235294117638,20.588235294117638,13.888888888888877,-43.055555555555564,-43.055555555555564,-43.055555555555564,4.623217085537526,4.973431668989225
CAPMIBBLMF,CAPM IBBL Islamic Mutual Fund Units,16.5,2.484472049689432,-2.9411764705882355,30.952380952380956,26.923076923076923,85.39325842696628,120.0,94.11764705882354,-14.50777202072539,65.0,65.0,7.064663489937825,6.07953232313725
CENTRALINS,Central Insurance PLC,43.0,2.8708133971291936,-2.714932126696839,-0.6928406466512637,1.415094339622645,8.585858585858583,5.6511056511056434,-1.376146788990829,-20.07434944237918,216.5407617566535,63.32376092897135,3.012944347783148,2.9297526172971082
CENTRALPHL,Central Pharmaceuticals Ltd.,8.6,-1.1494252873563178,-8.510638297872347,-15.68627450980392,-19.626168224299064,-7.5268817204301195,-2.2727272727272845,-13.131313131313137,-54.255319148936174,-34.962499971139614,-74.86951006249626,3.0075253692641324,4.261029067573391
CITYBANK,City Bank PLC,29.9,0.0,-0.6644518272425344,-0.3333333333333381,-0.993377483443711,9.158729831253957,40.92213071149094,34.84313685037254,77.55551706737857,131.65673950391013,194.5211479846488,1.0126065662978365,1.2258328647488181
CITYGENINS,City Insurance PLC,130.4,-0.15313935681469268,-1.2121212121212077,1.8750000000000044,21.869158878504678,31.055276381909554,50.403690888119954,88.16738816738818,211.21718377088305,1043.3623166035666,443.9277470940934,1.7648352118409885,1.2956713417567705
CLICL,Chartered Life Insurance PLC,46.6,-1.6877637130801628,-4.897959183673467,5.909090909090912,-14.96350364963503,-24.717285945072696,-16.487455197132608,-26.148969889064976,323.6363636363636,323.6363636363636,323.6363636363636,4.703986763138795,5.141362804414871
CNATEX,C & A Textiles Ltd,2.8,0.0,-9.677419354838719,-9.677419354838719,-12.50000000000001,-28.205128205128208,16.666666666666664,0.0,-64.1025641025641,-66.52173915590738,-83.65118479916309,6.46049990877577,6.7208516421928195
CONFIDCEM,Confidence Cement PLC,58.9,-0.5067567567567639,-1.5050167224080244,-5.760000000000002,-12.351190476190482,-5.1529790660225485,19.23076923076923,3.697183098591552,-59.158962058886196,21.673374690582996,9.837443308394311,2.0300158486693847,3.3145080125704602
CONTININS,Continental Insurance PLC,31.1,0.6472491909385205,-9.593023255813945,-11.142857142857139,-14.560439560439555,23.412698412698422,28.512396694214885,7.9861111111111125,-30.224358799919866,145.71459194442,35.450169133621024,3.9485726996463093,3.9884053603045078
COPPERTECH,Coppertech Industries Ltd,20.6,0.0,-7.2072072072071975,-13.4453781512605,-25.090909090909086,0.0,8.994708994709011,0.0,-54.46315778592775,-20.50974939897421,-20.50974939897421,3.4383371661558346,3.9930993216156283
CROWNCEMNT,Crown Cement PLC,57.8,0.3472222222222148,-1.8675721561969465,-2.0338983050847506,-12.951807228915674,14.910536779324056,23.504273504273506,3.3989266547406056,-31.59763313609468,-27.295597484276737,-28.465346534653467,4.607336118111371,4.517721286903592
CRYSTALINS,Crystal Insurance Company Ltd,64.8,-0.6134969325153461,-9.370629370629374,5.882352941176461,-10.249307479224385,-18.592964824120603,12.69565217391304,6.754530477759463,34.23728800413674,375.1999995248,375.1999995248,4.753687393765557,4.96162487123983
CVOPRL,CVO Petrochemical Refinery PLC,157.0,1.0296010296010258,-2.484472049689441,-1.0088272383354315,-7.0455891059798725,1.3557133634602931,6.440677966101695,-22.27722772661994,-17.76190484414286,-27.53846184391479,31.066963745940743,2.74372002226687,3.2774177446420976
DACCADYE,Dacca Dyeing and Manufacturing Company Limited,14.9,-0.6666666666666643,-3.2467532467532467,-6.289308176100628,-16.292134831460675,-12.352941176470587,-23.195876288659786,-29.047619047619047,-41.10671936758893,58.51063829787234,-46.95792885751929,3.2148566396686715,4.366620012811814
DAFODILCOM,Daffodil Computers PLC.,155.3,-0.32092426187419765,0.0,-5.477784540474741,-8.647058823529406,65.21276595744682,330.19390581717454,187.59259259259264,102.2135416666667,446.830985915493,889.1719745222931,3.4562944119905494,3.0825233075235756
DBH,DBH Finance PLC,39.8,1.0152284263959355,-0.5000000000000071,-4.326923076923087,-3.8647342995169116,5.0131926121372,13.714285714285706,5.570291777188314,-50.70485745790945,-43.17153696625518,16.05519174818986,1.9480918946087833,2.396483887810283
DBH1STMF,DBH First Mutual Fund Units,5.4,3.8461538461538494,-5.263157894736839,1.8867924528301987,10.204081632653061,10.204081632653061,-16.92307692307692,-11.475409836065563,-31.645569620253163,-22.857142857142854,-27.027027027027025,5.772521596051005,5.9369341892654
DELTALIFE,Delta Life Insurance Company Ltd.,69.0,-0.5763688760806998,-3.8997214484679628,-9.210526315789474,-14.603960396039602,-4.166666666666667,1.769911504424783,-17.759237187127535,-61.38780078343592,-29.949238578680202,-97.95038140728595,2.2555980605053754,3.001354256408756
DELTASPINN,Delta Spinners Limited,7.4,1.3698630136986376,-5.128205128205121,1.3698630136986374,1.3698630136986374,27.586206896551733,48.00000000000001,42.307692307692314,-32.72727272727272,5.341176297085125,-52.7680642624748,4.402896046731662,4.218725980679794
DESCO,Dhaka Electric Supply Co. Ltd.,25.3,4.545454545454551,9.051724137931041,9.52380952380952,-2.3166023166023084,5.857740585774068,23.414634146341466,13.96396396396397,-42.5,-53.663003663003664,-61.94126064983883,4.774979345060987,3.3024475738094523
DESHBANDHU,Deshbandhu Polymer Limited,15.9,1.2738853503184782,-6.470588235294116,-14.51612903225807,-24.64454976303318,-7.558139534883715,-6.470588235294116,-23.188405797101446,-27.397260273972595,52.08695644238942,-26.568628929614178,3.7508598824499355,4.442284840573973
DGIC,Desh General Insurance Company Ltd,39.6,4.210526315789478,-5.489260143198084,29.836065573770494,29.836065573770494,95.07389162561576,101.01522842639595,70.68965517241381,-8.755760368663589,164.0,164.0,5.8628437447056605,5.258880829628662
DHAKABANK,Dhaka Bank PLC,11.1,-0.8928571428571397,-2.631578947368427,-7.500000000000003,-8.264462809917356,-11.200000000000003,-1.7699115044247882,-2.631578947368427,-8.647781550384822,4.721925390073649,-13.327945855708542,1.8050778050778118,1.8249319080915811
DHAKAINS,Dhaka Insurance Limited,42.4,0.0,-9.4017094017094,-5.9866962305986755,-3.63636363636364,11.57894736842105,17.777777777777775,5.735660847880292,-44.06332453825858,146.51162790697674,-11.043137326067454,3.866256838353036,4.017735943428521
DOMINAGE,Dominage Steel Building Systems Ltd,65.1,-0.4587155963302926,4.3269230769230695,5.169628432956374,-20.024570024570036,32.31707317073169,125.25951557093424,232.14285714285708,99.8684215523026,392.15599916333474,392.15599916333474,3.0118124538653035,4.241479923379501
DOREENPWR,Doreen Power Generations & Systems Ltd.,31.4,0.31948881789136696,-0.317460317460322,1.2903225806451568,0.31948881789136696,10.563380281690142,11.347517730496453,12.142857142857139,-58.008357942615405,1.555956927984052,-21.012033511810998,3.996070746110685,4.104987685640904
DSHGARME,Desh Garments Limited.,152.2,2.3537323470073974,-0.5228758169934715,-7.701637355973328,2.147651006711402,34.09691629955946,30.75601374570445,22.248995983935735,-11.884210614431588,50.497386570116014,1391.8871427134054,4.10104582377783,4.906298175698373
DSSL,Dragon Sweater & Spinning Ltd.,10.2,-1.9230769230769333,-9.734513274336296,-13.559322033898317,-23.88059701492538,8.510638297872328,19.999999999999993,0.9900990099009866,-50.0199997421032,76.85828270382085,12.318207612828992,5.719891543431839,4.678895230280542
DULAMIACOT,Dulamia Cotton Spinning Mills Limited,209.0,0.6259027443428076,0.4807692307692308,18.01242236024845,9.481403876375063,73.01324503311258,54.81481481481482,54.70022205773502,294.33962264150944,2614.285714285714,2171.739130434783,3.547025321091146,5.291213651481157
DUTCHBANGL,Dutch-Bangla Bank PLC,45.5,0.2202643171806199,-0.6550218340611292,2.7088036117381558,-2.3605150214592303,13.750000284375004,23.769430361237045,19.736842420360116,-9.293904114050173,112.43853715986819,99.06956025079124,1.1493749330623444,2.131228684945555
EASTERNINS,Eastern Insurance PLC,59.5,0.847457627118644,-7.608695652173921,0.16835016835017075,2.0583190394511197,10.185185185185185,18.762475049900196,10.389610389610391,-46.3963963963964,146.88796680497924,63.013698630136986,3.9841209230212695,3.730290528122119
EASTLAND,Eastland Insurance PLC,26.4,0.0,-6.049822064056949,-8.965517241379315,-3.2967032967033045,30.04926108374383,41.17647058823529,19.999999999999996,-33.16455696202532,69.19499739536157,-25.68931162423023,3.2562119068739035,2.9335435124344
EASTRNLUB,Eastern Lubricants Blenders PLC,2011.5,0.28917584883082986,2.832166044680747,-1.3970588235294117,7.492117779084062,25.475640945667774,21.101745936183022,18.230798781886758,82.70972328729673,242.07493338110572,1573.3165490568886,3.6567910489603292,2.6180543704486294
EBL,Eastern Bank PLC,22.9,0.43859649122806077,0.0,-4.184100418410042,-6.530612244897965,-13.916058725615178,-3.3319675871091117,-2.9341567500873955,-8.892341305090486,62.46800471999775,73.23922151710413,1.235819266305404,2.016027751866217
EBL1STMF,EBL First Mutual Fund Units,4.2,0.0,-10.638297872340425,0.0,-4.545454545454549,10.526315789473694,35.483870967741936,5.000000000000004,-44.73684210526315,-4.046154348066273,-38.74346884140965,6.172035565115543,6.4433988649850695
EBLNRBMF,EBL NRB Mutual Fund,3.3,0.0,-8.333333333333341,-5.71428571428572,3.124999999999989,6.451612903225797,43.47826086956522,9.999999999999995,-52.857142857142854,-25.30576932126416,-51.96663011754182,4.172141583906295,5.207919898905384
ECABLES,Eastern Cables Ltd.,132.2,-0.899550224887569,10.627615062761496,-2.722590139808695,-4.960460100647021,0.2274450341167422,17.930419268510256,4.505928853754932,-4.617604617604622,-2.4026847622281107,218.649401743618,5.5421188003967,4.923318271663938
EGEN,eGeneration PLC,21.2,-0.9345794392523332,-7.423580786026199,-13.469387755102042,-24.014336917562723,-2.752293577981658,7.070707070707063,-17.187500000000007,-65.97110754414123,41.33333333333333,41.33333333333333,3.086113986734175,3.650454932186424
EHL,Eastern Housing Ltd.,75.6,-2.3255813953488516,-11.371629542790155,-13.895216400911165,-21.73913043478261,-1.8181818181818257,3.278688524590152,-8.029197080291981,18.867924528301877,122.35294117647057,93.38515175958489,3.946367529257743,3.4464770002594216
EIL,Express Insurance Ltd.,31.6,0.9584664536741236,-5.671641791044772,-0.9404388714733454,-3.658536585365841,14.492753623188404,12.05673758865249,-7.602339181286553,-6.508875739644958,110.66666666666669,110.66666666666669,3.5264789753211856,3.470075134445174
EMERALDOIL,Emerald Oil Industries Ltd.,27.4,-0.7246376811594305,-1.438848920863317,-6.484641638225264,-4.861111111111119,76.77419354838709,90.27777777777776,71.24999999999999,-22.598870056497177,-24.650000075349997,-36.24230782350141,4.235217134852173,5.348276877849398
ENVOYTEX,Envoy Textiles Ltd.,71.2,-1.6574585635359154,-2.4657534246575303,9.370199692780353,20.067453625632385,43.54838709677419,46.80412371134022,27.37030411449017,51.167728237791934,99.34734937733906,58.90173150735438,2.3292967831739375,4.573460344714409
EPGL,Energypac Power Generation PLC,15.4,0.6535947712418277,-6.666666666666665,-13.483146067415731,-24.878048780487802,-6.666666666666665,-1.2820512820512775,-16.756756756756754,-72.15189873417722,-66.88172043010752,-66.88172043010752,3.6281870256297832,3.502283140631935
ESQUIRENIT,Esquire Knit Composite PLC,22.4,-1.3215859030837036,-4.6808510638297935,-10.756972111553795,-17.647058823529413,10.344827586206884,8.737864077669888,-12.156862745098044,-47.906976744186046,-52.64270613107823,-52.64270613107823,2.922438506572528,4.115665046926555
ETL,Evince Textiles Ltd.,16.0,-0.6211180124223691,0.0,16.78832116788322,12.676056338028173,64.94845360824743,60.0,63.26530612244896,22.137404580152676,17.84347877425724,22.580905102008046,5.9781271774034765,4.78598785085949
EXIM1STMF,EXIM Bank 1st Mutual Fund 2013- Units,5.4,0.0,-18.181818181818173,-21.73913043478261,50.00000000000001,45.94594594594595,92.85714285714289,42.105263157894754,-20.588235294117638,-7.505714147104984,-30.73399621873806,7.825096817722217,7.282440805466384
FAMILYTEX,Familytex (BD) Ltd.,2.2,4.761904761904765,-4.347826086956506,-8.333333333333321,-11.999999999999993,-43.589743589743584,69.23076923076924,22.22222222222223,-66.15384615384616,-70.72672391503775,-93.2818884454254,7.48917748917748,6.954468456444738
FARCHEM,FAR Chemical & Textile Ind. PLC,15.5,1.3071895424836555,-3.72670807453417,-2.5157232704402537,-21.71717171717172,-6.626506024096393,6.896551724137931,-26.886792452830186,2.6490066225165587,-0.9735999022569826,-31.231666584144666,3.1467595012486687,5.059702542577734
FAREASTLIF,Fareast Islami Life Insurance Company Limited,17.1,-2.2857142857142776,-4.999999999999992,-13.636363636363633,-25.652173913043473,-19.718309859154925,-17.788461538461537,-38.92857142857142,-72.37479806138934,-67.73584892876468,-78.25433519475291,3.478719117984749,5.226753451622551
FBFIF,First Bangladesh Fixed Income Fund Units,3.3,0.0,-5.71428571428572,-5.71428571428572,0.0,-2.941176470588238,26.923076923076913,6.451612903225797,-42.10526315789474,-39.31093759928351,-56.00304775687579,4.2624777183600715,4.993306275678321
FEDERALINS,Federal Insurance PLC,26.7,1.1363636363636391,-5.319148936170213,-7.291666666666671,-1.1111111111111138,31.527093596059107,39.0625,13.617021276595743,-26.446280991735534,184.68436136424552,38.31878202564503,2.570428600524092,3.149180151311231
FEKDIL,Far East Knitting & Dyeing Industries PLC.,18.5,-3.64583333333333,-16.666666666666664,-19.565217391304348,-17.77777777777778,29.370629370629366,30.281690140845075,-7.035175879396978,0.0,10.724839760193964,-22.23709341832955,6.486680067099666,5.027042572831233
FINEFOODS,Fine Foods Limited,461.4,-2.1213406873143827,2.4422735346358793,2.9221503457506057,-10.875024145257884,-5.836734693877555,21.357180431351917,49.03100775193797,867.2955974842766,5608.357385954111,2893.501303306497,3.3620117140658956,3.392561686726687
FIRSTFIN,First Finance Ltd.,4.4,0.0,-2.2222222222222143,-4.347826086956506,4.761904761904766,-19.999999999999996,76.00000000000001,69.23076923076924,-43.589743589743584,-36.318918929589806,-87.08088770512603,6.192858820765788,6.0701603339779036
FORTUNE,Fortune Shoes Ltd.,13.9,-0.7142857142857117,-9.74025974025974,-18.713450292397667,-19.653179190751448,-4.137931034482756,0.0,-9.74025974025974,-82.68389821803464,-47.03562044663276,-47.03562044663276,4.019936678722552,4.64589863358961
FUWANGCER,Fu-Wang Ceramic Industry Ltd.,11.7,0.8620689655172384,-7.142857142857145,-17.021276595744684,-25.000000000000004,-4.0983606557377055,1.7391304347826024,-8.59375000000001,-48.458149779735685,-4.461963465603219,-23.183991361016933,3.7529286204355428,4.177564528930528
FUWANGFOOD,Fu-Wang Foods Limited,9.2,-1.0752688172043163,-5.154639175257732,-8.000000000000007,-25.203252032520332,-10.67961165048545,-17.857142857142858,-33.33333333333334,-52.577319587628864,-12.53428594194648,-44.77654933958768,4.400913096565274,3.522228853406726
GBBPOWER,GBB POWER Ltd.,11.7,-2.500000000000006,-11.363636363636365,-16.428571428571434,34.48275862068966,36.04651162790697,82.81249999999997,77.27272727272727,-72.53521126760563,-24.631901676345556,-55.71238245905904,5.5689445645632265,4.955964426559555
GEMINISEA,Gemini Sea Food PLC,106.0,1.241642788920723,-1.942645698427377,-6.525573192239864,-11.073825503355707,-9.401709401709402,-22.457937088514992,-38.372093023255815,26.88999014681629,-10.563493255292444,498.2577110000764,3.25326986928929,4.335663812706365
GENEXIL,Genex Infosys PLC,31.0,0.32362459546926026,-9.883720930232554,-13.88888888888889,-27.058823529411764,16.9811320754717,15.241635687732346,0.9771986970684062,-74.70400009333213,-7.351288023703089,-7.351288023703089,5.158011187842449,4.188995322007337
GENNEXT,Generation Next Fashions Ltd.,2.7,0.0,-6.896551724137922,-9.999999999999995,-9.999999999999995,-24.999999999999996,0.0,-6.896551724137922,-60.29411764705882,-57.0131579937197,-87.88048394181023,3.5997080824666994,5.523695197340522
GHAIL,Golden Harvest Agro Industries Ltd.,11.7,-0.847457627118656,-7.142857142857145,-13.97058823529412,-25.000000000000004,-4.878048780487816,9.345794392523365,-3.3057851239669453,-37.765957446808514,-18.39909081689774,-68.28444666407296,4.862163698370599,4.419118516359023
GHCL,Global Heavy Chemicals Ltd.,18.9,0.0,-3.571428571428586,-9.134615384615396,-9.569377990430622,1.6129032258064362,-5.025125628140704,-10.000000000000007,-55.424528301886795,-53.90243902439025,-77.0909090909091,4.156676998452905,4.984266247130786
GLDNJMF,ICB AMCL CMSF GOLDEN JUBILEE MUTUAL FUND,8.3,0.0,-11.702127659574465,1.2195121951219687,18.57142857142858,38.33333333333334,36.065573770491824,22.05882352941178,-24.54545454545454,-24.54545454545454,-24.54545454545454,4.526822450087483,5.987086200122543
GLOBALINS,Global Insurance PLC,41.3,-0.24154589371981022,-8.628318584070808,-9.42982456140352,0.24271844660192793,45.4225352112676,61.96078431372548,41.438356164383556,-14.492753623188406,302.80792704894463,74.3647718474493,3.7959262860977083,3.553508291705562
GOLDENSON,Golden Son Limited,11.2,1.818181818181812,-8.196721311475411,-18.840579710144933,-34.117647058823536,-13.84615384615385,10.891089108910888,-5.88235294117648,-32.93413173652695,-50.66079295154185,-71.71717171717171,3.9673866152828525,4.101106189464655
GP,Grameenphone Ltd.,242.0,-0.24732069249793665,0.0,-0.9819967266775801,-6.635802469135799,-2.4193548387096775,-6.923076923076923,-18.353576248313086,-35.77494692144374,-11.029411764705882,41.02564102564103,0.7890913542928085,0.8755606375166581
GPHISPAT,GPH Ispat Limited,15.3,0.0,-3.773584905660375,-11.04651162790697,-20.72538860103627,-6.707317073170719,-4.968944099378886,-21.538461538461537,-76.46031247477576,-31.04759198359502,-18.29774524893818,3.52398559724707,3.868369373411422
GQBALLPEN,G.Q. Ball Pen Industries Limited,571.3,-1.9564098163720764,-2.922684791843678,2.918393082327496,-8.592000000000008,-5.036569148936182,27.60777306231851,12.019607843137246,388.7082976903336,736.4568081991215,321.1506397621891,2.9711723688173803,4.217341863349261
GRAMEENS2,Grameen Mutual Fund One - Grameen Two Units,11.9,0.8474576271186409,-5.55555555555555,-0.8333333333333304,-9.160305343511444,-4.799999999999997,9.174311926605505,-4.799999999999997,-29.58579881656804,17.86666685525333,-35.01187221959388,2.882901965653712,3.6110541891305186
GREENDELMF,Green Delta Mutual Fund 2010 Units,4.5,2.2727272727272645,-8.163265306122456,0.0,9.756097560975618,32.352941176470594,50.0,32.352941176470594,-43.037974683544306,-35.714285714285715,-37.5,4.497206646852753,6.258675516711896
GREENDELT,Green Delta Insurance PLC,64.8,0.15455950540957392,-8.603667136812424,-4.565537555228289,-3.139013452914811,23.428571428571423,20.895522388059693,17.818181818181813,-41.197822141560806,66.2340908446752,24.302008232778658,2.6470840729270586,3.6532252040261493
GSPFINANCE,GSP Finance Company PLC,3.0,3.448275862068969,-16.666666666666668,-18.918918918918923,-14.285714285714286,-44.44444444444445,87.5,0.0,-87.1000000258,-77.71055790571636,-79.3755116819539,8.670131845841787,6.94807655733837
HAKKANIPUL,Hakkani Pulp & Paper Mills PLC,68.0,-1.3062409288824466,-3.133903133903138,-5.4242002781641245,-15.737298636926893,-18.757467144563922,0.4431314623338215,-4.225352112676056,-5.947441217150757,36.0,265.59139784946234,3.6314789473064186,3.8118343840818305
HAMI,Hami Industries PLC,150.1,0.2672010688042791,-2.5324675324675363,4.091539528432737,2.808219178082188,-12.985507246376814,39.498141263940525,32.36331569664902,-14.179531160663242,-14.179531160663242,-14.179531160663242,3.514846331000447,4.654032613473046
HEIDELBCEM,Heidelberg Materials Bangladesh PLC,204.9,-0.9187620889748576,-0.533980582524269,-2.8909952606635043,-10.013175230566528,-12.80851063829787,-6.395614435815441,-15.330578512396693,-41.95467422096317,-62.64357338195077,-22.386363636363633,2.065846463863915,2.608069315358712
HFL,Hamid Fabrics PLC,11.0,0.0,-11.290322580645164,-20.86330935251799,-23.07692307692308,-17.910447761194032,69.23076923076923,66.66666666666669,-45.8128078817734,-39.560439560439555,-80.78202990371705,5.042207792207794,6.778420792914635
HRTEX,H.R. Textile Mills Ltd.,16.6,3.750000000000009,-2.35294117647058,-5.142857142857134,-23.148148148148145,-15.736040609137046,-9.289617486338795,-26.872246696035234,-77.86666669027557,-22.953586585664684,-41.1871164704248,3.244052529522042,4.442457818697917
HWAWELLTEX,Hwa Well Textiles (BD)PLC,46.5,-1.4830508474576332,0.0,-0.641025641025635,-3.125,13.414634146341463,4.2600896860986515,-1.0638297872340425,3.3333333333333335,39.63963963963965,16.25,3.9428141461009263,3.6007716279785114
IBNSINA,BN SINA Pharmaceutical Industry PLC,308.0,-0.6451612903225806,-3.75,-1.8483110261312974,-3.508771929824558,-3.599374021909233,-2.2222222222222223,2.6666666666666665,12.0,74.07206414730135,414.18392594921426,2.0091144192435206,1.573703447381537
IBP,Indo-Bangla Pharmaceuticals Ltd.,13.8,2.9850746268656745,-9.210526315789465,-16.36363636363636,-22.03389830508474,4.5454545454545565,23.214285714285726,6.976744186046513,-42.2195123992327,-47.322916269270394,-47.322916269270394,4.749930350476405,5.6516077375419576
ICB,Investment Corporation of Bangladesh,41.0,4.0609137055837605,6.4935064935064934,0.24449877750611596,-10.284463894967184,9.042553191489358,12.32876712328767,-18.0,-72.711039001175,-46.99074014040608,-62.5151331207483,7.030292080625876,4.172975492819193
ICB3RDNRB,ICB AMCL Third NRB Mutual Fund 2010 Units,5.8,1.7543859649122744,-9.375000000000009,5.4545454545454515,9.433962264150944,31.818181818181802,41.46341463414635,31.818181818181802,-15.942028985507253,28.888888888888882,-18.309859154929573,5.201754385964915,5.982600959027948
ICBAGRANI1,ICB AMCL First Agrani Bank Mutual Fund Units,7.7,1.3157894736842175,-8.333333333333334,2.666666666666669,-1.2820512820512775,14.925373134328359,20.312499999999993,13.235294117647063,-14.444444444444441,-10.465116279069761,-10.465116279069761,4.176788124156548,5.831777719760831
ICBAMCL2ND,ICB AMCL Second Mutual Fund Units,9.3,2.19780219780221,-9.70873786407767,32.85714285714287,40.90909090909093,63.15789473684211,66.0714285714286,57.6271186440678,-26.771653543307078,86.00000000000001,22.368421052631597,5.751012262631457,7.270521215718683
ICBEPMF1S1,ICB Employees Provident Mutual Fund One Scheme One Units,6.0,1.6949152542372818,-9.090909090909086,3.448275862068969,-9.090909090909086,11.111111111111104,76.47058823529412,33.333333333333336,-20.0,0.0,-27.71084337349398,4.647348277747399,6.61214795055695
ICBIBANK,ICB Islamic Bank Limited,2.7,8.000000000000007,3.8461538461538494,3.8461538461538494,0.0,-18.181818181818173,12.500000000000012,12.500000000000012,-50.90909090909091,-32.49999999999999,-64.0,4.800000000000005,5.473504273504278
ICBSONALI1,ICB AMCL Sonali Bank Ltd 1st Mutual Fund 2013- Units,7.6,-1.2987012987013056,-3.7974683544303884,22.580645161290313,26.66666666666666,61.70212765957445,80.95238095238093,51.999999999999986,-9.523809523809533,24.59016393442623,-36.66666666666667,6.094736842105263,6.551227279433678
ICICL,Islami Commercial Insurance PLC.,37.7,1.0723860589812486,-8.048780487804871,2.168021680216814,20.44728434504793,75.34883720930233,68.30357142857146,53.25203252032521,158.21917808219177,158.21917808219177,158.21917808219177,3.7691376333289335,4.126745057330337
IDLC,IDLC Finance PLC.,41.2,-0.9615384615384581,-4.62962962962963,-4.1860465116279,-2.6004728132387576,7.61194056753732,20.83798912891061,6.289926541940497,-30.978074734619053,3.6166316934714393,-12.860203110726191,2.5986382601395768,2.7207486958875324
IFADAUTOS,IFAD Autos PLC,24.1,2.991452991453004,6.167400881057279,-1.632653061224484,-8.365019011406842,10.550458715596333,11.059907834101393,2.991452991453004,-62.09452193779126,-51.234162595696915,37.09296028519278,3.6492254242318953,3.3390145504600257
IFIC,IFIC Bank PLC,5.0,2.0408163265306047,4.1666666666666705,6.382978723404252,0.0,-9.090909090909092,6.382978723404252,-7.407407407407414,-64.01074838289784,-31.54104981233273,-52.94024076755431,3.776957591547255,4.789590215722481
IFIC1STMF,IFIC Bank 1st Mutual Fund Units,3.7,0.0,-7.499999999999996,-9.756097560975597,0.0,-9.756097560975597,48.00000000000001,19.35483870967742,-39.34426229508196,-10.968749874799803,-42.672560987180105,4.882250671724355,5.156314429283437
IFILISLMF1,IFIL Islamic Mutual Fund - 1 Units,5.6,3.7037037037036904,-5.084745762711876,5.660377358490563,19.148936170212753,36.58536585365854,64.70588235294117,33.33333333333332,-16.4179104477612,-15.151515151515152,-11.111111111111114,5.789424798499207,5.076300118130583
INDEXAGRO,Index Agro Industries Ltd,69.6,-2.1097046413502114,-3.1988873435326997,0.8695652173912961,-7.692307692307707,5.454545454545446,4.035874439461866,-5.581395112790702,-37.80425516643854,-2.5599997564000136,-2.5599997564000136,3.057005336301019,3.8354621166498126
INTECH,Intech Ltd.,23.5,2.620087336244548,-2.8925619834710714,-8.203125000000005,-16.961130742049473,-40.65656565656566,-25.867507886435327,-25.632911392405067,-37.16577540106952,96.53082187527141,92.88408298287581,2.891386354917448,4.616402348936584
INTRACO,Intraco Refueling Station PLC,23.9,0.0,9.63302752293577,5.286343612334798,8.63636363636363,29.189189189189182,16.58536585365853,-7.3643410852713265,5.786884789804081,-48.59851725975268,-48.59851725975268,4.445390965736101,3.367182641939435
IPDC,IPDC Finance PLC,30.7,0.6557377049180304,-14.005602240896367,-2.8481012658227916,-12.034383954154727,67.02072576071974,68.76963388338794,49.930232896354255,-10.950353493869805,109.03673229139058,487.3114730888785,4.279510937474077,4.420176360082327
ISLAMIBANK,Islami Bank Bangladesh PLC,25.5,-0.39062500000000555,-5.555555555555555,-7.6086956521739175,-19.047619047619047,-37.03703703703704,-22.727272727272727,-37.5,-14.14141414141414,-18.530351437699682,-34.767441925697675,2.870107518100096,2.4638239808433653
ISLAMICFIN,Islamic Finance & Investment PLC,10.0,0.0,-7.407407407407414,-11.504424778761067,-12.280701754385968,-10.714285714285708,5.2631578947368425,44.92753623188405,-67.84565916398714,-24.678571433870832,-45.16599990341211,3.385439298646846,3.0786784073164495
ISLAMIINS,Islami Insurance Bangladesh Limited,67.0,2.760736196319014,-4.285714285714286,13.945578231292522,6.180665610142629,80.10752688172042,78.66666666666667,61.05769230769231,5.511811023622047,422.68815955385907,255.75462786885566,5.300030987136827,4.190161206480619
ISNLTD,Information Services Network Ltd.,49.2,-3.529411764705877,-7.169811320754712,0.40816326530612823,-21.153846153846146,-35.348226018396836,-37.244897959183675,-49.795918367346935,16.037735849056617,302.8976385058982,225.61454674516307,9.312999098017604,7.918038470014425
ITC,IT Consultants PLC,42.8,-0.46511627906977404,-3.6036036036036068,-7.758620689655175,-16.078431372549023,10.309278350515465,11.168831168831161,0.23419203747071266,5.4187192118226495,36.597905398144,45.68489052089716,3.60596165249194,3.104121110169485
JAMUNABANK,Jamuna Bank PLC,22.9,-0.4347826086956583,-0.865800865800878,-3.3755274261603407,-2.9661016949152663,-3.7815126050420256,8.530805687203777,9.04761904761904,20.633409876847352,150.19369252742237,95.69140558135318,0.9672376023065584,1.6461858721481168
JAMUNAOIL,JAMUNA OIL PLC,178.1,0.39458850056369144,-1.7650303364589173,1.9461934745277654,-2.6775956284153035,3.2463768115941996,5.260047281323881,-4.962646744930636,-5.013333333333336,-11.393034825870648,10.934314722088834,0.5532198576955843,1.0015095240980365
JANATAINS,Janata Insurance PLC,31.2,-0.6369426751592334,-6.865671641791047,-4.8780487804877986,-10.601719197707736,-4.8780487804877986,28.395061728395056,9.859154929577468,-28.12151869491463,242.963019687027,-83.31353002330118,3.447782108463053,4.097407177751652
JHRML,JMI Hospital Requisite Manufacturing Ltd,41.3,0.9779951100244464,-5.707762557077626,-12.12765957446809,-21.482889733840313,-5.275229357798175,-2.1327014218009612,-22.368421052631586,87.72727272727272,87.72727272727272,87.72727272727272,2.9681925556166506,3.449921442075021
JMISMDL,JMI Syringes & Medical Devices Ltd.,126.0,-0.2375296912113992,-1.7926734216679745,-4.689863842662624,-20.804525455688243,5.439330543933054,6.779661016949152,-10.192444761225952,-54.8933931428215,7.773584560784911,263.8216549077366,2.1024452103177698,3.2470636320826793
JUTESPINN,Jute Spinners Limited,203.2,0.3456790123456734,-2.3546371936568984,-8.591992802519128,-3.9697542533081314,-5.488372093023261,4.0983606557377055,-3.6966824644549816,49.19236417033774,256.4912280701754,205.56390977443607,4.445641572642734,2.6915099206106485
KARNAPHULI,Karnaphuli Insurance PLC,49.4,-0.4032258064516186,-8.51851851851852,-15.555555555555557,11.512415349887137,63.03630363036303,73.33333333333333,51.07033639143729,17.061611374407573,332.25000221528126,80.97049185608407,3.5121381026892804,3.5530278704584797
KAY&QUE,Kay and Que (Bangladesh) Ltd.,412.1,-1.95098738995955,0.48768593026091195,11.408488780751567,-3.466854064183639,-14.14583333333333,9.194488606253325,1.2577650306462487,63.42378604133768,1610.385144410607,1974.7715442922847,3.5477599930723276,3.8843922527416335
KBPPWBIL,Khan Brothers PP Woven Bag Industries Ltd,34.5,-2.542372881355928,-7.258064516129039,9.523809523809524,-19.58041958041958,-37.27272727272727,-28.125,-76.70492910195814,136.3013698630137,76.99369749914509,3.070584783830155,4.292472733699485,5.962176041572943
KDSALTD,KDS Accessories Ltd.,42.9,0.0,-4.026845637583902,-6.33187772925764,-20.848708487084878,-18.28571428571429,4.379562043795613,-4.241071428571425,-44.730061215078734,-24.350728835743688,-17.78437218830578,2.59678027098043,2.890674199781866
KEYACOSMET,Keya Cosmetic Ltd.,5.1,0.0,-5.555555555555569,1.999999999999993,-1.9230769230769333,-1.9230769230769333,13.333333333333325,6.2499999999999964,-38.55421686746989,-33.3335922430032,-67.3719387798766,4.376470588235301,4.24640436691295
KOHINOOR,Kohinoor Chemical Company (Bangladesh) PLC,509.8,0.039246467817894155,-2.3371647509578524,-5.24163568773234,0.3543307086614196,0.5324393610727645,1.9803960792158501,0.8597121293561137,58.26246770170566,330.18255601690316,1003.6355552657305,1.449466483121732,1.4499915185028038
KPCL,Khulna Power Company Ltd.,10.1,0.0,-5.607476635514016,-7.33944954128441,-4.716981132075472,-3.809523809523813,-3.809523809523813,-14.406779661016959,-78.46481876332622,-82.50393702688548,-76.62224445463748,2.953160700685458,3.3598384067474973
KPPL,Khulna Printing & Packaging Ltd,13.2,0.0,-2.2222222222222276,1.538461538461533,-13.72549019607844,-16.45569620253165,-17.500000000000004,-8.333333333333341,-7.042253521126761,38.94736842105262,-61.68865439298529,5.711791917474834,4.893873453132472
KTL,Kattali Textile Ltd.,14.0,-1.4084507042253471,8.527131782945734,16.666666666666668,30.84112149532711,47.36842105263158,20.689655172413797,11.111111111111114,-51.21951219512195,-26.81920046331057,-26.81920046331057,5.880902723847775,4.596010337980528
LANKABAFIN,LankaBangla Finance PLC,13.7,0.7352941176470562,-6.164383561643838,-10.45751633986929,-18.934911242603548,-9.27152317880795,11.3821138211382,-17.964071856287426,-69.55555555555556,-34.83477041151841,-52.15368352521046,3.067603060408817,2.94630798302431
LEGACYFOOT,Legacy Footwear Ltd.,68.0,-1.8759018759018717,-3.4090909090909167,-7.859078590785905,0.1472754050073554,2.874432677760977,25.46125461254612,5.590062111801233,3.500761035007606,173.949043453112,334.2355762637904,3.1267157851457403,3.2807365713488337
LHB,LafargeHolcim Bangladesh PLC,52.2,0.0,-0.5714285714285661,-1.6949152542372854,-6.283662477558348,0.3846153846153901,10.828025477707008,-2.973977695167276,-49.320388349514566,-32.2077922077922,618.225261416418,1.1542218194221374,2.143926262041251
LIBRAINFU,Libra Infusions Ltd.,551.0,-1.1481880157875812,-3.6713286713286712,-6.610169491525424,-14.174454828660435,-13.091482649842272,-13.364779874213836,-29.458456023556526,-1.6071433491071312,53.0555554025,367.8301881937611,1.5428161244954284,1.8086819843922015
LINDEBD,Linde Bangladesh Limited,657.3,-0.5447117566954188,-0.619897187783493,-4.043795620437963,-8.069930069930077,-12.360000000000005,-13.399209486166013,-25.357710651828306,-59.110419906687405,-53.41601700921333,27.507274490785637,1.2766770890882901,1.4815216682624894
LOVELLO,Taufika Foods and Lovello Ice-cream PLC,48.9,-1.4112903225806508,-5.9615384615384635,2.301255230125526,-32.083333333333336,-36.493506493506494,-28.29912023460411,-48.96123247677684,48.24015769158636,276.53000049325425,276.53000049325425,4.476005410694442,4.7909789517122086
LRBDL,Lub-rref (Bangladesh) Ltd,12.7,2.4193548387096686,-5.223880597014934,-9.28571428571429,-14.189189189189198,23.300970873786394,28.28282828282827,-9.9290780141844,-75.67049808429118,-68.64197530864197,-68.64197530864197,4.6366095997498435,5.5275141075169545
LRGLOBMF1,LR Global Bangladesh Mutual Fund One Units,4.2,2.4390243902439157,-8.695652173913032,0.0,13.513513513513512,27.272727272727284,50.000000000000014,23.52941176470589,-53.333333333333336,-40.84507042253521,-54.347826086956516,4.809442778813178,5.800474619293473
MAGURAPLEX,Magura Multiplex PLC,82.1,0.24420024420023032,-1.203369434416366,-2.145411203814078,-9.680968096809693,-2.028639618138428,-2.145411203814078,-20.905587668593455,-43.1615387116277,359.4196870720159,359.4196870720159,2.796756043862704,3.127721327012719
MAKSONSPIN,Maksons Spinning Mills PLC,4.8,0.0,-17.24137931034483,-21.311475409836063,-17.24137931034483,-21.311475409836063,2.1276595744680775,-23.80952380952381,-85.04672897196261,-29.999999825,-70.26966278037975,9.179253343849618,5.752271198938906
MALEKSPIN,Malek Spinning Mills PLC,47.3,-0.6302521008403451,-3.86178861788619,-5.020080321285141,15.931372549019608,69.53405017921146,63.66782006920415,57.142857142857125,36.70520231213872,159.8901098901099,89.19999999999999,4.786712963711101,4.192374737669363
MARICO,Marico Bangladesh Limited.,2651.0,-0.12432656444260942,-0.525328330206379,-1.8148148148148149,-2.8937728937728937,-3.949275362318841,-0.07915268930684517,-5.926188786373315,13.77194111840694,116.40816326530613,605.9920106524634,0.7128153983669984,0.910545243290643
MATINSPINN,Matin Spinning PLC,72.6,-2.550335570469806,17.09677419354838,12.210200927357018,23.469387755102037,57.82608695652173,56.129032258064505,32.24043715846994,0.9735744089012358,81.04738154613464,61.33333333333332,5.800518684087695,5.82858133041409
MBL1STMF,MBL 1st Mutual Fund 2010- Units,9.0,-2.173913043478253,-18.181818181818183,-5.2631578947368425,109.30232558139535,130.76923076923075,164.7058823529412,114.28571428571428,9.756097560975618,26.760563380281695,30.434782608695645,9.049778278974973,7.2377986520850115
MEGCONMILK,Meghna Condensed Milk Industries Ltd.,30.5,5.172413793103448,-4.388714733542315,-12.607449856733522,-23.940149625935163,-11.849710982658962,111.80555555555557,82.63473053892216,52.5,335.7142857142857,221.05263157894737,5.63169085157145,5.9568934724155875
MEGHNACEM,Meghna Cement Mills PLC,28.2,0.0,-5.050505050505051,-7.236842105263157,-12.962962962962962,-17.543859649122815,-3.7542662116041003,-40.50632911392405,-63.72774972574551,-64.87111399639905,-61.82231964736035,4.420665066654541,5.479556743394969
MEGHNAINS,Meghna Insurance PLC,32.1,-0.31055900621118454,-11.325966850828731,-14.1711229946524,-7.22543352601156,11.072664359861601,14.234875444839856,12.631578947368425,191.8181818181818,191.8181818181818,191.8181818181818,4.401925824038523,3.8399769574666403
MEGHNALIFE,Meghna Life Insurance PLC,51.2,0.1956947162426642,-0.9671179883945841,-6.739526411657551,-17.419354838709673,-4.477611940298504,0.7874015748031609,-21.59264931087289,-43.053589541907385,27.352808785661356,-21.38709685440625,3.052988668696964,4.506928178533519
MEGHNAPET,Meghna Pet Industries Ltd.,74.8,1.7687074829931932,-0.26666666666667044,13.50531107738997,-16.143497757847538,169.06474820143885,243.11926605504587,191.0505836575875,193.33333333333334,1212.2807017543857,1068.7499999999998,5.449597931456122,7.431645983450966
MERCANBANK,Mercantile Bank PLC,6.1,0.0,-4.687500000000011,-12.857142857142861,-18.66666666666667,-30.68181818181819,-17.567567567567576,-32.96703296703297,-59.85806464458323,-22.46582432080736,-41.041380357528574,2.295081967213121,2.8962600437980015
MERCINS,Mercantile Islami Insurance PLC,46.8,-2.0920502092050213,-8.949416342412453,6.363636363636357,7.586206896551718,93.38842975206612,83.52941176470587,67.74193548387096,-4.294478527607365,249.25373134328356,69.6310684793907,6.323878869774699,5.797922069532152
METROSPIN,Metro Spinning Ltd.,9.4,3.2967032967033045,-3.0927835051546286,-10.476190476190473,-1.0526315789473646,2.1739130434782727,10.58823529411765,-13.761467889908257,-64.23913034538043,21.293975798687864,-37.45106498208926,5.813823857302125,5.765454993945094
MHSML,Mozaffar Hossain Spinning Mills Ltd.,18.7,0.0,-5.5555555555555625,-14.220183486238536,-22.08333333333334,5.649717514124294,38.51851851851851,13.33333333333333,-16.517857142857142,5.673794183628911,-24.42672588574417,4.256982593109362,4.280976206520007
MIDASFIN,MIDAS Financing PLC,4.5,0.0,-8.163265306122456,-16.66666666666667,-22.41379310344827,-30.76923076923077,0.0,-27.41935483870968,-79.340909092975,-70.73959451408648,-81.70849383416963,4.475625823451907,5.759567611942211
MIDLANDBNK,Midland Bank PLC,16.2,0.621118012422347,-4.705882352941181,-4.705882352941181,0.0,-0.6134969325153461,-5.263157894736854,-17.346938775510214,85.39999931402,85.39999931402,85.39999931402,2.4580510487020852,2.865535173357148
MIRACLEIND,Miracle Industries Limited,25.7,4.471544715447146,-3.3834586466165493,-7.553956834532379,-9.507042253521126,-4.814814814814817,-19.182389937106922,-31.64893617021277,-29.005524861878463,-7.339370348581062,178.8505821536478,4.687078474515136,3.7165610153745066
MIRAKHTER,Mir Akhter Hossain Ltd,32.0,-1.2345679012345634,-7.514450867052026,-4.761904761904766,-23.44497607655502,13.475177304964541,15.94202898550724,-0.928792569659434,-65.77540106951872,-60.49382716049383,-60.49382716049383,4.121617395005744,4.5078556236632625
MITHUNKNIT,Mithun Knitting & Dyeing (CEPZ) Ltd.,12.9,0.0,-5.839416058394153,-7.857142857142855,-13.999999999999998,-22.754491017964067,-11.643835616438352,-13.999999999999998,-23.66863905325443,-79.13746622517709,-75.2911320971971,3.0820030703807078,4.1185432490521325
MJLBD,MJL Bangladesh PLC,91.0,0.2202643171806199,1.2235817575083363,0.7751937984496156,-4.712041884816754,2.247191011235955,1.1111111111111112,-5.5036344755970905,-20.869565217391305,-19.435075683916523,59.88194421250459,1.2260205037778846,1.4604443145264867
MLDYEING,M.L. Dyeing & Textile Ind. PLC,10.6,2.9126213592232904,-7.017543859649129,-17.187500000000007,-20.895522388059707,23.255813953488374,26.190476190476183,16.483516483516485,-62.93706293706293,53.59400064847386,53.59400064847386,5.4648830989881,5.598288781197683
MONNOAGML,Monno Agro & General Machinery Ltd.,306.3,0.8229098090849242,-1.511254019292601,-3.9811912225705295,-14.201680672268905,-13.718309859154926,-17.1041948579161,-17.88203753351206,-4.553885621724106,651.4488837910936,2363.0824529299216,3.520441073689816,3.620227166711063
MONNOCERA,Monno Ceramic Industries Limited.,80.7,-1.2239902080783354,-4.270462633451951,-2.418379685610641,-17.23076923076923,-2.6537997587454796,-1.3447432762836118,-4.270462633451951,-37.92307692307692,213.37340617057566,371.22075141554717,2.832358635479013,3.4475198922618664
MONNOFABR,Monno Fabrics Ltd.,18.0,-0.5524861878453117,-10.0,-16.27906976744186,-21.73913043478261,-20.0,-15.887850467289715,0.0,-23.728813559322038,-23.728813559322038,-23.728813559322038,4.2985649093368705,4.5149007123156615
MONOSPOOL,Monospool Bangladesh PLC,105.5,1.0536398467432895,-1.5858208955223907,-2.224281742354037,-12.809917355371901,12.353567625133115,11.404435058078139,13.176305635476785,-15.533228185727781,120.59090819851859,120.59090819851859,2.538960328124468,3.4810099517314286
MPETROLEUM,Meghna Petroleum PLC,204.8,-0.19493177387913124,-0.5825242718446547,-0.3406326034063205,-4.433037797480168,2.144638403990031,6.279190451478995,-2.707838479809971,-1.0628019323671443,9.226666666666672,43.49044571638217,1.0290519687695372,1.06503805569028
MTB,Mutual Trust Bank PLC,13.2,-0.7518796992481309,-2.941176470588238,-2.2222222222222276,-0.7518796992481309,27.36984699158701,34.61853746233447,31.41333421175847,11.307093670899546,99.88044151390844,171.76302830516528,1.8148163608187697,2.9310800176965293
NAHEEACP,Nahee Aluminum Composite Panel PLC,35.1,0.8620689655172536,-3.8356164383561606,0.8620689655172536,-7.631578947368418,62.49999999999999,89.72972972972974,49.36170212765958,-28.80324543610547,-44.30886045149631,-44.30886045149631,4.527134391802431,5.975641846607872
NATLIFEINS,National Life Insurance PLC,92.6,-1.4893617021276655,-0.32292787944027057,-4.437564499484016,-12.969924812030085,-5.510204081632659,-1.2793176972281481,-19.687771032090204,-59.20704845814978,-26.712448073897708,-31.832082043669327,2.4766743462314924,2.721252227555042
NAVANACNG,Navana CNG Limited,19.0,-0.5235602094240912,-4.040404040404044,-8.653846153846157,-15.178571428571425,-8.212560386473427,-10.798122065727702,-18.4549356223176,-45.01968477009641,-53.6559732181206,-67.77307663349323,3.0524462718089445,3.0281470706690485
NAVANAPHAR,Navana Pharmaceuticals PLC,61.3,0.0,-4.961240310077524,-8.233532934131738,-15.096952908587264,6.608695652173908,16.98473282442748,8.687943262411345,132.19696969696972,132.19696969696972,132.19696969696972,2.386032110554755,2.9149937083873874
NBL,National Bank PLC,3.3,6.451612903225798,0.0,-5.71428571428572,-13.157894736842106,-34.00000000000001,3.124999999999989,-13.157894736842106,-59.75609756097561,-42.16356066526516,-69.07196419158763,5.745967741935475,5.365476691431924
NCCBANK,National Credit and Commerce Bank PLC,14.2,0.7092198581560258,-0.6993006993007091,-4.054054054054063,-6.578947368421053,13.600052165143955,21.049235954953804,23.066723178905942,8.232640741105165,85.67030770324192,28.90387179944951,1.5653780841074838,1.9965255126981005
NCCBLMF1,NCCBL Mutual Fund-1 2012- Dividend Units,6.0,1.6949152542372818,-14.285714285714286,-9.090909090909086,22.44897959183673,36.36363636363635,50.0,30.43478260869566,-31.034482758620687,-15.49295774647887,-50.0,6.653882262380935,6.0243874573602545
NEWLINE,New Line Clothings Ltd.,4.8,-5.8823529411764675,-9.433962264150944,-18.644067796610177,-14.285714285714285,-22.580645161290327,19.999999999999996,-2.040816326530623,-85.92375366568915,-80.7656799796696,-80.7656799796696,8.156017235044583,6.0144434124004285
NFML,National Feed Mill Ltd,14.0,-1.4084507042253471,-8.496732026143794,-16.16766467065868,-34.883720930232556,-9.090909090909092,-0.7092198581560258,6.87022900763359,-50.55944057136853,5.602118462978063,-49.8095945049634,4.707661149222371,5.406659540071855
NHFIL,National Housing Finance PLC,25.4,0.395256916996039,-3.0534351145038197,-8.633093525179865,-19.87381703470032,7.627118644067784,12.888888888888884,4.95867768595041,-56.9491525861534,-32.303964889373574,-16.828092751136715,2.2060957372407977,2.663338851033572
NITOLINS,Nitol Insurance PLC,54.0,0.7462686567164152,-12.195121951219512,0.7462686567164153,45.945945945945944,89.47368421052632,92.17081850533808,94.24460431654676,1.9784175211330906,235.05018612189855,126.69091920865147,4.011226772885585,3.9166325957676436
NORTHERN,Northern Jute Manufacturing Co. Ltd.,96.6,-1.4285714285714344,-4.071499503475678,-5.386875612144956,-14.51327433628319,-16.000000000000004,13.247362250879247,0.20746887966803798,-68.82865440464667,-61.347115551087526,544.0000042933333,4.1639255070704655,5.697675618556229
NORTHRNINS,Northern Islami Insurance PLC,34.6,-0.5747126436781487,-8.947368421052628,-12.626262626262626,-11.734693877551022,23.993174349199187,30.683453564118707,3.504273747552789,-31.96629196474719,117.19021767400577,13.182565929606847,3.2073064165002823,3.7108981808191226
NPOLYMER,National Polymer Industries PLC,29.0,-1.694915254237288,-15.451895043731772,-10.216718266253862,-15.942028985507246,4.693140794223829,9.022556390977439,-7.348242811501599,-55.177743431221025,-29.20776233263413,100.94134158812375,4.407127748301519,3.809927712189359
NRBBANK,NRB Bank PLC,6.8,1.4925373134328304,1.4925373134328306,0.0,13.33333333333333,-4.225352112676054,11.475409836065577,-17.07317073170731,-24.444444444444446,-24.444444444444446,-24.444444444444446,2.1076436001809116,2.984893988676819
NRBCBANK,NRBC Bank PLC,9.1,-1.0869565217391266,-3.191489361702135,1.1111111111111072,22.972972972972965,26.38888888888888,78.43137254901961,44.44444444444444,-57.7573864966286,-28.44101254146038,-28.44101254146038,3.797807685448134,3.672508303919566
NTC,National Tea Company Limited,150.0,1.5572105619499061,-4.275686024250152,-3.225806451612903,-7.578558225508324,-7.862407862407869,-13.693901035673193,-12.434325744308236,-73.21906802356722,-71.37950772753291,-80.51948051948052,2.055279633037993,2.870912270932169
NTLTUBES,National Tubes Limited,59.2,-0.8375209380234505,-3.896103896103894,-7.06436420722135,-17.2027972027972,-3.739837398373979,-5.279999999999996,-22.105263157894733,-44.09820585457979,-33.17292239891916,151.2310724647803,2.2552575157731067,3.2804329724888954
NURANI,Nurani Dyeing & Sweater Ltd.,2.7,-3.5714285714285587,-6.896551724137922,-9.999999999999995,-9.999999999999995,-27.027027027027025,35.00000000000001,17.391304347826104,-68.6046511627907,-84.0439720331819,-84.0439720331819,5.769020251778871,6.967748088437748
OAL,Olympic Accessories Ltd,5.7,1.7857142857142954,-3.3898305084745792,-14.925373134328359,-16.17647058823529,-13.636363636363628,0.0,-13.636363636363628,-57.46268656716418,-67.40658223271271,-76.38467198711473,3.2017543859649162,3.9348327334047872
OIMEX,Oimex Electrode Ltd.,13.3,2.307692307692313,-4.999999999999995,-13.636363636363635,-15.286624203821647,2.3076923076923133,-13.071895424836601,-41.921397379912655,-47.63779527559055,-73.32666379062456,-73.32666379062456,5.1133156788831915,4.931444167663834
OLYMPIC,Olympic Industries PLC.,143.1,-1.1057360055286762,-0.06983240223463291,-2.6530612244897998,-8.911521323997453,-4.3449197860962565,3.997093023255814,-5.855263157894741,-25.352112676056336,-51.057003134971495,93.66917418754004,2.26724270202707,1.7996512354121386
ONEBANKPLC,One Bank PLC,7.0,-1.4084507042253471,-9.090909090909092,-9.090909090909092,-11.392405063291143,-4.109589041095888,0.0,-5.40540540540541,-23.736841761677567,-23.736841761677567,-23.736841761677567,4.620237135950272,3.212264302825518
ORIONINFU,Orion Infusion Ltd.,250.8,-4.711246200607895,-6.242990654205603,21.747572815533985,-13.69580178940124,-27.723342939481263,-26.256983240223466,-50.72691552062869,139.31297709923663,261.9047619047619,445.2173913043478,7.773664205492207,8.337570241613909
ORIONPHARM,Orion Pharma Ltd.,26.2,0.0,-8.070175438596493,2.7450980392156836,-12.666666666666668,-8.391608391608399,-3.6764705882352944,-27.82369146005509,-75.51401869158879,-30.31914893617022,-61.65853643199999,4.915339025619326,5.129667124492717
PADMALIFE,Padma Islami Life Insurance Ltd.,15.4,0.6535947712418277,-1.9108280254777004,-4.938271604938265,-18.085106382978726,-12.99435028248587,-7.784431137724544,-27.35849056603773,-64.84018264840184,-24.571428251241983,-68.56944883156886,3.880478388418069,4.264844874883568
PADMAOIL,Padma Oil PLC,196.2,0.05099439061702923,-0.9090909090909148,1.3953488372092964,-4.152418172936004,10.22471910112359,15.752212389380526,0.3580562659846489,-18.250000000000004,-0.4060913705583814,15.411764590470588,1.0837915482797402,1.1043614553603478
PARAMOUNT,Paramount Insurance PLC.,62.9,2.6101141924959244,-3.081664098613262,6.4297800338409425,-0.31695721077654965,16.48148148148148,44.59770114942528,34.68950749464667,-21.863354037267083,735.3692459430996,377.97367369638533,3.57749327937929,4.749624817992001
PDL,Pacific Denims Ltd.,5.3,0.0,-5.357142857142854,-5.357142857142854,-8.620689655172415,-8.620689655172415,15.21739130434783,-15.873015873015873,-71.52659575058756,-73.09690924247917,-73.09690924247917,4.14526982451511,4.3145573977117575
PENINSULA,The Peninsula Chittagong PLC,16.8,-1.7543859649122848,-16.417910447761194,-22.93577981651376,-34.63035019455253,-21.12676056338028,-8.19672131147541,31.25,-48.93617021276595,-6.6666666666666625,-53.578947252368415,5.725796512596778,4.719928994148014
PEOPLESINS,Peoples Insurance PLC,57.8,1.2259194395796773,-7.520000000000005,-6.016260162601631,-7.073954983922839,24.3010752688172,59.22865013774105,56.2162162162162,23.768736616702345,261.25,118.93939393939395,4.18714131376148,4.5009833755314625
PF1STMF,Phoenix Finance 1st Mutual Fund Units,13.6,-4.895104895104902,-26.48648648648649,-10.526315789473683,18.260869565217387,151.85185185185182,172.0,183.33333333333337,47.82608695652175,183.33333333333337,72.1518987341772,8.327686246935633,7.525219141034319
PHARMAID,Pharma Aids Limited.,565.4,-0.7722007722007682,1.0003572704537376,0.23045559297996002,-2.5172413793103487,2.799999999999996,14.685598377281943,-5.970397472143685,-1.6695652173913083,121.72549019607841,303.5688793718772,2.5270024630304624,2.6138569984372038
PHENIXINS,Phoenix Insurance PLC,45.7,1.1061946902654867,-7.302231237322504,-6.160164271047227,2.6966292134831527,54.391891891891895,70.5223880597015,59.23344947735193,-19.25795053003533,100.43859649122807,2.008928571428584,3.8264457962323113,3.7433183896956383
PHOENIXFIN,Phoenix Finance and Investments Ltd.,3.1,0.0,-8.823529411764701,-16.216216216216218,-13.88888888888889,-27.906976744186043,29.166666666666675,-3.1250000000000027,-90.34267912772586,-81.18947562083225,-88.63793825235571,5.120967741935482,5.51358011879772
PHPMF1,PHP First Mutual Fund Units 2010-,3.3,-2.941176470588238,-8.333333333333341,-5.71428571428572,-2.941176470588238,-5.71428571428572,37.49999999999999,9.999999999999995,-45.9016393442623,-18.13191518625189,-40.90878612540018,4.119684237331301,4.981286965435173
PIONEERINS,Pioneer Insurance PLC,65.6,0.6134969325153243,-5.74712643678161,-0.7564296520423601,-6.285714285714294,33.333333333333314,43.20166354403723,44.40251606838335,-33.48127063591732,193.66456466286627,63.713000346263215,3.246622165984609,3.4454693465536383
PLFSL,Peoples Leasing and Financial Services Ltd.,1.6,0.0,-11.111111111111109,-19.999999999999996,23.07692307692308,-40.74074074074074,201.88679245283018,33.33333333333335,-46.666666666666664,-77.77777777777777,-94.55108359622348,8.602941176470576,8.793407315079135
POPULAR1MF,Popular Life First Mutual Fund Units 2010-,3.4,0.0,-5.555555555555561,-2.85714285714286,3.030303030303033,6.249999999999991,41.66666666666667,13.33333333333333,-43.333333333333336,-16.048936428049707,-35.22565918155659,5.348612172141589,5.129071515435154
POPULARLIF,Popular Life Insurance Co. Ltd.,54.7,-0.18248175182480714,-1.6187050359712205,-10.180623973727414,-10.912052117263837,12.78350515463918,28.70588235294118,2.4344569288389595,-38.12217194570136,-22.63083451202263,-50.91025611571794,3.814397781203404,4.23306103943702
POWERGRID,Power Grid Co. of Bangladesh Ltd.,38.3,2.680965147453083,-0.5194805194805269,-1.288659793814433,0.0,27.66666666666666,42.37918215613382,17.84615384615384,-46.87933425797503,-36.58940397350993,-29.46593001841621,4.495428328611175,2.844677353381412
PRAGATIINS,Pragati Insurance PLC,72.4,0.4160887656033445,-5.359477124182999,-0.5494505494505377,-11.274509803921555,5.775886125725032,3.7162722185700794,-7.935802809773332,3.0417892933223127,314.71986764158146,82.03482762884698,4.066506022134212,3.514965365087448
PRAGATILIF,Pragati Life Insurance PLC,136.9,-1.2265512265512184,-4.466154919748782,-10.464355788096794,-21.974093342274614,-23.44178960504139,1.8876859588419914,-42.52290082083587,60.42753692500061,156.24031721372828,106.72187644043878,3.5274401020387596,4.285882339494945
PREMIERBAN,The Premier Bank PLC,5.6,-1.75438596491229,-1.75438596491229,-5.084745762711876,14.28571428571427,7.692307692307681,39.99999999999999,-9.677419354838719,-54.013889032355976,23.496053210585647,-23.417010251007888,3.603896103896107,3.2758145167843087
PREMIERCEM,Premier Cement Mills PLC,40.9,0.2450980392156898,-3.5377358490566038,-8.08988764044944,-20.582524271844665,5.95854922279792,4.33673469387754,-14.79166666666667,-52.88018433179724,-57.03781512605042,-61.04761904761904,3.089588556779016,4.450111241101805
PREMIERLEA,Premier Leasing & Finance Limited,1.8,0.0,-5.2631578947368345,-21.739130434782602,-24.999999999999996,-37.93103448275862,233.33333333333331,20.000000000000004,-85.9375,-79.55223109872114,-86.72076970349451,7.973856209150329,8.106860836614791
PRIME1ICBA,Prime Bank 1st ICB AMCL Mutual Fund Units,6.5,1.5624999999999944,-16.666666666666664,10.169491525423723,24.999999999999993,41.30434782608697,51.162790697674424,41.30434782608697,-13.333333333333334,30.0,-9.722222222222223,8.052062745632567,7.457253708832621
PRIMEBANK,Prime Bank PLC,28.4,0.7092198581560258,0.0,-1.0452961672473893,-5.016722408026756,-8.246153631591008,3.541666925520831,6.500000266249998,40.208715394780235,106.27024488434704,-0.04255441871637741,1.0696619091079993,1.2951247155026122
PRIMEFIN,Prime Finance and Investment Ltd.,2.4,0.0,-14.285714285714285,-20.000000000000004,-22.580645161290327,-50.0,118.18181818181814,4.347826086956526,-87.87878787878789,-70.73170731707316,-91.1656441370921,7.413823857302125,6.516035508824829
PRIMEINSUR,Prime Islami Insurance PLC,43.9,0.22831050228310826,-16.380952380952383,-18.55287569573284,-5.183585313174944,29.117647058823525,46.82274247491639,24.362606232294624,-7.578947368421055,131.05263157894737,22.9200002900912,5.254168959020455,4.4047409388723375
PRIMELIFE,Prime Life Insurance Company Limited,35.9,-2.44565217391304,-9.79899497487437,-1.64383561643836,-17.471264367816094,3.757225433526003,8.787878787878784,-19.506726457399107,-42.375601926163725,-38.10344827586207,-60.50999993958031,5.111561376264161,5.057564315656218
PRIMETEX,Prime Textile Spining Mills Ltd.,13.7,2.2388059701492455,-8.053691275167793,-12.738853503184714,-23.033707865168545,-29.381443298969067,-0.7246376811594305,5.384615384615379,-38.83928571428571,-41.45299145299145,-32.17821782178218,6.681936808206791,6.779463470589319
PROGRESLIF,Progressive Life Insurance Co. Ltd.,34.9,-1.9662921348314686,-5.1630434782608665,-10.051546391752575,-17.494089834515364,-15.903614457831328,-23.464912280701757,-37.230215827338135,-65.47972304648862,-9.886945677702354,-53.3511074703054,3.8984471529320834,4.642823480148186
PROVATIINS,Provati Insurance PLC,47.1,-1.8749999999999971,-11.466165413533837,-17.65734265734266,-29.38530734632684,48.11320754716981,64.11149825783973,33.80681818181817,-69.9637164832666,394.59537934862317,152.17604340844267,4.126682586740525,4.441529415852389
PTL,Paramount Textile PLC,78.1,-2.0075282308657574,-8.117647058823536,2.7631578947368345,15.875370919881288,44.362292051755986,50.77220077220077,33.27645051194538,9.075574535383332,544.3908872283637,205.68292619213688,5.54084929611542,3.9250813129151094
PUBALIBANK,Pubali Bank PLC,40.2,2.030456852791889,4.6875000000000115,3.076923076923084,11.666666666666675,20.704989634522075,49.61168616225597,57.781607615362105,132.181974380535,214.0131643613915,130.59741001799955,2.5834482605467968,2.2307913850094603
PURABIGEN,Purabi General Insurance Co. Ltd.,26.2,0.0,-10.580204778157,-10.884353741496597,-20.364741641337382,25.961538461538456,35.05154639175259,14.410480349344981,-34.81642536843904,205.45453521196177,-11.49656149666711,4.204197014237115,3.771280352880426
QUASEMIND,Quasem Industries Limited.,37.2,-1.5873015873015723,-6.060606060606057,-11.004784688995203,-19.654427645788324,-6.999999999999993,-1.6346154933848,0.788177228190453,-18.830819911234247,-4.521986210661778,134.0970140730145,3.473238776476535,3.53416219046506
QUEENSOUTH,Queen South Textile Mills Ltd.,13.3,-0.7462686567164152,-5.673758865248219,-13.636363636363635,-19.39393939393939,14.655172413793114,11.764705882352944,1.5267175572519165,-52.69127534082721,-45.2281275338786,-45.2281275338786,5.0418911849847206,4.435979149469255
RAHIMAFOOD,Rahima Food Corporation Ltd.,68.2,0.14684287812042368,-4.615384615384611,-5.277777777777774,-26.270270270270267,-40.59233449477351,-57.375,-53.28767123287671,-77.82113821138212,26.765799256505588,296.51162790697674,4.961484251518845,4.95640112119597
RAHIMTEXT,Rahim Textile Mills Ltd.,189.7,0.5832449628844084,5.5061179087875285,-1.8115942028985508,-13.378995433789958,-11.313697989714829,-11.064228785747783,5.918481295365715,-32.25000000000001,7.428654179070152,370.3421832534227,3.185873202347701,4.41047181256578
RAKCERAMIC,RAK Ceramics (Baneladesh) Limited,24.9,0.0,-6.3909774436090325,-14.726027397260276,-18.89250814332248,8.260869565217385,12.16216216216216,5.508474576271174,-53.0188679245283,-46.651854947697956,-37.969705920501575,3.2999152469011483,2.9869008662999983
RANFOUNDRY,Rangpur Foundry Limited,151.6,1.1340893929286116,-0.9150326797385658,1.0666666666666629,-5.83850931677019,-5.486284289276814,6.088173547935611,-10.875955320399765,0.19828155981492593,43.696682464454966,144.51612903225808,3.403766629821551,3.1223428084651736
RDFOOD,Rangpur Dairy and Food Products Limited,21.9,-0.454545454545461,-6.008583690987134,-8.750000000000005,-24.74226804123712,7.352941176470589,9.499999999999993,-7.594936708860762,-57.27840924731219,96.6327372808161,35.35804392451595,3.759592551037744,4.453338727320731
RECKITTBEN,Reckitt Benckiser (Bangladesh) PLC,3251.8,-0.15045905364324735,-0.6689678345602724,-0.6780696395846004,-1.7583081570996923,-7.064875678765357,-4.918128654970755,-3.1077739042340733,-31.105932203389823,105.8101265822785,340.02706359945876,0.7513657615667758,0.8512890906818886
REGENTTEX,Regent Textile Mills Ltd.,5.2,-1.886792452830182,-13.33333333333333,-17.460317460317455,-18.75,15.555555555555559,30.000000000000004,73.33333333333334,-60.6060606060606,-56.133863417464134,-79.73384484942648,8.926848475239158,6.023655165793148
RELIANCE1,Reliance Insurance Mutual Fund Reliance One Units,11.5,2.678571428571435,-12.213740458015266,-1.7094017094017033,-4.95867768595041,-4.95867768595041,-26.751592356687894,-34.285714285714285,-2.542372881355938,41.97530864197532,26.37362637362638,5.679688024539562,5.833288603887392
RELIANCINS,Reliance Insurance PLC,97.3,-0.10266940451746254,-9.656453110492112,-7.156488549618321,-17.542372881355934,46.096096096096105,48.77675840978591,34.39226519337015,5.189189189189186,195.67648311516894,101.49656493740103,4.9282982221957425,6.708481280386952
RENATA,Renata PLC,449.9,1.0103277952402334,-0.7719453021614469,-2.8503562945368266,-2.067914671310405,5.610328638497648,14.770408163265301,-5.839263290079539,-63.02665137233214,-30.606512327789137,44.83177224040974,1.863922725225796,1.442306560485342
RENWICKJA,Renwick Janeswar and Co. (BD) Limited,708.1,-0.533782834667784,-2.999999999999997,-4.310810810810808,-2.999999999999997,55.626373626373635,44.86497545008183,13.332266325224085,-33.198113207547166,-6.583113456464377,802.0382165605096,1.5756414926437363,2.1168282230274063
REPUBLIC,Republic Insurance PLC,35.3,0.2840909090908929,-9.718670076726355,-11.528822055137848,-6.613756613756614,10.312499999999991,28.832116788321166,2.6162790697674376,-24.430582151230393,293.3547859301856,72.115650110526,3.6352330170097464,4.2016819560171355
RINGSHINE,Ring Shine Textiles Ltd.,3.6,0.0,-5.2631578947368345,-7.692307692307688,-2.702702702702705,-7.692307692307688,12.499999999999996,28.571428571428584,-71.2,-75.76000000242401,-75.76000000242401,4.461175461175459,5.084806269016793
ROBI,Robi Axiata PLc,29.9,0.0,-0.3333333333333381,0.3355704697986506,-7.430340557275538,2.047781569965863,5.6537102473498155,-1.6447368421052633,-23.724489795918377,99.33333333333331,99.33333333333331,0.9375771587618726,1.9178126643857831
RSRMSTEEL,Ratanpur Steel Re-Rolling Mills Ltd,6.0,1.6949152542372818,-10.447761194029853,-20.0,-25.925925925925924,-27.71084337349398,-10.447761194029853,-29.41176470588235,-80.83067092651757,-82.68609857765001,-86.76228560182868,7.817593009552461,5.70040491355574
RUNNERAUTO,Runner Automobiles PLC,43.4,-1.3636363636363669,-2.690582959641262,-5.446623093681917,1.8779342723004628,7.692307692307696,17.297297297297295,44.66666666666666,-35.02994011976048,-53.16546751133999,-53.16546751133999,2.4434829521254944,2.738878219028665
RUPALIBANK,Rupali Bank PLC,16.6,0.6060606060606146,-2.35294117647058,-5.142857142857134,-1.1904761904761862,-6.741573033707861,-4.04624277456647,-23.502304147465427,-48.16734696976932,10.428811032196931,-44.63893152796344,3.3955063185946077,2.353214968221042
RUPALIINS,Rupali Insurance Company Ltd.,26.7,-0.37313432835821425,-5.653710247349828,-7.612456747404843,-5.319148936170213,24.04867287649336,31.004673224707947,12.140000280349998,-36.99999984993259,109.87312641288337,-14.80820472799595,2.481600650600073,3.429487315598454
RUPALILIFE,Rupali Life Insurance PLC,79.2,-2.463054187192118,-1.858736059479554,-2.941176470588225,-15.11254019292604,-4.347826086956515,0.7633587786259651,-37.292161520190014,11.706629055007047,158.1194782521872,-21.31449634684621,3.4333403654686174,3.6972581593471716
SAFKOSPINN,Safko Spinning Mills Limited,21.5,2.380952380952381,2.380952380952381,2.380952380952381,2.8708133971291936,16.216216216216218,55.79710144927535,62.87878787878789,-3.4888889202013824,83.15833033353353,8.88178178166712,4.743037326352223,3.4665571370220785
SAIFPOWER,SAIF Powertec Ltd.,6.4,-4.477611940298504,-17.948717948717942,-29.670329670329664,-38.46153846153846,-11.111111111111109,28.000000000000007,6.666666666666672,-86.04115231702701,-62.01061710415384,-53.43993429641408,7.873254008231294,5.649767872610941
SAIHAMCOT,Saiham Cotton Mills Ltd.,22.5,-3.0172413793103416,-5.063291139240503,-8.536585365853664,1.3513513513513546,14.21319796954315,14.795918367346932,35.542168674698786,14.21319796954315,50.0,-12.852112749702442,4.368959868959869,4.256485013393245
SAIHAMTEX,Saiham Textile Mills Ltd.,45.3,-1.9480519480519602,11.851851851851844,41.56249999999999,128.78787878787875,146.19565217391306,161.84971098265893,190.38461538461536,85.65573770491804,223.57142949591832,93.28533562364991,4.743411771357728,6.736299708793616
SALAMCRST,S. Alam Cold Rolled Steels Limited,11.4,0.8849557522123862,-7.317073170731709,-8.064516129032258,-22.972972972972975,-32.54437869822484,-23.48993288590604,-40.0,-70.99236641221374,-55.46875,-76.05042016806723,6.381936104485851,5.299147823721861
SALVO,Salvo Organic Industries PLC,28.4,-1.3888888888888962,-9.554140127388536,-12.615384615384619,-24.867724867724867,-12.074303405572753,-6.270627062706278,-12.345679012345679,-45.489443378119006,142.72093152095468,65.89084968082904,4.026891754941971,3.897614902411744
SAMATALETH,Samata Leather Complex (Pvt.) Ltd.,105.2,2.43427458617332,10.736842105263161,21.478060046189388,8.67768595041323,25.536992840095472,25.238095238095244,4.885343968095719,26.746987951807235,334.4291484432776,615.359997710848,8.83768212221222,6.964138616482019
SAMORITA,Samorita Hospital Ltd.,87.0,-2.1372328458942698,-7.545164718384692,-6.350914962325087,-8.421052631578947,27.00729927007299,19.669876203576337,12.987012987012987,10.315054501802512,63.42567130591234,121.62053125411566,5.825611830436964,6.170789022164439
SANDHANINS,Shandhani Life Insurance Co.Ltd,23.8,-1.2448132780083017,-4.417670682730916,-4.417670682730916,-6.666666666666664,17.821782178217827,23.3160621761658,-1.2448132780083017,-36.870026525198945,15.783784716312656,-44.1018176579177,2.9658025188427555,2.8828367511124116
SAPORTL,Summit Alliance Port Limited,58.4,0.5163511187607525,-2.666666666666669,0.34364261168384147,19.183673469387752,17.269076305220885,38.717339667458425,32.42630385487528,68.29971181556193,50.73167860414887,177.10902988637827,3.0089872590594573,2.704872554500366
SBACBANK,SBAC Bank PLC.,6.7,0.0,-1.4705882352941124,1.5151515151515234,6.349206349206355,-1.4705882352941124,8.064516129032258,-9.459459459459461,-61.76836159228882,-36.02109080974911,-36.02109080974911,2.72727272727273,3.262568215477469
SEAPEARL,Sea Pearl Beach Resort & Spa Ltd.,33.6,-0.2967359050445146,-7.945205479452052,-3.999999999999996,-25.167037861915365,-13.846153846153843,1.8181818181818226,-23.287671232876704,-36.12167300380228,40.000000350000015,40.000000350000015,3.4466050875534666,4.574768791597158
SEMLFBSLGF,SEML FBLSL Growth Fund Units,6.5,1.5624999999999944,-10.958904109589039,-5.797101449275367,-1.5151515151515098,18.181818181818183,32.65306122448979,27.450980392156872,-33.673469387755105,6.557377049180334,6.557377049180334,3.9728760045924214,4.547474112690662
SEMLIBBLSF,SEML IBBL Shariah Fund Units,7.8,0.0,-4.8780487804877986,-1.2658227848101333,1.298701298701294,25.80645161290322,34.48275862068966,21.87499999999999,-24.27184466019418,-43.065693430656935,-43.065693430656935,2.288711288711288,2.134668068134383
SHAHJABANK,Shahjalal Islami Bank PLC,17.2,-1.7142857142857182,-1.7142857142857184,-2.2727272727272845,-1.1494252873563178,-4.9723756906077465,4.878048780487809,-6.010928961748641,-19.105023126557004,111.60304558442736,5.727014595269514,1.3953488372093021,1.696821752327504
SHARPIND,Sharp Industries PLC,16.3,-3.550295857988153,-15.10416666666666,-20.873786407766993,-31.512605042016805,-3.550295857988153,26.356589147286826,-1.8072289156626546,0.0,0.0,0.0,5.994759163503906,6.746637560475316
SHASHADNIM,Shasha Denims PLC,27.3,0.7380073800737981,-0.36496350364962726,-4.210526315789471,5.000000000000002,42.18750000000001,71.69811320754717,37.878787878787875,-11.07491856677524,-4.644035841747334,-18.212395176466885,3.4254375647032096,3.9845678797746444
SHEPHERD,Shepherd Industries PLC,11.4,0.8849557522123862,-12.977099236641218,-20.833333333333332,-34.857142857142854,-19.148936170212764,-14.925373134328359,-31.73652694610778,-45.90277800443512,-68.5803335254262,-68.5803335254262,5.358776367783291,4.953309912926593
SHURWID,Shurwid Industries Ltd,5.0,-3.8461538461538494,-13.79310344827586,-19.35483870967742,-24.24242424242424,-25.373134328358212,8.695652173913052,2.0408163265306047,-73.82198952879581,-43.87755108912953,-83.35526322344434,6.207496331866077,4.228563016242345
SHYAMPSUG,Shyampur Sugar Mills Ltd.,314.7,-2.2670807453416186,6.353497803311934,4.482071713147411,-0.4113924050632947,97.55178907721279,107.03947368421052,57.349999999999994,235.14376996805112,2100.6993006993002,3833.75,6.572760582237479,5.182246976557687
SICL,"Sikder Insurance Co., Ltd.",33.4,-0.5952380952381037,-7.988980716253441,-12.335958005249351,-15.012722646310431,57.54716981132076,80.54054054054053,36.326530612244895,23.7037037037037,23.7037037037037,23.7037037037037,3.8096098201258193,4.439016702679316
SILCOPHL,Silco Pharmaceuticals Ltd.,15.3,0.6578947368421146,-11.560693641618496,-12.571428571428568,-26.44230769230769,4.081632653061234,11.678832116788332,-4.374999999999996,-53.35365853658536,-37.20149260526704,-37.20149260526704,4.584993653151013,4.486272218230408
SILVAPHL,Silva Pharmaceuticals Ltd.,10.4,-1.886792452830182,-19.999999999999996,-21.212121212121204,-34.59119496855346,-12.605042016806722,8.333333333333341,-7.964601769911506,-60.754716981132084,-71.26315782289474,-71.26315782289474,6.633015711148205,5.060341454927896
SIMTEX,Simtex Industries PLC,24.9,2.469135802469127,2.8925619834710714,-1.5810276679841981,-13.84083044982699,4.184100418410042,10.66666666666666,11.160714285714286,19.138755980861244,46.99299980018752,-7.575634668336081,3.532305446490774,3.0762285593524092
SINGERBD,Singer Bangladesh Limited,75.5,0.5326231691078638,-5.625,2.4423337856173637,-2.5806451612903225,-13.218390804597702,-11.176470588235293,-30.4147465437788,-61.26218573627501,-49.666666717,-25.59884786211154,3.498512033963995,2.94095745339675
SINOBANGLA,Sinobangla Industries Ltd.,47.0,0.0,-4.081632653061225,-10.13384321223709,-19.65811965811966,-6.3745019920318775,2.620087336244548,-11.320754716981131,5.668279761004588,80.69901092508643,158.39958828434894,2.8956026409139937,3.1182169555645447
SIPLC,Sena Insurance PLC,140.4,2.556610664718773,-10.402042118698139,21.034482758620694,35.91481122942886,101.14613180515761,163.41463414634148,135.17587939698493,193.72384937238496,193.72384937238496,193.72384937238496,5.755360698328071,7.244448963860887
SKTRIMS,SK Trims & Industries Ltd.,13.6,1.4925373134328304,-4.225352112676054,-4.895104895104903,-2.85714285714286,47.82608695652175,65.85365853658537,51.11111111111111,-67.5417661097852,-63.43111118522406,-63.43111118522406,6.098551485064638,7.436265765230225
SONALIANSH,Sonali Aansh Industries Limited.,244.8,3.993203058623622,9.923664122137415,16.129032258064516,19.70660146699267,52.0496894409938,27.234927234927238,5.290322580645166,329.7564186965109,1072.6946107784431,1713.3333333333333,5.180432228666875,3.743582205146474
SONALILIFE,Sonali Life Insurance PLC,102.0,-2.764537654909443,10.99020674646354,19.158878504672902,22.89156626506024,77.70034843205575,67.48768472906404,36.181575433911874,53.61445783132529,827.2727272727273,827.2727272727273,5.917341204471027,3.9804007442361966
SONALIPAPR,Sonali Paper & Board Mills Ltd.,227.6,1.9713261648745546,1.697944593386945,1.3357079252003563,-1.086484137331595,-3.2312925170068003,-3.7632135306553933,-22.821295354357407,-24.482883596197098,50.80014994535956,50.80014994535956,3.672638261528418,3.363427335066272
SONARBAINS,Sonar Bangla Insurance Ltd.,40.0,1.0101010101010066,5.540897097625334,8.108108108108109,-12.66375545851528,52.72727307993389,66.00790551891139,38.15789508223684,-41.35638268636314,304.018999603525,92.1680106468957,5.5361507593297885,4.207142928458639
SONARGAON,Sonargaon Textiles Limited.,116.6,4.107142857142852,0.6039689387402836,24.70588235294117,20.330237358101122,187.9012345679012,274.91961414790995,268.98734177215186,439.8148148148148,1271.764705882353,524.6428587044642,4.4896009867582505,6.141504100484536
SOUTHEASTB,Southeast Bank PLC,11.8,0.0,3.5087719298245643,-2.479338842975198,14.563106796116504,32.90526305157053,38.74725270151192,37.239130293068285,-9.538006898421536,10.271611360975736,-0.8403737984462448,3.384134703103541,2.9629179002951362
SPCERAMICS,Shinepukur Ceramics PLC,23.9,9.63302752293577,1.702127659574462,13.809523809523805,-2.0491803278688527,17.15686274509804,63.698630136986296,27.127659574468073,-43.36492890995262,151.57894736842104,5.306513103322019,6.546334080580655,5.020863411023831
SPCL,Shahjibazar Power Co Ltd,51.3,1.9880715705765408,-3.0245746691871482,-1.9120458891013385,-10.937500000000007,0.0,7.999999999999994,14.765100671140926,-57.352517918793716,-59.0907268260692,97.56023013055653,2.916370549314547,3.098517853259921
SQUARETEXT,Square Textiles PLC,48.7,0.0,-1.6161616161616104,0.4123711340206244,-4.509803921568622,1.0373443983402488,0.4123711340206244,-12.567324955116696,-7.414448669201518,-21.27309344604529,-36.181711494937566,1.3687124963356565,2.092346981820687
SQURPHARMA,Square Pharmaceuticals PLC,217.1,-0.04604051565377271,-0.5952380952381005,0.46274872744099954,-2.645739910313904,0.9298000929800093,9.095477386934672,2.4056603773584877,-9.579341940857976,13.796299913842942,107.40293344268203,0.5350981451489704,0.7051811124433114
SSSTEEL,S.S. Steel Ltd,5.3,0.0,-10.169491525423737,-19.696969696969695,-22.058823529411764,-3.63636363636364,29.268292682926834,1.9230769230769162,-78.72118968726778,-85.7815841668091,-85.7815841668091,5.524573774822037,4.797038735229986
STANCERAM,Standard Ceramic Industries Ltd.,65.2,1.557632398753894,-1.0622154779969692,-1.3615733736762354,-8.42696629213483,-8.169014084507038,-6.9900142653352235,-16.41025641025641,-67.8342377898372,16.63685152057246,166.12244897959187,2.671747346253014,4.9130533233873885
STANDARINS,Standard Insurance PLC,48.1,0.20833333333333628,-7.854406130268201,-3.2193158953722363,-8.901515151515143,24.61139896373057,23.017902813299234,11.860465116279073,-45.526613816534535,389.05006731911436,84.28503537296659,2.817966981764193,3.40895197389479
STANDBANKL,Standard Islami Bank PLC,4.3,2.3809523809523725,-2.2727272727272845,-4.444444444444448,-8.510638297872347,-20.37037037037038,-10.416666666666668,-24.561403508771935,-52.51818292995904,-28.581972932996248,-52.53264951735761,3.7984496124031035,3.354630570275386
STYLECRAFT,Stylecraft Limited,51.3,0.7858546168958714,-3.0245746691871482,-3.2075471698113263,-11.39896373056995,-5.175600739371543,8.68644067796609,-27.027027027027028,-67.9375,8.012385109386727,108.882015677965,5.628536269689297,5.040455948828847
SUMITPOWER,Summit Power Ltd.,15.1,0.6666666666666643,-2.5806451612903247,-2.5806451612903247,-9.580838323353293,8.63309352517985,21.774193548387093,2.0270270270270196,-68.8659793814433,-52.95950155763239,-67.1109589502894,2.002720120894262,2.521740900853971
SUNLIFEINS,Sunlife Insurance Co. Ltd.,55.8,-3.793103448275867,-4.45205479452055,14.11042944785276,-26.482213438735187,-12.401883830455267,5.8823529411764595,-2.1052631578947416,56.74157303370785,216.19999898816,-39.66904042456344,7.1989398672947305,6.04423571569268
TAKAFULINS,Takaful Islami Insurance PLC,48.6,-0.6134969325153317,-10.497237569060765,-11.796733212341197,-0.816326530612242,54.28571428571429,42.94117647058824,34.25414364640883,-10.989010989010989,258.35817326930027,58.28327285844603,4.9249021012479,4.452256399692004
TALLUSPIN,Tallu Spinning Mills Limited,6.0,-3.2258064516129057,-11.76470588235294,-22.077922077922082,-26.829268292682922,-26.829268292682922,-4.761904761904759,0.0,-47.82608695652174,-60.264900662251655,-73.91304350094518,4.752471913332571,4.316710237177075
TAMIJTEX,Tamijuddin Textile Mills PLC,114.8,4.458598726114642,2.5915996425379726,-5.123966942148762,-12.633181126331818,-0.9490940465918969,-8.888888888888891,-9.606299305127417,-20.57861643162265,770.8965505229013,770.8965505229013,3.4721595507669765,3.822097126869864
TECHNODRUG,Techno Drugs Ltd.,35.5,-0.5602240896358622,-12.345679012345679,-18.202764976958523,-18.202764976958523,-3.7940379403794,21.57534246575343,-0.5602240896358622,34.469696969696976,34.469696969696976,34.469696969696976,6.59842594706646,4.502905164284482
TILIL,Trust Islami Life Insurance Ltd.,46.5,-1.0638297872340425,-2.9227557411273457,-2.310924369747902,-11.931818181818178,-0.21459227467811462,4.729729729729733,-20.918367346938773,322.72727272727275,322.72727272727275,322.72727272727275,3.4743100914896297,4.143324575266727
TITASGAS,Titas Gas Transmission and Distribution PLC,17.1,1.1834319526627388,-3.932584269662917,-4.469273743016744,-14.070351758793956,-0.5813953488371969,9.615384615384627,-13.197969543147197,-63.066954643628506,-65.17311608961303,-73.19749216300941,2.847894039211034,3.340764208730323
TOSRIFA,Tosrifa Industries PLC,18.2,-2.1505376344086136,-9.000000000000004,-9.000000000000004,-25.71428571428572,3.999999999999996,7.058823529411761,-10.784313725490193,-9.879227404698188,-8.0387325497937,-58.082215092738906,4.008380802632775,4.891463984210532
TRUSTB1MF,Trust Bank 1st Mutual Fund Units,3.4,0.0,-10.526315789473683,-8.108108108108116,6.249999999999991,3.030303030303033,41.66666666666667,9.677419354838703,-46.87500000000001,-19.216000407797637,-47.9494004180444,4.640522875816999,5.155194317622446
TRUSTBANK,Trust Bank PLC,13.5,0.7462686567164152,0.0,-7.534246575342464,-14.012738853503182,-20.81005564472083,-18.534482554956888,-19.91525406083022,-36.99723448940773,28.34336070820528,42.22676343966692,1.5015149814835538,1.86573454498006
TUNGHAI,Tung Hai Knitting & Dyeing Ltd,5.0,6.382978723404251,19.047619047619044,11.11111111111111,72.41379310344828,28.205128205128208,212.5,150.0,-29.577464788732392,-54.54545458677686,-79.83333337420444,7.837393360057565,7.043125046454654
UCB,United Commercial Bank PLC,8.1,-3.5714285714285796,-7.954545454545467,-10.000000000000004,-10.989010989010989,-14.736842105263161,-22.85714285714286,-21.359223300970882,-40.101981478955885,-35.60444944347899,-36.12509392824653,4.9393900672970465,3.935721825924389
UNILEVERCL,Unilever Consumer Care Limited,1983.4,-0.1862009964269447,0.17171717171717632,-0.38672090804077236,-3.531128404669256,-6.022269604359153,-8.175925925925922,-17.35833333333333,10.188888888888894,96.40054462185915,493.1663551401869,0.4730122699067254,0.7332395008489605
UNIONCAP,Union Capital Limited,4.0,0.0,-6.976744186046508,-11.11111111111111,-13.04347826086956,-27.272727272727273,42.85714285714287,2.5641025641025665,-70.58823529411765,-66.999999860575,-78.85323328852984,5.089743589743588,4.555162333097672
UNIONINS,Union Insurance PLC,45.6,0.6622516556291486,-8.064516129032258,-7.505070993914798,4.827586206896555,35.714285714285715,23.913043478260885,29.545454545454536,314.54545454545456,314.54545454545456,314.54545454545456,4.806398875097597,4.4662378107603695
UNIQUEHRL,Unique Hotel & Resorts PLC,41.7,0.0,-3.472222222222222,-2.112676056338025,-14.897959183673464,8.031088082901556,8.877284595300276,4.250000000000007,-32.85024154589372,-9.150326797385611,-67.0876085240726,2.7104369590421964,3.5774080244478474
UNITEDFIN,United Finance PLC,16.1,-1.2269938650306704,-4.733727810650871,-6.936416184971094,-1.8292682926829096,28.800000000000008,38.79310344827588,21.969696969696987,-34.28571428571428,-14.66225919956826,-30.939541593903602,2.8598049275933923,3.4187037279994135
UNITEDINS,United Insurance Company Limited,57.1,0.0,-10.641627543035991,-6.239737274220028,26.888888888888893,37.92270531400967,36.60287081339714,29.772727272727277,-10.781249999999998,151.02676475238115,49.56249483960281,4.200507109338384,4.066272111554919
UPGDCL,United Power Generation & Distribution Co. Ltd.,113.5,-0.52585451358457,-1.3043478260869565,-0.43859649122807015,-18.754473872584104,-4.0574809805579015,-2.239448751076653,-22.20699108978753,-61.951055983908816,20.533377774347244,103.48002040140524,0.9564785711688744,1.4610675205301762
USMANIAGL,Usmania Glass Sheet Factory Limited,51.3,-0.7736943907156782,-2.8409090909090913,-7.567567567567573,-19.843750000000004,55.454545454545446,50.882352941176464,40.93406593406593,-23.432835820895527,-30.82036494782749,5.78637986922457,4.2700951720033995,5.63091861823534
UTTARABANK,Uttara Bank PLC,20.7,0.4854368932038731,0.4854368932038731,-0.9569377990430589,-3.720930232558143,2.272727272727277,12.991266375545845,20.348837209302328,52.9098347081917,131.2365314425108,59.73014205185038,0.7795406109400839,0.8252029152841416
UTTARAFIN,Uttara Finance and Investments Limited,10.7,-0.925925925925939,-8.547008547008547,-15.079365079365083,-18.93939393939394,-20.740740740740744,8.080808080808069,-13.709677419354847,-78.29614604462475,-80.46086951815357,-84.87331699081089,5.673084962289501,5.813421946038216
VAMLRBBF,Vanguard AML Rupali Bank Balanced Fund Units,8.4,1.2048192771084292,3.7037037037037126,3.7037037037037126,12.000000000000004,37.7049180327869,47.368421052631575,50.000000000000014,-5.617977528089887,-23.63636363636363,-23.63636363636363,5.644906743185085,2.8717806260420273
VFSTDL,VFS Thread Dyeing Ltd.,12.1,0.0,-9.701492537313436,-17.123287671232877,-29.651162790697672,3.418803418803422,-5.468750000000009,49.382716049382715,-51.8749998796875,-48.92180177459447,-48.92180177459447,4.471966495894709,4.350873365626399
WALTONHIL,Walton Hi-Tech Industries PLC,331.1,-0.3611194703581067,-1.838126297064924,-6.612820606207681,-8.673520653515332,-5.153645928179686,-4.155263253739468,-12.512611184559901,-67.17484644015963,5.987036824950812,5.987036824950812,0.9420210165135215,1.4488915532055293
WATACHEM,Wata Chemicals Ltd.,129.0,3.365384615384618,0.4672897196261638,-3.8031319910514503,-7.857142857142857,-4.444444444444445,-9.154929577464788,-9.916201117318428,-58.38709677419355,34.293014240705745,511.4062502579371,2.6983594644885196,3.3260553661561176
WMSHIPYARD,Western Marine Shipyard Limited,8.0,-1.2345679012345634,-6.976744186046508,-11.11111111111111,-20.79207920792079,-13.97849462365592,-2.439024390243894,-10.1123595505618,-45.205479452054796,-39.385600046425786,-76.76448004420419,4.236007320420913,3.302347621136032
YPL,Yeakin Polymer Ltd.,19.8,2.5906735751295336,-7.906976744186044,-5.714285714285711,-23.552123552123543,15.11627906976745,11.864406779661026,14.45086705202312,43.47826086956522,-29.73629684435844,-20.98139454175599,4.6799828178694245,6.26525722255705
ZAHEENSPIN,Zaheen Spinning PLC,4.6,2.2222222222222143,-9.803921568627452,-19.298245614035096,-19.298245614035096,-20.689655172413797,14.999999999999991,-8.000000000000007,-54.90196078431373,-62.97000006424705,-67.67836474313194,6.594104308390018,5.363053601949157
ZAHINTEX,Zahintex Industries Ltd.,7.5,1.3513513513513467,2.739726027397263,-9.638554216867478,-22.680412371134015,4.166666666666664,29.310344827586214,33.92857142857144,-17.58241758241758,-53.59375025378419,-68.38387117216978,7.365161051462415,5.753256982963389
ZEALBANGLA,Zeal Bangla Sugar Milla Limited,175.0,-4.214559386973174,-2.7237354085603145,-2.7777777777777777,-4.891304347826087,29.056047197640122,22.377622377622377,78.38939857288483,25.0,717.7570093457945,1911.4942528735635,6.298096245357129,6.4572797819032495
