Symbol,Name,Price,Change %,Perf % 1W,Perf % 1M,Perf % 3M,Perf % 6M,Perf % YTD,Perf % 1Y,Perf % 5Y,Perf % 10Y,Perf % All Time,Volatility 1W,Volatility 1M
1JANATAMF,First Janata Bank Mutual Fund Units,4.0,2.5641025641025665,17.647058823529413,29.032258064516125,33.333333333333336,73.91304347826089,53.84615384615385,14.285714285714286,-55.0561797752809,-6.720000532442244,-26.42704237624497,5.307655833971623,5.835020601474212
1STPRIMFMF,Prime Finance First Mutual Fund 2009 Units,23.5,-0.8438818565400814,-3.2921810699588505,3.070175438596488,22.395833333333336,21.76165803108808,17.5,0.42735042735043344,7.305936073059367,186.58536585365854,-23.20261437908497,3.0419340069888734,4.362043313389616
AAMRANET,aamra networks ltd,21.3,0.4716981132075539,1.428571428571432,8.673469387755098,28.313253012048186,31.48148148148149,19.662921348314605,10.362694300518134,-38.10032488128763,-64.64467644706613,-64.64467644706613,2.239351027843084,3.4571428837155014
AAMRATECH,Aamra Technologies Limited,19.5,1.5625000000000038,12.068965517241388,28.28947368421053,48.85496183206107,72.56637168141592,58.53658536585365,53.543307086614185,-26.702127949127057,-5.224890959523799,-33.68375014333705,4.223063661473077,5.112962486421398
ABB1STMF,AB Bank 1st Mutual Fund 2011 Units,4.1,0.0,10.810810810810795,28.124999999999982,28.124999999999982,63.999999999999986,51.851851851851826,10.810810810810795,-47.43589743589744,-3.4860006761770963,-38.84163934824627,6.070512820512824,6.219551844579486
ABBANK,AB Bank PLC,5.2,4.0000000000000036,4.0000000000000036,4.0000000000000036,-7.1428571428571335,18.181818181818176,26.829268292682944,-27.77777777777778,-58.8128262910276,-60.83485890972577,-77.40472631370896,3.6244897959183646,3.3494036575669215
ACFL,Aman Cotton Fibrous PLC,23.4,2.6315789473684115,1.2987012987012863,-5.263157894736844,32.20338983050847,33.71428571428571,29.999999999999993,28.571428571428566,-50.52854122621565,-61.0,-61.0,2.6220439408304665,3.3021412745799408
ACI,Advanced Chemical Industries PLC,202.0,1.2531328320802004,-2.179176755447942,4.935064935064935,-1.7509727626459117,-3.210349784379487,3.58974358974359,4.66321243523316,-10.9149014343691,-22.98026910139052,224.36353570081434,1.7818549100278631,2.2305701936660114
ACIFORMULA,ACI Formulations PLC,174.4,1.3953488372093057,-7.480106100795753,16.733601070950467,21.111111111111114,30.832708177044253,35.19379844961241,26.376811594202902,16.636942966751594,11.454656391934664,152.92817742790058,4.0675365766123255,3.8231795236193915
ACMELAB,ACME Laboratories Ltd.,83.3,0.8474576271186476,-1.7688679245283019,1.9583843329253297,9.749670619235824,11.962365591397836,16.83029453015428,3.9950062421972574,10.771276595744673,-27.628149435273674,-38.2962962962963,1.5255365931471214,2.129743187542184
ACMEPL,ACME Pesticides Ltd,23.3,9.905660377358497,3.0973451327433597,-2.5104602510460166,3.555555555555559,50.322580645161295,46.540880503144656,52.287581699346404,111.81818181818181,111.81818181818181,111.81818181818181,4.9306705665461985,3.174313900175767
ACTIVEFINE,Active Fine Chemicals Ltd.,6.9,2.9850746268656745,1.4705882352941255,-5.479452054794513,2.985074626865674,23.214285714285726,27.777777777777775,-22.47191011235955,-72.4,-71.55391111546581,-76.59999983558957,2.696011919014554,3.6237261112928465
ADNTEL,ADN Telecom Ltd.,67.9,1.951951951951969,-0.7309941520467835,-0.4398826979472099,15.476190476190492,11.49425287356323,17.271157167530237,-11.818181818181811,29.333333333333343,67.65432098765433,67.65432098765433,2.3697176100521675,2.6603814353240547
ADVENT,Advent Pharma Ltd.,15.7,0.6410256410256387,-1.2578616352201324,-1.2578616352201324,13.768115942028974,17.164179104477604,17.164179104477604,-4.268292682926825,-40.68888907868445,-57.37073226976381,-57.37073226976381,2.7475515435464946,2.307600436816111
AFCAGRO,AFC Agro Biotech Ltd.,7.3,1.388888888888884,-1.3513513513513584,-7.594936708860766,8.955223880597009,43.137254901960794,45.99999999999999,-13.095238095238102,-72.96296296296296,-77.2299999063186,-68.14097496727122,4.035364483435672,4.289595173458072
AFTABAUTO,Aftab Automobiles Ltd.,30.8,0.9836065573770515,-3.144654088050314,-0.32362459546924877,11.191335740072207,-0.6451612903225784,-9.941520467836263,-16.531165311653112,14.719595160150583,-30.415983262665463,-54.723999631045885,2.982577500423516,2.681478168977429
AGNISYSL,Agni Systems PLC,33.0,1.5384615384615385,-3.508771929824569,10.0,33.603238866396765,46.666666666666664,58.65384615384615,25.95419847328245,37.5,113.4169010108194,78.05842279226805,3.405648163311694,3.7899486694670066
AGRANINS,Agrani Insurance PLC,28.8,-1.0309278350515487,-0.3460207612456674,7.865168539325849,24.137931034482765,15.200000000000003,21.008403361344538,5.109489051094899,-41.09920938898333,239.80795465549795,74.56263552902101,2.880743074892009,4.355890862101807
AIBL1STIMF,AIBL 1st ISLAMIC Mutual Fund 2010- Units,6.7,-4.285714285714283,4.687499999999997,63.414634146341484,67.5,91.42857142857143,97.05882352941177,13.559322033898303,-30.92783505154638,-4.285714285714283,-12.987012987012987,6.885198135198136,7.268017817559341
AIL,Alif Industries Ltd.,38.6,-0.2583979328165411,1.8469656992084509,14.540059347181005,38.84892086330935,40.875912408759135,-5.159705159705163,-16.08695652173913,12.925531788753409,-65.05215394544875,-65.05215394544875,3.048408336122226,3.624719715527128
AL-HAJTEX,Alhaj Textile Mills Limited,99.3,0.5060728744939271,-9.232175502742239,-1.7804154302670596,-5.965909090909089,-20.560000000000002,-27.623906705539355,-23.61538461538462,130.93023255813952,43.81751861096923,328.8646885406284,5.1137331286172785,3.97339429165611
ALARABANK,Al-Arafah Islami Bank PLC,17.3,-0.5747126436781487,-0.5747126436781487,17.68707482993198,15.333333333333337,33.07692307692308,15.333333333333337,-4.419889502762435,-17.21261073712969,49.53997324888927,-3.316958368745572,1.972078558631646,3.2434113441416117
ALIF,Alif Manufacturing Company Ltd.,5.7,1.7857142857142954,3.63636363636364,5.555555555555552,21.27659574468085,50.00000000000001,42.50000000000001,-3.3898305084745792,-57.46268656716418,-32.644946170402264,-66.2463325219078,4.43197927160191,3.9651674404594424
ALLTEX,Alltex Industries Limited,19.1,-1.0362694300518096,-4.020100502512549,6.703910614525156,32.63888888888889,40.44117647058825,42.53731343283583,73.63636363636364,35.46099290780143,4.945054945054957,149.95061643226708,3.278905375139976,3.49004906678733
AMANFEED,Aman Feed PLC,38.5,1.3157894736842104,3.7735849056603734,14.583333333333329,48.07692307692308,61.76470588235294,67.3913043478261,57.142857142857146,-46.15384615384615,-34.01433777191472,14.80784119436594,2.976869415036282,3.5608270890154046
AMBEEPHA,Ambee Pharmaceuticals PLC,825.0,2.8293655739748282,0.012122681537158776,8.409986859395532,9.474522292993628,16.197183098591548,14.583333333333334,-1.3157894736842106,89.1334250343879,150.7598784194529,341.373162708294,2.363296217938056,2.235770585719889
AMCLPRAN,Agricultural Marketing Co. Ltd.,231.0,1.5831134564643774,-7.228915662650603,3.125,8.603667136812417,8.298171589310824,14.186851211072659,2.7123165851489524,12.135922330097088,12.737920937042457,87.8048780487805,1.6367680231728563,2.4164166668522626
ANLIMAYARN,Anlima Yarn Dyeing Ltd.,34.1,3.3333333333333375,1.4880952380952381,3.3333333333333375,65.53398058252426,87.36263736263737,63.94230769230769,54.29864253393665,-9.549071618037138,-3.943661971830982,70.50000000000001,3.4673573145831487,4.385942717267186
ANWARGALV,Anwar Galvanizing Ltd.,114.3,1.3297872340425532,-0.6086956521739155,-5.145228215767637,12.058823529411763,28.716216216216218,31.986143187066983,61.21297602256698,-28.388444708840233,240.932135554209,1314.4624913894597,2.4560179249050083,2.8008551685864327
AOL,Associated Oxygen Ltd,17.5,0.0,-2.234636871508372,-12.060301507537682,10.062893081761004,22.377622377622373,15.131578947368425,11.464968152866247,-65.32407410181482,34.81999926895203,34.81999926895203,2.7961770881117625,2.898555191454765
APEXFOODS,Apex Foods Limited,284.9,1.0642071656615821,-1.2135922330097089,4.358974358974351,3.8265306122448983,19.505033557046968,15.90724165988607,27.074041034790362,100.91678420310294,134.87221764220936,297.90502793296093,2.5185236647913145,3.3422776587379084
APEXFOOT,Apex Footwear Ltd.,217.1,0.8828996282527908,0.976744186046509,5.696202531645564,5.902439024390242,20.544142143253747,21.0819854991634,23.240236148955496,67.81421728449119,13.211979422298597,62.912427430699545,2.313620129049964,2.21276879242781
APEXSPINN,Apex Spinning and Knitting Mills Ltd.,376.9,0.5602988260405458,-4.582278481012664,6.258810262193401,0.7754010695187105,89.3969849246231,109.38888888888887,168.2562277580071,207.17196414017928,289.3595041322314,438.4285714285714,4.250071384940845,4.948334546322242
APEXTANRY,Apex Tannery Limited.,105.0,2.239532619279452,-3.669724770642202,2.239532619279452,5.105105105105099,40.37433155080215,76.1744966442953,53.958944281524914,-6.25,-31.7738791423002,43.638850889192895,3.6493000692964714,4.189539843696615
APOLOISPAT,Appollo Ispat Complex Ltd.,3.2,0.0,10.344827586206907,-3.0303030303030196,0.0,77.77777777777777,88.23529411764707,-5.882352941176462,-68.0,-74.10285728249825,-86.86253179522357,5.918288839451237,5.880007736853096
ARAMIT,Aramit Limited,209.9,1.1566265060240992,5.956587582029284,-1.9158878504672872,22.176949941792778,21.32947976878613,15.520088057237215,8.756476683937827,-35.33579790511399,-52.077625570776256,-0.9905660377358464,3.4154122174649233,4.764975725403404
ARAMITCEM,Aramit Cement Limited,12.4,0.0,-3.1250000000000027,5.0847457627118615,16.981132075471702,27.835051546391767,40.9090909090909,-10.79136690647482,-76.99443413729128,-63.31360946745563,-65.68913034443987,5.38041621738833,5.2587036616756775
ARGONDENIM,Argon Denims Ltd.,22.6,7.109004739336493,7.109004739336492,15.306122448979592,36.969696969696976,29.14285714285715,28.409090909090907,28.409090909090907,-6.841211127966051,38.641757910549664,-41.3865304314243,3.7113762602839087,3.6253670435054057
ASIAINS,Asia Insurance PLC,42.0,-0.47393364928910625,-0.943396226415091,-0.943396226415091,3.960396039603964,7.6923076923076925,52.72727272727273,46.853146853146846,-57.61856710393541,236.0,27.08933747428763,2.552592330404889,3.4018477974922345
ASIAPACINS,Asia Pacific General Insurance PLC,44.0,0.22779043280182557,-1.5659955257270757,-5.172413793103446,12.820512820512821,5.26315789473685,39.24050632911391,38.36477987421384,-39.89071038251367,209.85915492957747,29.79351032448378,2.3319396460134243,3.7536631619400853
ASIATICLAB,Asiatic Laboratories Ltd,123.0,1.3179571663920875,-7.309721175584016,-1.8355945730247385,8.849557522123893,114.28571428571428,155.18672199170123,167.9738562091503,114.65968586387434,114.65968586387434,114.65968586387434,3.1803058111706006,3.998618927805661
ATLASBANG,Atlas Bangladesh Limited,96.0,4.803493449781666,-2.0408163265306123,35.78500707213578,42.85714285714285,88.23529411764706,69.3121693121693,68.42105263157895,-20.0,3.013513566595052,-14.653435157335084,4.873027383658167,6.259659167432164
AZIZPIPES,Aziz Pipes Limited.,73.3,0.5486968449931295,-2.9139072847682157,-9.729064039408874,32.07207207207207,78.34549878345497,56.623931623931625,36.49906890130353,-29.178743961352662,60.101722894654564,371.4106284430654,4.449156376386075,4.646378755260699
BANGAS,Bangas Limited,138.4,1.4662756598240467,-0.3599712023038157,1.7647058823529453,3.283582089552243,17.089678510998308,6.134969325153374,31.184834123222753,13.442622950819676,-4.667427315574728,-1.2913716843557588,1.861294168642314,2.7133925146465736
BANKASIA,Bank Asia PLC,18.2,0.0,-2.6737967914438503,-1.0869565217391266,-10.240909463409318,-1.2650004097502594,7.320651703218654,6.740540128868229,11.393332784278456,81.88486760634463,56.56683748610453,1.5349375582380569,2.4039435526512927
BARKAPOWER,Baraka Power Ltd.,8.1,1.2499999999999956,1.2499999999999956,-3.5714285714285796,7.999999999999996,3.846153846153844,19.117647058823525,-27.027027027027028,-70.43795620437956,-62.19099178954282,-64.3025893866434,2.2595718080950062,2.864557031960284
BATASHOE,Bata Shoe Co. (Bangladesh) Ltd.,911.0,1.379924326730467,1.9243678675318916,2.937853107344633,11.888970768852857,11.546467491122806,13.294366372341745,0.6629834254143646,38.260737592957966,-23.251895534962088,76.89320388349515,1.443317905244944,1.8730668239024275
BATBC,British American Tobacco Bangladesh Co Ltd,235.8,0.7692307692307742,6.311992786293958,8.663594470046089,4.336283185840713,-12.601927353595256,-4.919354838709673,-20.739495798319325,-58.353938537619214,-22.744810978210776,153.24582845091604,2.9238964507372263,1.6735038156487207
BAYLEASING,Bay Leasing and Investment Ltd.,5.3,-1.8518518518518614,12.765957446808503,12.765957446808503,10.416666666666668,39.473684210526315,60.60606060606061,3.9215686274509842,-80.1249999503125,-61.359153175372356,-79.8013755921011,7.88329918324369,4.9902973801458455
BBS,Bangladesh Building Systems PLC,15.2,2.0134228187919394,0.0,-6.74846625766872,34.513274336283175,72.7272727272727,65.21739130434783,34.513274336283175,-21.649484536082472,-36.502619650012456,-29.898891815762866,3.122346759667433,3.2583461140712813
BBSCABLES,BBS Cables PLC,22.7,1.793721973094164,0.0,-5.809128630705403,18.229166666666668,54.421768707483,49.3421052631579,35.92814371257485,-60.02116593599949,-21.47366491704458,-21.47366491704458,2.353691933716734,2.216300293021278
BDAUTOCA,Bangladesh Autocars Limited,217.5,6.61764705882353,3.1783681214421198,3.5714285714285716,-3.675819309123123,71.93675889328063,71.25984251968504,111.98830409356725,54.584221748400864,714.2480104313144,907.4594031206022,4.356316640777179,3.6917718482008715
BDCOM,BDCOM Online Ltd.,32.8,1.8633540372670632,7.189542483660117,0.0,17.14285714285713,23.773584905660368,26.153846153846146,45.316456027303296,36.9772734211093,92.22639979026974,172.75699031198684,2.8956159188213597,4.819542479798879
BDFINANCE,Bangladesh Finance PLC,13.9,2.205882352941182,7.751937984496124,9.448818897637805,20.869565217391308,14.876033057851245,6.923076923076925,26.36363636363637,-69.43153538855871,74.68580693439841,-14.44554667577199,5.688360454621451,4.331031702638379
BDLAMPS,Bangladesh Lamps PLC,184.1,2.5055679287305126,0.8767123287671201,5.320366132723102,-6.643002028397564,32.92418772563176,36.87732342007434,36.26943005181347,9.194567537548146,5.96395903059448,64.15583320200867,2.4799065415619688,3.3386862273309226
BDTHAI,Bangladesh Thai Aluminium Ltd.,19.1,-0.5208333333333223,2.6881720430107525,-13.574660633484163,57.85123966942151,76.85185185185186,70.5357142857143,44.69696969696972,-26.25482625482625,6.665888754015365,19.8866601557749,4.778140521903054,5.176378106519445
BDTHAIFOOD,BD Thai Food & Beverage Ltd.,24.6,4.23728813559322,13.364055299539181,-8.550185873605939,30.158730158730172,86.36363636363639,70.83333333333334,75.71428571428574,103.30578512396697,103.30578512396697,103.30578512396697,6.237383423837028,5.22391721723564
BDWELDING,Bangladesh Welding Electrodes Ltd.,13.8,0.0,-3.4965034965034962,-8.609271523178801,-13.207547169811319,-5.479452054794513,-23.756906077348066,32.69230769230769,-34.59715639810427,42.22448975238026,-37.189270227824004,2.31584833235103,4.251810710176696
BEACHHATCH,Beach Hatchery Ltd,34.1,0.5899705014749347,-1.445086705202312,4.2813455657492305,18.81533101045297,10.000000000000004,-27.13675213675213,-28.66108786610878,63.94230769230769,244.44444444444449,51.07594971131229,3.2225084367398757,3.109307814709105
BEACONPHAR,Beacon Pharmaceuticals PLC,109.6,1.2003693444136632,-0.4541326067211626,-0.9041591320072333,4.880382775119612,5.689488910318217,4.680038204393497,-3.008849557522129,-40.98007539041465,564.2424242424242,611.6883116883115,2.001343303019988,2.246898549297735
BENGALWTL,Bengal Windsor Thermoplastics PLC,24.4,2.5210084033613356,-1.214574898785428,-3.1746031746031775,5.627705627705615,41.04046242774565,40.229885057471265,31.182795698924718,-8.955223880597023,-41.65217397139131,-50.711185407014284,2.958197251001077,3.019492300430125
BERGERPBL,Berger Paints Bangladesh Ltd.,1403.0,0.2715837621497966,0.5734767025089605,-1.6749597028523435,0.935251798561151,-0.7989818284663759,1.5930485155684286,-9.442974246433872,-21.794871794871796,30.390334572490705,434.4761904761905,0.5764419610409588,1.009745664297291
BESTHLDNG,Best Holdings PLC,15.7,0.0,-3.680981595092033,-0.6329113924050722,25.599999999999994,33.05084745762711,16.29629629629629,-4.848484848484853,-46.59863945578231,-46.59863945578231,-46.59863945578231,5.132996723668125,4.010028580383443
BEXIMCO,Bangladesh Export Import Company Ltd.,23.1,0.0,-12.167300380228134,-9.765625,-79.01907356948229,-79.01907356948229,-79.01907356948229,-79.01907356948229,-73.02002218106668,10.500568998283827,-41.83362764220963,4.630291722729613,5.600411609452452
BGIC,Bangladesh General Insurance Company PLC,39.7,1.01781170483462,-7.459207459207449,-2.6960784313725354,3.116883116883124,10.277777777777786,28.478964401294515,13.428571428571436,-23.65384615384615,168.24324324324323,26.837060702875405,4.321938154458096,4.023969874190324
BIFC,Bangladesh Industrial Finance Company Ltd.,5.0,2.0408163265306047,16.279069767441865,13.636363636363628,4.1666666666666705,194.11764705882354,194.11764705882354,-21.875000000000004,-23.076923076923077,-33.333333333333336,-75.4560077409788,10.385291396854765,8.191720876997424
BNICL,Bangladesh National Insurance Company Ltd,120.9,2.893617021276601,6.896551724137941,-2.4999999999999956,45.31250000000001,113.98230088495576,168.66666666666669,186.49289099526064,1.5966386554621896,830.0,226.75675675675674,5.434324565651043,4.694145673392931
BPML,Bashundhara Paper Mill Ltd.,29.2,1.0380622837370268,0.6896551724137907,4.285714285714283,5.797101449275353,21.161825726141068,12.741312741312743,-13.353115727002976,-37.06896551724138,-81.16129032258064,-81.16129032258064,2.5716907669989704,2.793320466469339
BPPL,Baraka Patenga Power Ltd.,20.4,0.9900990099009866,0.0,0.4926108374384131,30.769230769230763,34.210526315789465,36.912751677852334,35.99999999999999,-53.10344827586207,-36.05015673981191,-36.05015673981191,3.1670534043695633,2.98097092527398
BRACBANK,BRAC Bank PLC,64.3,-0.6182380216383395,0.46874999999999556,-1.3803680981595179,1.2945447066941174,0.19650085851244126,17.001610187623,10.037228628597566,136.42773732165202,281.29749045048,876.741541789653,1.4799238973516506,2.2779390802867443
BSC,Bangladesh Shipping Corporation,122.8,4.06779661016949,0.32679738562090804,10.830324909747294,18.9922480620155,8.672566371681414,9.349955476402494,13.80908248378127,166.37744034707157,252.65641138491077,145.89419563509324,3.1893764311210546,3.2167271544661586
BSCPLC,Bangladesh Submarine Cables PLC,159.6,1.980830670926514,-2.145922746781116,7.330195023537327,13.111268603827073,15.652173913043475,24.39594699922056,20.452830188679243,-11.578947368421055,42.49999999999999,264.6333104866346,2.014838958872904,2.679513478031503
BSRMLTD,Bangladesh Steel Re-Rolling Mills Ltd.,103.7,0.6796116504854397,-2.2620169651272306,8.359456635318704,23.305588585017848,25.09047044632086,35.910878112712986,26.30937880633375,15.47884187082406,-23.255657644482202,130.0411659731309,2.768354051360283,4.1864656174964265
BSRMSTEEL,BSRM Steels Limited,95.5,0.4206098843322878,-2.848423194303151,19.375,36.42857142857143,32.27146814404431,50.39370078740158,48.522550544323494,60.774410774410775,9.313215292562376,69.69615410866074,2.580033611015581,4.142594978021976
BXPHARMA,Beximco Pharmaceuticals Plc,148.5,0.9517335146159114,-1.1318242343541869,6.071428571428571,30.263157894736842,26.382978723404257,44.1747572815534,37.88300835654596,-19.72972972972973,88.84393043498679,237.88625836227877,2.3478371670151783,2.6994102470121475
CAPITECGBF,CAPITEC GRAMEEN BDT10 (MUTUAL FUND) Units,9.7,2.1052631578947296,16.867469879518055,32.87671232876712,36.619718309859145,38.57142857142856,42.647058823529406,24.35897435897435,-32.63888888888889,-32.63888888888889,-32.63888888888889,5.198244052547015,4.068679103603146
CAPMBDBLMF,CAPM BDBL Mutual Fund 01 Units,10.2,1.9999999999999927,3.0303030303030196,5.154639175257732,-15.000000000000005,-0.9708737864077808,0.9900990099009866,8.510638297872328,-25.000000000000004,-5.555555555555569,-5.555555555555569,2.9381188118811847,3.972537567878018
CAPMIBBLMF,CAPM IBBL Islamic Mutual Fund Units,12.9,-2.272727272727265,-12.244897959183666,27.72277227722773,48.27586206896554,67.53246753246754,72.0,43.33333333333334,-43.421052631578945,29.000000000000007,29.000000000000007,5.798087971321079,6.76058079695891
CENTRALINS,Central Insurance PLC,41.5,0.7281553398058184,-3.037383177570087,-2.5821596244131486,-1.658767772511855,-7.572383073496657,1.9656019656019585,-3.488372093023256,-39.32748538011696,225.73034032475493,57.6264204314491,2.5058432810192786,3.3388383475741468
CENTRALPHL,Central Pharmaceuticals Ltd.,11.4,4.587155963302751,5.555555555555552,11.764705882352953,35.714285714285715,39.02439024390246,29.545454545454536,-1.7241379310344767,-32.14285714285714,-10.039130374156803,-66.68749008284388,4.12964708247727,4.8045617215805905
CITYBANK,City Bank PLC,32.1,0.9433962264150966,1.5822784810126582,5.5921052631579045,12.203647071958406,40.8969461669323,51.290983138423385,53.812499538562506,93.43337896908821,152.8467453837504,216.1916003447233,3.4459218595147103,2.4166729668408977
CITYGENINS,City Insurance PLC,110.5,2.409638554216862,3.17460317460318,3.853383458646611,8.333333333333334,28.63795110593713,27.450980392156858,120.11952191235059,159.38967136150237,1138.009257138595,360.9203685114825,0.9441647166919351,0.6213813444375412
CLICL,Chartered Life Insurance PLC,51.3,1.9880715705765408,-10.000000000000004,-5.000000000000005,-9.683098591549296,-12.60647359454856,-8.064516129032258,5.338809034907586,366.3636363636363,366.3636363636363,366.3636363636363,5.977400419995393,4.765599741063492
CNATEX,C & A Textiles Ltd,3.3,3.124999999999989,9.999999999999995,3.124999999999989,0.0,57.142857142857125,37.49999999999999,0.0,-41.07142857142857,-55.18518522391404,-80.73175351329935,5.234288097886537,5.975601103146922
CONFIDCEM,Confidence Cement PLC,69.1,1.0233918128654804,-1.4265335235378032,6.307692307692299,8.307210031347958,31.87022900763358,39.87854251012145,24.504504504504496,-45.54485319370776,55.1130765315194,28.85852856723339,3.1960589975858626,3.332962028964208
CONTININS,Continental Insurance PLC,33.4,0.0,-1.4749262536873158,0.3003003003003046,15.570934256055365,23.7037037037037,38.01652892561983,28.957528957528957,-29.719438709448355,278.913820277488,45.46738421424251,4.956380617319702,5.353550401158018
COPPERTECH,Coppertech Industries Ltd,27.0,-0.3690036900369056,1.8867924528301887,-2.173913043478266,23.28767123287672,39.89637305699481,42.85714285714287,18.942731277533042,-19.460227071377844,4.18625078775224,4.18625078775224,2.4416222348706667,2.6355729345115755
CROWNCEMNT,Crown Cement PLC,70.0,0.14306151645206625,4.477611940298507,20.274914089347075,36.98630136986301,46.137787056367436,49.57264957264959,41.98782961460447,-7.28476821192053,-7.28476821192053,-13.366336633663364,3.6522305837392492,4.0743041313557615
CRYSTALINS,Crystal Insurance Company Ltd,67.8,-0.2941176470588277,-2.023121387283245,-7.629427792915543,-21.709006928406467,-21.16279069767442,17.913043478260864,43.34038054968288,28.58620676796551,397.1999995028,397.1999995028,2.964011126387939,3.3953306411208124
CVOPRL,CVO Petrochemical Refinery PLC,175.8,1.0344827586206962,-1.6778523489932884,4.955223880597022,9.124767225325897,11.406844106463877,19.186440677966107,22.937062937062944,70.22887306261437,-26.94533363996812,46.761606538448305,2.189189662024237,2.5979848582765626
DACCADYE,Dacca Dyeing and Manufacturing Company Limited,17.1,-1.1560693641618456,-2.2857142857142776,-2.2857142857142776,14.765100671140948,2.395209580838336,-11.85567010309277,5.555555555555569,-21.19815668202764,94.31818181818183,-39.126213655273816,2.33657165225436,3.336527007847231
DAFODILCOM,Daffodil Computers PLC.,162.6,-1.9300361881785386,-0.6719609040928494,9.127516778523487,47.81818181818181,277.26218097447793,350.4155124653739,192.44604316546761,179.38144329896906,639.0909090909091,935.6687898089173,2.5149821746015,3.214161871779771
DBH,DBH Finance PLC,43.5,0.2304147465437821,4.066985645933022,5.582524271844653,12.113402061855679,15.384615384615378,24.285714285714285,11.538461538461538,-41.147724693750774,-38.2215263361766,26.844242237343195,3.2271909249935127,2.8580035840188254
DBH1STMF,DBH First Mutual Fund Units,5.9,1.7241379310344922,3.5087719298245643,25.531914893617024,31.111111111111118,-9.230769230769225,-9.230769230769225,-3.2786885245901525,-39.17525773195875,1.724137931034492,-20.27027027027027,5.439578819931186,5.6257047469614765
DELTALIFE,Delta Life Insurance Company Ltd.,80.6,1.1292346298619718,-0.24752475247525105,-0.24752475247525105,6.052631578947361,6.8965517241379155,18.879056047197636,7.323568575233023,-41.59420289855073,-16.04166666666667,-97.6058078467717,3.4738671741003264,3.121617841672264
DELTASPINN,Delta Spinners Limited,8.0,0.0,8.108108108108103,15.94202898550724,23.076923076923077,50.943396226415096,60.0,40.35087719298245,-22.330097087378643,22.531645378843137,-48.938447851324106,5.799630276512347,4.005913661325525
DESCO,Dhaka Electric Supply Co. Ltd.,26.0,0.7751937984496096,0.0,7.438016528925623,8.333333333333334,12.068965517241383,26.829268292682926,4.838709677419351,-25.925925925925927,-49.51456310679612,-60.88825205121777,3.1202499709883518,2.980454217659463
DESHBANDHU,Deshbandhu Polymer Limited,24.3,3.8461538461538556,15.714285714285717,15.165876777251182,44.64285714285714,57.79220779220779,42.94117647058824,25.906735751295336,56.7741935483871,157.01923062095045,12.225302956627388,4.612744159378098,3.5157972754108124
DGIC,Desh General Insurance Company Ltd,34.2,1.4836795252225519,0.884955752212402,17.52577319587629,48.695652173913054,52.00000000000001,73.60406091370561,35.177865612648226,-27.234042553191486,128.00000000000003,128.00000000000003,3.7235781045636003,5.589400547981731
DHAKABANK,Dhaka Bank PLC,12.3,0.8196721311475527,0.0,0.8196721311475527,-4.651162790697671,-0.8064516129032229,8.849557522123893,-3.1496062992125875,0.5202448974562975,30.548616433716493,-3.9579940563256732,2.2993431259860797,2.125985129596882
DHAKAINS,Dhaka Insurance Limited,41.4,-0.7194244604316649,-6.3348416289592855,-3.720930232558143,-0.7194244604316649,4.020100502512567,14.999999999999996,6.153846153846151,-50.24038461538461,183.56164383561642,-13.141176540075296,3.6470567656203516,3.757701244273176
DOMINAGE,Dominage Steel Building Systems Ltd,86.2,9.94897959183673,14.780292942743023,12.827225130890048,34.05909797822707,231.53846153846155,198.26989619377164,578.740157480315,246.78160999260146,551.6719988921576,551.6719988921576,4.755993034994175,3.9414864340478437
DOREENPWR,Doreen Power Generations & Systems Ltd.,31.4,0.9646302250803768,0.31948881789136696,3.6303630363036232,5.369127516778516,10.563380281690142,11.347517730496453,24.6031746031746,-40.230409324167006,17.697301062873418,-21.012033511810998,1.9300191098517998,2.6193977222310867
DSHGARME,Desh Garments Limited.,169.8,4.1717791411043015,2.660217654171708,16.301369863013704,32.65625000000001,82.58064516129033,45.87628865979382,36.93548387096775,14.378444468459593,68.04791136924659,1564.404972619818,5.151002017633386,5.4690213222065225
DSSL,Dragon Sweater & Spinning Ltd.,14.1,-0.7042253521126736,4.444444444444442,30.555555555555543,53.260869565217405,76.25,65.88235294117646,36.89320388349513,-10.143063141022898,151.27169406296204,55.26340464126361,4.006835269993166,5.416534698483326
DULAMIACOT,Dulamia Cotton Spinning Mills Limited,210.8,-0.706547338671691,-1.5413358243811224,7.5510204081632715,56.49591685226431,71.24289195775793,56.14814814814815,145.11627906976747,329.3279022403259,3000.0,2191.3043478260875,6.768207735043005,6.748293979135894
DUTCHBANGL,Dutch-Bangla Bank PLC,49.8,2.0491803278688527,2.469135802469127,11.409395973154348,18.84090938801135,29.11111141715225,35.46632158218911,9.852941451102936,-3.9434520888986455,134.4563673275363,117.88272748328359,3.5013143019566533,3.258976518512052
EASTERNINS,Eastern Insurance PLC,57.1,-0.34904013961604846,-2.5597269624573378,-5.14950166112957,-6.3934426229508174,-3.3840947546531304,13.972055888223553,14.428857715430867,-53.951612903225815,145.0643776824034,56.43835616438356,2.4752647458584374,3.395526334034519
EASTLAND,Eastland Insurance PLC,27.1,0.0,-1.8115942028985506,4.230769230769236,17.316017316017316,18.85964912280702,44.9197860962567,35.50000000000001,-31.73803526448363,97.36503232684107,-23.718952462751478,3.0663444238691766,4.425404317478747
EASTRNLUB,Eastern Lubricants Blenders PLC,2107.6,1.8410244020294713,0.6927523768572931,17.06287491668517,26.96385542168674,30.501547987616096,26.887417218543042,14.32394258108396,201.4200119136454,265.57978856137413,1653.2597359146398,3.299587808803068,2.817734719413852
EBL,Eastern Bank PLC,24.4,0.41152263374484715,0.0,-1.214574898785428,-9.59712262995001,-1.0551184923816217,2.9999996015081956,-2.9652513204206326,5.278964999940777,77.34697206945236,84.58676877804982,1.2372887120361873,1.1790454920238196
EBL1STMF,EBL First Mutual Fund Units,5.1,4.0816326530612095,10.869565217391305,30.769230769230763,34.210526315789465,64.51612903225805,64.51612903225805,6.2499999999999964,-45.161290322580655,27.001768885617494,-25.61706930742601,5.073364452163842,6.0382058302717105
EBLNRBMF,EBL NRB Mutual Fund,3.9,0.0,11.428571428571427,25.80645161290322,25.80645161290322,69.56521739130436,69.56521739130436,8.333333333333329,-50.63291139240506,-1.6364285824593467,-43.23329013891306,5.341394025604551,5.9658547267905115
ECABLES,Eastern Cables Ltd.,142.6,0.2108222066057505,-4.102219233355746,13.264495631453524,14.999999999999996,25.08771929824561,27.2078501338091,19.33054393305439,1.1347517730496413,-2.5163843770249272,243.7171307763989,3.9664414324006088,4.8653846031968655
EGEN,eGeneration PLC,26.8,2.290076335877868,-3.249097472924183,3.4749034749034835,17.543859649122805,37.435897435897445,35.35353535353535,29.46859903381643,-58.05946791862284,78.66666666666667,78.66666666666667,2.659368578777053,2.7420768817210908
EHL,Eastern Housing Ltd.,95.4,2.6910656620021527,-2.153846153846148,8.409090909090915,13.571428571428577,21.219822109275732,30.327868852459023,21.06598984771575,73.13974591651544,190.34782676864276,144.03364388709525,2.8862107537048023,3.464403019293679
EIL,Express Insurance Ltd.,31.1,0.6472491909385205,-1.8927444794952615,1.967213114754103,7.9861111111111125,2.980132450331133,10.28368794326242,-19.845360824742258,-19.220779220779217,107.33333333333334,107.33333333333334,2.560662650110618,3.6630612596443344
EMERALDOIL,Emerald Oil Industries Ltd.,27.3,0.7380073800737981,-3.5335689045936394,19.736842105263158,90.9090909090909,111.62790697674419,89.58333333333333,24.090909090909097,-19.705882352941174,-26.75609763421951,-36.4750001307149,3.219677006306813,5.584597343965293
ENVOYTEX,Envoy Textiles Ltd.,57.2,2.142857142857148,-1.3793103448275814,7.924528301886798,18.67219917012448,14.859437751004029,17.93814432989691,35.86698337292162,76.54320987654323,86.68353761043994,27.657009019953236,2.6956796192144403,3.058446209716983
EPGL,Energypac Power Generation PLC,20.3,0.0,0.4950495049505021,0.4950495049505021,23.030303030303035,28.481012658227847,30.128205128205135,16.000000000000004,-59.4,-56.344086021505376,-56.344086021505376,3.8110620623634848,3.5648543848849683
ESQUIRENIT,Esquire Knit Composite PLC,26.0,2.362204724409455,-1.5151515151515098,5.263157894736844,19.81566820276498,33.333333333333336,26.213592233009702,20.930232558139537,-28.374655647382916,-45.03171247357293,-45.03171247357293,2.9273815830445997,3.0092007279132305
ETL,Evince Textiles Ltd.,14.6,1.388888888888884,2.8169014084507067,10.606060606060609,39.047619047619044,52.083333333333336,45.99999999999999,64.0449438202247,40.38461538461538,36.55926435479396,11.855075905582336,3.2368311357673045,3.733102862518962
EXIM1STMF,EXIM Bank 1st Mutual Fund 2013- Units,5.8,9.433962264150944,31.818181818181802,70.58823529411765,56.756756756756744,93.33333333333333,107.14285714285715,23.40425531914893,-38.297872340425535,-14.095176116811963,-25.603181123829778,7.7592359705825285,6.215338048380856
FAMILYTEX,Familytex (BD) Ltd.,2.9,0.0,26.086956521739136,7.407407407407397,3.5714285714285747,141.66666666666669,123.07692307692307,26.086956521739136,-44.23076923076923,-59.5528611196537,-91.14430749624256,6.469400165052341,7.2033744378464855
FARCHEM,FAR Chemicals Industries Ltd,26.9,2.6717557251908373,7.599999999999994,45.405405405405396,79.33333333333331,85.51724137931033,85.51724137931033,13.502109704641349,86.80555555555554,54.549208759356894,19.34633347654893,7.092839121717594,6.299515865811626
FAREASTFIN,Fareast Finance & Investment Ltd.,2.0,5.263157894736848,42.85714285714287,66.66666666666667,-9.090909090909099,198.50746268656715,233.33333333333334,-48.71794871794872,-71.01449275362319,-76.74418604651163,-89.37823838558418,2.4264705882352957,8.283321805094143
FAREASTLIF,Fareast Islami Life Insurance Company Limited,21.8,3.809523809523813,-6.837606837606828,-3.5398230088495604,5.3140096618357555,0.9259259259259226,4.8076923076923075,-27.574750830564785,-62.413793103448285,-60.3636362050909,-72.27745656407097,6.309695221192723,4.089041840200289
FASFIN,FAS Finance & Investment Limited,2.2,10.000000000000009,46.66666666666668,83.33333333333336,-11.999999999999993,254.83870967741936,214.28571428571433,-29.032258064516125,-71.7948717948718,-67.06111096087318,-88.34851290131776,2.4264705882352953,10.121936886642764
FBFIF,First Bangladesh Fixed Income Fund Units,3.9,2.631578947368424,11.428571428571427,21.87499999999999,29.999999999999996,62.5,49.999999999999986,5.405405405405397,-43.478260869565226,-33.34632909009228,-48.00360189448957,6.1018255097202445,5.163038754057931
FEDERALINS,Federal Insurance PLC,27.0,0.0,-2.173913043478266,-1.0989010989011014,19.46902654867256,24.42396313364056,40.62500000000001,30.43478260869566,-31.989924433249374,286.1019889233145,39.8729256439107,3.0949919530489294,3.608144242680596
FEKDIL,Far East Knitting & Dyeing Industries PLC.,26.7,-3.2608695652173987,3.0888030888030915,58.928571428571416,79.19463087248322,90.71428571428571,88.02816901408451,68.98734177215188,60.84337349397588,73.75945992217427,12.230789498951399,3.883170348350477,5.15837266099352
FINEFOODS,Fine Foods Limited,487.6,1.2879102617366112,-1.4750454637300374,-4.4857982370225224,-3.8264299802761297,10.818181818181822,28.24829037348765,89.72762645914398,859.8425196850394,5999.526817198243,3063.4833885831126,3.329111364801778,2.7862135857922112
FIRSTFIN,First Finance Ltd.,4.4,-2.2222222222222143,10.000000000000009,2.32558139534885,7.317073170731725,57.14285714285717,76.00000000000001,33.33333333333335,-40.54054054054054,-26.36875008893274,-87.08088770512603,5.275344810228532,6.142836172726911
FORTUNE,Fortune Shoes Ltd.,20.7,0.4854368932038731,-0.4807692307692376,17.61363636363635,51.09489051094891,56.81818181818182,48.920863309352505,23.214285714285708,-57.501396435848456,-21.124988722683327,-21.124988722683327,5.160418705816356,5.155305312903122
FUWANGCER,Fu-Wang Ceramic Industry Ltd.,16.5,-0.6024096385542254,5.769230769230771,6.451612903225806,32.0,51.37614678899082,43.47826086956522,22.22222222222222,-31.818181818181813,42.60714241200484,8.330268593437662,4.833965425705612,4.088563847293219
FUWANGFOOD,Fu-Wang Foods Limited,12.7,-0.7812500000000111,-2.3076923076923133,5.833333333333328,28.28282828282827,36.55913978494622,13.392857142857144,-17.53246753246754,-35.53299492385787,29.03587749302089,-23.767627892691685,3.7528985205416827,3.5010468466913833
GBBPOWER,GBB POWER Ltd.,8.2,0.0,0.0,-2.3809523809523934,-3.5294117647058907,10.810810810810795,28.124999999999982,5.128205128205121,-77.41046831955923,-37.60869549619566,-68.96081505677643,2.7040048178259686,3.185410793441472
GEMINISEA,Gemini Sea Food PLC,124.5,0.24154589371980445,-6.811377245508978,2.1328958162428173,5.063291139240507,4.184100418410042,-8.924652523774682,-18.46758349705304,76.00018054084384,18.176421350711927,602.6706133915992,3.2091270550413897,3.0062501019961814
GENEXIL,Genex Infosys PLC,40.5,2.791878172588836,-5.1522248243559785,15.714285714285714,52.83018867924528,55.17241379310344,50.557620817843876,64.6341463414634,-55.15407114840097,21.041059194839512,21.041059194839512,4.304060808368063,4.5581840766682395
GENNEXT,Generation Next Fashions Ltd.,3.1,0.0,10.714285714285726,3.333333333333336,0.0,24.000000000000004,14.814814814814811,10.714285714285726,-52.30769230769231,-46.41428583523632,-86.08500008133765,7.037037037037036,6.648000846687217
GHAIL,Golden Harvest Agro Industries Ltd.,15.6,0.6451612903225784,1.298701298701294,-3.105590062111812,25.80645161290322,51.45631067961163,45.79439252336449,14.705882352941178,-13.812154696132605,6.001181032543316,-57.71259555209727,2.8772134686446096,2.8504979918922966
GHCL,Global Heavy Chemicals Ltd.,25.5,1.1904761904761934,8.050847457627112,30.76923076923077,38.58695652173914,35.63829787234042,28.140703517587948,32.81250000000001,-41.78082191780822,-30.894308943089428,-69.0909090909091,6.605858089414809,4.327877564767677
GLDNJMF,ICB AMCL CMSF GOLDEN JUBILEE MUTUAL FUND,8.4,0.0,6.329113924050633,31.25,37.7049180327869,37.7049180327869,37.7049180327869,7.6923076923077,-23.63636363636363,-23.63636363636363,-23.63636363636363,4.709814869233028,4.7843670772356655
GLOBALINS,Global Insurance PLC,41.4,0.0,-1.1933174224343677,6.426735218508997,26.219512195121958,42.268041237113394,62.35294117647058,33.980582524271846,-37.27272727272727,383.77804345631864,74.78696257831481,4.369107833008853,4.648826782413554
GOLDENSON,Golden Son Limited,16.8,0.0,1.8181818181818226,0.0,20.000000000000004,80.64516129032258,66.33663366336636,40.00000000000001,-7.6923076923076845,-27.896995708154506,-57.57575757575757,3.43913870972104,3.306774194372934
GP,Grameenphone Ltd.,260.0,0.038476337052721334,0.970873786407767,1.0886469673405954,3.1746031746031744,-4.23572744014733,0.0,-18.952618453865338,-30.666666666666668,-6.474820143884892,51.515151515151516,0.6661812964832592,0.9129905635512519
GPHISPAT,GPH Ispat Limited,19.5,1.5625000000000038,1.0362694300518098,9.550561797752806,21.11801242236024,23.41772151898734,21.11801242236024,2.6315789473684212,-52.83597156641712,-1.410025922064696,4.130324682725843,2.849761218953349,3.517421661843355
GQBALLPEN,G.Q. Ball Pen Industries Limited,624.8,3.615257048092861,5.043712172158709,1.0676156583629746,-0.9825673534072972,35.885167464114815,39.55773955773955,175.97173144876325,389.27173061863743,876.2499999999999,360.5897422079743,3.499091313971443,3.8894754876814592
GRAMEENS2,Grameen Mutual Fund One - Grameen Two Units,13.5,0.7462686567164152,2.2727272727272783,5.468749999999994,8.870967741935482,18.421052631578945,23.853211009174306,-3.5714285714285716,-31.472081218274106,24.247787786545533,-26.273972686093906,2.2745025914703816,2.588144270089359
GREENDELMF,Green Delta Mutual Fund 2010 Units,5.1,0.0,4.0816326530612095,34.210526315789465,54.54545454545454,69.99999999999999,69.99999999999999,24.390243902439025,-45.161290322580655,-7.27272727272728,-29.166666666666675,8.003316326530612,6.4300758907864335
GREENDELT,Green Delta Insurance PLC,66.5,0.15060240963854563,0.0,2.150537634408611,4.724409448818897,15.051903114186857,24.067164179104473,29.12621359223301,-46.15384615384615,83.0777438314964,27.563017708021317,2.591229518266478,3.394600224239158
GSPFINANCE,GSP Finance Company PLC,4.3,4.87804878048781,19.444444444444436,26.470588235294112,4.878048780487809,114.99999999999999,168.75,-18.867924528301888,-77.52655537476824,-52.67822957692727,-70.43823341080058,5.54212454212454,6.6926977742385265
HAKKANIPUL,Hakkani Pulp & Paper Mills PLC,81.9,2.760351317440405,-1.5624999999999964,4.0660736975857725,7.480314960629924,13.434903047091415,20.974889217134418,17.503586800573892,14.545454545454552,56.896551724137936,340.3225806451613,2.649197180998727,2.9726438882870965
HAMI,Hami Industries PLC,154.5,-0.770712909441226,-2.2151898734177213,-1.5296367112810743,-16.980118216012894,33.650519031141876,43.58736059479555,51.32223310479923,-11.663807890222987,-11.663807890222987,-11.663807890222987,3.168934598657776,3.893029470785144
HEIDELBCEM,Heidelberg Materials Bangladesh PLC,222.1,0.954545454545452,-7.842323651452284,-4.308487720809996,5.7115659209900045,-3.686036426712923,1.4618547281863812,-9.012699713232282,-34.6764705882353,-57.87177541729894,-15.871212121212125,2.966596494824456,3.635526907517045
HFL,Hamid Fabrics PLC,15.9,1.2738853503184782,10.416666666666666,1.2738853503184782,12.765957446808516,160.65573770491807,144.6153846153846,82.75862068965519,-14.05405405405405,-4.79041916167664,-72.22129776991827,5.03842818189168,5.015506605253441
HRTEX,H.R. Textile Mills Ltd.,21.4,2.3923444976076556,-2.7272727272727337,3.883495145631054,14.438502673796789,30.487804878048784,16.9398907103825,-19.548872180451134,-60.76666670590001,-1.0924370828402044,-24.180981473921143,3.428296725388819,3.287004864920784
HWAWELLTEX,Hwa Well Textiles (BD)PLC,48.3,1.2578616352201137,0.0,7.095343680709524,13.380281690140833,18.673218673218656,8.295964125560527,12.850467289719626,9.523809523809513,66.55172413793103,20.749999999999993,2.3316859071728575,2.4449935707335437
IBNSINA,BN SINA Pharmaceutical Industry PLC,322.0,0.4993757802746638,-2.335456475583861,0.46801872074882994,2.287166454891991,-3.8805970149253732,2.2222222222222223,3.9715854052308726,27.474267616785436,78.33522241222174,437.5559225832694,1.5753318031781842,1.8327877418798366
IBP,Indo-Bangla Pharmaceuticals Ltd.,20.9,3.9800995024875476,12.365591397849446,35.7142857142857,65.87301587301586,75.63025210084031,86.60714285714285,54.81481481481481,-3.0315318993128395,-20.220938407808074,-20.220938407808074,5.8892051387684905,4.83388742877055
ICB,Investment Corporation of Bangladesh,47.2,1.2875536480686725,-0.631578947368415,-1.0482180293501047,31.111111111111118,31.84357541899443,29.31506849315069,-6.34920634920634,-57.4903766320595,-38.56902950070954,-56.84668983656878,2.480051248243298,2.884286503874064
ICB3RDNRB,ICB AMCL Third NRB Mutual Fund 2010 Units,6.1,0.0,3.389830508474564,29.787234042553177,32.608695652173914,45.23809523809522,48.78048780487805,27.08333333333333,-19.736842105263158,29.787234042553177,-14.084507042253522,3.667222376586092,4.334185135201296
ICBAGRANI1,ICB AMCL First Agrani Bank Mutual Fund Units,8.5,1.1904761904761862,-2.2988505747126355,21.428571428571427,26.86567164179104,34.920634920634924,32.81249999999999,25.000000000000004,-10.526315789473685,-1.1627906976744145,-1.1627906976744145,4.4342017277631065,4.878724902037201
ICBAMCL2ND,ICB AMCL Second Mutual Fund Units,8.1,3.8461538461538445,9.459459459459449,30.64516129032257,32.786885245901644,58.82352941176471,44.642857142857146,28.57142857142857,-30.769230769230766,55.76923076923076,6.578947368421053,4.014481798459145,4.060279745942715
ICBEPMF1S1,ICB Employees Provident Mutual Fund One Scheme One Units,6.4,-1.538461538461533,0.0,-3.0303030303030196,16.36363636363637,68.42105263157896,88.23529411764707,20.754716981132088,-22.89156626506024,0.0,-22.89156626506024,4.885468206130522,5.037503912230254
ICBIBANK,ICB Islamic Bank Limited,2.7,0.0,-3.571428571428559,-3.571428571428559,-6.896551724137922,17.391304347826104,12.500000000000012,-6.896551724137922,-47.058823529411754,-30.769230769230763,-64.0,6.096866096866085,5.210530210530198
ICBSONALI1,ICB AMCL Sonali Bank Ltd 1st Mutual Fund 2013- Units,6.4,1.5873015873015959,1.5873015873015959,25.490196078431385,36.17021276595745,56.097560975609774,52.38095238095239,10.344827586206907,-31.182795698924735,3.225806451612906,-46.666666666666664,4.087912087912091,4.8030762461490095
ICICL,Islami Commercial Insurance PLC.,32.5,3.503184713375801,6.557377049180328,10.544217687074834,43.17180616740089,38.297872340425535,45.08928571428572,42.5438596491228,122.60273972602738,122.60273972602738,122.60273972602738,3.7869730007229867,3.665377147545348
IDLC,IDLC Finance PLC.,47.5,0.8492569002123113,7.223476297968404,16.421568627450988,28.03234501347708,26.58629473270939,39.315642806389654,22.24264736443014,-7.894157608618586,24.040257829212955,0.4645716563229509,3.167417098386239,3.034279681901969
IFADAUTOS,IFAD Autos PLC,25.8,1.1764705882352968,-2.6415094339622613,0.7812499999999972,18.34862385321101,29.000000000000007,18.89400921658987,8.403361344537815,-48.05543409553677,-44.99637657448107,46.76341806464621,3.5040852090486063,2.8883042989929963
IFIC,IFIC Bank PLC,5.1,1.9999999999999927,0.0,0.0,4.0816326530612095,8.510638297872328,8.510638297872328,-28.169014084507044,-57.62265620695661,-19.101557634630378,-51.9990455829054,2.8326530612244794,3.1388925700150083
IFIC1STMF,IFIC Bank 1st Mutual Fund Units,4.7,2.1739130434782727,11.904761904761905,30.555555555555557,23.6842105263158,88.00000000000001,88.00000000000001,23.6842105263158,-38.1578947368421,13.093750159038088,-27.17865855128284,6.02635046113307,5.40677121741195
IFILISLMF1,IFIL Islamic Mutual Fund - 1 Units,5.7,1.7857142857142954,1.7857142857142954,35.714285714285715,39.02439024390246,58.33333333333333,67.64705882352942,16.326530612244895,-23.999999999999996,-16.17647058823529,-9.523809523809518,4.3217133743449505,5.138308299523467
ILFSL,International Leasing and Financial Services Ltd.,2.0,5.263157894736848,42.85714285714287,81.8181818181818,-9.090909090909099,238.98305084745763,233.33333333333334,-35.483870967741936,-75.0,-70.22784794690287,-87.83448265720223,3.7598039215686305,9.053359847859461
INDEXAGRO,Index Agro Industries Ltd,74.4,2.19780219780221,-0.7999999999999924,3.190013869625536,5.084745762711877,11.210762331838565,11.210762331838565,15.221239226106213,-36.22857127187591,4.160000260400002,4.160000260400002,2.3926312652792143,2.9438818401616045
INTECH,Intech Ltd.,26.2,0.38314176245209913,-3.321033210332111,-22.94117647058824,-24.92836676217765,-10.580204778157,-17.350157728706623,28.431372549019617,-28.61035422343325,185.6267858017589,115.04523294261047,2.597315497424815,3.541418506215934
INTRACO,Intraco Refueling Station PLC,21.8,1.8691588785046829,-2.242152466367713,5.8252427184465985,27.48538011695906,9.547738693467348,6.341463414634149,0.46082949308756416,3.2631574599446043,-53.114965534000355,-53.114965534000355,4.028993504162043,2.999792189635879
IPDC,IPDC Finance PLC,32.6,1.8750000000000044,-1.8072289156626546,5.501618122977356,79.21466008463997,68.62069003311535,79.21466008463997,85.02702743708693,42.97862356072039,204.21597219818383,523.6597401530111,5.018272919543198,5.258878173457966
ISLAMIBANK,Islami Bank Bangladesh PLC,31.9,0.3144654088050247,-1.2383900928792526,-3.0395136778115504,-11.878453038674044,-26.834862385321106,-3.3333333333333375,-31.25,11.538461538461528,3.9087947882736134,-18.395348918813955,1.3862381703470028,2.101081164500883
ISLAMICFIN,Islamic Finance & Investment PLC,12.4,0.8130081300812979,2.4793388429752126,19.23076923076923,16.981132075471702,27.835051546391767,30.52631578947369,37.777777777777786,-46.78111587982833,13.254960638745334,-32.00583988023101,2.8297754059843987,3.0459769919314112
ISLAMIINS,Islami Insurance Bangladesh Limited,58.5,0.5154639175257684,-5.645161290322581,-2.5,36.36363636363637,40.963855421686745,56.0,40.28776978417265,-8.59375,453.4784591761049,210.62157806459783,4.093828119860057,3.2074401796121093
ISNLTD,Information Services Network Ltd.,60.0,1.8675721561969463,-3.5369774919614194,-0.49751243781094057,-12.408759124087592,-20.52980132450331,-23.469387755102044,45.278450363196136,37.93103448275862,395.238095866969,297.090910664833,2.499021685404149,2.993345078332702
ITC,IT Consultants PLC,54.8,3.2015065913370915,8.086785009861922,22.321428571428573,40.87403598971722,36.99999999999999,42.33766233766233,40.512820512820504,28.33723653395783,75.95850729375097,86.5311215080646,3.5827195638675575,3.560475285958216
JAMUNABANK,Jamuna Bank PLC,24.2,0.41493775933609073,1.2552301255230156,1.680672268907557,-2.811244979919676,6.607929515418502,14.691943127962073,24.742268041237118,40.4658312358423,205.91368507588012,106.80052467549113,1.33718044241256,1.3034467951093207
JAMUNAOIL,JAMUNA OIL PLC,181.9,0.16519823788546883,-0.871934604904629,3.3522727272727306,6.561218512009384,6.436512580456407,7.505910165484645,-4.614577871001565,7.633136094674559,-2.7272727272727244,13.301245636990233,1.0461574407697347,1.5078956460074964
JANATAINS,Janata Insurance PLC,33.0,0.9174311926605416,-4.3478260869565215,-5.17241379310344,-9.090909090909085,19.565217391304344,35.80246913580246,25.71428590585034,-15.408450355136273,321.37550494799416,-82.350849063107,2.8767036976345293,3.2414010497750647
JHRML,JMI Hospital Requisite Manufacturing Ltd,50.5,2.851323828920567,-2.509652509652504,-2.509652509652504,17.715617715617718,18.26697892271662,19.668246445497623,0.5976095617529823,129.54545454545453,129.54545454545453,129.54545454545453,2.836908127257605,2.4756378034053013
JMISMDL,JMI Syringes & Medical Devices Ltd.,141.0,-0.4940014114325961,-4.341926729986435,1.2931034482758703,10.15625,15.573770491803279,19.491525423728813,-2.0833333333333335,-46.59983308609845,25.826771248651912,307.1337566824672,2.8549626022825434,3.7405356603987077
JUTESPINN,Jute Spinners Limited,229.0,4.185623293903543,1.7777777777777777,10.521235521235527,9.884836852207291,15.249119275289386,17.31557377049181,9.047619047619047,63.57142857142857,301.0507880910683,244.3609022556391,5.086738688932564,5.055512609310132
KARNAPHULI,Karnaphuli Insurance PLC,46.4,0.0,1.310043668122274,23.076923076923062,40.6060606060606,45.91194968553458,62.807017543859644,54.66666666666666,8.411214953271031,401.5294144899282,69.98038101462147,3.812212704985059,5.766800006587961
KAY&QUE,Kay and Que (Bangladesh) Ltd.,425.7,0.5194805194805168,-1.2296983758700721,-0.9769713886950427,-10.941422594142262,14.128686327077746,12.798092209856918,80.49679931411218,107.9940007748507,1997.641624478106,2043.2425294958152,1.8282151914985574,2.3314899846629027
KBPPWBIL,Khan Brothers PP Woven Bag Industries Ltd,40.5,3.3163265306122374,0.4962779156327614,-4.705882352941177,-19.801980198019802,-20.118343195266277,-15.625,-68.359375,209.16030534351145,92.4143968718113,20.99590387667018,3.1510325901078238,4.373673574981771
KDSALTD,KDS Accessories Ltd.,51.1,1.3888888888888946,-3.947368421052634,-5.3703703703703685,11.086956521739133,24.634146341463417,24.330900243309003,24.93887530562348,9.723926666458096,15.92152364201781,-2.0694969422476737,2.8927910126993064,2.5453579967394546
KEYACOSMET,Keya Cosmetic Ltd.,5.6,3.7037037037036904,7.692307692307681,11.999999999999993,16.666666666666664,33.33333333333332,24.44444444444444,16.666666666666664,-35.632183908045974,-22.634685510853153,-64.17310924849195,4.617898441427853,4.036584419537603
KOHINOOR,Kohinoor Chemical Company (Bangladesh) PLC,528.0,-0.5836942195443462,-2.2222222222222223,3.7531931617213643,4.327208061647891,5.6,5.621124224844974,12.058653178255433,84.36251463410412,347.7796791435828,1043.035647666351,2.6823396780146442,2.2045647202095093
KPCL,Khulna Power Company Ltd.,10.4,0.9708737864077635,1.9607843137255008,-1.886792452830182,-7.1428571428571335,-3.703703703703707,-0.952380952380949,-9.565217391304346,-71.58469945355192,-81.78343950930059,-75.92785567606236,1.9455549209975214,2.5653100961444744
KPPL,Khulna Printing & Packaging Ltd,15.1,-0.657894736842103,-5.625000000000002,-2.5806451612903247,4.137931034482756,16.153846153846153,-5.625000000000002,-22.959183673469393,-3.821656050955412,65.93406593406594,-56.17414252530893,3.3391735897598913,3.7423233585671296
KTL,Kattali Textile Ltd.,12.2,6.086956521739125,17.307692307692296,21.999999999999993,29.787234042553177,37.07865168539325,5.172413793103446,8.928571428571429,-58.075601374570454,-36.22816040374207,-36.22816040374207,5.232272388634572,4.061175480210899
LANKABAFIN,LankaBangla Finance PLC,18.3,1.6666666666666705,2.234636871508392,14.375000000000004,32.608695652173914,44.09448818897639,48.78048780487805,8.928571428571429,-49.166666666666664,-1.0304296854265718,-36.088496971631486,3.6565557048116313,3.8473863462423425
LEGACYFOOT,Legacy Footwear Ltd.,74.4,1.3623978201634876,6.285714285714294,8.613138686131395,-3.250975292587776,37.016574585635375,37.269372693726936,21.568627450980394,14.992272024729523,213.71999880629548,375.1048069709707,2.664135382564377,3.053926828741103
LHB,LafargeHolcim Bangladesh PLC,58.6,0.17094017094017336,-3.618421052631572,6.545454545454548,18.864097363083175,13.786407766990294,24.416135881104033,8.118081180811805,-6.836248012718596,-21.02425876010782,706.2835310153657,2.2530025834599967,2.536228773631441
LIBRAINFU,Libra Infusions Ltd.,642.4,0.29664324746291604,-2.2073374942913686,-0.17094017094017447,3.1967871485943737,2.948717948717945,1.006289308176097,-18.683544303797472,46.22154706858876,83.83465800581057,445.4339616981345,1.4643657717984389,1.9847576999709036
LINDEBD,Linde Bangladesh Limited,725.8,-1.6397885892397375,-2.446236559139791,3.3903133903133837,12.006172839506165,-12.659446450060173,-4.374176548089598,-24.395833333333336,-47.70893371757925,-48.99866488651536,40.79534432589718,1.7086693585818624,1.3903053691225797
LOVELLO,Taufika Foods and Lovello Ice-cream PLC,70.8,1.4326647564469914,-3.5422343324250796,0.0,-20.090293453724605,3.964757709251106,3.8123167155425133,-23.439752644870666,176.2635139199755,445.16000071415954,445.16000071415954,2.903255908072167,3.3461602712046394
LRBDL,Lub-rref (Bangladesh) Ltd,15.9,1.2738853503184782,6.000000000000002,28.225806451612904,59.0,76.66666666666667,60.6060606060606,11.971830985915501,-66.80584551148226,-60.74074074074074,-60.74074074074074,5.038100072490524,4.756783540403184
LRGLOBMF1,LR Global Bangladesh Mutual Fund One Units,4.7,0.0,6.818181818181814,34.28571428571429,46.875,62.06896551724139,67.85714285714288,17.500000000000004,-46.59090909090909,-21.66666666666666,-48.91304347826086,4.783636550519072,5.719713537697852
MAGURAPLEX,Magura Multiplex PLC,92.4,1.2048192771084432,-0.6451612903225745,3.82022471910113,10.000000000000007,11.325301204819285,10.131108462455304,3.7037037037037166,-22.340856376092123,417.05699251466837,417.05699251466837,2.4225562404828733,2.6931637857812842
MAKSONSPIN,Maksons Spinning Mills PLC,6.6,8.196721311475411,13.79310344827586,13.79310344827586,19.999999999999996,34.69387755102039,40.425531914893604,8.196721311475411,-66.32653061224491,1.9117649606617637,-59.12078632302215,4.340094470686294,4.283636345852155
MALEKSPIN,Malek Spinning Mills PLC,45.3,3.4246575342465757,0.22123893805308475,39.38461538461538,70.94339622641509,60.63829787234042,56.74740484429065,91.13924050632912,52.01342281879193,184.9056603773585,81.19999999999999,3.885299260660899,5.9820496537559
MARICO,Marico Bangladesh Limited.,2758.9,0.4478264035534909,0.3820404599039441,0.10522496371553305,-0.4007220216606465,-1.4678571428571396,3.9877878707926646,2.317905355288533,15.050041701417852,115.5390625,634.7270306258322,0.6215724851893611,0.6645375715936646
MATINSPINN,Matin Spinning PLC,56.8,2.898550724637671,-4.054054054054063,4.411764705882351,21.627408993576005,19.077568134171894,22.150537634408597,22.41379310344827,3.839122486288838,47.916666666666664,26.222222222222218,2.8371606593205465,3.176817995391917
MBL1STMF,MBL 1st Mutual Fund 2010- Units,7.2,1.4084507042253596,22.03389830508474,80.0,80.0,94.5945945945946,111.76470588235294,44.00000000000001,-22.580645161290327,24.137931034482765,4.347826086956519,4.689341455645801,6.017098640366307
MEGCONMILK,Meghna Condensed Milk Industries Ltd.,36.3,-0.27472527472527863,-8.793969849246231,-5.958549222797938,7.079646017699111,49.99999999999999,152.08333333333334,92.06349206349206,145.27027027027023,418.5714285714285,282.1052631578947,6.26153634550581,5.930905493752268
MEGHNACEM,Meghna Cement Mills PLC,32.0,-1.8404907975460165,-5.882352941176471,-2.1406727828746264,6.666666666666667,0.6289308176100606,9.215017064846414,-29.67032967032967,-55.529411432419025,-50.083209425807034,-56.677809528919546,5.8955722702218445,4.008854069655556
MEGHNAINS,Meghna Insurance PLC,37.6,-0.5291005291005179,-0.5291005291005179,10.58823529411765,22.875816993464053,20.51282051282052,33.80782918149466,37.72893772893773,241.8181818181818,241.8181818181818,241.8181818181818,4.936594100483958,6.110198410296104
MEGHNALIFE,Meghna Life Insurance PLC,60.3,1.1744966442952949,-4.739336492890995,-2.269043760129669,6.725663716814155,7.871198568872986,18.700787401574804,5.975395430579963,-10.784210887561484,59.27679704140692,-7.414881646888618,2.9604968873550717,2.7711209833250097
MEGHNAPET,Meghna Pet Industries Ltd.,88.4,0.0,-7.240293809024125,23.809523809523807,101.36674259681095,248.03149606299218,305.50458715596335,253.60000000000002,474.025974025974,1668.0,1281.25,7.268561108510577,6.951058632001079
MERCANBANK,Mercantile Bank PLC,7.6,1.3333333333333286,-1.2987012987013056,4.109589041095888,-13.636363636363647,-3.7974683544303884,2.702702702702693,-16.483516483516485,-49.00000015635526,17.560324417615035,-26.54335913397002,1.8666666666666647,2.2546712120973122
MERCINS,Mercantile Islami Insurance PLC,42.3,-1.3986013986014019,0.7142857142857075,-3.4246575342465757,70.56451612903224,57.83582089552237,65.88235294117646,51.07142857142856,-27.068965517241384,288.07339449541286,53.320388817910825,4.252400631279963,4.7869280498966615
METROSPIN,Metro Spinning Ltd.,9.9,7.608695652173925,5.319148936170213,8.791208791208799,11.235955056179774,20.731707317073187,16.47058823529412,-12.389380530973453,-39.56395333728197,32.53624997299575,-34.12399397049826,3.2685551942214013,3.483543052673318
MHSML,Mozaffar Hossain Spinning Mills Ltd.,23.2,1.7543859649122744,-1.276595744680854,1.310043668122274,18.97435897435897,40.6060606060606,71.85185185185185,53.64238410596027,26.086956521739136,57.16602441165964,-6.240643879639824,2.7615020473010228,2.952205997180949
MIDASFIN,MIDAS Financing PLC,6.2,1.6393442622950907,5.0847457627118615,3.333333333333336,6.896551724137938,14.814814814814811,37.777777777777786,-22.499999999999996,-68.6900001296234,-55.3142294913494,-74.79836928263373,5.046143085723045,4.981330976944555
MIDLANDBNK,Midland Bank PLC,19.1,2.1390374331550914,1.5957446808510676,17.17791411042945,15.757575757575765,11.695906432748536,11.695906432748536,-23.599999999999994,118.58888808011002,118.58888808011002,118.58888808011002,4.235955507152752,3.900707066979907
MIRACLEIND,Miracle Industries Limited,30.0,1.0101010101010124,-0.9900990099009924,4.166666666666664,11.940298507462684,-1.9607843137254948,-5.6603773584905674,6.0070671378091856,-14.529914529914533,34.27274929012167,225.50651613266282,3.8544890077751033,3.2159171529223824
MIRAKHTER,Mir Akhter Hossain Ltd,41.9,0.23923444976076896,-4.772727272727276,-1.6431924882629174,25.07462686567164,49.64285714285713,51.81159420289854,51.26353790613719,-51.222351571594885,-48.27160493827161,-48.27160493827161,3.507992405463404,3.3608791740080126
MITHUNKNIT,Mithun Knitting & Dyeing (CEPZ) Ltd.,14.8,1.3698630136986376,-0.671140939597313,-3.896103896103894,-3.2679738562091503,5.71428571428572,1.3698630136986374,-4.51612903225806,13.84615384615385,-70.0505901000327,-71.65184147585404,4.350920030487163,5.1697305342099815
MJLBD,MJL Bangladesh PLC,93.9,0.3205128205128327,-1.9832985386221207,0.6430868167202664,5.505617977528097,1.1853448275862162,4.333333333333339,-1.572327044025157,8.80648899188877,-4.922854154777285,64.977083094002,1.5033263187536703,1.513494292064439
MLDYEING,M.L. Dyeing & Textile Ind. PLC,18.3,1.6666666666666705,19.6078431372549,69.44444444444444,123.1707317073171,125.92592592592595,117.85714285714285,90.62500000000001,-39.80263157894736,165.1670011195351,165.1670011195351,8.89731916417713,6.969872651901374
MONNOAGML,Monno Agro & General Machinery Ltd.,346.2,-0.20178725857595525,-2.7528089887640483,-2.2033898305084776,0.0578034682080892,4.43438914027149,-6.305818673883629,-6.1534291135809145,13.668341013324834,781.9058980958321,2683.9345256426336,1.940822465018183,2.167785085711849
MONNOCERA,Monno Ceramic Industries Limited.,94.4,0.9625668449197923,-1.0482180293501047,-3.4764826175869032,14.2857142857143,19.493670886075954,15.403422982885097,6.186726659167603,-19.659574468085104,283.57907332761073,451.2173349891902,3.114759077334531,2.901421626776229
MONNOFABR,Monno Fabrics Ltd.,22.6,2.262443438914027,0.44444444444445075,-0.4405286343612241,4.62962962962963,14.72081218274113,5.607476635514033,64.96350364963506,-4.23728813559322,-4.23728813559322,-4.23728813559322,2.16112037919159,2.1122650831563208
MONOSPOOL,Monospool Bangladesh PLC,121.4,0.9983361064891871,1.9311502938707066,5.473501303214606,17.864077669902915,26.722338204592912,28.194297782470965,33.59808572360766,-8.588690840529841,153.83636260948018,153.83636260948018,2.5077375752021505,2.9924599454684344
MPETROLEUM,Meghna Petroleum PLC,215.0,0.0,0.2331002331002331,1.4629542236904174,6.858846918489071,7.769423558897243,11.572392319667882,1.8957345971563981,13.696456901110526,19.51083935519733,50.63694252452228,0.7379023508118532,1.1630985358730839
MTB,Mutual Trust Bank PLC,13.8,1.4705882352941255,0.7299270072992805,5.343511450381688,33.15938549120462,29.18447844859297,40.7375618924406,31.14181897534542,7.165434437084919,135.66711620909103,184.11589322812736,2.063244438083425,2.786639878655665
NAHEEACP,Nahee Aluminum Composite Panel PLC,38.4,1.3192612137203166,6.6666666666666625,5.7851239669421535,73.75565610859726,127.21893491124261,107.56756756756755,80.28169014084506,-12.528473804100228,-39.07294134864553,-39.07294134864553,3.5697676967802443,4.843746866240006
NATLIFEINS,National Life Insurance PLC,101.8,0.19685039370079022,-0.7797270955165665,-2.115384615384618,-1.06899902818271,-3.871576959395664,8.528784648187633,-3.139866793529969,-58.210180623973734,-20.06105904040924,-25.059459525329775,2.3522222731858,2.9444652913959812
NAVANACNG,Navana CNG Limited,22.6,0.44444444444445075,-1.7391304347826024,4.1474654377880285,9.178743961352668,11.330049261083746,6.103286384976529,1.345291479820631,-31.73561610077476,-45.47811789158296,-61.66692273247089,2.5631598559602873,2.0897046139178226
NAVANAPHAR,Navana Pharmaceuticals PLC,71.7,1.558073654390947,-3.2388663967611224,2.428571428571433,22.56410256410257,26.01054481546574,36.8320610687023,27.580071174377224,171.5909090909091,171.5909090909091,171.5909090909091,2.430724013177673,2.466560945143967
NBL,National Bank PLC,3.9,2.631578947368424,0.0,2.6315789473684235,-4.8780487804877986,18.181818181818183,21.87499999999999,5.405405405405397,-48.16455686688432,-31.64784442258609,-63.44868495369446,2.631578947368423,3.688426257678335
NCCBANK,National Credit and Commerce Bank PLC,15.6,-0.6369426751592334,-1.8867924528301931,-3.7037037037037015,-6.758577884340243,28.761963910654533,32.98366766882249,36.33619703553299,16.556685621104915,126.63981215406639,41.61270423038116,2.4494298672714825,2.7372795940783776
NCCBLMF1,NCCBL Mutual Fund-1 2012- Dividend Units,7.3,7.352941176470589,7.352941176470589,69.76744186046511,73.8095238095238,82.5,82.5,28.070175438596486,-18.888888888888893,19.672131147540988,-39.166666666666664,7.013031299476313,6.925973704236335
NEWLINE,New Line Clothings Ltd.,6.6,9.999999999999993,9.999999999999995,15.789473684210515,22.222222222222207,73.6842105263158,64.99999999999999,-8.333333333333341,-77.55102040816325,-73.55280997204571,-73.55280997204571,6.653698329280729,5.812694358362479
NFML,National Feed Mill Ltd,21.1,3.940886699507393,4.4554455445544665,-12.448132780082986,49.645390070922005,39.73509933774836,49.645390070922005,95.37037037037037,-36.19461077710588,52.85421214825036,-24.355888861051973,3.9724362672203983,5.116960159455701
NHFIL,National Housing Finance PLC,30.9,1.644736842105263,-3.4375000000000044,11.151079136690639,36.12334801762114,25.609756097560965,37.33333333333333,29.73282430864168,-22.75000007725001,18.319620023639466,1.181572204325808,2.9636792442084303,3.84821974234428
NITOLINS,Nitol Insurance PLC,34.8,0.869565217391296,-4.3956043956043995,0.5780346820809125,15.61461794019932,19.999999999999993,23.843416370106745,20.83333333333332,-38.38111283623102,106.451001618421,46.08970349001983,5.699717840227779,5.118887015679431
NORTHERN,Northern Jute Manufacturing Co. Ltd.,120.0,3.806228373702427,-3.147699757869254,8.892921960072593,11.627906976744185,27.659574468085108,40.679953106682305,14.285714285714286,-60.396039603960396,-47.75036263615892,700.0000053333333,5.865031343057277,5.725814070491786
NORTHRNINS,Northern Islami Insurance PLC,37.5,-0.2659574468085144,-1.8324607329843006,1.0849638127514885,18.95770420601879,19.318182116477278,41.63669100157374,18.95770420601879,-38.28369890527038,192.6520275717948,22.668965964169264,4.11463063270373,4.173856095503802
NPOLYMER,National Polymer Industries PLC,36.2,0.0,3.428571428571437,11.042944785276077,29.749103942652347,29.285714285714295,36.090225563909776,18.300653594771244,-36.37961335676625,-11.32878167509157,150.83022639620967,4.090892446976061,3.627853749186156
NRBBANK,NRB Bank PLC,6.8,4.615384615384613,11.475409836065577,13.33333333333333,3.030303030303033,-1.4492753623188481,11.475409836065577,-41.37931034482759,-24.444444444444446,-24.444444444444446,-24.444444444444446,4.724449048219536,3.142566079746111
NRBCBANK,NRBC Bank PLC,8.2,1.2345679012345634,6.493506493506482,10.810810810810795,17.14285714285713,46.42857142857142,60.784313725490186,10.810810810810795,-69.89648701475055,-35.51827503735991,-35.51827503735991,3.8276538276538283,2.8885731164447956
NTC,National Tea Company Limited,173.0,1.1695906432748537,-6.283856988082338,8.80503144654088,8.463949843260188,8.463949843260188,-0.46029919447641615,1.7647058823529411,-66.7115643640562,-67.4812030075188,-77.53246753246754,4.74248498691463,4.515057849751148
NTLTUBES,National Tubes Limited,69.6,0.7235890014471781,-2.5210084033613605,5.454545454545446,15.041322314049577,19.999999999999993,11.35999999999999,-19.06976744186047,-28.024819027921414,-1.0666411668019171,195.3662608707552,2.7820225897807056,3.9304378494589245
NURANI,Nurani Dyeing & Sweater Ltd.,3.0,0.0,7.1428571428571495,3.448275862068969,3.448275862068969,50.0,50.0,-3.225806451612906,-69.0721649484536,-82.27108003686878,-82.27108003686878,4.8888888888888875,4.764079531731417
OAL,Olympic Accessories Ltd,6.8,3.030303030303033,1.4925373134328306,0.0,11.475409836065577,25.925925925925913,19.298245614035082,-11.68831168831169,-54.36241610738256,-61.6026666143951,-71.82732798462808,2.7505827505827507,3.7299869051296435
OIMEX,Oimex Electrode Ltd.,16.6,1.2195121951219685,-1.7751479289940661,4.402515723270447,31.74603174603176,33.870967741935495,8.496732026143794,-32.79352226720647,-33.599999999999994,-66.70846758829832,-66.70846758829832,3.2162413452129304,3.0900014404350875
OLYMPIC,Olympic Industries PLC.,154.3,0.0,-1.5943877551020407,0.06485084306097454,7.676203768318213,5.757368060315288,12.136627906976758,-6.428138265615521,-11.575931232091683,-50.99364779036978,108.82706902262355,1.6926834834590179,1.6817147453430155
ONEBANKPLC,One Bank PLC,8.0,1.265822784810122,1.265822784810122,-1.2345679012345636,12.676056338028173,11.111111111111109,14.285714285714286,-6.976744186046508,-12.842104870488646,-12.842104870488646,-12.842104870488646,2.2849724115546843,2.5072563952179925
ORIONINFU,Orion Infusion Ltd.,287.3,1.8072289156626589,-1.9453924914675729,-7.022653721682845,-7.382333978078652,-21.908127208480558,-15.524845633637167,-16.724637681159418,305.7909604519774,302.38095238095235,524.5652173913044,2.415261582283298,3.0650766640093527
ORIONPHARM,Orion Pharma Ltd.,29.3,1.7361111111111112,-2.333333333333331,1.7361111111111112,8.51851851851852,8.118081180811805,7.720588235294123,-10.670731707317064,-48.954703832752614,-22.074468085106385,-57.12195104800001,2.663371853246121,2.61170985510881
PADMALIFE,Padma Islami Life Insurance Ltd.,17.7,0.568181818181806,-4.324324324324328,-6.842105263157897,4.117647058823525,2.312138728323691,5.9880239520958085,-23.70689655172414,-50.140845070422536,-11.867219551316262,-63.875275605114844,4.587996543531953,4.600143577779289
PADMAOIL,Padma Oil PLC,202.2,0.4470938897168292,-0.9309162175404242,7.553191489361696,16.073478760045926,16.878612716763,19.292035398230084,0.6972111553784747,-3.805899143672693,9.00269541778975,18.94117635164706,0.7954458952756571,1.964209876857173
PARAMOUNT,Paramount Insurance PLC.,62.7,-1.104100946372233,-0.47619047619047167,-6.2780269058296,12.972972972972977,10.582010582010582,44.13793103448276,44.470046082949324,-37.11133400200602,867.5332744414707,376.45388459083244,4.524485491513241,4.940238879649455
PDL,Pacific Denims Ltd.,5.8,3.5714285714285747,3.5714285714285747,-3.333333333333336,5.4545454545454515,48.71794871794872,26.086956521739136,-12.12121212121212,-56.92647060533802,-70.55888181252438,-70.55888181252438,3.300144300144291,4.43448685014784
PENINSULA,The Peninsula Chittagong PLC,25.1,0.8032128514056338,-1.5686274509803866,5.462184873949582,18.95734597156398,21.844660194174757,37.15846994535519,122.12389380530972,9.130434782608702,67.33333333333334,-30.644736668717098,2.521891067235832,3.192930788866292
PEOPLESINS,Peoples Insurance PLC,61.9,3.33889816360601,11.131059245960493,-0.6420545746388421,14.629629629629628,57.90816326530611,70.52341597796143,83.13609467455622,16.353383458646608,329.8611111111111,134.46969696969697,4.963352073383683,4.078675507816152
PF1STMF,Phoenix Finance 1st Mutual Fund Units,12.8,0.0,4.0650406504065035,54.21686746987951,75.34246575342468,146.15384615384616,156.00000000000003,132.72727272727275,13.27433628318584,166.66666666666669,62.025316455696206,2.971175607181337,4.833058127399691
PHARMAID,Pharma Aids Limited.,622.0,0.974025974025974,-2.047244094488189,8.85544277213861,7.333908541846419,20.472593453418565,26.16632860040568,-0.9554140127388535,44.48315911730546,171.0239651416122,343.9685938615275,2.367874833135065,3.1423720953738266
PHENIXINS,Phoenix Insurance PLC,44.0,0.0,-2.0044543429844066,1.6166281755196372,7.8431372549019684,28.65497076023391,64.17910447761194,69.23076923076923,-29.824561403508774,124.48979591836734,-1.7857142857142796,2.797931101956966,3.8072663420062307
PHOENIXFIN,Phoenix Finance and Investments Ltd.,4.0,-2.439024390243894,14.285714285714286,5.263157894736847,-2.439024390243894,8.108108108108103,66.66666666666667,2.5641025641025665,-85.91194963946046,-69.14621481220097,-85.33927516432995,6.417186417186409,5.771950696762726
PHPMF1,PHP First Mutual Fund Units 2010-,4.0,2.5641025641025665,8.108108108108103,29.032258064516125,21.212121212121218,73.91304347826089,66.66666666666667,14.285714285714286,-46.666666666666664,-0.7659578015174351,-28.37428621260627,5.715249662618086,6.36708618029419
PIONEERINS,Pioneer Insurance PLC,67.0,0.0,-0.29761904761905184,-6.030855539971946,2.603369065849928,29.558011361092447,46.25779660747706,55.641593309457974,-41.961249768672054,208.2057768179931,67.20687535365299,2.445252748387462,3.2741382248463418
PLFSL,Peoples Leasing and Financial Services Ltd.,2.0,5.263157894736848,24.999999999999993,66.66666666666667,-16.666666666666664,222.58064516129033,277.35849056603774,-13.04347826086956,-33.333333333333336,-76.47058823529412,-93.18885449527936,3.888888888888884,7.880780835326288
POPULAR1MF,Popular Life First Mutual Fund Units 2010-,4.1,5.1282051282051215,13.888888888888877,28.124999999999982,32.25806451612902,78.26086956521739,70.83333333333333,13.888888888888877,-43.055555555555564,6.064864216058319,-21.889765483641767,6.282051282051284,5.89773772813054
POPULARLIF,Popular Life Insurance Co. Ltd.,59.0,1.2006861063464886,-4.9919484702093415,-5.296950240770461,10.486891385767793,27.429805615550762,38.8235294117647,16.141732283464574,-40.46417759838547,-14.244186046511626,-47.05128173358975,3.0215055286695103,2.880976372560904
POWERGRID,Power Grid Co. of Bangladesh Ltd.,39.9,2.046035805626591,-3.389830508474573,4.4502617801047,22.018348623853196,31.25,48.32713754646841,14.985590778097968,-20.200000000000003,-31.678082191780824,-26.519337016574582,3.4233186918141625,2.847973428027142
PRAGATIINS,Pragati Insurance PLC,75.7,-0.7863695937090359,-1.6883116883116847,-10.941176470588232,1.9228754467403029,-1.4273075720707888,8.44367136665407,42.542961089418434,-3.1689591579742484,380.75576309829125,90.33199518651543,2.654072808720786,3.3978554347163255
PRAGATILIF,Pragati Life Insurance PLC,167.4,2.0731707317073207,-3.737780333525014,-1.6346154818247542,-7.467336775949747,-14.27374310336405,24.58727998181263,64.41071412130357,94.99340564800998,141.14239604237724,152.7775172836337,3.567855306667276,2.8219340685903456
PREMIERBAN,The Premier Bank PLC,5.6,0.0,0.0,30.232558139534877,21.73913043478261,36.58536585365854,39.99999999999999,-24.32432432432433,-52.01449289818822,44.66680501635452,-23.417010251007888,8.978521016534337,5.907681831853989
PREMIERCEM,Premier Cement Mills PLC,49.6,1.0183299389002036,-2.3622047244094406,0.2020202020202049,36.63911845730029,32.62032085561498,26.530612244897952,1.0183299389002036,-32.054794520547944,-45.31422271223815,-52.76190476190476,3.427085255466576,3.991716161449225
PREMIERLEA,Premier Leasing & Finance Limited,2.9,3.5714285714285747,26.086956521739136,26.086956521739136,26.086956521739136,408.7719298245614,437.037037037037,-6.451612903225812,-69.47368421052632,-57.012583438149385,-78.6056845222967,6.233699633699635,7.577548362923853
PRIME1ICBA,Prime Bank 1st ICB AMCL Mutual Fund Units,6.6,1.538461538461533,4.761904761904759,37.49999999999999,49.999999999999986,49.999999999999986,53.48837209302325,26.923076923076913,-21.428571428571434,31.999999999999993,-8.333333333333341,4.3629807692307665,5.24073551039369
PRIMEBANK,Prime Bank PLC,30.6,0.32786885245902103,-0.32573289902279434,1.6611295681063123,-1.607717041800643,3.311897346948957,11.562500278906258,12.73684236633796,47.023437288653824,141.51049947954488,7.700627985467576,1.3104711787522598,1.4616911119976608
PRIMEFIN,Prime Finance and Investment Ltd.,3.8,5.555555555555548,18.74999999999999,26.66666666666666,8.571428571428566,153.33333333333331,245.45454545454544,-20.833333333333336,-70.07874015748031,-51.898734177215196,-86.01226988372916,6.83288483288483,6.374021720875363
PRIMEINSUR,Prime Islami Insurance PLC,46.1,0.21739130434782916,-1.7057569296375206,7.710280373831787,24.594594594594597,30.594900849858373,54.18060200668897,20.365535248041787,-35.79387186629526,246.6165413533834,29.08000030462881,3.933679454555742,5.060203446392912
PRIMELIFE,Prime Life Insurance Company Limited,39.9,1.526717557251912,-4.773269689737471,-6.117647058823532,11.764705882352928,5.277044854881266,20.909090909090907,-2.682926829268296,-37.85046728971963,-29.82412043374662,-56.10999993284831,2.7558602393913043,3.114758517938138
PRIMETEX,Prime Textile Spining Mills Ltd.,18.2,5.813953488372093,7.058823529411761,-2.1505376344086136,-2.1505376344086136,39.99999999999999,31.88405797101448,30.935251798561143,-17.272727272727277,10.975609756097565,-9.900990099009901,3.9408005552993055,3.965967360797863
PROGRESLIF,Progressive Life Insurance Co. Ltd.,40.9,6.788511749347263,-2.1531100478468868,-4.8837209302325615,0.0,-5.324074074074083,-10.307017543859654,-16.700610997963345,-63.805309734513266,-3.9777853897751543,-45.33124055975618,6.876032644419801,4.088665294037008
PROVATIINS,Provati Insurance PLC,56.4,-1.5706806282722487,-1.7421602787456447,-5.843071786310517,57.54189944134079,63.00578034682079,96.51567944250871,52.02156334231805,-65.92500017719,637.625859308623,201.96876535533258,4.468704971224074,5.533372680554836
PTL,Paramount Textile PLC,64.1,1.7460317460317372,-0.7739938080495357,-3.609022556390986,0.9448818897637705,26.67984189723319,23.74517374517374,34.10041841004184,33.15737429027708,538.5247384187281,150.8870111256847,2.252456014261873,2.681272210016057
PUBALIBANK,Pubali Bank PLC,38.2,0.5263157894736916,2.41286863270779,6.111111111111119,17.146694588190847,9.825026193268757,42.16831869149697,66.4015548672802,127.86442358606251,252.50290712008132,119.12490205690503,2.420778987244275,2.0902118502916447
PURABIGEN,Purabi General Insurance Co. Ltd.,30.3,-0.3289473684210456,-2.572347266881031,-5.015673981191216,8.602150537634417,34.66666666666667,56.18556701030929,58.63874345549738,-31.408791470342297,330.6342672130113,2.3532132309536893,3.5850329970869486,3.953391506206638
QUASEMIND,Quasem Industries Limited.,46.5,1.9736842105263126,3.104212860310418,0.8676789587852464,18.020304568527923,20.46632124352331,22.95673063326899,32.17054249221803,25.03333294545214,20.342079862036826,192.62126759126812,2.1918138448443063,3.471082638571355
QUEENSOUTH,Queen South Textile Mills Ltd.,18.2,4.597701149425292,13.04347826086955,19.736842105263158,59.649122807017534,65.45454545454544,52.941176470588225,43.30708661417323,-34.82432457665988,-25.049016625307562,-25.049016625307562,5.205499508952474,4.192137625769962
RAHIMAFOOD,Rahima Food Corporation Ltd.,89.2,0.7909604519774044,-2.5136612021857894,-12.031558185404341,-12.291052114060964,-34.411764705882355,-44.25,-35.642135642135635,-65.01960784313725,59.28571428571429,418.60465116279073,3.7441784777631772,5.006153033473611
RAHIMTEXT,Rahim Textile Mills Ltd.,211.0,0.5240590757503546,-3.4324942791762014,5.5,2.926829268292683,-16.600790513833992,-1.0782934833567797,38.72452333990796,-28.47457627118644,57.188948535457996,423.1534036187253,4.2406185785997765,4.737147026810587
RAKCERAMIC,RAK Ceramics (Baneladesh) Limited,31.8,0.9523809523809548,0.31545741324921583,11.971830985915501,35.319148936170215,33.05439330543934,43.24324324324325,39.473684210526315,-20.499999999999996,-32.3251255963097,-20.78058828401405,2.837018476604132,2.934446589019923
RANFOUNDRY,Rangpur Foundry Limited,163.5,1.3011152416356841,-2.5044722719141257,12.758620689655173,6.514657980456026,5.212355212355209,14.415675297410774,2.830188679245283,25.67255956956188,52.80373831775701,163.70967741935485,2.780795963389115,4.834240451851971
RDFOOD,Rangpur Dairy and Food Products Limited,28.3,2.5362318840579685,-0.35211267605633056,1.071428571428574,42.92929292929293,40.796019900497505,41.50000000000001,19.409282700421947,-31.735363245297243,205.32525535060478,74.91473255999094,3.3032750571587717,3.394924530063241
RECKITTBEN,Reckitt Benckiser (Bangladesh) PLC,3304.0,-0.11487998065179822,-0.8403361344537815,-1.3701901549300006,-5.057471264367816,-5.329512893982808,-3.391812865497076,-3.3946375836963805,-27.06240755866575,115.94771241830065,347.09066305818675,0.8573560642875762,0.7231239627988651
REGENTTEX,Regent Textile Mills Ltd.,6.9,4.5454545454545565,15.000000000000005,2.985074626865674,81.57894736842107,102.94117647058826,72.50000000000001,86.48648648648648,-36.69724770642202,-36.50146663988917,-73.1083710502005,5.8174654456775805,5.572937127400604
RELIANCE1,Reliance Insurance Mutual Fund Reliance One Units,12.1,0.0,0.0,15.238095238095235,5.217391304347823,-21.42857142857143,-22.929936305732483,-31.25000000000001,-10.370370370370372,53.16455696202531,32.96703296703297,2.881735537190087,3.336946210328143
RELIANCINS,Reliance Insurance PLC,115.0,0.0,5.504587155963303,-4.326123128119802,29.358830146231714,58.40220385674933,75.84097859327215,88.83415435139574,4.166666666666662,281.708228237427,138.15113019322834,5.02960897299353,5.085950976411781
RENATA,Renata PLC,479.3,0.7144358058415705,1.7622080679405545,7.2259507829977645,14.940047961630698,14.391408114558475,22.270408163265312,-9.548971504057363,-58.82218255585988,-28.450132148626864,54.29621790359723,1.2835028473652186,1.2615273034133427
RENWICKJA,Renwick Janeswar and Co. (BD) Limited,916.0,0.18593459477196167,-4.811389379611343,65.94202898550725,86.93877551020408,97.8401727861771,87.39770867430441,31.798561151079138,-2.9455393091756683,61.552028218694886,1066.8789808917197,8.84870828906291,6.860159820165186
REPUBLIC,Republic Insurance PLC,35.7,0.5633802816901489,-4.545454545454534,-0.8333333333333255,1.4204545454545454,-1.6528925619834556,30.291970802919725,19.79865771812081,-32.13922380181543,411.9384755150769,74.06596909194842,3.387570124985114,4.584247870115108
RINGSHINE,Ring Shine Textiles Ltd.,4.8,9.09090909090908,23.076923076923073,29.72972972972972,29.72972972972972,77.77777777777776,49.999999999999986,54.838709677419345,-52.94117647058824,-67.68000000323201,-67.68000000323201,5.401336361541755,5.336498096446746
ROBI,Robi Axiata PLc,32.7,0.6153846153846242,-0.3048780487804705,1.2383900928792746,14.335664335664339,8.27814569536425,15.547703180212022,22.014925373134336,-24.305555555555554,118.00000000000001,118.00000000000001,1.357678801217324,1.6881237960593563
RSRMSTEEL,Ratanpur Steel Re-Rolling Mills Ltd,7.6,0.0,-3.7974683544303884,-3.7974683544303884,-3.7974683544303884,15.151515151515152,13.432835820895514,-32.14285714285714,-69.9604743083004,-76.76674573546342,-83.23222842898299,3.158259284575076,3.838082124901495
RUNNERAUTO,Runner Automobiles PLC,44.8,3.94431554524361,7.177033492822967,5.411764705882346,18.832891246684333,33.731343283582085,21.081081081081074,59.99999999999999,-29.337539432176662,-51.654676140738054,-51.654676140738054,3.1815648260289286,2.402685265153832
RUPALIBANK,Rupali Bank PLC,17.7,1.1428571428571388,-3.2786885245901716,2.906976744186047,-1.6666666666666705,-10.606060606060613,2.312138728323691,-20.27027027027027,-39.24134619333928,30.36206680153995,-40.970426990659824,4.058486341244961,2.995869914710113
RUPALIINS,Rupali Insurance Company Ltd.,29.0,0.694444444444442,0.0,5.454545454545454,22.28915695801277,24.28571456979591,42.289719981892524,32.391304678804346,-32.18262790074702,184.06336735535143,-7.469585659621067,2.677736006683374,4.215575599265845
RUPALILIFE,Rupali Life Insurance Co. Ltd.,88.4,0.454545454545461,-3.7037037037036944,-6.455026455026449,0.6833712984054767,-4.638619201725994,12.468193384223934,1.492537313432849,18.642104883503162,194.3083505663746,-12.174261074005107,3.2231556911075407,3.071042049515462
SAFKOSPINN,Safko Spinning Mills Limited,20.5,0.4901960784313796,-3.301886792452827,-6.3926940639269345,-1.4423076923076956,51.851851851851855,48.55072463768115,64.0,-24.981884076453735,87.9592876882119,3.8175128615895804,4.962956325042099,4.67877045411857
SAIFPOWER,SAIF Powertec Ltd.,10.0,4.1666666666666705,2.0408163265306047,-6.542056074766349,56.249999999999986,112.7659574468085,100.0,33.333333333333336,-62.937063080649416,-27.42258554037211,-27.249897338147008,4.240166949632141,5.463519359708926
SAIHAMCOT,Saiham Cotton Mills Ltd.,22.8,6.04651162790698,9.615384615384615,15.736040609137062,6.0465116279069795,25.966850828729278,16.326530612244895,71.42857142857143,24.59016393442623,76.74418604651163,-11.690140919698473,4.2628156756835285,3.7194344768459024
SAIHAMTEX,Saiham Textile Mills Ltd.,20.0,4.1666666666666705,3.626943005181343,8.695652173913052,9.890109890109894,-6.976744186046512,15.606936416184967,40.84507042253522,-14.163090128755368,59.09090948863637,-14.664310982936014,3.569405683605368,3.017480492583595
SALAMCRST,S. Alam Cold Rolled Steels Limited,13.9,2.9629629629629655,-2.7972027972027997,-5.442176870748292,-12.025316455696204,24.10714285714287,-6.7114093959731544,-33.49282296650717,-55.87301587301588,-44.6215139442231,-70.7983193277311,3.8925294493629963,3.310350959791435
SALVO,Salvo Organic Industries PLC,38.3,0.5249343832020885,0.0,1.861702127659563,20.440251572327032,36.29893238434162,26.40264026402639,68.72246696035242,-13.738738738738741,280.4121640847858,123.71899798506169,2.882334976780571,2.444656493007987
SAMATALETH,Samata Leather Complex (Pvt.) Ltd.,105.8,3.0185004868549115,3.3203124999999916,0.28436018957345705,-9.340188517566414,14.999999999999998,25.952380952380945,51.35908440629469,17.555555555555554,315.0615371333416,619.439997697792,4.873015656014538,4.84611176905241
SAMORITA,Samorita Hospital Ltd.,96.2,-0.10384215991692038,1.369863013698627,22.547770700636946,37.42857142857144,39.42028985507247,32.32462173314993,52.456418383518226,49.62948020960997,90.86772561801693,145.05626559363134,2.916011481877849,4.324369266631
SANDHANINS,Shandhani Life Insurance Co.Ltd,27.6,1.4705882352941255,-4.498269896193762,6.976744186046513,22.66666666666667,30.18867924528303,43.00518134715026,26.027397260273986,-36.69724770642202,38.00000110400001,-35.17689778817346,2.7121578099838985,3.1490366418539617
SAPORTL,Summit Alliance Port Limited,54.3,0.5555555555555503,1.1173184357541792,2.45283018867924,4.423076923076918,21.205357142857146,28.978622327790962,132.05128205128207,76.8729641693811,44.00359976538933,157.65445758271127,3.3327909845444696,3.7259758529540163
SBACBANK,SBAC Bank PLC.,7.8,9.859154929577468,18.181818181818183,18.181818181818183,14.705882352941178,19.999999999999996,25.80645161290322,-8.23529411764706,-25.517090793439273,-25.517090793439273,-25.517090793439273,4.996755353666446,3.366692676840306
SEAPEARL,Sea Pearl Beach Resort & Spa Ltd.,41.1,3.526448362720399,-1.9093078758949813,12.912087912087921,19.1304347826087,30.89171974522294,24.54545454545455,-22.01138519924099,-2.836879432624104,71.25000042812502,71.25000042812502,3.797221243524137,4.387672777826482
SEMLFBSLGF,SEML FBLSL Growth Fund Units,7.4,1.3698630136986376,5.71428571428572,29.824561403508778,42.307692307692314,48.00000000000001,51.0204081632653,27.586206896551733,-41.269841269841265,21.311475409836078,21.311475409836078,4.907957349593467,4.15491370611502
SEMLIBBLSF,SEML IBBL Shariah Fund Units,8.0,-1.2345679012345634,0.0,17.647058823529413,31.147540983606564,35.593220338983045,37.931034482758626,15.94202898550724,-39.39393939393939,-41.60583941605839,-41.60583941605839,3.006232633528864,3.116327324514252
SHAHJABANK,Shahjalal Islami Bank PLC,17.5,0.0,0.0,0.5747126436781691,0.0,-0.5681818181818262,6.707317073170741,-4.371584699453556,-11.206896893774411,147.972319011565,7.571090431233522,1.8465734577926824,1.5410805538871937
SHARPIND,Sharp Industries PLC,37.1,1.64383561643836,12.424242424242427,64.8888888888889,145.6953642384106,192.1259842519685,187.59689922480624,113.21839080459772,127.60736196319017,127.60736196319017,127.60736196319017,7.507726868881,7.332290202860494
SHASHADNIM,Shasha Denims PLC,28.8,0.6993006993006968,2.85714285714286,19.008264462809922,48.45360824742269,80.0,81.13207547169812,62.711864406779675,12.499999999999996,2.020165484444948,-13.718570735613417,2.7736949363212036,2.4899304659489263
SHEPHERD,Shepherd Industries PLC,17.2,1.775147928994087,0.5847953216374144,2.3809523809523725,1.17647058823529,42.14876033057851,28.358208955223873,-6.010928961748641,1.907514031161252,-52.5948891787132,-52.5948891787132,2.753287409368583,3.440511822867538
SHURWID,Shurwid Industries Ltd,6.0,0.0,0.0,-10.447761194029853,0.0,36.36363636363635,30.43478260869566,-15.49295774647887,-69.38775510204083,-33.333333407407416,-80.02631586813321,2.7237482953438463,4.154693932670084
SHYAMPSUG,Shyampur Sugar Mills Ltd.,304.5,-2.0270270270270307,-3.394670050761418,44.24443391757461,103.0,93.08814204185164,100.32894736842105,125.38860103626943,381.8037974683544,3440.6976744186045,3706.25,8.923236084680644,8.43054306378481
SICL,"Sikder Insurance Co., Ltd.",37.8,-0.5263157894736916,-2.072538860103638,-3.076923076923084,55.555555555555536,78.30188679245282,104.32432432432431,60.85106382978722,39.99999999999999,39.99999999999999,39.99999999999999,4.30957357235507,4.048943301088343
SILCOPHL,Silco Pharmaceuticals Ltd.,21.7,0.9302325581395315,-3.124999999999997,0.4629629629629531,53.90070921985816,57.24637681159419,58.394160583941606,43.70860927152318,-35.223880597014926,-10.932835917274172,-10.932835917274172,4.266407904953576,3.7702851785824674
SILVAPHL,Silva Pharmaceuticals Ltd.,17.2,1.775147928994087,1.7751479289940872,26.470588235294112,70.2970297029703,77.31958762886599,79.16666666666667,57.79816513761467,-22.52252252252252,-52.473684091710524,-52.473684091710524,4.14670933776535,5.124750726465627
SIMTEX,Simtex Industries PLC,27.9,2.5735294117647034,-1.0638297872340452,3.717472118959108,15.289256198347106,35.43689320388348,23.999999999999996,75.47169811320754,50.81081081081081,73.39146024125893,3.55983103427403,3.087486055222393,3.2448129990509003
SINGERBD,Singer Bangladesh Limited,78.9,-0.2528445006320969,1.544401544401548,-0.2528445006320969,-7.285546415981186,-10.544217687074827,-7.176470588235287,-28.661844484629288,-56.19100499722376,-37.79866591882604,-22.248332401597352,3.119241526586337,3.0215762769479824
SINOBANGLA,Sinobangla Industries Ltd.,57.7,1.0507880910683036,-2.2033898305084696,-2.6981450252951,12.475633528265119,24.086021505376348,25.982532751091714,35.128805620608894,39.36963263466024,139.55547073824945,217.2267285958922,2.1052935974787563,2.32574871248093
SIPLC,Sena Insurance PLC,117.7,0.9433962264151018,11.88212927756654,11.037735849056606,58.62533692722372,99.49152542372882,120.8255159474672,135.87174348697397,146.234309623431,146.234309623431,146.234309623431,4.004170084867553,4.7780899185992665
SKTRIMS,SK Trims & Industries Ltd.,15.0,2.739726027397263,0.0,0.671140939597313,63.043478260869584,100.0,82.9268292682927,48.51485148514852,-63.768115942028984,-59.66666674840889,-59.66666674840889,3.217663121586664,5.256657093893633
SONALIANSH,Sonali Aansh Industries Limited.,214.6,0.2335357309668379,-0.4176334106728565,14.943760042849494,31.414574402939362,16.56708310700706,11.538461538461533,18.629076838032056,271.6821822905391,1128.9191123836795,1489.6296296296296,2.889609351117104,3.4884305819203694
SONALILIFE,Sonali Life Insurance PLC,83.7,-0.5938242280285035,0.7220216606498298,1.8248175182481752,23.088235294117652,18.723404255319153,37.438423645320206,41.6243654822335,21.30434782608696,660.9090909090909,660.9090909090909,3.338588963689127,3.3506698000476742
SONALIPAPR,Sonali Paper & Board Mills Ltd.,243.1,1.2494793835901707,-3.4934497816593932,3.8888888888888866,6.622807017543858,2.314814814814815,2.790697674418602,56.23393316195373,31.695745933016802,61.06993168592667,61.06993168592667,3.2843648047843286,3.5883958157474307
SONARBAINS,Sonar Bangla Insurance Ltd.,37.5,-1.8324607329843003,-6.483790523690776,-16.666666666666668,15.13157923519736,21.904025092376042,55.632411423979434,48.584906002403,-52.91144623355077,304.79002828802254,80.15750998146471,4.75720030904138,5.378940155488731
SONARGAON,Sonargaon Textiles Limited.,95.6,-0.829875518672211,3.9130434782608634,-0.41666666666667257,171.59090909090907,208.3870967741935,207.39549839228295,187.9518072289156,293.4156378600823,1174.6666666666667,412.14285842321425,5.655543171117299,6.8893097307861675
SOUTHEASTB,Southeast Bank PLC,10.8,0.0,3.8461538461538494,8.000000000000007,6.018348497409309,24.25806444531529,26.9890109471465,34.37209298263169,-24.4248346795008,5.3420966005929,-9.243731951120292,3.0084538527493945,3.206484404247335
SPCERAMICS,Shinepukur Ceramics PLC,22.8,1.3333333333333366,-4.201680672268908,-4.602510460251037,9.615384615384615,50.993377483443716,56.164383561643845,9.090909090909102,-26.92307692307692,162.06896551724142,0.459769822415994,4.282413062856405,3.902166702299884
SPCL,Shahjibazar Power Co Ltd,56.8,1.2477718360071226,-1.7301038062283738,4.220183486238527,4.029304029304021,12.47524752475247,19.578947368421048,29.97711670480548,-19.300546316675206,-50.64441051550829,118.74115148958306,2.1418432919159507,2.600681269699207
SQUARETEXT,Square Textiles PLC,50.4,0.0,-1.1764705882352968,1.8181818181818152,4.999999999999997,0.7999999999999972,3.9175257731958735,-0.39525691699605303,6.1052631578947345,-13.054622690118975,-33.953968364370716,2.0337100698812174,2.02073043817869
SQURPHARMA,Square Pharmaceuticals PLC,218.9,0.22893772893772896,-1.396396396396394,-2.7111111111111086,2.5292740046838436,-0.5903723887375036,10.000000000000002,-0.8605072463768141,-1.7063313875168313,16.10982499674483,109.12253399632932,1.0318857983719973,1.1390217007570331
SSSTEEL,S.S. Steel Ltd,7.4,2.77777777777778,2.7777777777777803,5.71428571428572,51.0204081632653,94.73684210526318,80.4878048780488,23.33333333333334,-63.33944969532599,-80.14787223290325,-80.14787223290325,3.6080475613564573,4.782197605089133
STANCERAM,Standard Ceramic Industries Ltd.,72.7,0.0,0.2758620689655212,0.8321775312066693,5.668604651162799,13.239875389408098,3.7089871611983005,6.911764705882357,-68.07202459376373,43.67588932806324,196.73469387755102,3.453110535022174,4.012028701882439
STANDARINS,Standard Insurance PLC,48.7,-0.6122448979591778,-6.165703275529856,-5.802707930367505,5.869565217391311,14.588235294117652,24.552429667519185,7.268722466960362,-41.67664670658682,560.2006452790263,86.5838092029828,4.435710189051582,4.11161674069675
STANDBANKL,Standard Islami Bank PLC,5.2,1.960784313725501,6.122448979591833,10.638297872340425,1.9607843137255008,6.122448979591833,8.333333333333341,-24.637681159420293,-39.49303837269357,-1.5829459537145443,-42.597622672153385,3.9764705882352973,3.8664833822608835
STYLECRAFT,Stylecraft Limited,59.3,1.5410958904109566,-5.7233704292527845,8.409506398537467,16.04696673189823,31.194690265486713,25.635593220338972,-17.40947075208914,-60.20134228187919,36.46567886266544,141.45620915601023,4.374365381156073,4.113504208189042
SUMITPOWER,Summit Power Ltd.,16.9,1.807228915662633,-2.873563218390805,9.740259740259729,22.46376811594201,36.290322580645146,36.290322580645146,13.422818791946296,-61.85101580135441,-47.51552795031057,-63.190411010588804,2.4034310099208303,3.2852091903283984
SUNLIFEINS,Sunlife Insurance Co. Ltd.,67.7,0.744047619047619,-2.0260492040520863,-7.260273972602737,-7.639836289222366,27.977315689981104,28.46299810246679,15.529010238907851,107.66871165644172,188.92886941763805,-26.802760515106534,3.5778955183192007,5.147601017316935
TAKAFULINS,Takaful Islami Insurance PLC,50.5,1.0,4.771784232365139,27.848101265822784,48.09384164222873,48.529411764705884,48.529411764705884,36.85636856368564,-15.692821368948245,358.29915147681777,64.47130204427006,5.25747765190153,5.00570494835785
TALLUSPIN,Tallu Spinning Mills Limited,8.3,1.2195121951219685,5.06329113924051,-1.1904761904761862,5.06329113924051,9.210526315789489,31.74603174603176,53.70370370370371,3.750000000000009,-37.59398496240601,-63.91304350964083,2.478618176409346,2.7425801113545023
TAMIJTEX,Tamijuddin Textile Mills PLC,132.7,1.1432926829268295,-2.282768777614155,1.4525993883791875,11.512605042016798,12.077702702702688,5.317460317460308,23.59864509347127,82.00748111974333,906.6896537838763,906.6896537838763,2.775691435166535,3.151112846215412
TECHNODRUG,Techno Drugs Ltd.,47.2,1.070663811563169,-4.259634888438122,8.009153318077802,32.58426966292135,54.754098360655746,61.64383561643837,47.04049844236761,78.78787878787881,78.78787878787881,78.78787878787881,3.7000807455330658,3.80037025941621
TILIL,Trust Islami Life Insurance Ltd.,51.6,0.7812499999999972,-2.4574669187145504,-3.551401869158876,8.176100628930815,2.5844930417495116,16.21621621621622,-0.5780346820809193,369.09090909090907,369.09090909090907,369.09090909090907,2.256824476554955,3.209894268011159
TITASGAS,Titas Gas Transmission and Distribution PLC,20.4,1.4925373134328215,-1.4492753623188441,13.966480446927376,21.428571428571413,25.15337423312882,30.769230769230763,-4.672897196261682,-44.565217391304344,-58.78787878787879,-68.02507836990596,3.592779235274318,3.9512509246206435
TOSRIFA,Tosrifa Industries PLC,24.1,0.8368200836820203,3.433476394849788,16.990291262135923,42.60355029585801,47.85276073619632,41.76470588235295,23.589743589743595,38.002792775687794,25.91080078987701,-44.49348262280262,5.09296799770695,5.380737022960155
TRUSTB1MF,Trust Bank 1st Mutual Fund Units,4.0,0.0,11.111111111111109,29.032258064516125,33.333333333333336,66.66666666666667,66.66666666666667,5.263157894736847,-48.71794871794872,-2.1647061574427613,-38.76400049181693,6.993288835394098,6.0568695552925895
TRUSTBANK,Trust Bank PLC,15.7,0.0,-1.8750000000000044,0.0,-9.423076696634611,-10.891891694409061,-5.25862045280172,-19.191176268566185,-27.986172291935166,72.67168488270087,65.40445822242745,1.7803273869669902,1.7077147539932347
TUNGHAI,Tung Hai Knitting & Dyeing Ltd,3.0,3.448275862068969,15.384615384615381,0.0,0.0,87.5,87.5,11.111111111111104,-54.54545454545454,-66.32653065347772,-87.90000002452265,5.115574081091323,6.26203061671042
UCB,United Commercial Bank PLC,9.8,0.0,-2.97029702970296,10.1123595505618,12.643678160919558,-1.999999999999993,-6.66666666666666,-11.711711711711702,-26.636110831411276,-14.713176173237613,-22.71924944405135,2.4742268041237216,2.4302007829472716
UNILEVERCL,Unilever Consumer Care Limited,2050.0,-0.1655790396415745,-1.2999518536350505,-0.4854368932038835,-1.0187822896045535,-5.92446422835115,-5.092592592592593,-17.868589743589745,10.252100840336135,100.4767434753377,513.0841121495328,0.6547253319645244,1.0336021478089157
UNIONCAP,Union Capital Limited,5.0,6.382978723404251,13.636363636363628,8.695652173913052,16.279069767441865,38.888888888888886,78.57142857142858,-7.407407407407414,-42.5287356321839,-45.85937479358886,-73.5665416106623,6.476256552574781,4.827569864425725
UNIONINS,Union Insurance PLC,50.2,-0.7905138339920921,-3.088803088803078,26.448362720403022,38.29201101928376,35.309973045822105,36.41304347826088,36.04336043360435,356.36363636363643,356.36363636363643,356.36363636363643,5.363440551605734,5.892941199006284
UNIQUEHRL,Unique Hotel & Resorts PLC,45.3,1.342281879194618,-3.4115138592750562,9.951456310679598,20.799999999999994,19.525065963060683,18.276762402088774,13.249999999999995,4.137931034482752,3.1890660592255093,-64.24625098658248,3.6514535957414163,3.8679478549322064
UNITEDFIN,United Finance PLC,17.6,0.0,4.761904761904766,15.032679738562095,36.43410852713179,44.26229508196723,51.724137931034505,30.370370370370377,0.0,12.813954063100162,-24.505337394577854,5.035555311063128,4.632156544208515
UNITEDINS,United Insurance Company Limited,50.6,0.5964214711729707,-2.504816955684002,16.32183908045977,1.2000000000000028,9.761388286334055,21.05263157894738,28.101265822784814,-20.937499999999996,161.51561097386735,32.5369919244116,4.284118940055962,3.930820528686503
UPGDCL,United Power Generation & Distribution Co. Ltd.,125.9,0.9623095429029693,-0.8661417322834601,1.8608414239482294,7.148936170212771,4.39469320066336,8.440999138673568,-6.0447761194029805,-55.13186029935852,32.731010032280786,125.71043672719755,1.6993412612298824,2.499140748567386
USMANIAGL,Usmania Glass Sheet Factory Limited,67.2,0.14903129657229292,-5.882352941176474,72.30769230769232,86.66666666666669,106.76923076923079,97.64705882352942,98.23008849557525,20.214669051878364,-3.4090715610145503,38.57397129068015,9.36034605051062,8.990412501081261
UTTARABANK,Uttara Bank PLC,21.4,0.0,0.0,-0.46511627906977404,3.682170542635649,8.739837398373979,16.8122270742358,23.271889400921655,67.26380980095156,165.86615675492453,65.1316444400772,0.8464032889513644,1.1461109111630017
UTTARAFIN,Uttara Finance and Investments Limited,13.9,2.205882352941182,3.7313432835820897,-0.7142857142857117,11.200000000000003,36.27450980392158,40.4040404040404,-22.34636871508379,-63.70757180156659,-72.09369017599889,-80.34944917497864,3.609097028039043,2.790558258153895
VAMLRBBF,Vanguard AML Rupali Bank Balanced Fund Units,8.2,1.2345679012345634,2.499999999999991,12.328767123287664,38.983050847457605,49.09090909090908,43.859649122807,32.25806451612902,-17.171717171717184,-25.45454545454546,-25.45454545454546,2.4691358024691383,3.949221481686907
VFSTDL,VFS Thread Dyeing Ltd.,17.5,0.0,5.421686746987943,1.7441860465116321,50.862068965517246,57.65765765765766,36.71874999999999,143.05555555555554,-27.083333151041664,-26.12657281449614,-26.12657281449614,3.5593510724087603,3.608350693944819
WALTONHIL,Walton Hi-Tech Industries PLC,397.1,0.5571030640668639,-0.2762430939226434,3.681462140992173,7.702739354488754,3.1428571428571486,4.500000000000006,-3.1678121116703237,-68.79928574548643,15.558200942642864,15.558200942642864,2.231669119084584,2.2092027289300873
WATACHEM,Wata Chemicals Ltd.,140.7,-0.2834868887314002,-2.7643400138217005,5.078416728902153,-2.562326869806106,4.222222222222213,-0.9154929577464869,11.844197138314778,-52.04498977505112,55.78804371115944,566.8593752813313,2.4828102313425857,3.0705705847488223
WMSHIPYARD,Western Marine Shipyard Limited,10.3,0.9803921568627592,3.000000000000007,3.000000000000007,17.045454545454543,27.160493827160508,25.609756097560997,19.76744186046513,-30.872483221476507,-22.96378034356937,-70.08426805691289,3.0312830661786716,4.018243866551457
YPL,Yeakin Polymer Ltd.,24.9,-0.40000000000000563,1.2195121951219396,-3.1128404669260727,13.181818181818176,64.90066225165562,40.67796610169491,67.11409395973153,74.1258741258741,-0.6281173782689004,-0.6281173782689004,3.5269222250079784,4.127466480365626
ZAHEENSPIN,Zaheen Spinning PLC,5.6,1.818181818181812,1.8181818181818117,-6.666666666666672,3.7037037037036904,39.99999999999999,39.99999999999999,-18.840579710144933,-45.09803921568627,-53.5112500794885,-60.6519222959867,3.313131313131304,4.091303763430564
ZAHINTEX,Zahintex Industries Ltd.,9.1,1.1111111111111072,1.1111111111111072,3.4090909090908967,12.345679012345679,59.649122807017534,56.896551724137936,102.22222222222221,1.1111111111111072,-49.7172095867157,-61.63909702223267,3.1385767790262094,4.833170771199842
ZEALBANGLA,Zeal Bangla Sugar Milla Limited,219.9,-3.0850594975760246,-7.176023638666104,61.69117647058823,63.130563798219576,55.957446808510646,53.77622377622378,159.92907801418443,51.03021978021979,1659.2,2427.586206896552,8.96180474333492,10.202550977039555
