Symbol,Name,Price,Change %,Perf % 1W,Perf % 1M,Perf % 3M,Perf % 6M,Perf % YTD,Perf % 1Y,Perf % 5Y,Perf % 10Y,Perf % All Time,Volatility 1W,Volatility 1M
1JANATAMF,First Janata Bank Mutual Fund Units,3.9,0.0,-7.1428571428571495,18.181818181818183,25.80645161290322,44.44444444444443,49.999999999999986,14.705882352941178,-54.11764705882352,-12.550000350136354,-28.266366316838845,5.836707152496631,5.718115759021185
1STPRIMFMF,Prime Finance First Mutual Fund 2009 Units,25.1,1.6194331983805754,1.2096774193548416,1.6194331983805754,35.675675675675684,29.381443298969085,25.500000000000007,19.52380952380953,24.25742574257427,206.0975609756098,-17.973856209150327,4.21435731310842,4.134668483223967
AAMRANET,aamra networks ltd,21.0,0.0,-0.943396226415091,-4.545454545454546,31.25,28.048780487804887,17.977528089887638,15.384615384615389,-47.911777569477415,-65.14263875062859,-65.14263875062859,2.743791296422876,2.9596236174556765
AAMRATECH,Aamra Technologies Limited,22.8,-0.8695652173913012,9.090909090909102,26.66666666666667,74.04580152671757,98.26086956521739,85.36585365853658,78.125,-23.031847421040364,7.0734175660592395,-22.461000167594083,7.547187936077551,5.14341300312927
ABB1STMF,AB Bank 1st Mutual Fund 2011 Units,4.1,2.499999999999991,-4.651162790697679,13.888888888888877,24.24242424242424,51.851851851851826,51.851851851851826,13.888888888888877,-44.594594594594604,-6.932929074795132,-38.84163934824627,4.423858661663541,6.292928317547792
ABBANK,AB Bank PLC,4.9,0.0,0.0,-1.999999999999993,11.363636363636363,-3.921568627450967,19.512195121951237,-25.75757575757575,-63.56519249175043,-61.656505207552094,-78.70829979561037,3.1037414965986363,3.01487763936743
ACFL,Aman Cotton Fibrous PLC,23.9,0.8438818565400814,-2.845528455284564,0.0,27.807486631016037,32.77777777777777,32.77777777777777,30.60109289617485,-48.04347826086956,-60.166666666666664,-60.166666666666664,3.542622949482154,3.0694555265222934
ACI,Advanced Chemical Industries PLC,202.4,1.6064257028112534,-1.5085158150851554,-1.2682926829268264,3.054989816700611,1.8621036738802301,3.794871794871798,2.2738756947953513,-15.139583375962433,-20.365925240121257,225.00583973190507,1.6153708391484922,1.9645693862169824
ACIFORMULA,ACI Formulations PLC,177.8,3.8551401869159014,-0.1684446939921297,15.830618892508149,26.728439059158944,30.256410256410263,37.829457364341096,29.309090909090916,15.95652202902175,13.765996624468197,157.85911666674727,3.4223604228579494,4.3650617615441965
ACMELAB,ACME Laboratories Ltd.,83.2,0.726392251815991,-0.3592814371257451,-2.117647058823526,8.616187989556149,10.052910052910066,16.690042075736333,2.3370233702337093,-8.67178924259055,-25.912733748886907,-38.370370370370374,1.061971754771081,1.6710485671547448
ACMEPL,ACME Pesticides Ltd,24.9,1.2195121951219396,1.632653061224484,6.866952789699561,-0.4000000000000057,43.10344827586207,56.603773584905646,70.54794520547945,126.36363636363635,126.36363636363635,126.36363636363635,4.21276998372062,4.253661397692535
ACTIVEFINE,Active Fine Chemicals Ltd.,6.9,1.4705882352941255,-1.4285714285714235,-4.166666666666664,7.8125,6.1538461538461595,27.777777777777775,-25.806451612903228,-70.63829787234043,-72.48466249228424,-76.59999983558957,2.573847514346427,2.964608925787688
ADNTEL,ADN Telecom Ltd.,67.5,1.9637462235649505,-1.7467248908296984,-3.5714285714285716,13.445378151260504,8.520900321543404,16.580310880829018,-10.596026490066226,11.019736842105267,66.66666666666667,66.66666666666667,2.0069776279424874,2.330168721808372
ADVENT,Advent Pharma Ltd.,16.1,0.6250000000000089,-3.5928143712574725,1.2578616352201324,20.14925373134329,12.58741258741259,20.14925373134329,5.228758169934645,-38.7238807977628,-56.28463627663676,-56.28463627663676,2.9681290272793923,2.633497473123593
AFCAGRO,AFC Agro Biotech Ltd.,7.3,1.388888888888884,-1.3513513513513584,-7.594936708860766,5.797101449275353,25.862068965517242,45.99999999999999,-10.975609756097555,-76.6773162939297,-77.30771321890957,-68.14097496727122,2.7973395931142435,4.175004731593665
AFTABAUTO,Aftab Automobiles Ltd.,30.7,0.6557377049180304,-0.3246753246753293,-1.2861736334405212,10.431654676258988,9.64285714285714,-10.23391812865498,-17.02702702702703,-0.4507347854648201,-32.976732333605355,-54.87099963224377,1.7370880096369197,2.3907753020114058
AGNISYSL,Agni Systems PLC,32.0,0.6289308176100606,-5.32544378698224,0.0,20.30075187969924,50.943396226415096,53.84615384615385,26.482213438735172,31.147540983606564,105.80000150311176,72.66271301068416,3.534086886946607,4.01936626997612
AGRANINS,Agrani Insurance PLC,32.6,0.6172839506172928,6.188925081433232,12.41379310344828,39.316239316239326,33.60655737704919,36.97478991596639,28.853754940711465,-25.775302866209415,287.6254604944396,97.59520549465574,3.7847734637797874,4.314394622202701
AIBL1STIMF,AIBL 1st ISLAMIC Mutual Fund 2010- Units,6.6,1.538461538461533,0.0,22.222222222222207,60.97560975609757,78.37837837837836,94.11764705882354,26.923076923076913,-29.787234042553198,-7.042253521126761,-14.285714285714294,5.117254777033002,6.9753253292651625
AIL,Alif Industries Ltd.,37.7,1.0723860589812486,-1.0498687664041957,1.6172506738544512,20.44728434504793,35.12544802867385,-7.37100737100737,-19.787234042553187,-0.5515588603160548,-65.86700009697972,-65.86700009697972,2.3700087965517,3.1302205332805673
AL-HAJTEX,Alhaj Textile Mills Limited,99.2,1.5353121801432956,0.7106598984771603,-1.5873015873015817,-3.2195121951219483,-29.89399293286219,-27.696793002915445,-25.188536947600934,94.50980392156863,38.98442063523941,328.43280063676065,2.426544124771587,4.040547985991714
ALARABANK,Al-Arafah Islami Bank PLC,16.2,1.886792452830182,1.2499999999999956,-2.40963855421688,18.248175182481752,0.0,7.999999999999996,-7.4285714285714315,-28.195491890120945,38.9943797124929,-9.464435004258867,2.9650011646867007,2.927107757342618
ALIF,Alif Manufacturing Company Ltd.,5.6,1.818181818181812,0.0,-1.75438596491229,7.692307692307681,39.99999999999999,39.99999999999999,-3.448275862068969,-60.563380281690144,-34.78564832746982,-66.83850212678662,2.7272727272727257,3.3961966153014123
ALLTEX,Alltex Industries Limited,23.3,0.4310344827586268,3.0973451327433597,29.44444444444445,38.69047619047619,52.287581699346404,73.88059701492537,121.9047619047619,28.729281767955793,16.500000000000004,204.9135792079488,4.496302252896291,4.082074938355898
AMANFEED,Aman Feed PLC,38.5,0.0,2.941176470588239,11.594202898550725,27.483443708609276,61.76470588235294,67.3913043478261,56.504065040650396,-47.26027397260274,-34.99432285919827,14.80784119436594,2.5515439690700616,3.7300887897482045
AMBEEPHA,Ambee Pharmaceuticals PLC,805.0,1.436491935483868,-1.2027491408934652,5.809674027339649,3.870967741935484,0.7509386733416771,11.805555555555555,-1.8890920170627665,68.41004184100419,79.76775346136668,330.673207248699,1.5390577329125028,2.200915241825175
AMCLPRAN,Agricultural Marketing Co. Ltd.,231.1,0.04329004329004083,1.8061674008810549,2.347209920283429,3.86516853932584,9.577999051683257,14.236282748393466,-1.6595744680851088,9.942911512844912,0.4782608695652149,87.88617886178862,2.0878717114679457,2.6518671401767615
ANLIMAYARN,Anlima Yarn Dyeing Ltd.,35.4,0.8547008547008467,3.8123167155425133,-1.6666666666666705,63.88888888888887,80.61224489795917,70.19230769230768,62.385321100917416,-15.311004784688993,9.25925925925926,76.99999999999999,3.14781140146325,4.49043711013641
ANWARGALV,Anwar Galvanizing Ltd.,115.2,2.765388046387162,2.5823686553873606,-2.5380710659898478,11.84466019417476,29.87598647125141,33.025404157043894,41.17647058823531,-30.880000552959988,225.85142648411744,1325.5999913216604,2.2819914803265675,2.652610973515531
AOL,Associated Oxygen Ltd,18.7,0.5376344086021391,5.05617977528089,5.649717514124294,16.14906832298135,16.874999999999996,23.026315789473685,27.2108843537415,-62.600000029920004,44.06479921882302,44.06479921882302,2.8497637554470203,2.361376209731133
APEXFOODS,Apex Foods Limited,296.0,0.6802721088435374,4.593639575971731,0.9205591544493653,1.6832703538302909,13.846153846153847,20.42310821806346,20.816326530612244,93.33768778576095,124.41243366186504,313.4078212290503,3.915806465046833,2.921398238560618
APEXFOOT,Apex Footwear Ltd.,217.4,0.13818516812529313,-0.5489478499542492,1.1162790697674445,5.533980582524274,14.54162276080084,21.249302844394865,18.66812227074237,64.40874992375544,8.509774947873263,63.13754824244166,1.2981071605435819,2.02714067185077
APEXSPINN,Apex Spinning and Knitting Mills Ltd.,352.3,-0.5925507900677105,-0.2830455703368242,-15.332852679644317,-15.128884606119009,55.19823788546256,95.72222222222223,123.68253968253968,155.66037735849056,236.16412213740458,403.2857142857143,3.9136308634325587,4.0280481672190955
APEXTANRY,Apex Tannery Limited.,106.7,0.5655042412818178,2.9922779922780007,3.391472868217054,-4.647006255585346,56.4516129032258,79.02684563758389,30.280830280830273,-14.297188755020079,-27.36555479918312,45.964432284541736,4.015310099823457,4.015559034063155
APOLOISPAT,Appollo Ispat Complex Ltd.,3.3,0.0,0.0,6.451612903225797,9.999999999999995,49.999999999999986,94.11764705882354,0.0,-74.4186046511628,-72.9421712138019,-86.45198591382432,5.374053030303026,6.359081475372307
ARAMIT,Aramit Limited,204.0,-0.5363237445148681,0.8902077151335368,-1.4492753623188406,16.638078902229843,21.35633551457466,12.272977435332972,-9.333333333333334,-36.25,-54.3010752688172,-3.7735849056603774,2.5828088188789087,4.056064434119754
ARAMITCEM,Aramit Cement Limited,13.3,-0.7462686567164152,3.1007751937984525,14.655172413793114,25.47169811320756,11.764705882352944,51.13636363636363,2.3076923076923133,-78.72,-64.90765171503958,-63.19882528879438,4.972740558045255,5.047293486499357
ARGONDENIM,Argon Denims Ltd.,23.5,1.2931034482758652,-3.688524590163929,7.798165137614676,31.284916201117326,33.522727272727266,33.522727272727266,32.02247191011235,-6.7730265040834245,37.555424087560596,-39.05236571409164,4.435082889961855,4.164866498916655
ASIAINS,Asia Insurance PLC,45.4,0.0,3.416856492027335,2.0224719101123565,18.848167539267003,14.64646464646464,65.09090909090908,69.40298507462686,-53.1958762886598,275.2066115702479,37.37752193649186,4.158537186975055,3.612502313490197
ASIAPACINS,Asia Pacific General Insurance PLC,53.8,0.0,7.171314741035845,10.927835051546387,25.700934579439252,35.51637279596976,70.253164556962,66.56346749226007,-20.882352941176475,271.03448275862064,58.70206489675516,4.821518955467216,4.3143585681926
ASIATICLAB,Asiatic Laboratories Ltd,114.6,1.5957446808510614,-3.6974789915966433,-19.06779661016949,6.111111111111106,71.04477611940297,137.75933609958503,134.35582822085888,100.0,100.0,100.0,4.732861865659233,4.174229356669204
ATLASBANG,Atlas Bangladesh Limited,93.0,0.5405405405405406,-2.1052631578947367,2.197802197802198,26.18724559023066,72.5417439703154,64.02116402116401,45.0858034321373,-24.390243902439025,-6.595652129728725,-17.320515308668362,1.806917751156193,4.694384480866715
AZIZPIPES,Aziz Pipes Limited.,82.6,-0.601684717208183,0.9779951100244464,11.470985155195683,34.30894308943089,88.58447488584474,76.49572649572649,44.912280701754376,-31.109257714762308,95.14250146625197,431.2212538799072,2.3067792886635776,4.019498193322727
BANGAS,Bangas Limited,138.1,0.6559766763848438,0.9502923976608062,0.07246376811593791,0.5094614264919859,12.459283387622149,5.904907975460114,19.257340241796197,1.5441176470588194,-20.4029833333261,-1.505335474057308,1.7433973480422664,2.2178495383265777
BANKASIA,Bank Asia PLC,18.0,0.0,-0.5524861878453117,2.857142857142857,2.78947325763421,-4.26470630002162,6.141303882304167,6.141303882304167,9.607142323395216,78.75477351216055,54.846322788455026,1.1228108718850045,1.4246115731591638
BARKAPOWER,Baraka Power Ltd.,10.4,7.216494845360836,11.827956989247308,23.80952380952381,30.000000000000004,33.33333333333334,52.941176470588246,-4.587155963302752,-63.63636363636364,-54.713147504705596,-54.16628760754214,6.834053874293314,4.5118934908197135
BATASHOE,Bata Shoe Co. (Bangladesh) Ltd.,914.0,0.6164685160722174,-0.4248828848458413,4.624542124542121,6.900584795321637,10.680552191814003,13.66745429672926,5.60369728480647,37.89981894990948,-24.431583298883837,77.47572815533981,1.273776297937074,1.3364594659441071
BATBC,British American Tobacco Bangladesh Co Ltd,245.2,2.3372287145242048,-1.1290322580645207,12.52868288205598,11.45454545454545,-9.819786686281718,-1.1290322580645207,-16.71195652173913,-56.98245614035088,-15.12307522521198,163.3412940464996,2.88124339216785,2.6146008176541495
BAYLEASING,Bay Leasing and Investment Ltd.,5.2,1.960784313725501,-5.4545454545454515,13.043478260869579,26.829268292682944,8.333333333333341,57.575757575757585,20.930232558139544,-82.49999995625001,-62.33124994889818,-80.18248171300485,8.394903855261914,6.030300000401122
BBS,Bangladesh Building Systems PLC,15.4,0.6535947712418277,-3.749999999999998,-1.9108280254777004,24.193548387096772,69.23076923076924,67.39130434782611,45.28301886792453,-31.85840707964602,-39.296161635911744,-28.97650881333869,2.9296568141070276,3.0559002939414963
BBSCABLES,BBS Cables PLC,22.6,0.44444444444445075,-3.829787234042547,-3.004291845493559,10.243902439024398,52.70270270270271,48.68421052631581,38.650306748466264,-62.58783764875474,-21.81959590859944,-21.81959590859944,2.4445715757905884,2.41579284290767
BDAUTOCA,Bangladesh Autocars Limited,217.3,2.066697980272431,2.5000000000000053,3.5748331744518587,-8.697478991596634,71.37223974763408,71.10236220472443,79.2904290429043,43.05464121132324,598.6523200265748,906.5330036694569,3.319403816376325,3.5727572899004736
BDCOM,BDCOM Online Ltd.,32.6,0.6172839506172928,-3.264094955489618,-5.232558139534875,14.788732394366209,26.356589147286826,25.38461538461539,47.54310381713362,30.696364304934946,93.40331570217292,171.09383793203574,2.0013020923998512,3.95969214144565
BDFINANCE,Bangladesh Finance PLC,13.7,1.481481481481476,-2.142857142857148,3.787878787878788,20.17543859649122,0.7352941176470562,5.384615384615379,33.00970873786407,-71.24356446872811,81.31423628390324,-15.676546004178153,2.951005840363397,4.078960624608458
BDLAMPS,Bangladesh Lamps PLC,205.7,4.841997961264016,16.21468926553672,13.646408839779001,5.867215645908377,48.51985559566786,52.93680297397769,32.282958199356905,15.841578854695147,6.637112315579806,83.41583318660065,4.664857259952689,3.2025103922141738
BDTHAI,Bangladesh Thai Aluminium Ltd.,18.4,0.5464480874316823,-5.154639175257732,-2.127659574468096,48.38709677419353,65.76576576576576,64.28571428571428,48.38709677419353,-33.09090909090909,-3.5603405825694043,15.492908212893083,2.866398028148085,3.8145736493078113
BDTHAIFOOD,BD Thai Food & Beverage Ltd.,24.8,1.2244897959183703,-0.7999999999999972,2.4793388429752126,9.73451327433628,60.00000000000001,72.22222222222221,72.22222222222221,104.95867768595042,104.95867768595042,104.95867768595042,2.9420683225827826,4.668047590829126
BDWELDING,Bangladesh Welding Electrodes Ltd.,13.8,0.7299270072992805,-2.1276595744680775,-8.609271523178801,-13.749999999999996,-13.207547169811319,-23.756906077348066,36.63366336633665,-41.77215189873417,40.787878759436815,-37.189270227824004,1.999422359922284,2.948608171106683
BEACHHATCH,Beach Hatchery Ltd,32.6,0.6172839506172928,-2.395209580838315,-3.550295857988153,11.262798634812288,5.1612903225806495,-30.341880341880334,-29.284164859002168,35.833333333333336,185.96491228070178,44.43038007591732,2.2350239109123735,2.853581033091445
BEACONPHAR,Beacon Pharmaceuticals PLC,108.3,1.1204481792717114,-0.6422018348623879,-3.303571428571431,4.234841193455237,3.14285714285714,3.438395415472774,-3.0438675022381427,-46.412666996536366,540.828402366864,603.2467532467532,1.3063780445098976,1.9155072363733665
BENGALWTL,Bengal Windsor Thermoplastics PLC,24.6,0.40816326530612823,-3.529411764705877,-3.529411764705877,-3.529411764705877,37.430167597765376,41.3793103448276,24.242424242424246,-18.543046357615886,-40.6578948019102,-50.30717873002259,2.4859432755755826,2.9050618074112897
BERGERPBL,Berger Paints Bangladesh Ltd.,1480.0,0.1692047377326565,-1.3924978346325598,6.474820143884892,8.116005551902981,3.1358885017421603,7.168718320057929,-4.639175257731959,-18.322295805739515,33.96696085087124,463.8095238095238,1.4460666657869612,1.3213156116566338
BESTHLDNG,Best Holdings PLC,15.4,1.3157894736842175,-0.6451612903225784,-2.531645569620255,14.925373134328359,28.33333333333334,14.074074074074076,-2.531645569620255,-47.61904761904761,-47.61904761904761,-47.61904761904761,2.467277261781906,3.155990176283297
BEXIMCO,Bangladesh Export Import Company Ltd.,28.2,3.6764705882352944,25.33333333333333,-1.0526315789473708,-74.38692098092642,-74.38692098092642,-74.38692098092642,-74.38692098092642,-69.84725043378309,40.71131567977217,-28.99170127750267,6.491926994928425,5.505662656514994
BGIC,Bangladesh General Insurance Company PLC,45.0,0.22271714922049313,11.662531017369735,4.651162790697675,24.309392265193363,29.310344827586217,45.63106796116506,46.103896103896105,-13.127413127413124,214.68531468531467,43.76996805111821,4.972009361131331,4.3935399712669705
BIFC,Bangladesh Industrial Finance Company Ltd.,4.8,4.347826086956526,-4.0000000000000036,9.090909090909078,14.285714285714276,71.42857142857143,182.35294117647055,-21.311475409836063,-33.333333333333336,-37.66233766233767,-76.43776743133965,8.695555297217703,7.780256441351086
BNICL,Bangladesh National Insurance Company Ltd,117.0,3.8154392191659245,5.9782608695652115,-1.2658227848101267,36.52275379229871,116.66666666666667,160.0,196.20253164556962,-0.9314140558848386,836.0,216.21621621621622,3.554668623092267,5.057281282689603
BPML,Bashundhara Paper Mill Ltd.,28.6,1.0600706713780943,-0.694444444444442,-1.0380622837370144,10.000000000000004,18.18181818181819,10.424710424710437,-15.133531157270031,-40.16736401673639,-81.54838709677419,-81.54838709677419,1.3260853385607803,2.4601894245227216
BPPL,Baraka Patenga Power Ltd.,21.8,1.8691588785046829,3.317535545023693,2.347417840375587,30.53892215568863,35.40372670807452,46.308724832214764,52.44755244755245,-50.9009009009009,-31.66144200626959,-31.66144200626959,3.3985451339138084,2.9348345120579737
BRACBANK,BRAC Bank PLC,64.7,0.4658385093167658,1.251956181533653,4.523424878836841,2.6276106754422703,-2.738538887334289,17.72945846250714,9.580291228772548,141.33210319758203,260.60074659815234,882.8176944601952,1.3348613876330464,1.5794440400819505
BSC,Bangladesh Shipping Corporation,122.2,0.32840722495895375,0.16393442622951052,0.24610336341263098,19.80392156862745,8.045977011494262,8.815672306322357,7.287093942054431,153.52697095435684,213.90825791749515,144.69275819713675,2.1345346482672016,2.6717434707320145
BSCPLC,Bangladesh Submarine Cables PLC,157.2,0.5758157389635171,0.3831417624521037,-2.96296296296297,11.886120996441273,6.504065040650403,22.525331254871375,2.7450980392156787,-15.935828877005353,45.28650646950091,259.1501028101439,1.516623712874209,2.316697508057897
BSRMLTD,Bangladesh Steel Re-Rolling Mills Ltd.,100.0,1.3171225937183355,-3.3816425120772946,-5.660377358490566,17.50881316098708,18.76484560570071,31.061598951507214,14.942528735632184,5.2631578947368425,-27.93329377335272,121.83333266454281,6.316965460214703,4.198912625555798
BSRMSTEEL,BSRM Steels Limited,96.5,1.2591815320042004,-1.530612244897959,7.222222222222222,35.91549295774648,32.554945054945065,51.968503937007874,48.46153846153846,51.01721439749609,2.067307590240382,71.47307718833257,2.937834190687806,3.413492129358563
BXPHARMA,Beximco Pharmaceuticals Plc,147.8,0.8873720136518848,1.4413177762525895,-3.776041666666656,18.524458700882125,24.515585509688297,43.49514563106797,30.105633802816918,-22.21052631578947,94.24133791040626,236.29352852488083,2.452654315478717,2.3226091780350706
CAPITECGBF,CAPITEC GRAMEEN BDT10 (MUTUAL FUND) Units,11.0,0.9174311926605472,0.9174311926605472,39.24050632911391,57.142857142857146,57.142857142857146,61.76470588235294,48.64864864864864,-23.611111111111114,-23.611111111111114,-23.611111111111114,4.489081576344714,5.281409347721297
CAPMBDBLMF,CAPM BDBL Mutual Fund 01 Units,11.3,0.8928571428571557,-13.076923076923073,10.784313725490211,0.8928571428571556,7.619047619047626,11.881188118811894,24.17582417582419,-11.71875,4.62962962962963,4.62962962962963,4.993593644822635,4.5587809980170135
CAPMIBBLMF,CAPM IBBL Islamic Mutual Fund Units,13.8,-0.7194244604316521,-3.4965034965034962,0.0,51.648351648351664,72.50000000000001,84.00000000000001,72.50000000000001,-35.514018691588774,38.00000000000001,38.00000000000001,3.6657363675397185,5.6621929091911225
CENTRALINS,Central Insurance PLC,48.4,-1.2244897959183703,5.67685589519651,10.502283105022835,18.918918918918905,12.820512820512821,18.918918918918905,28.381962864721473,-20.000000000000004,272.4875011934415,83.83418672005148,5.19620568538109,4.084747252781133
CENTRALPHL,Central Pharmaceuticals Ltd.,11.3,0.0,-6.611570247933875,1.8018018018018114,36.14457831325301,25.55555555555556,28.409090909090907,7.619047619047626,-49.327354260089685,-11.378703647002482,-66.97970508211718,3.1155456807529474,4.052976335010025
CITYBANK,City Bank PLC,31.3,0.32051282051282504,-0.9493670886075971,1.6233766233766234,17.669172932330824,34.30970106655506,47.52049134681159,51.877636704647145,87.91918078740473,156.15092893281687,208.31143585015076,1.2869946693575125,1.9105535595478196
CITYGENINS,City Insurance PLC,120.7,0.08291873963516462,6.343612334801764,12.698412698412708,16.95736434108527,40.51222351571594,39.2156862745098,139.009900990099,200.99750623441395,1252.2870347206194,403.46686406638855,3.567123521670933,2.044750554101245
CLICL,Chartered Life Insurance PLC,52.9,0.3795066413662158,2.1235521235521264,-3.8181818181818206,-7.0298769771529,-10.490693739424707,-5.197132616487454,17.035398230088486,380.90909090909093,380.90909090909093,380.90909090909093,2.2069436475134467,4.899411859167711
CNATEX,C & A Textiles Ltd,3.3,3.124999999999989,0.0,6.451612903225797,6.451612903225797,26.923076923076913,37.49999999999999,0.0,-46.7741935483871,-53.46153852120315,-80.73175351329935,5.519153225806443,5.82226649976365
CONFIDCEM,Confidence Cement PLC,67.5,1.0479041916167708,-2.0319303338171344,-2.4566473988439346,15.979381443298964,9.75609756097561,36.63967611336033,19.047619047619044,-47.59242931662641,50.115225177670354,25.87482891878805,1.6950200882130801,2.8192201286399183
CONTININS,Continental Insurance PLC,36.8,0.5464480874316823,5.74712643678161,-5.154639175257732,17.197452229299362,42.08494208494208,52.06611570247933,56.595744680851055,-18.993710498223972,300.37580840064425,60.27544128994383,3.647229515958217,4.422203289331411
COPPERTECH,Coppertech Industries Ltd,28.4,1.4285714285714235,-2.739726027397263,4.029304029304021,7.984790874524706,42.71356783919598,50.264550264550266,35.885167464114836,-32.98876388532155,9.588500828598647,9.588500828598647,2.7851997531296333,3.163252666777828
CROWNCEMNT,Crown Cement PLC,68.3,3.0165912518853695,-2.1489971346704873,1.185185185185181,40.24640657084188,40.24640657084188,45.940170940170944,34.4488188976378,-19.929660023446658,-11.067708333333334,-15.470297029702971,2.675327834932804,3.3846656806531317
CRYSTALINS,Crystal Insurance Company Ltd,70.3,0.4285714285714245,2.627737226277368,-5.0000000000000036,1.5895953757225352,-15.6062424969988,22.260869565217387,61.60919540229884,41.11313853935313,415.5333328178,415.5333328178,2.914617459858672,3.1913995075986796
CVOPRL,CVO Petrochemical Refinery PLC,177.0,0.39705048213272187,2.0172910662824206,2.371312897628684,11.111111111111104,10.763454317897363,20.0,20.408163265306122,35.7740584457978,-25.89776150561318,47.763392248608355,1.933802139122476,2.39874961715582
DACCADYE,Dacca Dyeing and Manufacturing Company Limited,16.9,1.1976047904191574,-1.1695906432748704,-3.428571428571437,7.643312101910824,-13.33333333333334,-12.88659793814433,3.048780487804878,-29.58333333333334,87.77777777777777,-39.83818776456887,2.3881231619601113,3.3529349746167467
DAFODILCOM,Daffodil Computers PLC.,161.6,-0.18529956763434918,-5.772594752186592,-5.275498241500586,15.511079342387413,277.5700934579439,347.64542936288086,183.50877192982455,158.97435897435895,648.1481481481482,929.2993630573249,3.245120404838267,3.1600033823720826
DBH,DBH Finance PLC,43.0,0.4672897196261749,-1.601830663615567,2.625298329355612,14.058355437665776,12.565445026178002,22.857142857142858,11.97916666666667,-43.226903919428324,-39.5260946515388,25.386262441511665,1.8760159801625502,2.6262910191996816
DBH1STMF,DBH First Mutual Fund Units,5.9,1.7241379310344922,-4.838709677419351,20.408163265306122,18.000000000000007,22.91666666666668,-9.230769230769225,-4.838709677419351,-38.541666666666664,-3.2786885245901525,-20.27027027027027,4.387315270935966,5.794750055698589
DELTALIFE,Delta Life Insurance Company Ltd.,82.7,1.2239902080783354,3.7641154328732744,-1.5476190476190443,10.413885180240317,10.413885180240317,21.97640117994101,10.561497326203217,-40.801717967072285,-12.114771519659927,-97.54342815047171,2.703364890952418,3.095743224400469
DELTASPINN,Delta Spinners Limited,7.8,1.298701298701294,-1.2658227848101333,6.8493150684931505,21.87499999999999,36.84210526315789,56.0,39.28571428571429,-37.09677419354839,22.571428256244896,-50.214986655041,2.2519147519147564,3.697078075251272
DESCO,Dhaka Electric Supply Co. Ltd.,26.0,1.5624999999999944,1.167315175097279,-3.345724907063192,20.930232558139537,11.111111111111116,26.829268292682926,6.557377049180334,-31.034482758620694,-49.709864603481634,-60.88825205121777,2.051968752586741,2.8137552352554285
DESHBANDHU,Deshbandhu Polymer Limited,22.4,1.818181818181812,-3.448275862068969,4.1860465116279,21.081081081081074,42.67515923566879,31.764705882352935,12.56281407035176,29.479768786127153,132.45282985973657,3.4504850299774996,3.409878997608356,4.0499053192784364
DGIC,Desh General Insurance Company Ltd,35.5,-1.1142061281337008,4.105571847507327,6.606606606606616,47.916666666666664,62.10045662100458,80.20304568527919,60.63348416289591,-20.75892857142857,136.66666666666666,136.66666666666666,4.9918652004186415,5.312781988553174
DHAKABANK,Dhaka Bank PLC,12.2,0.8264462809917326,0.0,0.8264462809917327,0.0,-8.270676691729333,7.964601769911491,4.273504273504273,0.405140998676139,27.805592959846923,-4.738823372940923,1.4566115702479292,1.8873565878350465
DHAKAINS,Dhaka Insurance Limited,51.2,-2.846299810246679,14.798206278026909,10.344827586206907,30.946291560102306,31.282051282051288,42.22222222222223,38.00539083557952,-32.275132275132265,253.1034482758621,7.419607757201576,6.633576642633133,4.4860910226208155
DOMINAGE,Dominage Steel Building Systems Ltd,81.7,3.8119440914866582,-2.0383693045563582,0.0,10.107816711590296,140.2941176470588,182.69896193771626,528.4615384615385,186.90635518193952,517.6519989499916,517.6519989499916,4.883021542830408,4.547673174750649
DOREENPWR,Doreen Power Generations & Systems Ltd.,35.7,2.000000000000008,8.841463414634164,15.533980582524288,22.68041237113402,25.26315789473685,26.595744680851077,37.83783783783786,-36.837686482457904,42.7991359509882,-10.195210075530326,3.4647108218897937,3.1238241737801005
DSHGARME,Desh Garments Limited.,164.9,0.4263093788063442,-0.48280024140011046,9.422694094226953,31.81454836131096,35.16393442622952,41.666666666666664,32.02562049639712,-4.581799147995998,51.67936341488735,1516.3744404299646,2.300006061027942,5.0355812168194225
DSSL,Dragon Sweater & Spinning Ltd.,13.6,1.4925373134328304,-4.895104895104903,0.0,44.68085106382978,65.85365853658537,59.99999999999999,24.770642201834857,-20.666666283222227,144.6264099193779,49.757610150438666,3.165040870149225,4.161684215328494
DULAMIACOT,Dulamia Cotton Spinning Mills Limited,211.0,3.0776746458231616,0.3805899143672747,18.87323943661972,57.46268656716418,56.99404761904761,56.2962962962963,112.70161290322581,266.31944444444446,2297.7272727272725,2193.4782608695655,3.800661179938114,6.074253640857406
DUTCHBANGL,Dutch-Bangla Bank PLC,49.0,0.40983606557377633,-1.0101010101010102,4.925053533190572,22.209026418548753,25.794621325234193,33.2901557736399,17.465753718321928,-6.386657461925244,125.87086280090514,114.38260334700594,1.1831367246034696,3.19258639109309
EASTERNINS,Eastern Insurance PLC,65.5,0.7692307692307693,5.305466237942118,7.5533661740558316,17.805755395683452,12.931034482758621,30.73852295409181,43.956043956043956,-39.963336388634275,203.24074074074073,79.45205479452055,5.957522091233673,3.8453516054079224
EASTLAND,Eastland Insurance PLC,30.8,-0.32362459546924877,6.20689655172414,5.8419243986254275,31.623931623931636,38.738738738738746,64.70588235294119,74.01129943502826,-16.756756756756754,126.88984329561256,-13.304196894935261,4.397863279954198,4.799736924727718
EASTRNLUB,Eastern Lubricants Blenders PLC,2091.0,1.0828579715749826,-1.3679245283018868,9.499371596145794,23.87440758293839,30.851063829787233,25.88801926550271,19.80519420616884,194.4063093517523,227.42599737817292,1639.45061102558,1.6145079507559879,2.554913211449665
EBL,Eastern Bank PLC,24.1,0.41666666666667257,-0.823045267489709,-2.8225806451612874,-0.41322314049585895,-4.526923430173449,1.7336061637847462,-2.6549023406210597,1.413504881624072,77.65110737822646,82.31725932586069,1.1445366528354057,1.2021148949582168
EBL1STMF,EBL First Mutual Fund Units,5.1,1.9999999999999927,-7.27272727272728,18.604651162790695,30.769230769230763,45.71428571428571,64.51612903225805,18.604651162790695,-43.956043956043956,29.491999711309003,-25.61706930742601,4.572704081632651,5.368652766680919
EBLNRBMF,EBL NRB Mutual Fund,4.0,2.5641025641025665,-2.439024390243894,21.212121212121218,21.212121212121218,60.0,73.91304347826089,14.285714285714286,-48.05194805194805,0.8857142744006723,-41.77773347580827,5.301455301455298,5.793188022290189
ECABLES,Eastern Cables Ltd.,141.0,1.7316017316017358,-1.3296011196641047,-9.03225806451613,16.625310173697265,22.07792207792208,25.780553077609284,11.286503551696919,-7.8431372549019605,-8.764706062140137,239.860557079048,2.20790217837257,3.9487039974066747
EGEN,eGeneration PLC,27.1,1.1194029850746294,-2.5179856115107886,-3.9007092198581486,15.319148936170217,33.49753694581281,36.86868686868687,31.553398058252426,-58.62595419847328,80.66666666666669,80.66666666666669,1.8682235273704964,2.4813731928009997
EHL,Eastern Housing Ltd.,94.0,0.6423982869378954,-1.0526315789473684,-7.8431372549019605,15.906288532675715,17.5,28.41530054644808,6.9397042093287755,67.85714285714286,184.43804101388184,140.45243737302886,2.2767091851961996,2.912227258363379
EIL,Express Insurance Ltd.,34.9,0.28735632183908455,6.402439024390249,1.4534883720930234,25.539568345323733,19.520547945205475,23.758865248226947,4.179104477611936,-4.644808743169406,132.66666666666666,132.66666666666666,3.235746813618364,3.5741089693920842
EMERALDOIL,Emerald Oil Industries Ltd.,29.7,1.0204081632653086,-2.3026315789473664,-3.883495145631066,75.7396449704142,98.0,106.25,41.42857142857142,-8.615384615384617,-15.581395440454294,-30.89038475759094,3.3625495319645546,4.743332914374358
ENVOYTEX,Envoy Textiles Ltd.,56.1,0.3577817531305954,-2.6041666666666665,-5.0761421319796955,14.723926380368104,8.092485549132954,15.670103092783508,19.871794871794883,62.13872832369942,66.35912025133784,25.202066538800285,3.682899918418757,2.9183977649494994
EPGL,Energypac Power Generation PLC,21.3,4.926108374384236,4.411764705882364,-0.4672897196261583,19.662921348314605,43.91891891891892,36.53846153846155,26.785714285714285,-59.42857142857143,-54.193548387096776,-54.193548387096776,3.9129374648589748,3.1892118274274392
ESQUIRENIT,Esquire Knit Composite PLC,26.2,0.7692307692307665,-2.6022304832713727,-4.379562043795618,15.929203539822998,30.999999999999993,27.184466019417464,10.548523206751055,-34.66334164588529,-44.60887949260042,-44.60887949260042,1.829227491840663,2.661852533112018
ETL,Evince Textiles Ltd.,14.2,1.4285714285714235,-4.054054054054063,-0.6993006993007091,29.090909090909086,39.21568627450981,41.99999999999999,56.04395604395604,16.393442622950822,39.67303288580016,8.790553278032133,2.509195234007059,3.308881948424618
EXIM1STMF,EXIM Bank 1st Mutual Fund 2013- Units,7.2,2.85714285714286,5.882352941176476,94.5945945945946,100.0,125.0,157.14285714285717,46.938775510204074,-19.999999999999996,20.859200545461754,-7.645328291650752,5.47332528079369,6.776927240677334
FAMILYTEX,Familytex (BD) Ltd.,2.9,7.407407407407398,7.407407407407397,20.833333333333336,11.538461538461531,93.33333333333333,123.07692307692307,20.833333333333336,-46.296296296296305,-60.96380783807676,-91.14430749624256,8.167989417989418,7.4829231040411095
FARCHEM,FAR Chemicals Industries Ltd,24.0,0.41841004184101016,-3.225806451612906,12.676056338028166,41.1764705882353,75.18248175182482,65.51724137931035,6.194690265486719,40.350877192982445,45.75209137064517,6.480000127776002,3.8904319194705295,6.478097588954659
FAREASTFIN,Fareast Finance & Investment Ltd.,2.1,-8.695652173913032,-4.545454545454549,61.53846153846153,0.0,90.9090909090909,250.0,-41.666666666666664,-75.86206896551725,-72.36842105263159,-88.84715030486338,4.257246376811599,6.593687097984924
FAREASTLIF,Fareast Islami Life Insurance Company Limited,22.5,0.0,-0.8810572687224638,-4.25531914893617,6.635071090047386,-1.7467248908296882,8.17307692307692,-21.875000000000004,-60.45694200351494,-54.84949814353307,-71.38728315099067,3.0742097170766964,3.7977056224060535
FASFIN,FAS Finance & Investment Limited,2.5,-7.407407407407414,-10.714285714285708,92.3076923076923,13.636363636363628,108.33333333333334,257.14285714285717,-13.79310344827586,-70.58823529411765,-59.02871606001319,-86.75967375149744,7.407407407407403,6.6971428697434865
FBFIF,First Bangladesh Fixed Income Fund Units,3.9,2.631578947368424,-9.302325581395348,18.181818181818183,21.87499999999999,49.999999999999986,49.999999999999986,8.333333333333329,-41.7910447761194,-26.277000450766995,-48.00360189448957,5.264981580771056,6.502513843030384
FEDERALINS,Federal Insurance PLC,29.8,0.6756756756756733,4.561403508771932,6.049822064056937,20.161290322580644,39.25233644859814,55.20833333333335,44.66019417475727,-19.021739130434774,321.18705377678566,54.37826608105699,3.91938746735782,3.9263548423560546
FEKDIL,Far East Knitting & Dyeing Industries PLC.,24.5,2.510460251046031,-7.196969696969692,1.2396694214876063,73.75886524822695,68.96551724137932,72.53521126760563,37.64044943820224,44.11764705882353,58.74897410905312,2.9833087162662673,6.049863232442576,4.433706335631225
FINEFOODS,Fine Foods Limited,455.4,-0.7626933972543039,0.08791208791208291,-11.24537127265641,-19.710860366713693,-3.0857629282826133,19.77906365071015,72.49999999999999,659.0,5185.623799542302,2854.574108204982,3.5435669974045565,3.2033166376810973
FIRSTFIN,First Finance Ltd.,5.0,2.0408163265306047,4.1666666666666705,25.0,21.95121951219513,25.0,100.0,66.66666666666667,-33.333333333333336,-15.000000127499993,-85.31919057400685,8.583646224447227,6.300222103547636
FORTUNE,Fortune Shoes Ltd.,19.3,2.6595744680851063,-3.9800995024875654,4.324324324324328,47.32824427480917,26.973684210526326,38.84892086330935,22.151898734177212,-64.41764196216967,-26.459530548202324,-26.459530548202324,3.1899157769386206,4.748479982310489
FUWANGCER,Fu-Wang Ceramic Industry Ltd.,17.1,0.0,-2.2857142857142776,9.615384615384627,36.80000000000001,54.05405405405408,48.695652173913054,31.538461538461547,-31.04838709677419,53.784458952490304,12.269551087744494,3.559132232774769,4.240443341009783
FUWANGFOOD,Fu-Wang Foods Limited,12.3,0.0,-4.651162790697671,0.8196721311475527,28.125000000000014,28.125000000000014,9.821428571428585,-16.326530612244888,-39.70588235294117,23.092480857978384,-26.168647486622646,2.8441823270691735,3.002415608962425
GBBPOWER,GBB POWER Ltd.,13.6,6.249999999999992,37.37373737373737,63.85542168674697,70.0,65.85365853658537,112.49999999999997,86.3013698630137,-61.142857142857146,4.2335769428632295,-48.520376191726754,9.186909581646422,5.712072704083274
GEMINISEA,Gemini Sea Food PLC,123.4,0.8169934640522877,0.24370430544273874,0.24370430544273874,6.471095772217429,5.38001707941931,-9.729334308705182,-23.06733167082294,31.213097762363038,-5.121118149080382,596.4622786548059,1.9242809518610096,2.8056740681626064
GENEXIL,Genex Infosys PLC,40.1,2.820512820512824,-2.4330900243309004,-2.195121951219509,44.24460431654676,49.62686567164179,49.07063197026024,73.59307359307358,-60.13300858347569,19.84559194353246,19.84559194353246,3.0791796618216205,3.754329650945604
GENNEXT,Generation Next Fashions Ltd.,3.2,0.0,6.666666666666672,10.344827586206907,10.344827586206907,28.000000000000007,18.51851851851852,23.07692307692308,-60.0,-42.2089553006478,-85.63612911621952,6.586021505376342,6.6913882671602884
GHAIL,Golden Harvest Agro Industries Ltd.,15.8,1.9354838709677464,-5.389221556886219,1.2820512820512888,19.696969696969706,43.63636363636364,47.66355140186917,26.400000000000006,-25.47169811320754,8.15543104889438,-57.170449341226735,3.0484173971696804,2.916136015484751
GHCL,Global Heavy Chemicals Ltd.,24.7,2.9166666666666634,-0.4032258064516186,19.90291262135921,24.74747474747474,32.79569892473117,24.120603015075382,26.66666666666666,-45.59471365638767,-32.142857142857146,-70.06060606060606,3.7905246645297996,4.884694419284629
GLDNJMF,ICB AMCL CMSF GOLDEN JUBILEE MUTUAL FUND,10.0,1.0101010101010066,-0.9900990099009866,44.92753623188405,63.93442622950821,61.29032258064516,63.93442622950821,38.888888888888886,-9.090909090909092,-9.090909090909092,-9.090909090909092,4.99393016472203,5.531386376476579
GLOBALINS,Global Insurance PLC,45.4,0.8888888888888857,2.947845804988656,0.22075055187638284,41.87499999999999,60.424028268551226,78.0392156862745,66.30036630036629,-21.99312714776633,440.72218881740844,91.67459181293461,3.9532514012997018,4.546801831466295
GOLDENSON,Golden Son Limited,16.5,0.6097560975609843,-5.17241379310344,-2.9411764705882355,5.769230769230771,71.875,63.366336633663366,44.73684210526315,-15.81632653061225,-25.67567567567567,-58.33333333333333,2.6046371574826965,2.8692741592610367
GP,Grameenphone Ltd.,258.0,-0.23201856148492755,-0.5013497878904787,0.5455962587685024,7.634543178973722,-2.824858757062147,-0.7692307692307693,-17.8343949044586,-29.508196721311474,-5.321100917431193,50.349650349650354,0.7689614867499704,0.7181732196922753
GPHISPAT,GPH Ispat Limited,18.8,1.0752688172042972,-4.081632653061228,-5.05050505050505,18.987341772151897,16.04938271604939,16.77018633540372,-2.5906735751295336,-59.48307389302093,-4.26286549096067,0.3923130274485085,2.2743327866667506,2.792598334685427
GQBALLPEN,G.Q. Ball Pen Industries Limited,562.6,-1.2809264783295236,-4.401019541206454,-7.543138866064089,-16.40416047548291,12.74549098196393,25.66450748268931,127.77327935222674,315.2029520295203,727.3529411764706,314.73717824296796,3.530485846541358,4.3538868999897
GRAMEENS2,Grameen Mutual Fund One - Grameen Two Units,14.0,1.4492753623188355,0.7194244604316521,6.87022900763359,12.90322580645161,12.0,28.440366972477058,2.1897810218978155,-29.648241206030146,30.000000232142852,-23.543379081875162,3.447890025575446,2.871257732634035
GREENDELMF,Green Delta Mutual Fund 2010 Units,5.4,3.8461538461538494,-6.896551724137922,35.00000000000001,45.94594594594595,68.75,80.00000000000001,35.00000000000001,-43.1578947368421,-6.896551724137922,-24.999999999999996,6.330188679245286,6.863609422044821
GREENDELT,Green Delta Insurance PLC,71.0,0.28248587570621875,4.411764705882353,1.7191977077363938,17.94019933554817,23.263888888888886,32.46268656716418,51.38592750533049,-35.978358881875565,95.90083322793868,36.195101613075394,4.454098632862838,3.2294819765804608
GSPFINANCE,GSP Finance Company PLC,4.4,2.32558139534885,-4.347826086956506,22.22222222222223,12.820512820512832,22.22222222222223,175.0,-6.382978723404252,-79.71483747360432,-51.210887881161106,-69.75075046686571,7.497459349593498,6.920515014641253
HAKKANIPUL,Hakkani Pulp & Paper Mills PLC,82.4,0.8567931456548381,-2.3696682464454977,-0.7228915662650534,3.647798742138372,17.714285714285722,21.71344165435746,2.487562189054726,7.853403141361256,58.46153846153847,343.01075268817203,2.1657168038596732,2.726437573828417
HAMI,Hami Industries PLC,161.3,0.18633540372671514,1.001878522229194,8.912896691424725,-14.746300211416479,22.104466313398955,49.90706319702604,53.326996197718636,-7.77587192681532,-7.77587192681532,-7.77587192681532,4.541117100225655,3.45483912374546
HEIDELBCEM,Heidelberg Materials Bangladesh PLC,221.0,1.0516689529035261,-0.8968609865470852,-3.8712483688560266,10.5,-7.1038251366120235,0.9593421653723135,-7.9933388842631095,-32.724505327245055,-60.057834809325854,-16.28787878787879,2.8215891043444965,3.072871160075418
HFL,Hamid Fabrics PLC,16.1,0.6250000000000089,6.622516556291402,15.00000000000001,4.545454545454553,140.2985074626866,147.6923076923077,93.97590361445783,-23.33333333333333,0.0,-71.87188013180403,4.722785390077871,4.352689533780823
HRTEX,H.R. Textile Mills Ltd.,21.0,4.4776119402985,0.0,-3.2258064516129,11.702127659574465,13.513513513513514,14.754098360655734,-23.07692307692308,-63.906250036093745,-9.055118185426863,-25.598159390296445,3.4697299181796684,3.1930430605954525
HWAWELLTEX,Hwa Well Textiles (BD)PLC,50.5,2.851323828920567,-2.131782945736437,4.338842975206615,21.686746987951807,19.668246445497623,13.228699551569504,14.253393665158365,11.725663716814154,65.03267973856208,26.25,3.287932073861731,2.832462384983069
IBNSINA,BN SINA Pharmaceutical Industry PLC,323.7,0.8097165991902726,1.1562499999999964,0.8411214953270992,4.4530493707647665,-8.03977272727273,2.7619047619047583,5.234070221066308,24.26103646833013,60.64876961316831,440.39395074597616,1.2749398296136323,1.7957376835671566
IBP,Indo-Bangla Pharmaceuticals Ltd.,18.9,0.5319148936170099,-7.352941176470589,1.6129032258064362,41.04477611940297,52.41935483870966,68.75,44.27480916030534,-15.360869878382172,-27.855298368783377,-27.855298368783377,4.126414360789368,4.176607184410288
ICB,Investment Corporation of Bangladesh,45.7,0.2192982456140382,-1.2958963282937244,-3.382663847780115,26.94444444444445,24.18478260869567,25.2054794520548,-4.592901878914396,-59.01281256259512,-43.062648202569385,-58.21808740532189,2.032145338150047,2.576711436193055
ICB3RDNRB,ICB AMCL Third NRB Mutual Fund 2010 Units,6.7,4.687499999999997,-2.8985507246376834,24.074074074074066,42.5531914893617,52.27272727272726,63.414634146341484,45.65217391304349,-9.459459459459461,42.5531914893617,-5.633802816901401,5.813162531912528,5.028375532072041
ICBAGRANI1,ICB AMCL First Agrani Bank Mutual Fund Units,9.4,4.444444444444448,-1.0526315789473646,25.333333333333336,36.231884057971016,44.61538461538463,46.875,34.28571428571429,0.0,9.302325581395358,9.302325581395358,5.6398043171298955,5.3385388543342
ICBAMCL2ND,ICB AMCL Second Mutual Fund Units,9.0,2.2727272727272645,3.448275862068974,32.352941176470594,50.0,66.66666666666666,60.71428571428573,50.0,-21.73913043478261,76.47058823529413,18.421052631578952,4.306748916795183,4.660265868130033
ICBEPMF1S1,ICB Employees Provident Mutual Fund One Scheme One Units,7.2,4.347826086956519,-3.999999999999998,12.499999999999996,20.000000000000004,60.0,111.76470588235294,44.00000000000001,-7.692307692307688,14.28571428571429,-13.253012048192776,4.396866528278599,5.113784444654734
ICBIBANK,ICB Islamic Bank Limited,2.7,0.0,-3.571428571428559,-3.571428571428559,0.0,-3.571428571428559,12.500000000000012,-6.896551724137922,-45.99999999999999,-32.49999999999999,-64.0,4.736467236467227,4.402298481245836
ICBSONALI1,ICB AMCL Sonali Bank Ltd 1st Mutual Fund 2013- Units,7.2,0.0,-6.4935064935064934,20.000000000000004,53.191489361702125,56.5217391304348,71.42857142857143,38.46153846153846,-19.999999999999996,14.28571428571429,-40.0,5.691425120772946,5.272972914114304
ICICL,Islami Commercial Insurance PLC.,38.4,0.0,9.714285714285712,16.717325227963528,34.73684210526315,67.68558951965066,71.42857142857143,81.13207547169812,163.01369863013696,163.01369863013696,163.01369863013696,3.1818141586414423,3.8776118044635837
IDLC,IDLC Finance PLC.,45.2,1.345291479820631,-1.7391304347826024,6.103286384976529,22.493224932249337,14.63768144601451,32.56983273365921,22.005141676721674,-14.362274309629589,22.526745294509777,-4.400028655456891,2.4175378695636907,2.9995226297749826
IFADAUTOS,IFAD Autos PLC,26.1,0.3846153846153901,-0.7604562737642558,-2.2471910112359472,13.478260869565222,26.699029126213592,20.276497695852544,11.53846153846155,-48.70487969488936,-47.36973782804153,48.46996943749094,3.4759014423076886,2.9792324651978035
IFIC,IFIC Bank PLC,4.9,2.0833333333333446,-1.999999999999993,0.0,11.363636363636363,-7.547169811320744,4.255319148936174,-24.61538461538461,-66.44056814468924,-20.33089667819673,-53.88143595220322,2.593537414965991,2.936298112318511
IFIC1STMF,IFIC Bank 1st Mutual Fund Units,4.8,4.347826086956526,-2.040816326530623,29.72972972972972,29.72972972972972,84.6153846153846,91.99999999999999,23.076923076923073,-34.24657534246575,13.142857207510197,-25.629268307693124,6.12648221343874,6.350364881452081
IFILISLMF1,IFIL Islamic Mutual Fund - 1 Units,6.1,3.3898305084745637,-3.1746031746031775,29.787234042553177,45.23809523809522,52.49999999999999,79.41176470588235,35.55555555555555,-15.277777777777786,-12.857142857142861,-3.1746031746031775,5.143960134116703,5.389150422544437
ILFSL,International Leasing and Financial Services Ltd.,2.1,-8.695652173913032,0.0,61.53846153846153,0.0,75.00000000000001,250.0,-29.999999999999996,-74.6987951807229,-67.5052629868698,-87.22620679006234,6.086956521739136,8.364952107236203
INDEXAGRO,Index Agro Industries Ltd,75.2,1.759133964817317,1.6216216216216255,-3.5897435897435863,5.027932960893867,11.40740740740741,12.406576980568007,-1.0526313315789504,-41.76991135884955,5.280000263199998,5.280000263199998,1.6642913582666474,2.2494983304384486
INTECH,Intech Ltd.,26.7,0.7547169811320728,-0.37313432835821425,-9.797297297297305,-23.495702005730656,-7.612456747404843,-15.772870662460567,28.36538461538461,-28.225806451612915,173.95546207552198,119.1491496018206,2.5708303868416253,2.7450416896126013
INTRACO,Intraco Refueling Station PLC,23.7,0.423728813559313,7.727272727272725,7.239819004524876,35.42857142857142,17.326732673267326,15.609756097560973,12.857142857142854,7.546218033712583,-49.028655190633415,-49.028655190633415,5.659977167824703,3.5171329623717917
IPDC,IPDC Finance PLC,31.2,4.6979865771812035,-3.7037037037037015,-10.601719197707736,77.08108147353104,59.804878407367035,71.51832498898058,83.0167602877563,20.666621964066408,149.04649893780348,496.8768065268081,5.143179503926296,4.572222985331739
ISLAMIBANK,Islami Bank Bangladesh PLC,29.9,0.673400673400671,-1.6447368421052633,-5.678233438485806,-8.282208588957063,-38.477366255144034,-9.393939393939398,-35.836909871244636,3.103448275862064,-1.3201320132013272,-23.511627983465118,1.9263036117951897,2.004315753648004
ISLAMICFIN,Islamic Finance & Investment PLC,12.1,0.0,-2.4193548387096833,5.217391304347823,19.801980198019802,14.150943396226415,27.36842105263157,47.560975609756106,-57.692307692307686,11.392023792364126,-33.650859883128646,2.081248432173309,2.7085511373472504
ISLAMIINS,Islami Insurance Bangladesh Limited,64.0,-0.6211180124223691,3.225806451612903,-1.2345679012345636,46.11872146118722,60.0,70.66666666666667,63.26530612244896,6.8447412353923225,501.2507057473739,239.82531617323525,4.41238743387682,3.4079249647458005
ISNLTD,Information Services Network Ltd.,60.6,0.8319467554076538,-0.16474464579901388,-3.039999999999998,3.945111492281311,-19.199999999999996,-22.704081632653065,38.04100227790433,34.66666666666667,425.20000084032,301.0618197714814,1.7226964424130444,2.3510290897848374
ITC,IT Consultants PLC,49.1,0.4089979550102308,-6.831119544592032,-6.476190476190474,25.8974358974359,24.303797468354432,27.53246753246754,23.057644110275696,9.598214285714297,71.16964702294119,67.12916178916008,3.7332935067785495,3.243569258559174
JAMUNABANK,Jamuna Bank PLC,24.2,0.41493775933609073,0.0,2.9787234042553163,-2.0242914979757085,0.41493775933609073,14.691943127962073,18.62745098039216,39.818523264154784,208.46296584008587,106.80052467549113,0.8333333333333299,1.141904594410605
JAMUNAOIL,JAMUNA OIL PLC,182.8,0.0,-0.652173913043472,0.10952902519168514,8.551068883610453,7.529411764705889,8.037825059101669,-4.742053152683686,4.278379920136908,-3.7894736842105203,13.861834537887933,0.659106944342087,1.0306319994514506
JANATAINS,Janata Insurance PLC,36.2,0.27700831024931144,4.624277456647403,0.8356545961002905,4.322766570605187,36.090225563909776,48.97119341563787,43.08300395256918,-3.5843898438482,357.61379815732147,-80.63941624498405,3.649109076505164,3.390781125208767
JHRML,JMI Hospital Requisite Manufacturing Ltd,53.2,2.1113243761996188,4.930966469428007,-1.8450184501845017,10.602910602910605,22.580645161290334,26.066350710900473,-1.4814814814814763,141.81818181818184,141.81818181818184,141.81818181818184,3.104434142336426,2.442905673498891
JMISMDL,JMI Syringes & Medical Devices Ltd.,150.7,0.2661343978709097,5.384615384615377,-3.397435897435905,20.55999999999999,25.37437603993343,27.711864406779654,-2.39637305699483,-45.794234502610955,21.05847568669109,335.14224916345955,3.683038255677694,3.0650460902138463
JUTESPINN,Jute Spinners Limited,220.6,-0.8093525179856166,-5.321888412017169,4.253308128544424,-10.688259109311742,5.097665555026198,13.012295081967217,10.024937655860347,45.99602911978822,239.3846153846154,231.72932330827066,2.8759236794757648,5.398579498025739
KARNAPHULI,Karnaphuli Insurance PLC,57.1,1.2411347517730547,8.143939393939403,24.672489082969445,77.8816199376947,82.42811501597444,100.35087719298245,87.21311475409836,42.03980099502487,511.1917507207498,109.17844301583808,6.640754595128855,5.540660042080704
KAY&QUE,Kay and Que (Bangladesh) Ltd.,430.6,0.23277467411545621,2.475011899095677,1.0798122065727753,-9.442691903259723,-1.1251435132032095,14.09644939056705,51.13774777004744,80.0721600841975,1847.7336380364338,2067.9122226941467,1.8190901054229753,2.205080759631073
KBPPWBIL,Khan Brothers PP Woven Bag Industries Ltd,39.6,1.7994858611825266,-0.25188916876574663,-5.489260143198084,-19.183673469387752,-16.631578947368418,-17.499999999999996,-64.95575221238938,167.56756756756755,85.9676923428116,18.307106012744182,2.0648021056628822,3.025061794036976
KDSALTD,KDS Accessories Ltd.,50.7,0.5952380952381037,-1.5533980582524216,-4.5197740112994325,9.503239740820748,20.71428571428572,23.357664233576646,27.067669172932344,0.06578972384868775,10.046727442335625,-2.836076222543188,1.9616333961417933,2.317660749013525
KEYACOSMET,Keya Cosmetic Ltd.,5.6,0.0,-3.448275862068969,7.692307692307681,24.44444444444444,3.7037037037036904,24.44444444444444,16.666666666666664,-41.05263157894738,-22.634685510853153,-64.17310924849195,2.702922077922081,3.7661140861421005
KOHINOOR,Kohinoor Chemical Company (Bangladesh) PLC,547.0,0.01828487840556276,1.2962962962962963,7.804493496255424,9.15984833366593,8.273950910530486,9.42188437687538,11.632652949591838,86.59838137448013,281.1990000530554,1084.1676122604053,1.814373191389012,2.779468657818364
KPCL,Khulna Power Company Ltd.,11.7,6.363636363636357,8.33333333333332,10.377358490566035,7.339449541284393,4.464285714285714,11.428571428571422,7.339449541284393,-70.0,-79.34189408055904,-72.91883763557016,3.655206499243191,2.7613557348299302
KPPL,Khulna Printing & Packaging Ltd,15.3,0.0,0.0,-0.649350649350647,-2.5477707006369337,-7.272727272727268,-4.374999999999996,-12.571428571428568,-9.999999999999996,68.13186813186815,-55.59366759186931,3.3063249007521502,3.2133560161796235
KTL,Kattali Textile Ltd.,11.5,1.7699115044247724,-4.95867768595041,4.545454545454546,25.000000000000007,23.655913978494617,-0.8620689655172383,-8.730158730158728,-62.78317152103559,-39.88720038057654,-39.88720038057654,3.5245710949169755,4.048414176855202
LANKABAFIN,LankaBangla Finance PLC,17.6,1.7341040462427786,-2.2222222222222143,6.666666666666675,33.33333333333335,25.714285714285722,43.08943089430895,2.923976608187134,-52.94117647058823,-2.478302064966084,-38.533199273263065,2.7631473395904274,3.7574302474945838
LEGACYFOOT,Legacy Footwear Ltd.,77.9,0.5161290322580719,1.168831168831176,11.444921316165951,7.448275862068973,49.52015355086373,43.7269372693727,21.33956386292835,9.103641456582633,226.3029788553307,397.4551675139599,3.378602002210914,3.467252659651783
LHB,LafargeHolcim Bangladesh PLC,57.4,1.4134275618374508,-1.2048192771084385,1.773049645390071,15.030060120240481,8.301886792452828,21.868365180467087,1.4134275618374508,-14.071856287425149,-24.967320261437912,689.772605465563,2.1554909675794653,2.583366008427972
LIBRAINFU,Libra Infusions Ltd.,640.0,1.0579504184430832,0.47095761381475665,-0.4665629860031104,3.0429882466591494,-7.780979827089337,0.6289308176100629,-17.15210355987055,39.13043408695652,53.59999984762879,443.3962258511925,1.1859517728143927,1.683210188551227
LINDEBD,Linde Bangladesh Limited,722.0,0.43121435526499136,-0.013848497438031123,0.697350069735007,9.72644376899696,-12.101290479668856,-4.874835309617918,-24.31865828092243,-49.43977591036415,-48.57549857549858,40.05819592628516,0.7611398151036711,1.4348660414705148
LOVELLO,Taufika Foods and Lovello Ice-cream PLC,68.7,0.5856515373352938,-4.5833333333333295,-3.3755274261603256,-15.08034610630408,-1.857142857142853,0.7331378299120235,-18.028408885980113,136.86119439185953,428.99000069297693,428.99000069297693,2.382055263257394,3.0943634830617923
LRBDL,Lub-rref (Bangladesh) Ltd,16.0,2.5641025641025665,-2.439024390243894,2.5641025641025665,60.0,68.42105263157895,61.61616161616161,12.676056338028173,-68.3794466403162,-60.49382716049383,-60.49382716049383,3.035957733574727,4.167811012376072
LRGLOBMF1,LR Global Bangladesh Mutual Fund One Units,4.9,2.0833333333333446,-3.921568627450967,28.947368421052648,40.00000000000001,63.33333333333334,75.00000000000003,32.432432432432435,-43.67816091954022,-22.222222222222214,-46.7391304347826,5.742509769865386,5.942322838243779
MAGURAPLEX,Magura Multiplex PLC,93.3,1.5233949945592942,-0.3205128205128175,-1.7894736842105292,12.953995157384991,10.545023696682453,11.203814064362325,-1.3742071881606737,-32.8240002955744,422.09326192227877,422.09326192227877,2.020232243293369,2.2345102296762303
MAKSONSPIN,Maksons Spinning Mills PLC,6.5,3.174603174603177,1.5624999999999944,6.557377049180334,16.071428571428577,30.0,38.29787234042553,-7.142857142857143,-69.48356807511738,-3.8732392673824667,-59.740168348430906,3.9810547875064004,4.248623300305017
MALEKSPIN,Malek Spinning Mills PLC,46.1,1.991150442477873,-0.2164502164502195,4.772727272727276,62.897526501766784,53.66666666666667,59.51557093425607,45.88607594936709,32.091690544412614,174.4047619047619,84.4,3.57339188589189,4.505014814626635
MARICO,Marico Bangladesh Limited.,2721.0,0.12879484820607176,-0.32967032967032966,-0.3625178512578304,-0.8995884473904585,-2.890792291220557,2.559270287588108,-2.89772321747198,16.20755925688661,115.09881422924902,624.6338215712384,0.5050789740692038,0.5780643527857199
MATINSPINN,Matin Spinning PLC,61.6,1.1494252873563264,-1.9108280254777004,3.010033444816061,31.06382978723405,31.623931623931636,32.473118279569896,14.71135940409683,7.880910683012259,57.94871794871795,36.88888888888889,2.9443830653164516,3.1250552822783244
MBL1STMF,MBL 1st Mutual Fund 2010- Units,8.8,7.3170731707317245,14.285714285714294,100.0,125.64102564102566,125.64102564102566,158.8235294117647,83.33333333333336,6.024096385542168,44.26229508196723,27.536231884057973,6.771070055470811,5.743406212030396
MEGCONMILK,Meghna Condensed Milk Industries Ltd.,33.1,1.2232415902140628,-5.428571428571424,-15.345268542199488,-10.78167115902965,22.592592592592595,129.86111111111111,88.06818181818181,97.02380952380952,267.77777777777777,248.42105263157896,4.6320678805199,5.553740775934472
MEGHNACEM,Meghna Cement Mills PLC,32.0,1.265822784810122,0.9463722397476363,-0.928792569659434,7.744107744107747,-7.246376811594203,9.215017064846414,-22.141119221411195,-56.31603741056387,-51.69342847634437,-56.677809528919546,1.892520097537656,4.049944728989506
MEGHNAINS,Meghna Insurance PLC,41.1,0.0,6.201550387596895,0.2439024390243937,37.00000000000001,40.753424657534254,46.263345195729535,63.09523809523811,273.6363636363636,273.6363636363636,273.6363636363636,4.2809153471708195,6.247600321338137
MEGHNALIFE,Meghna Life Insurance PLC,62.4,0.4830917874396089,2.12765957446808,-2.347417840375587,14.495412844036695,14.076782449725767,22.834645669291344,10.638297872340425,1.070422133776627,72.33057441574763,-4.1905242913076215,2.4742271597588235,2.6849818803433183
MEGHNAPET,Meghna Pet Industries Ltd.,78.0,0.6451612903225806,-6.250000000000003,-9.30232558139535,56.312625250501,213.25301204819277,257.79816513761466,212.0,280.4878048780488,796.551724137931,1118.7499999999998,4.981184629084621,6.77652580502888
MERCANBANK,Mercantile Bank PLC,7.3,-1.3513513513513586,0.0,-5.194805194805199,5.797101449275353,-10.975609756097555,-1.3513513513513584,-21.505376344086027,-53.46250014892001,16.208711112597456,-29.442963378681732,2.06430745814308,2.255186210370671
MERCINS,Mercantile Islami Insurance PLC,45.7,2.2371364653243844,0.0,-0.2183406113536994,73.76425855513308,79.2156862745098,79.2156862745098,82.80000000000001,-17.953321364452425,323.14814814814815,65.64401345102897,4.307006050105494,4.448435328035785
METROSPIN,Metro Spinning Ltd.,9.5,1.0638297872340388,-1.041666666666663,2.1505376344085945,9.195402298850583,13.095238095238091,11.764705882352942,-15.929203539823012,-56.0572686227731,25.611110946420986,-36.78565077977105,2.936970944863866,3.3346385111862076
MHSML,Mozaffar Hossain Spinning Mills Ltd.,22.7,1.3392857142857175,-4.219409282700422,-4.219409282700422,-5.020920502092047,23.369565217391308,68.14814814814814,43.670886075949355,7.0754716981132075,52.85799430310646,-8.26131965809586,2.6636214544238626,2.540397165561656
MIDASFIN,MIDAS Financing PLC,5.7,-3.3898305084745792,-8.064516129032258,-1.7241379310344767,5.555555555555552,-8.064516129032258,26.66666666666667,-20.833333333333332,-70.3471106670988,-60.35101645793205,-76.83075885661488,5.9640456898795,4.796923739672246
MIDLANDBNK,Midland Bank PLC,18.2,0.552486187845292,-2.1505376344086136,13.04347826086955,16.666666666666664,0.0,6.432748538011683,-4.210526315789477,108.28888811822,108.28888811822,108.28888811822,2.5109924407677173,4.125665171509544
MIRACLEIND,Miracle Industries Limited,32.3,4.530744336569574,6.953642384105953,12.152777777777766,5.901639344262286,0.31055900621116245,1.572327044025146,11.379310344827577,-18.434343434343447,37.007934898960116,250.4620157028336,3.4384918416775836,3.4972040795967683
MIRAKHTER,Mir Akhter Hossain Ltd,41.3,0.24271844660192793,-2.8235294117647127,-0.7211538461538564,9.840425531914882,43.402777777777764,49.63768115942027,47.49999999999999,-54.81400437636762,-49.01234567901235,-49.01234567901235,2.7880307149815255,3.2050928137000017
MITHUNKNIT,Mithun Knitting & Dyeing (CEPZ) Ltd.,14.1,2.919708029197083,-4.729729729729737,-4.081632653061222,-6.000000000000002,0.7142857142857117,-3.4246575342465753,-19.886363636363644,-18.023255813953487,-73.68584748465905,-72.99263275740148,4.556476846057572,4.770044425318244
MJLBD,MJL Bangladesh PLC,93.8,1.0775862068965518,-0.21276595744681154,-2.189781021897819,4.9217002237136365,5.393258426966289,4.222222222222219,-4.285714285714288,-0.9503695881731844,-10.868778061949676,64.80138864981242,1.5142344244872101,1.3846946752278397
MLDYEING,M.L. Dyeing & Textile Ind. PLC,18.8,1.0752688172042972,11.242603550295872,48.03149606299214,108.8888888888889,129.26829268292687,123.80952380952381,93.81443298969074,-43.03030303030303,172.41200115012347,172.41200115012347,4.765852811542608,7.168752040263876
MONNOAGML,Monno Agro & General Machinery Ltd.,348.7,0.3742084052964915,-2.461538461538465,-0.9656347628514723,-0.37142857142857466,-10.313786008230458,-5.629228687415429,-10.589743589743591,10.540645471183351,769.9029472507438,2704.038038970498,1.7456756954460315,2.016610993100521
MONNOCERA,Monno Ceramic Industries Limited.,94.8,0.5302226935312832,-3.067484662576687,-2.066115702479339,-5.200000000000002,7.849829351535825,15.89242053789731,6.756756756756757,-28.721804511278197,262.7653166607455,453.55300166287316,1.384517500676076,2.4755161592016597
MONNOFABR,Monno Fabrics Ltd.,24.2,0.8333333333333304,-2.811244979919676,5.67685589519651,5.217391304347823,5.67685589519651,13.084112149532714,68.05555555555554,2.542372881355923,2.542372881355923,2.542372881355923,3.472480576524013,2.85471999858601
MONOSPOOL,Monospool Bangladesh PLC,118.0,0.7685738684884763,-1.1725293132328356,-4.761904761904766,15.009746588693963,23.689727463312362,24.604012671594504,20.515097331857767,-9.642857505762493,146.72727172914875,146.72727172914875,1.8681699093633486,2.2025359094489114
MPETROLEUM,Meghna Petroleum PLC,215.4,0.46641791044776115,0.2793296089385448,1.4601978332548253,7.700000000000002,8.350100603621728,11.779968863518432,2.327790973871737,9.897959183673471,19.666666666666668,50.9171973013121,0.7465225345128876,0.8955445067256314
MTB,Mutual Trust Bank PLC,13.4,0.7518796992481176,0.0,-2.1897810218978027,36.65821227236985,20.92777052581659,36.65821227236985,30.302016395990247,6.536789733434386,130.11460004170328,175.8806499461527,1.512303485987701,2.245516230939637
NAHEEACP,Nahee Aluminum Composite Panel PLC,36.2,0.27700831024931144,0.0,-10.17369727047145,40.85603112840469,103.37078651685394,95.67567567567569,74.03846153846155,-28.316831683168314,-42.563554083879374,-42.563554083879374,1.458923267517194,3.6019309512756696
NATLIFEINS,National Life Insurance PLC,104.9,0.19102196752626824,1.1571841851494724,-2.9602220166512385,4.690618762475053,0.19102196752626824,11.833688699360351,-2.5092936802973873,-56.03520536462698,-13.29359426781336,-22.777380198497966,2.0311802086625095,2.5232862879703775
NAVANACNG,Navana CNG Limited,22.8,0.8849557522123862,-4.201680672268908,-0.4366812227074143,8.571428571428575,6.0465116279069795,7.04225352112676,1.3333333333333366,-37.157499691129104,-46.743643802558516,-61.32769196019186,1.5423589039653036,2.176145914233016
NAVANAPHAR,Navana Pharmaceuticals PLC,70.1,0.42979942693409334,-0.42613636363637974,-5.525606469002707,18.412162162162147,19.624573378839578,33.77862595419847,27.454545454545446,165.53030303030303,165.53030303030303,165.53030303030303,2.6974560165426165,2.6350309806142533
NBL,National Bank PLC,3.8,2.7027027027026933,2.702702702702693,0.0,-5.000000000000004,-7.317073170731704,18.74999999999999,0.0,-50.124999875312504,-31.936737640749975,-64.38589816000999,3.4159159159159067,3.4819457187878213
NCCBANK,National Credit and Commerce Bank PLC,15.4,0.0,-0.6451612903225784,3.3557046979865772,-2.933288760299526,23.200056573465986,31.27874885255554,27.111169501543586,14.310327441205521,121.2755562203657,39.79715674024807,1.311503469011211,2.1669463304826673
NCCBLMF1,NCCBL Mutual Fund-1 2012- Dividend Units,7.3,2.8169014084507067,-6.410256410256411,43.137254901960794,58.69565217391305,73.8095238095238,82.5,37.735849056603776,-15.116279069767439,17.741935483870964,-39.166666666666664,5.405965202982608,7.3258450541505145
NEWLINE,New Line Clothings Ltd.,7.2,1.4084507042253596,0.0,35.84905660377359,38.46153846153846,60.0,80.0,2.85714285714286,-74.46808510638299,-71.14851996950442,-71.14851996950442,5.491005735907985,6.221472596657241
NFML,National Feed Mill Ltd,20.1,0.5000000000000071,1.5151515151515187,-5.188679245283009,25.625000000000007,34.00000000000001,42.55319148936172,97.0588235294118,-36.75700935012879,42.092788482621955,-27.940917824983156,2.630728741703393,3.982814886075237
NHFIL,National Housing Finance PLC,29.3,1.7361111111111112,-4.248366013071897,-6.984126984126982,27.94759825327512,15.810276679841897,30.22222222222223,19.105691056910565,-43.35676631432877,12.193037757043255,-4.057603055445101,3.7516889097924486,2.8695420257345776
NITOLINS,Nitol Insurance PLC,47.5,-0.21008403361344835,28.37837837837838,25.0,56.25000000000001,59.395973154362416,69.0391459074733,82.6923076923077,-10.45780947937785,190.71934617588718,99.40404930390639,7.339497627788655,5.753756994793547
NORTHERN,Northern Jute Manufacturing Co. Ltd.,115.0,2.313167259786472,-1.6253207869974384,0.9657594381035947,-5.66037735849057,30.53348467650398,34.81828839390388,1.5004413062665516,-62.406015037593974,-60.057886961040964,666.6666717777778,3.211172429626863,5.57554460267296
NORTHRNINS,Northern Islami Insurance PLC,43.8,-1.7937219730941798,13.76623376623376,9.499999999999993,34.47368454671051,44.16927938101531,65.43165508983812,52.7906980297458,-20.2946271910044,239.52349047065462,43.27735224614969,5.843576117148844,4.9208046192701165
NPOLYMER,National Polymer Industries PLC,36.5,1.3888888888888888,-1.6172506738544512,3.69318181818181,27.17770034843206,33.211678832116796,37.21804511278195,18.506493506493502,-43.41085271317829,-13.46205216091877,152.9089299298799,3.1498001174907952,3.5153641742002697
NRBBANK,NRB Bank PLC,6.8,1.4925373134328304,0.0,15.254237288135583,17.24137931034483,-5.555555555555561,11.475409836065577,-25.274725274725274,-24.444444444444446,-24.444444444444446,-24.444444444444446,2.634554500226141,3.518788929257073
NRBCBANK,NRBC Bank PLC,9.0,0.0,3.448275862068974,23.28767123287672,20.0,47.54098360655739,76.47058823529413,23.28767123287672,-64.2742933869154,-29.22737504100477,-29.22737504100477,3.429579304938592,3.2291814777385577
NTC,National Tea Company Limited,171.2,1.7835909631391205,-0.46511627906977404,1.904761904761898,10.096463022508031,5.679012345679006,-1.4959723820483444,-3.982052720134617,-66.56902948642843,-69.15315315315316,-77.76623376623375,3.748545094330303,4.6975224809011165
NTLTUBES,National Tubes Limited,70.3,0.5722460658082853,1.0057471264367859,-8.104575163398696,16.39072847682119,17.558528428093645,12.479999999999997,-16.70616113744077,-34.360410830999065,-8.753342559593953,198.3368985519266,2.5128921181435544,2.6507241219099242
NURANI,Nurani Dyeing & Sweater Ltd.,3.3,9.999999999999993,9.999999999999995,17.857142857142858,17.857142857142858,49.999999999999986,64.99999999999999,9.999999999999995,-67.96116504854369,-80.49818804055565,-80.49818804055565,6.612903225806455,5.172389856456806
OAL,Olympic Accessories Ltd,7.0,1.4492753623188355,-2.7777777777777803,1.4492753623188352,20.689655172413797,16.666666666666668,22.807017543859644,0.0,-56.25,-59.63234037542791,-70.99871998417598,3.6445012787723785,3.4816673169083723
OIMEX,Oimex Electrode Ltd.,16.3,1.242236024844716,-1.8072289156626546,0.0,20.740740740740744,25.38461538461539,6.5359477124183005,-29.741379310344822,-42.40282685512367,-67.3101217885098,-67.3101217885098,2.3235481842777013,2.80244623999492
OLYMPIC,Olympic Industries PLC.,151.9,0.8632138114209903,-1.106770833333326,-3.8607594936708827,6.223776223776228,0.7962840079628515,10.392441860465125,-9.529481834425253,-16.538461538461537,-52.5029778443307,105.57894870081995,1.6113045173802183,1.7110598875963687
ONEBANKPLC,One Bank PLC,8.0,1.265822784810122,0.0,3.896103896103894,19.402985074626862,2.5641025641025665,14.285714285714286,-3.6144578313253093,-12.842104870488646,-12.842104870488646,-12.842104870488646,1.894778481012651,2.2466692188663218
ORIONINFU,Orion Infusion Ltd.,272.3,1.9086826347305474,0.7772020725388685,-8.562793821356616,-15.171339563862926,-25.027533039647572,-19.93531314319318,-33.58536585365853,242.51572327044025,280.3072625698324,491.95652173913044,2.8394378038052226,3.0464461066193276
ORIONPHARM,Orion Pharma Ltd.,29.0,0.694444444444442,0.34602076124567965,-6.451612903225806,13.281249999999995,3.5714285714285716,6.617647058823532,-6.451612903225806,-59.21237693389591,-21.83288409703504,-57.56097544,1.9240077423646074,2.461025161116425
PADMALIFE,Padma Islami Life Insurance Ltd.,18.4,1.6574585635358958,3.9548022598870016,-1.0752688172043163,7.602339181286532,7.602339181286532,10.17964071856287,-12.7962085308057,-47.12643678160919,-3.999999615999998,-62.44661418836799,4.080281398717158,3.87838862107245
PADMAOIL,Padma Oil PLC,200.9,0.14955134596211933,0.249500998003992,-1.9042968750000027,15.659182498560748,16.46376811594203,18.525073746312685,1.4134275618374617,-8.264840182648399,6.2962962962962985,18.176470470058835,0.44987621514132975,1.0865533448045015
PARAMOUNT,Paramount Insurance PLC.,63.6,0.9523809523809548,1.7600000000000022,-2.453987730061352,27.200000000000003,13.774597495527733,46.20689655172414,61.83206106870231,-30.10989010989011,863.0769880927735,383.29293556582047,3.4657816922357094,4.604761914362325
PDL,Pacific Denims Ltd.,6.0,1.6949152542372818,3.448275862068969,5.263157894736839,15.384615384615381,46.341463414634156,30.43478260869566,-9.090909090909086,-64.14201184004833,-69.54367084054245,-69.54367084054245,3.9322444041137334,4.126401154209776
PENINSULA,The Peninsula Chittagong PLC,24.6,0.40816326530612823,-1.5999999999999943,-3.90625,17.14285714285715,16.037735849056617,34.42622950819673,125.6880733944954,0.40816326530612823,66.21621621621622,-32.02631561953947,2.3484179728943,2.4580857674794667
PEOPLESINS,Peoples Insurance PLC,63.8,0.7898894154818327,2.5723472668810197,2.2435897435897414,29.67479674796747,68.3377308707124,75.75757575757576,96.30769230769229,23.404255319148927,349.2957746478873,141.66666666666669,3.7636426754337458,4.303424337007436
PF1STMF,Phoenix Finance 1st Mutual Fund Units,14.3,2.8776978417266212,2.142857142857148,27.67857142857144,104.2857142857143,175.00000000000003,186.00000000000003,169.81132075471697,32.407407407407405,191.83673469387753,81.01265822784809,3.250234093773593,4.170534748784713
PHARMAID,Pharma Aids Limited.,615.5,0.24429967426710095,0.703534031413605,5.3938356164383565,13.96037770783188,5.756013745704467,24.84787018255578,-1.4884763124199671,33.83344205262014,123.81818181818181,339.32905067808707,2.814566101309704,3.122000540759621
PHENIXINS,Phoenix Insurance PLC,49.9,-0.20000000000000281,0.6048387096774136,8.008658008657997,30.628272251308886,55.45171339563862,86.19402985074626,84.81481481481481,-21.293375394321767,159.89583333333334,11.383928571428575,4.463118264905157,4.071444792270714
PHOENIXFIN,Phoenix Finance and Investments Ltd.,4.2,0.0,-2.325581395348829,13.513513513513512,13.513513513513512,5.000000000000004,75.00000000000001,13.513513513513512,-86.09271523178808,-68.66570503456211,-84.60623892254645,8.389718115327877,6.997165654025653
PHPMF1,PHP First Mutual Fund Units 2010-,4.1,2.499999999999991,-6.818181818181833,24.24242424242424,28.124999999999982,57.692307692307665,70.83333333333333,20.588235294117638,-43.83561643835616,-0.4041671770953258,-26.58364336792143,4.472840755735492,6.15069217893756
PIONEERINS,Pioneer Insurance PLC,70.3,1.2968299711815436,2.7777777777777652,-2.2253129346314444,18.54974704890388,39.80113671313921,53.461538828442336,75.750000439375,-34.51895135105825,225.63179792450111,75.4424378710717,2.9078351826006292,2.945431408962136
PLFSL,Peoples Leasing and Financial Services Ltd.,2.2,10.000000000000009,-8.333333333333321,69.23076923076924,15.789473684210542,83.33333333333336,315.09433962264154,4.761904761904766,-26.66666666666666,-68.1159420289855,-92.5077399448073,13.453282828282832,7.2415797443992975
POPULAR1MF,Popular Life First Mutual Fund Units 2010-,4.0,2.5641025641025665,-6.976744186046508,21.212121212121218,21.212121212121218,60.0,66.66666666666667,17.647058823529413,-42.02898550724638,1.3661221247331545,-23.794893154772446,6.446524966261807,6.442881865785455
POPULARLIF,Popular Life Insurance Co. Ltd.,61.4,1.6556291390728477,3.367003367003367,-3.3070866141732305,13.703703703703702,31.75965665236051,44.47058823529411,30.63829787234042,-31.8534961154273,-10.625909752547313,-44.89743556682051,2.6191231708928204,2.9319994690028133
POWERGRID,Power Grid Co. of Bangladesh Ltd.,40.6,0.7444168734491422,-1.6949152542372778,3.0456852791878246,26.086956521739125,21.194029850746272,50.92936802973979,24.923076923076927,-21.165048543689316,-32.220367278797994,-25.23020257826887,2.6623062244694324,3.0019821674984755
PRAGATIINS,Pragati Insurance PLC,81.7,0.9888751545117394,5.283505154639187,-3.313609467455618,13.472222222222225,6.520252770432038,17.038942544988608,62.14065450927043,12.903687065734438,418.86057919591013,105.41775438227623,4.835648134988984,3.8113917097460503
PRAGATILIF,Pragati Life Insurance PLC,174.0,0.40392383150605227,5.13595166163142,-1.5938304353790986,0.7368420045263143,-20.90909098818182,29.4993232785866,49.531249850468754,105.14054502425454,273.01672450089825,162.7436559578988,2.947677375390201,3.0295638798482956
PREMIERBAN,The Premier Bank PLC,5.6,-1.75438596491229,-1.75438596491229,14.28571428571427,36.58536585365854,27.272727272727256,39.99999999999999,-22.22222222222223,-52.700000130919655,46.76342552177443,-23.417010251007888,3.595779220779224,5.4850967759102724
PREMIERCEM,Premier Cement Mills PLC,48.7,1.0373443983402488,-2.4048096192384687,-7.765151515151505,26.82291666666668,22.361809045226146,24.23469387755102,1.8828451882845307,-42.57075471698113,-51.05527638190955,-53.61904761904762,2.075294755686881,2.971298604129237
PREMIERLEA,Premier Leasing & Finance Limited,2.6,4.0000000000000036,-18.75,13.043478260869579,0.0,136.36363636363635,381.48148148148147,-10.344827586206891,-77.3913043478261,-61.923900207773514,-80.81888957171428,10.845180584311024,8.851139119190806
PRIME1ICBA,Prime Bank 1st ICB AMCL Mutual Fund Units,7.2,5.882352941176476,0.0,33.33333333333333,60.0,60.0,67.44186046511629,44.00000000000001,-7.692307692307688,38.46153846153846,0.0,4.77503785420722,5.165014338197231
PRIMEBANK,Prime Bank PLC,30.0,0.0,-0.6622516556291367,0.0,1.0101010101010126,-5.405405154005353,9.375000273437502,15.384615650887582,40.99344954584939,123.37264096153879,5.588850966144677,0.8338907469342283,1.4502080276383824
PRIMEFIN,Prime Finance and Investment Ltd.,3.5,2.941176470588238,-10.256410256410255,12.90322580645161,9.374999999999995,59.09090909090907,218.18181818181816,-18.604651162790695,-75.35211267605634,-50.0,-87.11656436659264,8.871005639097742,6.908671693415809
PRIMEINSUR,Prime Islami Insurance PLC,62.2,-0.6389776357827454,7.612456747404854,30.947368421052637,69.48228882833787,85.67164179104479,108.02675585284283,82.40469208211144,9.3145869947276,364.17910447761193,74.16000041101762,7.121096155403466,5.7161314143873065
PRIMELIFE,Prime Life Insurance Company Limited,43.4,0.6960556844547497,4.0767386091127,-0.22988505747126764,9.873417721518985,18.90410958904109,31.51515151515151,7.960199004975112,-30.560000000000002,-23.85964912280702,-52.25999992695781,3.0367593953544993,3.489351583862487
PRIMETEX,Prime Textile Spining Mills Ltd.,17.0,0.5917159763313694,-3.4090909090909167,-2.857142857142857,-12.820512820512821,18.881118881118876,23.188405797101446,25.925925925925927,-29.460580912863072,-16.66666666666666,-15.84158415841584,2.3616428820048743,3.6008280135842523
PROGRESLIF,Progressive Life Insurance Co. Ltd.,40.9,0.9876543209876508,0.49140049140048087,-3.309692671394796,3.5443037974683507,-8.908685968819599,-10.307017543859654,-17.373737373737377,-61.45146088595664,3.7416475415028967,-45.33124055975618,3.4721876399737717,4.324011133114552
PROVATIINS,Provati Insurance PLC,59.8,2.047781569965863,0.3355704697986506,-11.144130757800893,69.40509915014165,86.29283489096571,108.3623693379791,84.5679012345679,-62.90481302711957,668.1267258863428,220.1725561746257,3.035678628001372,4.496577153990279
PTL,Paramount Textile PLC,64.0,0.9463722397476363,-1.0819165378670832,-4.619970193740677,10.72664359861592,25.984251968503944,23.552123552123557,33.611691022964514,33.189189388612995,511.4309383214074,150.49561173235293,2.1876332691723137,2.36052751623108
PUBALIBANK,Pubali Bank PLC,38.5,0.5221932114882581,-1.2820512820512822,7.242339832869084,18.066694807469826,9.863549785062816,43.284823812110815,47.09305834312819,125.9498391157623,264.71995825860597,120.84577825106918,2.434043317838982,2.266377655438293
PURABIGEN,Purabi General Insurance Co. Ltd.,32.9,1.54320987654321,3.785488958990534,-4.081632653061221,8.580858085808574,53.023255813953476,69.58762886597938,82.77777777777777,-16.94362775409544,363.1751903253024,11.135997204566872,3.9094525974195173,4.028442331522477
QUASEMIND,Quasem Industries Limited.,45.0,0.671140939597309,-3.225806451612903,-2.1739130434782608,12.781954887218049,8.433734939759036,18.9903844838087,13.79310332009513,6.574732769648137,17.01730253876667,183.18187186251754,1.9599320209161164,3.4750069457204376
QUEENSOUTH,Queen South Textile Mills Ltd.,18.5,0.543478260869573,-3.64583333333333,11.445783132530112,49.193548387096776,60.869565217391305,55.462184873949575,42.30769230769231,-35.91503292770131,-23.813560855395046,-23.813560855395046,5.059607293127633,5.5151848774855
RAHIMAFOOD,Rahima Food Corporation Ltd.,84.0,0.7194244604316478,-3.114186851211076,-4.653802497162309,-22.1501390176089,-37.77777777777778,-47.5,-47.30238393977416,-74.6987951807229,37.47954173486088,388.37209302325584,2.7745504382932795,3.8073358227714302
RAHIMTEXT,Rahim Textile Mills Ltd.,214.0,-0.6960556844547563,0.6111894687353133,-5.726872246696035,5.366814377154114,-6.916050456720315,0.3281762775433608,0.5639097744360848,-32.06349206349206,41.367718013133796,430.59160367017637,2.784735163310601,3.8313871965722446
RAKCERAMIC,RAK Ceramics (Baneladesh) Limited,30.4,0.9966777408637779,-2.2508038585209094,-0.9771986970684062,26.141078838174263,29.36170212765957,36.93693693693693,38.81278538812786,-31.06575963718821,-31.88148144553004,-24.268235340692684,2.413423874208608,2.7364612960206296
RANFOUNDRY,Rangpur Foundry Limited,162.1,0.37151702786377355,-0.49109883364027707,0.18541409147094123,8.066666666666663,6.644736842105259,13.43596920923722,-1.7575757575757611,15.785714285714283,45.250896057347674,161.4516129032258,1.7061034940291901,3.019454859043002
RDFOOD,Rangpur Dairy and Food Products Limited,27.4,0.7352941176470562,-2.142857142857148,-5.51724137931035,4.182509505703414,31.73076923076922,36.99999999999999,16.101694915254225,-34.82217114650207,193.2503428013562,69.35207322062726,2.197962957013306,3.0097755580771275
RECKITTBEN,Reckitt Benckiser (Bangladesh) PLC,3320.0,0.593867410010905,-0.08426628144938551,-0.18339797360271518,-1.0432190760059612,-5.681818181818182,-2.9239766081871346,-2.2954679223072394,-26.057906458797326,111.49190979742643,349.255751014885,0.6944126112672819,0.6767374591627351
REGENTTEX,Regent Textile Mills Ltd.,7.0,1.4492753623188355,-2.7777777777777803,14.754098360655743,59.09090909090907,75.0,75.0,89.18918918918918,-47.76119402985074,-34.4985290807222,-72.71863729730487,3.970436000487151,5.448015387844977
RELIANCE1,Reliance Insurance Mutual Fund Reliance One Units,12.2,2.5210084033613356,-1.6129032258064602,1.6666666666666607,17.307692307692296,-7.575757575757576,-22.29299363057325,-24.22360248447206,-7.575757575757576,56.4102564102564,34.06593406593406,3.1357675791986477,3.264545718758061
RELIANCINS,Reliance Insurance PLC,113.9,2.244165170556553,0.6183745583038894,-5.867768595041317,28.41037204058625,53.918918918918926,74.15902140672782,92.39864864864865,15.869786368260437,278.05710605428646,135.87316286094529,3.9238251375580147,4.5725066679539
RENATA,Renata PLC,471.5,0.23384353741497085,0.04243581582855689,2.3887079261672097,14.720194647201946,2.7904948768258144,20.28061224489796,-5.130784708249497,-60.360321500001284,-28.42894445758732,51.7852425235679,0.9661753629758782,1.2426012932058836
RENWICKJA,Renwick Janeswar and Co. (BD) Limited,884.0,2.8504944735311226,-4.843918191603875,16.761326112798834,74.66903773957715,84.20504271723276,80.85106382978724,26.285714285714285,-7.820646506777893,8.06845965770171,1026.1146496815286,4.6107637487453825,7.303275074236515
REPUBLIC,Republic Insurance PLC,41.3,0.0,11.621621621621614,1.7241379310344722,28.660436137071635,20.760233918128637,50.72992700729927,49.09747292418772,-19.123889468340668,502.11325950435344,101.37043483186187,5.212539047244653,4.800581864295293
RINGSHINE,Ring Shine Textiles Ltd.,4.8,2.1276595744680775,-5.8823529411764675,29.72972972972972,37.14285714285713,59.99999999999999,49.999999999999986,59.99999999999999,-54.285714285714285,-67.68000000323201,-67.68000000323201,6.546921574673668,6.225108661448222
ROBI,Robi Axiata PLc,31.7,0.3164556962025249,-0.6269592476489007,-2.461538461538464,8.93470790378006,4.620462046204616,12.014134275618371,18.283582089552233,-25.93457943925233,111.33333333333333,111.33333333333333,1.0294856339160086,1.6028013848024172
RSRMSTEEL,Ratanpur Steel Re-Rolling Mills Ltd,8.0,1.265822784810122,1.265822784810122,0.0,5.263157894736847,0.0,19.402985074626862,-24.52830188679245,-75.0,-75.83098580579627,-82.34971413577158,2.8523612463485795,3.147222462298126
RUNNERAUTO,Runner Automobiles PLC,47.7,0.21008403361344835,4.148471615720537,9.403669724770644,18.06930693069308,46.769230769230774,28.918918918918926,61.694915254237294,-26.16099071207429,-48.52517973020547,-48.52517973020547,3.669473345478888,3.0835477702261493
RUPALIBANK,Rupali Bank PLC,17.5,1.1560693641618456,-1.1299435028248548,1.7441860465116321,8.695652173913034,-12.060301507537682,1.1560693641618456,-22.566371681415934,-42.33076926508686,30.441929206019505,-41.63742781562411,2.4728760790603426,3.3029055467935504
RUPALIINS,Rupali Insurance Company Ltd.,32.5,4.501607717041796,9.060402684563757,8.333333333333334,37.60080679561493,43.382353299632356,59.462617221086454,58.72093059060304,-16.970802722740963,213.52343968907945,3.69787814007984,4.944137174232719,4.404721508842085
RUPALILIFE,Rupali Life Insurance Co. Ltd.,92.5,1.984564498346193,0.7625272331154715,-3.5453597497393177,8.187134502923977,4.401805869074499,17.684478371501278,5.59360730593608,31.95804153577624,224.95610237395547,-8.1008953545868,2.8032791770610777,2.9912186602753397
SAFKOSPINN,Safko Spinning Mills Limited,21.0,-1.8691588785046664,-1.4084507042253553,-4.109589041095885,1.4492753623188441,48.93617021276596,52.17391304347825,42.85714285714287,-27.113402066614594,99.2995785242883,6.349647321628351,5.061396727225872,3.7321173134925196
SAIFPOWER,SAIF Powertec Ltd.,10.7,9.18367346938774,8.080808080808069,5.940594059405937,75.40983606557377,87.71929824561401,113.99999999999997,55.072463768115924,-59.63701082496818,-23.32725534393947,-22.157390151817303,4.085695876288664,4.441508498833832
SAIHAMCOT,Saiham Cotton Mills Ltd.,22.3,0.45045045045045684,-0.8888888888888857,8.780487804878051,10.945273631840793,11.500000000000004,13.775510204081629,50.67567567567567,9.31372549019609,71.53846153846155,-13.626760636371753,2.957266877584912,4.191706124203413
SAIHAMTEX,Saiham Textile Mills Ltd.,26.9,-1.465201465201473,3.0651340996168472,37.94871794871794,55.49132947976877,17.467248908296945,55.49132947976877,81.75675675675674,9.349593495934947,107.68382404862132,14.776501727951054,4.38931371962782,4.549130524466412
SALAMCRST,S. Alam Cold Rolled Steels Limited,12.8,0.7874015748031609,-3.0303030303030196,-12.328767123287664,-18.471337579617828,4.918032786885258,-14.093959731543622,-34.35897435897435,-62.24188790560472,-50.57915057915057,-73.10924369747897,2.5989492019634426,3.499344179003012
SALVO,Salvo Organic Industries PLC,37.5,0.5361930294906243,-1.3157894736842106,-0.7936507936507862,5.337078651685389,23.76237623762376,23.76237623762376,39.40520446096655,-14.772727272727273,282.8125018502604,119.0460163039116,1.6156613879812964,2.353996181874629
SAMATALETH,Samata Leather Complex (Pvt.) Ltd.,108.3,2.3629489603024574,2.849002849002849,12.461059190031152,-3.389830508474574,20.46718576195772,28.928571428571423,25.93023255813953,14.846235418875928,307.62361487039755,636.4399976433921,5.854094830089654,5.335694549951973
SAMORITA,Samorita Hospital Ltd.,102.2,1.288404360753218,6.016597510373441,5.25231719876417,44.146685472496465,46.41833810888253,40.577716643741404,45.58404558404558,49.02676271745799,85.85374439150569,160.3404401628807,4.386179344352115,3.4193509612467015
SANDHANINS,Shandhani Life Insurance Co.Ltd,29.3,0.6872852233676952,3.900709219858161,12.26053639846743,28.50877192982456,37.55868544600939,51.81347150259067,33.18181818181819,-26.75,50.25641148928337,-31.18417047802473,3.3075932416634295,3.1800191583987
SAPORTL,Summit Alliance Port Limited,59.2,0.0,2.0689655172413843,19.595959595959602,25.957446808510642,34.85193621867883,40.61757719714965,147.6987447698745,97.33333333333334,54.29818155644358,180.90504399441087,2.3329872562884724,3.3965988400696254
SBACBANK,SBAC Bank PLC.,7.1,1.4285714285714235,-2.739726027397263,10.937499999999988,33.96226415094339,4.411764705882351,14.516129032258055,-10.12658227848102,-32.201454440181905,-32.201454440181905,-32.201454440181905,3.639477530142492,4.500882938321484
SEAPEARL,Sea Pearl Beach Resort & Spa Ltd.,39.2,1.0309278350515612,-1.507537688442197,-11.512415349887121,14.285714285714304,24.44444444444445,18.787878787878796,-23.13725490196078,-12.107623318385647,63.33333374166669,63.33333374166669,2.4062371891122396,3.2689246188252445
SEMLFBSLGF,SEML FBLSL Growth Fund Units,7.7,0.0,-8.333333333333334,16.666666666666675,42.59259259259258,48.07692307692307,57.14285714285714,45.28301886792453,-38.888888888888886,26.229508196721323,26.229508196721323,4.650754650754646,4.428469988758827
SEMLIBBLSF,SEML IBBL Shariah Fund Units,8.0,0.0,-5.882352941176471,6.666666666666667,29.032258064516125,31.147540983606564,37.931034482758626,15.94202898550724,-32.77310924369748,-41.60583941605839,-41.60583941605839,3.458552517000335,2.833510773059391
SHAHJABANK,Shahjalal Islami Bank PLC,17.5,0.0,0.5747126436781691,0.0,8.024691358024695,-3.3149171270718307,6.707317073170741,-5.913978494623663,-13.755981176096583,145.77787389549636,7.571090431233522,1.3006070059472294,1.5152435492965735
SHARPIND,Sharp Industries PLC,42.7,0.47058823529412436,8.101265822784818,60.52631578947369,161.96319018404907,218.65671641791047,231.00775193798452,134.61538461538464,161.96319018404907,161.96319018404907,161.96319018404907,7.194889054403534,6.970316318586179
SHASHADNIM,Shasha Denims PLC,29.1,1.041666666666669,-2.675585284280927,10.646387832699622,34.72222222222222,60.773480662983424,83.0188679245283,56.4516129032258,4.301075268817215,2.7916809727548024,-12.819805847442721,2.5566941441993363,2.7119081255502913
SHEPHERD,Shepherd Industries PLC,17.4,0.0,-2.2471910112359668,1.754385964912264,7.407407407407403,37.00787401574803,29.850746268656703,-4.3956043956043995,-0.3631288673457586,-52.04366695986103,-52.04366695986103,2.462547879844193,3.456981987203728
SHURWID,Shurwid Industries Ltd,6.4,1.5873015873015959,-4.477611940298504,-4.477611940298504,3.225806451612906,23.07692307692308,39.13043478260871,-5.882352941176462,-71.30044843049328,-33.58490575436098,-78.69473692600876,3.590829813108039,4.385429687622351
SHYAMPSUG,Shyampur Sugar Mills Ltd.,297.5,0.26963262554769507,-9.298780487804878,-8.207343412527004,107.75139664804472,73.06573589296102,95.72368421052632,125.37878787878788,272.8070175438597,1441.4507772020725,3618.75,4.820564607043411,7.227184945826168
SICL,"Sikder Insurance Co., Ltd.",37.7,1.0723860589812486,4.72222222222223,-6.683168316831672,4.72222222222223,83.90243902439026,103.78378378378379,84.80392156862747,39.62962962962964,39.62962962962964,39.62962962962964,3.5994307919125994,4.157807998283306
SILCOPHL,Silco Pharmaceuticals Ltd.,20.7,0.9756097560975575,-4.166666666666676,-0.9569377990430589,26.219512195121958,46.808510638297875,51.09489051094891,32.692307692307686,-38.392857142857146,-15.037313524773058,-15.037313524773058,2.939172135871247,3.445369248753679
SILVAPHL,Silva Pharmaceuticals Ltd.,16.5,0.0,-6.250000000000008,2.484472049689432,44.73684210526315,66.66666666666666,71.875,55.66037735849057,-30.08474576271187,-54.40789462286184,-54.40789462286184,3.0519721985585435,4.082741609294899
SIMTEX,Simtex Industries PLC,27.5,1.102941176470591,-2.1352313167259838,-2.826855123674914,15.062761506276157,10.0,22.22222222222222,55.36723163841809,14.583333333333334,62.69612367664252,2.0751022739260203,2.486594935689992,2.828307890728897
SINGERBD,Singer Bangladesh Limited,78.3,0.9020618556701068,-0.2547770700636979,4.819277108433727,-3.333333333333337,-8.313817330210783,-7.882352941176474,-26.82242990654206,-56.97802197802198,-44.1021417374904,-22.839599835805746,1.4254419682600972,2.5508797286933564
SINOBANGLA,Sinobangla Industries Ltd.,57.2,0.527240773286475,-2.555366269165247,-3.7037037037036966,10.638297872340425,19.16666666666667,24.890829694323156,23.275862068965527,34.65781675845562,133.74564419487152,214.47779680563318,1.819238867754715,2.0335028210529766
SIPLC,Sena Insurance PLC,133.5,1.7530487804878137,9.426229508196721,20.27027027027027,82.87671232876713,123.99328859060404,150.46904315197,185.86723768736616,179.2887029288703,179.2887029288703,179.2887029288703,10.191275020310714,6.822717776642304
SKTRIMS,SK Trims & Industries Ltd.,14.8,0.680272108843547,-3.2679738562091503,7.246376811594202,62.63736263736265,94.73684210526318,80.4878048780488,45.09803921568629,-66.2870159453303,-60.204444525096775,-60.204444525096775,2.406707605101562,4.256250785789209
SONALIANSH,Sonali Aansh Industries Limited.,222.4,1.044979554747847,1.0909090909090935,-1.155555555555553,20.216216216216218,20.869565217391308,15.592515592515593,11.200000000000003,266.09053497942386,959.047619047619,1547.4074074074074,2.173434611143728,2.8105554004829183
SONALILIFE,Sonali Life Insurance PLC,89.3,0.6764374295377613,-0.22346368715084117,5.680473372781062,21.00271002710027,37.38461538461538,46.63382594417077,41.07424960505529,32.68945022288262,711.8181818181819,711.8181818181819,2.8158046536812478,3.202494459924419
SONALIPAPR,Sonali Paper & Board Mills Ltd.,254.9,2.6580749093838074,5.156765676567657,1.1507936507936531,13.490650044523601,7.552742616033758,7.780126849894294,39.36577364680153,21.51763126943168,68.88821714003582,68.88821714003582,3.491548079002472,3.5762039164927577
SONARBAINS,Sonar Bangla Insurance Ltd.,42.6,-0.9302325581395315,7.8481012658227876,-9.554140127388536,17.710526610065802,51.627118996151104,76.79841937764064,66.28252832920012,-42.301596765196074,366.97079707357165,104.65893133894392,3.984613275761622,4.743858891703045
SONARGAON,Sonargaon Textiles Limited.,113.4,1.3404825737265413,11.067580803134193,16.54676258992807,222.15909090909088,257.7287066246057,264.6302250803859,234.5132743362832,350.0,1119.3548387096773,507.50000151875,5.943777082062821,6.880854166230051
SOUTHEASTB,Southeast Bank PLC,10.9,0.0,0.9259259259259226,7.920792079207928,19.010204012412444,22.768420954416836,28.16483512258304,22.768420954416836,-20.968139250095685,6.317486383931718,-8.403396135852889,2.103006707169364,3.1049199557976888
SPCERAMICS,Shinepukur Ceramics PLC,23.4,0.0,-0.847457627118656,-2.092050209205021,10.900473933649275,55.99999999999999,60.27397260273972,18.18181818181817,-30.149253731343286,175.29411764705878,3.103447975637458,2.985443561557692,3.7083032401242066
SPCL,Shahjibazar Power Co Ltd,57.5,0.5244755244755195,-1.2027491408934756,-2.8716216216216264,7.4766355140186915,15.0,21.05263157894737,36.579572446555815,-23.82165592907006,-50.03615501129801,121.43690511709552,1.789874125983273,2.0658009277850686
SQUARETEXT,Square Textiles PLC,51.7,-0.5769230769230715,0.9765625,-0.5769230769230714,11.422413793103459,4.44444444444445,6.597938144329903,-5.1376146788990775,7.708333333333339,-12.91781215333125,-32.250400088054874,2.0216795213200025,1.9963168507959723
SQURPHARMA,Square Pharmaceuticals PLC,220.6,0.3183265120509271,0.04535147392289992,-0.4063205417607249,5.047619047619046,0.13617793917384607,10.854271356783917,-2.2163120567375887,-4.626026805015139,15.630878677999783,110.7466011858851,0.6164948672040389,0.9129741117171463
SSSTEEL,S.S. Steel Ltd,7.3,2.8169014084507067,-2.666666666666669,0.0,52.083333333333336,78.04878048780489,78.04878048780489,28.070175438596486,-67.4214877524669,-80.41614422975591,-80.41614422975591,3.511904761904762,3.650968546178852
STANCERAM,Standard Ceramic Industries Ltd.,72.3,1.544943820224711,-1.0943912448700372,0.13850415512464587,-3.6000000000000036,1.544943820224711,3.1383737517831714,-16.416184971098268,-68.74189364461738,36.93181818181819,195.10204081632654,3.4819043779882213,4.412073145804631
STANDARINS,Standard Insurance PLC,52.9,1.147227533460806,3.725490196078429,-2.2181146025878054,16.77704194260486,25.952380952380945,35.29411764705882,21.052631578947356,-36.49459783913566,491.2281656448758,102.67522601309632,3.422647938525184,4.010048777363452
STANDBANKL,Standard Islami Bank PLC,5.0,2.0408163265306047,0.0,6.382978723404252,16.279069767441865,-5.660377358490563,4.1666666666666705,-28.571428571428573,-43.045066473953945,-5.368217263187065,-44.8054064155321,3.0824829931972717,3.603589872721997
STYLECRAFT,Stylecraft Limited,60.4,1.5126050420168042,0.33222591362125536,0.0,17.054263565891468,33.33333333333334,27.966101694915242,-28.180737217598093,-64.32368576491434,33.754210266146245,145.93516075924146,2.2546244383841456,3.787221997856336
SUMITPOWER,Summit Power Ltd.,17.1,1.7857142857142898,0.0,1.7857142857142898,23.91304347826087,23.91304347826087,37.90322580645162,17.93103448275863,-62.82608695652174,-46.3949843260188,-62.75479457284428,2.3907542058739684,2.8948921443586624
SUNLIFEINS,Sunlife Insurance Co. Ltd.,66.1,0.15151515151514292,-2.794117647058832,-19.291819291819305,-2.794117647058832,22.86245353159851,25.426944971536983,24.716981132075464,104.01234567901234,287.4827574716029,-28.53268050293268,4.356776377238912,4.610880147682973
TAKAFULINS,Takaful Islami Insurance PLC,55.1,1.8484288354898335,-0.5415162454873595,8.039215686274511,63.988095238095234,65.46546546546548,62.05882352941177,60.17441860465118,-4.999999999999998,403.92153245578015,79.45284638889665,2.837064016962038,3.7638846098397787
TALLUSPIN,Tallu Spinning Mills Limited,8.2,1.2345679012345634,0.0,0.0,2.499999999999991,5.128205128205121,30.15873015873015,41.37931034482758,-23.364485981308412,-43.055555555555564,-64.34782611795842,2.1604938271605025,2.5513859161595924
TAMIJTEX,Tamijuddin Textile Mills PLC,131.6,0.7656967840735069,-0.9781790820165623,-0.6792452830188722,11.148648648648638,5.279999999999996,4.44444444444444,4.218862385956512,93.01333314031997,898.3448262091796,898.3448262091796,1.2658326427330027,2.522011374088134
TECHNODRUG,Techno Drugs Ltd.,46.4,0.21598272138229252,-1.276595744680854,6.422018348623847,20.207253886010356,51.63398692810456,58.9041095890411,46.37223974763407,75.75757575757576,75.75757575757576,75.75757575757576,2.979042729213241,4.242431211609133
TILIL,Trust Islami Life Insurance Ltd.,53.3,0.37664783427494486,-1.113172541743973,-3.090909090909096,14.13276231263382,11.506276150627615,20.045045045045043,-6.326889279437612,384.54545454545456,384.54545454545456,384.54545454545456,2.812369460220089,2.9909199461578964
TITASGAS,Titas Gas Transmission and Distribution PLC,20.2,0.49751243781093457,-1.9417475728155442,-2.8846153846153912,23.170731707317078,16.763005780346813,29.487179487179485,-5.607476635514016,-50.490196078431374,-57.916666666666664,-68.33855799373039,2.1238922444736033,2.8023702659816885
TOSRIFA,Tosrifa Industries PLC,23.6,2.1645021645021645,-2.0746887966804977,-6.34920634920634,30.386740331491712,35.632183908045995,38.82352941176471,18.592964824120617,17.99999952800001,20.94999982613438,-45.64507012025485,2.7197645718625405,4.4637275382588495
TRUSTB1MF,Trust Bank 1st Mutual Fund Units,4.1,2.499999999999991,-4.651162790697679,28.124999999999982,28.124999999999982,57.692307692307665,70.83333333333333,10.810810810810795,-46.05263157894737,-1.6473080382443765,-37.23310050411236,5.033614759224514,6.618974777972526
TRUSTBANK,Trust Bank PLC,15.4,0.6535947712418277,-0.6451612903225784,-1.2820512820512775,1.0625002526562526,-13.989361487101066,-7.068965284913783,-19.149999797875005,-29.56347987985079,66.11506774130933,62.24386347932375,1.638314815559397,1.746921843549721
TUNGHAI,Tung Hai Knitting & Dyeing Ltd,4.5,7.142857142857138,45.16129032258064,60.71428571428573,55.17241379310345,125.0,181.25,60.71428571428573,-37.5,-50.990099053573175,-81.850000036784,2.6069518716577496,5.610237796946963
UCB,United Commercial Bank PLC,9.4,0.0,-5.05050505050505,4.444444444444448,4.444444444444448,-5.05050505050505,-10.476190476190473,-9.615384615384615,-30.909999711203792,-17.21456168734478,-25.873565793273748,3.4841378784412296,2.808076301376595
UNILEVERCL,Unilever Consumer Care Limited,2043.2,0.08817478201234225,0.10288569888786128,-0.5742092457420902,0.15686274509804143,-7.232690124858114,-5.407407407407406,-18.26873074922997,14.907557117750441,108.87611015270589,511.0504672897196,0.37002922106286235,0.7632732030211791
UNIONCAP,Union Capital Limited,4.9,2.0833333333333446,-1.999999999999993,6.521739130434798,16.666666666666668,16.666666666666668,75.00000000000003,0.0,-48.42105263157894,-43.93891488060673,-74.09521077844904,5.223404255319148,5.43901240676777
UNIONINS,Union Insurance PLC,52.8,1.538461538461533,-1.858736059479554,15.03267973856209,53.043478260869556,43.08943089430894,43.47826086956522,56.676557863501465,380.0,380.0,380.0,5.542886472647199,5.463446796523085
UNIQUEHRL,Unique Hotel & Resorts PLC,44.3,2.0737327188940062,-3.4858387799564303,-9.034907597535945,21.369863013698623,13.589743589743584,15.665796344647521,10.473815461346621,-1.5555555555555618,0.911161731207286,-65.03551696921862,2.937727492532315,2.9121932577809626
UNITEDFIN,United Finance PLC,18.7,1.6304347826086998,-2.094240837696346,14.024390243902443,41.66666666666667,48.41269841269841,61.20689655172414,46.093749999999986,-6.030150753768841,15.82443875143723,-19.786920981738977,3.907609283694147,4.256350870102051
UNITEDINS,United Insurance Company Limited,67.3,-2.322206095791014,12.166666666666663,45.98698481561821,55.427251732101624,52.26244343891401,61.00478468899522,68.24999999999999,10.69078947368421,224.1106834111858,76.27943787574901,6.0058170995671,5.865412317695708
UPGDCL,United Power Generation & Distribution Co. Ltd.,123.0,0.9023789991796507,-1.9920318725099602,-3.90625,6.217616580310883,-0.7263922518159852,5.943152454780367,-11.637931034482751,-57.68833849329206,36.522307296320015,120.51138774777836,1.8143908763849237,2.2357998990645296
USMANIAGL,Usmania Glass Sheet Factory Limited,68.0,1.3412816691505303,-9.333333333333334,-3.5460992907801416,63.46153846153846,106.06060606060606,100.0,89.94413407821231,-14.8936170212766,-17.79473231093882,40.223661425093006,5.1535424593256325,7.888012802458356
UTTARABANK,Uttara Bank PLC,21.0,0.0,-0.943396226415091,-2.3255813953488373,1.3513513513513569,5.846774193548388,14.62882096069869,23.23943661971832,58.22843776209551,125.12860053209421,62.045071646804736,1.312388036009893,1.1060703860555354
UTTARAFIN,Uttara Finance and Investments Limited,13.4,0.0,-0.7407407407407381,1.5151515151515234,8.064516129032258,-6.944444444444445,35.35353535353535,-16.770186335403732,-66.41604010025063,-73.99260622216339,-81.05630352120244,2.4312761061005146,2.724681117733546
VAMLRBBF,Vanguard AML Rupali Bank Balanced Fund Units,8.1,0.0,-4.705882352941181,7.999999999999996,37.288135593220325,42.105263157894726,42.105263157894726,28.57142857142857,-13.82978723404256,-26.36363636363637,-26.36363636363637,2.7819180969587487,2.990618294383197
VFSTDL,VFS Thread Dyeing Ltd.,16.7,0.6024096385542039,-4.571428571428576,-1.7647058823529453,19.28571428571428,46.491228070175424,30.46874999999999,122.66666666666666,-38.25704209916373,-29.50364377154775,-29.50364377154775,3.1831201430746137,3.596744327798105
WALTONHIL,Walton Hi-Tech Industries PLC,392.7,0.7181328545780999,-0.17793594306049534,-0.9583858764186661,7.884615384615382,-5.373493975903616,3.3421052631578916,-3.470391159168521,-70.61028714332674,14.277777663499998,14.277777663499998,1.0714345595142654,1.6653479606238037
WATACHEM,Wata Chemicals Ltd.,143.2,0.0,2.3588277340957706,0.7741027445460903,5.062362435803358,0.8450704225352033,0.8450704225352033,5.5268975681650705,-55.01099591580271,46.30838345096953,578.7083336196633,2.438065603465372,2.611763092636182
WMSHIPYARD,Western Marine Shipyard Limited,10.3,1.980198019801991,-2.830188679245273,-1.904761904761898,24.096385542168672,27.160493827160508,25.609756097560997,19.76744186046513,-36.809815950920246,-25.520999212183547,-70.08426805691289,3.2351970491166835,3.304174404311384
YPL,Yeakin Polymer Ltd.,23.8,0.0,-8.46153846153846,-5.928853754940711,8.181818181818185,36.78160919540232,34.4632768361582,56.57894736842106,45.12195121951221,-5.018039903726892,-5.018039903726892,3.3429938431068664,3.6568719132879326
ZAHEENSPIN,Zaheen Spinning PLC,5.5,-1.7857142857142794,-3.5087719298245643,-1.7857142857142796,0.0,14.583333333333337,37.5,-20.289855072463773,-50.450450450450454,-59.63881222167118,-61.35456654070122,3.653499278499281,3.23147922398407
ZAHINTEX,Zahintex Industries Ltd.,8.9,1.1363636363636322,-3.26086956521738,-6.315789473684207,8.536585365853673,43.54838709677419,53.448275862068975,102.27272727272727,-8.24742268041236,-49.651428836981324,-62.48219379097481,2.854861655488773,4.240010526560054
ZEALBANGLA,Zeal Bangla Sugar Milla Limited,217.0,1.2126865671641764,-0.45871559633027525,3.3333333333333335,88.69565217391305,47.71953710006807,51.74825174825175,154.99412455934197,44.666666666666664,843.4782608695652,2394.2528735632186,5.791115785306145,7.9201782574286135
