Symbol,Name,Price,Change %,Perf % 1W,Perf % 1M,Perf % 3M,Perf % 6M,Perf % YTD,Perf % 1Y,Perf % 5Y,Perf % 10Y,Perf % All Time,Volatility 1W,Volatility 1M
1JANATAMF,First Janata Bank Mutual Fund Units,3.5,2.941176470588238,0.0,-5.40540540540541,12.90322580645161,20.689655172413797,34.615384615384606,9.374999999999995,-63.91752577319587,-7.250000352449993,-35.62366207921435,4.67226890756303,5.32635957094162
1STPRIMFMF,Prime Finance First Mutual Fund 2009 Units,23.6,2.6086956521739193,7.27272727272728,-5.9760956175298805,15.121951219512201,29.670329670329686,18.000000000000007,2.1645021645021645,15.686274509803937,195.00000000000003,-22.875816993464053,6.236021682184556,5.004123386166917
AAMRANET,aamra networks ltd,18.5,0.543478260869573,1.092896174863384,-11.05769230769231,-3.64583333333333,3.351955307262578,3.932584269662917,-13.953488372093023,-57.20533933019925,-69.29232461364899,-69.29232461364899,4.563422023178934,5.497545572793535
AAMRATECH,Aamra Technologies Limited,16.2,-0.6134969325153461,-7.954545454545467,-26.69683257918553,9.459459459459449,5.194805194805188,31.70731707317072,17.391304347826075,-45.48571450204082,-23.59915265253902,-44.906500119080015,6.4870715830518915,6.937670946758216
ABB1STMF,AB Bank 1st Mutual Fund 2011 Units,3.6,5.882352941176476,0.0,-5.2631578947368345,9.0909090909091,24.137931034482765,33.33333333333333,9.0909090909091,-49.29577464788732,-10.900000432135,-46.29997601309429,5.195144724556492,5.213350046830808
ABBANK,AB Bank PLC,4.7,-2.083333333333326,4.444444444444448,-4.081632653061228,-5.9999999999999964,-28.787878787878782,14.63414634146343,-18.965517241379306,-67.48539329546858,-65.03776578510825,-79.57734878354464,4.5270705028035625,3.785584108607764
ACFL,Aman Cotton Fibrous PLC,22.4,0.44843049327353307,-1.3215859030837036,0.448430493273533,-10.040160642570282,21.73913043478261,24.44444444444444,17.27748691099475,-47.294117647058826,-62.666666666666664,-62.666666666666664,5.502541948136735,5.453524800656291
ACI,Advanced Chemical Industries PLC,184.3,-0.43219881145325934,-1.020408163265294,-7.340372046254397,-4.4087136929460575,-11.818181818181813,-5.487179487179481,1.3194062671797722,-28.212177456290828,-26.975186908506846,195.94158232504995,3.272070417660001,2.20959147074658
ACIFORMULA,ACI Formulations PLC,155.1,-0.25723472668810654,3.262316910785623,-8.92542571931886,7.187284035936424,11.582733812949638,20.23255813953488,5.870307167235491,-9.875484005309369,-1.8945780679894686,124.93784586621202,2.819910819396158,3.629941506008464
ACMELAB,ACME Laboratories Ltd.,77.8,0.2577319587628903,-0.25641025641026005,-5.811138014527842,-2.8714107365792727,-0.6385696040868455,9.1164095371669,-2.5062656641604013,-18.018967334035835,-27.962962962962965,-42.370370370370374,1.5685714814758984,1.5565829593651705
ACMEPL,ACME Pesticides Ltd,25.0,2.459016393442629,2.0408163265306123,3.3057851239669453,2.0408163265306123,47.05882352941177,57.23270440251572,38.888888888888886,127.27272727272727,127.27272727272727,127.27272727272727,3.648652864764207,4.62916780774497
ACTIVEFINE,Active Fine Chemicals Ltd.,5.6,0.0,-3.448275862068969,-18.840579710144933,-23.28767123287672,-21.126760563380284,3.7037037037036904,-37.07865168539326,-77.95275590551181,-77.24999993032812,-81.00869551873936,3.2142857142857197,4.191779655600547
ADNTEL,ADN Telecom Ltd.,57.8,1.5817223198594001,-1.1965811965812014,-10.38759689922481,-15.000000000000004,-2.199661590524542,-0.1727115716753047,-26.649746192893403,-26.27551020408164,42.716049382716044,42.716049382716044,3.489249101115381,3.085016451377463
ADVENT,Advent Pharma Ltd.,13.8,0.7299270072992805,-0.7194244604316521,-12.658227848101266,-12.101910828025469,2.2222222222222276,2.985074626865674,-12.101910828025469,-45.01562518471314,-62.52968823711722,-62.52968823711722,4.677419662052779,4.150063136679586
AFCAGRO,AFC Agro Biotech Ltd.,6.1,-1.6129032258064602,-6.1538461538461595,-15.277777777777786,-22.784810126582286,-12.857142857142861,21.999999999999993,-23.750000000000004,-81.84523809523809,-81.26178744731705,-73.37807497265129,4.989794058684161,4.037173475313388
AFTABAUTO,Aftab Automobiles Ltd.,26.1,0.3846153846153901,-2.2471910112359472,-10.616438356164377,-18.437499999999996,-12.121212121212114,-23.68421052631579,-29.076086956521728,-19.170645659125306,-43.01930664192507,-61.63299968734731,4.120207900456397,2.9424821060238826
AGNISYSL,Agni Systems PLC,29.7,0.3378378378378306,-0.6688963210702318,-6.012658227848108,-2.3026315789473664,42.10526315789475,42.78846153846153,10.408921933085505,26.38297872340425,86.85577590225485,60.252580513041224,4.936297823259471,4.319471239397682
AGRANINS,Agrani Insurance PLC,27.7,0.0,-3.819444444444449,-12.341772151898741,-0.35971223021583243,32.53588516746412,16.386554621848735,0.7272727272727247,-41.48842906076509,203.4842372292151,67.89531264423202,6.4380499295628235,4.573579632579103
AIBL1STIMF,AIBL 1st ISLAMIC Mutual Fund 2010- Units,6.0,5.263157894736839,3.448275862068969,0.0,42.85714285714285,57.894736842105274,76.47058823529412,36.36363636363635,-33.333333333333336,-14.285714285714286,-22.077922077922082,6.234379051075968,7.326540026470197
AIL,Alif Industries Ltd.,32.2,3.205128205128217,-0.6172839506172708,-14.361702127659571,-7.204610951008645,5.573770491803288,-20.88452088452088,-42.806394316163406,-38.71972324700374,-70.84661546744688,-70.84661546744688,6.95097911792591,5.657731479115255
AL-HAJTEX,Alhaj Textile Mills Limited,84.4,8.76288659793816,15.61643835616439,-12.899896800825593,-18.058252427184463,-32.48,-38.48396501457725,-51.52211372495818,25.97014925373135,5.977735523784947,264.51339086434075,8.751623353772972,5.6865142988338295
ALARABANK,Al-Arafah Islami Bank PLC,16.0,3.896103896103894,0.0,-1.8404907975460165,10.344827586206897,-7.514450867052026,6.666666666666667,-6.432748538011704,-33.70114949398668,34.294086658698326,-10.582158028897641,7.3923968218955,6.536501742224094
ALIF,Alif Manufacturing Company Ltd.,5.4,3.8461538461538494,0.0,-8.47457627118644,-3.571428571428559,-5.263157894736839,35.00000000000001,-5.263157894736839,-68.23529411764706,-38.88614830988658,-68.02284133654422,4.253393665158377,4.06453286500032
ALLTEX,Alltex Industries Limited,24.0,-0.4149377593361055,-2.0408163265306123,-1.6393442622950762,40.350877192982445,64.38356164383562,79.1044776119403,75.18248175182482,22.44897959183673,21.212121212121207,214.07407300389573,3.1005622745869537,4.066474029263056
AMANFEED,Aman Feed PLC,31.6,0.9584664536741236,-1.557632398753894,-19.387755102040817,-10.481586402266277,35.622317596566525,37.39130434782609,16.605166051660515,-53.801169590643276,-44.65842144174841,-5.768109565143796,3.21617061913099,4.9821415578146535
AMBEEPHA,Ambee Pharmaceuticals PLC,758.6,-0.09219017516132383,-2.7435897435897405,-3.6453702527625977,-0.8366013071895395,-2.706169039374121,5.361111111111114,-9.690476190476188,24.36065573770492,53.56275303643726,305.8493105824386,4.072508700724978,3.1769792558247643
AMCLPRAN,Agricultural Marketing Co. Ltd.,216.2,2.415916627190902,-0.27675276752768574,-6.609071274298061,-1.007326007326015,3.4449760765550184,6.870983687592672,-6.3258232235702,-32.43750000000001,-0.3686635944700513,75.77235772357722,2.8689677505170685,2.4601913338064243
ANLIMAYARN,Anlima Yarn Dyeing Ltd.,28.1,1.8115942028985508,-1.7482517482517481,-19.71428571428571,-17.59530791788856,41.20603015075378,35.096153846153854,20.600858369098713,-36.13636363636363,-5.38720538720538,40.50000000000001,10.061099005385229,8.246272647889107
ANWARGALV,Anwar Galvanizing Ltd.,111.9,-0.5333333333333283,4.189944134078212,-1.8421052631578898,-4.358974358974354,18.41269841269842,29.214780600461907,40.22556390977445,-55.240000358079996,220.00013543526737,1284.7624915702586,2.6386976436121516,3.64639244619333
AOL,Associated Oxygen Ltd,15.3,-0.649350649350647,-3.773584905660375,-20.312499999999996,-15.934065934065929,-4.968944099378886,0.6578947368421146,-10.526315789473687,-72.43939396342827,17.87119936085521,17.87119936085521,3.974109615238761,3.8904153280126574
APEXFOODS,Apex Foods Limited,269.7,1.773584905660373,4.941634241245132,-6.419153365718252,-0.11111111111111532,13.319327731092432,9.723352318958494,8.92568659127625,46.57608695652173,55.89595375722542,276.6759776536313,6.109628536287528,3.844848524889855
APEXFOOT,Apex Footwear Ltd.,213.2,1.090564248458977,2.6480500722195477,-0.6060606060606114,5.596830113917772,14.010695187165771,18.906860011154475,14.821197759586374,20.611099358760683,13.205797817837551,59.98585687805224,2.072665837303814,1.899374222560823
APEXSPINN,Apex Spinning and Knitting Mills Ltd.,332.6,8.7283425956195,19.683339330694512,-4.699140401146125,-1.8879056047197573,75.05263157894738,84.77777777777779,118.95984200131664,121.8812541694463,218.5823754789272,375.14285714285717,6.904230531145454,6.3255220986756555
APEXTANRY,Apex Tannery Limited.,96.0,1.8027571580063655,-2.0408163265306123,-11.193339500462532,-4.667328699106259,47.69230769230769,61.07382550335571,20.0,-25.58139534883721,-34.69387755102041,31.326949384404934,7.159397228359223,5.019261042681601
APOLOISPAT,Appollo Ispat Complex Ltd.,2.9,0.0,-3.333333333333336,-12.12121212121212,-17.142857142857146,-29.268292682926823,70.58823529411765,0.0,-75.83333333333333,-76.97917209806056,-88.09416943942136,4.926108374384239,4.947495948011353
ARAMIT,Aramit Limited,187.5,1.736299511665756,-2.139874739039663,-13.43490304709141,0.4284949116229306,10.294117647058824,3.19207484865163,-19.871794871794872,-54.81927710843374,-54.81927710843374,-11.556603773584905,6.790063972761912,5.789059589321633
ARAMITCEM,Aramit Cement Limited,11.2,-2.6086956521739193,-0.8849557522124019,-15.789473684210536,-13.84615384615385,-11.811023622047244,27.272727272727256,-13.84615384615385,-80.78902229845625,-68.80222841225627,-69.00953708530054,7.6852842146959786,8.319311903099019
ARGONDENIM,Argon Denims Ltd.,21.1,1.4423076923076956,-7.860262008733613,-7.048458149779726,6.565656565656568,24.85207100591718,19.886363636363633,9.326424870466324,-11.29173325026136,22.994732499345037,-45.27680496031207,4.152638440091209,4.946698995138259
ASIAINS,Asia Insurance PLC,41.2,3.517587939698507,-1.199040767386091,-12.896405919661722,-2.830188679245273,8.136482939632549,49.81818181818183,43.55400696864113,-54.97267759562842,214.50381679389312,24.66858818906311,6.523356227167359,4.837146467494513
ASIAPACINS,Asia Pacific General Insurance PLC,46.8,1.2987012987012863,-1.8867924528302005,-13.333333333333337,-0.21321961620469387,26.829268292682926,48.1012658227848,36.04651162790697,-31.378299120234608,222.75862068965515,38.05309734513274,3.982923662984956,4.665413994112451
ASIATICLAB,Asiatic Laboratories Ltd,110.0,2.23048327137547,3.7735849056603774,-9.688013136288996,-10.56910569105691,57.819225251076034,128.21576763485476,74.0506329113924,91.97207678883072,91.97207678883072,91.97207678883072,4.995232913815989,5.737712401163276
ATLASBANG,Atlas Bangladesh Limited,84.3,0.4767580452920041,-1.8626309662398235,-3.546910755148751,23.065693430656932,28.506097560975615,48.67724867724867,36.407766990291265,-34.70178156467855,-14.385971177422359,-25.05504774753487,3.9201588771043863,4.562047044959711
AZIZPIPES,Aziz Pipes Limited.,72.9,1.1095700416088923,-6.418485237483953,-9.888751545117428,-7.721518987341765,40.46242774566476,55.769230769230795,31.11510791366907,-52.53906249999999,56.2793761749279,368.83812842427653,5.634097709595874,4.786434782998986
BANGAS,Bangas Limited,121.0,1.7661900756938556,-4.649330181245079,-11.029411764705882,-10.766961651917402,1.0860484544695046,-7.208588957055219,-7.137375287797399,-20.394736842105264,-24.686855707643208,-13.701271487045139,4.568679870006925,3.325243924275874
BANKASIA,Bank Asia PLC,16.8,0.0,-0.5917159763313484,-5.617977528089887,-9.189189189189186,-17.145454889300904,-0.9347830431827729,-3.555555950263364,-1.7117651974198849,38.16254363374616,44.523234602558034,1.3224500771575234,1.8484045780045986
BARKAPOWER,Baraka Power Ltd.,9.8,0.0,-2.97029702970296,-11.711711711711702,13.953488372093037,15.29411764705883,44.11764705882355,-14.782608695652169,-67.003367003367,-55.84410923529007,-56.81054024556855,4.103016011152977,5.501350418473083
BATASHOE,Bata Shoe Co. (Bangladesh) Ltd.,886.5,0.7729907923155569,0.1694915254237288,-3.2205240174672487,1.9199816049666643,7.194679564691657,10.247481656510383,1.3142857142857143,-6.5957222631967145,-25.189873417721518,72.13592233009709,2.036708148233867,1.9174965677755758
BATBC,British American Tobacco Bangladesh Co Ltd,230.7,1.0955302366345312,0.39164490861617807,-5.061728395061733,8.309859154929573,1.1842105263157845,-6.9758064516129075,-18.79619852164732,-65.01364877161056,-16.274848116746938,147.7685013724611,2.155218994123052,2.0718764496647357
BAYLEASING,Bay Leasing and Investment Ltd.,4.6,0.0,-2.127659574468096,-13.207547169811324,0.0,-26.984126984126988,39.39393939393939,0.0,-86.12068962047414,-68.10866561210436,-82.46911843842737,4.464646464646464,4.574771923000814
BBS,Bangladesh Building Systems PLC,11.9,3.4782608695652204,-5.55555555555555,-18.493150684931503,-27.439024390243894,6.250000000000011,29.347826086956537,-4.032258064516129,-42.51207729468599,-50.82277024242502,-45.118211355761716,5.860558684337065,4.91112255303257
BBSCABLES,BBS Cables PLC,16.6,2.469135802469149,-5.142857142857134,-22.429906542056063,-33.599999999999994,-5.142857142857134,9.210526315789489,-20.952380952380945,-73.92948704938529,-42.575455401891624,-42.575455401891624,6.225721008203032,4.663732309303098
BDAUTOCA,Bangladesh Autocars Limited,182.9,0.6050605060506019,-1.348435814455232,-15.753109166282815,-15.324074074074073,28.802816901408455,44.015748031496074,31.867339581831306,3.979533826037521,420.6702664005945,747.1922980724512,6.8602784449876015,5.243026872315443
BDCOM,BDCOM Online Ltd.,28.6,3.6231884057971016,-3.0508474576271136,-9.206349206349202,-16.129032258064516,7.116104868913866,10.000000000000004,6.1130744505443975,18.539474258971005,61.71943285641776,137.83079033301294,5.871808346720032,4.051515035770863
BDFINANCE,Bangladesh Finance PLC,12.0,2.56410256410257,-1.6393442622950762,-9.774436090225567,-12.408759124087588,-11.11111111111111,-7.6923076923076925,0.8403361344537785,-81.29411771814118,36.99342753025765,-26.140040295630495,4.195810929121906,3.6248584798772723
BDLAMPS,Bangladesh Lamps PLC,225.8,-0.08849557522123391,1.7117117117117169,1.392007184553221,29.028571428571432,65.78560939794421,67.88104089219333,39.38271604938272,-7.466105013146054,25.184455858401673,101.33833317226267,2.872138583857671,3.783195814325099
BDTHAI,Bangladesh Thai Aluminium Ltd.,14.8,0.680272108843547,-8.641975308641968,-12.941176470588232,-27.80487804878048,30.973451327433626,32.14285714285715,8.823529411764714,-47.142857142857146,-24.532171296704217,-7.103530350499032,7.050140536084317,5.135509873165531
BDTHAIFOOD,BD Thai Food & Beverage Ltd.,21.1,-1.4018691588784915,-16.269841269841262,-11.715481171548106,-28.231292517006796,28.658536585365873,46.527777777777786,23.391812865497073,74.38016528925623,74.38016528925623,74.38016528925623,7.778802885053161,4.814426944007734
BDWELDING,Bangladesh Welding Electrodes Ltd.,11.8,-1.6666666666666607,-4.0650406504065035,-13.23529411764705,-26.249999999999996,-27.160493827160487,-34.806629834254146,18.000000000000007,-48.24561403508772,12.433962210055372,-46.29227454263212,5.7669930168087875,4.297164586035907
BEACHHATCH,Beach Hatchery Ltd,27.1,3.041825095057037,0.3703703703703756,-12.580645161290319,-20.527859237536656,-12.861736334405144,-42.09401709401709,-52.869565217391305,2.6515151515151625,146.36363636363637,20.063291412802435,3.9402018710197066,3.854742717341801
BEACONPHAR,Beacon Pharmaceuticals PLC,99.7,-0.29999999999999716,-3.015564202334625,-6.472795497185733,-8.110599078341012,-2.254901960784311,-4.775549188156638,-23.776758409785938,-55.66918630502445,447.80219780219784,547.4025974025974,4.297479442639522,2.669699111335316
BENGALWTL,Bengal Windsor Thermoplastics PLC,21.8,4.8076923076923075,-3.9647577092510953,-20.146520146520146,-14.509803921568626,21.111111111111114,25.287356321839095,6.341463414634149,-18.959107806691442,-46.592427671642504,-55.9632722079062,5.395553853625133,4.881680127509519
BERGERPBL,Berger Paints Bangladesh Ltd.,1460.2,-0.02738600575105187,-1.8022864828513756,-2.2492970946579134,2.4701754385964945,3.1578947368421084,5.734974656046346,-1.271129141311694,-21.87265917602996,33.108477666362816,456.26666666666665,1.1320306685953696,0.874758145733737
BESTHLDNG,Best Holdings PLC,15.2,-1.9354838709677464,-0.6535947712418393,1.3333333333333286,2.013422818791939,13.432835820895514,12.592592592592588,-18.27956989247313,-48.29931972789116,-48.29931972789116,-48.29931972789116,5.131610331184523,3.9309082999469336
BEXIMCO,Bangladesh Export Import Company Ltd.,20.1,-0.9852216748768439,-6.944444444444444,-19.599999999999994,-57.773109243697476,-81.74386920980926,-81.74386920980926,-81.74386920980926,-83.40801882644458,1.16635944020359,-49.3877019743902,5.178755429522072,4.701309604315126
BGIC,Bangladesh General Insurance Company PLC,41.1,2.23880597014925,5.9278350515464036,-7.6404494382022445,2.23880597014925,24.54545454545455,33.00970873786409,19.82507288629739,-29.502572898799308,183.44827586206895,31.309904153354637,4.843649640866211,5.409616610923461
BIFC,Bangladesh Industrial Finance Company Ltd.,3.8,0.0,-7.317073170731704,-9.523809523809533,-13.636363636363647,-47.945205479452056,123.52941176470587,-2.5641025641025665,-53.65853658536585,-50.0,-81.3465658831439,6.429587482219058,6.271715266099099
BNICL,Bangladesh National Insurance Company Ltd,144.9,9.939301972685882,19.161184210526326,20.951585976627722,39.59537572254336,165.87155963302752,222.0,229.3181818181818,11.034482758620694,1006.1068702290078,291.6216216216216,8.650142484595246,6.70489276929562
BPML,Bashundhara Paper Mill Ltd.,25.1,0.40000000000000563,-1.953125,-10.992907801418433,-13.14878892733563,-12.84722222222222,-3.088803088803078,-32.7077747989276,-52.64150943396226,-83.80645161290323,-83.80645161290323,3.936879698396034,3.4593975548150673
BPPL,Baraka Patenga Power Ltd.,19.2,2.1276595744680775,-3.517587939698489,-8.133971291866027,-6.796116504854379,29.72972972972972,28.859060402684555,30.612244897959187,-58.88650963597431,-39.81191222570533,-39.81191222570533,4.250006502378417,3.5646009873545346
BRACBANK,BRAC Bank PLC,63.9,1.107594936708854,2.5682182985553794,0.15673981191222794,-2.739726027397267,-2.926000630346608,16.27376191273888,2.776248280093769,140.33019427999545,265.3924464920674,870.6653891191107,1.6072404941405731,1.3447666903835493
BSC,Bangladesh Shipping Corporation,112.0,0.9009009009009009,0.9009009009009009,-4.680851063829787,4.380242311276797,1.8181818181818181,-0.26714158504006874,-3.4482758620689653,123.10756972111552,190.9090918158206,124.26832175187657,2.756854286592173,2.4815198718088234
BSCPLC,Bangladesh Submarine Cables PLC,146.9,0.0,-1.0774410774410736,-5.5912596401028205,-0.4067796610169453,4.778887303851653,14.497272018706152,1.8723994452149912,-33.16651501364878,35.8926919518964,235.6180031985378,2.0265343027644924,2.2561112623155624
BSRMLTD,Bangladesh Steel Re-Rolling Mills Ltd.,96.2,0.31282586027111275,-1.8367346938775482,-2.335025380710657,2.8877005347593614,17.31707317073171,26.081258191349942,10.957324106113033,-11.008325624421824,-36.253012175302736,113.40366602329019,2.4034656402444443,2.662823961954994
BSRMSTEEL,BSRM Steels Limited,84.7,-1.0514018691588685,-2.643678160919537,-10.180275715800631,7.215189873417724,21.000000000000004,33.38582677165355,26.417910447761198,20.827389443651942,-8.206896648491247,50.50538484820487,3.2465716889509832,2.758964328879278
BXPHARMA,Beximco Pharmaceuticals Plc,147.2,-1.0087424344317417,-2.5810721376571846,0.3408316291751875,11.93916349809885,24.745762711864398,42.912621359223294,19.09385113268608,-36.769759450171826,99.65474702870061,234.9283315213968,2.0576919146319868,2.250645835144867
CAPITECGBF,CAPITEC GRAMEEN BDT10 (MUTUAL FUND) Units,8.5,2.4096385542168584,0.0,-16.66666666666666,11.8421052631579,28.787878787878793,25.000000000000004,11.8421052631579,-40.97222222222222,-40.97222222222222,-40.97222222222222,4.568199058286463,4.744023303115132
CAPMBDBLMF,CAPM BDBL Mutual Fund 01 Units,7.2,-8.860759493670887,-5.2631578947368345,-29.411764705882344,-28.0,-33.333333333333336,-28.71287128712871,-39.49579831932773,-40.983606557377044,-33.333333333333336,-33.333333333333336,8.090607544610037,6.690843608005435
CAPMIBBLMF,CAPM IBBL Islamic Mutual Fund Units,13.5,2.2727272727272783,3.8461538461538463,3.8461538461538463,39.17525773195877,75.32467532467533,80.0,43.617021276595736,-28.94736842105263,35.0,35.0,6.736939329653119,5.71014872996364
CENTRALINS,Central Insurance PLC,42.4,2.4154589371980677,-2.9748283752860507,-11.66666666666667,-2.752293577981658,5.735660847880292,4.176904176904166,-2.9748283752860507,-27.27272727272727,226.31136468185784,61.04482472996245,3.988720231141296,3.955321928076033
CENTRALPHL,Central Pharmaceuticals Ltd.,9.3,-2.1052631578947296,-6.999999999999993,-13.888888888888888,-3.124999999999989,4.494382022471914,5.681818181818182,-10.576923076923073,-46.551724137931025,-25.217405005050633,-72.82400506758317,5.513598603360179,4.46211957401658
CITYBANK,City Bank PLC,30.0,0.0,0.0,-4.458598726114645,-1.9607843137254948,8.832807260272268,41.39344218544241,31.679388941058225,66.07142626422197,145.51207245956888,195.50616854647038,1.4217741369987682,1.4022765136070374
CITYGENINS,City Insurance PLC,128.4,-0.07782101167314733,1.102362204724414,2.7200000000000046,20.90395480225989,29.696969696969703,48.09688581314879,96.63093415007658,164.74226804123714,1113.7812473258884,435.58529698528827,1.0333901927205837,1.1946233825721544
CLICL,Chartered Life Insurance PLC,41.9,0.9638554216867437,-5.842696629213486,-15.863453815261042,-24.640287769784177,-29.342327150084316,-24.910394265232974,-27.882960413080898,280.90909090909093,280.90909090909093,280.90909090909093,4.898595669513378,4.364240292585235
CNATEX,C & A Textiles Ltd,2.9,0.0,-3.333333333333336,-14.705882352941178,-14.705882352941178,-29.268292682926823,20.833333333333336,-3.333333333333336,-63.74999999999999,-60.61728398465173,-83.06729854199035,7.068965517241386,6.986527913896043
CONFIDCEM,Confidence Cement PLC,59.5,0.5067567567567519,-4.032258064516129,-10.120845921450154,-7.320872274143306,-7.03125,20.44534412955466,-7.03125,-58.429182303093945,30.956495910471176,10.956330676561318,4.404957424666922,3.1868911756168137
CONTININS,Continental Insurance PLC,31.8,0.632911392405061,-6.470588235294116,-15.199999999999998,-3.927492447129911,33.05439330543934,31.404958677685958,13.978494623655923,-38.394833794326566,151.24514546085385,38.49888676685365,4.689868581184497,4.459100832494652
COPPERTECH,Coppertech Industries Ltd,22.5,2.7397260273972672,-3.0172413793103416,-13.793103448275867,-20.494699646643113,18.42105263157895,19.047619047619055,-3.433476394849788,-43.749999859374995,-13.178124343539801,-13.178124343539801,5.495882681471762,4.538453438771868
CROWNCEMNT,Crown Cement PLC,59.9,-1.1551155115511598,0.8417508417508418,-13.188405797101451,8.711433756805802,21.995926680244395,27.991452991453,-7.846153846153848,-29.44640753828034,-23.98477157360406,-25.866336633663366,4.569018989567694,5.7338136159300115
CRYSTALINS,Crystal Insurance Company Ltd,60.6,2.5380710659898478,-2.88461538461538,-13.675213675213676,-16.758241758241752,-20.576671035386628,5.391304347826089,4.3029259896729775,7.170417903051047,344.3999995556,344.3999995556,4.615232767292351,4.509082881517064
CVOPRL,CVO Petrochemical Refinery PLC,156.5,3.3003300330033,0.44929396662386945,-11.781285231116124,-6.734207389749709,0.7726980038634826,6.101694915254237,-6.845238095238095,-29.591002116982615,-27.739506477475476,30.649553033374055,4.794640562656468,3.2404546317218363
DACCADYE,Dacca Dyeing and Manufacturing Company Limited,16.2,0.621118012422347,1.2499999999999956,-3.5714285714285796,-5.813953488372094,-6.358381502890182,-16.49484536082474,-22.48803827751196,-38.63636363636363,76.08695652173914,-42.33009714710151,5.470875235824284,4.5273767787840615
DAFODILCOM,Daffodil Computers PLC.,166.6,-0.8333333333333368,-1.1862396204033214,0.7255139056831854,4.1249999999999964,147.91666666666666,361.4958448753462,189.23611111111111,152.0423600605144,640.4444444444445,961.1464968152867,3.1433125467055127,3.0020057007304795
DBH,DBH Finance PLC,40.2,0.751879699248131,-1.951219512195115,-9.459459459459449,-1.2285012285012284,7.774798927613957,14.857142857142863,3.608247422680427,-52.201051736429434,-41.17333452613129,17.2215755848551,3.03551463183137,3.05733020674453
DBH1STMF,DBH First Mutual Fund Units,5.5,3.7735849056603805,0.0,1.8518518518518452,17.021276595744677,22.22222222222222,-15.384615384615385,0.0,-33.73493975903615,-11.290322580645164,-25.675675675675677,6.8602470822226636,5.393956844301492
DELTALIFE,Delta Life Insurance Company Ltd.,71.8,2.1337126600284497,-2.0463847203274215,-7.948717948717952,-11.138613861386139,1.1267605633802777,5.899705014749263,-12.332112332112342,-57.76470588235294,-26.734693877551024,-97.86720847888596,4.108525504821349,3.135283301663375
DELTASPINN,Delta Spinners Limited,7.0,0.0,-1.4084507042253471,-7.894736842105259,1.4492753623188352,12.90322580645161,40.0,20.689655172413797,-40.17094017094017,7.215189706487745,-55.321141869908594,5.000752539821897,5.16281876537884
DESCO,Dhaka Electric Supply Co. Ltd.,22.1,0.454545454545461,-2.6431718061673917,-11.952191235059761,-7.142857142857141,-2.2123893805309733,7.804878048780495,-9.053497942386828,-46.09756097560975,-59.14972273567467,-66.7550142435351,2.871906404652578,4.118519007106379
DESHBANDHU,Deshbandhu Polymer Limited,17.1,0.5882352941176554,-3.932584269662917,-17.788461538461537,-21.91780821917807,4.268292682926847,0.5882352941176554,-27.234042553191486,-31.87250996015936,64.99999989868422,-21.026638660151093,6.99008888571821,4.496679323591277
DGIC,Desh General Insurance Company Ltd,30.2,1.342281879194626,-0.657894736842103,-10.650887573964491,3.780068728522329,48.768472906403936,53.299492385786806,30.735930735930726,-36.1522198731501,101.33333333333333,101.33333333333333,3.1971080947741464,4.571093134218021
DHAKABANK,Dhaka Bank PLC,11.6,-0.8547008547008517,-1.6949152542372972,-5.691056910569115,-3.333333333333336,-10.769230769230772,2.6548672566371585,-0.8547008547008517,-8.403108029099608,7.5522476209368605,-9.423799272632351,1.8995758530991003,1.7330764184943186
DHAKAINS,Dhaka Insurance Limited,43.1,1.8912529550827526,-4.434589800443459,-12.04081632653061,-2.7088036117381393,14.627659574468085,19.722222222222225,9.113924050632914,-47.4390243902439,164.41717791411043,-9.574509876261956,4.91874257422746,3.8802871986272263
DOMINAGE,Dominage Steel Building Systems Ltd,61.3,-1.288244766505643,-2.5437201907790166,-9.453471196454956,-17.162162162162165,57.17948717948717,112.11072664359862,229.56989247311827,37.2388062978837,363.4279992121724,363.4279992121724,3.142245820175285,3.9381819774845126
DOREENPWR,Doreen Power Generations & Systems Ltd.,30.6,2.341137123745829,-3.773584905660375,-10.526315789473687,-2.8571428571428528,14.606741573033716,8.51063829787235,-0.32573289902279434,-53.97525150244873,-5.487065736768654,-23.024465779026,5.738285594069506,3.9288249256841485
DSHGARME,Desh Garments Limited.,159.9,1.8471337579617872,0.8196721311475482,-17.492260061919506,12.447257383966258,47.23756906077349,37.371134020618555,19.59611069558715,-38.32748954226269,52.42860377681367,1467.363693297461,5.515300244358683,5.813200388890497
DSSL,Dragon Sweater & Spinning Ltd.,10.9,0.9259259259259226,-5.217391304347823,-12.799999999999997,-2.678571428571419,22.47191011235955,28.23529411764706,0.0,-39.91374970467607,105.67169977959334,20.026319899983935,4.932956246128525,5.421519434198383
DULAMIACOT,Dulamia Cotton Spinning Mills Limited,188.4,2.5585193249864004,1.8929150892374256,-9.813307802776448,4.088397790055252,47.18750000000001,39.555555555555564,40.59701492537314,175.03649635036496,2516.6666666666665,1947.826086956522,6.817637828558723,6.299007411389283
DUTCHBANGL,Dutch-Bangla Bank PLC,47.0,1.9522776572668081,8.29493087557604,-3.2921810699588505,9.04872389791183,17.78042987396547,27.84974125226684,16.117647334773707,-9.016155109695491,122.92846730108981,105.63229300631183,2.9909250754569086,2.6953250801153925
EASTERNINS,Eastern Insurance PLC,58.9,3.3333333333333304,0.1700680272108868,-13.126843657817108,-0.5067567567567639,16.403162055335965,17.564870259481033,14.591439688715953,-49.44206008583691,160.61946902654864,61.36986301369863,3.8877827906344695,4.287402137815761
EASTLAND,Eastland Insurance PLC,27.7,1.46520146520146,-2.8070175438596516,-10.355987055016179,4.9242424242424265,35.12195121951219,48.12834224598931,27.06422018348623,-35.58139534883721,95.08414203357458,-22.03007318148399,3.5404948711475948,3.5484401795960574
EASTRNLUB,Eastern Lubricants Blenders PLC,1979.3,-0.19665187575635795,-2.7371007371007394,-5.251316419339399,7.629146275149536,23.32855629634244,19.16315472606863,19.812348069219134,42.19764010018672,234.57560057606338,1546.5301742720853,2.125110930798112,2.8126773030396857
EBL,Eastern Bank PLC,22.9,0.0,-3.7815126050420256,-4.979253112033207,-7.287449392712553,-11.32706798352848,-3.3319675871091117,-7.137795634243407,-12.089101253775413,65.28862973720109,73.23922151710413,3.2883880242324848,1.936900758881943
EBL1STMF,EBL First Mutual Fund Units,4.3,2.3809523809523725,2.3809523809523725,-4.444444444444448,13.157894736842106,19.444444444444436,38.709677419354826,2.3809523809523725,-56.56565656565656,8.68936104906647,-37.28498000430036,6.9696969696969635,5.9139568711134824
EBLNRBMF,EBL NRB Mutual Fund,3.5,2.941176470588238,0.0,-5.40540540540541,9.374999999999995,25.000000000000007,52.17391304347827,6.060606060606066,-51.388888888888886,-12.351064079493455,-49.05551679133223,4.705882352941181,5.375588034256767
ECABLES,Eastern Cables Ltd.,124.5,1.4669926650366725,-5.610310841546631,-13.48158443363447,-0.16038492381716346,10.666666666666666,11.061552185548623,-8.455882352941176,-20.345489443378124,-12.313737079769345,200.08964082511685,6.219469213188833,4.784550840665191
EGEN,eGeneration PLC,22.8,1.3333333333333366,-4.201680672268908,-15.241635687732334,-15.555555555555554,9.090909090909102,15.15151515151515,-17.09090909090909,-63.22580645161291,52.00000000000001,52.00000000000001,5.634097526832417,3.9091998544513498
EHL,Eastern Housing Ltd.,84.8,2.2919179734619917,-2.640642939150399,-7.92616720955483,-3.745743473325763,10.704960835509143,15.84699453551912,-3.1963470319634673,48.7719298245614,153.67521427145883,116.91879456630686,4.3686600678583645,3.329859545659534
EIL,Express Insurance Ltd.,31.0,1.639344262295082,-1.8987341772151942,-10.40462427745665,1.9736842105263206,16.10486891385768,9.9290780141844,-8.011869436201788,-17.771883289124673,106.66666666666667,106.66666666666667,4.017504374563227,3.98510846165587
EMERALDOIL,Emerald Oil Industries Ltd.,27.1,-0.73260073260073,-6.551724137931029,-6.228373702422136,17.826086956521745,55.74712643678163,88.19444444444444,46.48648648648649,-35.62945368171021,-23.170103173969732,-36.9403847451419,7.192998796403754,5.340675495748227
ENVOYTEX,Envoy Textiles Ltd.,70.1,0.7183908045977012,0.0,20.65404475043028,34.29118773946358,38.53754940711461,44.536082474226795,28.623853211009166,66.9047619047619,109.56480395840686,56.44678902620141,5.815388645643896,5.88540279220836
EPGL,Energypac Power Generation PLC,16.7,1.2121212121212077,-4.022988505747123,-14.79591836734695,-18.932038834951467,-1.7647058823529453,7.051282051282049,-20.095693779904305,-67.94625719769674,-64.08602150537635,-64.08602150537635,3.5647997633071693,3.6319273269039494
ESQUIRENIT,Esquire Knit Composite PLC,23.6,2.6086956521739193,-4.4534412955465505,-7.450980392156858,-4.0650406504065035,14.563106796116504,14.563106796116504,-14.181818181818178,-37.400530503978786,-50.10570824524312,-50.10570824524312,5.2583770605225055,4.200382625514185
ETL,Evince Textiles Ltd.,13.8,0.7299270072992805,1.4705882352941255,0.0,3.7593984962406015,45.26315789473685,38.00000000000001,30.18867924528303,18.96551724137932,35.73858125521426,5.726030650481943,3.7778785788361735,5.064385893301383
EXIM1STMF,EXIM Bank 1st Mutual Fund 2013- Units,7.4,7.246376811594203,7.246376811594202,5.71428571428572,100.0,155.17241379310346,164.2857142857143,80.4878048780488,-6.329113924050633,38.63437537842852,-5.0799207441966026,8.249299719887958,6.620061080988725
FAMILYTEX,Familytex (BD) Ltd.,2.3,-4.1666666666666705,-4.1666666666666705,-17.857142857142858,-17.857142857142858,-47.727272727272734,76.9230769230769,14.999999999999991,-61.01694915254238,-67.53003022213024,-92.97651973839928,7.114624505928853,7.632303575877185
FARCHEM,FAR Chemicals Industries Ltd,15.6,3.9999999999999973,2.6315789473684235,-20.81218274111675,-18.749999999999996,8.333333333333329,7.586206896551722,-29.411764705882362,2.6315789473684235,-8.057859686329957,-30.787999916945598,5.779983554185999,7.362819377973408
FAREASTLIF,Fareast Islami Life Insurance Company Limited,17.0,-2.857142857142857,-8.602150537634415,-20.930232558139537,-27.659574468085108,-25.76419213973799,-18.26923076923077,-42.3728813559322,-75.03671071953009,-66.44736828419322,-78.38150282519295,7.243653522589815,6.134342571422326
FBFIF,First Bangladesh Fixed Income Fund Units,3.5,2.941176470588238,2.941176470588238,-2.7777777777777803,9.374999999999995,20.689655172413797,34.615384615384606,6.060606060606066,-43.54838709677419,-33.55645178072677,-53.336565802747046,5.329768270944748,5.590193493665414
FEDERALINS,Federal Insurance PLC,27.3,1.8656716417910446,-4.210526315789471,-13.333333333333332,-2.4999999999999973,37.18592964824122,42.18750000000001,20.264317180616747,-30.710659898477154,207.25297178450717,41.42706926217638,4.665441095443024,4.132258715886647
FEKDIL,Far East Knitting & Dyeing Industries PLC.,22.9,5.529953917050688,2.690582959641246,-4.184100418410042,33.918128654970744,62.41134751773049,61.26760563380281,18.04123711340206,36.309523809523796,26.399220954242928,-3.742131852959291,5.0777646795953455,5.995194684778399
FINEFOODS,Fine Foods Limited,441.6,-0.24847526541675308,-1.075268817204291,2.6976744186046564,-19.709090909090907,-5.032258064516125,16.1493950552341,46.031746031746046,688.5714285714286,5486.168289072854,2765.041559471498,3.6879623338866856,3.534893271811053
FIRSTFIN,First Finance Ltd.,4.4,-2.2222222222222143,-4.347826086956506,-19.999999999999996,2.32558139534885,-26.66666666666666,76.00000000000001,57.14285714285717,-46.341463414634134,-29.665671668770024,-87.08088770512603,7.033121916842838,8.730112022936979
FORTUNE,Fortune Shoes Ltd.,15.5,0.0,-8.284023668639046,-13.407821229050272,-3.125,8.391608391608386,11.510791366906473,-3.72670807453417,-75.8633473355376,-40.93900121746819,-40.93900121746819,6.179460360183646,4.790649338113426
FUWANGCER,Fu-Wang Ceramic Industry Ltd.,12.7,0.7936507936507908,-7.299270072992701,-21.60493827160494,-20.12578616352202,9.482758620689653,10.434782608695645,-11.188811188811199,-44.78260869565217,12.691332968589041,-16.618520537172227,5.56133061368387,4.828319290181602
FUWANGFOOD,Fu-Wang Foods Limited,9.7,0.0,-1.0204081632653206,-18.487394957983202,-15.652173913043484,-7.619047619047626,-13.392857142857144,-37.01298701298702,-51.98019801980198,-3.6514928045008013,-41.77527484717397,3.631089974645662,4.829390865956417
GBBPOWER,GBB POWER Ltd.,14.0,-0.7092198581560258,7.6923076923076925,-14.634146341463408,59.09090909090907,60.91954022988507,118.75,89.18918918918918,-72.44094488188976,4.2553193707560055,-47.00626960913048,5.520326515000783,7.998748717685523
GEMINISEA,Gemini Sea Food PLC,106.5,-1.205936920222632,-5.249110320284703,-12.489728841413314,-10.050675675675679,-8.583690987124463,-22.092172640819307,-39.762443438914026,13.53925997173034,-18.579724250695318,501.07968133498247,4.333618475722535,3.93624794595845
GENEXIL,Genex Infosys PLC,35.0,4.1666666666666625,-3.047091412742386,-9.326424870466324,-6.666666666666667,32.075471698113205,30.111524163568777,34.61538461538461,-68.50890596953533,4.603384489367481,4.603384489367481,5.121291759590701,3.879327166572026
GENNEXT,Generation Next Fashions Ltd.,2.9,0.0,-3.333333333333336,-12.12121212121212,-12.12121212121212,-30.952380952380956,7.407407407407397,-14.705882352941178,-60.81081081081081,-47.62686574121208,-86.98274201157395,5.71428571428572,5.4766669972245134
GHAIL,Golden Harvest Agro Industries Ltd.,12.6,1.6129032258064457,-4.545454545454543,-14.285714285714285,-19.745222929936304,10.526315789473678,17.757009345794398,-11.888111888111895,-39.71291866028708,-13.105805685390312,-65.84478871515549,5.677280587113265,4.692900467943337
GHCL,Global Heavy Chemicals Ltd.,19.9,1.0152284263959355,-5.238095238095245,-10.360360360360364,-3.8647342995169116,0.5050505050504943,0.0,-16.033755274261605,-52.84360189573461,-49.10485933503837,-75.87878787878788,7.26885490311181,5.560348325412393
GLDNJMF,ICB AMCL CMSF GOLDEN JUBILEE MUTUAL FUND,8.5,2.4096385542168584,1.1904761904761862,-5.555555555555555,28.787878787878793,44.06779661016948,39.344262295081975,16.438356164383563,-22.727272727272727,-22.727272727272727,-22.727272727272727,5.6438342065474405,5.554806556908464
GLOBALINS,Global Insurance PLC,43.9,0.0,-4.565217391304351,-9.297520661157025,15.8311345646438,61.992619926199254,72.15686274509802,57.34767025089606,-23.916811091854427,372.8445172915098,85.34173084995219,3.699087026250831,4.306030419846564
GOLDENSON,Golden Son Limited,12.4,2.4793388429752126,-4.615384615384612,-20.51282051282051,-28.32369942196532,16.981132075471702,22.77227722772278,-6.766917293233084,-28.735632183908038,-45.37444933920705,-68.68686868686869,5.579194041806204,4.924776246427047
GP,Grameenphone Ltd.,240.1,0.0,-1.1934156378600846,-4.646544876886424,-4.532803180914515,-5.806198509219306,-7.653846153846156,-20.259050149452015,-36.6824894514768,-9.838527975966961,39.91841491841492,1.0014655596330249,1.16400241912312
GPHISPAT,GPH Ispat Limited,16.2,0.0,-0.6134969325153461,-10.989010989010989,-10.000000000000004,-1.219512195121947,0.621118012422347,-22.48803827751196,-66.76749996609361,-24.080932805506553,-13.49173026358161,5.011933898964982,3.9286852483704107
GQBALLPEN,G.Q. Ball Pen Industries Limited,581.6,0.6054315862307559,-3.0343447815938536,11.077158135981666,-6.344605475040254,10.151515151515156,29.908420817511736,20.289555325749745,336.9646882043576,705.5401662049861,328.743588457359,4.440801521344228,4.5317068985856706
GRAMEENS2,Grameen Mutual Fund One - Grameen Two Units,11.7,0.8620689655172384,-3.3057851239669453,-12.686567164179113,-7.874015748031496,-7.142857142857145,7.339449541284393,-10.687022900763361,-35.35911602209946,24.163265478430638,-36.10410966128139,2.57451782583285,2.5131120850461155
GREENDELMF,Green Delta Mutual Fund 2010 Units,4.5,4.651162790697678,-2.173913043478253,-6.2499999999999964,28.571428571428573,40.624999999999986,50.0,21.621621621621617,-44.44444444444444,-27.41935483870968,-37.5,6.864601525875541,6.762870437560198
GREENDELT,Green Delta Insurance PLC,63.5,2.2544283413848607,-1.7027863777089698,-12.774725274725272,-4.223227752639513,20.952380952380953,18.47014925373134,22.115384615384617,-43.45503116651825,67.75146267275275,21.808295104651933,3.766797665890574,4.237607334063818
GSPFINANCE,GSP Finance Company PLC,3.6,0.0,-2.702702702702705,-12.195121951219503,0.0,-40.983606557377044,125.0,20.000000000000004,-85.34090911783962,-61.81721658055805,-75.25061401834468,6.508276037687808,6.774921543829104
HAKKANIPUL,Hakkani Pulp & Paper Mills PLC,71.9,2.7142857142857224,1.8413597733711211,-10.124999999999993,-9.559748427672949,1.9858156028368874,6.203840472673564,-12.848484848484842,-14.4047619047619,43.80000000000001,286.55913978494624,5.824176238604001,3.9310467292418676
HAMI,Hami Industries PLC,155.9,2.8364116094986884,9.711470795214646,-3.1677018633540337,-0.5105296745373217,0.8408796895213528,44.88847583643124,23.828435266084192,-10.863350485991996,-10.863350485991996,-10.863350485991996,4.341927114399884,4.755331430363471
HEIDELBCEM,Heidelberg Materials Bangladesh PLC,209.9,-1.1304757418747082,-0.9438414346389806,-6.54496883348174,-6.294642857142855,-9.952809952809949,-4.111466423024212,-16.40780565511748,-41.20448179271709,-60.70760014975665,-20.49242424242424,3.1760936156192554,3.1980041181198815
HFL,Hamid Fabrics PLC,12.7,1.5999999999999945,-3.787878787878788,-21.11801242236026,-16.99346405228759,39.560439560439555,95.38461538461537,53.01204819277107,-39.23444976076555,-25.730994152046794,-77.81197997974606,8.021270199805603,6.508674661586648
HRTEX,H.R. Textile Mills Ltd.,16.7,-1.1834319526627177,-6.703910614525136,-18.932038834951467,-23.74429223744292,-22.32558139534884,-8.743169398907112,-33.992094861660085,-78.0787589723774,-17.623318455836635,-40.83282199133098,6.940744523545338,5.11866072219041
HWAWELLTEX,Hwa Well Textiles (BD)PLC,46.8,2.857142857142851,-6.024096385542169,-4.294478527607365,2.857142857142851,7.339449541284393,4.932735426008959,-2.7027027027027115,-0.4255319148936231,48.57142857142856,16.999999999999993,5.415617885415363,4.16480179076674
IBNSINA,BN SINA Pharmaceutical Industry PLC,314.8,0.6715701950751592,-0.03175611305175163,-1.6249999999999964,-1.006289308176097,-2.2056539297918505,-0.06349206349205988,-1.6249999999999964,15.18477863154043,64.04979499877204,425.536038600041,2.026363858404599,1.5372440658408566
IBP,Indo-Bangla Pharmaceuticals Ltd.,15.2,1.3333333333333286,-5.000000000000004,-16.483516483516485,-5.000000000000004,27.73109243697478,35.714285714285715,18.74999999999999,-24.367150027005533,-41.978864296587695,-41.978864296587695,5.333792924876338,5.0009249024824305
ICB,Investment Corporation of Bangladesh,39.3,0.0,-3.201970443349764,-11.685393258426972,-10.068649885583536,1.288659793814433,7.671232876712321,-26.951672862453535,-68.59938757423248,-48.01158895762314,-64.0693836986685,4.296614361836905,4.191608178790315
ICB3RDNRB,ICB AMCL Third NRB Mutual Fund 2010 Units,5.9,7.27272727272728,5.35714285714287,-1.6666666666666607,25.531914893617024,34.090909090909086,43.90243902439026,28.260869565217405,-16.901408450704217,37.20930232558141,-16.901408450704217,4.478952082400363,4.730852985749743
ICBAGRANI1,ICB AMCL First Agrani Bank Mutual Fund Units,7.8,3.9999999999999973,-1.2658227848101333,-9.302325581395348,14.705882352941178,19.999999999999996,21.87499999999999,6.8493150684931505,-17.021276595744688,-9.302325581395348,-9.302325581395348,5.497114836355338,4.140404409466699
ICBAMCL2ND,ICB AMCL Second Mutual Fund Units,7.8,6.8493150684931505,6.8493150684931505,-3.7037037037037015,25.80645161290322,39.28571428571429,39.28571428571429,29.999999999999996,-47.651006711409394,65.95744680851062,2.6315789473684235,6.976619476619474,5.803811107734974
ICBEPMF1S1,ICB Employees Provident Mutual Fund One Scheme One Units,6.1,1.6666666666666607,-1.6129032258064602,-3.1746031746031775,-3.1746031746031775,21.999999999999993,79.41176470588235,29.787234042553177,-20.779220779220786,12.96296296296295,-26.506024096385552,6.81175805539853,7.420111635317254
ICBIBANK,ICB Islamic Bank Limited,2.6,0.0,0.0,-3.703703703703707,-10.344827586206891,-23.52941176470588,8.333333333333341,8.333333333333341,-62.31884057971015,-33.33333333333333,-65.33333333333334,5.507692307692313,5.59753229226914
ICBSONALI1,ICB AMCL Sonali Bank Ltd 1st Mutual Fund 2013- Units,7.1,9.230769230769226,4.411764705882351,14.516129032258055,39.21568627450981,57.777777777777764,69.04761904761904,33.96226415094339,-17.441860465116278,24.561403508771917,-40.833333333333336,6.444460390355911,6.467429086536742
ICICL,Islami Commercial Insurance PLC.,35.4,0.8547008547008467,-5.093833780160854,-7.571801566579632,21.649484536082465,66.19718309859154,58.03571428571429,56.63716814159291,142.4657534246575,142.4657534246575,142.4657534246575,3.6107362810951953,3.6064339095183673
IDLC,IDLC Finance PLC.,42.5,1.1904761904761905,-2.2988505747126435,-7.2052401746724835,4.166666666666674,8.050847714018955,24.650838300453902,5.496454151356823,-32.1392236248357,8.985324295230813,-10.110646412763677,3.5558412970670608,2.6958992698708224
IFADAUTOS,IFAD Autos PLC,23.1,0.8733624454148596,-5.327868852459005,-7.228915662650591,-6.477732793522258,7.441860465116286,6.451612903225817,-10.116731517509718,-55.89567637216318,-52.43277617021074,31.404455709043706,4.184756056982455,3.8869919114614495
IFIC,IFIC Bank PLC,5.2,4.0000000000000036,13.043478260869579,8.333333333333341,4.0000000000000036,-11.864406779661019,10.638297872340425,-11.864406779661019,-63.948926344117965,-25.67313985104445,-51.05785039825648,7.286882684001754,4.50594797073423
IFIC1STMF,IFIC Bank 1st Mutual Fund Units,4.0,2.5641025641025665,-2.439024390243894,-6.976744186046508,11.111111111111109,37.931034482758626,60.0,21.212121212121218,-42.857142857142854,2.666666827511111,-38.02439025641093,5.590994371482177,6.365510175111747
IFILISLMF1,IFIL Islamic Mutual Fund - 1 Units,5.7,9.615384615384615,5.555555555555552,3.63636363636364,32.55813953488373,42.50000000000001,67.64705882352942,32.55813953488373,-16.17647058823529,-9.523809523809518,-9.523809523809518,4.2716717245019105,3.5368161866497068
INDEXAGRO,Index Agro Industries Ltd,67.0,1.5151515151515151,-2.046783625731002,-15.189873417721518,-6.81502086230877,3.076923076923077,0.14947683109117235,-15.240963643524102,-45.380434646059776,-6.199999765500006,-6.199999765500006,4.11820475674454,3.895804664718702
INTECH,Intech Ltd.,24.3,2.966101694915251,2.531645569620259,-8.988764044943816,-33.967391304347814,-40.14778325123152,-23.343848580441637,-35.026737967914436,-40.73170731707317,137.36239994227347,99.450349637612,5.9104178042294615,5.289751579360207
INTRACO,Intraco Refueling Station PLC,22.5,0.0,-0.8810572687224638,0.0,8.695652173913047,22.282608695652183,9.75609756097561,-16.044776119402986,-3.1872514094950892,-51.6094827759178,-51.6094827759178,2.521397852280205,2.3023381072587896
IPDC,IPDC Finance PLC,32.6,0.3076923076923121,1.8750000000000044,-4.956268221574332,12.802768166089976,76.44329941018043,79.21466008463997,51.460177369800896,-7.540490093345691,129.81532688889797,523.6597401530111,4.382776338791977,4.396502569001663
ISLAMIBANK,Islami Bank Bangladesh PLC,26.9,0.7490636704119823,-1.4652014652014729,-8.19112627986349,-20.414201183431953,-36.406619385342786,-18.484848484848488,-38.86363636363637,-10.333333333333337,-10.333333333333337,-31.186046580441865,3.862937485905383,2.9701661211401826
ISLAMICFIN,Islamic Finance & Investment PLC,10.9,-0.909090909090906,-3.5398230088495604,-9.166666666666664,-2.678571428571419,-6.034482758620683,14.736842105263161,45.33333333333334,-68.49710982658961,-13.400993158564841,-40.23093989471919,3.017793354300192,3.3249440826676584
ISLAMIINS,Islami Insurance Bangladesh Limited,60.5,1.1705685618729145,0.0,-6.923076923076923,0.8333333333333334,62.19839142091155,61.333333333333336,48.28431372549021,-15.266106442577035,407.6007089790827,221.24111919501144,4.053247115244653,3.926150146968157
ISNLTD,Information Services Network Ltd.,51.8,9.978768577494684,13.596491228070166,-16.0453808752026,-17.515923566878982,-35.00627352572146,-33.92857142857144,-52.477064220183486,11.397849462365587,348.9333340516267,242.82181954063915,7.920423256456907,5.662506785740466
ITC,IT Consultants PLC,44.6,1.3636363636363669,-3.0434782608695623,-5.106382978723401,3.720930232558143,15.844155844155846,15.844155844155846,3.480278422273782,3.2407407407407374,32.72853755881225,51.81182516897229,3.571517102706512,2.9238185923274416
JAMUNABANK,Jamuna Bank PLC,23.5,0.8583690987124433,0.42735042735043344,-3.688524590163929,-2.0833333333333335,-1.6736401673640109,11.374407582938382,8.796296296296289,26.99568243321305,187.55886412545345,100.81869131710918,2.4684600498471223,1.704034866960359
JAMUNAOIL,JAMUNA OIL PLC,177.8,0.8508224617129893,1.0227272727272791,-1.767955801104966,0.508762012436408,1.8327605956472035,5.082742316784884,-5.776364599894,-3.943814154511066,-5.173333333333328,10.747451755122947,0.9946916585954456,1.0889262300862355
JANATAINS,Janata Insurance PLC,31.9,1.5923566878980893,-1.5432098765432098,-11.634349030470922,-8.857142857142861,27.599999999999994,31.275720164609044,19.029850746268647,-37.34748176120922,263.2940162275351,-82.93915409433679,6.9679555865639085,4.614897062675494
JHRML,JMI Hospital Requisite Manufacturing Ltd,43.4,1.1655011655011656,-4.194260485651212,-16.69865642994242,-14.229249011857712,-0.9132420091324169,2.843601895734587,-23.85964912280702,97.27272727272727,97.27272727272727,97.27272727272727,5.163584841494405,3.683689358171189
JMISMDL,JMI Syringes & Medical Devices Ltd.,132.6,-0.15060240963856705,1.9999999999999956,-6.6197183098591585,4.4094488188976335,10.592160133444526,12.372881355932199,-11.600000000000003,-56.01560989684761,13.063322522209898,282.878979688618,4.347945975118881,4.309468338540784
JUTESPINN,Jute Spinners Limited,207.8,-0.2400384061449832,-2.0273455917020193,-6.816143497757842,1.1684518013631966,-8.819657744624834,6.454918032786897,-5.588368923216712,23.690476190476197,269.7508896797153,212.48120300751881,1.6059342564943977,3.5661410106561644
KARNAPHULI,Karnaphuli Insurance PLC,53.5,0.9433962264150944,-6.140350877192983,-7.758620689655173,44.204851752021554,80.13468013468014,87.71929824561404,69.30379746835443,18.362831858407073,426.64062752622925,95.99031000608295,4.011032340051699,4.703608945285261
KAY&QUE,Kay and Que (Bangladesh) Ltd.,387.0,1.601470202152802,6.085526315789471,-8.293838862559241,-10.416666666666666,-14.114513981358192,2.5437201907790206,11.020297276124479,31.842462177808628,1489.1224429169508,1848.4022995416503,4.868438644114516,3.7691692203992315
KBPPWBIL,Khan Brothers PP Woven Bag Industries Ltd,34.4,9.554140127388536,14.285714285714276,-11.794871794871797,-27.426160337552744,-31.337325349301402,-28.33333333333334,-77.2787318361955,137.24137931034483,77.97627117188584,2.7718294656161504,7.423764472999306,5.274334576837291
KDSALTD,KDS Accessories Ltd.,45.1,1.8058690744921093,-0.22123893805310046,-9.619238476953903,-7.581967213114745,14.467005076142138,9.732360097323602,-11.045364891518739,-27.9223742547893,-14.59306922199981,-13.568186146680432,3.720086779205659,3.2676836683117525
KEYACOSMET,Keya Cosmetic Ltd.,5.3,1.9230769230769162,5.9999999999999964,-3.63636363636364,3.9215686274509842,0.0,17.777777777777775,8.163265306122437,-37.64705882352941,-28.0308925628394,-66.09240696732275,4.825130052020804,5.410078499280575
KOHINOOR,Kohinoor Chemical Company (Bangladesh) PLC,526.6,0.3047619047619091,-0.30291556228701677,-4.928687488716367,3.927373199131643,2.0542635658914774,5.341068213642738,2.742107027044999,48.51335259113029,302.89241372582717,1040.0048713278418,2.100924069209599,2.1651166933555643
KPCL,Khulna Power Company Ltd.,10.6,0.0,-0.9345794392523332,-11.66666666666667,-2.752293577981658,-2.752293577981658,0.952380952380949,-7.826086956521742,-77.44680851063829,-81.31410258147088,-75.46492982367894,3.8482698531242163,4.378775284660588
KPPL,Khulna Printing & Packaging Ltd,13.4,0.7518796992481176,4.687499999999997,-10.666666666666664,-15.18987341772152,-18.292682926829258,-16.249999999999996,-16.770186335403732,-12.987012987012987,48.88888888888889,-61.108179459545674,5.337547459231206,4.648760054511089
KTL,Kattali Textile Ltd.,12.7,0.0,0.7936507936507908,7.627118644067784,18.69158878504673,32.291666666666664,9.482758620689653,-4.511278195488733,-53.649635036496356,-33.61456042028888,-33.61456042028888,4.892103714201061,5.198230118454287
LANKABAFIN,LankaBangla Finance PLC,14.5,0.694444444444442,-3.3333333333333335,-16.66666666666666,-13.690476190476193,-8.227848101265826,17.88617886178861,-15.697674418604649,-67.26862302483069,-20.767455042219055,-49.3597380376315,3.095844862027061,3.380423798012717
LEGACYFOOT,Legacy Footwear Ltd.,69.9,1.4513788098693758,-2.916666666666659,-3.051317614424395,1.4513788098693758,28.492647058823543,28.96678966789668,3.2496307237813924,-9.92268041237112,186.16019300742747,346.3686291299846,3.6723599593143152,3.301896859614287
LHB,LafargeHolcim Bangladesh PLC,52.5,3.1434184675834995,0.9615384615384616,-8.056042031523644,-3.669724770642202,-1.8691588785046729,11.46496815286624,-4.891304347826092,-32.69230769230769,-33.29097839898348,622.3529928038687,2.7764023711694166,2.5488622264486676
LIBRAINFU,Libra Infusions Ltd.,574.0,1.3776050865418499,-0.7950224680262742,-7.419354838709677,-11.145510835913313,-11.827956989247312,-9.748427672955975,-26.720285969615727,-14.752475673762376,57.71637902033678,387.3584900602883,2.7701813648143627,2.994958554288309
LINDEBD,Linde Bangladesh Limited,678.6,0.6824925816023772,-0.52770448548813,-5.749999999999997,-2.9323415820340437,-15.047571357035546,-10.592885375494069,-26.637837837837832,-58.25541338582676,-51.94050991501416,31.63918525703201,2.116267203931559,1.3149499141373029
LOVELLO,Taufika Foods and Lovello Ice-cream PLC,50.3,9.825327510917031,8.639308855291578,-25.481481481481485,-29.453015427769987,-28.753541076487252,-26.246334310850447,-45.830769098262955,63.65211292061252,287.31000050737606,287.31000050737606,6.089858810363726,6.53325363567697
LRBDL,Lub-rref (Bangladesh) Ltd,14.2,2.158273381294956,1.4285714285714235,-8.974358974358976,19.327731092436963,33.96226415094339,43.43434343434342,-2.739726027397263,-72.31968810916179,-64.93827160493827,-64.93827160493827,8.704415116921625,5.01794962464231
LRGLOBMF1,LR Global Bangladesh Mutual Fund One Units,4.3,4.87804878048781,0.0,-4.444444444444448,30.303030303030305,34.374999999999986,53.57142857142858,19.444444444444436,-52.22222222222222,-31.746031746031747,-53.26086956521739,5.284552845528457,5.8962253503321165
MAGURAPLEX,Magura Multiplex PLC,82.8,1.719901719901709,0.6075334143377886,-7.070707070707068,-5.909090909090912,0.852618757612671,-1.3110846245530494,-24.59016393442623,-61.45517258339034,363.33678550015736,363.33678550015736,3.5698498041077675,3.3105750033585015
MAKSONSPIN,Maksons Spinning Mills PLC,5.9,1.7241379310344922,-1.6666666666666607,-10.606060606060597,-3.2786885245901525,-7.8125,25.531914893617024,-20.27027027027027,-79.37062937062939,-10.217391148204156,-63.45646050088344,5.614899317258665,5.176745222121953
MALEKSPIN,Malek Spinning Mills PLC,48.6,3.404255319148939,1.2500000000000029,-3.379721669980111,55.76923076923078,74.82014388489209,68.16608996539793,47.72036474164135,37.67705382436262,187.57396449704146,94.4,4.233441977580777,5.415061811970434
MARICO,Marico Bangladesh Limited.,2651.1,-0.10174089984174665,-1.4460966542750964,-2.8901098901098936,-4.119349005424958,-4.917150850010756,-0.0753835136255701,-7.465968586387437,10.23284823284823,115.53658536585365,606.0186418109188,1.2418869701159945,0.912735744871437
MATINSPINN,Matin Spinning PLC,63.9,-0.15625000000000222,-5.192878338278941,0.0,22.17973231357553,37.71551724137931,37.41935483870967,22.17973231357553,5.445544554455441,63.42710997442454,41.99999999999999,3.2955946195664803,3.9780535814454225
MBL1STMF,MBL 1st Mutual Fund 2010- Units,9.6,9.09090909090908,2.1276595744680775,12.941176470588232,146.15384615384613,140.0,182.35294117647055,118.18181818181814,14.285714285714276,52.38095238095238,39.13043478260869,8.508859357696569,6.103696644920047
MEGCONMILK,Meghna Condensed Milk Industries Ltd.,33.6,1.8181818181818226,-2.0408163265306,-3.1700288184438077,-16.62531017369726,-3.999999999999996,133.33333333333334,81.62162162162163,41.1764705882353,373.23943661971833,253.68421052631578,8.751470622632297,6.626399762149323
MEGHNACEM,Meghna Cement Mills PLC,28.9,0.6968641114982554,-5.863192182410425,-6.168831168831176,-9.687500000000004,-14.749262536873157,-1.3651877133105874,-43.44422700587085,-64.67226742360309,-63.83868864632519,-60.874646730805466,7.589377485802164,5.620059756881765
MEGHNAINS,Meghna Insurance PLC,34.6,2.06489675516225,-3.888888888888885,-15.609756097560973,-0.8595988538681867,25.818181818181824,23.131672597864767,29.1044776119403,214.54545454545453,214.54545454545453,214.54545454545453,4.52493692131896,4.624955688830991
MEGHNALIFE,Meghna Life Insurance PLC,51.4,0.9823182711198428,-6.032906764168198,-14.190317195325543,-16.42276422764228,-2.281368821292781,1.1811023622047272,-18.412698412698415,-46.35231044388758,37.923333131045766,-21.08001520149378,7.952535987550102,4.997640972929422
MEGHNAPET,Meghna Pet Industries Ltd.,73.2,3.0985915492957785,15.822784810126581,-13.780918727915196,-3.5573122529644303,155.94405594405595,235.7798165137615,181.53846153846155,143.1893687707641,1140.677966101695,1043.75,8.471541242751085,7.446544635829015
MERCANBANK,Mercantile Bank PLC,6.8,1.4925373134328304,-1.4492753623188481,-5.555555555555561,-8.108108108108116,-25.274725274725274,-8.108108108108116,-28.42105263157895,-57.1851853168011,5.1855534262871394,-34.275637119867916,3.0537522179313235,3.0747809036192044
MERCINS,Mercantile Islami Insurance PLC,49.3,2.070393374741201,10.290827740492157,11.036036036036034,24.810126582278475,102.88065843621396,93.33333333333331,90.34749034749035,-10.036496350364963,291.26984126984127,78.69255718021284,6.128697928964629,5.330644966401902
METROSPIN,Metro Spinning Ltd.,9.9,2.0618556701031037,-1.9801980198019733,-4.8076923076923075,4.210526315789477,-2.941176470588225,16.47058823529412,-17.499999999999996,-65.34999991337499,35.934615296257896,-34.12399397049826,5.496744391865042,5.442990912218653
MHSML,Mozaffar Hossain Spinning Mills Ltd.,21.0,0.9615384615384581,3.960396039603964,-3.669724770642205,-10.638297872340425,20.0,55.55555555555556,16.666666666666668,-4.109589041095885,31.197500254293562,-15.131617304846388,6.14725286610426,5.096049771622087
MIDASFIN,MIDAS Financing PLC,4.7,0.0,-9.615384615384615,-20.33898305084746,-25.396825396825392,-34.72222222222222,4.444444444444448,-25.396825396825392,-78.02314815445632,-66.92235468324813,-80.89553800457719,4.6908726487819985,4.423591492347913
MIDLANDBNK,Midland Bank PLC,16.7,1.8292682926829311,-1.1834319526627177,-9.239130434782606,0.6024096385542039,3.726708074534148,-2.33918128654972,-21.596244131455403,91.12222151507,91.12222151507,91.12222151507,3.716815489421513,2.858586984670663
MIRACLEIND,Miracle Industries Limited,27.0,0.0,-2.173913043478266,-10.0,-4.929577464788728,-10.891089108910892,-15.094339622641511,-20.82111436950147,-33.00248138957816,18.797245942454865,192.95586451939656,3.127384208456392,3.441155489404016
MIRAKHTER,Mir Akhter Hossain Ltd,34.7,8.437500000000009,3.8922155688622886,-10.103626943005178,-18.160377358490557,26.18181818181819,25.72463768115942,2.9673590504451037,-63.08510638297872,-57.160493827160494,-57.160493827160494,6.359862759763206,4.508918074023715
MITHUNKNIT,Mithun Knitting & Dyeing (CEPZ) Ltd.,13.5,1.5037593984962352,-2.8776978417266212,-19.642857142857146,-14.012738853503182,-24.15730337078652,-7.534246575342464,-23.29545454545455,-37.2093023255814,-78.2550334718184,-74.1418824272993,5.152776110992268,5.608494764177771
MJLBD,MJL Bangladesh PLC,91.1,0.44101433296581194,0.9977827050997687,-2.0430107526881782,0.10989010989010364,-0.32822757111598616,1.2222222222222159,-9.801980198019807,-10.334645669291339,-16.018437019553588,60.057638656694145,1.5402934396516337,1.532776814331738
MLDYEING,M.L. Dyeing & Textile Ind. PLC,11.6,4.504504504504505,-4.132231404958678,-22.66666666666667,1.7543859649122744,28.888888888888882,38.09523809523809,22.105263157894733,-61.46179401993355,68.08400070965064,68.08400070965064,7.815905571971766,7.478583167963471
MONNOAGML,Monno Agro & General Machinery Ltd.,311.5,2.265265922521332,-1.0168414362885252,-9.997110661658485,-10.256410256410263,-13.71191135734072,-15.696887686062245,-18.284365162644278,-22.777155311723995,715.8809847068392,2404.897760651879,6.0858300947301665,4.147745848455474
MONNOCERA,Monno Ceramic Industries Limited.,84.8,5.603985056039851,4.049079754601223,-7.322404371584702,-13.203684749232348,3.288672350791721,3.6674816625916873,-9.012875536480692,-52.783964365256125,219.84105360042378,395.16133482079795,4.421949408579471,3.4491187939405386
MONNOFABR,Monno Fabrics Ltd.,19.4,2.1052631578947296,-7.177033492822967,-14.159292035398241,-16.37931034482759,-13.004484304932745,-9.345794392523365,-8.92018779342724,-17.796610169491537,-17.796610169491537,-17.796610169491537,5.49708266013383,4.778260060984969
MONOSPOOL,Monospool Bangladesh PLC,104.8,1.6488845780795371,-2.4208566108007528,-7.989464442493423,-4.553734061930784,14.036996735582143,10.665258711721219,3.0085466995213728,-43.345299370671064,119.1272718408033,119.1272718408033,4.826926654814755,3.2307678459238174
MPETROLEUM,Meghna Petroleum PLC,206.7,0.19389238972369233,0.3398058252427129,-2.7294117647058878,-1.100478468899527,2.8358208955223825,7.265179034769072,0.1938923897236923,0.7801072647489002,15.15320334261838,44.82165590613374,0.8269925844134587,1.0993578786983083
MTB,Mutual Trust Bank PLC,12.9,0.7812499999999972,-0.7692307692307665,-4.444444444444442,5.459854334827005,24.475077741778225,31.559025247281426,24.475077741778225,4.553022504362153,115.50844512359193,165.58659584368428,3.5281516246346456,3.034742172381598
NAHEEACP,Nahee Aluminum Composite Panel PLC,35.7,7.207207207207225,4.385964912280701,0.28089887640449834,-0.8333333333333255,70.81339712918663,92.97297297297298,32.713754646840165,-31.213872832369933,-43.35687516006888,-43.35687516006888,9.823814698951162,6.721941038223312
NATLIFEINS,National Life Insurance PLC,94.5,3.0534351145038134,-1.970954356846479,-8.073929961089492,-9.221902017291061,-4.545454545454546,0.746268656716421,-16.223404255319146,-62.10906174819567,-23.327454448459147,-30.43338826270789,3.426012543587645,2.7014848102583127
NAVANACNG,Navana CNG Limited,19.4,-1.0204081632653206,-6.280193236714979,-11.415525114155251,-12.612612612612615,-7.619047619047626,-8.92018779342724,-17.094017094017094,-46.26004997938344,-52.57538778493655,-67.09461508893519,3.792025487558666,3.313135099281549
NAVANAPHAR,Navana Pharmaceuticals PLC,61.8,1.1456628477905004,-6.787330316742081,-9.251101321585901,-13.202247191011244,6.003430531732419,17.93893129770992,4.040404040404038,134.0909090909091,134.0909090909091,134.0909090909091,2.9654132255444337,2.9778703314197825
NBL,National Bank PLC,3.4,-2.85714285714286,3.030303030303033,-8.108108108108116,-15.000000000000002,-34.61538461538462,6.249999999999991,-5.555555555555561,-59.99999999999999,-39.1012915733026,-68.13475098527209,6.7067736185383255,4.601192882788419
NCCBANK,National Credit and Commerce Bank PLC,14.3,0.0,-2.7210884353741402,-7.142857142857141,-13.85542168674699,14.400052532504136,21.901695363087295,14.400052532504136,2.1398208907671443,103.23678802800816,29.81164554451607,2.262554047690402,2.1668283982555545
NCCBLMF1,NCCBL Mutual Fund-1 2012- Dividend Units,6.8,4.615384615384613,4.615384615384612,-1.4492753623188481,58.139534883720934,70.0,70.0,38.77551020408162,-22.727272727272734,7.936507936507937,-43.333333333333336,6.128830728095435,6.607519320809953
NEWLINE,New Line Clothings Ltd.,5.4,0.0,-3.571428571428559,-15.625,-11.475409836065563,-15.625,35.00000000000001,-9.999999999999995,-81.56996587030717,-78.36138997712831,-78.36138997712831,6.1561228264890895,6.1047175996454905
NFML,National Feed Mill Ltd,14.8,2.77777777777778,-4.51612903225806,-22.105263157894733,-35.3711790393013,-3.2679738562091503,4.964539007092207,49.4949494949495,-51.46753247556869,4.6255357981494996,-46.941571333818445,6.463757279084023,5.735253555705395
NHFIL,National Housing Finance PLC,26.1,0.7722007722007832,-4.744525547445245,-11.224489795918359,-6.115107913669062,11.063829787234047,16.000000000000004,-4.744525547445245,-67.41203181424692,-4.30000020096999,-14.53595357498693,3.3039244186046486,3.747714721831829
NITOLINS,Nitol Insurance PLC,55.8,1.8248175182481754,2.19780219780219,15.76763485477177,61.27167630057802,96.47887323943662,98.576512455516,106.66666666666664,-8.595943601757087,247.81400273706058,134.24728318227318,4.332196097797556,4.688096160480421
NORTHERN,Northern Jute Manufacturing Co. Ltd.,96.9,3.0851063829787297,-9.014084507042249,-14.999999999999996,-12.781278127812772,-21.155410903173312,13.599062133645967,-14.019520851818987,-74.87684729064038,-60.702940025783946,546.0000043066667,6.415582646182504,5.29065950142584
NORTHRNINS,Northern Islami Insurance PLC,36.0,0.5586592178771029,-5.2631578947368425,-14.285714285714286,-8.915662434414283,32.631579254515245,35.97122336151079,19.24290248656072,-34.3749998359375,143.1578951506371,17.762207325602493,5.08964191901023,4.764067927902418
NPOLYMER,National Polymer Industries PLC,31.4,1.2903225806451568,-0.317460317460322,-7.374631268436579,-7.100591715976328,14.598540145985401,18.045112781954877,-8.985507246376814,-51.31782945736434,-28.5567992271655,117.57096985748571,3.627873496749711,3.3337828368846703
NRBBANK,NRB Bank PLC,6.6,-1.4925373134328437,1.538461538461533,-5.71428571428572,9.999999999999995,-8.333333333333341,8.196721311475411,-26.66666666666667,-26.66666666666667,-26.66666666666667,-26.66666666666667,3.7459554334554315,3.209198423619153
NRBCBANK,NRBC Bank PLC,9.1,0.0,2.247191011235947,-13.333333333333336,22.972972972972965,35.82089552238805,78.43137254901961,35.82089552238805,-66.59244290661343,-28.44101254146038,-28.44101254146038,3.428085946732941,4.1590317999391235
NTC,National Tea Company Limited,153.7,-0.12995451591943927,-0.1948051948052022,-6.735436893203897,-2.7830487033523124,-15.082872928176801,-11.565017261219806,-21.979695431472084,-73.48628601000519,-70.83491461100569,-80.03896103896103,2.29173289186974,3.736051333597088
NTLTUBES,National Tubes Limited,61.6,0.9836065573770515,-2.22222222222222,-8.333333333333334,-9.278350515463924,4.940374787052809,-1.4399999999999977,-24.32432432432433,-51.49606299212599,-29.485098014160943,161.41611594308222,4.070517922395442,2.9170967937112886
NURANI,Nurani Dyeing & Sweater Ltd.,2.9,0.0,-6.451612903225812,-23.684210526315788,-9.375000000000009,-30.952380952380956,44.99999999999999,3.5714285714285747,-70.40816326530611,-82.86204403563981,-82.86204403563981,7.148330596606463,8.377410445014712
OAL,Olympic Accessories Ltd,6.2,0.0,-6.060606060606053,-11.428571428571427,-7.462686567164179,-11.428571428571427,8.771929824561402,-13.88888888888889,-56.33802816901408,-63.78344822938001,-74.31315198598443,4.957739156934276,3.870205031775436
OIMEX,Oimex Electrode Ltd.,13.5,-1.459854014598535,-9.395973154362418,-12.903225806451612,-17.17791411042945,1.5037593984962352,-11.764705882352944,-48.86363636363636,-49.438202247191015,-72.92556099048356,-72.92556099048356,6.198712827879794,5.306202798571918
OLYMPIC,Olympic Industries PLC.,145.2,1.609517144856531,1.2552301255230005,-2.4193548387096926,-2.876254180602014,-4.536489151873771,5.523255813953485,-11.301160659743434,-28.82352941176471,-49.54996678320649,96.51127946911818,2.1600100618601,1.9674714962479063
ONEBANKPLC,One Bank PLC,7.6,0.0,0.0,-7.317073170731704,-7.317073170731704,-2.5641025641025665,8.571428571428566,-2.5641025641025665,-17.199999626964217,-17.199999626964217,-17.199999626964217,2.954954954954954,2.419303475177339
ORIONINFU,Orion Infusion Ltd.,213.7,9.984559958826544,7.929292929292924,-12.775510204081636,-32.20177664974619,-40.340591848129534,-37.16553954719201,-58.26171875,148.19976771196283,206.59971305595408,364.5652173913044,9.46551954969671,5.904389102094232
ORIONPHARM,Orion Pharma Ltd.,25.2,0.7999999999999973,-1.1764705882352968,-10.000000000000002,-13.698630136986301,-12.802768166089963,-7.352941176470589,-35.71428571428572,-63.896848137535805,-32.62032085561498,-63.121951071999995,4.418556586829924,3.605929233359574
PADMALIFE,Padma Islami Life Insurance Ltd.,15.5,-1.2738853503184668,-3.125,-10.919540229885051,-21.71717171717172,-10.919540229885051,-7.185628742514966,-23.267326732673265,-72.51773049645391,-20.851063533399728,-68.36535434346216,5.096564077089394,3.697340430655494
PADMAOIL,Padma Oil PLC,195.0,0.6191950464396226,1.2461059190031183,-1.6145307769929307,8.333333333333334,9.304932735426005,15.044247787610619,-0.9146341463414691,-18.648310387984978,4.278074866310161,14.705882238235299,0.9151794748031814,0.9351695776496189
PARAMOUNT,Paramount Insurance PLC.,59.1,3.14136125654451,0.8532423208191126,-13.088235294117645,-3.1147540983606534,15.882352941176473,35.862068965517246,34.01360544217687,-30.79625292740047,754.9823038410159,349.09768069088034,5.823043204716008,4.77302778540771
PDL,Pacific Denims Ltd.,5.4,-1.818181818181812,-3.571428571428559,-11.475409836065563,-15.625,-11.475409836065563,17.391304347826104,-18.181818181818173,-62.897959195031234,-72.5893037564882,-72.5893037564882,5.314259875858094,4.100877518364002
PENINSULA,The Peninsula Chittagong PLC,20.3,-1.4563106796116538,-5.140186915887841,-11.353711790393003,-12.875536480686694,-0.49019607843136215,10.92896174863388,49.26470588235295,-30.240549828178697,31.81818181818182,-43.90789459661183,5.093397819036102,4.905012620325076
PEOPLESINS,Peoples Insurance PLC,59.6,2.758620689655175,-1.3245033112582734,-11.703703703703702,1.5332197614991456,46.07843137254903,64.18732782369148,74.7800586510264,10.780669144981422,292.1052631578948,125.75757575757578,6.909956176108464,4.642364329955559
PF1STMF,Phoenix Finance 1st Mutual Fund Units,17.5,6.0606060606060606,4.790419161676652,22.377622377622373,101.14942528735634,250.0,250.0,257.1428571428571,80.41237113402063,297.7272727272727,121.51898734177215,7.471677633921415,5.720687663347671
PHARMAID,Pharma Aids Limited.,551.6,1.434350864288354,0.10889292196007672,-9.425287356321837,-3.53270374256732,0.12706480304956352,11.88640973630832,-9.558944089194943,-20.05797101449275,104.37198962578735,293.7187723054961,3.461959572956543,2.7414938521385896
PHENIXINS,Phoenix Insurance PLC,46.9,0.21367521367521675,-4.08997955010225,-13.786764705882353,7.816091954022986,64.56140350877192,74.99999999999999,61.72413793103448,-28.831562974203347,135.678391959799,4.6875000000000036,5.217959255638121,5.112097901318157
PHOENIXFIN,Phoenix Finance and Investments Ltd.,3.6,-2.702702702702705,0.0,-9.999999999999998,-9.999999999999998,-32.075471698113205,50.00000000000001,2.85714285714286,-88.95705521472392,-74.4010000949019,-86.80534764789695,5.698412698412702,5.951156849653089
PHPMF1,PHP First Mutual Fund Units 2010-,3.6,5.882352941176476,2.85714285714286,-2.702702702702705,12.499999999999996,28.571428571428584,50.00000000000001,16.129032258064516,-44.61538461538461,2.3804873893630933,-35.536857591345644,5.260504201680677,5.548154728937574
PIONEERINS,Pioneer Insurance PLC,66.2,3.4375000000000044,0.9146341463414764,-9.686221009549788,-3.0746705710102407,32.40000031776002,44.51143485694003,51.10869602994566,-38.947490247457566,198.35288946762537,65.21037534943028,4.001713959444624,4.052575274314687
PLFSL,Peoples Leasing and Financial Services Ltd.,1.8,0.0,-5.2631578947368345,-24.999999999999996,28.571428571428584,-57.142857142857146,239.62264150943395,50.00000000000001,-40.0,-73.91304347826087,-93.86996904575143,10.130718954248358,9.907195318878555
POPULAR1MF,Popular Life First Mutual Fund Units 2010-,3.6,2.85714285714286,2.85714285714286,0.0,12.499999999999996,24.137931034482765,50.00000000000001,12.499999999999996,-48.57142857142857,-0.5285715527922891,-31.4154038392952,5.815126050420174,5.539709185109453
POPULARLIF,Popular Life Insurance Co. Ltd.,55.7,1.4571948998178585,-7.011686143572613,-10.161290322580642,-10.305958132045086,14.609053497942389,31.05882352941177,6.297709923664131,-45.922330097087375,-18.68613138686131,-50.01282021289743,5.4556458022485,4.2031468762944275
POWERGRID,Power Grid Co. of Bangladesh Ltd.,37.9,0.0,-2.0671834625323107,-2.8205128205128243,0.5305039787798295,23.45276872964169,40.89219330855019,8.908045977011499,-31.83453237410072,-34.20138888888889,-30.202578268876607,2.515794220404065,2.8194545028337847
PRAGATIINS,Pragati Insurance PLC,72.8,1.392757660167131,0.0,-13.022700119474319,-1.754385964912277,5.909604130990032,4.289290297125703,23.126436328123802,-4.8134736813563626,343.074333904824,83.04054490856434,3.8047342060261125,4.092810859477743
PRAGATILIF,Pragati Life Insurance PLC,143.3,3.2420749279538903,-4.402935290193458,-12.08588957055214,-14.794594679799987,-26.649604540919892,6.650879458744032,-22.349753772231516,45.54686341731072,197.94975614295973,116.38601091245347,5.097197176238067,4.81379768500141
PREMIERBAN,The Premier Bank PLC,5.6,0.0,-3.448275862068969,-5.084745762711876,24.44444444444444,3.7037037037036904,39.99999999999999,-13.84615384615385,-55.85333347541203,42.62924424739263,-23.417010251007888,2.883116883116889,2.6626095677751667
PREMIERCEM,Premier Cement Mills PLC,41.8,1.951219512195115,-5.000000000000006,-13.814432989690726,-13.814432989690726,8.571428571428564,6.632653061224475,-16.566866267465077,-53.243847874720366,-57.77777777777778,-60.19047619047619,5.160718039694347,4.214694226527035
PREMIERLEA,Premier Leasing & Finance Limited,2.0,0.0,-13.04347826086956,-23.07692307692308,-13.04347826086956,-54.54545454545455,270.3703703703704,24.999999999999993,-84.12698412698413,-72.05732731023808,-85.24529967054946,8.157894736842113,8.745532873859982
PRIME1ICBA,Prime Bank 1st ICB AMCL Mutual Fund Units,6.0,3.448275862068969,0.0,-3.225806451612906,27.6595744680851,39.53488372093024,39.53488372093024,25.000000000000004,-22.077922077922082,30.43478260869566,-16.666666666666668,6.105491257822341,5.543713473159365
PRIMEBANK,Prime Bank PLC,28.2,-0.7042253521126736,-1.0526315789473708,-6.000000000000002,-7.236842105263157,-5.39936080173014,2.8125002570312505,5.000000262499994,31.95760850596311,106.08194397021744,-0.7464800918240061,1.778623832595776,1.4800974078748677
PRIMEFIN,Prime Finance and Investment Ltd.,2.9,0.0,-3.333333333333336,-9.375000000000009,-9.375000000000009,-52.459016393442624,163.6363636363636,20.833333333333336,-82.42424242424242,-60.27397260273973,-89.32515333231962,5.132275132275127,5.8025808115464965
PRIMEINSUR,Prime Islami Insurance PLC,51.3,1.3833992094861576,-0.19455252918288216,-15.066225165562916,22.14285714285714,62.85714285714285,71.57190635451505,46.57142857142856,-1.5355086372360927,196.53179190751445,43.6400003389904,5.453708108225645,5.749895856045853
PRIMELIFE,Prime Life Insurance Company Limited,35.9,-0.27777777777778173,-2.972972972972977,-12.864077669902922,-18.40909090909091,2.865329512893983,8.787878787878784,-19.144144144144146,-51.3550135501355,-37.347294938917976,-60.50999993958031,5.239738969235173,4.931739001039604
PRIMETEX,Prime Textile Spining Mills Ltd.,14.3,1.4184397163120643,-7.142857142857141,-14.88095238095238,-28.499999999999993,-32.863849765258216,3.623188405797101,-5.298013245033105,-42.33870967741935,-29.901960784313715,-29.207920792079204,9.290869258967254,7.897716703175464
PROGRESLIF,Progressive Life Insurance Co. Ltd.,36.2,-1.6304347826086802,-4.485488126649066,-6.940874035989705,-17.727272727272723,-14.218009478672984,-20.614035087719294,-36.15520282186949,-70.32786885245902,-6.343359549039519,-51.6134696396864,4.520519854737264,4.773945216310963
PROVATIINS,Provati Insurance PLC,50.7,-1.3618677042801473,-10.739436619718301,-16.7487684729064,-8.648648648648644,61.46496815286626,76.65505226480838,51.79640718562876,-66.73529429149654,465.4158308293767,171.45064545240007,6.019094939641042,4.6187422934826525
PTL,Paramount Textile PLC,81.2,-0.12300123001229314,3.7037037037037113,21.194029850746272,27.27272727272728,47.90528233151185,56.75675675675677,38.80341880341881,48.86666689989111,675.7530029952856,217.81630738542276,2.1647040261037094,2.1594074758728583
PUBALIBANK,Pubali Bank PLC,38.9,1.5665796344647556,3.1830238726790334,-3.2338308457711546,6.575342465753421,19.29336176650847,44.773497306262605,49.61542029290792,125.56871614033808,234.6847352303811,123.14027984328808,1.9184707413296325,2.205067505986711
PURABIGEN,Purabi General Insurance Co. Ltd.,27.6,0.3636363636363688,-5.479452054794513,-14.551083591331256,-14.814814814814806,38.00000000000001,42.268041237113415,40.816326530612244,-37.24503334905679,246.1125736763942,-6.767370126260003,5.263699172888532,4.66580900630105
QUASEMIND,Quasem Industries Limited.,40.6,1.5000000000000036,0.0,-6.666666666666664,-7.3059360730593506,5.729166666666674,7.35576911205852,1.4999998984999952,-3.8459077678285665,-3.4341241042507695,155.49297772484917,4.615085458315788,3.272276573180494
QUEENSOUTH,Queen South Textile Mills Ltd.,14.0,0.7194244604316521,-5.40540540540541,-17.647058823529413,-8.496732026143794,18.644067796610162,17.64705882352941,2.1897810218978155,-53.47962400586629,-42.34539740408274,-42.34539740408274,5.037509689494955,5.489455521441507
RAHIMAFOOD,Rahima Food Corporation Ltd.,76.4,4.801097393689986,7.909604519774025,-11.880046136101496,-25.09803921568627,-37.734311328443354,-52.25,-46.00706713780918,-78.23361823361824,27.33333333333334,344.1860465116279,7.735534437410914,5.726705267952565
RAHIMTEXT,Rahim Textile Mills Ltd.,189.6,3.3805888767720766,3.493449781659392,-9.671272034302055,-3.853955375253547,-5.200000000000002,-11.11111111111112,7.788516202387713,-44.54518865165253,2.5999334346242566,370.09424325170767,7.405433040136052,5.221381834237158
RAKCERAMIC,RAK Ceramics (Baneladesh) Limited,27.1,-0.3676470588235216,-3.214285714285709,-9.966777408637872,-9.666666666666663,17.316017316017316,22.072072072072082,7.539682539682549,-41.086956521739125,-40.12078258157297,-32.48911768857801,3.341542892838799,3.22300122613755
RANFOUNDRY,Rangpur Foundry Limited,153.2,1.255783212161254,1.5915119363395074,-6.069895769466589,-2.1086261980830745,4.076086956521739,7.207837648705375,-14.888888888888895,-18.423855165069234,41.198156682027644,147.09677419354836,3.1671360538648408,3.5782296944395235
RDFOOD,Rangpur Dairy and Food Products Limited,23.0,1.3215859030837036,-4.166666666666667,-11.538461538461538,-19.860627177700344,17.346938775510196,15.0,-12.878787878787875,-53.36614190293768,146.15904687705088,42.15684978373822,5.855863391502005,4.947210320818506
RECKITTBEN,Reckitt Benckiser (Bangladesh) PLC,3265.2,0.4244325521313812,-0.3296703296703352,-1.4665942422596523,-2.519703845235255,-6.905400011404467,-4.526315789473689,-3.3392539964476073,-33.471882640586806,112.57812499999999,341.84032476319345,0.8537886594109563,0.7066923463862232
REGENTTEX,Regent Textile Mills Ltd.,6.1,1.6666666666666607,-1.6129032258064602,-4.687500000000011,-7.575757575757576,17.307692307692296,52.49999999999999,79.41176470588235,-59.333333333333336,-42.436419191927726,-76.22624107336568,6.174033857290797,6.915544686266883
RELIANCE1,Reliance Insurance Mutual Fund Reliance One Units,12.1,1.680672268907557,-2.4193548387096833,-1.6260162601626102,14.150943396226415,0.0,-22.929936305732483,-19.333333333333336,-5.468750000000009,63.5135135135135,32.96703296703297,5.281308455585622,5.217511772942096
RELIANCINS,Reliance Insurance PLC,112.7,7.846889952153113,8.469682386910488,-5.294117647058822,1.3489208633093526,62.15827338129496,72.32415902140671,72.06106870229007,9.417475728155342,251.2967203094982,133.3881075893638,9.005114569601762,7.442139275535885
RENATA,Renata PLC,452.6,-0.2204585537918871,-1.9284940411700926,-3.7021276595744634,3.878815698875381,4.093836246550141,15.459183673469392,-8.565656565656562,-63.01650936953706,-29.676936785284234,45.70095602580453,1.6222011957794276,1.1809794826239985
RENWICKJA,Renwick Janeswar and Co. (BD) Limited,718.0,-1.7649473252154848,-3.9336366069039306,-15.519472879162253,41.06090373280943,40.78431372549019,46.89034369885434,7.164179104477612,-45.688350983358546,13.267076825997794,814.6496815286624,2.621081602119863,3.334093691446024
REPUBLIC,Republic Insurance PLC,37.9,2.710027100271003,-5.2500000000000036,-10.823529411764708,6.162464985994386,20.70063694267516,38.32116788321168,15.548780487804883,-27.957327229378297,394.81607182655057,84.79272348977155,6.960582657713736,4.85729949733577
RINGSHINE,Ring Shine Textiles Ltd.,3.8,0.0,0.0,-20.833333333333336,-7.317073170731704,-5.000000000000004,18.74999999999999,31.034482758620687,-71.64179104477613,-74.413333335892,-74.413333335892,5.919076971708546,6.890222191158452
ROBI,Robi Axiata PLc,30.0,0.0,0.33444816053512183,-4.761904761904762,-4.458598726114645,-6.832298136645971,6.0070671378091856,-0.9900990099009924,-28.571428571428573,100.0,100.0,1.966919778553765,1.7265404756969633
RSRMSTEEL,Ratanpur Steel Re-Rolling Mills Ltd,7.0,0.0,-2.7777777777777803,-11.392405063291143,-16.666666666666668,-16.666666666666668,4.477611940298504,-21.348314606741575,-80.05698005698005,-79.09744770298917,-84.55599986880013,4.719306281889783,3.690596794661255
RUNNERAUTO,Runner Automobiles PLC,46.2,1.3157894736842135,2.4390243902439055,-2.9411764705882324,8.962264150943406,39.57703927492447,24.86486486486487,46.20253164556963,-28.92307692307692,-50.14388477013612,-50.14388477013612,3.4393680044097636,4.223133062761318
RUPALIBANK,Rupali Bank PLC,17.2,0.5847953216374144,-1.1494252873563178,-2.824858757062147,0.0,-6.52173913043478,-0.578034682080933,-29.795918367346943,-54.5155555911345,23.255751605676316,-42.637929053070565,1.8956704035294147,2.554237385440268
RUPALIINS,Rupali Insurance Company Ltd.,27.1,1.8796992481203008,-6.228373702422136,-14.779874213836475,-1.4545454545454495,26.466666953324445,32.967290052044405,16.14285740832653,-37.185430313819566,137.99173427307085,-13.531923150887266,4.684170246364035,3.9978584053759034
RUPALILIFE,Rupali Life Insurance PLC,76.0,0.2638522427440671,-6.172839506172839,-13.439635535307515,-20.66805845511482,-6.976744186046514,-3.307888040712461,-31.77737881508079,-10.588235578131487,165.2684374773368,-24.493708615660502,4.714001243074795,3.930670931590547
SAFKOSPINN,Safko Spinning Mills Limited,20.8,0.48309178743962045,-1.886792452830182,2.9702970297029774,0.4830917874396204,37.748344370860934,50.724637681159415,43.448275862068975,-20.424242420022495,90.70991141047843,5.336793537612846,3.8099984709330856,4.198537541310897
SAIFPOWER,SAIF Powertec Ltd.,7.8,-2.500000000000002,-10.344827586206891,-22.000000000000004,-17.894736842105267,1.298701298701294,56.0,14.705882352941178,-76.90502801798651,-49.929831473249045,-43.25491992375466,7.018318663888276,5.155754318977172
SAIHAMCOT,Saiham Cotton Mills Ltd.,22.8,0.0,-4.201680672268908,0.8849557522123862,14.572864321608053,17.5257731958763,16.326530612244895,27.37430167597767,13.43283582089552,72.72727272727273,-11.690140919698473,3.8492190475503225,6.474376568043617
SAIHAMTEX,Saiham Textile Mills Ltd.,34.1,-6.575342465753422,7.57097791798108,12.541254125412543,81.38297872340425,71.356783919598,97.10982658959537,115.82278481012658,42.083333333333336,165.22222278213582,45.4973497740941,8.292888076165362,7.126121889504818
SALAMCRST,S. Alam Cold Rolled Steels Limited,11.7,1.7391304347826024,0.0,-16.428571428571434,-23.529411764705888,-28.220858895705526,-21.476510067114102,-49.350649350649356,-68.5483870967742,-56.666666666666664,-75.4201680672269,5.045454545454547,4.722198474471426
SALVO,Salvo Organic Industries PLC,29.9,1.0135135135135038,-5.379746835443047,-15.774647887323948,-20.26666666666667,-3.236245954692557,-1.3201320132013272,-10.74626865671642,-40.4382470119522,184.1788806638692,74.6526903329855,4.5281248645898104,3.993171404197859
SAMATALETH,Samata Leather Complex (Pvt.) Ltd.,84.9,0.5924170616113744,0.8313539192399083,-16.84622918707149,-20.728291316526605,0.0,1.0714285714285783,-18.755980861244016,-19.981149858623933,233.0692297034093,477.319998152576,7.98583534927126,6.002977980827087
SAMORITA,Samorita Hospital Ltd.,95.6,4.366812227074236,9.758897818599312,-4.495504495504496,24.15584415584415,41.629629629629626,31.49931224209077,27.807486631016037,4.519381587384851,78.22506914266258,143.52784813670638,8.005806776426102,7.802319267696909
SANDHANINS,Shandhani Life Insurance Co.Ltd,24.1,0.8368200836820203,-2.8225806451612874,-15.140845070422525,-5.118110236220462,19.30693069306932,24.870466321243526,2.11864406779661,-41.92771084337349,21.342658326975414,-43.397218720832626,2.5217501862245877,3.0530149525057344
SAPORTL,Summit Alliance Port Limited,60.5,-0.16501650165016735,0.0,-0.819672131147541,0.0,23.46938775510204,43.70546318289786,68.05555555555556,103.02013422818791,53.90503574074193,187.07356691996378,2.7376617969195984,2.8383914076104495
SBACBANK,SBAC Bank PLC.,6.7,-1.4705882352941124,1.5151515151515234,-4.285714285714283,0.0,-1.4705882352941124,8.064516129032258,-15.18987341772152,-68.99700436562436,-36.02109080974911,-36.02109080974911,3.324287652645866,3.659787188037498
SEAPEARL,Sea Pearl Beach Resort & Spa Ltd.,35.1,5.722891566265056,3.846153846153859,-9.302325581395351,-5.390835579514825,-9.536082474226793,6.363636363636368,-33.01526717557252,-18.37209302325581,46.25000036562501,46.25000036562501,5.443651552605139,5.115253549650321
SEMLFBSLGF,SEML FBLSL Growth Fund Units,6.8,3.030303030303033,-2.85714285714286,-2.85714285714286,23.63636363636363,33.33333333333334,38.77551020408162,30.769230769230763,-35.84905660377358,11.475409836065577,11.475409836065577,3.9126559714795057,4.150175360218496
SEMLIBBLSF,SEML IBBL Shariah Fund Units,7.9,1.282051282051289,1.2820512820512888,3.947368421052641,21.538461538461544,31.66666666666667,36.20689655172415,19.696969696969706,-27.522935779816514,-42.33576642335766,-42.33576642335766,1.9314019314019366,2.2022618388901156
SHAHJABANK,Shahjalal Islami Bank PLC,17.5,0.0,-0.5681818181818262,0.0,3.5502958579881745,-3.8461538461538423,6.707317073170741,-2.7777777777777777,-17.31651405958358,123.97499793975,7.571090431233522,1.7517294312512472,1.3719964599272185
SHARPIND,Sharp Industries PLC,19.4,8.379888268156426,-2.020202020202031,-48.40425531914894,0.5181347150258957,13.450292397660801,50.38759689922479,10.857142857142849,19.018404907975444,19.018404907975444,19.018404907975444,8.724890476685726,10.483329871543399
SHASHADNIM,Shasha Denims PLC,27.2,-1.0909090909090935,-2.85714285714286,-4.895104895104903,11.475409836065577,40.206185567010316,71.06918238993711,38.77551020408162,-13.924050632911399,-2.8217439767669115,-18.511983472523788,4.449686993312112,4.49003975678761
SHEPHERD,Shepherd Industries PLC,13.0,2.362204724409455,-7.142857142857143,-21.686746987951814,-22.61904761904762,-3.7037037037037037,-2.985074626865674,-26.966292134831463,-33.3750002665,-64.17055577460881,-64.17055577460881,6.8517400078310855,5.215911147815299
SHURWID,Shurwid Industries Ltd,5.8,-3.333333333333336,-3.333333333333336,-9.375000000000009,-17.142857142857146,-22.66666666666667,26.086956521739136,0.0,-75.2136752136752,-35.5555556271605,-80.69210533919544,4.174228675136117,4.145865283001239
SHYAMPSUG,Shyampur Sugar Mills Ltd.,295.0,1.6540317022742976,2.8591352859135246,2.3239680887963887,62.08791208791209,82.54950495049505,94.07894736842105,48.09236947791166,136.94779116465864,1743.75,3587.5,3.335277091834486,4.932301843614696
SICL,"Sikder Insurance Co., Ltd.",36.1,1.4044943820224718,-2.4324324324324285,-5.744125326370747,-6.718346253229977,77.83251231527093,95.13513513513514,50.41666666666668,33.70370370370371,33.70370370370371,33.70370370370371,6.662575721848114,6.184253123886895
SILCOPHL,Silco Pharmaceuticals Ltd.,17.8,1.1363636363636322,4.093567251461984,-8.24742268041236,-19.819819819819816,28.057553956834536,29.927007299270084,9.202453987730062,-42.20779220779221,-26.940298586519823,-26.940298586519823,6.0188954210490095,5.283359037274551
SILVAPHL,Silva Pharmaceuticals Ltd.,12.8,1.5873015873015959,-3.7593984962406015,-17.419354838709673,-9.859154929577455,31.958762886597953,33.33333333333335,0.7874015748031609,-40.74074074074074,-64.63157885894736,-64.63157885894736,5.3099247998996155,5.512579443282932
SIMTEX,Simtex Industries PLC,24.2,2.109704641350211,-2.0242914979757085,-11.029411764705882,-5.468750000000009,-0.8196721311475381,7.555555555555553,28.723404255319142,8.520179372197303,37.75849936255697,-10.173909998945105,3.2497458118968403,3.9136364793796394
SINGERBD,Singer Bangladesh Limited,74.0,2.7777777777777777,1.7881705639614816,-1.3333333333333333,-9.75609756097561,-12.73584905660377,-12.941176470588236,-31.48148148148148,-62.62626262626262,-49.36842110326315,-27.077016447632502,2.378667856985752,2.053798668498154
SINOBANGLA,Sinobangla Industries Ltd.,49.2,2.7139874739039755,-4.093567251461978,-9.890109890109887,-11.351351351351347,3.797468354430389,7.423580786026214,-15.172413793103445,3.4549429197193358,110.31300899234692,170.4948881614887,4.924632663112125,3.1550413370541417
SIPLC,Sena Insurance PLC,138.3,9.936406995230536,6.795366795366804,-10.311284046692593,36.93069306930694,130.50000000000003,159.47467166979365,179.39393939393943,189.33054393305443,189.33054393305443,189.33054393305443,7.721834544031221,7.393927744658005
SKTRIMS,SK Trims & Industries Ltd.,12.2,4.273504273504273,-6.87022900763359,-13.475177304964541,-15.277777777777786,32.608695652173914,48.78048780487805,27.08333333333333,-71.29411764705883,-67.19555562203924,-67.19555562203924,8.663873079890884,6.323004641407218
SONALIANSH,Sonali Aansh Industries Limited.,208.9,0.38443056222970273,-1.8327067669172958,-5.475113122171944,13.041125541125538,30.074719800747204,8.575883575883575,-10.381810381810379,212.95880149812734,976.8041237113403,1447.4074074074074,4.2399605556372855,3.7534265449274415
SONALILIFE,Sonali Life Insurance PLC,80.3,-2.4301336573511545,-5.418138987043591,-7.488479262672811,-4.404761904761908,33.83333333333333,31.855500821018058,9.69945355191256,-1.953601953601964,630.0,630.0,4.22346786245337,2.827389608950993
SONALIPAPR,Sonali Paper & Board Mills Ltd.,221.8,1.510297482837534,-0.538116591928246,-8.724279835390943,-5.335040546308152,-5.2136752136752085,-6.215644820295978,-20.75741336191496,-15.616638041113879,46.95726387469575,46.95726387469575,4.08693896983097,2.9333844374131557
SONARBAINS,Sonar Bangla Insurance Ltd.,36.2,1.68539325842697,-2.1621621621621543,-10.617283950617278,-19.55555555555555,41.30111562246584,50.23715449461482,29.285714608928576,-51.50607508916951,296.81555995453743,73.91204963544061,4.6964311723030985,4.87329336313295
SONARGAON,Sonargaon Textiles Limited.,97.2,4.291845493562231,3.075291622481448,-19.067443796835963,21.500000000000004,144.83627204030225,212.54019292604497,170.0,291.93548387096774,1043.5294117647059,420.7142870160714,6.461003927671604,7.191029226870869
SOUTHEASTB,Southeast Bank PLC,12.3,-1.5999999999999945,0.8196721311475527,5.128205128205141,24.242424242424246,38.536841994433686,44.626373578694626,44.626373578694626,-10.817258052860266,19.227769761320438,3.3613052778907786,3.249812210292534,3.3842873077581928
SPCERAMICS,Shinepukur Ceramics PLC,20.9,0.48076923076922046,-0.47619047619048294,-6.2780269058296065,-14.693877551020412,3.9800995024875476,43.150684931506845,-1.415094339622645,-43.360433604336045,140.22988505747128,-7.911877662785348,4.469901349001429,5.02666942444465
SPCL,Shahjibazar Power Co Ltd,49.5,1.4344262295082026,-2.9411764705882355,-10.488245931283902,-8.839779005524857,2.9106029106029077,4.2105263157894735,1.2269938650306778,-54.035714212171435,-62.55687607404093,90.62829223123876,3.6158321682662766,3.1850622439225753
SQUARETEXT,Square Textiles PLC,48.5,0.4140786749482461,-1.2219959266802474,-4.150197628458501,-1.8218623481781349,-0.410677618069821,0.0,-11.009174311926605,-7.088122605363989,-16.45117145572195,-36.44379892206309,2.575736433369055,2.8640923691675573
SQURPHARMA,Square Pharmaceuticals PLC,213.8,-0.04675081813931478,-0.5581395348837156,-2.374429223744287,-1.7914561322921347,-1.474654377880179,7.437185929648247,-3.301673450927175,-12.734693877551017,15.297608133716777,104.250332427662,1.0946131130739354,0.7571466736391022
SSSTEEL,S.S. Steel Ltd,6.0,-1.6393442622950762,-4.761904761904759,-14.285714285714286,-11.76470588235294,3.448275862068969,46.341463414634156,5.263157894736839,-73.55102053036835,-83.90368018884048,-83.90368018884048,5.096824469121373,4.837063603818487
STANCERAM,Standard Ceramic Industries Ltd.,65.4,-0.4566210045662057,-5.217391304347818,-9.668508287292816,-10.041265474552954,-2.9673590504451037,-6.704707560627659,-21.582733812949638,-73.21867321867322,26.99029126213593,166.9387755102041,7.463768955301002,5.873829409399151
STANDARINS,Standard Insurance PLC,51.6,0.9784735812133072,7.500000000000003,-2.4574669187145504,-2.0872865275142343,36.87002652519893,31.9693094629156,30.63291139240507,-45.281018027571584,476.6989290600301,97.69454938139452,4.868929056992168,4.211593875724293
STANDBANKL,Standard Islami Bank PLC,4.5,-2.173913043478253,0.0,-8.163265306122456,-6.2499999999999964,-23.728813559322038,-6.2499999999999964,-23.728813559322038,-52.721875536813556,-22.900000191721997,-50.324865773978885,4.567535823349777,3.9577782316194314
STYLECRAFT,Stylecraft Limited,51.8,-0.9560229445506693,-3.8961038961038987,-13.377926421404682,-2.2641509433962317,-0.3846153846153901,9.745762711864394,-34.263959390862944,-71.84782608695652,-1.677368621634508,110.91790277034282,7.318261929102702,4.982612754825828
SUMITPOWER,Summit Power Ltd.,15.3,0.0,-2.5477707006369337,-9.999999999999996,0.0,9.28571428571429,23.38709677419355,-2.5477707006369337,-68.5185185185185,-52.336448598130836,-66.6753425125449,3.3104798419890837,3.3381041111619334
SUNLIFEINS,Sunlife Insurance Co. Ltd.,49.4,6.236559139784943,-2.755905511811021,-19.54397394136808,-26.814814814814817,-6.439393939393938,-6.261859582542702,-15.120274914089354,20.487804878048777,189.58620603777882,-46.588720375867986,5.433768367492642,5.576312901114519
TAKAFULINS,Takaful Islami Insurance PLC,54.4,1.8726591760299627,-3.716814159292038,-1.2704174228675187,40.56847545219637,73.2484076433121,59.99999999999999,44.68085106382978,-11.831442463533232,361.72684674482764,77.17304616254042,5.63709739702423,5.344897720357421
TALLUSPIN,Tallu Spinning Mills Limited,7.1,-1.3888888888888962,-5.333333333333338,-14.457831325301218,-16.47058823529412,-17.441860465116278,12.698412698412696,7.575757575757576,-50.69444444444445,-49.645390070921984,-69.1304348094518,4.936792108147608,4.5796718653192485
TAMIJTEX,Tamijuddin Textile Mills PLC,117.1,1.649305555555548,-4.563977180114107,-11.689291101055808,-11.28787878787879,2.71929824561403,-7.063492063492068,-15.144927622316741,-31.55685447784498,788.3448263609037,788.3448263609037,5.347915343293224,4.031464036419111
TECHNODRUG,Techno Drugs Ltd.,40.2,1.2594458438287153,-5.854800936768149,-9.049773755656108,-5.6338028169014045,34.00000000000001,37.671232876712345,5.2356020942408374,52.272727272727295,52.272727272727295,52.272727272727295,4.86791396400457,4.46454267036722
TILIL,Trust Islami Life Insurance Ltd.,43.5,0.9280742459396718,-7.64331210191083,-12.825651302605209,-20.765027322404368,2.8368794326241202,-2.027027027027024,-36.95652173913044,295.45454545454544,295.45454545454544,295.45454545454544,4.209001224049492,3.8927023923943227
TITASGAS,Titas Gas Transmission and Distribution PLC,17.1,-1.1560693641618456,-2.840909090909091,-10.471204188481675,-3.932584269662917,1.7857142857142898,9.615384615384627,-20.833333333333332,-60.416666666666664,-63.771186440677965,-73.19749216300941,4.20277903056074,3.02761441149254
TOSRIFA,Tosrifa Industries PLC,18.5,1.092896174863384,-5.61224489795919,-16.666666666666664,-11.904761904761905,10.119047619047615,8.823529411764707,-11.904761904761905,-6.588670333817393,0.05339178891635474,-57.39126259426757,5.056612997965205,4.899157961237038
TRUSTB1MF,Trust Bank 1st Mutual Fund Units,3.6,2.85714285714286,-2.702702702702705,-5.2631578947368345,16.129032258064516,20.000000000000004,50.00000000000001,5.882352941176476,-51.35135135135135,-2.8000004276799966,-44.88760044263523,6.85994397759104,5.528648143309798
TRUSTBANK,Trust Bank PLC,13.9,-0.7142857142857117,-4.794520547945201,-9.150326797385622,-11.464968152866236,-18.916666463958332,-16.120689445474127,-22.77777760617284,-37.14052716637429,35.593417156936695,46.4408897638052,2.4569590397563648,1.8935178642158452
TUNGHAI,Tung Hai Knitting & Dyeing Ltd,4.0,-4.761904761904765,-11.11111111111111,-20.0,24.999999999999993,-4.761904761904766,150.0,66.66666666666667,-42.857142857142854,-60.71428574585458,-83.86666669936355,6.426829268292691,9.541437935349615
UCB,United Commercial Bank PLC,9.3,-1.0638297872340388,-2.105263157894729,-2.105263157894729,2.1978021978022095,-6.999999999999993,-11.428571428571422,-13.888888888888888,-33.65544092353195,-21.83947464925636,-26.66214488057934,3.6958062974893293,3.3661404031022095
UNILEVERCL,Unilever Consumer Care Limited,1974.0,-0.06075334143378116,-1.1517275913870806,-2.8352037802717027,-3.8246041412911085,-8.399071925754061,-8.61111111111111,-19.283611383709516,7.97948717948718,100.91603053435115,490.3551401869159,0.9351212300351481,1.039337877529032
UNIONCAP,Union Capital Limited,4.4,0.0,0.0,-8.333333333333321,-8.333333333333321,-38.028169014084504,57.14285714285717,0.0,-69.65517241379311,-53.599130233412914,-76.73855661738281,4.739756367663344,4.835161681618643
UNIONINS,Union Insurance PLC,47.8,5.752212389380517,-2.845528455284564,-8.604206500956023,19.201995012468817,47.98761609907121,29.89130434782609,39.766081871345015,334.5454545454545,334.5454545454545,334.5454545454545,5.521773371413452,4.751541268523834
UNIQUEHRL,Unique Hotel & Resorts PLC,39.9,1.0126582278480976,-5.450236966824654,-8.27586206896552,-3.389830508474573,3.90625,4.177545691906009,-8.486238532110098,-21.764705882352946,-11.333333333333336,-68.5082872928177,4.235838214083613,2.969324624594697
UNITEDFIN,United Finance PLC,16.5,0.6097560975609843,-4.069767441860461,-13.157894736842104,5.769230769230771,27.906976744186043,42.24137931034483,17.857142857142858,-37.26235741444867,-6.711537987202512,-29.223753807416742,4.517044814343146,4.510324379561734
UNITEDINS,United Insurance Company Limited,60.0,1.694915254237288,0.33444816053512183,-10.979228486646893,36.6742596810934,48.148148148148145,43.54066985645934,44.57831325301205,-11.764705882352942,187.64706027868513,57.1584884479189,4.691017367962436,4.561574008891264
UPGDCL,United Power Generation & Distribution Co. Ltd.,113.1,0.6227758007117337,-0.7894736842105313,-8.642972536348951,-9.520000000000003,-4.9579831932773155,-2.5839793281653747,-20.798319327731104,-62.19919786096257,19.631337862376007,102.76291019734741,1.6639768318334147,2.3645336020299292
USMANIAGL,Usmania Glass Sheet Factory Limited,57.4,4.3636363636363615,1.4134275618374508,-10.312500000000002,27.55555555555555,57.69230769230769,68.82352941176471,47.179487179487175,-22.432432432432435,-27.23866688372412,18.365267144122623,7.977079292543939,6.744346952447198
UTTARABANK,Uttara Bank PLC,20.8,0.0,0.0,-1.886792452830182,-3.703703703703707,2.362204724409451,13.537117903930135,20.930232558139544,51.861918826042896,126.64000247037602,60.50178525016851,0.9704139168871604,0.9882296482647845
UTTARAFIN,Uttara Finance and Investments Limited,12.5,4.166666666666666,8.695652173913043,-9.420289855072467,-11.97183098591549,-13.194444444444446,26.262626262626256,-9.420289855072467,-76.09942638623326,-76.39388483307104,-82.32864134440526,5.394376803906832,3.67283377342196
VAMLRBBF,Vanguard AML Rupali Bank Balanced Fund Units,8.0,0.0,-1.2345679012345636,-2.439024390243894,17.647058823529413,40.35087719298245,40.35087719298245,40.35087719298245,-10.1123595505618,-27.272727272727273,-27.272727272727273,2.2626582278480973,1.9719083270373088
VFSTDL,VFS Thread Dyeing Ltd.,13.4,1.5151515151515234,-6.293706293706295,-16.249999999999996,-21.6374269005848,26.415094339622648,4.687499999999997,59.52380952380952,-45.46511614273256,-43.43406146938562,-43.43406146938562,5.633104605318348,6.28515767764323
WALTONHIL,Walton Hi-Tech Industries PLC,394.6,0.12687135244861708,1.153550371699564,1.1794871794871853,3.842105263157901,1.2054372916132459,3.842105263157901,-9.36312391627834,-64.12727276314546,14.830687715857149,14.830687715857149,1.1705055117165697,1.6430299756600428
WATACHEM,Wata Chemicals Ltd.,131.6,0.6885998469778162,-1.7910447761194073,-8.292682926829272,-1.7176997759522115,2.094647013188509,-7.3239436619718346,-11.618535930154474,-61.294117647058826,30.320661832435366,523.7291669298024,3.715855444647032,3.965398617012701
WMSHIPYARD,Western Marine Shipyard Limited,8.8,1.1494252873563382,-2.2222222222222143,-11.999999999999993,-2.2222222222222143,4.761904761904766,7.317073170731725,-5.376344086021505,-41.33333333333333,-34.7427949330788,-74.4409280486246,3.5411468033556934,3.391869348913437
YPL,Yeakin Polymer Ltd.,19.3,2.6595744680851063,-6.310679611650488,-16.08695652173913,-22.799999999999997,17.682926829268308,9.03954802259888,1.5789473684210564,34.96503496503497,-22.976813871509624,-22.976813871509624,9.749775952570882,6.565836588856371
ZAHEENSPIN,Zaheen Spinning PLC,5.1,-1.9230769230769333,-8.928571428571429,-17.741935483870975,-16.393442622950822,-13.559322033898317,27.499999999999993,-27.142857142857146,-51.42857142857143,-58.694664712299065,-64.16514351955931,6.393117246898758,5.988347949980056
ZAHINTEX,Zahintex Industries Ltd.,7.9,-3.658536585365841,-5.9523809523809526,-15.053763440860218,-12.22222222222222,9.722222222222223,36.20689655172415,27.41935483870968,-17.70833333333333,-51.62268067909475,-66.6976776346855,6.524017754397493,6.5849939635002
ZEALBANGLA,Zeal Bangla Sugar Milla Limited,173.9,2.838557066824371,-1.6958733747880157,-9.66233766233766,38.235294117647065,26.472727272727276,21.60839160839161,52.81195079086117,8.687500000000004,922.9411764705883,1898.8505747126437,7.347707633909453,7.48795642957128
