Symbol,Name,Price,Change %,Perf % 1W,Perf % 1M,Perf % 3M,Perf % 6M,Perf % YTD,Perf % 1Y,Perf % 5Y,Perf % 10Y,Perf % All Time,Volatility 1W,Volatility 1M
1JANATAMF,First Janata Bank Mutual Fund Units,3.5,0.0,-2.7777777777777803,-5.40540540540541,9.374999999999995,20.689655172413797,34.615384615384606,9.374999999999995,-57.83132530120482,-9.311111605264793,-35.62366207921435,4.100840336134458,5.191438936020986
1STPRIMFMF,Prime Finance First Mutual Fund 2009 Units,24.6,4.23728813559322,8.849557522123893,5.128205128205141,7.8947368421052655,35.16483516483518,23.000000000000007,6.4935064935064934,20.000000000000007,189.41176470588238,-19.6078431372549,5.484734978737304,4.910736240827453
AAMRANET,aamra networks ltd,18.7,1.0810810810810774,2.185792349726768,-9.223300970873797,-6.500000000000003,5.05617977528089,5.05617977528089,-12.61682242990654,-59.12519655613729,-68.96034974460737,-68.96034974460737,3.5923456836815424,5.182246771179662
AAMRATECH,Aamra Technologies Limited,16.4,1.2345679012345634,-7.344632768361586,-21.5311004784689,9.333333333333323,9.333333333333323,33.333333333333314,19.70802919708029,-52.110193020845266,-21.322413903353812,-44.22633345388347,3.9938857565327353,6.234916910670848
ABB1STMF,AB Bank 1st Mutual Fund 2011 Units,3.7,2.77777777777778,0.0,-2.631578947368412,12.121212121212132,23.33333333333334,37.03703703703704,12.121212121212132,-43.07692307692308,-8.425000444138748,-44.80830868012468,4.624574153985921,4.93557226905303
ABBANK,AB Bank PLC,4.7,0.0,4.444444444444448,-2.083333333333326,-5.9999999999999964,-27.692307692307686,14.63414634146343,-18.965517241379306,-67.06853937036905,-67.63496032004475,-79.57734878354464,5.415019762845843,4.041716864740518
ACFL,Aman Cotton Fibrous PLC,22.1,-1.3392857142857018,-0.896860986547082,-0.896860986547082,-8.677685950413213,29.23976608187134,22.777777777777786,15.104166666666679,-46.09756097560975,-63.166666666666664,-63.166666666666664,5.308201184536006,5.24363664959167
ACI,Advanced Chemical Industries PLC,186.7,1.3022246337493093,-0.10700909577314983,-4.987277353689573,-2.2513089005235662,-11.684011352885534,-4.256410256410263,2.75178866263071,-26.805113674208723,-25.515115505675848,199.79540651159422,2.8307833605378026,2.1983071864168067
ACIFORMULA,ACI Formulations PLC,156.8,1.096067053513873,3.090072320841563,-7.218934911242597,9.957924263674627,12.968299711815561,21.55038759689923,7.766323024054991,-4.556521503426535,-1.2949637820143842,127.40331548563539,2.7960262914060743,3.529459909418198
ACMELAB,ACME Laboratories Ltd.,78.7,1.1568123393316267,1.156812339331627,-3.3169533169533203,-3.90720390720391,1.156812339331627,10.37868162692848,-1.1306532663316478,-15.55793991416309,-30.904302019315192,-41.7037037037037,1.3778728757933014,1.460205619085156
ACMEPL,ACME Pesticides Ltd,25.4,1.5999999999999945,5.833333333333328,2.4193548387096686,7.627118644067784,48.53801169590641,59.74842767295596,49.41176470588235,130.90909090909088,130.90909090909088,130.90909090909088,3.620184561170087,4.260262200334323
ACTIVEFINE,Active Fine Chemicals Ltd.,5.6,0.0,-3.448275862068969,-16.4179104477612,-22.22222222222223,-26.315789473684212,3.7037037037036904,-35.632183908045974,-77.68924302788844,-77.43801646482908,-81.00869551873936,3.2142857142857197,4.009600723421615
ADNTEL,ADN Telecom Ltd.,58.5,1.2110726643598666,-0.5102040816326483,-7.728706624605676,-13.075780089153044,-1.8456375838926198,1.036269430051816,-24.516129032258064,-21.791443850267378,44.44444444444444,44.44444444444444,2.4228260734610982,2.953045031747778
ADVENT,Advent Pharma Ltd.,14.1,2.173913043478253,0.7142857142857117,-7.843137254901968,-11.875000000000002,2.919708029197083,5.22388059701492,-9.615384615384615,-41.53658556263295,-61.71511624227195,-61.71511624227195,3.304563060116283,4.037226253867954
AFCAGRO,AFC Agro Biotech Ltd.,6.2,1.6393442622950907,-3.1250000000000027,-12.676056338028161,-20.51282051282051,-20.51282051282051,24.000000000000004,-20.51282051282051,-81.49253731343283,-80.59463910003694,-72.94164997220297,3.656460725350827,3.831120039446288
AFTABAUTO,Aftab Automobiles Ltd.,26.3,0.7662835249042118,-1.4981273408239648,-7.719298245614033,-17.55485893416927,-10.847457627118642,-23.09941520467837,-27.548209366391177,-17.15499959281682,-42.92175168895535,-61.33899968495152,2.989215534044184,2.8473977713751144
AGNISYSL,Agni Systems PLC,29.8,0.3367003367003415,0.3367003367003415,-2.9315960912052073,1.706484641638225,39.25233644859814,43.26923076923077,12.030075187969922,23.65145228215767,87.48491992886176,60.792151491199625,4.276508440065833,4.134741823831107
AGRANINS,Agrani Insurance PLC,27.9,0.7220216606498169,0.0,-11.146496815286625,6.89655172413792,36.76470588235294,17.22689075630251,2.9520295202951923,-40.38068335055148,207.8745629824031,69.10755316873909,5.445677301241119,4.319010972777692
AIBL1STIMF,AIBL 1st ISLAMIC Mutual Fund 2010- Units,6.2,3.333333333333336,0.0,10.714285714285726,51.21951219512197,58.974358974358985,82.3529411764706,40.9090909090909,-31.11111111111111,-12.676056338028161,-19.48051948051948,5.901045717742633,6.923023731444468
AIL,Alif Industries Ltd.,32.5,0.9316770186335316,1.5625,-12.868632707774792,-2.1084337349397675,1.5625,-20.147420147420153,-42.06773618538325,-43.073248466564316,-70.57500008360321,-70.57500008360321,6.373878901616827,5.579361358948218
AL-HAJTEX,Alhaj Textile Mills Limited,83.5,-1.0663507109004806,19.285714285714285,-9.534127843986997,-17.895771878072765,-32.333873581847655,-39.1399416909621,-52.39452679860921,28.46153846153846,3.673973567350753,260.6263997295314,8.030836003760452,5.810023545519095
ALARABANK,Al-Arafah Islami Bank PLC,15.4,-3.749999999999998,-1.9108280254777004,-9.941520467836263,5.479452054794526,-9.941520467836263,2.666666666666669,-10.465116279069761,-36.187356387962176,24.73854588160693,-13.935327102813979,6.378514152840415,5.880784910036674
ALIF,Alif Manufacturing Company Ltd.,5.4,0.0,0.0,-3.571428571428559,-1.8181818181818117,-1.8181818181818117,35.00000000000001,-5.263157894736839,-71.57894736842105,-41.36373686411837,-68.02284133654422,4.238879877059683,3.743008028650685
ALLTEX,Alltex Industries Limited,24.2,0.8333333333333304,0.41493775933609073,2.9787234042553163,43.19526627218936,70.42253521126761,80.59701492537313,76.64233576642336,29.411764705882355,16.908212560386474,216.6913569455949,2.5694894422588934,3.676364729729109
AMANFEED,Aman Feed PLC,32.0,1.265822784810122,2.236421725239614,-17.098445595854926,-5.044510385756684,39.130434782608695,39.130434782608695,19.402985074626862,-51.807228915662655,-45.085786551799345,-4.575300825462076,3.0690446593883034,4.828881213530863
AMBEEPHA,Ambee Pharmaceuticals PLC,758.6,0.0,-0.1842105263157865,-4.566612152472003,-1.4805194805194775,0.6501260448454261,5.361111111111114,-8.602409638554215,33.90997352162401,50.81510934393639,305.8493105824386,3.3822081492242435,3.1055586918450246
AMCLPRAN,Agricultural Marketing Co. Ltd.,217.0,0.37002775208141137,1.1655011655011656,-7.2253099615220195,-0.8226691042047584,4.326923076923077,7.266435986159164,-6.906906906906905,-29.47676308092297,1.1655011655011656,76.42276422764228,2.502034896673219,2.2314813126900073
ANLIMAYARN,Anlima Yarn Dyeing Ltd.,27.1,-3.558718861209964,2.6515151515151625,-19.82248520710058,-11.72638436482084,34.15841584158417,30.288461538461544,21.524663677130047,-37.70114942528735,-9.060402684563757,35.50000000000001,9.235785502906369,8.492478372818233
ANWARGALV,Anwar Galvanizing Ltd.,112.8,0.8042895442359174,1.621621621621619,1.2567324955116619,-0.1769911504424804,17.012448132780072,30.254041570438805,42.424242424242415,-54.373034072880905,212.26524429065384,1295.8999915024588,2.2429924446424816,3.523422626321379
AOL,Associated Oxygen Ltd,16.0,4.575163398692805,0.0,-12.568306010928964,-13.04347826086956,-1.2345679012345636,5.263157894736847,-1.2345679012345636,-70.93378610346356,23.263999331613288,23.263999331613288,3.794622435751582,3.8878715754689055
APEXFOODS,Apex Foods Limited,268.3,-0.5190952910641369,2.2095238095238137,-6.287111421585749,-1.324016182419995,18.03783545974483,9.153783563873066,9.510204081632656,54.19540229885059,49.13841022790439,274.72067039106145,5.678693399161811,3.8374490361486027
APEXFOOT,Apex Footwear Ltd.,215.5,1.0787992495309622,3.110047846889952,0.32588454376163345,7.213930348258707,14.627659574468085,20.189626324595643,18.876875551632832,27.658538846460015,14.080312441918862,61.711783101408344,2.335243075816341,1.8693107626719458
APEXSPINN,Apex Spinning and Knitting Mills Ltd.,340.0,2.224894768490673,20.99644128113879,1.1603689378161193,-10.029108229690388,78.85323513940031,88.88888888888889,120.20725388601036,128.03487592219986,220.75471698113208,385.7142857142857,7.380340495573893,6.021864531609758
APEXTANRY,Apex Tannery Limited.,95.7,-0.312499999999997,0.0,-10.644257703081225,-5.247524752475245,47.23076923076924,60.57046979865772,19.625000000000004,-27.499999999999996,-31.789023521026376,30.916552667578674,6.227636849130815,4.845265124796203
APOLOISPAT,Appollo Ispat Complex Ltd.,2.9,0.0,-3.333333333333336,-12.12121212121212,-14.705882352941178,-35.55555555555556,70.58823529411765,7.407407407407397,-76.03305785123966,-77.96176842086884,-88.09416943942136,4.926108374384239,4.663880555246908
ARAMIT,Aramit Limited,185.3,-1.1733333333333273,-1.2786361214704196,-19.956803455723538,0.10804970286332634,8.362573099415211,1.9812878370941238,-22.14285714285714,-57.10648148148148,-55.25235450374306,-12.594339622641504,6.021741480876304,5.557669765861484
ARAMITCEM,Aramit Cement Limited,11.3,0.8928571428571557,1.8018018018018114,-13.740458015267167,-8.130081300813007,-11.71875,28.409090909090907,-13.740458015267167,-78.8785046728972,-68.87052341597796,-68.73283652356214,5.452072345877652,7.87174899218034
ARGONDENIM,Argon Denims Ltd.,21.5,1.8957345971563913,-3.587443946188344,-8.119658119658114,11.97916666666667,27.97619047619047,22.1590909090909,10.256410256410257,-7.016905922785095,27.981606231160818,-44.23939841927533,3.2936901214272494,4.663121084622705
ASIAINS,Asia Insurance PLC,41.7,1.2135922330097086,-0.7142857142857075,-7.333333333333327,2.457002457002457,9.162303664921465,51.63636363636365,50.00000000000001,-55.638297872340424,202.17391304347825,26.181556492328443,5.136161105216139,4.468456646731748
ASIAPACINS,Asia Pacific General Insurance PLC,47.5,1.495726495726502,-1.4522821576763543,-5.189620758483036,6.981981981981985,27.345844504021457,50.316455696202524,39.29618768328445,-36.666666666666664,229.86111111111111,40.11799410029499,3.4954850795048404,4.291965541236499
ASIATICLAB,Asiatic Laboratories Ltd,111.4,1.272727272727278,6.399235912129897,-6.228956228956221,-9.430894308943087,59.59885386819486,131.12033195020746,79.67741935483872,94.41535776614313,94.41535776614313,94.41535776614313,4.843849383092344,5.376924620465969
ATLASBANG,Atlas Bangladesh Limited,85.7,1.660735468564657,3.1287605294825616,-0.8101851851851885,19.359331476323128,31.03975535168195,51.14638447971781,40.03267973856209,-31.494804156674654,-13.927391263631737,-23.81041034357934,3.263143761072876,4.120059809931209
AZIZPIPES,Aziz Pipes Limited.,74.2,1.783264746227705,-1.7218543046357577,-8.395061728395058,1.7832647462277051,43.243243243243256,58.54700854700856,36.14678899082569,-55.833333333333336,53.11189955719236,377.19875348534043,5.378102250535279,4.863553084520386
BANGAS,Bangas Limited,121.5,0.4132231404958678,-1.6990291262135877,-9.260642270351012,-8.852213053263323,0.49627791563274964,-6.825153374233133,-5.226209048361926,-22.611464968152866,-22.783552670674847,-13.344665170875905,4.056524260041849,3.298029795517812
BANKASIA,Bank Asia PLC,16.9,0.5952380952380826,1.1976047904191576,-3.428571428571437,-9.139784946236574,-16.271689841041198,-0.34510913272554017,-0.8837841660509346,-0.6396556750400866,40.447939155572605,45.383491951382766,1.1990734537808982,1.6294771428014532
BARKAPOWER,Baraka Power Ltd.,9.9,1.0204081632653024,-3.883495145631071,-10.810810810810805,20.731707317073187,16.47058823529412,45.58823529411766,-13.157894736842104,-66.21160409556313,-54.923997228792906,-56.36983147256415,3.7114717020828962,4.98579559020348
BATASHOE,Bata Shoe Co. (Bangladesh) Ltd.,890.0,0.39481105470953193,0.45146726862302483,-2.721608919007539,2.712060011540681,5.9523809523809526,10.682750901629149,1.6910420475319874,-3.7837837837837838,-25.210084033613445,72.81553398058253,1.607627555444488,1.83197058526772
BATBC,British American Tobacco Bangladesh Co Ltd,230.8,0.043346337234513546,1.2280701754386014,-4.628099173553714,5.871559633027529,1.1836913634370965,-6.9354838709677376,-18.675123326286116,-64.43759630200309,-16.87874983717738,147.8758999426269,2.1459714426534116,1.9723627997472961
BAYLEASING,Bay Leasing and Investment Ltd.,4.7,2.1739130434782727,4.444444444444448,-7.84313725490195,2.1739130434782727,-20.33898305084746,42.424242424242436,4.444444444444448,-85.69565214032893,-69.47532324893916,-82.0880123175236,3.990338164251212,4.3893499281159025
BBS,Bangladesh Building Systems PLC,12.4,4.201680672268907,1.639344262295091,-12.056737588652478,-17.33333333333333,9.73451327433628,34.782608695652186,2.4793388429752126,-38.0,-49.03052949326564,-42.81225384970128,5.1304113613043665,4.472219838132471
BBSCABLES,BBS Cables PLC,17.0,2.4096385542168584,-1.1627906976744145,-15.0,-27.966101694915256,-4.494382022471914,11.8421052631579,-17.073170731707318,-72.83695638562865,-41.191731435672146,-41.191731435672146,4.815552030405048,4.497621953249296
BDAUTOCA,Bangladesh Autocars Limited,185.5,1.4215418261344965,0.3244997295835556,-13.358243811303128,-12.705882352941176,25.33783783783784,46.06299212598425,37.407407407407405,-3.6363636363636362,434.7562653862368,759.2354909373412,5.691064625538896,5.185062973842105
BDCOM,BDCOM Online Ltd.,29.0,1.3986013986013937,1.0452961672473893,-3.6544850498338914,-12.912912912912905,4.693140794223829,11.538461538461538,9.139785198548964,18.416667239013893,60.225947404410626,141.15709509291523,5.058377034207276,3.816074450654007
BDFINANCE,Bangladesh Finance PLC,12.2,1.6666666666666607,0.0,-6.87022900763359,-6.87022900763359,-14.685314685314694,-6.1538461538461595,3.389830508474564,-80.49472103974112,26.70306470452999,-24.909040967224342,3.1423540510035926,3.366744858203563
BDLAMPS,Bangladesh Lamps PLC,228.5,1.1957484499557078,2.7890238416554154,2.1914132379248685,33.15850815850816,69.00887573964499,69.88847583643123,45.35623409669212,-5.963461613690774,32.088060405217384,103.74583317033667,2.5838298253012892,3.581474935424175
BDTHAI,Bangladesh Thai Aluminium Ltd.,15.2,2.7027027027026933,-4.402515723270447,-6.172839506172839,-29.302325581395355,34.513274336283175,35.714285714285715,15.151515151515152,-44.32234432234433,-21.10843774365166,-4.592814954566582,5.684117616849506,4.876791975470806
BDTHAIFOOD,BD Thai Food & Beverage Ltd.,21.7,2.843601895734587,-13.200000000000003,-8.050847457627128,-18.421052631578956,29.940119760479043,50.694444444444436,30.722891566265044,79.33884297520662,79.33884297520662,79.33884297520662,7.715216787106871,4.656482802235775
BDWELDING,Bangladesh Welding Electrodes Ltd.,12.4,5.0847457627118615,4.201680672268908,-10.144927536231886,-18.42105263157894,-22.981366459627335,-31.491712707182323,25.252525252525253,-41.78403755868545,22.78431373752787,-43.56137324818969,5.505088254904024,4.306106222391942
BEACHHATCH,Beach Hatchery Ltd,27.6,1.8450184501845017,2.2222222222222276,-10.097719869706832,-16.36363636363636,-14.814814814814806,-41.025641025641015,-50.090415913200715,12.195121951219512,153.21100917431195,22.278481291267425,3.537271468089304,3.675029276277308
BEACONPHAR,Beacon Pharmaceuticals PLC,100.6,0.9027081243731108,-2.7079303675048463,-6.592386258124428,-7.195571955719568,-1.2757605495584017,-3.915950334288451,-21.406250000000004,-52.90262172284644,429.47368421052624,553.2467532467531,3.895510483553426,2.5887988491827776
BENGALWTL,Bengal Windsor Thermoplastics PLC,21.9,0.45871559633026543,0.0,-14.785992217898835,-12.400000000000004,20.99447513812153,25.862068965517242,8.415841584158413,-18.58736059479554,-46.82119210228499,-55.76126886941036,4.6047971582401095,4.593804288316369
BERGERPBL,Berger Paints Bangladesh Ltd.,1474.5,0.979317901657304,-0.06777363605557438,-1.8308921438082557,3.794171476840778,4.492948763376097,6.770456191165822,2.3958333333333335,-20.348962834917895,32.24215246636771,461.7142857142857,1.3872947537298135,0.9136851831233755
BESTHLDNG,Best Holdings PLC,15.2,0.0,0.6622516556291367,1.3333333333333286,4.109589041095888,9.352517985611502,12.592592592592588,-16.022099447513824,-48.29931972789116,-48.29931972789116,-48.29931972789116,3.802342619526036,3.770207264349809
BEXIMCO,Bangladesh Export Import Company Ltd.,20.5,1.9900497512437738,-4.651162790697675,-19.607843137254903,-47.02842377260982,-81.38056312443234,-81.38056312443234,-81.38056312443234,-84.28832112860401,4.0847047216696,-48.38049206343279,5.007859157955757,4.270799553023913
BGIC,Bangladesh General Insurance Company PLC,41.1,0.0,0.0,-2.375296912114014,4.050632911392409,27.24458204334367,33.00970873786409,21.59763313609469,-30.22071307300509,181.5068493150685,31.309904153354637,4.206759649137512,5.192794523491559
BIFC,Bangladesh Industrial Finance Company Ltd.,3.8,0.0,-5.000000000000004,-9.523809523809533,-17.391304347826086,-44.92753623188406,123.52941176470587,0.0,-50.64935064935066,-52.5,-81.3465658831439,6.429587482219059,6.058682684645464
BNICL,Bangladesh National Insurance Company Ltd,151.0,4.209799861973771,22.764227642276424,31.64777680906713,46.03481624758219,177.06422018348624,235.55555555555554,251.1627906976744,12.686567164179104,1070.5426356589146,308.1081081081081,9.036770495254524,6.685107263667975
BPML,Bashundhara Paper Mill Ltd.,25.3,0.7968127490039812,1.2000000000000028,-9.64285714285714,-10.600706713780918,-9.318996415770602,-2.3166023166023084,-30.49450549450549,-52.264150943396224,-83.6774193548387,-83.6774193548387,3.439278267385382,3.3677872915174523
BPPL,Baraka Patenga Power Ltd.,19.4,1.041666666666663,0.5181347150258957,-7.619047619047626,0.0,29.333333333333325,30.20134228187918,35.664335664335646,-58.189655172413794,-39.18495297805643,-39.18495297805643,3.804299220635704,3.3655339084538713
BRACBANK,BRAC Bank PLC,64.1,0.3129890453834049,2.5599999999999907,1.746031746031737,-3.0257186081694405,-2.104890326149976,16.637686050180935,4.7088317980799586,141.0824014608405,265.94202300147936,873.7034654543818,1.5950262874914665,1.3163954240582436
BSC,Bangladesh Shipping Corporation,112.0,0.0,1.0830324909747318,-3.4482758620689653,0.6289308176100654,1.3574660633484164,-0.26714158504006874,-2.946273830155984,127.64227642276423,178.75555644757333,124.26832175187657,2.5963076196805837,2.3340016618119157
BSCPLC,Bangladesh Submarine Cables PLC,149.4,1.7018379850238254,2.1189336978810625,-2.9870129870129833,0.40322580645160905,6.714285714285718,16.44583008573655,4.989458889669708,-28.550932568149207,28.240343347639488,241.329677861549,2.075864637809114,2.158196254113701
BSRMLTD,Bangladesh Steel Re-Rolling Mills Ltd.,96.0,-0.20790020790021085,-2.140672782874612,-1.1328527291452053,3.7837837837837838,17.35941320293399,25.819134993446923,7.865168539325842,-8.571428571428571,-37.41379322909278,112.9599993579611,2.3621492881504285,2.5609813894086653
BSRMSTEEL,BSRM Steels Limited,85.9,1.4167650531286928,-0.46349942062571436,-8.128342245989298,7.914572864321623,23.953823953823967,35.27559055118111,29.562594268476637,21.156558533145272,-7.362745190676461,52.63769254381108,2.656570264652449,2.676704758384413
BXPHARMA,Beximco Pharmaceuticals Plc,147.0,-0.13586956521738358,-2.5844930417495067,0.0,1.1004126547455255,24.470787468247252,42.71844660194175,19.51219512195122,-38.23529411764706,98.64864846073777,234.47326585356888,1.940562473289142,2.1743982802467072
CAPITECGBF,CAPITEC GRAMEEN BDT10 (MUTUAL FUND) Units,8.7,2.35294117647058,0.0,-16.346153846153857,15.999999999999991,29.850746268656703,27.94117647058823,10.126582278480997,-39.58333333333334,-39.58333333333334,-39.58333333333334,4.103082779216697,4.420343892550418
CAPMBDBLMF,CAPM BDBL Mutual Fund 01 Units,7.2,-8.860759493670887,-5.2631578947368345,-29.411764705882344,-28.0,-33.333333333333336,-28.71287128712871,-39.49579831932773,-40.983606557377044,-33.333333333333336,-33.333333333333336,8.090607544610037,6.690843608005435
CAPMIBBLMF,CAPM IBBL Islamic Mutual Fund Units,13.7,1.481481481481476,3.787878787878788,8.730158730158728,44.210526315789465,71.24999999999999,82.66666666666666,52.222222222222214,-25.13661202185793,36.99999999999999,36.99999999999999,5.7714542550262555,5.304927297545074
CENTRALINS,Central Insurance PLC,42.6,0.4716981132075539,-1.843317972350224,-4.484304932735426,2.6506024096385574,6.500000000000003,4.668304668304664,-1.6166281755196208,-33.54134165366614,229.99338328408058,61.804470129632094,3.4543048828961638,3.579570036366696
CENTRALPHL,Central Pharmaceuticals Ltd.,9.5,2.1505376344085945,-3.0612244897959253,-11.214953271028032,3.260869565217399,3.260869565217399,7.954545454545446,-8.653846153846157,-42.7710843373494,-26.40396337247349,-72.23957506903656,4.400668979792253,4.292871264626035
CITYBANK,City Bank PLC,30.2,0.6666666666666643,1.0033444816053536,-3.2051282051282053,-1.307189542483667,9.55835930867408,42.33606513334536,34.612402672937314,66.61377672317951,142.9420310203653,197.47620967011352,1.3505876963208034,1.3627421939368942
CITYGENINS,City Insurance PLC,128.3,-0.07788161993769027,0.9441384736428144,1.90627482128674,20.923656927426975,29.726996966632967,47.98154555940024,97.3846153846154,153.05719921104537,1132.0872992795826,435.168174479848,1.0323599558826237,1.0804702722997555
CLICL,Chartered Life Insurance PLC,43.1,2.8639618138424887,1.650943396226422,-10.395010395010395,-18.98496240601504,-27.92642140468227,-22.759856630824366,-26.32478632478632,291.8181818181818,291.8181818181818,291.8181818181818,4.6834135700684225,4.199548938208023
CNATEX,C & A Textiles Ltd,3.0,3.448275862068969,-3.225806451612906,-11.76470588235294,-9.090909090909086,-28.571428571428573,25.000000000000004,-3.225806451612906,-61.53846153846154,-59.75609759042237,-82.4834122848176,6.3793103448275925,6.581741129798914
CONFIDCEM,Confidence Cement PLC,61.3,3.0252100840336085,-0.8090614886731392,-5.692307692307697,-4.368174726989076,-4.218750000000004,24.08906882591093,-1.9200000000000046,-56.67740362893685,34.45509905350576,14.312992781062329,3.694612597080715,3.0512976825993023
CONTININS,Continental Insurance PLC,32.4,1.886792452830182,-3.283582089552243,-10.497237569060784,-0.9174311926605634,35.56485355648536,33.88429752066115,16.54676258992805,-39.03225791209678,160.639903898013,41.11207330962447,3.8554336174381514,4.121616476910412
COPPERTECH,Coppertech Industries Ltd,23.1,2.666666666666673,1.7621145374449434,-9.765625,-15.693430656934297,23.529411764705895,22.22222222222224,1.7621145374449434,-42.929411629079304,-10.86287432603419,-10.86287432603419,4.85028638985777,4.4229111337723825
CROWNCEMNT,Crown Cement PLC,59.8,-0.16694490818030286,-0.6644518272425344,-7.858243451463803,2.2222222222222174,19.36127744510977,27.77777777777778,1.1844331641285883,-27.95180722891567,-23.529411764705888,-25.99009900990099,4.6746445731344535,5.634578124474026
CRYSTALINS,Crystal Insurance Company Ltd,61.0,0.6600660066006577,-1.2944983818770182,-11.208151382823875,-13.105413105413108,-20.36553524804177,6.086956521739131,4.273504273504273,3.230769127538459,347.333332886,347.333332886,3.8464403486535077,4.378341072875663
CVOPRL,CVO Petrochemical Refinery PLC,158.9,1.533546325878598,3.856209150326801,-8.625646923519264,-3.638568829593693,1.4039566049776753,7.728813559322037,-4.507211532722785,-29.80321292160241,-27.37849317709714,32.65312445369417,4.687750888756484,3.287573440577734
DACCADYE,Dacca Dyeing and Manufacturing Company Limited,16.1,-0.6172839506172708,-0.6172839506172708,-3.5928143712574725,-1.8292682926829096,-9.550561797752806,-17.0103092783505,-21.463414634146336,-42.90780141843971,71.27659574468086,-42.686084201749026,4.79440464758899,4.296158204397786
DAFODILCOM,Daffodil Computers PLC.,164.0,-1.5606242496998766,-2.9011249259917142,-1.1452682338758322,1.2345679012345678,137.68115942028984,354.29362880886424,186.2129144851658,148.4848484848485,606.896551724138,944.5859872611467,2.281433089922117,2.8548551504726785
DBH,DBH Finance PLC,40.9,1.7412935323382976,0.0,-7.256235827664406,1.2376237623762376,10.242587601078158,16.857142857142854,6.510416666666667,-49.76108650690485,-41.44306550542447,19.26274729901923,2.6264737277409624,2.9661304429845416
DBH1STMF,DBH First Mutual Fund Units,5.6,1.818181818181812,-1.75438596491229,5.660377358490563,19.148936170212753,21.73913043478261,-13.84615384615385,-3.448275862068969,-31.707317073170728,-11.111111111111114,-24.32432432432433,5.73566795764354,5.098634242375117
DELTALIFE,Delta Life Insurance Company Ltd.,71.9,0.13927576601672498,0.13927576601672498,-7.464607464607462,-8.987341772151892,0.8415147265077259,6.047197640118007,-11.887254901960771,-56.18525289457647,-28.171828171828164,-97.86423801715739,3.2990016952975396,2.9881862858109827
DELTASPINN,Delta Spinners Limited,7.1,1.4285714285714235,1.4285714285714235,-6.578947368421053,4.411764705882351,12.698412698412696,41.99999999999999,24.561403508771917,-33.0188679245283,8.74683527372328,-54.68287246805014,4.387307161670636,5.121420223980299
DESCO,Dhaka Electric Supply Co. Ltd.,22.5,1.8099547511312153,1.809954751131215,-10.0,-4.661016949152548,-2.1739130434782608,9.75609756097561,-6.639004149377599,-42.89340101522842,-58.5635359116022,-66.15329504432307,2.4879710674462108,3.9732310449548285
DESHBANDHU,Deshbandhu Polymer Limited,17.6,2.923976608187134,1.7341040462427786,-11.999999999999993,-14.97584541062801,7.975460122699389,3.5294117647058907,-22.807017543859644,-25.423728813559322,69.82456129923055,-18.71747604787481,5.52069810919885,4.306078708578567
DGIC,Desh General Insurance Company Ltd,31.8,5.298013245033117,5.647840531561459,-11.420612813370468,13.571428571428573,59.0,61.42131979695433,36.48068669527897,-33.472803347280326,112.0,112.0,3.775057415129912,4.2776095116798665
DHAKABANK,Dhaka Bank PLC,11.6,0.0,-1.6949152542372972,-4.918032786885243,-4.132231404958678,-10.769230769230772,2.6548672566371585,0.8695652173913012,-9.017852208798352,8.802855203025512,-9.423799272632351,1.554748266892202,1.6187615275336584
DHAKAINS,Dhaka Insurance Limited,45.0,4.408352668213453,3.926096997690538,-4.458598726114652,7.398568019093082,18.110236220472437,25.0,17.80104712041884,-46.10778443113772,176.07361963190183,-5.588235369647056,4.632091008188247,3.6194668930669436
DOMINAGE,Dominage Steel Building Systems Ltd,61.4,0.16313213703099744,-3.1545741324921135,-5.392912172573199,-22.376738305941842,58.24742268041238,112.4567474048443,244.94382022471905,58.402948778522955,364.1839992108872,364.1839992108872,2.6984104925699954,3.3846982630187443
DOREENPWR,Doreen Power Generations & Systems Ltd.,31.0,1.3071895424836555,1.9736842105263206,-7.185628742514966,3.3333333333333335,14.814814814814815,9.9290780141844,0.9771986970684062,-54.35868515212218,-5.157330627909674,-22.018249645418496,5.153894975076808,3.8134417435864747
DSHGARME,Desh Garments Limited.,159.0,-0.562851782363981,1.9884541372674753,-15.739268680445146,8.16326530612245,50.0,36.59793814432989,21.374045801526716,-40.4291553738151,55.448656994626006,1458.5417588136104,4.2872854720401135,5.595130280185169
DSSL,Dragon Sweater & Spinning Ltd.,11.4,4.587155963302751,2.7027027027027093,-8.799999999999997,7.547169811320762,29.545454545454536,34.117647058823536,3.63636363636364,-37.77970264818378,117.23594543506398,25.532114390808886,4.517054105455744,5.296685969081349
DULAMIACOT,Dulamia Cotton Spinning Mills Limited,187.0,-0.7430997876857779,2.803738317757006,-10.526315789473685,5.709440361786316,44.848954298993036,38.51851851851852,43.84615384615385,179.1044776119403,2497.222222222222,1932.608695652174,5.380656945236376,5.952497553580389
DUTCHBANGL,Dutch-Bangla Bank PLC,47.0,1.9522776572668081,8.29493087557604,-3.2921810699588505,9.04872389791183,17.78042987396547,27.84974125226684,16.117647334773707,-9.016155109695491,122.92846730108981,105.63229300631183,2.9909250754569086,2.6953250801153925
EASTERNINS,Eastern Insurance PLC,59.6,1.1884550084889691,3.2928942807625625,-8.166409861325121,6.428571428571431,18.25396825396826,18.962075848303392,13.95793499043978,-56.49635036496351,166.0714285714286,63.28767123287671,3.694690464008341,4.028729823799899
EASTLAND,Eastland Insurance PLC,28.1,1.4440433212996466,2.930402930402933,-3.7671232876712257,7.251908396946574,37.07317073170732,50.2673796791444,30.09259259259259,-36.568848758465,95.75014113428438,-20.904153660638986,2.8368669182025434,3.3596000493144262
EASTRNLUB,Eastern Lubricants Blenders PLC,1977.4,-0.09599353306723911,-4.427259545674234,-1.7196819085487032,8.82174894061968,19.480362537764353,19.048765803732696,18.872234096530633,46.217743274894204,226.27099738934263,1544.9496117847832,1.7038461382270598,2.6340607520753028
EBL,Eastern Bank PLC,22.9,0.0,-3.7815126050420256,-4.583333333333339,-8.400000000000006,-12.315985451184964,-3.3319675871091117,-7.50196114523745,-15.681613930318774,64.14870815525789,73.23922151710413,2.3015459189693255,1.9028176475488823
EBL1STMF,EBL First Mutual Fund Units,4.6,6.976744186046507,4.545454545454529,0.0,12.195121951219512,24.32432432432431,48.38709677419353,12.195121951219512,-45.88235294117648,16.27233972690831,-32.90951349297248,7.0014094432699014,5.924410242031971
EBLNRBMF,EBL NRB Mutual Fund,3.6,2.85714285714286,0.0,0.0,12.499999999999996,24.137931034482765,56.5217391304348,12.499999999999996,-47.05882352941177,-9.846808767478981,-47.59996012822744,3.5126050420168102,5.093842002510735
ECABLES,Eastern Cables Ltd.,124.0,-0.4016064257028112,-6.0606060606060606,-13.286713286713287,1.639344262295082,5.352591333899743,10.615521855486177,-9.024211298606025,-20.512820512820515,-9.011522317873098,198.8844615446947,5.72497129000137,4.668091048875236
EGEN,eGeneration PLC,23.2,1.7543859649122744,-2.109704641350211,-12.781954887218053,-11.787072243346012,7.407407407407397,17.171717171717166,-13.754646840148698,-63.57927786499215,54.66666666666666,54.66666666666666,5.218332085832656,4.052640517176865
EHL,Eastern Housing Ltd.,85.0,0.23584905660377695,1.7964071856287425,-8.405172413793101,-3.8461538461538525,10.677083333333337,16.12021857923497,-1.7341040462427746,44.80408858603065,147.22991747962723,117.4303954968878,3.645389627606792,3.184524025167678
EIL,Express Insurance Ltd.,31.2,0.6451612903225784,0.6451612903225784,-6.865671641791047,5.050505050505051,16.41791044776119,10.638297872340425,-6.586826347305387,-17.021276595744688,108.0,108.0,3.678712611185103,3.696927260842557
EMERALDOIL,Emerald Oil Industries Ltd.,27.0,-0.3690036900369056,-3.9145907473309656,-4.929577464788728,18.421052631578945,60.71428571428571,87.5,48.35164835164836,-31.645569620253166,-23.453608328309333,-37.1730770523554,5.679683881674173,5.251241397548942
ENVOYTEX,Envoy Textiles Ltd.,71.3,1.711840228245368,-3.6486486486486527,8.854961832061065,37.11538461538461,44.33198380566802,47.010309278350505,21.465076660988068,65.81395348837208,104.82596006113772,59.12490809655009,5.308209943429251,5.492435569330483
EPGL,Energypac Power Generation PLC,17.0,1.796407185628747,-1.1627906976744145,-12.37113402061855,-12.820512820512821,1.1904761904761862,8.974358974358976,-16.66666666666666,-67.18146718146717,-63.44086021505376,-63.44086021505376,3.3034757214953188,3.533350859279862
ESQUIRENIT,Esquire Knit Composite PLC,24.0,1.6949152542372818,-0.41493775933610544,-6.976744186046513,-0.41493775933610544,15.94202898550725,16.504854368932033,-11.76470588235294,-36.8421052631579,-49.26004228329809,-49.26004228329809,4.352884360473964,4.079483935545599
ETL,Evince Textiles Ltd.,14.5,5.072463768115937,7.407407407407407,8.208955223880595,11.538461538461538,51.04166666666667,45.0,36.79245283018869,29.464285714285722,46.40198744918378,11.088945248694788,4.614487225663801,5.138395419865654
EXIM1STMF,EXIM Bank 1st Mutual Fund 2013- Units,7.4,0.0,-2.631578947368412,10.447761194029853,111.42857142857144,146.66666666666669,164.2857142857143,80.4878048780488,1.3698630136986374,28.588406088754866,-5.0799207441966026,8.011856797513529,6.514010721615937
FAMILYTEX,Familytex (BD) Ltd.,2.3,0.0,-4.1666666666666705,-17.857142857142858,-14.814814814814827,-48.88888888888889,76.9230769230769,14.999999999999991,-58.18181818181818,-67.53003022213024,-92.97651973839928,6.245059288537547,6.925532622729422
FARCHEM,FAR Chemicals Industries Ltd,16.1,3.205128205128217,8.053691275167793,-15.263157894736835,-13.90374331550801,11.805555555555562,11.0344827586207,-27.802690582959634,2.5477707006369563,-0.7145944958611842,-28.569666580950262,5.69268232038795,6.96569006355451
FAREASTLIF,Fareast Islami Life Insurance Company Limited,17.3,1.7647058823529453,-8.947368421052628,-20.27649769585253,-26.06837606837606,-23.111111111111107,-16.826923076923077,-39.29824561403509,-74.92753623188406,-65.9113299149215,-77.99999993387284,7.539432851270439,6.139396372878183
FBFIF,First Bangladesh Fixed Income Fund Units,3.5,0.0,0.0,-5.40540540540541,9.374999999999995,20.689655172413797,34.615384615384606,6.060606060606066,-39.6551724137931,-33.55645178072677,-53.336565802747046,4.136490960020377,5.16559031906224
FEDERALINS,Federal Insurance PLC,27.7,1.46520146520146,0.36231884057970243,-7.973421926910306,6.5384615384615365,39.195979899497495,44.270833333333336,22.56637168141592,-31.94103194103195,211.75484682896877,43.49926075319728,4.204673792570459,3.7842759284574923
FEKDIL,Far East Knitting & Dyeing Industries PLC.,23.0,0.4366812227074298,5.504587155963299,-1.7094017094017033,36.9047619047619,61.9718309859155,61.9718309859155,17.94871794871795,36.09467455621303,31.833920430382044,-3.321791817382688,4.258407254959774,5.5134819532658685
FINEFOODS,Fine Foods Limited,439.0,-0.5887681159420342,-0.22727272727272727,0.873161764705885,-16.808792874739442,-5.793991416309013,15.465544450289324,46.28457180939686,720.5607476635514,5391.575620898337,2748.1731082608417,3.32549729555935,3.366717298587841
FIRSTFIN,First Finance Ltd.,4.5,2.2727272727272645,7.142857142857138,-16.66666666666667,9.756097560975618,-25.0,80.0,87.5,-43.037974683544306,-26.977272774737504,-86.78727151660617,6.513641397362316,8.467188671778333
FORTUNE,Fortune Shoes Ltd.,15.8,1.9354838709677464,-2.4691358024691272,-9.714285714285712,-6.508875739644958,4.635761589403981,13.669064748201441,-3.067484662576687,-77.37727261349069,-39.79588511199983,-39.79588511199983,4.564075744799032,4.579462681284262
FUWANGCER,Fu-Wang Ceramic Industry Ltd.,13.2,3.937007874015748,-2.2222222222222276,-14.838709677419358,-13.157894736842106,14.782608695652169,14.782608695652169,-5.71428571428572,-40.54054054054054,12.62307657777168,-13.335785125249876,4.532545277424673,4.826215185787865
FUWANGFOOD,Fu-Wang Foods Limited,9.7,0.0,0.0,-14.912280701754396,-19.16666666666667,-7.619047619047626,-13.392857142857144,-35.33333333333334,-50.76142131979696,-3.6514928045008013,-41.77527484717397,3.183246054902845,4.5923475950398025
GBBPOWER,GBB POWER Ltd.,13.9,-0.7142857142857117,2.205882352941182,-7.333333333333331,67.46987951807229,57.954545454545446,117.1875,93.05555555555556,-71.10187110187111,5.760869829619572,-47.38479625477954,4.906969940210502,7.133827381290926
GEMINISEA,Gemini Sea Food PLC,111.0,4.225352112676056,1.1850501367365516,-8.566721581548602,-5.692438402718778,-9.902597402597404,-18.800292611558152,-39.010989010989015,22.55727984347927,-10.072686033722645,526.4774143491367,4.24901160972032,3.930696334205287
GENEXIL,Genex Infosys PLC,35.3,0.857142857142849,-0.5633802816901489,-8.07291666666667,0.0,30.740740740740733,31.2267657992565,37.89062499999998,-69.18004949707101,5.499984927847765,5.499984927847765,4.290151573611806,3.687288859651212
GENNEXT,Generation Next Fashions Ltd.,2.9,0.0,-3.333333333333336,-9.375000000000009,-3.333333333333336,-29.268292682926823,7.407407407407397,-12.12121212121212,-59.72222222222223,-47.62686574121208,-86.98274201157395,5.000000000000005,5.34801876373757
GHAIL,Golden Harvest Agro Industries Ltd.,12.9,2.3809523809523867,-0.7692307692307665,-12.244897959183666,-18.354430379746837,14.159292035398227,20.560747663551414,-4.444444444444442,-33.505154639175245,-8.999573264432982,-65.03156939884967,4.68076580719846,4.37202068355019
GHCL,Global Heavy Chemicals Ltd.,20.2,1.507537688442215,-2.4154589371980677,-11.013215859030838,5.208333333333334,2.5380710659898478,1.5075376884422147,-12.931034482758621,-50.73170731707317,-49.11838790931991,-75.51515151515152,6.675890078991211,5.548488167527997
GLDNJMF,ICB AMCL CMSF GOLDEN JUBILEE MUTUAL FUND,9.0,5.88235294117647,2.2727272727272645,1.1235955056179734,38.46153846153846,52.54237288135592,47.54098360655739,23.28767123287672,-18.181818181818183,-18.181818181818183,-18.181818181818183,5.902819407393106,5.382392763805015
GLOBALINS,Global Insurance PLC,44.3,0.9111617312072862,-1.9911504424778885,-6.736842105263164,20.708446866484998,65.29850746268654,73.72549019607843,58.21428571428571,-25.671140939597322,365.02188956182124,87.03049377341416,3.3313052103281127,3.8859332289852544
GOLDENSON,Golden Son Limited,12.4,0.0,-3.875968992248062,-17.33333333333333,-23.92638036809816,14.814814814814811,22.77227722772278,-5.3435114503816745,-26.190476190476193,-44.14414414414414,-68.68686868686869,4.029166704463393,4.652780000689049
GP,Grameenphone Ltd.,241.0,0.3748438150770536,0.4166666666666667,-3.5228182546036875,-6.407766990291262,-5.304518664047151,-7.3076923076923075,-20.383217707300957,-36.74540682414698,-8.01526717557252,40.44289044289045,0.8911580640298391,1.1022186119797892
GPHISPAT,GPH Ispat Limited,16.2,0.0,0.0,-10.497237569060784,-8.988764044943828,-1.219512195121947,0.621118012422347,-25.68807339449542,-66.89012911620695,-26.99156798263003,-13.49173026358161,4.241193202734562,3.760036811994325
GQBALLPEN,G.Q. Ball Pen Industries Limited,598.3,2.8713892709766045,2.7477245406148034,11.436021605513128,-5.779527559055126,23.360824742268033,33.6385972749609,24.645833333333325,337.6737381126555,748.6524822695035,341.0544858563237,4.794261454497361,4.427324391220188
GRAMEENS2,Grameen Mutual Fund One - Grameen Two Units,11.8,0.854700854700867,-2.479338842975198,-10.606060606060597,-7.086614173228336,-6.34920634920634,8.256880733944957,-9.230769230769225,-30.58823529411764,23.95959621001939,-35.557990940437634,2.2384320660182806,2.373165162663453
GREENDELMF,Green Delta Mutual Fund 2010 Units,4.7,4.444444444444448,0.0,0.0,30.555555555555557,46.875,56.66666666666668,27.027027027027025,-41.9753086419753,-24.193548387096772,-34.72222222222222,6.429818917179886,6.656487458836794
GREENDELT,Green Delta Insurance PLC,65.0,2.3622047244094486,1.5625,-5.385735080058228,2.3622047244094486,24.52107279693486,21.268656716417905,27.701375245579573,-43.82022471910112,65.38037899984836,24.685656406336626,3.628550939212999,4.105372283425505
GSPFINANCE,GSP Finance Company PLC,3.7,2.77777777777778,5.71428571428572,-7.499999999999996,2.7777777777777803,-37.28813559322034,131.25,23.33333333333334,-84.70192310751922,-65.06070036160409,-74.56313107440981,4.639589169000938,5.911304167053833
HAKKANIPUL,Hakkani Pulp & Paper Mills PLC,71.2,-0.9735744089012556,2.593659942363108,-8.48329048843187,-8.129032258064512,-4.9399198931909245,5.1698670605613,-12.098765432098762,-18.34862385321101,42.68537074148298,282.79569892473114,5.198825753447579,3.7999191528515857
HAMI,Hami Industries PLC,158.0,1.347017318794095,6.111484217595698,-1.0025062656641568,5.333333333333333,0.7653061224489723,46.84014869888477,21.913580246913586,-9.662664379645515,-9.662664379645515,-9.662664379645515,4.80673645461248,4.537200438947381
HEIDELBCEM,Heidelberg Materials Bangladesh PLC,212.0,1.0004764173415885,2.6634382566585955,-4.332129963898915,-7.017543859649122,-14.927768860353128,-3.152124257651898,-15.705765407554672,-40.16370307648886,-61.172161172161175,-19.696969696969695,2.6913096837872397,3.006296978425845
HFL,Hamid Fabrics PLC,12.7,0.0,-1.5503875968992331,-20.12578616352202,-14.765100671140948,28.28282828282827,95.38461538461537,49.41176470588235,-38.04878048780488,-24.404761904761912,-77.81197997974606,7.86761940615481,6.296404541417369
HRTEX,H.R. Textile Mills Ltd.,17.1,2.3952095808383365,-2.2857142857142776,-17.391304347826075,-16.990291262135923,-18.95734597156398,-6.557377049180324,-31.599999999999994,-75.44386425573168,-17.500000090460524,-39.415644074955665,6.169139585273731,4.9941179825610975
HWAWELLTEX,Hwa Well Textiles (BD)PLC,46.6,-0.4273504273504183,-3.9175257731958735,-6.048387096774193,5.668934240362812,6.392694063926951,4.484304932735426,-4.508196721311467,1.3043478260869596,47.0031545741325,16.500000000000004,4.72372840898727,3.9153334336104244
IBNSINA,BN SINA Pharmaceutical Industry PLC,317.5,0.8576874205844945,1.3082322910019217,0.0,0.7296954314720848,-1.0595200997195318,0.7936507936507936,-0.4077791718946083,6.650990930466917,70.92531787859276,430.0434950937517,1.788531694435756,1.4868678650890301
IBP,Indo-Bangla Pharmaceuticals Ltd.,15.3,0.6578947368421146,-3.1645569620253164,-11.04651162790697,1.3245033112582851,15.037593984962406,36.60714285714287,10.869565217391305,-22.36945842712848,-41.59714629853892,-41.59714629853892,4.655540558104481,4.826554831028622
ICB,Investment Corporation of Bangladesh,39.7,1.01781170483462,-0.7499999999999929,-9.772727272727266,-8.525345622119806,2.8497409326424905,8.767123287671241,-25.51594746716697,-67.87434215404343,-47.32992530991501,-63.70367768033433,4.03476509998764,3.8981958878697185
ICB3RDNRB,ICB AMCL Third NRB Mutual Fund 2010 Units,6.2,5.0847457627118615,6.896551724137938,6.896551724137938,31.914893617021274,40.9090909090909,51.21951219512197,34.782608695652186,-11.428571428571427,44.186046511627914,-12.676056338028161,4.61688311688312,4.547582309058012
ICBAGRANI1,ICB AMCL First Agrani Bank Mutual Fund Units,8.1,3.8461538461538445,-1.219512195121947,-1.219512195121947,10.958904109589039,26.56249999999999,26.56249999999999,10.958904109589039,-10.000000000000004,-5.813953488372094,-5.813953488372094,5.560405975595849,4.095936626671689
ICBAMCL2ND,ICB AMCL Second Mutual Fund Units,8.1,3.8461538461538445,9.459459459459449,2.531645569620244,30.64516129032257,39.6551724137931,44.642857142857146,34.99999999999999,-44.89795918367347,72.34042553191487,6.578947368421053,6.5861315861315815,5.684102745921348
ICBEPMF1S1,ICB Employees Provident Mutual Fund One Scheme One Units,6.2,1.6393442622950907,-3.1250000000000027,-3.1250000000000027,-3.1250000000000027,21.568627450980404,82.3529411764706,31.914893617021274,-20.51282051282051,10.714285714285726,-25.301204819277114,6.156020350480499,7.275729659754339
ICBIBANK,ICB Islamic Bank Limited,2.6,0.0,-3.703703703703707,-3.703703703703707,-7.1428571428571335,-25.71428571428571,8.333333333333341,8.333333333333341,-61.764705882352935,-33.33333333333333,-65.33333333333334,5.538461538461544,5.205224599961447
ICBSONALI1,ICB AMCL Sonali Bank Ltd 1st Mutual Fund 2013- Units,7.8,9.859154929577468,9.859154929577468,27.8688524590164,52.94117647058824,73.33333333333333,85.7142857142857,49.999999999999986,-8.23529411764706,34.48275862068966,-35.0,6.0330041580041565,6.331020153071608
ICICL,Islami Commercial Insurance PLC.,35.4,0.0,-4.324324324324328,-3.804347826086953,24.647887323943664,66.9811320754717,58.03571428571429,55.947136563876654,142.4657534246575,142.4657534246575,142.4657534246575,3.043849464208378,3.3344181599745273
IDLC,IDLC Finance PLC.,42.9,0.941176470588232,-0.23255813953488702,-5.506607929515419,4.126213592232999,8.804348098097831,25.824022660928758,8.804348098097831,-32.88903665683588,7.203768535624664,-9.264628967236748,3.0047598428562914,2.6119052328126395
IFADAUTOS,IFAD Autos PLC,23.3,0.8658008658008627,-2.916666666666664,-7.539682539682534,-10.727969348659006,6.8807339449541285,7.373271889400929,-9.338521400778205,-54.87025938985677,-51.62253609109702,32.54215662427352,3.391864737775345,3.6194321083825205
IFIC,IFIC Bank PLC,5.1,-1.9230769230769333,8.510638297872328,6.2499999999999964,0.0,-15.000000000000005,8.510638297872328,-12.068965517241383,-63.97925778189925,-31.962335709802232,-51.9990455829054,7.597993795112863,4.501996602953074
IFIC1STMF,IFIC Bank 1st Mutual Fund Units,4.1,2.499999999999991,-2.3809523809523934,-6.818181818181833,13.888888888888877,36.66666666666666,63.999999999999986,20.588235294117638,-35.93750000000001,2.945652243289452,-36.47500001282121,5.615384615384615,6.1448567974816255
IFILISLMF1,IFIL Islamic Mutual Fund - 1 Units,6.0,5.263157894736839,9.090909090909092,11.111111111111104,36.36363636363635,53.84615384615385,76.47058823529412,42.85714285714285,-9.090909090909086,-4.761904761904759,-4.761904761904759,4.851609028577147,3.527776653674277
INDEXAGRO,Index Agro Industries Ltd,68.2,1.7910447761194073,-0.14641288433381305,-8.45637583892617,-4.615384615384611,3.647416413373869,1.943198804185347,-12.350060986017885,-44.48837195424419,-4.519999761300001,-4.519999761300001,4.317097002464581,3.873568758862106
INTECH,Intech Ltd.,24.9,2.469135802469127,6.410256410256411,-5.323193916349818,-27.616279069767444,-41.822429906542055,-21.451104100946377,-29.46175637393767,-39.119804400978,147.17804887152164,104.37504962866413,5.310078903236968,4.858420193038836
INTRACO,Intraco Refueling Station PLC,22.3,-0.8888888888888857,-2.1929824561403506,-3.0434782608695623,7.211538461538462,19.892473118279565,8.780487804878051,-16.479400749063668,-0.47933929863177666,-52.03962070679853,-52.03962070679853,2.3404023771670834,2.180643040222754
IPDC,IPDC Finance PLC,33.3,2.1472392638036677,5.047318611987374,-4.584527220630377,14.827586206896543,79.3076927076864,83.06282763246963,58.9318185791477,-7.608311828282375,121.50770341164987,537.0512069661124,4.063133263373327,4.1255962318152815
ISLAMIBANK,Islami Bank Bangladesh PLC,27.2,1.115241635687735,-2.1582733812949693,-4.225352112676054,-21.387283236994225,-36.0,-17.575757575757578,-36.5967365967366,-9.333333333333336,-9.634551495016618,-30.418604720744185,3.7191587848338767,2.7211999721518856
ISLAMICFIN,Islamic Finance & Investment PLC,11.0,0.9174311926605472,0.0,-5.172413793103446,0.9174311926605472,-4.3478260869565215,15.789473684210526,46.666666666666664,-66.56534954407294,-14.93700000683906,-39.68259989375331,2.6267127368044783,3.058626381567349
ISLAMIINS,Islami Insurance Bangladesh Limited,62.7,3.636363636363641,7.179487179487184,-1.4150943396226392,5.912162162162162,65.00000000000001,67.20000000000002,52.92682926829269,-19.096774193548384,429.388403673224,232.9226144384664,4.124986060460637,4.003559990611768
ISNLTD,Information Services Network Ltd.,55.3,6.756756756756757,23.162583518930955,-8.443708609271525,-8.896210873146632,-33.29312424607962,-29.464285714285722,-50.625,17.6595744680851,360.0960007361536,265.98545599608775,7.449887622011769,5.726903067091454
ITC,IT Consultants PLC,45.6,2.242152466367713,0.0,-1.9354838709677389,7.294117647058826,18.441558441558445,18.441558441558445,4.827586206896555,4.827586206896555,39.365136472961495,55.21567775123624,3.190998661723812,2.7896385299088173
JAMUNABANK,Jamuna Bank PLC,23.2,-1.276595744680854,0.4329004329004236,-4.132231404958678,-3.333333333333336,-3.333333333333336,9.952606635071078,7.407407407407397,21.195312232816086,170.88540071341149,98.25504844923117,2.3651991802819037,1.71616094959306
JAMUNAOIL,JAMUNA OIL PLC,177.7,-0.05624296962880919,1.0233086981239243,-0.7262569832402298,0.5090497737556432,-1.2229016120066798,5.0236406619385345,-4.049676025917927,-5.929062996294345,-5.978835978835985,10.685164099467633,1.0613260411620309,1.0350443933387101
JANATAINS,Janata Insurance PLC,32.2,0.9404388714733677,-3.5928143712574725,-7.204610951008645,-9.295774647887315,28.286852589641438,32.51028806584363,21.969696969696987,-38.41961445267605,284.0082429062793,-82.77870726763774,4.624225641755795,4.331796594102314
JHRML,JMI Hospital Requisite Manufacturing Ltd,43.9,1.1520737327188941,-0.6787330316742177,-13.069306930693072,-15.90038314176246,-0.45351473922903135,4.028436018957335,-23.11733800350263,99.54545454545455,99.54545454545455,99.54545454545455,3.293469898965668,3.504368765423439
JMISMDL,JMI Syringes & Medical Devices Ltd.,131.5,-0.8295625942684723,1.38781804163455,-9.310344827586206,-3.3088235294117645,9.583333333333334,11.440677966101696,-9.68406593406593,-55.312343970479006,10.326958316294192,279.7027588918045,4.437857632258379,4.34118583387432
JUTESPINN,Jute Spinners Limited,206.4,-0.6737247353224282,-1.2440191387559782,-4.488662656177691,-1.6674606955693188,-6.4369900271985445,5.737704918032796,-3.1894934333958647,24.337349397590366,268.57142857142856,210.37593984962405,1.6887821455703853,3.194102004340179
KARNAPHULI,Karnaphuli Insurance PLC,54.3,1.495327102803733,-2.688172043010753,-4.569420035149387,50.41551246537394,85.32423208191125,90.52631578947367,73.48242811501596,10.365853658536572,449.22706673075584,98.92100623047298,3.289624097193051,4.341859216586141
KAY&QUE,Kay and Que (Bangladesh) Ltd.,390.0,0.7751937984496124,11.301369863013706,-7.142857142857143,-9.3234131597303,-16.30901287553648,3.3386327503974624,12.093275063403683,29.88392997497519,1410.3893794896514,1863.5061933365469,4.619998091935646,3.597255629582682
KBPPWBIL,Khan Brothers PP Woven Bag Industries Ltd,36.6,6.395348837209311,22.408026755852852,-4.438642297650119,-14.883720930232556,-28.0943025540275,-23.749999999999996,-77.6829268292683,148.9795918367347,86.9815899975112,9.34444646632417,7.773803131887332,5.363719519757864
KDSALTD,KDS Accessories Ltd.,45.4,0.6651884700665125,1.3392857142857175,-7.157464212678937,-12.355212355212354,13.784461152882207,10.462287104622863,-9.920634920634921,-32.286931648899156,-23.945149987307353,-12.993251686458798,3.189073077460249,3.087146960308823
KEYACOSMET,Keya Cosmetic Ltd.,5.3,0.0,5.9999999999999964,-5.357142857142854,5.9999999999999964,-5.357142857142854,17.777777777777775,10.416666666666668,-40.449438202247194,-28.640800292401455,-66.09240696732275,4.793117246898759,5.25972206040873
KOHINOOR,Kohinoor Chemical Company (Bangladesh) PLC,528.3,0.3228256741359536,0.609407731860585,-3.2417582417582502,4.779849266164214,3.446250244762085,5.681136227245445,5.08679917158589,53.084868104298565,321.8104347989449,1043.6850997388888,1.514312653311383,2.0033694736819303
KPCL,Khulna Power Company Ltd.,10.6,0.0,-0.9345794392523332,-9.4017094017094,-1.8518518518518616,-7.826086956521742,0.952380952380949,-9.4017094017094,-78.62903225806451,-81.07142859170918,-75.46492982367894,3.448929314564045,4.097175057678037
KPPL,Khulna Printing & Packaging Ltd,13.1,-2.238805970149259,4.799999999999997,-12.666666666666668,-13.815789473684209,-19.1358024691358,-18.125000000000004,-17.088607594936715,-13.245033112582782,43.956043956043956,-61.9788918597051,5.604886677390095,4.6518844112837545
KTL,Kattali Textile Ltd.,12.9,1.574803149606308,2.3809523809523867,4.878048780487802,24.038461538461537,31.63265306122448,11.206896551724142,-5.147058823529407,-53.92857142857143,-32.569120426907595,-32.569120426907595,3.7138250256764653,4.762276859859958
LANKABAFIN,LankaBangla Finance PLC,14.8,2.0689655172413843,-0.671140939597313,-14.942528735632171,-9.756097560975597,-6.329113924050633,20.32520325203252,-12.426035502958568,-66.51583710407239,-21.040670686646532,-48.3120084797894,2.8151935210308934,3.202931295196451
LEGACYFOOT,Legacy Footwear Ltd.,69.9,0.0,-2.1008403361344534,-3.7190082644627944,-1.5492957746478793,22.4168126094571,28.96678966789668,5.589123867069491,-9.338521400778196,174.6071417194847,346.3686291299846,3.437802886265822,3.128053169078745
LHB,LafargeHolcim Bangladesh PLC,53.2,1.3333333333333388,3.5019455252918372,-4.488330341113106,-3.9711191335739997,-1.115241635687722,12.951167728237793,-2.2058823529411686,-29.06666666666666,-33.91304347826087,631.9843660412536,2.558607694363333,2.364892123101982
LIBRAINFU,Libra Infusions Ltd.,574.6,0.10452961672474265,0.4545454545454585,-7.620578778135045,-10.050093926111447,-12.608365019011405,-9.654088050314462,-26.143958868894597,-12.939394374696965,56.709090753806464,387.86792402202383,2.4802620981602215,2.7723628621892873
LINDEBD,Linde Bangladesh Limited,687.0,1.2378426171529586,1.2826183104820943,-2.414772727272727,-1.899186063115801,-13.388804841149778,-9.486166007905139,-26.05747497578302,-58.664259927797836,-52.94198232755669,33.26867119301649,1.9415044523777818,1.1726212953588053
LOVELLO,Taufika Foods and Lovello Ice-cream PLC,53.5,6.361829025844937,16.557734204793032,-17.43827160493827,-22.463768115942027,-24.54160789844852,-21.554252199413494,-42.50255871297965,78.0763691326749,311.95000053965447,311.95000053965447,6.582007628511488,6.60822182514735
LRBDL,Lub-rref (Bangladesh) Ltd,14.2,0.0,2.8985507246376705,-9.554140127388536,18.33333333333333,26.78571428571429,43.43434343434342,-3.4013605442176873,-71.37096774193549,-64.93827160493827,-64.93827160493827,7.017779172221164,4.881261751112331
LRGLOBMF1,LR Global Bangladesh Mutual Fund One Units,4.4,2.32558139534885,-2.2222222222222143,0.0,22.22222222222223,37.5,57.14285714285717,25.714285714285722,-51.64835164835164,-30.15873015873015,-52.17391304347825,4.310023498906091,5.782588986695753
MAGURAPLEX,Magura Multiplex PLC,83.1,0.3623188405797067,2.5925925925925855,-7.2544642857142865,-3.259604190919687,0.6053268765133172,-0.9535160905840421,-21.232227488151665,-52.185402447722325,365.0155419693608,365.0155419693608,3.0183916467172445,3.198622136727857
MAKSONSPIN,Maksons Spinning Mills PLC,5.9,0.0,-1.6666666666666607,-6.34920634920634,0.0,-13.23529411764705,25.531914893617024,-18.05555555555555,-78.62318840579711,-10.217391148204156,-63.45646050088344,4.574572023278534,4.959147825347801
MALEKSPIN,Malek Spinning Mills PLC,48.7,0.2057613168724309,4.059829059829072,-2.7944111776447076,61.79401993355482,75.17985611510791,68.51211072664361,46.246246246246265,38.35227272727273,191.61676646706587,94.80000000000001,3.605969143922378,5.19554500406424
MARICO,Marico Bangladesh Limited.,2668.8,0.6676473916487599,-0.7881040892193241,-2.5985401459853947,-3.3428705950526867,-4.378359011107124,0.5917605819607354,-5.69611307420494,12.659884334501248,117.86122448979594,610.7323568575234,0.9993907237734957,0.8990517175992143
MATINSPINN,Matin Spinning PLC,63.8,-0.15649452269170802,-2.891933028919339,-6.176470588235298,23.404255319148927,38.69565217391304,37.20430107526881,17.064220183486235,6.333333333333329,63.17135549872121,41.77777777777777,2.8948825942500207,3.755538953750061
MBL1STMF,MBL 1st Mutual Fund 2010- Units,10.4,8.333333333333341,6.122448979591833,23.80952380952381,160.0,160.0,205.88235294117646,136.36363636363635,26.829268292682944,65.07936507936509,50.724637681159415,7.220980569817781,5.98570488058682
MEGCONMILK,Meghna Condensed Milk Industries Ltd.,33.7,0.29761904761905184,-0.5899705014749137,-2.3188405797101366,-3.714285714285706,2.12121212121213,134.0277777777778,82.16216216216218,51.80180180180182,374.6478873239437,254.7368421052632,7.412132688370981,6.509193745055053
MEGHNACEM,Meghna Cement Mills PLC,30.0,3.806228373702427,-1.9607843137254948,-4.761904761904762,-2.280130293159607,-9.909909909909903,2.3890784982935127,-40.476190476190474,-62.57677773540479,-64.06374398534749,-59.38544643336208,7.6774056548162495,5.576137281632921
MEGHNAINS,Meghna Insurance PLC,35.0,1.1560693641618456,-0.28490028490028896,-10.48593350383632,5.7401812688821705,29.62962962962963,24.55516014234875,33.58778625954199,218.1818181818182,218.1818181818182,218.1818181818182,4.15896230011979,4.302304557902099
MEGHNALIFE,Meghna Life Insurance PLC,51.4,0.0,-4.460966542750927,-9.666080843585238,-12.136752136752138,-2.651515151515149,1.1811023622047272,-18.412698412698415,-45.36050441945808,33.86676450531843,-21.08001520149378,7.558997750337409,4.774642893256431
MEGHNAPET,Meghna Pet Industries Ltd.,77.0,5.191256830601089,18.644067796610162,-8.114558472553696,11.594202898550725,181.02189781021897,253.21100917431193,187.3134328358209,150.81433224755702,1205.0847457627117,1103.1249999999998,8.39884130579973,7.65776502372251
MERCANBANK,Mercantile Bank PLC,6.8,0.0,1.4925373134328306,-5.555555555555561,-8.108108108108116,-25.274725274725274,-8.108108108108116,-26.881720430107535,-56.65000013872,-1.330365726065932,-34.275637119867916,2.736735900915007,2.956103471058472
MERCINS,Mercantile Islami Insurance PLC,49.0,-0.6085192697768705,0.40983606557377633,11.363636363636363,24.050632911392405,105.02092050209205,92.15686274509804,91.40625,-11.711711711711711,308.3333333333333,77.60517853611421,5.4839810258099275,5.093365631593482
METROSPIN,Metro Spinning Ltd.,9.8,-1.0101010101010066,-4.854368932038835,-5.769230769230766,4.255319148936174,-9.25925925925926,15.29411764705883,-17.64705882352941,-65.81395340886965,36.30909078889108,-34.78940817281645,5.466982487103134,5.421067291285129
MHSML,Mozaffar Hossain Spinning Mills Ltd.,20.9,-0.476190476190483,6.632653061224475,-0.9478672985782125,-8.333333333333343,16.111111111111104,54.81481481481481,18.079096045197737,-5.855855855855858,28.432213328172644,-15.535752460537603,5.398460595572857,4.875039486985078
MIDASFIN,MIDAS Financing PLC,4.8,2.1276595744680775,-4.0000000000000036,-17.24137931034483,-15.789473684210531,-32.394366197183096,6.6666666666666625,-23.80952380952381,-77.45116279824892,-67.18375856391097,-80.48906008978095,4.727104532839969,4.23471350026626
MIDLANDBNK,Midland Bank PLC,17.0,1.796407185628747,0.0,-6.07734806629835,4.294478527607358,4.294478527607358,-0.5847953216374352,-16.256157635467982,94.5555548357,94.5555548357,94.5555548357,2.9559459242041246,2.7891425402262184
MIRACLEIND,Miracle Industries Limited,27.2,0.740740740740738,0.0,-7.796610169491528,-3.546099290780142,-7.167235494880551,-14.46540880503145,-21.83908045977011,-30.612244897959194,19.272910635373762,195.12590796028095,2.893070814291696,3.3380052900489354
MIRAKHTER,Mir Akhter Hossain Ltd,34.9,0.5763688760806793,7.71604938271605,-8.877284595300258,-17.29857819905214,24.64285714285714,26.44927536231883,5.12048192771083,-61.606160616061615,-56.91358024691358,-56.91358024691358,6.082281546972959,4.370044029085309
MITHUNKNIT,Mithun Knitting & Dyeing (CEPZ) Ltd.,13.8,2.2222222222222276,0.0,-11.538461538461531,-10.389610389610388,-20.689655172413783,-5.479452054794513,-19.76744186046511,-27.748691099476442,-78.43749991240233,-73.56725759235039,4.6848616724895935,5.250911672461553
MJLBD,MJL Bangladesh PLC,91.5,0.4390779363337055,0.3289473684210495,-0.7592190889370963,-0.32679738562091193,0.4390779363337055,1.6666666666666667,-8.040201005025125,-7.200811359026364,-14.977875893639382,60.76041643345242,1.3132400504267272,1.4571210913350652
MLDYEING,M.L. Dyeing & Textile Ind. PLC,12.0,3.448275862068969,0.8403361344537785,-16.666666666666668,10.091743119266052,33.333333333333336,42.85714285714285,25.000000000000004,-59.32203389830509,73.88000073412137,73.88000073412137,6.83574404135152,6.83020004171111
MONNOAGML,Monno Agro & General Machinery Ltd.,310.9,-0.1926163723916606,-2.843750000000007,-9.04037448800469,-11.04434907010015,-12.545710267229259,-15.85926928281462,-18.952033368091772,-23.03016863011585,722.1393629266564,2400.072917453191,5.1572018555060355,4.092622890495543
MONNOCERA,Monno Ceramic Industries Limited.,84.7,-0.11792452830188009,2.7912621359223264,-6.512141280353191,-9.21757770632368,4.05405405405405,3.545232273838638,-8.234019501625129,-51.32183908045977,231.3545977782247,394.5774181523772,4.310089570304539,3.3181639644562977
MONNOFABR,Monno Fabrics Ltd.,19.7,1.5463917525773232,-3.9024390243902474,-12.053571428571427,-12.053571428571427,-12.444444444444446,-7.943925233644857,-4.368932038834961,-16.525423728813568,-16.525423728813568,-16.525423728813568,4.658379910992936,4.669030802271174
MONOSPOOL,Monospool Bangladesh PLC,105.9,1.0496183206106953,-0.7497656982193038,-5.699020480854845,-0.8426966292134752,14.486486486486491,11.826821541710668,7.205105314358033,-29.935408228253575,121.42727183149877,121.42727183149877,4.31350872263252,3.180644788505293
MPETROLEUM,Meghna Petroleum PLC,206.7,0.0,0.29112081513827964,-2.0379146919431332,-2.3618327822390177,1.9230769230769118,7.265179034769072,0.3398058252427129,0.3398058252427129,14.833333333333329,44.82165590613374,0.9650485138101932,1.0930438795282083
MTB,Mutual Trust Bank PLC,13.2,2.325581395348829,1.538461538461533,-2.2222222222222276,2.325581395348829,27.36984699158701,34.61853746233447,30.378583512902328,5.448825611036889,109.15324541514337,171.76302830516528,3.505291578914557,3.1282778906089677
NAHEEACP,Nahee Aluminum Composite Panel PLC,35.6,-0.2801120448179311,4.093567251461984,5.9523809523809526,6.586826347305398,67.92452830188681,92.43243243243245,37.451737451737465,-29.224652087475143,-43.515539375306794,-43.515539375306794,8.87041275498318,6.441627150698639
NATLIFEINS,National Life Insurance PLC,94.7,0.21164021164021465,1.1752136752136844,-6.237623762376235,-7.429130009775165,-6.69950738916256,0.9594882729211148,-14.530685920577614,-60.78674948240166,-26.285609621554816,-30.286157338396162,3.374830858925984,2.6464977558279887
NAVANACNG,Navana CNG Limited,19.5,0.5154639175257806,-2.9850746268656785,-9.722222222222229,-11.363636363636363,-5.797101449275359,-8.450704225352116,-14.847161572052398,-43.86749318990713,-52.11859664356598,-66.92499970279569,3.372203513332548,3.2154385460593886
NAVANAPHAR,Navana Pharmaceuticals PLC,63.5,2.750809061488678,-0.4702194357366727,-5.223880597014926,-11.805555555555555,9.482758620689655,21.183206106870234,6.722689075630252,140.53030303030303,140.53030303030303,140.53030303030303,3.037117877017179,2.9604891252659757
NBL,National Bank PLC,3.5,2.941176470588238,2.941176470588238,-2.7777777777777803,-12.5,-32.69230769230769,9.374999999999995,-2.7777777777777803,-59.302325581395344,-38.658321917705464,-67.19753777895657,6.045008912655975,4.343867730505284
NCCBANK,National Credit and Commerce Bank PLC,14.4,0.6993006993006968,-2.040816326530605,-6.4935064935064934,-9.999999999999998,15.2000528998643,22.754154771220765,20.774248987663327,2.8540853725207582,98.19513954029962,30.719419289582614,1.8400188364227978,2.174594291862812
NCCBLMF1,NCCBL Mutual Fund-1 2012- Dividend Units,6.8,0.0,0.0,4.615384615384612,58.139534883720934,65.85365853658537,70.0,38.77551020408162,-22.727272727272734,7.936507936507937,-43.333333333333336,5.540595433977788,6.114537181717758
NEWLINE,New Line Clothings Ltd.,5.5,1.8518518518518452,-1.7857142857142796,-17.910447761194032,-1.7857142857142796,-20.289855072463773,37.5,-6.7796610169491585,-82.02614379084967,-77.96067497670477,-77.96067497670477,4.950055493895675,5.775997577529243
NFML,National Feed Mill Ltd,16.2,9.459459459459449,1.2499999999999956,-12.432432432432435,-21.359223300970882,1.886792452830182,14.893617021276594,63.636363636363626,-45.09395974075605,14.522545941217684,-41.92253078431479,6.295049796090824,5.714260296540141
NHFIL,National Housing Finance PLC,26.5,1.5325670498084236,-1.1194029850746294,-9.86394557823129,-5.357142857142857,12.288135593220334,17.77777777777778,3.1128404669260727,-67.96703299906594,-17.57069423976008,-13.226159760044206,2.7495661810567564,3.491076170030222
NITOLINS,Nitol Insurance PLC,56.4,1.0752688172043037,0.35587188612098886,21.29032258064516,68.8622754491018,101.42857142857143,100.71174377224197,109.66542750929369,-15.035867799728287,261.55073270938766,136.7660711734804,4.218621825687651,4.376538360549032
NORTHERN,Northern Jute Manufacturing Co. Ltd.,98.0,1.1351909184726463,-6.666666666666667,-12.343470483005365,-6.844106463878329,-17.922948073701846,14.888628370457212,-11.231884057971017,-73.51351351351352,-58.75131516243951,553.3333376888888,3.52403547039228,4.690675481184768
NORTHRNINS,Northern Islami Insurance PLC,36.5,1.3888888888888888,-3.9473684210526314,-9.203980099502495,-6.524390010213415,34.00349683850524,37.8597125748651,19.76562529941406,-34.82142840848215,157.05792717566953,19.39779353845808,4.125635659229321,4.190854272424278
NPOLYMER,National Polymer Industries PLC,31.7,0.9554140127388558,2.25806451612903,-6.764705882352943,-2.7607361963190247,14.855072463768106,19.17293233082706,-8.11594202898551,-49.76228209191759,-24.340218343470664,119.64967339115596,3.4120324573269816,3.1852236946568144
NRBBANK,NRB Bank PLC,6.6,0.0,1.538461538461533,-2.941176470588238,9.999999999999995,-7.042253521126761,8.196721311475411,-25.84269662921349,-26.66666666666667,-26.66666666666667,-26.66666666666667,3.736485736485737,2.994102574194946
NRBCBANK,NRBC Bank PLC,9.2,1.098901098901095,2.2222222222222143,-3.157894736842113,24.32432432432431,39.39393939393939,80.3921568627451,39.39393939393939,-63.48038879551352,-27.654650041915996,-27.654650041915996,3.3967297930877884,4.030740716025658
NTC,National Tea Company Limited,155.8,1.3662979830839446,2.5000000000000075,-6.818181818181805,1.8300653594771317,-8.298999411418478,-10.356731875719216,-20.1025641025641,-73.27157316863956,-70.76923076923077,-79.76623376623378,1.8809540838074001,3.444468583366522
NTLTUBES,National Tubes Limited,61.3,-0.48701298701299395,-2.388535031847134,-7.1212121212121255,-6.41221374045802,5.145797598627787,-1.9200000000000046,-24.03965303593557,-49.33884297520661,-34.007845851345046,160.14298550829446,3.180008823871263,2.6878526137698078
NURANI,Nurani Dyeing & Sweater Ltd.,3.0,3.448275862068969,-3.225806451612906,-25.0,-6.250000000000005,-28.571428571428573,50.0,11.111111111111104,-67.03296703296704,-82.27108003686878,-82.27108003686878,7.148330596606463,7.845045048765469
OAL,Olympic Accessories Ltd,6.3,1.6129032258064457,-3.0769230769230798,-8.695652173913052,-3.0769230769230798,-10.000000000000002,10.526315789473678,-10.000000000000002,-52.631578947368425,-63.82305080998075,-73.89884798575837,4.635158511772987,3.8214113207426355
OIMEX,Oimex Electrode Ltd.,13.8,2.2222222222222276,-7.999999999999996,-13.207547169811319,-11.538461538461531,0.7299270072992805,-9.80392156862745,-46.92307692307692,-46.303501945525284,-72.3239067902721,-72.3239067902721,4.270608252716396,5.228463124132442
OLYMPIC,Olympic Industries PLC.,146.0,0.5509641873278316,1.108033240997226,-1.9476158495634692,-3.3112582781456954,-4.761904761904769,6.104651162790702,-11.138161898965313,-26.150733434496708,-48.729096861789294,97.59398624305273,1.7681583009078334,1.8606359593637725
ONEBANKPLC,One Bank PLC,7.8,2.631578947368424,2.6315789473684235,-3.7037037037037015,-2.500000000000002,-1.2658227848101333,11.428571428571427,1.298701298701294,-15.02105224872643,-15.02105224872643,-15.02105224872643,2.9441441441441434,2.442936632143829
ORIONINFU,Orion Infusion Ltd.,232.3,8.703790360318214,20.80083203328133,-0.4712939160239907,-25.064516129032256,-35.472222222222214,-31.69655983534255,-56.16981132075472,179.20673076923077,229.97159090909088,405.0,8.225481120099406,5.741996412900488
ORIONPHARM,Orion Pharma Ltd.,25.1,-0.39682539682538837,0.4000000000000057,-8.394160583941597,-10.357142857142852,-14.33447098976109,-7.72058823529411,-33.244680851063826,-63.6231884057971,-33.06666666666666,-63.26829253599999,4.750506794298802,3.6304086951138785
PADMALIFE,Padma Islami Life Insurance Ltd.,15.7,1.2903225806451568,-1.8750000000000044,-10.795454545454557,-16.93121693121693,-7.647058823529415,-5.9880239520958085,-25.238095238095244,-70.76350093109869,-21.499999686000006,-67.95716536724876,4.3071902630476515,3.331988378356705
PADMAOIL,Padma Oil PLC,194.4,-0.30769230769230477,0.7776049766718507,-2.2132796780684134,4.235924932975874,8.421639709983266,14.690265486725666,-1.8181818181818152,-16.025917926565874,3.4042553191489393,14.352941062117656,0.9139571519716384,0.8495124802081514
PARAMOUNT,Paramount Insurance PLC.,60.0,1.5228426395939063,3.4482758620689653,-5.362776025236592,-1.1532125205930854,17.878192534381142,37.93103448275862,34.831460674157306,-31.350114416475975,760.3209022201361,355.93673166586836,5.338878447679753,4.606442650112897
PDL,Pacific Denims Ltd.,5.5,1.8518518518518452,-1.7857142857142796,-8.333333333333334,-6.7796610169491585,-12.698412698412696,19.565217391304355,-16.666666666666664,-61.42361110414593,-72.08169827049724,-72.08169827049724,4.552554774530351,3.77863993206108
PENINSULA,The Peninsula Chittagong PLC,20.9,2.955665024630531,0.4807692307692205,-7.522123893805322,-12.184873949579842,1.4563106796116365,14.207650273224031,52.55474452554744,-23.72262773722628,36.60130718954247,-42.249999855625,4.275717182845435,4.619416430441575
PEOPLESINS,Peoples Insurance PLC,60.7,1.8456375838926196,0.8305647840531561,-4.258675078864346,2.5337837837837838,48.41075794621028,67.2176308539945,77.48538011695906,10.766423357664245,299.3421052631579,129.92424242424244,6.383651344013863,4.477963732917043
PF1STMF,Phoenix Finance 1st Mutual Fund Units,17.7,1.1428571428571388,-1.6666666666666705,22.916666666666657,110.7142857142857,247.05882352941177,254.0,261.2244897959184,82.47422680412372,302.27272727272725,124.05063291139238,6.3088869362469975,5.556226121897145
PHARMAID,Pharma Aids Limited.,554.1,0.45322697606961565,0.7454545454545496,-8.002656483479981,-3.601252609603329,1.987852015461084,12.39350912778905,-8.96993592902908,-13.421874999999996,105.22222222222224,295.5032119914347,3.404945321437186,2.6129082679833227
PHENIXINS,Phoenix Insurance PLC,47.0,0.21321961620469387,-1.0526315789473684,-10.476190476190476,12.440191387559814,69.06474820143885,75.3731343283582,72.16117216117216,-30.37037037037037,139.79591836734693,4.910714285714293,3.8694958986641255,4.770763971554683
PHOENIXFIN,Phoenix Finance and Investments Ltd.,3.6,0.0,0.0,-5.2631578947368345,-2.702702702702705,-26.530612244897963,50.00000000000001,12.499999999999996,-88.92307692307692,-76.48321539602708,-86.80534764789695,5.698412698412702,5.5611954596917
PHPMF1,PHP First Mutual Fund Units 2010-,3.7,2.77777777777778,2.7777777777777803,0.0,15.625,27.586206896551733,54.16666666666668,19.35483870967742,-41.269841269841265,0.3302320779543775,-33.74621474666079,4.673202614379089,5.27413070491355
PIONEERINS,Pioneer Insurance PLC,67.2,1.510574018126888,5.826771653543312,-4.136947218259618,5.000000000000004,28.290909411636367,46.694387045111334,56.10619508053098,-37.40645136260475,204.9200008732147,67.70600035470868,3.9343686492863794,3.889938545751382
PLFSL,Peoples Leasing and Financial Services Ltd.,1.8,0.0,-5.2631578947368345,-9.999999999999998,50.00000000000001,-53.84615384615384,239.62264150943395,50.00000000000001,-40.0,-74.28571428571429,-93.86996904575143,9.019607843137246,8.57386198554522
POPULAR1MF,Popular Life First Mutual Fund Units 2010-,3.6,0.0,0.0,-5.2631578947368345,12.499999999999996,24.137931034482765,50.00000000000001,12.499999999999996,-41.935483870967744,-5.050000142424994,-31.4154038392952,5.227824463118586,5.123042518442788
POPULARLIF,Popular Life Insurance Co. Ltd.,56.0,0.5385996409335676,-1.5817223198594,-12.087912087912091,-6.35451505016722,16.42411642411642,31.764705882352942,6.666666666666667,-42.915392456676855,-20.34139402560455,-49.74358944205128,5.855562254243211,4.1979053569099545
POWERGRID,Power Grid Co. of Bangladesh Ltd.,38.1,0.5277044854881342,-1.8041237113401953,-3.0534351145038063,2.6954177897574123,24.509803921568626,41.63568773234202,10.115606936416185,-32.326820603907635,-34.08304498269896,-29.8342541436464,2.141348590807705,2.6995625291615175
PRAGATIINS,Pragati Insurance PLC,73.7,1.236263736263744,1.7955801104972335,-7.759699624530666,-2.384105960264897,8.7550139274637,5.578580973875892,28.228040061634808,-6.211686702523204,343.0142232836119,85.30340878792849,3.190677281289578,3.9818400288008853
PRAGATILIF,Pragati Life Insurance PLC,145.6,1.6050244242847054,1.9607843137254781,-6.185567010309275,-13.427027113599998,-24.807511812281692,8.362652122771314,-21.605482211244734,42.90370302041228,195.60881840614562,119.85905923833371,4.745786549181941,4.551193843991933
PREMIERBAN,The Premier Bank PLC,5.7,1.7857142857142954,-1.7241379310344767,-3.3898305084745792,29.545454545454536,7.547169811320762,42.50000000000001,-10.937500000000002,-54.457770391126424,39.29067392390953,-22.049456862633022,2.5259740259740333,2.5055898633416693
PREMIERCEM,Premier Cement Mills PLC,42.7,2.1531100478469036,-1.3856812933025273,-13.034623217922604,-11.041666666666663,10.62176165803109,8.928571428571427,-13.211382113821138,-48.862275449101794,-55.14705882352941,-59.333333333333336,5.016487270463578,3.928889838086374
PREMIERLEA,Premier Leasing & Finance Limited,2.1,5.000000000000004,-4.545454545454549,-12.499999999999993,-8.695652173913032,-50.0,288.88888888888886,31.25,-82.92682926829269,-71.9498555046896,-84.50756465407693,6.000000000000004,8.180533418700344
PRIME1ICBA,Prime Bank 1st ICB AMCL Mutual Fund Units,6.2,3.333333333333336,-1.5873015873015817,6.896551724137938,31.914893617021274,40.9090909090909,44.186046511627914,26.530612244897952,-19.48051948051948,34.782608695652186,-13.88888888888889,5.53172076601906,5.00825597695985
PRIMEBANK,Prime Bank PLC,28.7,1.773049645390071,0.3496503496503422,-4.333333333333335,-5.592105263157893,-2.790322337620975,4.635416928255209,8.010752937874317,36.674225467247624,108.44915592185775,1.0133340909450719,1.7034092944837103,1.4722365342896122
PRIMEFIN,Prime Finance and Investment Ltd.,3.0,3.448275862068969,3.448275862068969,-3.225806451612906,-3.225806451612906,-45.45454545454545,172.72727272727272,30.43478260869566,-81.25,-61.03896103896104,-88.95705517136513,5.079365079365077,5.698894175601797
PRIMEINSUR,Prime Islami Insurance PLC,51.7,0.7797270955165804,1.771653543307098,-11.168384879725085,28.927680798004992,63.091482649842284,72.90969899665554,52.05882352941177,-4.612546125461255,204.11764705882356,44.76000034163361,5.021755210107337,5.401192362700179
PRIMELIFE,Prime Life Insurance Company Limited,36.3,1.1142061281337008,-3.7135278514589007,-8.564231738035279,-14.988290398126477,4.610951008645516,9.999999999999991,-17.123287671232877,-52.11081794195251,-36.53846153846155,-60.06999993890711,3.8059439553847576,4.273868512990158
PRIMETEX,Prime Textile Spining Mills Ltd.,14.7,2.7972027972027873,-4.545454545454553,-13.017751479289938,-18.333333333333336,-30.000000000000007,6.521739130434772,0.6849315068493127,-40.725806451612904,-28.292682926829272,-27.22772277227723,8.62962603827472,7.986389084992054
PROGRESLIF,Progressive Life Insurance Co. Ltd.,36.2,0.0,-1.092896174863384,-7.88804071246818,-13.809523809523805,-15.222482435597188,-20.614035087719294,-36.15520282186949,-68.92703862660944,-8.359451632193494,-51.6134696396864,3.8286006628180713,4.405072919910928
PROVATIINS,Provati Insurance PLC,52.0,2.5641025641025585,-5.967450271247735,-10.80617495711835,-4.761904761904764,69.38110749185668,81.18466898954703,55.223880597014926,-63.66265079136386,523.4071976072634,178.41091841271802,5.175501688387054,4.472646613322683
PTL,Paramount Textile PLC,78.4,-3.448275862068962,0.3841229193342015,16.84053651266768,26.451612903225815,43.32723948811701,51.35135135135137,34.017094017094024,39.310769446272275,653.4087985897095,206.85712437213235,2.6268349632025534,2.0566877625013325
PUBALIBANK,Pubali Bank PLC,39.4,1.2853470437017995,3.95778364116095,-1.0050251256281373,7.356948228882821,21.8011043259113,46.634339173952355,51.53849767456484,128.46805696476403,229.4376776105963,126.00840683356171,2.0612703357121056,2.116928132979885
PURABIGEN,Purabi General Insurance Co. Ltd.,28.3,2.5362318840579685,-2.076124567474041,-9.294871794871792,-11.285266457680244,37.37864077669902,45.87628865979383,45.12820512820513,-39.52489649190266,270.4561764762221,-4.402774441056455,3.873356901251296,4.498737594883097
QUASEMIND,Quasem Industries Limited.,40.9,0.7389162561576285,4.33673469387754,-5.542725173210159,-7.882882882882883,6.510416666666667,8.14903834195057,0.6487694668648468,-1.022000288421891,-1.6444833883019068,157.38085687059925,4.1146480129964536,3.1244624087550332
QUEENSOUTH,Queen South Textile Mills Ltd.,14.5,3.571428571428571,0.0,-12.650602409638562,0.0,22.881355932203384,21.848739495798313,5.839416058394166,-50.419355027116126,-40.28630445422855,-40.28630445422855,4.270313922299188,5.227109842429161
RAHIMAFOOD,Rahima Food Corporation Ltd.,76.3,-0.1308900523560321,8.844507845934384,-8.293269230769237,-23.470411233701107,-37.714285714285715,-52.3125,-46.267605633802816,-78.01152737752162,29.54159592529711,343.6046511627907,5.8159448406559635,5.68253953443344
RAHIMTEXT,Rahim Textile Mills Ltd.,188.0,-0.8438818565400814,2.90093048713739,-12.067352666043034,-8.69354055366683,-4.374364191251269,-11.861228316924523,6.515580736543909,-42.18942189421894,7.402580752778678,366.1272032242671,7.287360249841424,5.219194698521719
RAKCERAMIC,RAK Ceramics (Baneladesh) Limited,27.6,1.8450184501845017,0.0,-7.999999999999996,-5.802047781569963,20.52401746724892,24.324324324324337,11.74089068825912,-38.530066815144764,-39.015999972376896,-31.24352945404993,2.8587842721491423,3.0978077967512196
RANFOUNDRY,Rangpur Foundry Limited,154.4,0.7832898172323872,3.0707610146862443,-5.276073619631898,-0.32278889606197547,1.6458196181698486,8.047585724282715,-16.08695652173913,-12.27272727272727,42.43542435424354,149.03225806451613,3.2199353667504953,3.5802951327714356
RDFOOD,Rangpur Dairy and Food Products Limited,24.1,4.78260869565218,1.2605042016806751,-1.2295081967213,-14.539007092198574,22.335025380710672,20.500000000000007,-7.307692307692302,-53.075614539436245,146.11819749229028,48.955655642960494,5.359782895421506,4.729449013865756
RECKITTBEN,Reckitt Benckiser (Bangladesh) PLC,3277.9,0.38895014087958696,0.042728521287962486,-0.6727068876700651,-1.0893180446590196,-6.495321770880872,-4.154970760233915,-2.8799146691949815,-30.626455026455027,109.04974489795919,343.5588633288227,0.8831580528090515,0.7101642588713961
REGENTTEX,Regent Textile Mills Ltd.,6.1,0.0,-1.6129032258064602,-12.857142857142861,8.928571428571429,19.607843137254903,52.49999999999999,84.84848484848486,-59.60264900662252,-41.44394369886256,-76.22624107336568,5.466845078798686,6.519188786495856
RELIANCE1,Reliance Insurance Mutual Fund Reliance One Units,12.3,1.6528925619834798,-1.5999999999999943,-8.208955223880595,14.953271028037397,1.65289256198348,-21.656050955414006,-17.4496644295302,-3.1496062992125875,66.21621621621622,35.16483516483518,4.209177308044641,4.662133683117359
RELIANCINS,Reliance Insurance PLC,115.7,2.6619343389529724,15.700000000000003,2.480070859167402,5.5656934306569426,65.28571428571429,76.91131498470948,80.78125,11.357074109720882,263.1997631046026,139.60074576831758,8.719474853712798,7.4110747360093585
RENATA,Renata PLC,449.0,-0.7954043305346934,-2.178649237472767,-3.9161138454954014,-0.904877510483342,4.128014842300559,14.540816326530612,-8.924949290060852,-63.5535862726039,-30.071303439601685,44.54204431194483,1.7271275194557516,1.0647147595556332
RENWICKJA,Renwick Janeswar and Co. (BD) Limited,742.8,3.4540389972144787,-1.4854111405835604,-7.692307692307703,41.75572519083969,56.378947368421045,51.96399345335514,6.433586473706832,-47.124145785877,23.36821126058793,846.2420382165606,2.626775499666681,3.0106671009325896
REPUBLIC,Republic Insurance PLC,38.6,1.8469656992084509,-3.0150753768844116,-5.159705159705163,10.285714285714288,21.76656151419559,40.875912408759135,22.151898734177212,-27.870338620446486,392.9196403517835,88.20578170726075,5.959040048541705,4.624753669351936
RINGSHINE,Ring Shine Textiles Ltd.,4.0,5.263157894736848,5.263157894736847,-14.893617021276599,2.5641025641025665,-4.761904761904766,24.999999999999993,37.931034482758626,-72.02797202797203,-73.06666666936,-73.06666666936,5.890627469574836,6.72518509248291
ROBI,Robi Axiata PLc,30.1,0.3333333333333381,0.3333333333333381,-3.8338658146964835,-8.787878787878784,-0.9868421052631486,6.360424028268553,0.0,-28.672985781990526,100.66666666666669,100.66666666666669,1.8320182050761782,1.7002478966293255
RSRMSTEEL,Ratanpur Steel Re-Rolling Mills Ltd,7.0,0.0,0.0,-10.256410256410255,-10.256410256410255,-16.666666666666668,4.477611940298504,-23.076923076923073,-79.41176470588235,-79.84563749572743,-84.55599986880013,4.710781132699669,3.648368128699342
RUNNERAUTO,Runner Automobiles PLC,46.6,0.8658008658008627,3.325942350332594,-11.57495256166983,10.952380952380954,34.68208092485549,25.945945945945947,46.081504702194366,-29.286798179059186,-49.71223009282128,-49.71223009282128,3.829823535863125,3.7375407042385613
RUPALIBANK,Rupali Bank PLC,17.0,-1.1627906976744147,0.0,-3.4090909090909167,3.0303030303030303,-7.608695652173906,-1.7341040462427786,-27.350427350427346,-51.448000038492026,13.496543936101778,-43.30492987803485,1.8900681626330562,2.5358300224950896
RUPALIINS,Rupali Insurance Company Ltd.,27.7,2.214022140221394,-2.464788732394364,-9.18032786885246,1.46520146520146,27.0087339710937,35.91121529304907,20.185950713688012,-45.122641372240565,144.95023592775485,-11.617500785224262,4.241365818319756,3.7566212684799125
RUPALILIFE,Rupali Life Insurance PLC,77.6,2.1052631578947296,-1.6476552598225744,-11.818181818181824,-15.191256830601098,-5.134474327628365,-1.272264631043257,-31.022222222222226,-6.880000297984009,159.14950988709612,-22.904102481253364,3.619091810457574,3.871227548403977
SAFKOSPINN,Safko Spinning Mills Limited,20.9,0.48076923076922046,2.955665024630531,1.4563106796116365,6.0913705583756315,35.7142857142857,51.44927536231882,45.13888888888887,-17.542968771258458,96.62574565657114,5.843220429620589,3.177939822230885,4.0340364810233345
SAIFPOWER,SAIF Powertec Ltd.,8.0,2.5641025641025665,-9.090909090909099,-20.0,-9.090909090909099,0.0,60.0,19.402985074626862,-76.95652182404064,-50.520215241912716,-41.7999178705176,5.5090684204608165,4.956830408187072
SAIHAMCOT,Saiham Cotton Mills Ltd.,23.3,2.1929824561403506,2.1929824561403506,4.954954954954961,17.676767676767675,20.10309278350517,18.87755102040816,28.729281767955793,19.48717948717949,75.18796992481202,-9.753521203025194,3.5573530188421882,6.299938278645478
SAIHAMTEX,Saiham Textile Mills Ltd.,36.2,6.158357771261001,13.125000000000009,14.195583596214522,98.90109890109893,81.00000000000001,109.24855491329481,130.57324840764335,55.3648068669528,183.65671712705227,54.45759712088582,7.926544488582837,7.109831408918427
SALAMCRST,S. Alam Cold Rolled Steels Limited,11.8,0.854700854700867,2.6086956521739193,-11.278195488721805,-20.805369127516773,-26.249999999999996,-20.805369127516773,-47.32142857142856,-65.89595375722543,-56.93430656934306,-75.21008403361343,4.8201243201243225,4.3459326100757885
SALVO,Salvo Organic Industries PLC,30.7,2.6755852842809387,-1.6025641025641026,-12.034383954154727,-20.052083333333332,-0.9677419354838732,1.3201320132013155,-7.53012048192772,-42.61682242990654,194.31956669218826,79.32567201413563,3.1000546891512144,3.7573561739309738
SAMATALETH,Samata Leather Complex (Pvt.) Ltd.,84.9,0.0,6.390977443609033,-17.332035053554037,-16.023738872403552,3.0339805825242716,1.0714285714285783,-17.572815533980577,-15.773809523809515,231.79310233467143,477.319998152576,7.019418617966138,5.645189784921006
SAMORITA,Samorita Hospital Ltd.,96.0,0.41841004184101016,8.843537414965983,-12.806539509536782,29.380053908355787,40.96916299559472,32.049518569463544,32.049518569463544,9.792941327261504,79.64870035732046,144.54679310798969,7.011781999853097,7.15354431467697
SANDHANINS,Shandhani Life Insurance Co.Ltd,24.4,1.2448132780082868,0.4115226337448472,-14.084507042253522,-3.1746031746031775,20.79207920792079,26.42487046632123,4.7210300429184455,-42.45283018867924,20.328768059544387,-42.69261978374756,2.3502366484120776,2.952263948837614
SAPORTL,Summit Alliance Port Limited,61.2,1.1570247933884343,1.6611295681063123,-1.2903225806451568,11.882998171846435,22.400000000000006,45.36817102137768,58.96103896103897,106.75675675675676,58.34380461085714,190.39507926449232,2.76938410725935,2.815151376337828
SBACBANK,SBAC Bank PLC.,6.7,0.0,1.5151515151515234,-4.285714285714283,8.064516129032258,-4.285714285714283,8.064516129032258,-12.987012987012987,-66.9592487816535,-36.02109080974911,-36.02109080974911,3.324287652645866,3.605248903685549
SEAPEARL,Sea Pearl Beach Resort & Spa Ltd.,35.1,0.0,4.1543026706231405,-5.898123324396772,-1.6806722689075668,-13.33333333333333,6.363636363636368,-33.64839319470699,-20.227272727272723,46.25000036562501,46.25000036562501,4.824895510065662,4.895529772338339
SEMLFBSLGF,SEML FBLSL Growth Fund Units,7.0,2.941176470588238,0.0,2.941176470588238,25.000000000000007,34.615384615384606,42.85714285714285,34.615384615384606,-34.57943925233644,14.754098360655743,14.754098360655743,3.320158102766803,3.843851249546559
SEMLIBBLSF,SEML IBBL Shariah Fund Units,7.9,0.0,-1.2499999999999956,2.5974025974025996,23.4375,31.66666666666667,36.20689655172415,19.696969696969706,-24.761904761904756,-42.33576642335766,-42.33576642335766,1.8031968031968084,2.070547938755163
SHAHJABANK,Shahjalal Islami Bank PLC,17.6,0.5714285714285796,1.1494252873563382,1.1494252873563382,2.923976608187134,-4.347826086956506,7.317073170731725,-2.2222222222222143,-16.460829790286805,121.67938119883485,8.185782376554863,1.8653431446257756,1.3213670127460464
SHARPIND,Sharp Industries PLC,20.5,5.6701030927835125,5.6701030927835125,-34.92063492063492,4.0609137055837605,17.142857142857142,58.91472868217054,17.816091954022998,25.76687116564417,25.76687116564417,25.76687116564417,7.4932815540469,9.647829004529926
SHASHADNIM,Shasha Denims PLC,27.5,1.102941176470591,-1.7857142857142858,-4.513888888888891,16.033755274261605,42.48704663212435,72.95597484276729,38.19095477386936,-10.714285714285715,-0.32601082044661517,-17.613218584353092,3.6852585804375284,4.307342738050786
SHEPHERD,Shepherd Industries PLC,13.3,2.307692307692313,-2.2058823529411686,-17.39130434782609,-20.35928143712574,0.0,-0.7462686567164153,-24.431818181818183,-30.44642886419232,-63.34372244633055,-63.34372244633055,6.033669189760268,5.009817957851141
SHURWID,Shurwid Industries Ltd,6.0,3.448275862068969,0.0,-4.761904761904759,-6.250000000000005,-16.666666666666668,30.43478260869566,3.448275862068969,-73.09417040358744,-33.333333407407416,-80.02631586813321,3.8235565535697793,3.9208332183708725
SHYAMPSUG,Shyampur Sugar Mills Ltd.,290.0,-1.694915254237288,-3.6864828960478317,0.3460207612456747,98.49418206707735,76.93715680292861,90.78947368421052,42.857142857142854,135.77235772357724,1859.4594594594594,3525.0,3.6168945871924416,4.246377447325073
SICL,"Sikder Insurance Co., Ltd.",36.3,0.5540166204986031,0.0,-3.2000000000000077,-8.333333333333345,83.33333333333331,96.21621621621621,52.52100840336132,34.444444444444436,34.444444444444436,34.444444444444436,5.396434298460617,5.549124050986188
SILCOPHL,Silco Pharmaceuticals Ltd.,17.8,0.0,6.586826347305398,-5.319148936170213,-14.832535885167454,26.241134751773057,29.927007299270084,9.876543209876552,-40.666666666666664,-26.940298586519823,-26.940298586519823,5.355428453234216,5.116061913146307
SILVAPHL,Silva Pharmaceuticals Ltd.,13.1,2.3437499999999916,2.3437499999999916,-13.245033112582782,-2.9629629629629655,32.32323232323232,36.458333333333336,4.799999999999997,-37.91469194312797,-63.80263148845394,-63.80263148845394,4.606512726408801,5.382402185817778
SIMTEX,Simtex Industries PLC,24.4,0.8264462809917326,0.0,-6.513409961685834,-12.857142857142861,0.8264462809917327,8.444444444444438,27.08333333333333,12.96296296296295,38.89699935728884,-9.4315456187711,2.9896070247154776,3.719426179461095
SINGERBD,Singer Bangladesh Limited,75.5,2.027027027027027,4.426002766251733,0.6666666666666666,-6.559405940594057,-11.176470588235293,-11.176470588235293,-30.09259259259259,-61.08247422680412,-50.429292978863636,-25.59884786211154,2.6604756014800617,2.1233876442437247
SINOBANGLA,Sinobangla Industries Ltd.,50.2,2.0325203252032518,-1.5686274509803866,-7.72058823529411,-12.543554006968634,5.684210526315796,9.606986899563331,-10.676156583629894,6.592564942415187,111.80081084733888,175.99275174200676,4.162022651009216,3.0545360168722255
SIPLC,Sena Insurance PLC,138.3,0.0,-0.28839221341022153,-6.109979633401221,41.122448979591844,133.22091062394608,159.47467166979365,176.60000000000002,189.33054393305443,189.33054393305443,189.33054393305443,6.896838051439946,6.776147753190393
SKTRIMS,SK Trims & Industries Ltd.,12.2,0.0,-6.1538461538461595,-14.685314685314694,-14.685314685314694,29.787234042553177,48.78048780487805,28.42105263157894,-70.81339712918661,-67.19555562203924,-67.19555562203924,8.529464477740346,6.256030270593311
SONALIANSH,Sonali Aansh Industries Limited.,212.0,1.4839636189564358,1.4839636189564358,-0.18832391713747912,15.217391304347826,30.864197530864196,10.187110187110184,-7.866145154280746,228.3004258614015,1006.327462491846,1470.3703703703704,3.492678944110933,3.457263241282271
SONALILIFE,Sonali Life Insurance PLC,81.7,1.7434620174346271,-4.332552693208434,-3.4278959810874605,-2.2727272727272627,35.714285714285715,34.154351395730714,12.379642365887207,6.51890482398957,642.7272727272727,642.7272727272727,2.887762563494712,2.66911919654483
SONALIPAPR,Sonali Paper & Board Mills Ltd.,223.0,0.5410279531109056,1.3636363636363635,-5.1063829787234045,-0.4908522980812112,-5.9071729957805905,-5.708245243128964,-20.357142857142858,-10.813716350982034,47.75234375138481,47.75234375138481,3.3850867049506417,2.8333246449853795
SONARBAINS,Sonar Bangla Insurance Ltd.,36.6,1.1049723756906038,0.5494505494505573,-5.670103092783495,-14.68531468531468,43.932584601193035,51.897233549803936,35.79505331782954,-51.6748500561405,304.33463967668877,75.83372974190956,3.8679681681239564,4.610114857658737
SONARGAON,Sonargaon Textiles Limited.,103.8,6.790123456790117,17.155756207674948,-10.129870129870131,31.558935361216715,164.12213740458017,233.76205787781348,192.3943661971831,320.2429149797571,1165.8536585365855,456.0714299616071,6.73490362060917,6.960401844803494
SOUTHEASTB,Southeast Bank PLC,12.0,-2.439024390243908,-4.761904761904759,3.448275862068969,21.212121212121207,32.37113388551811,41.09890105238499,42.66666655253333,-12.465128386703208,14.89253881591287,0.8402978320885585,3.2736217341020577,3.0376940043064833
SPCERAMICS,Shinepukur Ceramics PLC,21.3,1.9138755980861348,1.428571428571432,-2.739726027397251,-13.061224489795917,0.4716981132075539,45.89041095890412,3.3980582524271807,-40.66852367688022,139.3258426966292,-6.14942556063769,4.256436652778112,4.809839437291969
SPCL,Shahjibazar Power Co Ltd,50.3,1.6161616161616104,0.5999999999999943,-7.366482504604052,-6.679035250463824,4.356846473029034,5.8947368421052575,3.4979423868312667,-53.50044437004516,-61.30305760764555,93.70915351982443,3.0922772917702255,3.13947356531928
SQUARETEXT,Square Textiles PLC,48.9,0.8247422680412342,-3.168316831683171,-4.492187500000008,-0.8113590263691656,0.8247422680412342,0.8247422680412342,-10.603290676416826,-7.735849056603776,-17.691220959800173,-35.919624067812066,2.5402337242846618,2.8030672533140404
SQURPHARMA,Square Pharmaceuticals PLC,215.8,0.9354536950420954,0.6060606060606114,-1.461187214611867,-3.0548068283917265,-0.6902899217671422,8.442211055276388,-2.131519274376412,-11.120263591433277,16.02404234807352,106.16099970949233,1.112395120687642,0.7538823390877383
SSSTEEL,S.S. Steel Ltd,6.2,3.333333333333336,0.0,-10.144927536231886,-6.060606060606053,6.896551724137938,51.21951219512197,10.714285714285726,-73.2160001178496,-83.36713619513516,-83.36713619513516,4.746541983245667,4.7215278372730625
STANCERAM,Standard Ceramic Industries Ltd.,65.2,-0.3058103975535212,-1.6591251885369447,-10.31636863823934,-9.192200557103057,-6.321839080459759,-6.9900142653352235,-19.60542540073982,-72.00515242593387,26.356589147286826,166.12244897959187,7.295015969156716,5.679585625014521
STANDARINS,Standard Insurance PLC,51.6,0.0,4.453441295546565,1.3752455795677856,-0.19342359767891956,36.87002652519893,31.9693094629156,33.67875647668394,-49.85422740524781,455.4967624911249,97.69454938139452,4.638466035831472,3.9806875516060245
STANDBANKL,Standard Islami Bank PLC,4.6,2.2222222222222143,4.545454545454529,-6.122448979591851,-2.127659574468096,-22.033898305084755,-4.1666666666666705,-20.689655172413797,-51.19743930927079,-23.599319881809944,-49.220973902289536,4.081747709654684,3.8704766443178427
STYLECRAFT,Stylecraft Limited,53.4,3.0888030888030915,2.6923076923076894,-8.089500860585202,0.18761726078799518,0.0,13.135593220338972,-33.16645807259075,-70.62706270627062,6.475238703203729,117.43274146595186,6.2122686917960666,4.8246589078274695
SUMITPOWER,Summit Power Ltd.,15.6,1.9607843137254832,0.6451612903225784,-7.1428571428571495,0.0,10.638297872340425,25.80645161290322,-0.6369426751592334,-67.36401673640167,-51.401869158878505,-66.02191785592812,3.171104003353407,3.295662892250125
SUNLIFEINS,Sunlife Insurance Co. Ltd.,51.5,4.251012145748991,5.316973415132927,-14.45182724252492,-26.323319027181693,-1.151631477927066,-2.2770398481973486,-11.965811965811966,28.75,200.17142761088002,-44.31820039184618,5.485260113668622,5.392639758733498
TAKAFULINS,Takaful Islami Insurance PLC,54.9,0.9191176470588236,-5.507745266781416,4.5714285714285685,46.39999999999999,77.66990291262137,61.470588235294116,51.23966942148761,-11.16504854368932,359.3611464726457,78.80147489565199,4.315391579905568,5.013571715827866
TALLUSPIN,Tallu Spinning Mills Limited,7.1,0.0,-4.054054054054063,-14.457831325301218,-14.457831325301218,-16.47058823529412,12.698412698412696,4.411764705882351,-44.09448818897638,-50.0,-69.1304348094518,4.029229082937522,4.383151884246422
TAMIJTEX,Tamijuddin Textile Mills PLC,117.5,0.341588385994881,-2.9727497935590375,-11.25377643504532,-7.698350353495678,3.5242290748898677,-6.746031746031746,-13.255033643791952,-25.59009794571417,791.3793091153389,791.3793091153389,3.939054427582995,3.897987876325227
TECHNODRUG,Techno Drugs Ltd.,41.1,2.23880597014925,-0.4842615012106435,-8.463251670378613,-4.418604651162787,35.64356435643564,40.753424657534254,6.201550387596895,55.681818181818194,55.681818181818194,55.681818181818194,3.881901523601679,4.137069421281673
TILIL,Trust Islami Life Insurance Ltd.,44.0,1.1494252873563218,-3.7199124726477084,-7.756813417190781,-15.384615384615385,3.773584905660381,-0.9009009009008977,-37.76520509193777,300.0,300.0,300.0,3.414016763648676,3.7196439077331616
TITASGAS,Titas Gas Transmission and Distribution PLC,17.4,1.754385964912264,-0.5714285714285795,-7.446808510638309,-0.5714285714285795,3.5714285714285587,11.538461538461531,-19.444444444444457,-59.44055944055944,-63.67432150313152,-72.72727272727273,3.4672788904654777,2.882301494796385
TOSRIFA,Tosrifa Industries PLC,18.8,1.6216216216216255,0.0,-10.900473933649291,-10.476190476190473,12.574850299401207,10.58823529411765,-11.737089201877934,-2.676768076136996,0.16584144017002628,-56.70031009579623,4.613449603982136,4.69063446120661
TRUSTB1MF,Trust Bank 1st Mutual Fund Units,3.7,2.77777777777778,-2.631578947368412,0.0,15.625,27.586206896551733,54.16666666666668,12.121212121212132,-44.776119402985074,-4.443478703753266,-43.35670045493066,6.304388422035483,5.393513008174664
TRUSTBANK,Trust Bank PLC,13.9,0.0,-4.794520547945201,-9.150326797385622,-11.464968152866236,-20.24590146283928,-16.120689445474127,-21.951871440721785,-36.424179891553635,30.48738898527223,46.4408897638052,2.1834338305299905,1.8394152162916861
TUNGHAI,Tung Hai Knitting & Dyeing Ltd,4.1,2.499999999999991,-2.3809523809523934,-22.641509433962266,36.66666666666666,-2.3809523809523934,156.24999999999994,70.83333333333333,-36.92307692307693,-59.73214288950096,-83.46333336684765,6.426829268292691,8.771542797807419
UCB,United Commercial Bank PLC,9.3,0.0,-3.124999999999989,-1.0638297872340388,3.333333333333341,-6.060606060606057,-11.428571428571422,-9.70873786407767,-32.056776849400194,-25.25632817839971,-26.66214488057934,3.0436323844458535,3.2586135213817795
UNILEVERCL,Unilever Consumer Care Limited,1971.0,-0.1519756838905775,-2.3096748612212488,-2.8633384259031054,-4.1855038646638425,-9.876543209876543,-8.75,-19.55430390596302,7.261657766742628,101.49511213341,489.4579439252336,0.8506276963770105,1.0469255555772077
UNIONCAP,Union Capital Limited,4.5,2.2727272727272645,4.651162790697679,-4.255319148936174,-8.163265306122456,-27.41935483870968,60.71428571428573,2.2727272727272645,-68.30985915492957,-54.52187482661464,-76.20988744959607,4.241920869827844,4.640441585187167
UNIONINS,Union Insurance PLC,48.0,0.41841004184101016,-1.8404907975460094,-5.511811023622042,24.031007751937977,51.89873417721518,30.43478260869566,39.130434782608695,336.3636363636364,336.3636363636364,336.3636363636364,4.982772171376526,4.497618882659616
UNIQUEHRL,Unique Hotel & Resorts PLC,40.5,1.503759398496244,-2.8776978417266252,-8.371040723981906,-2.4096385542168677,1.25,5.7441253263707654,-5.813953488372093,-27.027027027027028,-10.0,-68.03472770323599,3.1462495251375966,2.723766916385556
UNITEDFIN,United Finance PLC,16.8,1.8181818181818226,0.0,-9.677419354838712,12.000000000000004,30.232558139534888,44.82758620689656,20.000000000000004,-35.13513513513513,-5.015384132424372,-27.936912967551585,4.008104479315856,4.3192804508128875
UNITEDINS,United Insurance Company Limited,60.6,1.0000000000000024,-3.1948881789137378,-4.265402843601889,40.930232558139544,48.166259168704165,44.97607655502394,40.930232558139544,-14.647887323943658,179.15521876335225,58.730073332398085,4.04690962385469,4.304398452025294
UPGDCL,United Power Generation & Distribution Co. Ltd.,115.0,1.6799292661361678,2.4955436720142576,-7.183212267958035,-6.504065040650406,-5.271828665568373,-0.9474590869939659,-19.52414275717285,-61.781322698570946,25.03607909266781,106.16918366662205,1.7072842032495845,2.3103851689893298
USMANIAGL,Usmania Glass Sheet Factory Limited,56.5,-1.5679442508710777,6.003752345215766,-13.740458015267176,37.80487804878049,56.94444444444444,66.17647058823529,46.753246753246756,-23.024523160762946,-28.65132848495538,16.50936574290816,7.647630887473259,6.492869291046199
UTTARABANK,Uttara Bank PLC,20.9,0.48076923076922046,0.0,-0.9478672985782125,-1.8779342723004795,1.6536964980544742,14.082969432314401,22.079439252336435,52.59202420501423,125.87815759102313,61.273428448486605,0.8723884959406778,0.9458358791629411
UTTARAFIN,Uttara Finance and Investments Limited,12.9,3.200000000000003,3.200000000000003,-3.7313432835820897,-2.272727272727265,-2.272727272727265,30.3030303030303,-6.521739130434784,-74.25149700598803,-76.15316895446743,-81.76315786742623,5.4970845536734085,3.6980862986744856
VAMLRBBF,Vanguard AML Rupali Bank Balanced Fund Units,8.0,0.0,-2.439024390243894,-1.2345679012345636,17.647058823529413,33.333333333333336,40.35087719298245,37.931034482758626,-10.1123595505618,-27.272727272727273,-27.272727272727273,1.5126582278480956,1.7851799319755808
VFSTDL,VFS Thread Dyeing Ltd.,13.7,2.2388059701492455,-0.7246376811594305,-10.45751633986929,-15.4320987654321,23.42342342342342,7.0312499999999885,69.13580246913581,-43.366141590698824,-42.16765986049127,-42.16765986049127,4.692933665147408,5.981865891129968
WALTONHIL,Walton Hi-Tech Industries PLC,394.6,0.12687135244861708,1.153550371699564,1.1794871794871853,3.842105263157901,1.2054372916132459,3.842105263157901,-9.36312391627834,-64.12727276314546,14.830687715857149,14.830687715857149,1.1705055117165697,1.6430299756600428
WATACHEM,Wata Chemicals Ltd.,132.6,0.7598784194528876,0.7598784194528876,-7.595818815331014,-1.1922503725782374,0.45454545454545026,-6.6197183098591585,-7.595818815331014,-59.2,28.990165535301244,528.4687502651353,3.505920779005221,3.7833984290419025
WMSHIPYARD,Western Marine Shipyard Limited,8.8,0.0,-2.2222222222222143,-11.111111111111107,-3.296703296703285,6.024096385542168,7.317073170731725,-6.382978723404252,-38.888888888888886,-34.7427949330788,-74.4409280486246,2.8244463300629303,3.3114465444760364
YPL,Yeakin Polymer Ltd.,19.8,2.5906735751295336,-0.9999999999999964,-11.999999999999998,-17.154811715481163,22.981366459627324,11.864406779661026,6.4516129032258025,42.44604316546762,-20.98139454175599,-20.98139454175599,8.168463153784636,6.195734419139789
ZAHEENSPIN,Zaheen Spinning PLC,5.2,1.960784313725501,-5.4545454545454515,-11.864406779661019,-11.864406779661019,-16.129032258064516,30.000000000000004,-25.71428571428571,-52.293577981651374,-57.36481487416851,-63.46249927484478,5.608803521408562,5.602159576325509
ZAHINTEX,Zahintex Industries Ltd.,7.9,0.0,-4.819277108433739,-14.130434782608685,-11.235955056179774,9.722222222222223,36.20689655172415,27.41935483870968,-13.186813186813179,-50.60421079419695,-66.6976776346855,5.764524083511414,6.285811530502216
ZEALBANGLA,Zeal Bangla Sugar Milla Limited,172.3,-0.9200690051753848,-1.5428571428571363,-8.00854244527496,36.85464654487689,24.945612762871647,20.489510489510497,53.83928571428572,17.210884353741502,826.3440860215054,1880.4597701149428,6.1442192618164295,6.893897833141758
