Symbol,Name,Price,Change %,Perf % 1W,Perf % 1M,Perf % 3M,Perf % 6M,Perf % YTD,Perf % 1Y,Perf % 5Y,Perf % 10Y,Perf % All Time,Volatility 1W,Volatility 1M
1JANATAMF,First Janata Bank Mutual Fund Units,3.9,0.0,14.705882352941178,25.80645161290322,25.80645161290322,69.56521739130436,49.999999999999986,8.333333333333329,-55.17241379310344,-9.05200051913119,-28.266366316838845,5.790310434273285,5.739900667644601
1STPRIMFMF,Prime Finance First Mutual Fund 2009 Units,23.5,-1.673640167364011,0.42735042735043344,4.910714285714293,20.512820512820515,18.686868686868685,17.5,-7.8431372549019605,9.81308411214954,173.25581395348837,-23.20261437908497,2.5219611857608233,4.551463502809806
AAMRANET,aamra networks ltd,21.1,2.9268292682926895,3.9408866995073923,7.653061224489796,25.5952380952381,29.447852760736197,18.53932584269663,8.205128205128213,-38.681542488036094,-64.97665131610778,-64.97665131610778,1.6188649372792643,3.501805253302479
AAMRATECH,Aamra Technologies Limited,19.0,7.954545454545446,9.195402298850583,29.251700680272116,45.0381679389313,71.17117117117117,54.471544715447145,43.93939393939395,-28.327402399476195,-8.056521866052416,-35.38416680632841,2.6974693727208896,5.068455249714913
ABB1STMF,AB Bank 1st Mutual Fund 2011 Units,4.0,0.0,8.108108108108103,24.999999999999993,24.999999999999993,60.0,48.14814814814813,5.263157894736847,-48.05194805194805,-5.840000659684963,-40.33330668121587,7.042735042735044,6.134025528790012
ABBANK,AB Bank PLC,5.1,1.9999999999999927,4.0816326530612095,1.999999999999993,-8.928571428571429,18.604651162790695,24.390243902439025,-27.142857142857146,-60.18196035266107,-61.588034699923355,-77.8392508076761,2.932653061224486,3.1657301881791655
ACFL,Aman Cotton Fibrous PLC,22.8,-1.7241379310344769,-1.7241379310344767,-4.602510460251037,20.000000000000004,30.285714285714292,26.66666666666667,34.117647058823536,-51.69491525423729,-62.00000000000001,-62.00000000000001,2.5860203713902843,3.1774796648543946
ACI,Advanced Chemical Industries PLC,199.0,-0.5497251374312815,-2.259332023575636,3.9707419017763814,-1.728395061728395,-3.6319612590799033,2.051282051282051,2.577319587628866,-11.101553873947358,-24.12412649097383,219.54625546763396,1.2751595072210196,2.2311911752676
ACIFORMULA,ACI Formulations PLC,173.0,-0.05777007510109435,-4.048807542983922,18.655692729766795,21.830985915492956,29.49101796407186,34.10852713178294,22.52124645892352,15.700637231926747,10.559951581448946,150.89779068249308,3.8420687914095435,3.73408733682668
ACMELAB,ACME Laboratories Ltd.,82.5,-0.3623188405797067,-1.7857142857142858,1.8518518518518519,9.271523178807946,11.185983827493258,15.708274894810662,4.430379746835443,9.707446808510635,-29.00172117039587,-38.888888888888886,1.378987733670406,2.062582731279968
ACMEPL,ACME Pesticides Ltd,21.3,-4.484304932735426,-5.752212389380533,-10.8786610878661,-11.98347107438016,35.668789808917204,33.9622641509434,42.00000000000001,93.63636363636364,93.63636363636364,93.63636363636364,2.289708441595237,2.5949521564325204
ACTIVEFINE,Active Fine Chemicals Ltd.,6.7,0.0,-1.4705882352941124,-4.285714285714283,0.0,21.81818181818182,24.074074074074066,-25.555555555555554,-73.2,-72.43670877266165,-77.2782607099203,2.2591587516960656,3.4859445795593675
ADNTEL,ADN Telecom Ltd.,66.8,-0.7429420505200595,-2.765647743813691,-1.908957415565341,10.413223140495864,4.374999999999996,15.371329879101898,-9.239130434782606,26.99619771863117,64.93827160493827,64.93827160493827,1.8512873149556346,2.4632287010712255
ADVENT,Advent Pharma Ltd.,15.4,0.0,-2.531645569620255,-1.9108280254777004,12.4087591240876,14.074074074074076,14.925373134328359,-6.666666666666665,-41.82222240839111,-58.18530426460909,-58.18530426460909,2.1120252277570213,2.184697116535989
AFCAGRO,AFC Agro Biotech Ltd.,7.0,-2.77777777777778,-2.7777777777777803,-9.090909090909092,6.060606060606066,32.07547169811321,40.0,-17.647058823529413,-74.07407407407408,-78.16575333482605,-69.45024996861623,3.6381524440762245,4.0605955625160695
AFTABAUTO,Aftab Automobiles Ltd.,30.5,0.3289473684210573,-3.4810126582278524,-1.2944983818770182,8.156028368794328,-4.388714733542315,-10.818713450292405,-17.789757412398924,13.602196505993268,-30.810184835071908,-55.164999634639585,2.4238720359528663,2.5431899730428613
AGNISYSL,Agni Systems PLC,32.5,-1.8126888217522703,-6.609195402298843,9.797297297297293,27.952755905511818,47.72727272727273,56.25,22.641509433962263,35.416666666666664,110.18331160156457,75.3605679014761,3.4544258579848464,3.657841627898246
AGRANINS,Agrani Insurance PLC,28.9,1.7605633802816902,-0.34482758620690146,9.885931558935352,24.034334763948486,15.599999999999996,21.42857142857142,12.451361867704279,-40.89469275491731,243.63115976347555,75.16875579127455,2.95640775965367,4.167185156936179
AIBL1STIMF,AIBL 1st ISLAMIC Mutual Fund 2010- Units,7.0,9.374999999999995,4.477611940298504,66.66666666666666,70.73170731707319,105.88235294117648,105.88235294117648,20.689655172413797,-27.08333333333333,-5.40540540540541,-9.090909090909092,7.249323257387775,7.017599643521142
AIL,Alif Industries Ltd.,38.6,3.48525469168902,3.4852546916890197,16.969696969696972,36.879432624113484,37.85714285714287,-5.159705159705163,-17.872340425531913,16.969696863360877,-65.05215394544875,-65.05215394544875,2.574831488022978,3.486001186848119
AL-HAJTEX,Alhaj Textile Mills Limited,99.0,-2.366863905325449,-12.389380530973451,-1.492537313432836,-10.649819494584836,-22.352941176470587,-27.842565597667633,-24.369747904937384,137.41007194244602,48.388513068815875,327.56902482902524,4.567968352044234,3.7973279168185434
ALARABANK,Al-Arafah Islami Bank PLC,17.4,0.0,-0.5714285714285795,15.999999999999991,15.231788079470192,31.818181818181817,15.999999999999991,-2.2471910112359668,-16.73407091480097,50.40436615784236,-2.758096856426194,1.4518473447588136,3.3431307776000154
ALIF,Alif Manufacturing Company Ltd.,5.6,1.818181818181812,1.8181818181818117,3.7037037037036904,16.666666666666664,43.589743589743584,39.99999999999999,-5.084745762711876,-58.2089552238806,-33.82661378144785,-66.83850212678662,3.491582491582486,3.791118086266332
ALLTEX,Alltex Industries Limited,19.3,-1.025641025641022,-1.025641025641022,9.659090909090905,30.405405405405403,46.212121212121225,44.02985074626866,66.3793103448276,36.879432624113484,4.891304347826099,152.56790037396618,3.1465040593505034,3.323593866286077
AMANFEED,Aman Feed PLC,37.9,-0.2631578947368458,0.2645502645502683,13.813813813813818,37.318840579710134,64.78260869565216,64.78260869565216,52.208835341365464,-44.992743105950666,-35.205486039961535,13.01862808484335,3.07771649917328,3.3965524924109087
AMBEEPHA,Ambee Pharmaceuticals PLC,800.0,-0.805951642901426,-0.9900990099009901,5.7501652346331795,5.138651596793275,13.47517730496454,11.11111111111111,-4.191616766467066,83.40210912425493,143.161094224924,327.99821838380024,2.0720571213877834,2.018441794366053
AMCLPRAN,Agricultural Marketing Co. Ltd.,226.0,-1.8671298306556714,-4.115400933389898,3.669724770642202,5.165193113075847,5.706267539756777,11.715274345032125,-2.5442000862440732,10.838646395291807,10.297706198145434,83.73983739837398,2.3877287505137503,2.4484743622342817
ANLIMAYARN,Anlima Yarn Dyeing Ltd.,33.0,-0.9009009009008924,-2.3668639053254354,-0.9009009009008925,59.42028985507247,81.31868131868133,58.65384615384615,49.32126696832578,-12.466843501326267,-7.042253521126761,65.0,3.0189082739756135,4.25282551813164
ANWARGALV,Anwar Galvanizing Ltd.,112.7,0.4456327985739751,-2.3396880415944565,-4.003407155025556,10.59862610402355,20.534759358288774,30.138568129330267,59.631728045325794,-29.39088117835778,236.15968221311775,1294.6624915099924,2.2994981478883365,2.742560993610803
AOL,Associated Oxygen Ltd,17.5,1.7441860465116321,-1.1299435028248548,-8.854166666666664,6.0606060606060606,20.689655172413794,15.131578947368425,13.636363636363635,-62.474949933038225,34.81999926895203,34.81999926895203,2.484962485563873,2.8038388281098516
APEXFOODS,Apex Foods Limited,282.0,1.1115095016134897,-1.0873377762188785,3.3724340175953036,5.223880597014926,15.716044316782934,14.727420667209108,25.892857142857142,98.87165021156557,125.78062449959967,293.854748603352,2.276328112949261,3.3018333629219074
APEXFOOT,Apex Footwear Ltd.,216.3,0.3246753246753326,-0.6430868167202468,7.934131736526949,5.35801266439357,18.196721311475414,20.63580591187953,20.703125000000014,64.71777726551319,13.47224656644767,62.312105266053955,2.0220036062186817,2.030867575101075
APEXSPINN,Apex Spinning and Knitting Mills Ltd.,375.4,-1.340341655716169,-2.6199740596627814,5.449438202247185,8.969521044992737,85.65776458951534,108.55555555555553,177.86824574389343,205.94947025264872,287.80991735537185,436.2857142857142,2.7323663281901167,4.565810782108262
APEXTANRY,Apex Tannery Limited.,103.5,0.2906976744186019,-4.343807763401111,2.4752475247524752,11.290322580645162,33.54838709677419,73.65771812080537,45.980253878702385,-7.589285714285714,-32.74853801169591,41.58686730506157,3.0123820767143634,4.102357230172844
APOLOISPAT,Appollo Ispat Complex Ltd.,3.2,3.2258064516129057,3.225806451612906,-3.0303030303030196,-5.882352941176462,77.77777777777777,88.23529411764707,-5.882352941176462,-68.31683168316832,-74.26993563617968,-86.86253179522357,5.704857248794957,5.575493702500352
ARAMIT,Aramit Limited,206.9,-1.3822688274547215,-0.048309178743958604,7.368967306694353,18.22857142857143,20.500873616773454,13.869014859658789,4.4949494949494975,-36.260012322858906,-52.76255707762557,-2.4056603773584877,3.358761418611908,4.70017082998805
ARAMITCEM,Aramit Cement Limited,12.3,-0.8064516129032229,-3.1496062992125875,11.818181818181824,11.818181818181824,24.242424242424246,39.772727272727266,-9.558823529411757,-78.30687830687832,-64.34782608695652,-65.96583090617827,3.9570950331352006,4.8110062825520785
ARGONDENIM,Argon Denims Ltd.,21.1,0.476190476190483,0.47619047619048294,9.326424870466324,27.108433734939755,17.877094972067056,19.886363636363633,21.965317919075147,-13.024316584074498,28.877089260927402,-45.27680496031207,2.172642772542997,3.2078903708988844
ASIAINS,Asia Insurance PLC,42.3,2.421307506053269,-0.23584905660377695,1.927710843373487,2.669902912621345,10.732984293193702,53.81818181818181,45.86206896551723,-58.36614173228347,249.5867768595041,27.997118456246817,2.7379508857347523,3.3452125358945697
ASIAPACINS,Asia Pacific General Insurance PLC,43.8,2.5761124121779724,-4.366812227074236,-2.666666666666673,8.955223880597,3.7914691943127825,38.60759493670884,30.74626865671641,-37.42857142857144,208.45070422535213,29.203539823008846,2.4686433166296613,3.7420837695501263
ASIATICLAB,Asiatic Laboratories Ltd,122.0,-1.3742926434923224,-6.870229007633588,-1.2944983818770182,14.018691588785046,108.54700854700855,153.11203319502073,156.30252100840337,112.91448516579408,112.91448516579408,112.91448516579408,3.241655820305023,3.954845908519388
ATLASBANG,Atlas Bangladesh Limited,91.7,-2.029914529914521,0.10917030567686521,29.154929577464795,28.251748251748253,67.33576642335768,61.72839506172839,62.87744227353465,-23.58333333333333,-1.6836708358599464,-18.47625004091278,4.080791126355047,5.862430456619254
AZIZPIPES,Aziz Pipes Limited.,73.8,-0.9395973154362454,-2.894736842105267,-12.142857142857146,39.245283018867916,76.13365155131265,57.69230769230769,40.304182509505694,-28.695652173913047,67.51514833301025,374.6262534665515,3.9275713679817015,4.6030624555706305
BANGAS,Bangas Limited,136.1,0.14716703458424477,-1.661849710982667,2.4849397590361315,-3.475177304964543,9.758064516129028,4.371165644171771,31.879844961240302,11.557377049180324,-3.9504676121165927,-2.9317607387342477,1.6741693197527792,2.6700076155839847
BANKASIA,Bank Asia PLC,18.2,-1.6216216216216255,-1.0869565217391266,-1.0869565217391266,-9.000000364,0.23857828077519808,7.320651703218654,3.387434120042901,11.393332784278456,80.74093766229565,56.56683748610453,1.143115403984969,2.2991082834857006
BARKAPOWER,Baraka Power Ltd.,8.1,1.2499999999999956,1.2499999999999956,-1.219512195121947,5.194805194805188,2.531645569620244,19.117647058823525,-28.947368421052637,-71.27659574468086,-62.594646678921855,-64.3025893866434,2.3908227848101173,2.931356155262616
BATASHOE,Bata Shoe Co. (Bangladesh) Ltd.,898.0,1.1147393311563987,0.33519553072625696,1.4689265536723164,6.815748780777917,10.864197530864198,11.677652033329185,-1.5242899440728126,36.2877523144635,-24.19382069897011,74.36893203883496,1.1672995597190203,1.7376526551920635
BATBC,British American Tobacco Bangladesh Co Ltd,234.6,3.9432875498449294,5.9142212189616234,7.614678899082567,6.684856753069572,-11.471698113207548,-5.403225806451615,-22.05980066445183,-58.565877781702575,-22.346449348281155,151.95704560892662,2.58184795446531,1.6216366641982576
BAYLEASING,Bay Leasing and Investment Ltd.,5.3,1.9230769230769162,12.765957446808503,15.21739130434783,12.765957446808503,60.60606060606061,60.60606060606061,5.9999999999999964,-80.1249999503125,-61.359153175372356,-79.8013755921011,6.230734566006254,4.5667424235720215
BBS,Bangladesh Building Systems PLC,14.9,0.6756756756756733,0.0,-3.8709677419354818,28.44827586206897,67.41573033707864,61.95652173913045,33.0357142857143,-26.96078431372548,-38.91774809613149,-31.28246631939912,2.2958879424036716,3.118995420093744
BBSCABLES,BBS Cables PLC,22.2,0.0,-1.3333333333333366,-5.5319148936170235,9.900990099009901,48.99328859060402,46.05263157894737,30.58823529411764,-60.90175699467791,-23.203319874818927,-23.203319874818927,1.912189426376526,2.104087442965403
BDAUTOCA,Bangladesh Autocars Limited,204.0,-0.5363237445148681,-2.9033793431699166,-0.09794319294808454,-11.573472041612481,61.77636796193498,60.62992125984252,94.28571428571429,44.98933901918978,687.4395331696226,844.927440168289,2.987073244176511,3.3573225893659924
BDCOM,BDCOM Online Ltd.,32.1,-2.4316109422492316,4.560260586319226,-3.021148036253776,11.458333333333336,16.72727272727273,23.461538461538467,39.276859852324385,36.11634684594542,88.12400711181888,166.9359569821579,4.6769874599390135,4.66865771590552
BDFINANCE,Bangladesh Finance PLC,13.5,6.2992125984252025,5.468749999999994,8.0,10.655737704918039,9.756097560975604,3.8461538461538463,20.535714285714292,-70.31120343493113,62.81779352833426,-16.90754533258431,6.243787740063149,4.319750783446695
BDLAMPS,Bangladesh Lamps PLC,177.7,-1.3325930038867329,-1.0579064587973306,2.126436781609189,-12.80667320902847,24.092178770949722,32.11895910780668,32.21726190476189,7.423163755869365,2.225268735424076,58.44916653990732,1.676350336760221,3.148013606714625
BDTHAI,Bangladesh Thai Aluminium Ltd.,19.3,5.46448087431694,2.116402116402128,-8.530805687203793,55.64516129032258,77.06422018348624,72.32142857142858,41.91176470588236,-25.482625482625476,11.181366085076407,21.142017853741127,3.5030710089394796,4.9503593035076925
BDTHAIFOOD,BD Thai Food & Beverage Ltd.,23.7,9.216589861751153,5.8035714285714315,-9.885931558935365,30.219780219780223,71.7391304347826,64.58333333333333,63.44827586206896,95.86776859504133,95.86776859504133,95.86776859504133,4.384153241700257,4.619913652366176
BDWELDING,Bangladesh Welding Electrodes Ltd.,13.8,-0.7194244604316521,-3.4965034965034962,-10.389610389610388,-10.389610389610388,-17.857142857142858,-23.756906077348066,30.18867924528303,-30.999999999999993,40.787878759436815,-37.189270227824004,2.1201488921192886,4.2480488118915165
BEACHHATCH,Beach Hatchery Ltd,33.9,0.8928571428571344,-1.1661807580174888,3.6697247706421883,15.306122448979593,7.961783439490446,-27.564102564102562,-29.375000000000004,75.64766839378237,239.0,50.189873759926286,2.3805837620172667,2.852959690583009
BEACONPHAR,Beacon Pharmaceuticals PLC,107.8,-0.36968576709797196,-2.177858439201457,-1.9108280254777146,5.686274509803919,3.2567049808429034,2.9608404966571102,-9.25925925925926,-41.94938072159397,541.6666666666666,600.0,1.616861186044581,2.1734177245139477
BENGALWTL,Bengal Windsor Thermoplastics PLC,23.6,-0.4219409282700332,-4.0650406504065035,-3.6734693877550963,-1.6666666666666607,34.090909090909086,35.632183908045995,26.203208556149747,-11.940298507462684,-44.765957502042546,-52.32721211498102,2.3512088941126845,2.8766676452365787
BERGERPBL,Berger Paints Bangladesh Ltd.,1398.0,0.24379750466084119,-0.5689900426742532,-1.4104372355430184,0.9750812567713976,-0.7806955287437899,1.2309920347574221,-10.384615384615385,-21.46067415730337,29.925650557620816,432.57142857142856,0.742110851925442,0.9944408906673344
BESTHLDNG,Best Holdings PLC,15.5,1.9736842105263206,-6.0606060606060606,-3.72670807453417,21.093749999999993,31.355932203389823,14.814814814814815,-8.284023668639046,-47.278911564625844,-47.278911564625844,-47.278911564625844,3.3951163749488673,3.6953827701444877
BEXIMCO,Bangladesh Export Import Company Ltd.,23.5,-3.688524590163929,-11.98501872659176,-17.25352112676056,-78.65576748410537,-78.65576748410537,-78.65576748410537,-78.65576748410537,-72.55283641796827,12.413998764487868,-40.82641773125222,3.210434765023823,6.312635831531285
BGIC,Bangladesh General Insurance Company PLC,39.3,2.0779220779220706,-5.301204819277115,1.028277634961436,0.255102040816312,9.470752089136488,27.184466019417474,21.296296296296294,-24.423076923076927,169.1780821917808,25.55910543130989,3.4451136223720296,3.765943769864618
BIFC,Bangladesh Industrial Finance Company Ltd.,4.9,4.255319148936174,11.363636363636363,13.953488372093037,-1.999999999999993,206.25,188.23529411764707,-23.4375,-28.98550724637681,-36.36363636363636,-75.94688758615922,9.633011761596405,7.953942254910292
BNICL,Bangladesh National Insurance Company Ltd,114.8,12.109374999999991,2.2261798753339272,-6.285714285714287,36.01895734597155,115.38461538461539,155.11111111111111,175.96153846153842,-3.529411764705885,756.7164179104477,210.27027027027026,4.522204879464887,4.415706093043031
BPML,Bashundhara Paper Mill Ltd.,28.8,-0.3460207612456674,0.3484320557491339,0.6993006993006968,7.462686567164179,19.50207468879668,11.196911196911206,-16.521739130434778,-37.93103448275862,-81.41935483870968,-81.41935483870968,2.4628005855288264,2.7518635329419485
BPPL,Baraka Patenga Power Ltd.,20.2,-0.4926108374384306,-1.463414634146345,3.061224489795907,32.89473684210527,27.044025157232696,35.57046979865771,33.77483443708609,-59.6,-36.677115987460816,-36.677115987460816,2.9482568188286553,2.8646700094681146
BRACBANK,BRAC Bank PLC,64.5,1.7350157728706648,0.78125,-1.0736196319018447,-0.4362178724606783,3.0208579038079395,17.36553432506507,7.50002563875611,137.16312686231035,282.4834857551471,879.779618124924,1.1146042071743216,2.287242884698995
BSC,Bangladesh Shipping Corporation,118.0,-1.2552301255230125,-5.296950240770461,6.306306306306307,14.230396902226527,5.451295799821263,5.075690115761356,13.461538461538462,155.96529284164862,241.94049269532147,136.28269613144138,2.1352511691821774,2.8902763513967216
BSCPLC,Bangladesh Submarine Cables PLC,156.5,-1.0120177103099268,-3.4546576187538522,5.033557046979865,8.680555555555555,12.752161383285292,21.979734996102874,16.61698956780925,-13.296398891966758,39.732142857142854,257.55083390450073,1.727821680257456,2.6717111953352033
BSRMLTD,Bangladesh Steel Re-Rolling Mills Ltd.,102.8,0.4887585532746823,-3.7453183520599254,9.478168264110746,20.515826494724504,23.855421686746986,34.73132372214941,22.673031026252985,14.476614699331849,-22.451371728393536,128.04466597914998,2.4642562787650277,4.049829208923963
BSRMSTEEL,BSRM Steels Limited,95.0,0.8492569002123113,-5.472636815920398,19.04761904761905,37.68115942028985,36.49425287356323,49.60629921259842,52.0,59.93265993265993,9.081419512630703,68.80769256882482,2.694370400451289,4.093487525602626
BXPHARMA,Beximco Pharmaceuticals Plc,147.2,-0.6076975016880525,-3.4120734908136594,3.6619718309859075,25.38330494037477,29.80599647266312,42.912621359223294,38.999055712936716,-20.43243243243244,83.58276626090569,234.9283315213968,2.036912793962677,2.6146075842007916
CAPITECGBF,CAPITEC GRAMEEN BDT10 (MUTUAL FUND) Units,9.5,5.555555555555555,13.095238095238091,30.136986301369866,28.378378378378372,37.681159420289845,39.705882352941174,25.000000000000004,-34.02777777777778,-34.02777777777778,-34.02777777777778,5.090399393996322,3.942096621757506
CAPMBDBLMF,CAPM BDBL Mutual Fund 01 Units,10.1,0.0,2.020202020202013,2.020202020202013,-17.21311475409836,7.44680851063829,0.0,7.44680851063829,-26.811594202898558,-6.481481481481492,-6.481481481481492,2.8421592159215905,3.9767042345446852
CAPMIBBLMF,CAPM IBBL Islamic Mutual Fund Units,13.2,-8.333333333333341,-13.157894736842106,31.999999999999993,46.66666666666666,71.42857142857142,75.99999999999999,48.314606741573016,-41.333333333333336,31.999999999999993,31.999999999999993,5.27006131048192,6.7475599636255765
CENTRALINS,Central Insurance PLC,41.4,1.9704433497536877,-3.2710280373831746,-1.1933174224343677,-2.5882352941176503,-7.174887892376688,1.7199017199017093,-0.9569377990430589,-38.93805309734513,227.11175105477187,57.24659773161428,2.604987217752609,3.2827865242928898
CENTRALPHL,Central Pharmaceuticals Ltd.,10.8,1.8867924528301987,0.0,20.000000000000007,27.05882352941177,33.33333333333335,22.727272727272727,-9.999999999999995,-35.714285714285715,-15.819631850815819,-68.44078007848368,3.0702805231107106,4.7584632145556345
CITYBANK,City Bank PLC,31.7,-0.3144654088050359,0.9554140127388558,3.9344262295081944,10.135951338876513,39.14122098105152,49.40573724261748,51.89583287764583,91.02299418442666,150.74076058145664,212.25151809743704,3.3207270473832295,2.5113453746566248
CITYGENINS,City Insurance PLC,108.5,0.7428040854224671,1.4018691588785046,1.8779342723004695,7.745779543197615,26.016260162601633,25.14417531718569,117.87148594377511,176.08142493638678,1126.9626149647856,352.57791840267737,0.5163238087657633,0.508641678738969
CLICL,Chartered Life Insurance PLC,50.2,0.0,-4.562737642585549,-4.380952380952375,-13.745704467353951,-11.7750439367311,-10.0358422939068,4.583333333333339,356.36363636363643,356.36363636363643,356.36363636363643,5.136232846392209,4.2635615030866
CNATEX,C & A Textiles Ltd,3.3,6.451612903225798,9.999999999999995,3.124999999999989,-5.71428571428572,49.999999999999986,37.49999999999999,0.0,-44.0677966101695,-55.73170734946461,-80.73175351329935,3.539870689655173,5.685902562440318
CONFIDCEM,Confidence Cement PLC,68.1,0.5908419497784216,-2.0143884892086414,6.572769953051636,5.581395348837201,28.007518796992464,37.85425101214574,22.482014388489194,-47.12658424388531,52.86831420834256,26.993716286955046,2.6422856201783658,3.216001766560696
CONTININS,Continental Insurance PLC,33.3,3.4161490683229636,-4.034582132564857,2.7777777777777737,13.65187713310579,24.25373134328357,37.60330578512396,31.62055335968378,-29.92985955163564,277.77934776168706,45.03185312378069,4.784458194848813,5.245592541202694
COPPERTECH,Coppertech Industries Ltd,27.0,3.8461538461538463,2.2727272727272783,-0.7352941176470562,17.903930131004373,41.36125654450261,42.85714285714287,19.46902654867256,-19.460227071377844,4.18625078775224,4.18625078775224,1.9397909594775817,2.5251350878556194
CROWNCEMNT,Crown Cement PLC,69.2,-1.0014306151645247,-1.8439716312056698,17.487266553480485,40.65040650406504,42.68041237113403,47.86324786324788,38.400000000000006,-10.594315245478038,-7.114093959731541,-14.356435643564351,3.7992848171224622,4.1295986519037955
CRYSTALINS,Crystal Insurance Company Ltd,68.4,2.5487256371814135,-2.7027027027026906,-5.785123966942134,-18.37708830548925,-19.529411764705877,18.956521739130444,46.466809421841546,29.724137801310356,401.59999949840005,401.59999949840005,2.383591419529283,3.1625920203242233
CVOPRL,CVO Petrochemical Refinery PLC,174.1,0.0,-1.3038548752834531,5.387409200968527,2.4720423778693283,7.535515750463242,18.033898305084744,21.748251748251747,68.58274630376086,-24.080762075789288,45.34241011572154,2.0673220104658805,2.5139181241190234
DACCADYE,Dacca Dyeing and Manufacturing Company Limited,17.3,0.5813953488372177,-0.5747126436781487,5.487804878048794,13.815789473684221,1.7647058823529453,-10.824742268041225,4.216867469879514,-18.009478672985782,94.3820224719101,-38.41423954597878,1.8300060496067707,3.2865736931880356
DAFODILCOM,Daffodil Computers PLC.,167.1,1.3341419041843472,2.8307692307692274,9.215686274509801,47.87610619469026,259.35483870967744,362.8808864265928,198.39285714285714,178.5,659.5454545454545,964.3312101910828,2.236689455725788,3.3061681195635755
DBH,DBH Finance PLC,43.4,-0.45871559633028175,3.8277511961722523,5.853658536585362,11.568123393316196,14.21052631578947,23.999999999999996,10.432569974554712,-41.283017280661696,-39.76315089394172,26.552646278176887,3.7700975096821767,2.9373763899548124
DBH1STMF,DBH First Mutual Fund Units,5.8,1.7543859649122744,1.7543859649122744,26.086956521739136,28.888888888888882,-3.333333333333336,-10.769230769230772,-6.451612903225812,-39.583333333333336,0.0,-21.621621621621628,5.552360774818406,5.591379804169715
DELTALIFE,Delta Life Insurance Company Ltd.,79.8,1.9157088122605366,-2.444987775061125,1.656050955414009,5.835543766578238,5.416116248348738,17.699115044247787,9.315068493150681,-42.17391304347826,-16.875000000000004,-97.62957154060027,2.4548891484685518,2.796102058715775
DELTASPINN,Delta Spinners Limited,8.0,6.666666666666667,8.108108108108103,19.402985074626862,21.212121212121218,40.35087719298245,60.0,37.931034482758626,-20.79207920792079,22.531645378843137,-48.938447851324106,3.84059275798116,3.511501719333539
DESCO,Dhaka Electric Supply Co. Ltd.,25.8,-2.272727272727265,-4.089219330855011,7.94979079497909,10.256410256410266,10.256410256410266,25.85365853658537,1.1764705882352968,-26.495726495726498,-48.50299401197605,-61.18911165082379,2.387242924466297,2.9737021319826726
DESHBANDHU,Deshbandhu Polymer Limited,23.4,10.900473933649275,10.377358490566035,11.428571428571422,33.71428571428571,47.169811320754704,37.647058823529406,19.999999999999993,50.967741935483865,147.49999985721152,8.068810254530067,3.8820978956248786,3.2921049411194008
DGIC,Desh General Insurance Company Ltd,33.3,4.71698113207546,0.9090909090909005,20.65217391304346,44.782608695652165,46.05263157894735,69.03553299492386,30.078124999999982,-27.45098039215687,121.99999999999999,121.99999999999999,3.6959731914478624,5.53570045353857
DHAKABANK,Dhaka Bank PLC,12.3,0.8196721311475527,0.0,0.8196721311475527,0.8196721311475527,-1.5999999999999943,8.849557522123893,-1.5999999999999943,1.2281339576816928,30.548616433716493,-3.9579940563256732,2.0460560110799717,2.1362229667721255
DHAKAINS,Dhaka Insurance Limited,41.7,1.2135922330097086,-4.137931034482752,-0.23923444976075198,-0.23923444976075198,2.2058823529411904,15.83333333333334,8.31168831168832,-48.00498753117207,187.58620689655174,-12.511764775872933,3.1343819640796644,3.5688561204237192
DOMINAGE,Dominage Steel Building Systems Ltd,78.2,2.356020942408373,3.0303030303030263,5.67567567567568,30.333333333333336,198.4732824427481,170.58823529411765,525.6,212.2053239121073,491.19199899497363,491.19199899497363,2.656306677193591,3.533542406120884
DOREENPWR,Doreen Power Generations & Systems Ltd.,31.2,0.6451612903225784,-0.6369426751592334,2.9702970297029654,3.65448504983388,11.827956989247314,10.638297872340425,20.93023255813953,-40.61110735394938,16.947636724893336,-21.515141578614745,2.1175472750793736,2.5971934644372077
DSHGARME,Desh Garments Limited.,163.0,-2.1021021021021022,-3.264094955489614,15.43909348441927,28.85375494071146,59.02439024390244,40.03436426116838,34.37757625721352,9.797917834858142,61.318077462822096,1497.7503565196132,4.373403050689216,5.348601307611532
DSSL,Dragon Sweater & Spinning Ltd.,14.2,6.766917293233071,10.077519379844952,33.96226415094339,56.04395604395604,73.17073170731707,67.05882352941175,36.538461538461526,-9.50577990088831,153.0537628151816,56.3645635394286,3.562669299511405,5.164312018954063
DULAMIACOT,Dulamia Cotton Spinning Mills Limited,212.1,-1.3029315960912105,8.048904737646449,19.76284584980237,53.80710659898476,63.27944572748266,57.11111111111111,130.54347826086956,331.97556008146637,3019.1176470588234,2205.434782608696,6.122165417998315,6.575981269533553
DUTCHBANGL,Dutch-Bangla Bank PLC,48.7,0.8281573498964921,-2.5999999999999943,9.438202247191018,25.330882666268383,26.885856380089308,32.47409359543395,7.201258117839483,-8.698869518644976,129.70377879903816,113.07005679590185,2.9343505373373593,2.9191447415811105
EASTERNINS,Eastern Insurance PLC,57.5,2.313167259786472,-2.0442930153322023,-0.6908462867012065,-8.585055643879171,1.7699115044247788,14.770459081836325,19.047619047619055,-51.06382978723404,146.78111587982835,57.534246575342465,2.0728841542957004,3.249134885069494
EASTLAND,Eastland Insurance PLC,27.0,0.3717472118959161,-2.8776978417266212,5.468749999999994,12.5,19.46902654867256,44.38502673796792,39.89637305699481,-28.191489361702132,96.63674807471249,-24.000432342962732,3.17963351671217,4.280952704107829
EASTRNLUB,Eastern Lubricants Blenders PLC,2050.0,-0.32091802003305986,2.4692592222333345,15.039281705948373,30.564932169925488,26.14608331794967,23.41962673088501,9.82142802232143,193.18230424320225,242.81137174347234,1605.343736299588,3.2960076414198003,2.567854155277626
EBL,Eastern Bank PLC,24.3,0.0,-0.816326530612242,-2.0161290322580645,-9.967626225728894,-1.071146623178659,2.577868455600384,-5.193182183762652,4.847493831908241,81.05146995710813,83.83026562732012,0.9483726150392833,1.1016200963755443
EBL1STMF,EBL First Mutual Fund Units,4.9,2.0833333333333446,6.521739130434798,28.947368421052648,28.947368421052648,58.06451612903226,58.06451612903226,4.255319148936174,-47.87234042553191,22.021307360691335,-28.53404698164459,5.764974429488106,5.867036147823833
EBLNRBMF,EBL NRB Mutual Fund,3.9,2.631578947368424,11.428571428571427,25.80645161290322,18.181818181818183,69.56521739130436,69.56521739130436,5.405405405405397,-50.0,-3.6037000399851977,-43.23329013891306,6.378545728390927,6.036030165387003
ECABLES,Eastern Cables Ltd.,142.7,-1.1772853185595686,-3.970390309555859,11.484374999999991,16.01626016260162,25.61619718309859,27.297056199821586,14.342948717948712,1.2056737588652402,-5.023652552159169,243.95816663248328,3.348879180452802,4.728002355057178
EGEN,eGeneration PLC,26.3,-0.37878787878787074,-4.363636363636361,-0.7547169811320728,13.362068965517247,34.18367346938775,32.82828282828283,22.32558139534884,-55.42372881355933,75.33333333333333,75.33333333333333,1.9517811221691899,2.7387625175880053
EHL,Eastern Housing Ltd.,92.7,-0.9615384615384526,-3.73831775700934,5.221339387060169,12.911084043848977,18.693982074263776,26.63934426229508,17.341772151898738,68.23956442831216,182.13043544500192,137.12703132425293,2.262961444586252,3.3009245770008704
EIL,Express Insurance Ltd.,30.8,0.6535947712418277,-3.749999999999998,3.3557046979865772,5.1194539249146755,1.986754966887422,9.219858156028373,-16.756756756756754,-18.302387267904514,105.33333333333333,105.33333333333333,2.629528366370473,3.625718462851586
EMERALDOIL,Emerald Oil Industries Ltd.,27.3,-1.4440433212996338,-1.444043321299634,21.333333333333336,84.45945945945945,111.62790697674419,89.58333333333333,20.264317180616747,-16.257668711656443,-26.75609763421951,-36.4750001307149,2.664029361830579,5.523629612916708
ENVOYTEX,Envoy Textiles Ltd.,55.8,-0.3571428571428622,-2.1052631578947416,9.411764705882348,14.344262295081968,10.49504950495049,15.051546391752572,30.373831775700936,73.29192546583849,82.1143601164781,24.532536771213113,1.884120460313149,2.8936709553283215
EPGL,Energypac Power Generation PLC,20.0,2.0408163265306047,1.0101010101010064,3.626943005181343,23.456790123456795,27.388535031847137,28.205128205128208,10.497237569060765,-60.0,-56.98924731182796,-56.98924731182796,2.5508805191833326,3.3472082777537406
ESQUIRENIT,Esquire Knit Composite PLC,25.4,0.395256916996039,-3.0534351145038197,6.276150627615063,25.742574257425737,26.368159203980085,23.300970873786394,17.05069124423963,-29.44444444444445,-46.30021141649049,-46.30021141649049,2.7303932247531364,2.8481745963822727
ETL,Evince Textiles Ltd.,14.3,0.7042253521126861,2.142857142857148,9.160305343511459,30.000000000000004,48.95833333333335,43.00000000000001,60.674157303370784,37.50000000000001,33.75325207353108,9.556683934919695,3.0628916001256417,3.5075300892362655
EXIM1STMF,EXIM Bank 1st Mutual Fund 2013- Units,5.3,8.163265306122437,23.255813953488374,55.88235294117647,43.243243243243235,70.96774193548386,89.28571428571429,12.765957446808503,-41.75824175824176,-25.028819947161473,-32.01669999246514,7.839769794788696,5.898438696783216
FAMILYTEX,Familytex (BD) Ltd.,2.9,15.999999999999998,26.086956521739136,7.407407407407397,0.0,141.66666666666669,123.07692307692307,20.833333333333336,-44.23076923076923,-60.034374682398166,-91.14430749624256,6.268351214003387,6.87174178478526
FARCHEM,FAR Chemicals Industries Ltd,26.1,6.96721311475411,8.750000000000005,41.08108108108109,64.15094339622642,81.25,80.00000000000001,10.126582278481022,83.80281690140848,49.952949762796116,15.79700013895641,6.025867396486266,5.861401493761624
FAREASTFIN,Fareast Finance & Investment Ltd.,1.9,11.764705882352938,46.15384615384614,58.333333333333336,-24.000000000000004,156.75675675675674,216.66666666666663,-50.0,-71.64179104477613,-78.16091954022988,-89.90932646630498,2.6785714285714306,8.89829506712623
FAREASTLIF,Fareast Islami Life Insurance Company Limited,20.9,-5.429864253393678,-9.130434782608702,-6.2780269058296065,-5.000000000000006,-4.1284403669724865,0.4807692307692205,-30.333333333333336,-63.525305410122165,-61.999999848,-73.42196523803133,3.744317223960841,3.3440485983333796
FASFIN,FAS Finance & Investment Limited,2.0,11.111111111111107,33.333333333333336,66.66666666666667,-20.0,181.69014084507043,185.71428571428572,-33.333333333333336,-74.35897435897436,-70.05555541897562,-89.40773900119795,3.7598039215686283,11.940118704824583
FBFIF,First Bangladesh Fixed Income Fund Units,3.8,2.7027027027026933,8.571428571428566,22.580645161290313,26.66666666666666,58.333333333333336,46.15384615384614,5.555555555555547,-44.92753623188406,-36.78725372461687,-49.33684287155394,6.550741918388975,5.0611711819017335
FEDERALINS,Federal Insurance PLC,27.0,1.8867924528301887,-2.8776978417266212,1.8867924528301887,16.883116883116877,24.999999999999993,40.62500000000001,31.067961165048537,-26.027397260273972,286.1019889233145,39.8729256439107,2.9671721465080587,3.6152981374691855
FEKDIL,Far East Knitting & Dyeing Industries PLC.,27.4,2.621722846441945,7.450980392156858,69.13580246913581,82.66666666666666,92.95774647887325,92.95774647887325,72.32704402515722,74.52229299363057,78.31495138080805,15.173169747987576,2.8910380739734634,5.0169826690485815
FINEFOODS,Fine Foods Limited,483.3,-1.6683621566632734,-3.068592057761735,-7.039815349105591,-2.3241713823767176,10.292104062072118,27.117306680694377,91.70963903213011,851.3779527559055,5945.736896537964,3035.5855654270267,2.3238733325836534,2.5670552076341564
FIRSTFIN,First Finance Ltd.,4.5,4.651162790697678,9.756097560975618,4.651162790697679,-2.173913043478253,80.0,80.0,32.352941176470594,-39.18918918918919,-24.695312590953943,-86.78727151660617,4.874563421075054,6.052176781118927
FORTUNE,Fortune Shoes Ltd.,20.6,3.517587939698507,-0.48309178743960324,27.160493827160508,49.275362318840585,53.7313432835821,48.20143884892087,21.1764705882353,-57.70670369944338,-21.506027424506104,-21.506027424506104,4.860070187021233,5.113776694635963
FUWANGCER,Fu-Wang Ceramic Industry Ltd.,16.4,0.6134969325153243,3.7974683544303662,8.609271523178801,29.133858267716533,49.09090909090908,42.6086956521739,19.70802919708029,-32.23140495867769,39.92564059662541,7.6737215110531825,4.3044795326237075,3.902945602362237
FUWANGFOOD,Fu-Wang Foods Limited,12.8,-0.7751937984496096,1.5873015873015959,6.666666666666672,29.292929292929298,39.13043478260871,14.285714285714299,-18.987341772151897,-35.025380710659896,29.06666630097779,-23.167372994208932,3.2156501758345803,3.4384455848675444
GBBPOWER,GBB POWER Ltd.,8.2,0.0,0.0,-1.2048192771084507,-2.3809523809523934,20.588235294117638,28.124999999999982,3.7974683544303662,-77.65667574931881,-38.057553825373944,-68.96081505677643,2.5180668473351497,3.1324648936121027
GEMINISEA,Gemini Sea Food PLC,123.9,-0.8006405124099278,-4.471858134155731,6.626506024096387,2.396694214876038,3.250000000000005,-9.363569861009497,-18.486842105263154,78.5580066884708,12.591458723467442,599.284248989712,2.644475403604281,2.896904611792968
GENEXIL,Genex Infosys PLC,39.2,-2.729528535980135,-5.995203836930456,12.643678160919558,44.11764705882355,44.11764705882355,45.724907063197044,56.80000000000001,-56.684000159597794,17.155790628091584,17.155790628091584,2.900126224110905,4.236876591751865
GENNEXT,Generation Next Fashions Ltd.,3.1,3.333333333333336,6.896551724137938,3.333333333333336,3.333333333333336,24.000000000000004,14.814814814814811,14.814814814814811,-51.5625,-46.41428583523632,-86.08500008133765,6.018518518518515,6.1718103704967415
GHAIL,Golden Harvest Agro Industries Ltd.,15.3,-0.649350649350647,-0.649350649350647,-3.773584905660375,22.400000000000006,47.11538461538462,42.99065420560749,14.179104477611942,-16.84782608695651,5.514378810597485,-58.5258148684031,2.1801656805526775,2.7879662902321463
GHCL,Global Heavy Chemicals Ltd.,25.0,8.225108225108219,5.932203389830502,27.551020408163257,33.68983957219252,30.890052356020934,25.628140703517595,23.762376237623766,-41.72494172494172,-32.24932249322493,-69.6969696969697,6.595868513645786,4.056897508708137
GLDNJMF,ICB AMCL CMSF GOLDEN JUBILEE MUTUAL FUND,8.3,-1.1904761904761862,2.469135802469149,27.6923076923077,33.870967741935495,36.065573770491824,36.065573770491824,6.410256410256421,-24.54545454545454,-24.54545454545454,-24.54545454545454,5.088251693452991,4.841739423764639
GLOBALINS,Global Insurance PLC,41.3,4.822335025380707,-8.628318584070808,10.133333333333326,17.999999999999993,44.405594405594385,61.96078431372548,37.66666666666666,-37.42424242424243,382.60949745763185,74.3647718474493,3.724901758726986,4.430216238119337
GOLDENSON,Golden Son Limited,16.8,3.067484662576687,3.067484662576687,1.8181818181818226,16.666666666666668,78.72340425531915,66.33663366336636,37.7049180327869,-7.6923076923076845,-27.58620689655172,-57.57575757575757,2.880238701376917,3.136411305427382
GP,Grameenphone Ltd.,259.9,0.6584043377226912,1.4046039797112624,0.9320388349514475,6.168300653594757,-2.913709376167356,-0.03846153846154721,-18.526645768025084,-29.661705006765906,-6.510791366906483,51.45687645687645,0.6212697511237962,0.9039287137852651
GPHISPAT,GPH Ispat Limited,19.1,0.5263157894736916,-2.051282051282044,9.142857142857151,16.46341463414636,20.88607594936709,18.633540372670804,-1.0362694300518098,-53.803438816336765,-3.7772687078074236,1.9943180225673713,2.5501314908126855,3.3809997632409803
GQBALLPEN,G.Q. Ball Pen Industries Limited,600.1,-0.6785832505792821,0.23383998663771124,-0.39834024896265186,0.48559946416610467,26.871035940803388,34.04065222247041,162.05240174672488,369.92952231793265,826.0802469135804,342.38140892926606,2.4656196326619924,3.696966355856157
GRAMEENS2,Grameen Mutual Fund One - Grameen Two Units,13.3,-2.2058823529411686,1.5267175572519165,4.724409448818909,7.258064516129035,15.652173913043484,22.018348623853214,-11.33333333333333,-31.79487179487179,22.407079819337458,-27.3662101277814,2.1728163661086435,2.599559234739791
GREENDELMF,Green Delta Mutual Fund 2010 Units,5.1,1.9999999999999927,13.333333333333325,41.66666666666665,45.71428571428571,75.86206896551724,69.99999999999999,24.390243902439025,-44.565217391304344,-7.27272727272728,-29.166666666666675,8.130975900998694,6.4467425574531
GREENDELT,Green Delta Insurance PLC,66.3,1.6871165644171693,0.0,6.079999999999996,1.9999999999999956,16.315789473684205,23.694029850746258,32.599999999999994,-46.31578947368421,84.98817407154367,27.179369534463348,2.13686753975508,3.326522534681307
GSPFINANCE,GSP Finance Company PLC,4.1,2.499999999999991,10.810810810810795,17.14285714285713,-4.651162790697679,115.78947368421052,156.24999999999994,-26.78571428571429,-79.05444827639964,-54.87924215474461,-71.81319929867033,6.099816849816849,6.84643491011852
HAKKANIPUL,Hakkani Pulp & Paper Mills PLC,79.6,-1.1180124223602554,-3.5151515151515222,1.6602809706257946,3.2425421530479897,9.793103448275854,17.577548005908405,17.40412979351032,11.328671328671321,52.49042145593868,327.95698924731175,1.9538392741614787,2.8269772006087477
HAMI,Hami Industries PLC,155.8,-0.3836317135549836,-4.767726161369183,-0.44728434504791603,-15.783783783783779,32.59574468085107,44.79553903345727,54.10484668644908,-10.920526014865635,-10.920526014865635,-10.920526014865635,2.8349621110881245,3.755576308150832
HEIDELBCEM,Heidelberg Materials Bangladesh PLC,219.3,-5.064935064935059,-7.857142857142852,-4.319371727748681,4.4783230109576015,-5.474137931034478,0.1827318410233009,-11.643835616438347,-35.49999999999999,-58.66943083301922,-16.93181818181818,2.461272395995837,3.4370059380939213
HFL,Hamid Fabrics PLC,15.5,1.3071895424836555,11.510791366906473,4.02684563758389,1.3071895424836555,158.33333333333334,138.46153846153845,78.1609195402299,-16.216216216216218,-7.185628742514966,-72.92013304614674,4.186312555582505,4.813799074831045
HRTEX,H.R. Textile Mills Ltd.,20.9,0.9661835748792237,-2.7906976744186114,0.0,11.764705882352938,29.012345679012345,14.207650273224031,-22.014925373134336,-61.16554057793183,-3.403361450063564,-25.952453869390276,3.3858674553865002,3.2779597386977195
HWAWELLTEX,Hwa Well Textiles (BD)PLC,47.5,0.635593220338977,0.0,5.555555555555555,13.90887290167865,15.012106537530272,6.502242152466365,10.981308411214961,11.764705882352942,63.793103448275865,18.75,1.7493042165678703,2.3455954530937206
IBNSINA,BN SINA Pharmaceutical Industry PLC,320.0,-0.5284426484302109,-1.8705918429929538,1.5228426395939123,2.7947317699967837,-4.449089280382197,1.5873015873015872,2.8938906752411575,27.439267224213467,74.93975912493178,434.21706592126156,1.6118431259523893,1.7355120714867676
IBP,Indo-Bangla Pharmaceuticals Ltd.,20.1,4.145077720207258,8.064516129032258,32.23684210526317,55.8139534883721,73.27586206896554,79.46428571428574,43.57142857142858,-6.321267319303122,-23.274682392198187,-23.274682392198187,4.717581943645772,4.76095552906825
ICB,Investment Corporation of Bangladesh,46.8,-0.21321961620469387,0.0,-2.2964509394572055,28.219178082191775,28.571428571428566,28.219178082191775,-7.874015748031496,-58.714344325285325,-38.85737024285017,-57.21239585490295,2.7732586256611986,2.999753702922115
ICB3RDNRB,ICB AMCL Third NRB Mutual Fund 2010 Units,6.1,1.6666666666666607,8.928571428571429,29.787234042553177,35.55555555555555,41.860465116279066,48.78048780487805,24.48979591836733,-21.7948717948718,27.08333333333333,-14.084507042253522,4.939152201147493,4.391482634268112
ICBAGRANI1,ICB AMCL First Agrani Bank Mutual Fund Units,8.4,-1.17647058823529,-1.17647058823529,21.73913043478261,25.373134328358212,31.25,31.25,21.73913043478261,-11.57894736842105,-2.325581395348829,-2.325581395348829,4.657953879226105,4.714038697263875
ICBAMCL2ND,ICB AMCL Second Mutual Fund Units,7.8,1.298701298701294,8.333333333333329,27.8688524590164,29.999999999999996,52.94117647058824,39.28571428571429,25.80645161290322,-32.17391304347826,49.999999999999986,2.6315789473684235,4.416466061202905,4.125075258611688
ICBEPMF1S1,ICB Employees Provident Mutual Fund One Scheme One Units,6.4,-3.0303030303030196,1.5873015873015959,3.225806451612906,16.36363636363637,77.77777777777777,88.23529411764707,23.07692307692308,-23.80952380952381,0.0,-22.89156626506024,4.885468206130521,4.884517278980462
ICBIBANK,ICB Islamic Bank Limited,2.7,0.0,-3.571428571428559,-3.571428571428559,-6.896551724137922,17.391304347826104,12.500000000000012,-6.896551724137922,-47.058823529411754,-30.769230769230763,-64.0,4.943019943019934,4.844229844229832
ICBSONALI1,ICB AMCL Sonali Bank Ltd 1st Mutual Fund 2013- Units,6.4,1.5873015873015959,3.225806451612906,28.000000000000007,36.17021276595745,52.38095238095239,52.38095238095239,8.47457627118644,-31.182795698924735,3.225806451612906,-46.666666666666664,4.584583874906457,4.96013556110306
ICICL,Islami Commercial Insurance PLC.,31.1,3.6666666666666714,2.302631578947378,11.071428571428575,36.40350877192983,31.779661016949152,38.83928571428573,40.0900900900901,113.01369863013699,113.01369863013699,113.01369863013699,2.857728804589714,3.437265188135982
IDLC,IDLC Finance PLC.,46.8,-0.21321961620469387,7.093821510297469,14.425427872860633,26.145552560646887,24.405063585617032,37.26257017555864,20.14669955144816,-10.00523188045801,23.03251288574582,-1.015958873349183,3.6712649444922505,2.846342172076002
IFADAUTOS,IFAD Autos PLC,25.5,-1.544401544401539,-3.7735849056603774,1.5936254980079623,15.909090909090908,26.237623762376245,17.511520737327192,7.142857142857141,-48.65944067582122,-46.865616545369555,45.05686669180148,2.226555005047815,2.7243609438731706
IFIC,IFIC Bank PLC,5.1,1.9999999999999927,1.999999999999993,0.0,1.999999999999993,8.510638297872328,8.510638297872328,-22.72727272727273,-57.62265620695661,-18.102811482306997,-51.9990455829054,2.6367346938775422,2.949291015107331
IFIC1STMF,IFIC Bank 1st Mutual Fund Units,4.6,0.0,12.195121951219512,27.777777777777764,21.052631578947366,83.99999999999999,83.99999999999999,21.052631578947366,-39.473684210526315,10.687500155654286,-28.728048794872578,7.439393939393939,5.339755852913747
IFILISLMF1,IFIL Islamic Mutual Fund - 1 Units,5.6,0.0,7.692307692307681,30.232558139534877,39.99999999999999,55.555555555555536,64.70588235294117,9.803921568627452,-23.28767123287672,-17.647058823529413,-11.111111111111114,5.015192354814994,5.301215567693893
ILFSL,International Leasing and Financial Services Ltd.,1.9,11.764705882352938,46.15384615384614,58.333333333333336,-17.391304347826086,187.87878787878782,216.66666666666663,-38.70967741935484,-76.25,-72.0699998421955,-88.44275852434211,4.0119047619047645,9.213787655346092
INDEXAGRO,Index Agro Industries Ltd,72.5,-0.5486968449931491,-3.590425531914897,1.2569832402234717,7.090103397341207,11.538461538461538,8.37070254110612,13.450074808149973,-36.029411604779405,1.5000002537499941,1.5000002537499941,1.905409108509811,2.8424486347140503
INTECH,Intech Ltd.,26.3,-1.4981273408239646,-4.710144927536233,-23.09941520467837,-26.944444444444443,-11.74496644295302,-17.03470031545741,24.64454976303317,-26.944444444444443,186.71696437352134,115.86601627445249,2.188494501153472,3.381236863917527
INTRACO,Intraco Refueling Station PLC,21.5,-0.4629629629629695,0.0,5.3921568627451055,23.563218390804607,7.5,4.878048780487805,-2.714932126696839,0.5194800912936394,-53.760172430321454,-53.760172430321454,3.5274685358776594,3.033589905091651
IPDC,IPDC Finance PLC,31.1,-3.416149068322986,-4.307692307692303,2.6402640264026425,72.7777781617284,65.76142169002551,70.96858676786206,71.86842148230265,32.7503581860774,185.09077294335626,494.96373983922217,3.2362977493337497,4.835484670390097
ISLAMIBANK,Islami Bank Bangladesh PLC,31.8,0.0,-2.7522935779816575,-4.79041916167664,-12.15469613259669,-24.105011933174218,-3.636363636363634,-30.10989010989011,11.188811188811187,1.9230769230769276,-18.65116287204651,1.0037705488175226,2.1237697232884822
ISLAMICFIN,Islamic Finance & Investment PLC,12.2,1.6666666666666607,0.8264462809917327,8.928571428571429,15.094339622641508,21.999999999999993,28.42105263157894,35.55555555555555,-48.08510638297872,11.428267725217173,-33.102519882162774,2.409939385590299,3.0601977569272902
ISLAMIINS,Islami Insurance Bangladesh Limited,57.9,2.477876106194688,-9.10518053375197,-3.660565723793682,33.103448275862064,38.186157517899765,54.39999999999999,44.74999999999999,-7.655502392344505,443.9439978558273,207.43571572547378,4.045642360867759,2.986662743912053
ISNLTD,Information Services Network Ltd.,58.7,-2.166666666666662,-3.770491803278684,-3.2948929159802307,-21.52406417112299,-23.766233766233764,-25.127551020408163,36.51162790697675,34.94252873563219,369.60000075136,288.48727426709496,1.938700376257297,2.84636213112135
ITC,IT Consultants PLC,53.0,1.5325670498084236,3.9215686274509802,18.04008908685969,35.8974358974359,30.221130221130213,37.66233766233766,33.838383838383834,24.12177985948477,70.17884829505111,80.40418685998948,2.7959430783869594,3.5570476918349208
JAMUNABANK,Jamuna Bank PLC,24.0,-0.4149377593361055,1.2658227848101296,0.8403361344537785,-2.0408163265306123,5.726872246696038,13.74407582938388,22.44897959183673,39.304956597529554,205.91368513066368,105.09142943023916,1.2134067015927759,1.3591051044982165
JAMUNAOIL,JAMUNA OIL PLC,181.7,-0.38377192982457076,-1.2500000000000062,3.5327635327635263,6.1331775700934585,6.882352941176464,7.387706855791962,-4.719454640797064,7.5147928994082775,-2.7301927194860935,13.176670325679622,0.7693414863090745,1.47345256918833
JANATAINS,Janata Insurance PLC,32.7,0.6153846153846242,-3.8235294117646976,-4.664723032069955,-12.332439678284167,21.111111111111118,34.56790123456791,26.42379204339046,-10.280401648466743,309.2766044402309,-82.51129588980604,2.8970303881156503,3.1575283411828554
JHRML,JMI Hospital Requisite Manufacturing Ltd,48.8,-1.8108651911468925,-6.1538461538461595,-3.937007874015748,12.183908045977006,13.488372093023251,15.63981042654027,-6.513409961685834,121.8181818181818,121.8181818181818,121.8181818181818,2.0897975372191726,2.2876154467665284
JMISMDL,JMI Syringes & Medical Devices Ltd.,141.7,-1.59722222222223,-5.026809651474531,0.5677785663591078,8.665644171779126,16.147540983606547,20.084745762711858,-0.909090909090917,-46.33472587446916,27.877902714185886,309.15498809862123,2.2646732105880067,3.6179539024566503
JUTESPINN,Jute Spinners Limited,220.0,0.73260073260073,-6.502337441563966,3.7735849056603774,5.66762728146014,11.6751269035533,12.70491803278689,6.951871657754016,68.32440703902068,285.2889667250438,230.82706766917292,2.9525115213305524,4.4034389227137325
KARNAPHULI,Karnaphuli Insurance PLC,46.6,5.909090909090913,1.0845986984815619,23.936170212765955,39.104477611940304,46.540880503144656,63.50877192982457,62.93706293706293,16.791979949874694,403.6911792075572,70.713055070719,3.397653398925384,5.641526558191767
KAY&QUE,Kay and Que (Bangladesh) Ltd.,423.0,0.2844950213371239,-1.5363128491620164,-0.047258979206046464,-12.962962962962964,13.101604278074866,12.082670906200324,77.08530738098246,106.67479992427025,1958.0641842930597,2029.6490250804084,1.75491196570663,2.3512106102844346
KBPPWBIL,Khan Brothers PP Woven Bag Industries Ltd,39.2,-0.2544529262086369,-3.2098765432098695,-8.837209302325574,-20.32520325203252,-21.599999999999994,-18.33333333333333,-69.375,194.73684210526315,86.2381322808643,17.112084739888186,2.9758588082983755,4.173070743513701
KDSALTD,KDS Accessories Ltd.,49.9,-2.3483365949119426,-5.849056603773587,-9.272727272727275,8.008658008657997,22.004889975550125,21.411192214111917,19.093078758949883,7.147239543175316,13.199296080952804,-4.369234783134231,1.8841553318160345,2.403381715827042
KEYACOSMET,Keya Cosmetic Ltd.,5.4,3.8461538461538494,3.8461538461538494,8.000000000000007,12.500000000000012,25.581395348837223,20.000000000000007,10.204081632653061,-39.99999999999999,-26.040855393058912,-65.45264106104582,3.7952488687782813,3.793773620004115
KOHINOOR,Kohinoor Chemical Company (Bangladesh) PLC,526.0,0.13325718636970219,-0.6610009442870632,3.2384690873405297,3.6249014972419182,4.158415841584159,5.221044208841773,8.759398387481204,83.66417177564159,338.0867228537697,1038.7059671827662,1.5365850194562576,1.8686064523213122
KPCL,Khulna Power Company Ltd.,10.3,0.0,0.980392156862759,-2.830188679245273,-6.363636363636357,1.9801980198019908,-1.904761904761898,-13.4453781512605,-72.53333333333333,-81.92982458042474,-76.15931860225407,1.8018275271273525,2.5199754574346214
KPPL,Khulna Printing & Packaging Ltd,15.2,1.3333333333333286,-0.6535947712418393,0.0,0.0,15.151515151515152,-5.000000000000004,-23.618090452261306,-3.7974683544303884,67.03296703296704,-55.88390505858913,2.6796310124025933,3.8176281986714593
KTL,Kattali Textile Ltd.,11.4,5.555555555555552,8.571428571428575,14.000000000000004,20.000000000000004,28.089887640449437,-1.7241379310344767,0.0,-60.82474226804124,-40.40992037726718,-40.40992037726718,4.269934228850233,3.611822888932843
LANKABAFIN,LankaBangla Finance PLC,17.9,-1.6483516483516523,-0.5555555555555635,10.493827160493824,27.85714285714285,42.063492063492056,45.52845528455283,2.2857142857142776,-50.277777777777786,-3.1936989819199915,-37.48546971542097,4.119447443109816,3.646767745157345
LEGACYFOOT,Legacy Footwear Ltd.,73.1,1.8105849582172664,5.028735632183908,7.658321060382899,-8.852867830423952,35.120147874306824,34.87084870848707,15.847860538827247,12.28878648233487,208.23833216048646,366.80324448357464,3.0386627166352405,3.0100461054929877
LHB,LafargeHolcim Bangladesh PLC,58.4,-1.0169491525423753,-2.9900332225913693,6.375227686703097,17.97979797979798,16.566866267465066,23.99150743099787,3.7300177619893455,-9.034267912772592,-17.16312056737589,703.5317100903985,1.9156532178839838,2.4185986547938807
LIBRAINFU,Libra Infusions Ltd.,642.0,0.18726591760300337,-1.4279134039613013,0.7058823529411765,3.5149951628506857,2.68714011516314,0.9433962264150944,-18.949627572276228,47.02290002824427,87.9329970488874,445.0943390569775,1.3797586395387054,1.8893588434372666
LINDEBD,Linde Bangladesh Limited,735.3,0.3959584926269767,-1.2357286769644118,5.79856115107913,13.472222222222216,-9.823399558498899,-3.1225296442687807,-25.959117913603873,-47.47857142857143,-48.33110814419226,42.638215324927245,1.0331505739551938,1.260206183918319
LOVELLO,Taufika Foods and Lovello Ice-cream PLC,69.7,-1.4144271570014144,-3.7292817679558046,1.3081395348837292,-18.479532163742686,1.0144927536231925,2.19941348973607,-22.060702684908744,171.9712841839307,436.6900007030639,436.6900007030639,2.568468916199625,3.2873424085333136
LRBDL,Lub-rref (Bangladesh) Ltd,15.7,9.027777777777771,3.2894736842105265,30.83333333333333,55.445544554455445,65.26315789473684,58.585858585858574,3.973509933774832,-67.22338204592903,-61.23456790123457,-61.23456790123457,4.293405550744105,4.545376610969979
LRGLOBMF1,LR Global Bangladesh Mutual Fund One Units,4.7,2.1739130434782727,17.500000000000004,38.235294117647065,42.424242424242436,56.66666666666668,67.85714285714288,17.500000000000004,-46.59090909090909,-22.95081967213114,-48.91304347826086,5.62456866804693,5.8259268465987315
MAGURAPLEX,Magura Multiplex PLC,91.3,-0.6528835690968536,-1.2972972972973005,5.063291139240496,8.949880668257757,9.603841536614647,8.820023837902253,0.7726269315673321,-23.265369990662464,410.90155212758896,410.90155212758896,2.070118100121737,2.622557915516871
MAKSONSPIN,Maksons Spinning Mills PLC,6.1,3.3898305084745637,3.389830508474564,7.017543859649113,7.017543859649113,15.094339622641508,29.787234042553177,0.0,-67.5531914893617,-5.808823293933825,-62.21769645006593,2.8930450029222596,3.910991326322465
MALEKSPIN,Malek Spinning Mills PLC,43.4,-0.6864988558352499,-2.0316027088036086,42.29508196721311,61.94029850746268,54.448398576512446,50.17301038062284,83.12236286919831,45.63758389261744,172.9559748427673,73.6,3.6881772282720466,5.818928783744517
MARICO,Marico Bangladesh Limited.,2743.1,0.014584168884679002,-0.2509090909090942,-0.2509090909090942,-1.149549549549553,-1.681003584229394,3.392258113150654,1.40850277264325,14.391159299416177,115.14509803921568,630.5193075898802,0.46483297649526156,0.6440029295587125
MATINSPINN,Matin Spinning PLC,55.2,-1.779359430604982,-4.498269896193762,3.7593984962406015,17.69722814498935,15.723270440251572,18.709677419354843,18.201284796573876,3.370786516853941,44.12532637075719,22.66666666666667,2.2681075546273046,3.021051942257443
MBL1STMF,MBL 1st Mutual Fund 2010- Units,7.0,2.941176470588238,34.615384615384606,75.0,75.0,89.18918918918918,105.88235294117648,40.0,-25.531914893617024,20.689655172413797,1.4492753623188352,5.403627169931516,6.009194264040879
MEGCONMILK,Meghna Condensed Milk Industries Ltd.,36.5,-3.439153439153432,-4.450261780104719,-5.927835051546385,3.1073446327683656,65.9090909090909,153.47222222222223,102.77777777777777,146.6216216216216,428.9855072463768,284.2105263157895,5.159013020654241,5.75031250183852
MEGHNACEM,Meghna Cement Mills PLC,32.5,0.6191950464396374,-2.6946107784431095,0.3086419753086464,1.5625,3.5031847133758007,10.921501706484639,-26.63656884875846,-54.834558486050575,-49.74992689317864,-56.000900302808915,5.115445057116692,3.720523200929024
MEGHNAINS,Meghna Insurance PLC,38.0,2.4258760107816673,-2.0618556701030855,14.114114114114123,27.51677852348993,24.59016393442623,35.231316725978644,43.93939393939395,245.45454545454547,245.45454545454547,245.45454545454547,4.990061095033467,5.823812803486507
MEGHNALIFE,Meghna Life Insurance PLC,59.7,-4.479999999999996,-4.632587859424918,-3.2414910858995136,7.1813285457809695,6.227758007117437,17.519685039370092,13.498098859315592,-10.094643215479927,57.39385883926551,-8.336126605626035,2.3425914419452374,2.61131736853221
MEGHNAPET,Meghna Pet Industries Ltd.,87.5,-9.513960703205795,-7.894736842105263,28.2991202346041,118.75,264.5833333333333,301.3761467889908,219.34306569343067,468.18181818181813,1650.0,1267.1874999999998,6.817804947505915,6.556132313263918
MERCANBANK,Mercantile Bank PLC,7.5,-1.315789473684206,-2.5974025974025996,1.3513513513513464,-12.790697674418603,-5.06329113924051,1.3513513513513464,-18.47826086956521,-49.67105278587691,19.392511417052184,-27.50989388220726,1.9333333333333336,2.2665759740020746
MERCINS,Mercantile Islami Insurance PLC,42.8,3.6319612590799037,-0.46511627906977404,0.0,59.70149253731341,59.70149253731341,67.84313725490195,53.95683453237408,-24.514991181657855,292.6605504587156,55.13268655807526,3.6202897875356546,4.680904409243839
METROSPIN,Metro Spinning Ltd.,9.3,2.19780219780221,-1.0638297872340388,2.1978021978022095,2.1978021978022095,6.896551724137948,9.411764705882362,-16.9642857142857,-43.226744044113374,20.003614354020975,-38.116479184407446,1.6411849020544782,3.0735764192043806
MHSML,Mozaffar Hossain Spinning Mills Ltd.,22.8,0.0,-0.8695652173913012,4.587155963302752,21.92513368983958,39.02439024390246,68.8888888888889,49.01960784313725,23.913043478260885,50.82200024244638,-7.857184502404648,1.8297011196435617,2.751803711775846
MIDASFIN,MIDAS Financing PLC,6.0,0.0,3.448275862068969,1.694915254237282,5.263157894736839,17.64705882352942,33.333333333333336,-30.232558139534877,-69.70000012544199,-56.75570595937039,-75.61132511222618,4.645207960065534,4.667674245987999
MIDLANDBNK,Midland Bank PLC,18.5,-1.5957446808510676,2.2099447513812076,17.088607594936704,12.121212121212121,5.714285714285714,8.187134502923968,-27.16535433070866,111.72222143885,111.72222143885,111.72222143885,3.4429214191805677,3.676432950478372
MIRACLEIND,Miracle Industries Limited,29.5,2.0761245674740536,-4.530744336569575,5.734767025089611,8.45588235294118,-7.232704402515725,-7.232704402515725,3.508771929824561,-20.27027027027027,36.75040118094346,220.0814075304518,3.310502068701198,3.1145583237017176
MIRAKHTER,Mir Akhter Hossain Ltd,41.4,0.4854368932038731,-1.428571428571432,-1.428571428571432,21.052631578947352,50.54545454545454,49.999999999999986,47.85714285714285,-53.48314606741573,-48.888888888888886,-48.888888888888886,3.145363584177711,3.2247095480542063
MITHUNKNIT,Mithun Knitting & Dyeing (CEPZ) Ltd.,14.4,-0.6896551724137907,-2.702702702702705,-6.4935064935064934,-6.4935064935064934,5.109489051094899,-1.3698630136986254,-5.2631578947368345,8.27067669172932,-70.20689643255173,-72.41800792245259,4.012899039494785,5.005801591197832
MJLBD,MJL Bangladesh PLC,93.7,-0.42507970244419924,-1.8848167539266987,0.9698275862069027,5.280898876404498,0.10683760683761595,4.111111111111114,-3.8974358974358947,8.574739281575905,-4.480582285473301,64.62569420562286,0.9256259015327513,1.3291078213956875
MLDYEING,M.L. Dyeing & Textile Ind. PLC,18.0,9.75609756097562,30.434782608695645,71.42857142857143,116.86746987951805,119.51219512195124,114.28571428571428,85.56701030927837,-41.1764705882353,160.82000110118204,160.82000110118204,7.525047020403056,6.291642444842485
MONNOAGML,Monno Agro & General Machinery Ltd.,346.0,-1.4245014245014245,-1.9830028328611897,-1.0297482837528669,0.3480278422273749,-0.8311837202636794,-6.359945872801083,-6.003803314316768,14.763222729052504,934.5244349850241,2682.3262445764044,1.3738371289468643,2.0103137030737455
MONNOCERA,Monno Ceramic Industries Limited.,93.3,-0.42689434364995266,-2.6096033402922756,0.32258064516128726,11.469534050179204,14.619164619164607,14.058679706601467,3.551609322974476,-20.595744680851066,267.7361198063657,444.7942516365619,2.676851440723769,2.802418748749013
MONNOFABR,Monno Fabrics Ltd.,22.1,-1.3392857142857018,-1.7777777777777715,0.454545454545461,0.454545454545461,9.405940594059418,3.271028037383191,57.85714285714287,-6.3559322033898304,-6.3559322033898304,-6.3559322033898304,1.6338931107878483,1.9856452524923722
MONOSPOOL,Monospool Bangladesh PLC,119.6,-1.40148392415499,-0.41631973355537055,6.122448979591828,19.95987963891674,25.235602094240832,26.293558606124595,30.617283553059455,-9.944047977984928,150.0727262610694,150.0727262610694,1.778832550646308,2.803098354147822
MPETROLEUM,Meghna Petroleum PLC,214.7,0.18665422305178592,0.2334267040149393,1.8984337921214998,6.762804574838387,7.4037018509254535,11.41670991177997,1.7535545023696628,13.537810682178739,18.487858719646802,50.42675144192992,0.7309005443057047,1.1722029772529983
MTB,Mutual Trust Bank PLC,13.7,0.7352941176470562,0.7352941176470562,7.874015748031496,32.194462407935006,28.24835903954518,39.7177244874229,25.440000832115857,6.388873317975596,133.9593834829382,182.05708240763366,2.2768315761016487,2.7684641510456127
NAHEEACP,Nahee Aluminum Composite Panel PLC,37.8,2.9972752043596573,2.1621621621621543,2.1621621621621543,60.16949152542371,121.05263157894733,104.32432432432431,73.39449541284401,-15.056179775280905,-40.02492664007295,-40.02492664007295,3.6714587602514843,4.744157182369712
NATLIFEINS,National Life Insurance PLC,101.5,-0.49019607843137253,-2.215799614643543,-0.5876591576885352,-0.49019607843137253,-4.873477038425494,8.208955223880599,-2.4038461538461537,-60.21168169345355,-20.296635487244966,-25.280305911797367,2.260393391835933,2.8807298104902865
NAVANACNG,Navana CNG Limited,22.5,0.896860986547082,-0.44247787610620093,4.651162790697675,9.22330097087378,10.294117647058831,5.6338028169014045,-0.44247787610620093,-32.03767089678903,-45.83788183090609,-61.8365381186104,2.765643427842152,2.0382718266818123
NAVANAPHAR,Navana Pharmaceuticals PLC,70.4,-1.1235955056179736,-5.503355704697979,1.8813314037626794,18.918918918918923,25.714285714285722,34.35114503816795,28.000000000000007,166.6666666666667,166.6666666666667,166.6666666666667,1.870035473980036,2.3181018350411047
NBL,National Bank PLC,3.9,2.631578947368424,2.6315789473684235,0.0,-4.8780487804877986,18.181818181818183,21.87499999999999,2.6315789473684235,-48.16455686688432,-30.90488622821598,-63.44868495369446,2.2368421052631593,3.714808001511602
NCCBANK,National Credit and Commerce Bank PLC,15.7,0.6410256410256387,1.2903225806451568,-1.8750000000000044,6.026022698803241,28.56698821393254,33.83612707695597,38.372944848006156,17.303843862265843,128.09263146274628,42.5204779754477,2.0158002471191487,2.6762023076859647
NCCBLMF1,NCCBL Mutual Fund-1 2012- Dividend Units,6.9,-1.4285714285714235,13.114754098360669,64.28571428571428,60.46511627906978,76.92307692307693,72.50000000000001,18.96551724137932,-23.33333333333333,13.114754098360669,-42.49999999999999,8.376040271180937,6.814281430072665
NEWLINE,New Line Clothings Ltd.,6.0,7.1428571428571495,0.0,5.263157894736839,5.263157894736839,53.84615384615385,50.0,-15.49295774647887,-79.02097902097901,-75.95709997458702,-75.95709997458702,4.500932608871946,5.246707857086935
NFML,National Feed Mill Ltd,20.3,0.4950495049505021,0.0,-8.968609865470851,40.97222222222222,35.33333333333334,43.971631205673766,86.23853211009174,-38.613772453803286,47.05879178243991,-27.22391203219692,3.0530318283241145,5.0202902930041935
NHFIL,National Housing Finance PLC,30.3,-6.481481481481476,-5.015673981191216,7.82918149466192,30.04291845493562,21.200000000000003,34.66666666666667,24.365671507216256,-26.423841127818946,11.09999976669001,-0.7831185180882787,1.8195589783742365,3.5496471837598635
NITOLINS,Nitol Insurance PLC,34.6,1.7647058823529453,-7.238605898123312,6.461538461538466,10.543130990415337,15.333333333333337,23.131672597864767,28.62453531598514,-35.69911488947043,105.26450160911973,45.250107492950775,5.353965396871076,5.112274459947848
NORTHERN,Northern Jute Manufacturing Co. Ltd.,114.9,-2.7095681625740804,-5.819672131147536,2.680965147453083,4.359673024523171,33.449477351916386,34.701055099648315,10.480769230769235,-62.76733635774465,-46.743916357820474,666.0000051066667,5.343768902611228,5.426330413206069
NORTHRNINS,Northern Islami Insurance PLC,37.5,0.8064516129032182,-6.25,1.0849638127514885,18.243243557493308,21.527778081597223,41.63669100157374,28.257329288938074,-37.30095525726513,192.6520275717948,22.668965964169264,4.485741712622689,3.9221840198723643
NPOLYMER,National Polymer Industries PLC,35.4,-0.5617977528089967,0.28328611898017403,9.597523219814246,25.97864768683273,30.14705882352941,33.08270676691728,14.19354838709677,-37.78558875219684,-13.288366610448673,145.28701697308898,3.844046542351629,3.2675899056143463
NRBBANK,NRB Bank PLC,6.5,0.0,6.557377049180334,8.333333333333334,0.0,-4.411764705882351,6.557377049180334,-41.964285714285715,-27.77777777777778,-27.77777777777778,-27.77777777777778,2.6544813622170187,2.72476978612745
NRBCBANK,NRBC Bank PLC,8.0,0.0,3.896103896103894,8.108108108108103,14.285714285714286,42.85714285714287,56.862745098039234,8.108108108108103,-69.63851360014888,-37.09100003644868,-37.09100003644868,3.3499833499833485,2.798913860118872
NTC,National Tea Company Limited,172.0,0.9389671361502313,0.5847953216374269,8.860759493670885,7.432854465958779,6.765983860955931,-1.0356731875719283,-2.4390243902439086,-66.90398306715413,-67.99404540379606,-77.66233766233766,3.5254210543481492,4.112900871681174
NTLTUBES,National Tubes Limited,69.3,0.0,-3.076923076923081,6.1255742725880555,13.05057096247961,15.499999999999996,10.879999999999997,-19.324796274738077,-30.28169014084508,-1.4930780583243186,194.09313043596748,2.348266506800629,3.8198973073251716
NURANI,Nurani Dyeing & Sweater Ltd.,3.0,3.448275862068969,11.111111111111104,3.448275862068969,0.0,42.85714285714285,50.0,-6.250000000000005,-68.42105263157895,-82.27108003686878,-82.27108003686878,4.629629629629625,4.7993833084145034
OAL,Olympic Accessories Ltd,6.7,1.5151515151515234,-1.4705882352941124,1.5151515151515234,9.836065573770501,24.074074074074066,17.543859649122805,-14.102564102564099,-55.03355704697986,-62.63440324287695,-72.24163198485415,2.5967365967365983,3.8892240195906385
OIMEX,Oimex Electrode Ltd.,16.4,1.8633540372670632,-2.3809523809523934,5.806451612903216,23.308270676691713,35.53719008264462,7.189542483660117,-35.177865612648226,-34.661354581673315,-67.1095703884393,-67.1095703884393,2.729044162624641,2.9783282877354775
OLYMPIC,Olympic Industries PLC.,154.1,1.5820698747528055,-1.847133757961787,0.7189542483660094,6.939625260235948,5.765271105010299,11.991279069767442,-7.168674698795184,-11.690544412607453,-51.05716866167196,108.55639232913991,1.4518706186431092,1.5902159855608387
ONEBANKPLC,One Bank PLC,7.9,0.0,0.0,-2.4691358024691272,9.722222222222223,8.219178082191789,12.857142857142861,-5.9523809523809526,-13.931578559607534,-13.931578559607534,-13.931578559607534,2.1024018175916863,2.3986190114307084
ORIONINFU,Orion Infusion Ltd.,283.0,-2.0422291450328753,-3.544648943421942,-8.116883116883116,-9.061696658097684,-24.93368700265252,-16.789179653043227,-16.098428698487997,299.7175141242938,288.20301783264745,515.2173913043479,1.6328179142463748,2.831450092918991
ORIONPHARM,Orion Pharma Ltd.,28.9,0.3472222222222148,-3.0201342281879264,1.7605633802816902,7.037037037037032,8.239700374531834,6.249999999999998,-11.620795107033652,-50.85034013605443,-23.13829787234043,-57.707316904,2.276130369416674,2.5149523462469934
PADMALIFE,Padma Islami Life Insurance Ltd.,17.6,1.7341040462427786,-2.762430939226519,-4.347826086956506,0.5714285714285795,1.7341040462427786,5.38922155688624,-20.361990950226243,-51.64835164835164,-11.260503828825636,-64.07937009322154,3.5828291426937398,4.472027903834488
PADMAOIL,Padma Oil PLC,201.3,-0.19831432821020195,-0.592592592592587,8.167651800107478,15.556831228473033,15.623205054566352,18.76106194690266,-0.8374384236453146,-5.270588235294112,8.517520215633429,18.4117645874706,0.6739896210720674,1.9726375275879513
PARAMOUNT,Paramount Insurance PLC.,62.5,4.515050167224085,-0.7936507936507936,-2.799377916018658,11.40819964349376,7.388316151202744,43.67816091954023,47.05882352941177,-37.31193580742227,864.4470439009875,374.9340954852795,4.05020181845539,4.7299663833691525
PDL,Pacific Denims Ltd.,5.6,1.818181818181812,0.0,-3.448275862068969,-1.75438596491229,43.589743589743584,21.73913043478261,-15.151515151515152,-58.41176472239533,-71.57409278450629,-71.57409278450629,2.676767676767667,4.342183331735948
PENINSULA,The Peninsula Chittagong PLC,24.9,1.632653061224484,-2.3529411764705936,6.866952789699561,15.813953488372087,16.901408450704213,36.06557377049179,118.42105263157892,12.669683257918539,64.90066225165562,-31.19736824904605,2.1620133402163493,3.1300550063521677
PEOPLESINS,Peoples Insurance PLC,59.7,10.760667903525055,5.105633802816912,-0.6655574043261208,5.105633802816912,50.377833753148614,64.46280991735539,83.69230769230771,12.218045112781954,314.5833333333333,126.13636363636365,4.194914067238719,3.776817260071312
PF1STMF,Phoenix Finance 1st Mutual Fund Units,12.8,0.7874015748031609,8.47457627118644,50.58823529411765,72.97297297297297,150.9803921568628,156.00000000000003,128.5714285714286,12.280701754385968,166.66666666666669,62.025316455696206,3.2280820531976167,4.968594054780993
PHARMAID,Pharma Aids Limited.,617.2,0.25990903183886005,-2.1870047543581546,7.35780135675771,9.82206405693951,16.672967863894147,25.192697768762685,-0.4516129032257991,43.36817653890825,162.63829787234044,340.54246966452536,2.1555724070734303,3.0603094303868197
PHENIXINS,Phoenix Insurance PLC,43.8,-0.454545454545461,0.6896551724137866,0.6896551724137866,1.3888888888888757,30.74626865671641,63.432835820895505,67.17557251908396,-30.143540669856467,117.91044776119399,-2.232142857142857,2.9022958063523947,3.7381491270910816
PHOENIXFIN,Phoenix Finance and Investments Ltd.,4.1,5.1282051282051215,13.888888888888877,10.810810810810795,0.0,24.24242424242424,70.83333333333333,5.128205128205121,-85.55974838044699,-68.37487018250599,-84.9727570434382,5.827541827541823,5.394630056284191
PHPMF1,PHP First Mutual Fund Units 2010-,3.9,0.0,8.333333333333329,21.87499999999999,21.87499999999999,62.5,62.5,11.428571428571427,-48.684210526315795,-3.2468088564795017,-30.16492905729111,6.099865047233472,6.46155311686639
PIONEERINS,Pioneer Insurance PLC,67.4,3.8520801232665636,1.2012012012012183,0.5970149253731428,2.12121212121213,30.813309001954366,47.13097748274559,63.06451653669356,-41.61474976729099,210.04581130645877,68.20512535576437,2.244688061030884,3.186407332185306
PLFSL,Peoples Leasing and Financial Services Ltd.,1.9,5.555555555555548,26.66666666666666,58.333333333333336,-24.000000000000004,171.42857142857144,258.49056603773585,-20.833333333333336,-36.66666666666667,-77.6470588235294,-93.5294117705154,3.888888888888884,8.297447501992956
POPULAR1MF,Popular Life First Mutual Fund Units 2010-,3.9,0.0,11.428571428571427,25.80645161290322,29.999999999999996,69.56521739130436,62.5,5.405405405405397,-45.833333333333336,0.8909684006408456,-25.70002082590314,6.714285714285716,5.811106758647279
POPULARLIF,Popular Life Insurance Co. Ltd.,58.6,-0.8460236886632826,-8.294209702660403,-5.9390048154093025,10.77504725897921,23.890063424947158,37.88235294117648,18.864097363083175,-41.98019801980198,-15.683453237410069,-47.41025609471795,2.673848752268592,2.876139400665711
POWERGRID,Power Grid Co. of Bangladesh Ltd.,39.0,1.8276762402088846,-4.645476772616133,4.55764075067025,20.0,30.0,44.981412639405214,11.111111111111107,-22.0,-32.52595155709342,-28.176795580110493,2.75740869701139,2.959656493324453
PRAGATIINS,Pragati Insurance PLC,76.0,0.9296148738379852,-2.0618556701030855,4.109589041095891,0.10230141726584165,-2.6368162856310455,8.873434925570793,55.936254396716556,-1.6678052900830174,378.50013307246104,91.08628314630346,2.4830282942592494,3.365522133374206
PRAGATILIF,Pragati Life Insurance PLC,164.0,0.24449877750611593,-5.584340817501433,-2.95857997927243,-13.185755621900832,-16.674364981516355,22.05683343498967,59.64601753946902,86.92473028073313,136.24464128404938,147.64344584537588,2.7630314092338244,2.5325519176389433
PREMIERBAN,The Premier Bank PLC,5.6,9.803921568627452,1.8181818181818117,30.232558139534877,21.73913043478261,39.99999999999999,39.99999999999999,-25.333333333333336,-51.30882368837413,44.66680501635452,-23.417010251007888,6.533392707921008,5.3303923261808155
PREMIERCEM,Premier Cement Mills PLC,49.0,-1.0101010101010102,-4.1095890410958935,1.871101871101868,32.432432432432435,30.666666666666668,24.999999999999993,-2.777777777777775,-34.666666666666664,-47.76119402985075,-53.333333333333336,2.771399485598672,3.8500785243297875
PREMIERLEA,Premier Leasing & Finance Limited,2.8,11.999999999999993,16.666666666666664,16.666666666666664,21.73913043478261,311.76470588235287,418.5185185185184,-12.50000000000001,-70.52631578947368,-57.98249958502467,-79.34341953876925,6.128874024526198,7.531917803007576
PRIME1ICBA,Prime Bank 1st ICB AMCL Mutual Fund Units,6.4,-1.538461538461533,6.666666666666672,36.17021276595745,42.22222222222223,52.38095238095239,48.8372093023256,16.36363636363637,-22.89156626506024,28.000000000000007,-11.111111111111109,5.2604166666666625,5.196538479354554
PRIMEBANK,Prime Bank PLC,30.5,-0.6514657980456003,0.3289473684210573,1.6666666666666667,-0.5140527615703542,2.97427676738376,11.197916944661461,10.813149045829796,46.542968539344486,124.27445588450716,7.348665148913755,1.1589547134943703,1.4185944497231
PRIMEFIN,Prime Finance and Investment Ltd.,3.7,0.0,15.625,19.35483870967742,0.0,164.2857142857143,236.36363636363635,-24.48979591836735,-71.09375,-53.164556962025316,-86.38036804468365,5.091089466089462,6.041791531502318
PRIMEINSUR,Prime Islami Insurance PLC,46.7,1.3015184381778773,-0.6382978723404195,11.722488038277527,27.247956403269754,31.549295774647895,56.187290969899685,21.298701298701303,-29.98500749625187,243.38235294117646,30.76000030859361,3.1278870889039245,4.94048207056838
PRIMELIFE,Prime Life Insurance Company Limited,39.9,0.7575757575757504,-4.545454545454542,-3.389830508474573,2.046035805626591,1.2690355329949239,20.909090909090907,6.97050938337802,-37.85046728971963,-29.82412043374662,-56.10999993284831,2.668487866117828,2.9554594779367256
PRIMETEX,Prime Textile Spining Mills Ltd.,17.1,4.268292682926847,0.5882352941176554,-4.469273743016744,-8.556149732620309,41.322314049586794,23.91304347826087,29.545454545454565,-21.91780821917807,4.268292682926847,-15.346534653465335,3.2527523137176146,3.8662409222254186
PROGRESLIF,Progressive Life Insurance Co. Ltd.,39.9,-1.9656019656019759,-4.086538461538468,-7.209302325581398,-2.682926829268296,-17.901234567901238,-12.500000000000005,-22.823984526112195,-64.18312387791741,-6.49521695264495,-46.66788504484772,5.87203022372381,3.717865376342141
PROVATIINS,Provati Insurance PLC,57.1,2.5134649910233366,-6.3934426229508174,4.387568555758681,57.73480662983425,71.98795180722891,98.95470383275261,77.8816199376947,-65.5020835127225,626.9547514080833,205.71660464165765,4.604297872313293,5.430400249942626
PTL,Paramount Textile PLC,63.4,0.47543581616481323,-0.9375000000000022,1.116427432216899,0.6349206349206327,24.80314960629922,22.3938223938224,30.721649484536076,31.70323759755955,531.5517693564332,148.1472153723621,2.067284783937396,2.65369557235271
PUBALIBANK,Pubali Bank PLC,37.9,1.6085790884718536,2.4324324324324285,6.460674157303362,20.734100821089804,16.84989383125014,41.051813570883105,61.425964426018446,120.6491146125631,249.73455968196546,117.40402586274084,2.0072494622994066,2.0953250159378376
PURABIGEN,Purabi General Insurance Co. Ltd.,30.4,0.9966777408637779,-5.295950155763249,-5.882352941176467,6.666666666666662,34.513274336283175,56.701030927835056,66.12021857923496,-22.64094126115601,323.97969874744524,2.6910126145541895,3.438284403017983,3.7696196192464324
QUASEMIND,Quasem Industries Limited.,45.5,-0.4376367614879712,0.0,-1.3015184381778773,13.184079601990042,17.87564766839378,20.31249986696213,26.70886065042782,20.398607984635635,17.75407814457367,186.3283371054344,1.975792761167043,3.3701858665983124
QUEENSOUTH,Queen South Textile Mills Ltd.,17.3,-1.1428571428571388,9.493670886075948,14.569536423841068,46.61016949152542,54.46428571428573,45.3781512605042,35.15625,-36.326389121474435,-28.755383935045096,-28.755383935045096,4.952363401531366,3.8321736859712874
RAHIMAFOOD,Rahima Food Corporation Ltd.,88.3,-1.450892857142854,-4.125950054288814,-11.61161161161162,-17.089201877934276,-35.500365230094964,-44.8125,-31.444099378881994,-65.37254901960785,62.0183486238532,413.3720930232558,2.830972731260129,4.866078817815671
RAHIMTEXT,Rahim Textile Mills Ltd.,208.5,-0.8087535680304418,-4.751027866605758,4.25,3.7313432835820897,-17.58893280632411,-2.2503516174402303,37.171052631578945,-29.322033898305083,56.22263476766323,416.9549035758494,3.5000641606838503,4.54410814343193
RAKCERAMIC,RAK Ceramics (Baneladesh) Limited,31.3,0.32051282051282504,-2.7950310559006275,9.440559440559438,34.33476394849785,31.512605042016805,40.990990990990994,36.08695652173913,-21.749999999999996,-32.712944127153534,-22.026176518542133,2.6673226633156526,2.9622848747198143
RANFOUNDRY,Rangpur Foundry Limited,161.5,-0.30864197530864196,-2.710843373493976,4.328165374676995,1.0006253908692897,3.5256410256410255,13.016095171448562,5.832241153342075,24.13528055342045,50.93457943925234,160.48387096774192,2.4732729431559117,5.138414999043691
RDFOOD,Rangpur Dairy and Food Products Limited,27.5,1.4760147601475961,-1.7857142857142858,3.383458646616536,36.81592039800994,36.13861386138615,37.5,13.168724279835388,-30.91463440195732,196.6941527258527,69.97014648055656,2.4082241992625684,3.274294356224255
RECKITTBEN,Reckitt Benckiser (Bangladesh) PLC,3324.0,0.5840167034829238,-0.24009603841536614,0.6357856494096276,-4.345323741007194,-4.471778365329346,-2.807017543859649,-4.971554361188144,-26.62089670853661,117.25490196078431,349.79702300405955,0.6607269049050465,0.7116477187972357
REGENTTEX,Regent Textile Mills Ltd.,6.5,4.838709677419352,14.035087719298243,3.1746031746031775,58.53658536585367,75.67567567567568,62.5,75.67567567567568,-40.90909090909091,-40.18254103757676,-74.6673060617831,3.844498251277906,5.307073532043922
RELIANCE1,Reliance Insurance Mutual Fund Reliance One Units,12.1,-0.8196721311475381,1.680672268907557,15.238095238095235,3.418803418803422,-20.91503267973857,-22.929936305732483,-30.857142857142858,-11.67883211678832,53.16455696202531,32.96703296703297,2.9178925619834746,3.3623221501777674
RELIANCINS,Reliance Insurance PLC,114.9,8.090310442144881,5.606617647058832,-3.36417157275021,34.385964912280706,56.7530695770805,75.6880733944954,95.07640067911717,9.532888465204957,281.37630803895973,137.9440422539299,3.4466800364918684,4.794503128976973
RENATA,Renata PLC,474.9,0.16874077198902224,-0.021052631578952156,6.647204132045803,14.378612716763003,15.04360465116278,21.147959183673464,-11.067415730337082,-59.188281323429216,-29.106963816780514,52.87977025332427,0.9098370012053474,1.1671090386704355
RENWICKJA,Renwick Janeswar and Co. (BD) Limited,918.5,-0.14133507284191724,-0.2714440825190011,72.97551789077212,89.77272727272727,90.71843853820597,87.90916530278233,31.59025787965616,-2.680652680652676,61.99294532627866,1070.063694267516,7.281975079047898,6.28888675365109
REPUBLIC,Republic Insurance PLC,35.4,2.017291066282408,-5.600000000000004,2.608695652173909,-0.8403361344537934,-1.117318435754186,29.197080291970803,24.647887323943664,-32.7094824253296,407.6364715191518,72.60322985588161,3.7207229299407047,4.5226206941042815
RINGSHINE,Ring Shine Textiles Ltd.,4.4,12.820512820512834,15.789473684210542,22.22222222222223,18.918918918918923,57.14285714285717,37.5,41.93548387096775,-56.435643564356425,-70.373333336296,-70.373333336296,3.934531450577669,4.918938014252519
ROBI,Robi Axiata PLc,32.4,-0.3076923076923121,-0.6134969325153461,-0.30769230769231204,12.891986062717768,6.578947368421053,14.487632508833913,20.895522388059693,-25.000000000000007,115.99999999999999,115.99999999999999,1.2466639104807642,1.6941007687882481
RSRMSTEEL,Ratanpur Steel Re-Rolling Mills Ltd,7.7,-1.2820512820512775,1.3157894736842175,-3.749999999999998,-1.2820512820512775,16.666666666666675,14.925373134328359,-30.0,-69.921875,-76.57234032065575,-83.01159985568013,3.0335156071998215,3.842328932945772
RUNNERAUTO,Runner Automobiles PLC,43.0,2.625298329355612,2.8708133971291936,2.8708133971291936,10.539845758354758,21.12676056338028,16.216216216216218,52.4822695035461,-35.24096385542169,-53.59712218865483,-53.59712218865483,2.303452842121906,2.188137219720675
RUPALIBANK,Rupali Bank PLC,17.4,-1.1363636363636525,-2.7932960893854752,1.754385964912264,-2.7932960893854752,-13.861386138613865,0.5780346820809125,-23.6842105263158,-41.21324925287809,31.814041359396295,-41.97092822810627,2.731576266870383,2.6721956174049817
RUPALIINS,Rupali Insurance Company Ltd.,28.8,1.4084507042253596,-1.3698630136986254,5.882352941176476,19.525691973616205,22.42915007762134,41.30841156822431,36.21621655675676,-29.014084329577464,182.1043096494524,-8.1077264481754,2.377480158730159,4.079209711255221
RUPALILIFE,Rupali Life Insurance Co. Ltd.,87.9,0.8027522935779848,-4.560260586319206,-5.585392051557453,1.1507479861910241,-7.668067226890754,11.832061068702306,3.4117647058823595,17.971052254071584,184.75810160804284,-12.671012991007341,2.9370998476170085,2.9360097839580614
SAFKOSPINN,Safko Spinning Mills Limited,20.6,2.487562189054726,-2.3696682464454977,0.0,1.4778325123152745,49.275362318840585,49.275362318840585,71.66666666666667,-12.57983194893482,95.50339607620661,4.323939753597342,3.450085589541507,4.570318421888813
SAIFPOWER,SAIF Powertec Ltd.,9.6,0.0,-4.0000000000000036,-4.0000000000000036,49.999999999999986,104.25531914893615,91.99999999999999,23.076923076923073,-63.786477001840616,-31.209500121665315,-30.159901444621127,2.950404465603652,5.3317861476717
SAIHAMCOT,Saiham Cotton Mills Ltd.,21.3,0.9478672985781956,3.9024390243902474,9.230769230769234,-0.9302325581395315,13.903743315508027,8.673469387755098,54.347826086956516,17.679558011049718,65.11627906976744,-17.50000006971831,2.7264128694938914,3.259594649287628
SAIHAMTEX,Saiham Textile Mills Ltd.,19.1,0.0,-1.0362694300518098,6.703910614525156,5.524861878453038,-11.981566820276488,10.40462427745665,32.63888888888889,-18.02575107296137,51.931818561647745,-18.504416988703888,2.6960319657515033,2.7242128944838555
SALAMCRST,S. Alam Cold Rolled Steels Limited,13.7,1.481481481481476,-2.142857142857148,-5.51724137931035,-13.836477987421391,21.238938053097332,-8.053691275167793,-35.98130841121495,-57.45341614906833,-45.2,-71.21848739495799,3.993376852512726,3.2149698439583743
SALVO,Salvo Organic Industries PLC,37.8,-1.3054830287206267,-1.5625000000000038,-0.5263157894736917,15.950920245398759,31.707317073170724,24.75247524752474,60.16949152542371,-5.263157894736846,275.44594784347004,120.79838443434286,2.541251376558572,2.253295075488383
SAMATALETH,Samata Leather Complex (Pvt.) Ltd.,102.9,0.9813542688910696,0.8823529411764761,-2.8328611898016995,-9.657594381035995,10.645161290322587,22.500000000000007,50.65885797950221,14.33333333333334,302.13792968477844,599.7199977608959,5.325598743475403,4.8264273379398315
SAMORITA,Samorita Hospital Ltd.,96.0,3.225806451612903,2.7837259100642338,28.686327077747997,33.704735376044574,38.528138528138534,32.049518569463544,49.30015552099535,49.318400209174186,90.47091121964266,144.54679310798969,2.4414907278984965,4.198664955397836
SANDHANINS,Shandhani Life Insurance Co.Ltd,27.3,0.0,-4.545454545454548,7.058823529411767,18.18181818181818,27.570093457943937,41.45077720207254,28.773584905660385,-37.38532110091743,36.500001092000005,-35.881496725258536,2.406869824548852,3.053814308300425
SAPORTL,Summit Alliance Port Limited,53.9,3.0592734225621445,4.660194174757279,5.273437499999991,5.686274509803919,21.123595505617974,28.02850356294536,126.47058823529412,75.57003257328991,40.48432408601872,155.756450528695,2.140731421378023,3.4946758777913143
SBACBANK,SBAC Bank PLC.,6.8,1.4925373134328304,4.615384615384612,7.936507936507937,1.4925373134328306,4.615384615384612,9.677419354838703,-19.047619047619055,-35.06618171735732,-35.06618171735732,-35.06618171735732,1.893226176808262,2.628303875505366
SEAPEARL,Sea Pearl Beach Resort & Spa Ltd.,39.3,-0.7575757575757683,-6.428571428571435,9.470752089136488,12.285714285714278,23.974763406940056,19.090909090909083,-25.70888468809074,-7.092198581560284,63.750000409375,63.750000409375,2.582320008956289,4.168959860495017
SEMLFBSLGF,SEML FBLSL Growth Fund Units,7.3,0.0,4.285714285714283,30.357142857142865,35.18518518518517,40.38461538461538,48.97959183673468,25.862068965517242,-42.06349206349206,19.672131147540988,19.672131147540988,5.6936140780382685,4.1964988333165865
SEMLIBBLSF,SEML IBBL Shariah Fund Units,8.0,0.0,1.265822784810122,19.402985074626862,29.032258064516125,35.593220338983045,37.931034482758626,15.94202898550724,-38.93129770992366,-41.60583941605839,-41.60583941605839,3.2000617474529136,3.277707921529178
SHAHJABANK,Shahjalal Islami Bank PLC,17.4,0.0,-1.1363636363636525,0.0,-0.5714285714285795,-0.5714285714285795,6.097560975609756,-5.434782608695652,-11.714286054381423,146.55533433149887,6.956398485912178,1.4325536897492235,1.4291066286415492
SHARPIND,Sharp Industries PLC,36.6,3.682719546742222,8.928571428571429,64.12556053811659,131.64556962025316,181.53846153846155,183.72093023255817,97.83783783783785,124.5398773006135,124.5398773006135,124.5398773006135,7.083809912390565,7.210228334634944
SHASHADNIM,Shasha Denims PLC,28.5,-1.3840830449826942,4.0145985401459905,17.28395061728395,42.5,77.01863354037265,79.24528301886792,58.333333333333336,13.095238095238098,0.9574554273153109,-14.617335623784113,2.611515773055676,2.3954663201200512
SHEPHERD,Shepherd Industries PLC,16.8,0.5988023952095893,1.2048192771084294,2.4390243902439157,6.329113924050633,35.483870967741936,25.373134328358212,-7.182320441988953,-0.46242815560993167,-53.69733361641754,-53.69733361641754,2.6534336409695527,3.4242128699711922
SHURWID,Shurwid Industries Ltd,6.0,1.6949152542372818,0.0,-9.090909090909086,-1.6393442622950762,39.53488372093024,30.43478260869566,-14.285714285714286,-69.38775510204083,-33.333333407407416,-80.02631586813321,2.1186440677966023,4.048016403432649
SHYAMPSUG,Shyampur Sugar Mills Ltd.,307.1,1.487111698612029,-5.594835536427909,62.40084611316766,103.91766268260295,93.50976685570261,102.03947368421053,127.48148148148151,333.1452750352609,2940.5940594059407,3738.7500000000005,9.00705171903832,8.113517473013435
SICL,"Sikder Insurance Co., Ltd.",38.0,1.6042780748663141,-2.0618556701030855,-1.2987012987012987,57.02479338842976,76.74418604651163,105.4054054054054,68.88888888888889,40.74074074074074,40.74074074074074,40.74074074074074,3.383301927310793,3.775085980785831
SILCOPHL,Silco Pharmaceuticals Ltd.,21.6,0.9345794392523498,-4.845814977973559,7.462686567164178,52.112676056338046,53.191489361702146,57.66423357664235,38.461538461538474,-35.522388059701484,-11.343283678024052,-11.343283678024052,3.5594917728039044,3.591297556791685
SILVAPHL,Silva Pharmaceuticals Ltd.,17.0,1.1904761904761862,-2.2988505747126355,29.77099236641222,58.87850467289721,71.71717171717171,77.08333333333334,55.96330275229358,-23.42342342342342,-53.02631567203947,-53.02631567203947,3.461121235789288,4.969550562187583
SIMTEX,Simtex Industries PLC,27.0,-1.0989010989011014,-2.8776978417266212,0.0,9.756097560975604,30.43478260869566,20.0,70.88607594936708,45.945945945945944,64.774796500197,0.21919132349100176,2.422362913061286,3.147014658850068
SINGERBD,Singer Bangladesh Limited,79.0,2.7308192457737244,2.9986962190351982,-1.0025062656641568,-9.195402298850574,-10.633484162895934,-7.0588235294117645,-31.304347826086957,-56.377691882937604,-37.71983026092849,-22.149787829229293,2.644459007164441,2.8904081368529537
SINOBANGLA,Sinobangla Industries Ltd.,57.1,-0.34904013961604846,-3.0560271646859034,-2.891156462585027,8.349146110056923,21.748400852878472,24.672489082969445,32.79069767441861,37.92038168871923,137.0644259818725,213.92801044758136,1.4580497139480784,2.21353340630456
SIPLC,Sena Insurance PLC,115.6,6.152433425160687,10.095238095238091,13.891625615763543,54.133333333333326,95.60067681895092,116.88555347091933,133.53535353535352,141.84100418410043,141.84100418410043,141.84100418410043,3.812438361498466,4.482844529156929
SKTRIMS,SK Trims & Industries Ltd.,14.5,1.3986013986013937,2.1126760563380333,0.0,55.91397849462364,85.8974358974359,76.82926829268295,42.156862745098046,-65.22781774580336,-61.011111190128595,-61.011111190128595,2.799295774647888,5.306965482308463
SONALIANSH,Sonali Aansh Industries Limited.,213.5,2.348993288590607,-1.294498381877028,16.922234392113914,32.608695652173914,12.486828240252892,10.966735966735964,16.348773841961854,267.78639104220497,1121.7453505007152,1481.4814814814815,2.493448395379268,3.346510441902913
SONALILIFE,Sonali Life Insurance PLC,84.1,-1.752336448598131,-0.11876484560571084,-1.0588235294117714,27.42424242424242,17.622377622377616,38.09523809523809,39.00826446280991,21.356421356421354,664.5454545454545,664.5454545454545,3.6514214604408917,3.316794115916387
SONALIPAPR,Sonali Paper & Board Mills Ltd.,236.7,-0.6297229219143577,-6.442687747035578,3.6793692509855354,2.9130434782608647,-3.2693093583980386,0.08456659619449837,48.122653316645795,36.32555451346996,56.8295056769183,56.8295056769183,2.218711884790346,3.2910411114117535
SONARBAINS,Sonar Bangla Insurance Ltd.,38.2,-1.2919896640826873,-9.04761904761904,-10.117647058823522,14.600000286500002,28.971061393903604,58.53754977056039,54.26923115490387,-52.032459896577045,312.3461088160657,83.5204501677854,4.445942708607896,5.252287786330147
SONARGAON,Sonargaon Textiles Limited.,96.8,1.467505241090138,17.191283292978213,9.750566893424029,158.13333333333333,207.3015873015873,211.25401929260445,183.8709677419355,298.3539094650206,1190.6666666666667,418.5714298678571,4.9838980855361585,6.743065040259827
SOUTHEASTB,Southeast Bank PLC,10.8,1.8867924528301987,5.882352941176485,8.000000000000007,19.134020496966308,22.93617005844183,26.9890109471465,39.22891558716506,-22.16210516518835,5.3420966005929,-9.243731951120292,3.378603724181551,3.316863426576042
SPCERAMICS,Shinepukur Ceramics PLC,22.5,-2.5974025974026036,-6.25,-3.433476394849788,10.837438423645317,47.058823529411754,54.109589041095894,5.140186915887857,-27.884615384615383,158.6206896551724,-0.8620692541947459,2.9136936610577333,3.75390976752825
SPCL,Shahjibazar Power Co Ltd,56.3,0.0,-1.5734265734265833,4.646840148698885,1.6245487364620914,10.176125244618387,18.526315789473678,27.66439909297051,-19.791780693584666,-52.31378082160916,116.81561318421701,1.8164649760327618,2.4917851874000196
SQUARETEXT,Square Textiles PLC,50.4,-0.5917159763313693,-0.9823182711198428,2.0242914979757085,4.347826086956525,0.5988023952095751,3.9175257731958735,1.6129032258064457,8.620689655172415,-13.424078975170815,-33.953968364370716,1.7584000904071435,1.9378685543493008
SQURPHARMA,Square Pharmaceuticals PLC,218.9,-0.6354970494779871,-2.2767857142857117,-1.9265232974910318,2.6254102203469265,-0.364132908511599,10.000000000000002,-1.8385650224215222,-1.7063313875168313,17.69074545872703,109.12253399632932,0.8747332447750898,1.1298396158536244
SSSTEEL,S.S. Steel Ltd,7.3,1.388888888888884,0.0,8.955223880597009,45.99999999999999,87.17948717948718,78.04878048780489,19.672131147540988,-64.64574006758487,-80.41614422975591,-80.41614422975591,3.47676902254367,4.736850633000053
STANCERAM,Standard Ceramic Industries Ltd.,72.2,1.2622720897615787,-2.4324324324324285,1.5471167369901668,-0.9602194787380011,14.421553090332807,2.995720399429399,-0.8241758241758164,-67.18181818181819,52.00000000000001,194.69387755102042,3.1096297059747364,3.943689938138217
STANDARINS,Standard Insurance PLC,48.8,4.273504273504273,-2.5948103792415256,-5.973025048169559,4.051172707889123,11.926605504587146,24.808184143222494,7.964601769911491,-41.556886227544915,543.6763942358473,86.96693817465216,4.450221176935752,4.000709416697227
STANDBANKL,Standard Islami Bank PLC,5.2,1.960784313725501,8.333333333333341,8.333333333333341,6.122448979591833,6.122448979591833,8.333333333333341,-19.999999999999996,-40.766869132912106,-1.5829459537145443,-42.597622672153385,3.306522609043617,3.5963926359959735
STYLECRAFT,Stylecraft Limited,59.1,1.8965517241379335,-3.7459283387622104,11.509433962264152,11.509433962264152,31.33333333333334,25.211864406779654,-15.571428571428568,-60.33557046979866,41.80966608425614,140.64185431905912,3.9166649563627582,3.839749398299802
SUMITPOWER,Summit Power Ltd.,16.6,-0.5988023952095681,-2.35294117647058,9.210526315789489,20.289855072463773,33.870967741935495,33.870967741935495,9.933774834437097,-62.27272727272727,-49.23547400611621,-63.84383566720556,2.234850522007247,3.2092423861277535
SUNLIFEINS,Sunlife Insurance Co. Ltd.,67.5,0.7462686567164178,0.746268656716418,-3.8461538461538503,-6.896551724137931,27.358490566037737,28.083491461100564,12.5,107.05521472392637,184.50413134497472,-27.019000513584807,3.515935508342136,5.315294757527666
TAKAFULINS,Takaful Islami Insurance PLC,49.8,4.62184873949579,1.2195121951219396,27.692307692307686,43.515850144092205,45.18950437317785,46.47058823529411,40.281690140845065,-14.137931034482763,338.4555501502262,62.19150181791383,4.627795602356502,4.72589031942852
TALLUSPIN,Tallu Spinning Mills Limited,8.3,2.469135802469149,3.750000000000009,1.2195121951219687,5.06329113924051,7.792207792207799,31.74603174603176,59.61538461538463,9.210526315789489,-37.59398496240601,-63.91304350964083,2.3706047819971885,2.6887718447784983
TAMIJTEX,Tamijuddin Textile Mills PLC,131.0,-0.30441400304414434,-3.2496307237813924,0.07639419404124852,7.730263157894742,9.257714762301914,3.9682539682539684,21.092436853697482,79.67581029906842,893.7931020775268,893.7931020775268,2.4448000667611423,3.0133963887062962
TECHNODRUG,Techno Drugs Ltd.,46.8,-1.0570824524312896,-0.21321961620469387,12.49999999999999,32.57790368271955,51.45631067961165,60.27397260273972,42.6829268292683,77.27272727272727,77.27272727272727,77.27272727272727,3.5710416485137024,3.586336157411926
TILIL,Trust Islami Life Insurance Ltd.,50.9,0.7920792079207893,-3.962264150943399,-4.3233082706767,7.157894736842103,0.9920634920634921,14.63963963963964,2.4144869215291664,362.72727272727275,362.72727272727275,362.72727272727275,1.9416146547174984,3.148568256125022
TITASGAS,Titas Gas Transmission and Distribution PLC,20.1,-0.4950495049504845,-1.951219512195115,11.666666666666675,18.93491124260357,22.560975609756117,28.846153846153857,-7.373271889400911,-45.67567567567567,-59.39393939393939,-68.49529780564264,3.44930048285254,3.8546746739764814
TOSRIFA,Tosrifa Industries PLC,23.9,3.0172413793103416,1.702127659574462,19.499999999999993,38.95348837209302,41.42011834319527,40.58823529411764,21.938775510204067,38.40395426467389,24.865897878757682,-44.95411762178352,5.626990764627692,5.171523285332677
TRUSTB1MF,Trust Bank 1st Mutual Fund Units,4.0,2.5641025641025665,14.285714285714286,29.032258064516125,29.032258064516125,66.66666666666667,66.66666666666667,2.5641025641025665,-48.71794871794872,-2.1647061574427613,-38.76400049181693,7.996951839057102,5.970238585809328
TRUSTBANK,Trust Bank PLC,15.7,-0.6329113924050722,-0.6329113924050722,0.6410256410256387,-8.416666437708338,-9.918032587523511,-5.25862045280172,-19.191176268566185,-27.986172291935166,72.67168488270087,65.40445822242745,1.5784043100439122,1.6547779247406158
TUNGHAI,Tung Hai Knitting & Dyeing Ltd,2.9,3.5714285714285747,11.538461538461531,-3.333333333333336,-3.333333333333336,70.58823529411765,81.24999999999997,11.538461538461531,-56.06060606060606,-67.44897963169512,-88.30333335703858,3.938992042440317,5.930104742912623
UCB,United Commercial Bank PLC,9.8,1.0309278350515612,5.376344086021505,8.888888888888896,11.363636363636363,-1.0101010101010064,-6.66666666666666,-9.25925925925926,-27.086196013909916,-13.69177707829562,-22.71924944405135,2.5689038501998773,2.347469939907149
UNILEVERCL,Unilever Consumer Care Limited,2053.1,-0.24778933048294188,0.03898065584952137,-1.7655502392344542,-1.8172253837693082,-6.036613272311217,-4.949074074074078,-17.931806371667264,10.41882352941176,100.77990342888575,514.0112149532711,0.6636861036906346,1.12535402003673
UNIONCAP,Union Capital Limited,4.7,-2.083333333333326,6.818181818181814,2.1739130434782727,4.444444444444448,42.424242424242436,67.85714285714288,-12.962962962962965,-47.19101123595505,-50.000657704114346,-75.15254911402256,5.808594735514253,4.547370515381737
UNIONINS,Union Insurance PLC,50.5,3.9094650205761283,-3.99239543726236,23.471882640586802,35.752688172043,33.24538258575198,37.228260869565226,38.736263736263744,359.09090909090907,359.09090909090907,359.09090909090907,4.5237870767515025,5.6438045660679785
UNIQUEHRL,Unique Hotel & Resorts PLC,44.3,0.9111617312072862,-2.6373626373626435,9.38271604938271,18.133333333333326,16.27296587926508,15.665796344647521,10.749999999999993,1.8390804597701085,0.911161731207286,-65.03551696921862,3.259476812780197,3.6777947086315597
UNITEDFIN,United Finance PLC,17.5,-2.234636871508372,6.0606060606060606,13.636363636363635,38.88888888888889,45.833333333333336,50.862068965517246,28.6764705882353,-0.5681818181818262,11.524567023553143,-24.934284341199575,4.9093593146430825,4.230674156067621
UNITEDINS,United Insurance Company Limited,49.9,1.6293279022403202,-5.671077504725898,15.777262180974471,-0.7952286282306136,9.911894273127754,19.377990430622013,29.610389610389603,-22.031250000000004,151.7573821897685,30.703476225852544,3.875101951188907,3.616409188264259
UPGDCL,United Power Generation & Distribution Co. Ltd.,124.3,-1.2708498808578303,-2.814698983580929,0.6477732793522244,4.62962962962963,4.366078925272882,7.062876830318693,-8.80410858400588,-55.70206699928725,31.04419814942415,122.84199591096625,1.8882210976134999,2.4164720635967907
USMANIAGL,Usmania Glass Sheet Factory Limited,67.6,7.987220447284334,-7.270233196159137,66.91358024691357,93.14285714285712,115.28662420382165,98.8235294117647,95.94202898550724,19.014084507042252,0.08409314235519674,39.39881635788656,7.91304874069807,8.708710369377636
UTTARABANK,Uttara Bank PLC,21.3,0.0,-0.4672897196261583,0.0,3.197674418604652,9.118852459016399,16.26637554585153,21.575342465753433,66.48220321309667,167.12024235616425,64.3600012417591,0.799007883780669,1.1493473796811975
UTTARAFIN,Uttara Finance and Investments Limited,13.6,0.0,1.4925373134328306,4.615384615384612,7.936507936507937,35.99999999999999,37.37373737373737,-28.795811518324616,-64.67532467532467,-72.695984632632,-80.7735617827129,3.2341072415699266,2.8445325509492605
VAMLRBBF,Vanguard AML Rupali Bank Balanced Fund Units,8.2,1.2345679012345634,1.2345679012345636,12.328767123287664,36.66666666666666,51.851851851851826,43.859649122807,36.66666666666666,-11.827956989247326,-25.45454545454546,-25.45454545454546,2.0432098765432087,3.833480740946165
VFSTDL,VFS Thread Dyeing Ltd.,17.5,4.1666666666666625,7.361963190184045,8.024691358024695,45.833333333333336,43.44262295081968,36.71874999999999,143.05555555555554,-27.657480134104333,-26.12657281449614,-26.12657281449614,3.651843787838217,3.5465132151723715
WALTONHIL,Walton Hi-Tech Industries PLC,393.0,1.7344033134869243,-1.4790674354474749,3.4210526315789473,5.361930294906166,2.3171049205935894,3.4210526315789473,-5.238930388034915,-69.44876328143464,14.365079250714286,14.365079250714286,1.5356182738770403,2.0294882431096775
WATACHEM,Wata Chemicals Ltd.,142.0,2.305475504322758,-1.0452961672473868,6.606606606606616,-3.401360544217687,3.423160961398389,0.0,12.698412698412698,-52.25285810356422,71.10699179141899,573.0208336172641,2.014852342712651,2.944159961358869
WMSHIPYARD,Western Marine Shipyard Limited,10.1,3.061224489795907,2.020202020202013,6.315789473684207,17.441860465116278,23.170731707317078,23.170731707317078,14.77272727272726,-32.214765100671144,-25.102526002738177,-70.66515605580777,2.122345908060187,3.979794484924392
YPL,Yeakin Polymer Ltd.,25.0,-0.7936507936507908,-0.7936507936507908,1.6260162601625958,23.152709359605907,63.398692810457504,41.24293785310735,60.256410256410255,72.41379310344827,-0.2290335123181674,-0.2290335123181674,2.785327138985672,3.975789952931674
ZAHEENSPIN,Zaheen Spinning PLC,5.6,3.7037037037036904,1.8181818181818117,-3.448275862068969,1.8181818181818117,39.99999999999999,39.99999999999999,-18.840579710144933,-42.2680412371134,-53.218868012088464,-60.6519222959867,2.77104377104376,4.0049346419737235
ZAHINTEX,Zahintex Industries Ltd.,9.0,0.0,2.2727272727272645,2.2727272727272645,21.621621621621617,57.89473684210526,55.17241379310345,100.0,0.0,-48.84210554641108,-62.06064540660374,2.075530586766534,4.625475655874729
ZEALBANGLA,Zeal Bangla Sugar Milla Limited,225.6,8.097747963584096,12.071535022354684,71.16843702579663,65.27472527472527,55.693581780538295,57.76223776223776,173.45454545454547,46.3984425697599,1704.8,2493.1034482758623,6.8977314730423736,9.75595208556725
