Symbol,Name,Price,Change %,Perf % 1W,Perf % 1M,Perf % 3M,Perf % 6M,Perf % YTD,Perf % 1Y,Perf % 5Y,Perf % 10Y,Perf % All Time,Volatility 1W,Volatility 1M
1JANATAMF,First Janata Bank Mutual Fund Units,3.7,0.0,8.823529411764714,8.823529411764714,19.35483870967742,8.823529411764714,42.307692307692314,19.35483870967742,-55.42168674698795,-4.128889411279919,-31.94501419802659,5.589017589017585,5.511121416251894
1STPRIMFMF,Prime Finance First Mutual Fund 2009 Units,35.4,5.357142857142849,53.91304347826086,62.385321100917416,58.03571428571429,84.375,76.99999999999999,58.03571428571429,68.57142857142856,289.01098901098896,15.686274509803912,8.445090016074179,5.745230133205418
AAMRANET,aamra networks ltd,18.9,-3.076923076923084,3.278688524590152,-15.625000000000002,-3.571428571428586,9.883720930232554,6.179775280898864,-7.352941176470589,-57.36722397877392,-68.62837487556574,-68.62837487556574,3.779353656416833,5.089738105850024
AAMRATECH,Aamra Technologies Limited,16.4,-1.2048192771084507,1.2345679012345636,-7.344632768361586,11.564625850340132,12.328767123287664,33.333333333333314,23.308270676691713,-54.372703581648956,-20.638260979118932,-44.22633345388347,4.030702756826765,5.682016640097514
ABB1STMF,AB Bank 1st Mutual Fund 2011 Units,3.7,2.77777777777778,8.823529411764714,5.71428571428572,15.625,5.71428571428572,37.03703703703704,15.625,-43.07692307692308,-10.293878103903028,-44.80830868012468,7.162162162162156,5.651783646918543
ABBANK,AB Bank PLC,4.5,0.0,-6.2499999999999964,-4.255319148936174,-10.0,-29.687500000000004,9.756097560975618,-13.461538461538463,-68.06039600254137,-68.83410523590163,-80.44639777147891,4.999999999999991,4.384566949438426
ACFL,Aman Cotton Fibrous PLC,22.4,-0.44444444444445075,-0.44444444444445075,-3.448275862068969,-6.276150627615063,26.55367231638418,24.44444444444444,17.894736842105257,-48.623853211009184,-62.666666666666664,-62.666666666666664,4.400371830669977,5.734195041733497
ACI,Advanced Chemical Industries PLC,188.7,-0.8928571428571518,1.9999999999999938,-1.4621409921671078,-1.4106583072100403,-8.840579710144933,-3.2307692307692366,6.85164212910532,-25.537500038691306,-25.469520658986447,203.00692666704782,2.0320854596053417,2.1159685970906144
ACIFORMULA,ACI Formulations PLC,157.0,-1.3199245757385256,0.9646302250803859,-1.2578616352201257,7.681755829903969,12.868439971243713,21.705426356589147,12.706389088298627,-5.6382367389358965,-1.8749997546874966,127.69337073497928,2.7121672326341058,3.5608389257128152
ACMELAB,ACME Laboratories Ltd.,79.3,0.12626262626261908,1.666666666666663,-1.490683229813668,-2.098765432098769,2.3225806451612865,11.220196353436185,1.797175866495496,-14.91416309012876,-25.469924812030083,-41.25925925925926,1.5306828705539512,1.5028217062004703
ACMEPL,ACME Pesticides Ltd,25.7,-2.281368821292781,5.327868852459019,4.471544715447146,7.5313807531380785,38.172043010752674,61.635220125786155,58.641975308641975,133.63636363636363,133.63636363636363,133.63636363636363,3.6614234980924367,4.186286538503685
ACTIVEFINE,Active Fine Chemicals Ltd.,5.7,0.0,1.7857142857142954,-8.064516129032258,-18.571428571428566,-26.92307692307692,5.555555555555552,-31.325301204819283,-80.0,-77.26993858058263,-80.66956508157399,3.2080200501253158,3.909230076051527
ADNTEL,ADN Telecom Ltd.,59.4,-0.1680672268907587,5.506216696269984,-5.111821086261985,-12.775330396475765,2.4137931034482736,2.5906735751295336,-21.63588390501319,-20.16129032258065,46.666666666666664,46.666666666666664,2.477443818111226,3.0610013205974576
ADVENT,Advent Pharma Ltd.,14.1,0.7142857142857117,1.4388489208633042,-6.000000000000002,-10.19108280254777,-3.4246575342465753,5.22388059701492,-7.843137254901968,-44.68461556162462,-61.71511624227195,-61.71511624227195,3.3157126472734815,4.053757422063936
AFCAGRO,AFC Agro Biotech Ltd.,6.2,0.0,0.0,-7.462686567164179,-19.48051948051948,-22.499999999999996,24.000000000000004,-20.51282051282051,-82.72980501392757,-81.11384608004488,-72.94164997220297,2.9566367001586467,4.023677139664975
AFTABAUTO,Aftab Automobiles Ltd.,27.5,2.996254681647943,5.769230769230769,-2.482269503546097,-11.003236245954689,-6.143344709897613,-19.590643274853807,-20.05813953488372,-15.073528989630182,-40.43467553369169,-59.57499967057667,1.7418312631640875,2.9500897553497905
AGNISYSL,Agni Systems PLC,28.9,-2.693602693602696,-2.693602693602696,-2.3648648648648742,-2.3648648648648742,36.32075471698113,38.94230769230768,10.30534351145038,21.94092827004219,83.82067440131569,55.936012687774124,3.3914736842788376,4.270512912742414
AGRANINS,Agrani Insurance PLC,29.5,0.0,6.115107913669062,-2.960526315789469,12.167300380228134,43.203883495145625,23.949579831932766,9.665427509293686,-36.75152661098206,218.65304790635756,78.80547736479583,3.144635199713314,4.257560438174767
AIBL1STIMF,AIBL 1st ISLAMIC Mutual Fund 2010- Units,6.2,3.333333333333336,8.771929824561402,16.981132075471702,47.61904761904762,47.61904761904762,82.3529411764706,44.186046511627914,-31.11111111111111,-23.456790123456784,-19.48051948051948,7.352914123655041,7.4825719713696195
AIL,Alif Industries Ltd.,32.0,0.3134796238244559,2.5641025641025665,-8.831908831908835,-3.0303030303030303,-1.5384615384615385,-21.37592137592138,-41.923774954627945,-43.13408729535626,-71.02769239000932,-71.02769239000932,3.017649649267179,5.413102365074896
AL-HAJTEX,Alhaj Textile Mills Limited,79.0,-2.3485784919653963,-1.1264080100125227,-9.507445589919815,-21.393034825870647,-35.139573070607554,-42.4198250728863,-51.1742892459827,11.267605633802816,0.04662196645482735,241.1914440554848,4.9899001847321856,5.87960752383274
ALARABANK,Al-Arafah Islami Bank PLC,15.7,3.289473684210526,-3.680981595092033,-12.290502793296087,4.666666666666662,-10.285714285714288,4.666666666666662,-7.100591715976328,-34.94425294097443,23.70814977227184,-12.258742565855815,4.7556567399185266,5.633036437323913
ALIF,Alif Manufacturing Company Ltd.,5.3,0.0,-1.8518518518518616,-5.357142857142854,-1.8518518518518616,-1.8518518518518616,32.49999999999999,-1.8518518518518616,-74.27184466019418,-44.69181724880329,-68.61501094142304,3.4252539912917324,3.759361637771592
ALLTEX,Alltex Industries Limited,23.5,0.4273504273504335,-2.4896265560166033,-3.688524590163929,33.522727272727266,62.06896551724138,75.3731343283582,70.28985507246375,18.090452261306538,15.763546798029553,207.53086314964793,3.44223426115071,3.712983225147864
AMANFEED,Aman Feed PLC,31.7,-0.6269592476489007,2.25806451612903,-15.240641711229944,-4.804804804804799,37.826086956521735,37.826086956521735,21.92307692307692,-53.790087463556844,-45.60060730287623,-5.469907380223371,3.329959845340051,5.0258790378459315
AMBEEPHA,Ambee Pharmaceuticals PLC,756.5,-0.6696428571428601,-1.0981827689894075,-1.6894087069525665,0.0,-1.9442644199611148,5.069444444444445,-9.833134684147796,32.719298245614034,40.092592592592595,304.7258152591811,2.222348928434651,3.198023409041413
AMCLPRAN,Agricultural Marketing Co. Ltd.,215.8,-1.8198362147406733,2.226432970156332,-1.0091743119266003,-1.0091743119266003,3.056351480420251,6.673257538309441,0.13921113689095654,-27.2911051212938,-0.598802395209573,75.44715447154474,1.6310245122201636,2.1510952877525207
ANLIMAYARN,Anlima Yarn Dyeing Ltd.,26.2,-1.8726591760299627,-8.070175438596493,-20.12195121951219,-21.321321321321317,30.348258706467647,25.961538461538456,16.444444444444443,-39.770114942528735,-11.486486486486493,30.999999999999993,6.219773818101174,8.98649932919124
ANWARGALV,Anwar Galvanizing Ltd.,120.2,1.6920473773265652,6.560283687943268,14.585319351763582,2.3850085178875613,22.40325865580448,38.79907621247114,61.55913978494623,-51.962700205910586,225.38515414338534,1387.4749909449963,3.624579243638636,3.6392129728210034
AOL,Associated Oxygen Ltd,15.8,1.9354838709677464,2.5974025974025996,-10.22727272727273,-17.70833333333333,-5.9523809523809526,3.947368421052641,1.2820512820512888,-71.39424705973008,21.723199339968126,21.723199339968126,5.367060753815722,4.1890761151283735
APEXFOODS,Apex Foods Limited,265.2,-1.668520578420467,2.314814814814815,-5.589177643289423,-2.7859237536656973,17.866666666666664,7.89259560618388,10.546060858691114,59.662853702588805,56.36792452830189,270.391061452514,3.7457149025629874,4.093863022770594
APEXFOOT,Apex Footwear Ltd.,215.0,-0.4629629629629629,2.0892687559354255,1.1288805268109152,7.285429141716564,14.483493077742274,19.910764082543217,16.39237765266349,23.91671471980115,9.82209424090452,61.33658174850485,1.8665825245389658,2.040979983787423
APEXSPINN,Apex Spinning and Knitting Mills Ltd.,346.8,-2.089215132693387,12.233009708737868,3.522388059701496,-2.5842696629213453,81.66579360921948,92.66666666666667,127.55905511811024,141.6724738675958,227.4787535410765,395.42857142857144,5.783677004225603,6.358753174001705
APEXTANRY,Apex Tannery Limited.,93.8,-1.1591148577450037,-1.8828451882845159,-6.200000000000002,-7.128712871287131,39.37592867756315,57.382550335570464,20.256410256410252,-31.38258961228968,-35.665294924554196,28.31737346101232,4.0710628890969085,5.031130804768895
APOLOISPAT,Appollo Ispat Complex Ltd.,2.8,0.0,-3.448275862068969,-12.50000000000001,-15.151515151515152,-37.777777777777786,64.70588235294117,7.692307692307681,-77.41935483870968,-78.45901246592027,-88.50471532082062,4.975369458128083,4.890637924861421
ARAMIT,Aramit Limited,179.1,0.39237668161434336,-2.8214867064568727,-17.006487488415207,-7.057602490918525,5.352941176470585,-1.430930104567966,-18.73865698729583,-57.46853478983615,-57.2961373390558,-15.518867924528305,6.7239874737841765,5.871639029894943
ARAMITCEM,Aramit Cement Limited,11.2,0.9009009009008978,-4.273504273504273,-9.677419354838719,1.8181818181818117,-10.400000000000004,27.272727272727256,-4.273504273504273,-80.41958041958041,-67.53623188405797,-69.00953708530054,3.7874661812714896,7.133702019661318
ARGONDENIM,Argon Denims Ltd.,21.4,-1.8348623853211108,2.8846153846153744,-0.925925925925939,10.880829015544029,27.380952380952365,21.590909090909072,7.5376884422110555,-10.74169975814917,21.222487640180653,-44.498750054534526,3.2195434785621417,4.572457091033771
ASIAINS,Asia Insurance PLC,42.0,1.941747572815527,6.060606060606057,-1.8691588785046664,1.2048192771084338,12.6005361930295,52.72727272727273,52.17391304347825,-52.91479820627803,197.87234042553192,27.08933747428763,2.8158386993129962,4.408679916303249
ASIAPACINS,Asia Pacific General Insurance PLC,47.8,0.631578947368415,4.1394335511982545,-1.2396694214876063,6.222222222222216,35.79545454545453,51.26582278481011,43.54354354354355,-33.8865836791148,216.55629139072846,41.00294985250737,3.3348548880721,4.263623148247907
ASIATICLAB,Asiatic Laboratories Ltd,108.3,4.637681159420287,0.6505576208178465,-4.41306266548985,-12.378640776699028,52.75035260930887,124.6887966804979,86.72413793103448,89.00523560209425,89.00523560209425,89.00523560209425,4.590848375513081,5.677645712877738
ATLASBANG,Atlas Bangladesh Limited,82.5,-0.12106537530265657,-3.282532239155917,-5.172413793103448,16.197183098591548,23.134328358208954,45.50264550264549,39.59390862944162,-32.48772504091653,-15.674778721846991,-26.655295838334837,1.2651434203278278,3.746704773732928
AZIZPIPES,Aziz Pipes Limited.,78.7,0.0,8.551724137931037,-4.490291262135925,-6.309523809523807,62.60330578512398,68.16239316239317,63.95833333333334,-51.359703337453645,68.71312626840638,406.13937869671554,6.491384733117744,5.567999879272448
BANGAS,Bangas Limited,120.2,-1.069958847736623,1.7781541066892537,-6.604506604506595,-9.48795180722892,-4.905063291139242,-7.822085889570554,-1.3136288998357917,-19.866666666666664,-22.591200037094296,-14.271841592915912,2.9129005829677235,3.3029800509279914
BANKASIA,Bank Asia PLC,16.9,0.0,0.5952380952380826,-1.1695906432748704,-8.152173913043478,-16.271689841041198,-0.34510913272554017,1.8694440216862467,-1.126716180737873,39.71260954183685,45.383491951382766,1.0686108763031872,1.3689104204715024
BARKAPOWER,Baraka Power Ltd.,10.2,3.030303030303019,4.0816326530612095,0.0,24.390243902439025,24.390243902439025,49.99999999999999,25.925925925925924,-65.06849315068493,-54.97974985175957,-55.04770515355096,2.88247773336139,4.464354265322223
BATASHOE,Bata Shoe Co. (Bangladesh) Ltd.,885.6,0.5792163543441252,-1.0392222594703269,-2.25165562913907,0.06779661016949409,5.933014354066988,10.13555527919413,0.6363636363636389,-2.1544580709313887,-25.265822784810123,71.96116504854369,1.181249978459456,2.033173719955151
BATBC,British American Tobacco Bangladesh Co Ltd,226.5,-1.4789038712483713,-1.3071895424836601,-4.831932773109243,3.8990825688073394,0.6219458018658399,-8.669354838709678,-18.729817007534983,-65.32986376855962,-18.06671861988635,143.25776142549822,1.7674023291537104,2.046957036304254
BAYLEASING,Bay Leasing and Investment Ltd.,4.3,0.0,-8.510638297872347,-10.416666666666668,-6.52173913043478,-20.37037037037038,30.303030303030305,7.499999999999996,-87.8301886505429,-71.91174130607662,-83.61243680113861,5.012889256569743,4.721074288383562
BBS,Bangladesh Building Systems PLC,12.4,-0.7999999999999973,5.982905982905993,-6.060606060606053,-19.999999999999996,7.826086956521742,34.782608695652186,9.73451327433628,-41.232227488151665,-48.75650008454372,-42.81225384970128,3.6203066982573353,4.2316850275872
BBSCABLES,BBS Cables PLC,17.4,-1.1363636363636525,6.097560975609756,-5.434782608695652,-25.957446808510642,-7.936507936507937,14.473684210526313,-9.375000000000004,-74.04127185825686,-39.808007469452676,-39.808007469452676,4.148451328914207,4.550412904498414
BDAUTOCA,Bangladesh Autocars Limited,185.1,-1.3851891315929645,1.7032967032967001,-9.795321637426898,-9.353574926542603,5.170454545454542,45.748031496062985,37.92846497764531,3.988764044943817,464.5711922123068,757.3826920350504,4.024574057218917,5.340591847544353
BDCOM,BDCOM Online Ltd.,28.8,-1.7064846416382253,3.9711191335740126,-2.372881355932201,-12.99093655589124,2.85714285714286,10.769230769230772,9.565217665217398,17.60000056840001,59.73059970163157,139.4939427129641,3.373698540994236,3.8657608561718373
BDFINANCE,Bangladesh Finance PLC,11.6,-0.8547008547008517,-1.6949152542372972,-11.450381679389313,-7.200000000000002,-17.142857142857146,-10.769230769230772,-4.132231404958678,-82.43428578103543,20.47176644037278,-28.60203895244282,2.7655203415680054,3.4113376333216525
BDLAMPS,Bangladesh Lamps PLC,222.5,-0.8908685968819599,-1.5486725663716814,2.9615918556224,27.873563218390803,57.13276836158193,65.4275092936803,45.80602883355178,-3.691343119951867,26.366772719815017,98.39583317461667,2.7333879831267343,3.5029266933087633
BDTHAI,Bangladesh Thai Aluminium Ltd.,15.3,-2.5477707006369337,3.378378378378378,0.0,-27.488151658767777,35.39823008849557,36.60714285714287,22.400000000000006,-44.7653429602888,-22.660994801281674,-3.965136105583458,4.592770836190942,5.196277846517822
BDTHAIFOOD,BD Thai Food & Beverage Ltd.,20.9,-3.240740740740754,-1.8779342723004795,-12.552301255230127,-20.53231939163499,27.439024390243905,45.13888888888887,37.49999999999999,72.72727272727272,72.72727272727272,72.72727272727272,4.120664634264463,5.042850354218891
BDWELDING,Bangladesh Welding Electrodes Ltd.,12.3,-0.8064516129032229,3.3613445378151288,-8.208955223880595,-20.129870129870127,-23.124999999999996,-32.04419889502763,23.000000000000007,-46.28820960698689,18.314285645550747,-44.01652346393009,3.273931287699967,4.481902011741679
BEACHHATCH,Beach Hatchery Ltd,28.4,2.158273381294956,7.169811320754712,-6.270627062706278,-13.149847094801236,-10.691823899371077,-39.31623931623931,-47.21189591078067,7.575757575757576,173.07692307692307,25.822785096811394,2.778092683202173,3.8450412543794736
BEACONPHAR,Beacon Pharmaceuticals PLC,103.0,-0.7707129094412304,2.6919242273180486,-2.0912547528517136,-6.278434940855328,-0.09699321047526123,-1.6236867239732595,-17.202572347266884,-52.31481481481482,444.973544973545,568.8311688311688,2.0703462915611697,2.709440486382987
BENGALWTL,Bengal Windsor Thermoplastics PLC,22.4,-1.3215859030837036,7.692307692307681,-11.111111111111114,-8.571428571428577,24.44444444444444,28.73563218390805,16.666666666666664,-19.133574007220222,-50.52208840507734,-54.751252176931146,4.370483547924337,4.779209448765035
BERGERPBL,Berger Paints Bangladesh Ltd.,1464.5,0.020489004234391102,0.6529209621993127,-1.6652118444906974,3.2792665726375176,4.042341574310891,6.046343229543809,2.4770834791127347,-21.263440860215052,32.348289729338944,457.9047619047619,1.4253588269725952,1.0190651171716214
BESTHLDNG,Best Holdings PLC,14.7,-1.342281879194638,-5.769230769230771,3.5211267605633805,-8.695652173913057,8.088235294117645,8.888888888888884,-16.949152542372882,-50.0,-50.0,-50.0,2.9825726337482594,3.8353059853222584
BEXIMCO,Bangladesh Export Import Company Ltd.,21.8,-1.8018018018017956,7.389162561576354,-9.91735537190082,-23.239436619718305,-80.19981834695731,-80.19981834695731,-80.19981834695731,-83.04444440205556,7.8471162149863405,-45.10705985282121,4.361780718416053,4.491454529389435
BGIC,Bangladesh General Insurance Company PLC,42.1,1.2019230769230769,5.5137844611528894,4.207920792079215,8.226221079691525,31.562500000000004,36.245954692556644,31.97492163009405,-32.096774193548384,184.45945945945945,34.50479233226837,4.2797601958356735,5.133930438886375
BIFC,Bangladesh Industrial Finance Company Ltd.,3.6,-2.702702702702705,-5.2631578947368345,-9.999999999999998,-16.279069767441854,-40.0,111.76470588235294,0.0,-53.84615384615384,-55.00000000000001,-82.32832557350474,6.052631578947363,6.11404976087261
BNICL,Bangladesh National Insurance Company Ltd,167.5,7.165706973768386,27.0864946889226,52.27272727272727,36.734693877551024,208.47145488029466,272.22222222222223,306.5533980582524,9.76408912188729,1188.4615384615386,352.7027027027027,7.047027058104357,7.243366245772153
BPML,Bashundhara Paper Mill Ltd.,28.0,0.0,12.0,0.0,-2.097902097902103,-2.4390243902439,8.108108108108114,-18.840579710144926,-45.205479452054796,-81.93548387096774,-81.93548387096774,4.655999894490792,3.9209264862211537
BPPL,Baraka Patenga Power Ltd.,19.2,-1.538461538461542,2.6737967914438503,-4.0000000000000036,-2.040816326530623,27.152317880794698,28.859060402684555,42.222222222222214,-58.26086956521739,-39.81191222570533,-39.81191222570533,2.8289470114806274,3.402650784326997
BRACBANK,BRAC Bank PLC,64.2,-0.465116279069763,1.4218009478673077,2.5559105431309925,-1.5337423312883436,4.427181902201503,16.819648118901984,6.230241154461816,145.02434791106393,264.73946593477064,875.2225036220175,1.5106586108174804,1.4147048569103784
BSC,Bangladesh Shipping Corporation,110.2,-1.6071428571428545,-0.7207207207207181,-2.477876106194688,-0.7207207207207181,0.6392694063926967,-1.8699910952804937,-2.3049645390070874,126.28336755646816,160.3332638417547,120.66400943800713,2.2631429005579844,2.5399777853309766
BSCPLC,Bangladesh Submarine Cables PLC,147.9,-0.33692722371967654,0.6807351940095303,-4.5806451612903185,-0.7382550335570431,5.4921540656205545,15.276695245518312,6.479481641468682,-31.6543438077634,25.126903553299496,237.90267306374227,1.9889766404765519,2.177390083225874
BSRMLTD,Bangladesh Steel Re-Rolling Mills Ltd.,96.3,-0.5165289256198348,0.31249999999999706,-3.700000000000003,2.555910543130981,17.01093560145808,26.212319790301443,11.716937354988392,-9.150943396226417,-35.22901625058078,113.6254993559547,2.0926340026732766,2.602973781040183
BSRMSTEEL,BSRM Steels Limited,85.8,-1.9428571428571462,0.3508771929824528,-6.739130434782611,7.518796992481203,24.34782608695652,35.11811023622047,31.797235023041484,22.57142857142857,-7.288801666424019,52.46000023584388,1.934865563016326,2.752515267736738
BXPHARMA,Beximco Pharmaceuticals Plc,148.4,-0.6693440428380187,-0.40268456375838546,3.6312849162011296,4.5070422535211305,26.83760683760684,44.07766990291263,29.04347826086957,-39.91902834008097,100.54054035084003,237.65872552836478,1.6600562262044698,2.1044573275532086
CAPITECGBF,CAPITEC GRAMEEN BDT10 (MUTUAL FUND) Units,9.2,3.370786516853921,10.843373493975886,-3.157894736842113,26.027397260273965,27.777777777777764,35.29411764705882,22.66666666666666,-36.11111111111112,-36.11111111111112,-36.11111111111112,5.915307849950999,5.437040796318269
CAPMBDBLMF,CAPM BDBL Mutual Fund 01 Units,7.2,-8.860759493670887,,-21.739130434782602,-26.530612244897963,-35.71428571428571,-28.71287128712871,-31.428571428571427,-38.46153846153845,-33.333333333333336,-33.333333333333336,8.090607544610037,6.690843608005435
CAPMIBBLMF,CAPM IBBL Islamic Mutual Fund Units,14.5,0.0,10.687022900763361,12.403100775193796,45.0,72.61904761904762,93.33333333333333,62.92134831460674,-29.611650485436897,45.0,45.0,3.8702249287989634,5.38351031437169
CENTRALINS,Central Insurance PLC,44.0,0.4566210045662165,6.280193236714979,4.5130641330166235,5.011933174224347,10.831234256926944,8.1081081081081,6.280193236714979,-28.917609046849755,236.44032352829447,67.12198792731952,2.397453904561282,3.320142435054773
CENTRALPHL,Central Pharmaceuticals Ltd.,9.4,-1.0526315789473648,-2.083333333333326,-6.9306930693069235,4.444444444444448,2.1739130434782727,6.818181818181814,-6.9306930693069235,-48.06629834254144,-25.821739080445084,-72.53179006830987,3.8572409059711674,4.434769595648176
CITYBANK,City Bank PLC,29.8,0.0,-0.9966777408637897,-2.6143790849673225,-2.2950819672131124,9.83974327641868,40.45081923753947,37.079999588759996,67.23183375713717,142.82413847030526,193.53612742282726,0.8033534600794586,1.2917419987184595
CITYGENINS,City Insurance PLC,129.4,0.5439005439005572,0.46583850931676574,1.6496465043205095,21.50234741784038,31.637843336724323,49.25028835063437,95.17345399698343,163.0081300813008,1104.4153826975848,439.7565220396908,0.8761088915772649,1.031674442356002
CLICL,Chartered Life Insurance PLC,45.5,-2.1505376344086025,9.63855421686747,0.8869179600886886,-13.333333333333334,-23.141891891891895,-18.458781362007166,-16.513761467889907,313.6363636363636,313.6363636363636,313.6363636363636,4.544192148601937,4.242514118259577
CNATEX,C & A Textiles Ltd,3.3,9.999999999999993,9.999999999999995,9.999999999999995,3.124999999999989,-32.653061224489804,37.49999999999999,9.999999999999995,-57.69230769230769,-56.78571430629252,-80.73175351329935,5.526775782615607,6.312305560799348
CONFIDCEM,Confidence Cement PLC,61.4,-1.4446227929373974,3.367003367003367,-3.912363067292645,-3.912363067292645,-4.062500000000002,24.291497975708502,5.862068965517239,-55.75588213165552,35.29363134435361,14.499474009090164,3.284792749566841,3.2499123549826483
CONTININS,Continental Insurance PLC,33.3,-0.29940119760479467,5.047318611987374,-5.3977272727272885,2.7777777777777737,38.17427385892114,37.60330578512396,22.426470588235286,-35.60773465187495,164.6717586312592,45.03185312378069,3.187363327717578,4.17413403061644
COPPERTECH,Coppertech Industries Ltd,22.4,-1.75438596491229,2.2831050228310503,-8.571428571428577,-17.647058823529413,17.894736842105257,18.51851851851852,1.3574660633484033,-44.2654027042654,-13.563999346457406,-13.563999346457406,4.016229904978985,4.364484334670308
CROWNCEMNT,Crown Cement PLC,60.5,0.0,0.0,-7.350689127105662,2.716468590831921,22.71805273833672,29.27350427350428,1.1705685618729145,-26.488456865127578,-21.93548387096774,-25.12376237623762,4.220420112055393,4.93833439725513
CRYSTALINS,Crystal Insurance Company Ltd,71.6,1.272984441301261,20.13422818791945,7.025411061285483,-1.3774104683195594,-7.96915167095116,24.521739130434774,31.860036832412522,25.81469635096509,425.06666614159997,425.06666614159997,6.3213308904466805,5.127074493890561
CVOPRL,CVO Petrochemical Refinery PLC,161.2,1.6393442622950787,6.262359920896507,-3.473053892215576,-2.4213075060532687,4.471808165910549,9.288135593220332,-6.820809248554919,-29.128697112614248,-27.653440302941092,34.573213731500935,2.79933870463336,3.322409246515442
DACCADYE,Dacca Dyeing and Manufacturing Company Limited,15.7,0.0,-1.8750000000000044,-3.0864197530864197,-4.268292682926825,-10.285714285714288,-19.072164948453608,-23.7864077669903,-44.52296819787986,70.65217391304348,-44.110032420339124,2.804468081743609,4.164193675413605
DAFODILCOM,Daffodil Computers PLC.,165.0,-0.6024096385542169,-1.6686531585220568,2.9962546816479474,7.8431372549019605,140.52478134110788,357.0637119113573,186.45833333333334,151.1415525114155,620.524017467249,950.955414012739,2.104645725251082,2.924055333604368
DBH,DBH Finance PLC,40.2,-0.7407407407407337,-1.711491442542777,-3.8277511961722355,-1.951219512195115,8.355795148247982,14.857142857142863,5.789473684210534,-51.36734915110931,-42.70335542157845,17.2215755848551,2.1995423216177175,2.850030277922582
DBH1STMF,DBH First Mutual Fund Units,5.9,5.35714285714287,11.320754716981144,13.461538461538463,28.260869565217405,13.461538461538463,-9.230769230769225,-11.940298507462684,-28.91566265060241,-6.34920634920634,-20.27027027027027,6.117566643882434,5.699344775637618
DELTALIFE,Delta Life Insurance Company Ltd.,73.1,0.550206327372753,3.6879432624113395,-3.815789473684218,-6.878980891719753,4.428571428571421,7.81710914454277,-5.064935064935073,-60.44372294372295,-26.900000000000006,-97.82859247641453,2.5596950909842002,2.905390228283599
DELTASPINN,Delta Spinners Limited,7.1,1.4285714285714235,2.8985507246376705,4.411764705882351,5.970149253731335,14.516129032258055,41.99999999999999,31.48148148148147,-39.83050847457628,10.141025499819193,-54.68287246805014,3.4658385093167627,4.695219941867044
DESCO,Dhaka Electric Supply Co. Ltd.,22.7,-0.4385964912280764,3.1818181818181785,-7.723577235772367,-5.020920502092047,0.8888888888888857,10.731707317073168,-3.8135593220339072,-43.67245657568238,-57.96296296296296,-65.85243544471705,2.315143006442571,4.059326524798802
DESHBANDHU,Deshbandhu Polymer Limited,17.2,-1.7142857142857182,0.0,-12.244897959183684,-18.0952380952381,4.878048780487809,1.17647058823529,-18.867924528301888,-25.862068965517242,68.92857129282525,-20.564806137695847,3.87160502715978,4.321682810689577
DGIC,Desh General Insurance Company Ltd,39.4,4.787234042553184,31.33333333333333,16.913946587537076,42.75362318840579,96.01990049751242,100.0,74.3362831858407,-17.226890756302524,162.66666666666666,162.66666666666666,6.986813596598047,4.958586314620224
DHAKABANK,Dhaka Bank PLC,11.4,0.0,-2.564102564102555,-4.999999999999997,-6.557377049180319,-11.627906976744185,0.8849557522123862,0.8849557522123862,-8.749246476891646,5.093910604842604,-10.985457905862821,1.762256040121526,1.755920609041965
DHAKAINS,Dhaka Insurance Limited,45.4,2.2522522522522523,7.582938388625581,0.4424778761061852,8.612440191387563,19.160104986876632,26.111111111111107,21.066666666666663,-44.96969696969697,167.05882352941177,-4.7490196840439225,3.9476543063764065,3.933226124294186
DOMINAGE,Dominage Steel Building Systems Ltd,65.7,-2.954209748892171,5.967741935483875,3.4645669291338628,-11.216216216216214,66.32911392405065,127.33564013840832,275.42857142857144,81.53947413805923,396.6919991556236,396.6919991556236,4.9048698801859665,4.1535285071549755
DOREENPWR,Doreen Power Generations & Systems Ltd.,31.0,-1.8987341772151944,4.02684563758389,-1.8987341772151942,2.310231023102308,16.9811320754717,9.9290780141844,1.639344262295082,-53.871411331676335,-2.658009252133276,-22.018249645418496,3.2931251391590375,3.8433381412293413
DSHGARME,Desh Garments Limited.,153.6,-1.0309278350515427,-2.165605095541405,-6.909090909090912,8.781869688385273,42.354031510658004,31.958762886597928,20.6598586017282,-38.849077150540005,49.263074774905455,1405.6101519105064,4.435580021181376,5.738793607110656
DSSL,Dragon Sweater & Spinning Ltd.,11.3,-0.8771929824561372,4.62962962962963,1.8018018018018114,6.603773584905671,31.395348837209315,32.94117647058824,4.62962962962963,-42.05465087501792,115.33036696633536,24.4309554926439,3.763512102900749,4.977870653720812
DULAMIACOT,Dulamia Cotton Spinning Mills Limited,196.6,5.585392051557468,4.297082228116708,-5.752636625119846,11.01072840203275,54.80314960629921,45.629629629629626,51.34719014626635,206.23052959501553,2521.3333333333335,2036.9565217391305,4.279687494518248,6.11834591616605
DUTCHBANGL,Dutch-Bangla Bank PLC,46.0,0.8771929824561372,-0.21691973969631545,0.8771929824561372,3.3707865168539324,12.587412855102935,25.12953399158031,18.965517538793115,-10.084278611611115,114.18190819697149,101.25713783596477,2.2487228017314913,2.569465468482475
EASTERNINS,Eastern Insurance PLC,60.2,1.176470588235299,6.927175843694505,-4.746835443037974,3.9723661485319592,17.348927875243678,20.159680638722556,11.481481481481486,-55.53914327917282,167.55555555555557,64.93150684931508,3.4428588887486624,4.239516047994181
EASTLAND,Eastland Insurance PLC,27.9,-0.3571428571428622,2.19780219780219,-5.1020408163265305,8.984374999999988,38.80597014925372,49.19786096256684,36.09756097560975,-36.3013698630137,94.35690169560617,-21.46711342106149,2.4447890887908534,3.2571672941558485
EASTRNLUB,Eastern Lubricants Blenders PLC,1975.7,-0.13142597179395993,-1.2100605030251534,2.4209434940383643,10.86980920314254,18.30538922155689,18.946417820590007,23.204040291783244,58.92365102521596,232.81176328314115,1543.5354242961446,1.4603587983476898,2.391889508586282
EBL,Eastern Bank PLC,22.9,-1.2931034482758652,-0.4347826086956584,-4.583333333333339,-7.661290322580654,-12.640741063970008,-3.3319675871091117,-5.652000349087603,-12.089101253775413,61.36652672383649,73.23922151710413,2.026107118015307,2.1592489706614395
EBL1STMF,EBL First Mutual Fund Units,4.5,2.2727272727272645,7.142857142857138,7.142857142857138,18.421052631578952,9.756097560975618,45.16129032258064,7.142857142857138,-48.275862068965516,13.744680167627704,-34.36800233008177,7.348132487667371,6.504363537153788
EBLNRBMF,EBL NRB Mutual Fund,3.6,2.85714285714286,5.882352941176476,2.85714285714286,16.129032258064516,12.499999999999996,56.5217391304348,12.499999999999996,-48.57142857142857,-9.846808767478981,-47.59996012822744,5.815126050420173,5.46735983069464
ECABLES,Eastern Cables Ltd.,121.8,-1.2965964343598124,-4.09448818897638,-8.421052631578949,-4.843750000000002,5.913043478260867,8.65298840321142,-8.489857250187827,-23.299748110831242,-11.696824620213048,193.58167271083724,3.818898608325412,4.637409811177592
EGEN,eGeneration PLC,23.1,-1.7021276595744619,3.587443946188344,-7.96812749003984,-12.830188679245278,6.451612903225817,16.666666666666668,-14.760147601476014,-61.943986820428336,54.00000000000001,54.00000000000001,3.4996221627521784,4.031241188805382
EHL,Eastern Housing Ltd.,84.8,-1.3953488372093057,1.4354066985645968,-4.932735426008975,-3.745743473325763,11.87335092348285,15.84699453551912,1.9230769230769162,38.78887070376431,145.96685144364642,116.91879456630686,2.484168125624119,3.3171725913618184
EIL,Express Insurance Ltd.,32.0,0.6289308176100606,4.918032786885246,1.5873015873015872,7.382550335570468,18.081180811808114,13.475177304964541,2.236421725239614,-16.2303664921466,113.33333333333333,113.33333333333333,2.4672005011368885,3.5623919254935035
EMERALDOIL,Emerald Oil Industries Ltd.,29.4,7.6923076923076845,7.692307692307684,-6.666666666666671,30.66666666666666,79.26829268292684,104.16666666666664,76.04790419161677,-30.82352941176471,-20.344827674494653,-31.588461679231443,6.188016301243291,5.202545079391293
ENVOYTEX,Envoy Textiles Ltd.,73.8,3.361344537815114,10.149253731343281,19.22455573505654,44.70588235294117,44.42270058708414,52.16494845360824,27.461139896373055,57.02127659574467,113.6771486751497,64.70432282644315,3.7203654634819356,5.660710257661123
EPGL,Energypac Power Generation PLC,17.1,0.0,3.012048192771084,-6.557377049180324,-11.398963730569944,3.636363636363645,9.615384615384627,-13.636363636363633,-66.98841698841699,-63.225806451612904,-63.225806451612904,3.206628957787274,3.61808891641632
ESQUIRENIT,Esquire Knit Composite PLC,23.3,-2.9166666666666634,1.3043478260869596,-8.627450980392155,-2.5104602510460166,14.778325123152708,13.106796116504851,-14.96350364963503,-38.19628647214854,-50.739957716701895,-50.739957716701895,5.190654283017661,4.9106964176772125
ETL,Evince Textiles Ltd.,14.7,-2.000000000000005,7.299270072992701,19.51219512195121,12.213740458015266,56.38297872340424,46.99999999999999,41.34615384615383,7.299270072992701,43.66423147650083,12.621206562469885,4.76913260890824,5.101629910226729
EXIM1STMF,EXIM Bank 1st Mutual Fund 2013- Units,6.9,2.9850746268656745,-1.4285714285714235,4.5454545454545565,102.94117647058826,109.09090909090911,146.42857142857144,68.29268292682929,-7.999999999999996,19.900000271947103,-11.493439612831967,7.881134152724387,7.429178126470535
FAMILYTEX,Familytex (BD) Ltd.,2.3,0.0,-4.1666666666666705,-4.1666666666666705,-14.814814814814827,-45.23809523809524,76.9230769230769,27.777777777777764,-60.3448275862069,-67.53003022213024,-92.97651973839928,5.2173913043478315,6.715905293536875
FARCHEM,FAR Chemical & Textile Ind. PLC,16.7,1.2121212121212077,11.33333333333333,-5.649717514124294,-9.729729729729733,15.172413793103445,15.172413793103445,-19.711538461538467,4.374999999999996,2.1963219617160408,-25.907666577755872,4.513534446109107,6.058345954655804
FAREASTLIF,Fareast Islami Life Insurance Company Limited,18.8,6.214689265536731,5.027932960893867,-9.615384615384615,-15.695067264573991,-17.543859649122805,-9.615384615384615,-32.857142857142854,-74.35197817189632,-63.01639329468853,-76.09248547727222,5.397209399512596,5.981635065035003
FBFIF,First Bangladesh Fixed Income Fund Units,3.5,0.0,2.941176470588238,0.0,12.90322580645161,9.374999999999995,34.615384615384606,12.90322580645161,-40.67796610169492,-41.15000015502771,-53.336565802747046,4.0000000000000036,5.131696059604072
FEDERALINS,Federal Insurance PLC,27.9,0.0,4.887218045112771,-5.423728813559327,5.283018867924523,43.07692307692307,45.31249999999999,26.244343891402703,-29.54545454545455,200.11172320432874,44.53535649870771,2.3131897386157605,3.7519241824693315
FEKDIL,Far East Knitting & Dyeing Industries PLC.,21.8,-0.909090909090906,-0.45662100456620036,-3.9647577092510953,34.56790123456791,55.71428571428572,53.52112676056339,5.8252427184465985,26.011560693641616,27.4057393108598,-8.36587224430185,3.8458705485811953,5.532439904767737
FINEFOODS,Fine Foods Limited,461.5,1.7416225749559033,6.557377049180323,9.828653022370302,-11.232929409501825,-1.367813635392173,21.38348237769595,54.03871829105473,748.3455882352941,5804.23983142455,2894.1500898915224,3.3778176659898485,3.427000122921224
FIRSTFIN,First Finance Ltd.,4.4,-2.2222222222222143,-4.347826086956506,-10.204081632653061,2.32558139534885,-15.384615384615381,76.00000000000001,109.52380952380953,-46.98795180722892,-28.600000046409995,-87.08088770512603,6.004228329809716,7.771614614007341
FORTUNE,Fortune Shoes Ltd.,15.8,1.282051282051289,3.2679738562091503,-5.389221556886219,-2.4691358024691272,3.2679738562091503,13.669064748201441,-1.2499999999999956,-76.92781445377824,-39.79588511199983,-39.79588511199983,2.700685178803117,4.515223717927721
FUWANGCER,Fu-Wang Ceramic Industry Ltd.,13.0,-1.5151515151515098,3.1746031746031775,-9.722222222222223,-13.90728476821192,11.111111111111116,13.043478260869565,-1.5151515151515098,-42.47787610619469,12.357142506428058,-14.64887929001881,4.0737999697153295,4.500078090338339
FUWANGFOOD,Fu-Wang Foods Limited,9.6,-1.0309278350515427,-2.040816326530623,6.6666666666666625,-20.000000000000004,-7.692307692307699,-14.285714285714285,-33.793103448275865,-51.75879396984925,-6.0470590785840175,-42.3755297456567,3.136055344546941,4.270665865463338
GBBPOWER,GBB POWER Ltd.,13.3,-1.481481481481476,-5.673758865248219,-6.9930069930069925,60.24096385542168,47.777777777777786,107.8125,98.50746268656717,-71.70212765957447,1.934306863241255,-49.65595612867395,4.533070562552107,6.220853991499621
GEMINISEA,Gemini Sea Food PLC,109.2,1.0175763182238748,0.1834862385321127,-6.98466780238501,-6.024096385542168,-10.491803278688522,-20.11704462326261,-36.84210526315789,22.505619209069568,-12.629203073388657,516.3183211434749,4.3823492795737256,4.333413101815073
GENEXIL,Genex Infosys PLC,35.3,-1.1204481792717245,5.059523809523797,-3.5519125683060224,1.4367816091954024,29.779411764705873,31.2267657992565,32.20973782771535,-68.63799006511051,5.499984927847765,5.499984927847765,3.9032158045646392,3.96362068147323
GENNEXT,Generation Next Fashions Ltd.,2.9,0.0,0.0,-6.451612903225812,-3.333333333333336,-32.55813953488372,7.407407407407397,3.5714285714285747,-61.84210526315789,-48.39705890852249,-86.98274201157395,4.950738916256163,5.7059044467464055
GHAIL,Golden Harvest Agro Industries Ltd.,12.9,-1.526717557251903,4.032258064516129,-5.839416058394153,-18.867924528301888,15.17857142857144,20.560747663551414,3.200000000000003,-37.073170731707314,-10.029766798118011,-65.03156939884967,2.9749015748031473,4.327850628776066
GHCL,Global Heavy Chemicals Ltd.,20.4,0.9900990099009866,3.5532994923857832,-6.849315068493151,4.0816326530612095,5.154639175257732,2.512562814070352,-9.33333333333334,-53.741496598639465,-48.61460957178842,-75.27272727272727,4.776401454996179,5.779182377066933
GLDNJMF,ICB AMCL CMSF GOLDEN JUBILEE MUTUAL FUND,9.5,4.3956043956043995,11.764705882352942,9.195402298850583,46.15384615384615,48.437499999999986,55.7377049180328,35.714285714285715,-13.636363636363637,-13.636363636363637,-13.636363636363637,7.8259518877439564,6.199759211573325
GLOBALINS,Global Insurance PLC,44.6,0.2247191011235987,1.5945330296127629,-3.0434782608695623,18.933333333333337,67.66917293233082,74.90196078431373,58.15602836879434,-23.499142367066888,360.3681716623811,88.29706596601066,3.7833612263163428,4.123889774642069
GOLDENSON,Golden Son Limited,12.6,-1.5625000000000084,4.132231404958678,-8.029197080291969,-23.63636363636364,10.526315789473678,24.752475247524753,1.6129032258064457,-28.409090909090917,-44.247787610619476,-68.18181818181817,3.702040388145816,4.453021804522106
GP,Grameenphone Ltd.,243.5,0.041084634346751976,1.121262458471756,-0.20491803278688525,-5.436893203883495,-3.0266825965750677,-6.346153846153846,-18.50736278447122,-36.57202396457411,-7.765151515151516,41.89976689976691,0.8296520632827695,1.0916593131030532
GPHISPAT,GPH Ispat Limited,17.0,-1.7341040462427786,4.938271604938276,-1.7341040462427786,-2.857142857142857,1.796407185628747,5.590062111801233,-15.422885572139307,-66.96184207226848,-24.590832607947416,-9.21971694326465,4.283667403758985,4.238753752223787
GQBALLPEN,G.Q. Ball Pen Industries Limited,625.0,2.107498774710011,11.587216568469913,17.503290092122583,3.7344398340248963,19.961612284069098,39.60241232968506,11.627076263618507,362.2781065088758,825.925925925926,360.737178104968,4.351463188300297,4.567341234194685
GRAMEENS2,Grameen Mutual Fund One - Grameen Two Units,12.8,1.5873015873015959,10.344827586206907,-2.2900763358778544,0.7874015748031609,-1.538461538461533,17.43119266055046,0.0,-26.857142857142854,34.464646736292224,-30.096803732000144,4.58363685770372,3.05004115594688
GREENDELMF,Green Delta Mutual Fund 2010 Units,5.1,1.9999999999999927,15.909090909090892,18.604651162790695,41.66666666666665,41.66666666666665,69.99999999999999,45.71428571428571,-37.80487804878049,-19.04761904761905,-29.166666666666675,7.108015380065071,6.974390572418258
GREENDELT,Green Delta Insurance PLC,65.3,1.2403100775193754,5.152979066022537,-5.362318840579714,4.479999999999995,25.335892514395383,21.828358208955216,28.796844181459555,-42.46696035242291,75.87443049169443,25.261128666673557,3.754410465784441,4.3063068442591925
GSPFINANCE,GSP Finance Company PLC,3.6,0.0,2.85714285714286,-2.702702702702705,2.85714285714286,-30.769230769230766,125.0,33.33333333333333,-84.64285717226119,-66.22292237350332,-75.25061401834468,4.606909430438845,5.94855630514631
HAKKANIPUL,Hakkani Pulp & Paper Mills PLC,71.7,-1.7808219178082154,6.222222222222227,-4.780876494023897,-8.429118773946353,-4.399999999999996,5.908419497784342,4.824561403508767,-14.131736526946105,42.26190476190477,285.4838709677419,2.7236195764923856,3.955924714327104
HAMI,Hami Industries PLC,146.5,-3.0443414956982098,-1.0135135135135136,-9.790640394088673,-6.389776357827476,-1.1470985155195605,36.15241635687733,17.670682730923694,-16.23785020011435,-16.23785020011435,-16.23785020011435,4.850665105638612,4.811357871471098
HEIDELBCEM,Heidelberg Materials Bangladesh PLC,212.2,-0.32879286049789436,1.9702066314271958,-3.0607583371402542,-7.417102966841187,-15.120000000000003,-3.0607583371402542,-13.032786885245905,-40.576869224306925,-61.02846648301194,-19.621212121212125,2.093662414857342,2.960533300955024
HFL,Hamid Fabrics PLC,12.2,-2.4000000000000057,-2.4000000000000057,-9.629629629629633,-18.120805369127524,18.44660194174756,87.69230769230768,87.69230769230768,-41.34615384615385,-30.285714285714292,-78.68552407503164,5.089261617666988,5.967383993694168
HRTEX,H.R. Textile Mills Ltd.,17.0,-2.2988505747126355,1.1904761904761862,-12.820512820512821,-18.66028708133971,-17.47572815533981,-7.103825136612024,-28.270042194092824,-76.91358027,-19.742489339276826,-39.7699385540495,3.785091426791827,4.845459375159476
HWAWELLTEX,Hwa Well Textiles (BD)PLC,45.8,-0.6507592190889464,0.6593406593406531,-2.553191489361708,1.7777777777777715,7.511737089201867,2.690582959641246,-9.84251968503937,-0.865800865800878,38.78787878787878,14.499999999999995,2.3323142387923226,3.757948760205321
IBNSINA,BN SINA Pharmaceutical Industry PLC,318.2,0.03143665513988239,1.3375796178343913,0.9517766497461929,0.9517766497461929,-0.5625000000000036,1.0158730158730123,1.3375796178343913,16.556776556776555,62.48918818606184,431.21209492545444,1.0164382429648284,1.5655509480729957
IBP,Indo-Bangla Pharmaceuticals Ltd.,15.4,-1.2820512820512775,1.986754966887422,-8.333333333333334,1.3157894736842175,18.461538461538463,37.500000000000014,20.312499999999993,-24.824644831581537,-41.21542830049015,-41.21542830049015,7.69486285012902,5.922915217968637
ICB,Investment Corporation of Bangladesh,39.7,-0.9975062344139616,2.5839793281653747,-4.337349397590355,-17.11899791231732,3.116883116883124,8.767123287671241,-22.762645914396877,-68.30331978103234,-50.084231965857484,-63.70367768033433,2.17020988539239,3.850713935695471
ICB3RDNRB,ICB AMCL Third NRB Mutual Fund 2010 Units,6.4,4.918032786885258,14.285714285714299,16.36363636363637,36.17021276595745,28.000000000000007,56.097560975609774,42.22222222222223,-11.111111111111109,39.13043478260871,-9.859154929577455,6.575331772053083,5.191620525116676
ICBAGRANI1,ICB AMCL First Agrani Bank Mutual Fund Units,8.3,2.469135802469149,10.666666666666677,3.750000000000009,20.289855072463773,15.277777777777786,29.687500000000004,18.57142857142858,-9.78260869565216,-3.4883720930232434,-3.4883720930232434,6.186989700078486,4.942877446932452
ICBAMCL2ND,ICB AMCL Second Mutual Fund Units,10.4,6.122448979591832,40.54054054054054,38.66666666666667,70.49180327868854,70.49180327868854,85.71428571428574,73.33333333333334,-27.77777777777778,126.08695652173917,36.842105263157904,7.91589107635207,6.216740407073072
ICBEPMF1S1,ICB Employees Provident Mutual Fund One Scheme One Units,6.7,3.0769230769230793,11.66666666666667,15.51724137931035,8.064516129032258,21.81818181818182,97.05882352941177,45.65217391304349,-15.18987341772152,11.66666666666667,-19.277108433734945,7.964503796338808,7.506115254834475
ICBIBANK,ICB Islamic Bank Limited,2.5,0.0,-3.8461538461538494,-3.8461538461538494,-10.714285714285708,-28.571428571428573,4.1666666666666705,19.047619047619044,-63.76811594202899,-37.5,-66.66666666666667,4.8666666666666725,5.378741726110152
ICBSONALI1,ICB AMCL Sonali Bank Ltd 1st Mutual Fund 2013- Units,8.0,0.0,21.212121212121218,37.931034482758626,60.0,56.862745098039234,90.47619047619047,56.862745098039234,-5.882352941176471,31.147540983606564,-33.333333333333336,6.196303411493286,6.740703778238698
ICICL,Islami Commercial Insurance PLC.,37.5,-0.7936507936507862,9.649122807017534,4.166666666666667,33.92857142857143,78.57142857142857,67.4107142857143,74.4186046511628,156.84931506849315,156.84931506849315,156.84931506849315,4.233713758489506,3.7688348854297007
IDLC,IDLC Finance PLC.,43.3,-0.4597701149425352,3.0952380952380887,-1.3667425968109372,5.867970660146696,9.818840854257248,26.997207021403614,14.233668627292715,-30.09042834577,8.031039151830528,-8.41861152170982,1.9697213465949148,2.5698026370727787
IFADAUTOS,IFAD Autos PLC,23.4,-1.680672268907572,2.6315789473684115,1.2987012987012863,-6.772908366533875,7.834101382488477,7.834101382488477,-2.5000000000000058,-55.40238957312901,-52.2085962819004,33.11100708188841,1.9809661011377715,3.468075890279232
IFIC,IFIC Bank PLC,4.9,0.0,-1.999999999999993,6.521739130434798,-3.921568627450967,-16.94915254237288,4.255319148936174,-3.921568627450967,-65.39183590809928,-34.29352308863244,-53.88143595220322,4.516666666666666,4.761428394993561
IFIC1STMF,IFIC Bank 1st Mutual Fund Units,4.2,2.4390243902439157,7.6923076923077,5.000000000000004,16.666666666666668,16.666666666666668,68.00000000000001,31.25,-36.36363636363636,-2.9799997981983983,-34.92560976923148,5.4146341463414736,5.9317301722882485
IFILISLMF1,IFIL Islamic Mutual Fund - 1 Units,6.1,-1.6129032258064602,15.094339622641508,15.094339622641508,41.860465116279066,38.63636363636362,79.41176470588235,45.23809523809522,-11.594202898550733,-8.955223880597023,-3.1746031746031775,4.051802384442674,3.8073438187334663
INDEXAGRO,Index Agro Industries Ltd,76.1,-0.26212319790301813,15.128593040847203,0.13157894736841358,6.284916201117319,17.619783616692413,13.751868460388621,2.180307160821597,-36.12709816434119,6.540000266349986,6.540000266349986,5.233903544474563,4.097501561301544
INTECH,Intech Ltd.,24.7,-0.8032128514056196,3.3472803347280364,-3.137254901960787,-27.777777777777786,-41.19047619047619,-22.082018927444796,-26.047904191616762,-39.01234567901235,147.20245906117356,102.7334829649801,5.639350078047395,5.251983772454271
INTRACO,Intraco Refueling Station PLC,21.7,0.0,-5.24017467248908,-3.9823008849557615,6.372549019607846,16.0427807486631,5.853658536585362,-13.88888888888889,-3.157025236785188,-53.33003449944072,-53.33003449944072,3.054853409068889,2.410380628737137
IPDC,IPDC Finance PLC,34.8,3.5714285714285587,6.7484662576686985,10.476190476190467,14.85148514851484,90.31250047578122,91.30890094924756,72.35849099693394,-4.072140528922326,130.8934932682932,565.7472072799013,3.812367807582712,4.137615911295673
ISLAMIBANK,Islami Bank Bangladesh PLC,26.9,-0.3703703703703756,-0.3703703703703756,0.0,-19.46107784431138,-35.02415458937198,-18.484848484848488,-34.39024390243903,-10.333333333333337,-13.50482315112541,-31.186046580441865,1.4198752696564818,2.4688739994016564
ISLAMICFIN,Islamic Finance & Investment PLC,10.7,-0.925925925925939,-2.7272727272727337,-2.7272727272727337,-4.464285714285714,-6.140350877192993,12.631578947368414,46.575342465753415,-67.37804878048782,-16.70157720433316,-41.32761989665096,2.4076597233589427,2.9339472092702032
ISLAMIINS,Islami Insurance Bangladesh Limited,64.8,0.621118012422347,9.830508474576268,5.36585365853658,7.820299500831939,70.97625329815304,72.79999999999998,59.605911330049246,-10.989010989010989,408.4989426435424,244.07313262540063,2.8519404729542117,4.161135144671562
ISNLTD,Information Services Network Ltd.,55.1,-4.006968641114978,11.313131313131315,-4.006968641114978,-9.225700164744648,-32.05918618988902,-29.719387755102044,-46.96823869104908,20.04357298474946,340.80000070528007,264.66181962720503,8.46954127444069,6.812067661301779
ITC,IT Consultants PLC,45.0,-1.5317286652078836,2.505694760820049,-4.25531914893617,0.22271714922049315,17.187500000000004,16.883116883116884,2.505694760820049,7.913669064748194,43.90884808956925,53.17336620187787,3.063450441697686,3.00495435109094
JAMUNABANK,Jamuna Bank PLC,23.0,0.0,-1.2875536480686725,-5.737704918032781,-3.3613445378151288,-2.127659574468085,9.004739336492884,8.490566037735851,22.18697468001243,168.55018174174418,96.5459532039792,1.5640880858272137,1.8048783089550626
JAMUNAOIL,JAMUNA OIL PLC,178.2,-0.22396416573348585,0.9631728045325715,0.5076142131979566,1.5384615384615319,3.005780346820803,5.319148936170214,-4.501607717041804,-3.257328990228013,-6.21052631578948,10.99660237774413,0.9883535811214644,1.0025178113325466
JANATAINS,Janata Insurance PLC,33.0,0.9174311926605416,3.125,-5.17241379310344,-3.7900874635568433,29.921259842519692,35.80246913580246,29.921259842519692,-34.24087564620431,282.7172018583244,-82.350849063107,2.9012347884759073,4.286338053572788
JHRML,JMI Hospital Requisite Manufacturing Ltd,44.2,-2.4282560706401646,3.0303030303030405,-10.344827586206886,-12.992125984251958,0.9132420091324331,4.739336492890995,-18.148148148148145,100.90909090909093,100.90909090909093,100.90909090909093,3.147351312146821,3.596949359496585
JMISMDL,JMI Syringes & Medical Devices Ltd.,130.0,-0.9146341463414549,1.4832162373146025,-7.866761162296241,-7.735982966643012,6.295993458708097,10.169491525423728,-10.529938059187893,-56.89907375997447,10.15576288737695,275.3715487143314,3.6839464417252104,4.330298607861284
JUTESPINN,Jute Spinners Limited,207.7,0.6298449612403019,1.169020944958586,-4.06466512702079,-2.028301886792458,-4.329801934592356,6.403688524590164,-11.201368106028225,20.54556006964595,246.7445742904841,212.33082706766913,2.005470532460069,2.855957882292004
KARNAPHULI,Karnaphuli Insurance PLC,55.0,1.8518518518518516,3.189493433395878,-3.508771929824561,46.27659574468084,88.35616438356165,92.98245614035088,80.32786885245902,16.525423728813553,413.8771213234144,101.48536542681425,3.0703042685605784,4.587637784400986
KAY&QUE,Kay and Que (Bangladesh) Ltd.,388.8,1.0657655315830576,1.7801047120418878,-3.738549145828167,-8.128544423440449,-13.944223107569721,3.0206677265500885,10.787096353202587,34.63423035103399,1452.4719528152982,1857.4646358185885,3.1264210097130607,3.7954203962048987
KBPPWBIL,Khan Brothers PP Woven Bag Industries Ltd,37.9,-4.534005037783386,19.936708860759484,5.277777777777774,-11.860465116279073,-23.43434343434344,-21.041666666666668,-75.16382699868937,154.36241610738256,90.43580248559321,13.228265603106166,6.5928687479669605,5.955254734066257
KDSALTD,KDS Accessories Ltd.,45.5,-1.0869565217391304,3.1746031746031713,-2.150537634408602,-17.272727272727273,14.609571788413092,10.705596107055959,-4.411764705882356,-37.46727733057919,-25.309736272080062,-12.801606866384917,2.809516193438022,3.2879722007793175
KEYACOSMET,Keya Cosmetic Ltd.,5.5,-1.7857142857142794,5.769230769230766,0.0,10.0,-1.7857142857142796,22.22222222222222,19.565217391304355,-40.21739130434782,-28.10485437970933,-64.81287515476889,4.152587659801861,5.524414507491114
KOHINOOR,Kohinoor Chemical Company (Bangladesh) PLC,525.2,-0.11411182959298385,-1.3338343039639131,-1.370892018779334,3.0814524043179676,1.3899613899613987,5.0610122024405015,3.7199280829946244,60.830299742057996,323.9816771206557,1036.9740949893326,1.1619146187067602,1.8424654334732118
KPCL,Khulna Power Company Ltd.,10.7,0.943396226415091,0.943396226415091,-2.7272727272727337,0.943396226415091,-4.464285714285714,1.904761904761898,0.0,-78.29614604462475,-81.10754415914374,-75.23346689748723,3.045960328979204,4.114539320776101
KPPL,Khulna Printing & Packaging Ltd,13.4,3.0769230769230793,0.0,-4.285714285714283,-11.842105263157888,-15.723270440251572,-16.249999999999996,1.5151515151515234,-11.25827814569536,45.65217391304349,-61.108179459545674,3.8619164709336453,4.6498518050032995
KTL,Kattali Textile Ltd.,12.9,-0.7692307692307665,3.200000000000003,7.500000000000003,29.000000000000007,32.989690721649495,11.206896551724142,-1.526717557251903,-57.70491803278689,-32.569120426907595,-32.569120426907595,2.971345514950161,4.5948013258506295
LANKABAFIN,LankaBangla Finance PLC,14.7,0.0,2.083333333333326,-9.25925925925926,-9.25925925925926,-3.9215686274509896,19.51219512195121,-12.500000000000007,-65.73426573426573,-23.385997314078804,-48.66125166573677,3.1677557340051443,3.1257815755691682
LEGACYFOOT,Legacy Footwear Ltd.,68.7,-1.1510791366906434,-0.2902757619738793,-2.1367521367521367,1.178203240058906,15.462184873949584,26.752767527675275,10.096153846153854,-11.810012836970477,175.0174040080424,338.7056483723883,3.627234838802909,3.413264499779036
LHB,LafargeHolcim Bangladesh PLC,54.0,-0.9174311926605505,5.882352941176471,0.3717472118959161,-1.6393442622950793,2.2727272727272783,14.649681528662418,1.8867924528301887,-32.24592220828106,-32.91925465838509,642.991649741122,2.1804376221147983,2.4177844314085144
LIBRAINFU,Libra Infusions Ltd.,577.4,-0.4482758620689694,1.3160203544481488,-5.188834154351399,-9.427450980392159,-11.685530743346588,-9.213836477987424,-25.01298701298702,-11.79346209660156,57.47272711668611,390.2452825101228,1.0862313066588212,2.4016242362304183
LINDEBD,Linde Bangladesh Limited,677.1,-0.7184750733137796,0.4599406528189945,-2.181450447847446,-2.5755395683453206,-14.507575757575756,-10.790513833992092,-25.182320441988946,-58.332307692307694,-53.45751993401155,31.348205625606212,1.1745961668081188,1.2553673615746086
LOVELLO,Taufika Foods and Lovello Ice-cream PLC,52.4,-2.782931354359926,14.410480349344981,-17.739403453689174,-23.83720930232558,-23.94775036284471,-23.167155425219946,-42.68749985671875,71.45042516911191,303.4800005285588,303.4800005285588,5.399796492474616,6.835414859483226
LRBDL,Lub-rref (Bangladesh) Ltd,13.3,-2.2058823529411686,-5.673758865248219,-10.738255033557046,10.833333333333337,25.47169811320756,34.343434343434346,-8.275862068965512,-73.07692307692307,-67.1604938271605,-67.1604938271605,4.482723508107542,5.291003497913059
LRGLOBMF1,LR Global Bangladesh Mutual Fund One Units,4.5,0.0,7.142857142857138,7.142857142857138,32.352941176470594,28.571428571428573,60.71428571428573,24.999999999999996,-50.54945054945055,-29.687500000000004,-51.086956521739125,6.295186444832552,6.234766821945531
MAGURAPLEX,Magura Multiplex PLC,85.6,-0.6960556844547663,4.773561811505497,-1.609195402298857,-1.4959723820483444,3.3816425120772915,2.026221692491047,-18.785578747628094,-47.20274152202203,379.005179212723,379.005179212723,3.6443755573994236,3.4250731551680857
MAKSONSPIN,Maksons Spinning Mills PLC,5.9,1.7241379310344922,1.724137931034492,0.0,3.5087719298245643,-14.492753623188404,25.531914893617024,-11.940298507462684,-81.26984126984127,-13.95833311822916,-63.45646050088344,3.1339013811559857,4.807009736115369
MALEKSPIN,Malek Spinning Mills PLC,48.0,1.4799154334038116,1.694915254237282,1.4799154334038116,57.377049180327866,75.82417582417582,66.08996539792389,47.23926380368097,33.333333333333336,185.7142857142857,92.0,3.1977799303064423,5.290164429702153
MARICO,Marico Bangladesh Limited.,2660.8,0.01879487275871142,0.2637727032933906,-2.666715440611612,-3.243636363636357,-4.664994625582222,0.2902265274584551,-5.008746563849907,12.745762711864414,117.17270649689846,608.601864181092,0.678952109634361,0.9842651407249612
MATINSPINN,Matin Spinning PLC,65.0,-0.6116207951070424,4.838709677419355,3.5031847133758007,22.180451127819545,36.8421052631579,39.784946236559136,17.117117117117118,9.060402684563757,61.6915422885572,44.44444444444444,8.098883778220191,4.909447202679406
MBL1STMF,MBL 1st Mutual Fund 2010- Units,10.6,1.9230769230769162,17.777777777777775,23.255813953488374,165.0,146.51162790697674,211.7647058823529,135.55555555555554,27.710843373493958,68.25396825396825,53.62318840579709,6.687087897824625,6.741118235705861
MEGCONMILK,Meghna Condensed Milk Industries Ltd.,32.8,-0.6060606060606146,-1.5015015015015016,-7.344632768361586,-15.463917525773198,5.466237942122173,127.77777777777776,84.26966292134829,33.877551020408156,368.5714285714285,245.2631578947368,4.8968624409055375,6.65030102975806
MEGHNACEM,Meghna Cement Mills PLC,29.4,0.34129692832763775,-3.2894736842105265,-2.000000000000005,-9.25925925925926,-10.365853658536583,0.34129692832763775,-34.95575221238939,-62.92573501585621,-64.38744934960468,-60.197737504694835,4.820442734232349,5.8578091764083515
MEGHNAINS,Meghna Insurance PLC,36.0,0.5586592178771029,5.263157894736834,-5.511811023622051,8.108108108108118,33.333333333333336,28.113879003558715,42.29249011857707,227.27272727272728,227.27272727272728,227.27272727272728,2.5461440548439334,4.178162210637923
MEGHNALIFE,Meghna Life Insurance PLC,53.1,2.509652509652518,0.18867924528302155,-4.151624548736457,-13.93841166936791,-0.37523452157597703,4.527559055118119,-11.794019933554818,-44.577970516934435,40.77859261355102,-18.469821151737733,3.7700468959848363,4.882504810597949
MEGHNAPET,Meghna Pet Industries Ltd.,77.9,-4.182041820418194,8.194444444444452,-5.231143552311432,14.222873900293258,199.61538461538464,257.3394495412844,219.26229508196727,129.11764705882356,1243.1034482758623,1117.1875,8.402263882426862,8.387343704897269
MERCANBANK,Mercantile Bank PLC,6.4,-1.538461538461533,-4.477611940298504,-11.111111111111109,-13.513513513513512,-28.888888888888882,-13.513513513513512,-30.43478260869564,-59.20000013056,-16.049553603142467,-38.141776112816856,3.7724450728482997,3.2970506206194017
MERCINS,Mercantile Islami Insurance PLC,51.3,5.99173553719008,6.211180124223603,21.276595744680854,19.85981308411215,117.37288135593218,101.17647058823528,103.57142857142857,-5.871559633027529,320.4918032786885,85.94174814087057,4.1454585027982755,5.320622562357575
METROSPIN,Metro Spinning Ltd.,9.9,0.0,0.0,1.0204081632653024,8.791208791208799,-4.8076923076923075,16.47058823529412,-8.333333333333336,-67.51562491878906,35.934615296257896,-34.12399397049826,5.842942431378938,5.923985248364219
MHSML,Mozaffar Hossain Spinning Mills Ltd.,20.2,-2.4154589371980677,-3.809523809523813,0.0,-7.33944954128441,14.124293785310735,49.62962962962962,15.428571428571425,-12.173913043478263,20.19000020792871,-18.364698550376055,3.352686410213094,4.79504305771964
MIDASFIN,MIDAS Financing PLC,4.5,2.2727272727272645,-4.255319148936174,-19.64285714285714,-23.728813559322038,-32.83582089552239,0.0,-27.41935483870968,-79.80000000655377,-70.41805160173186,-81.70849383416963,4.909969257795337,4.539246929799687
MIDLANDBNK,Midland Bank PLC,17.0,0.0,3.0303030303030303,-3.4090909090909167,7.594936708860755,4.938271604938276,-0.5847953216374352,-13.265306122448985,94.5555548357,94.5555548357,94.5555548357,2.6022077470041345,2.9373960959740515
MIRACLEIND,Miracle Industries Limited,27.0,-0.3690036900369056,0.0,-7.216494845360829,-3.225806451612898,-8.783783783783788,-15.094339622641511,-18.181818181818183,-32.83582089552239,17.997264524481913,192.95586451939656,3.0127106840411106,3.5968502047275273
MIRAKHTER,Mir Akhter Hossain Ltd,35.1,-3.5714285714285636,11.075949367088606,-2.499999999999996,-16.428571428571427,26.71480144404333,27.173913043478258,12.140575079872207,-60.694288913773796,-56.666666666666664,-56.666666666666664,4.305129082685326,4.618198771770613
MITHUNKNIT,Mithun Knitting & Dyeing (CEPZ) Ltd.,13.6,0.0,3.030303030303033,-4.895104895104903,-11.68831168831169,-15.527950310559016,-6.8493150684931505,-7.48299319727891,-34.92822966507177,-77.88617877189503,-73.95034081564965,4.453337885734725,5.1775474793348675
MJLBD,MJL Bangladesh PLC,90.6,-0.5488474204171241,-0.22026431718061987,0.5549389567147615,-2.370689655172417,1.1160714285714286,0.6666666666666603,-6.790123456790132,-8.020304568527925,-16.40597518644552,59.17916643574632,1.3753657820950627,1.458443657631872
MLDYEING,M.L. Dyeing & Textile Ind. PLC,11.7,-0.847457627118656,5.405405405405403,-8.59375000000001,11.428571428571422,31.460674157303355,39.28571428571427,28.571428571428566,-61.51315789473684,69.53300071576831,69.53300071576831,4.275077802254891,6.2988983001060985
MONNOAGML,Monno Agro & General Machinery Ltd.,310.2,-2.2068095838587642,-5.397987191216831,-5.484460694698355,-11.270022883295205,-13.351955307262573,-16.048714479025712,-17.125300561047293,-21.78950414847656,704.8111556921862,2394.4439337213894,3.1081713497289885,4.334605313361287
MONNOCERA,Monno Ceramic Industries Limited.,85.4,-2.5114155251141423,7.421383647798749,-1.271676300578028,-8.172043010752683,4.273504273504273,4.400977995110035,-5.84343991179713,-48.708708708708706,236.59876346691996,398.6648348313225,3.8579675363864396,3.587298334484655
MONNOFABR,Monno Fabrics Ltd.,20.0,-2.4390243902439024,5.2631578947368425,-6.542056074766349,-9.090909090909092,-9.50226244343892,-6.542056074766349,0.5025125628140775,-15.254237288135597,-15.254237288135597,-15.254237288135597,4.987106976877116,5.073911771889593
MONOSPOOL,Monospool Bangladesh PLC,108.6,-1.0928961748633905,4.826254826254827,1.6853932584269637,-3.637976929902403,14.799154334038056,14.677930306230191,11.112099308518163,-25.256257100394475,127.07272635411488,127.07272635411488,3.683468924407796,3.4345728650352676
MPETROLEUM,Meghna Petroleum PLC,204.9,0.0,-0.7748184019370432,-2.1957040572792335,-2.752728998576167,2.964824120603018,6.331084587441629,-0.9187620889748577,1.4356435643564385,13.204419889502764,43.56050941057962,1.1850528725598286,1.1920764739781942
MTB,Mutual Trust Bank PLC,13.6,-0.7299270072992675,5.426356589147281,0.7407407407407381,7.086614173228349,32.24682261085576,38.69788708240522,36.478720813369485,9.69394740190062,117.73592260772593,179.99827158714,3.9643958197254725,3.33015220939871
NAHEEACP,Nahee Aluminum Composite Panel PLC,34.1,-1.4450867052023122,1.1869436201780372,1.7910447761194073,-7.837837837837835,58.60465116279071,84.32432432432434,40.32921810699589,-32.206759443339955,-45.89550260387533,-45.89550260387533,4.108602489468341,6.7506407637555
NATLIFEINS,National Life Insurance PLC,95.1,-0.5230125523012553,3.7077426390403394,-2.5614754098360657,-6.8560235063663075,-5.841584158415847,1.3859275053304874,-12.672176308539955,-60.960591133004925,-25.711902394097486,-29.99169548977271,2.0441457416794178,2.6484685314151974
NAVANACNG,Navana CNG Limited,20.1,0.0,3.076923076923084,-4.285714285714279,-6.511627906976738,-3.365384615384612,-5.6338028169014045,-12.987012987012987,-43.178845864932434,-50.201685144798404,-65.90730738595862,2.449168921530733,3.278656743741424
NAVANAPHAR,Navana Pharmaceuticals PLC,64.0,-0.928792569659434,4.918032786885246,-3.3232628398791584,-7.380607814761208,11.692844677137876,22.137404580152676,11.111111111111109,142.42424242424244,142.42424242424244,142.42424242424244,2.8202058441672864,3.02583104659057
NBL,National Bank PLC,3.3,-2.941176470588238,-8.333333333333341,-8.333333333333341,-15.384615384615387,-35.29411764705882,3.124999999999989,0.0,-61.1764705882353,-42.16356066526516,-69.07196419158763,3.5650623885918042,4.494812957080762
NCCBANK,National Credit and Commerce Bank PLC,14.4,-0.6896551724137907,0.0,-4.635761589403969,-9.999999999999998,16.093076547035828,22.754154771220765,23.7686518971632,4.164328545200551,98.19513954029962,30.719419289582614,2.092101951256878,2.2997273206730795
NCCBLMF1,NCCBL Mutual Fund-1 2012- Dividend Units,6.7,0.0,1.5151515151515234,3.0769230769230798,59.52380952380952,45.65217391304349,67.5,39.58333333333334,-23.863636363636367,3.0769230769230798,-44.166666666666664,5.073286474820998,6.379208038085247
NEWLINE,New Line Clothings Ltd.,5.5,1.8518518518518452,1.8518518518518452,-11.290322580645164,-3.5087719298245643,-17.910447761194032,37.5,10.0,-82.75862068965517,-77.96067497670477,-77.96067497670477,4.439462005499742,5.752456912090822
NFML,National Feed Mill Ltd,16.0,-0.6211180124223691,11.111111111111109,-3.6144578313253093,-28.251121076233186,1.9108280254777117,13.475177304964541,75.82417582417582,-48.86075950532286,11.492848921488937,-42.639536577101026,5.517772987565902,5.592656118663298
NHFIL,National Housing Finance PLC,27.0,0.3717472118959161,5.058365758754866,0.0,-3.9145907473309656,14.406779661016943,20.0,7.569721115537843,-65.01766787995855,-23.846154008224843,-11.588917491365795,2.2719999423826818,3.3638992913401027
NITOLINS,Nitol Insurance PLC,58.3,0.51724137931034,6.972477064220178,25.3763440860215,79.38461538461537,103.13588850174216,107.4733096085409,124.23076923076921,-7.947368198188365,266.77750521399855,144.7422331456367,2.69823273065225,4.333417324191679
NORTHERN,Northern Jute Manufacturing Co. Ltd.,97.7,-1.1133603238866339,0.0,-12.53357206803939,-12.689901697944595,-15.775862068965516,14.53692848769051,-7.7431539187913145,-73.01104972375691,-61.178807791735096,551.3333376755555,5.425863177578757,5.040561065195838
NORTHRNINS,Northern Islami Insurance PLC,37.3,0.8108108108108031,5.07042253521126,-4.358974358974367,0.5458440057501396,27.990196398406848,40.881295316232,30.55000032637499,-34.17647042948443,161.10000046998,22.01473147902702,3.329484316681371,4.265033905073915
NPOLYMER,National Polymer Industries PLC,32.0,-0.6211180124223691,2.236421725239614,1.5873015873015872,-0.928792569659434,18.51851851851852,20.30075187969924,0.0,-50.0,-24.8790002875761,121.72837692482621,3.21430812779181,3.2644826958922137
NRBBANK,NRB Bank PLC,6.5,-1.5151515151515098,-4.411764705882351,-2.985074626865674,8.333333333333334,-8.450704225352109,6.557377049180334,-22.61904761904762,-27.77777777777778,-27.77777777777778,-27.77777777777778,2.77432983682984,3.13656427915665
NRBCBANK,NRBC Bank PLC,9.0,-1.098901098901095,1.1235955056179734,-1.098901098901095,21.621621621621617,32.352941176470594,76.47058823529413,42.85714285714286,-63.500451365787704,-29.22737504100477,-29.22737504100477,2.916354556803987,3.6893033352624336
NTC,National Tea Company Limited,152.0,-3.246339910884783,-1.2345679012345716,-5.0,-3.7974683544303796,-6.691221608348683,-12.543153049482168,-15.555555555555555,-74.06143344709898,-71.84663826634562,-80.25974025974025,3.094500602754386,3.7940761419588642
NTLTUBES,National Tubes Limited,62.0,-1.8987341772151944,1.4729950900163642,-4.907975460122704,-5.053598774885141,2.6490066225165587,-0.8,-19.37581274382315,-47.00854700854701,-35.62113500815571,163.11362318946584,3.499698173843176,3.0199128897208163
NURANI,Nurani Dyeing & Sweater Ltd.,3.0,3.448275862068969,3.448275862068969,-14.285714285714286,3.448275862068969,-23.076923076923073,50.0,25.000000000000004,-70.2970297029703,-82.27108003686878,-82.27108003686878,5.522167487684734,7.367153892302886
OAL,Olympic Accessories Ltd,6.2,0.0,0.0,-7.462686567164179,-6.060606060606053,-8.823529411764701,8.771929824561402,-7.462686567164179,-57.53424657534246,-63.62666663368819,-74.31315198598443,3.580116340560554,4.231307380761452
OIMEX,Oimex Electrode Ltd.,14.5,2.8368794326241162,6.617647058823532,-8.227848101265826,-6.451612903225806,5.839416058394166,-5.228758169934645,-41.76706827309236,-44.01544401544401,-70.92004698977864,-70.92004698977864,3.569476726860963,5.537121312294616
OLYMPIC,Olympic Industries PLC.,143.5,-0.0696378830083526,0.34965034965034963,-2.6458616010854854,-6.209150326797386,-4.966887417218543,4.287790697674423,-8.071748878923763,-24.71143756558237,-48.5223777335207,94.21052757450731,1.3936947377772633,1.8035179911346522
ONEBANKPLC,One Bank PLC,7.7,0.0,0.0,-2.531645569620255,-4.938271604938265,0.0,10.000000000000002,5.479452054794526,-16.11052593784532,-16.11052593784532,-16.11052593784532,2.9124629756208718,2.575198763168692
ORIONINFU,Orion Infusion Ltd.,262.9,-3.699633699633708,31.845536609829473,15.357612988152686,-14.64285714285715,-25.755436317424465,-22.69920611584829,-47.629482071713156,205.34262485482,271.3276836158192,471.5217391304347,9.0741755316146,7.084007716771041
ORIONPHARM,Orion Pharma Ltd.,30.2,9.818181818181817,20.318725099601583,12.6865671641791,6.338028169014087,1.6835016835016836,11.029411764705882,-13.467048710601718,-60.77922077922078,-19.89389920424404,-55.804877872,4.669499701224319,4.068291978859752
PADMALIFE,Padma Islami Life Insurance Ltd.,16.4,1.8633540372670632,3.144654088050303,-5.2023121387283355,-10.869565217391305,-2.3809523809523934,-1.796407185628747,-16.326530612244913,-69.51672862453532,-17.99999967200001,-66.5285039505019,4.142551352432933,3.6217024740736656
PADMAOIL,Padma Oil PLC,195.3,-0.3571428571428514,1.1917098445595913,0.3597122302158361,4.943578721117688,10.588901472253692,15.221238938053103,-1.4134275618374472,-15.013054830287205,3.3880359978824806,14.88235282629413,0.8446893135208248,0.8437867212669046
PARAMOUNT,Paramount Insurance PLC.,64.8,0.465116279069763,13.286713286713276,5.024311183144237,0.7776049766718507,29.599999999999994,48.9655172413793,49.65357967667437,-25.77319587628866,845.8879542876875,392.4116701991378,5.0014470843283325,4.988073673495069
PDL,Pacific Denims Ltd.,5.6,1.818181818181812,1.8181818181818117,-1.75438596491229,-3.448275862068969,-9.677419354838719,21.73913043478261,-12.50000000000001,-69.09289617283669,-71.57409278450629,-71.57409278450629,3.76970688291443,4.06624682556952
PENINSULA,The Peninsula Chittagong PLC,20.9,-2.7906976744186114,1.951219512195115,-5.855855855855858,-10.300429184549365,1.4563106796116365,14.207650273224031,64.56692913385827,-30.333333333333336,33.12101910828025,-42.249999855625,3.9093996747327315,4.933672773740601
PEOPLESINS,Peoples Insurance PLC,61.3,0.8223684210526315,5.507745266781403,-3.767660910518062,1.9966722129783623,57.17948717948717,68.87052341597797,80.29411764705881,14.152700186219729,295.48387096774195,132.19696969696972,3.678686017955574,4.731559831510377
PF1STMF,Phoenix Finance 1st Mutual Fund Units,18.2,2.2471910112359472,8.333333333333325,27.272727272727263,114.11764705882352,219.29824561403507,264.0,271.4285714285714,83.83838383838382,313.6363636363636,130.37974683544303,4.869398160364278,6.235927956112319
PHARMAID,Pharma Aids Limited.,557.9,-0.08954154727793696,2.5551470588235254,-6.643239625167343,-2.9570360062619585,1.3258263712313756,13.164300202839753,-3.477508650519035,-13.234836702954901,105.11029411764704,298.21556031406135,2.101035871472801,2.6077183628024088
PHENIXINS,Phoenix Insurance PLC,48.2,2.11864406779661,1.687763713080178,-5.3045186640471425,10.804597701149431,67.36111111111111,79.85074626865672,79.18215613382901,-26.969696969696965,121.10091743119266,7.589285714285728,2.7097469786819777,4.570985514188022
PHOENIXFIN,Phoenix Finance and Investments Ltd.,3.4,0.0,-5.555555555555561,-10.526315789473683,-8.108108108108116,-19.047619047619055,41.66666666666667,6.249999999999991,-89.60244648318043,-77.68292315599591,-87.53838388968046,5.299125710890423,5.619137282339407
PHPMF1,PHP First Mutual Fund Units 2010-,3.7,2.77777777777778,8.823529411764714,2.7777777777777803,15.625,12.121212121212132,54.16666666666668,19.35483870967742,-43.07692307692308,0.3302320779543775,-33.74621474666079,4.414414414414411,5.342685833619053
PIONEERINS,Pioneer Insurance PLC,67.9,1.1922503725782585,6.9291338582677255,0.14749262536874413,1.3432835820895608,36.5804601115661,48.22245357683124,63.520642610636486,-35.566725094232105,208.09625088231067,69.45293785840356,2.309038221085218,3.756319038445338
PLFSL,Peoples Leasing and Financial Services Ltd.,1.7,-5.55555555555556,-5.555555555555561,-5.555555555555561,41.66666666666667,-48.484848484848484,220.75471698113208,54.545454545454525,-43.333333333333336,-75.71428571428571,-94.21052632098746,8.039215686274499,8.849288253313022
POPULAR1MF,Popular Life First Mutual Fund Units 2010-,3.7,2.77777777777778,5.71428571428572,2.7777777777777803,19.35483870967742,15.625,54.16666666666668,15.625,-41.269841269841265,-0.14302352809838006,-29.510276168164513,5.001716001715998,5.331431358410574
POPULARLIF,Popular Life Insurance Co. Ltd.,56.5,0.0,1.0733452593917736,-7.224958949096878,-9.30979133226324,17.954070981210858,32.94117647058823,15.306122448979592,-42.63959390862944,-19.63015647226173,-49.29487149064103,4.225646523026157,4.331323395039493
POWERGRID,Power Grid Co. of Bangladesh Ltd.,38.0,-0.2624671916010536,-1.041666666666663,1.0638297872340388,1.8766756032171659,23.37662337662337,41.263940520446106,13.432835820895523,-32.02146690518783,-33.682373472949386,-30.018416206261506,2.2328124690009123,2.67726391663259
PRAGATIINS,Pragati Insurance PLC,75.7,1.20320855614974,5.726256983240236,-4.055766793409382,3.698630136986305,13.660349440510364,8.44367136665407,28.877685484536375,-2.260221556695047,353.17141590081053,90.33199518651543,2.9198499060999645,3.9881380136450892
PRAGATILIF,Pragati Life Insurance PLC,148.0,1.4393420150788172,5.714285714285714,-6.329113924050633,-12.42603559105073,-21.579961544436646,10.148849685234582,-19.56521746999055,49.15125251995525,193.91170029177476,123.48310966533923,3.638746118205317,4.701533394420246
PREMIERBAN,The Premier Bank PLC,5.6,-1.75438596491229,0.0,-3.448275862068969,30.232558139534877,5.660377358490563,39.99999999999999,-12.50000000000001,-55.55704711043559,28.185776496168234,-23.417010251007888,2.8766233766233817,2.6794010145964307
PREMIERCEM,Premier Cement Mills PLC,42.5,-4.279279279279277,4.166666666666674,-12.371134020618557,-11.642411642411645,8.974358974358974,8.418367346938767,-13.087934560327197,-51.09321058688148,-55.5439330543933,-59.523809523809526,5.355069404356765,4.245841016170439
PREMIERLEA,Premier Leasing & Finance Limited,2.0,0.0,0.0,-9.090909090909099,-16.666666666666664,-39.39393939393939,270.3703703703704,42.85714285714287,-85.07462686567163,-75.44431793930013,-85.24529967054946,6.000000000000004,8.418628656795583
PRIME1ICBA,Prime Bank 1st ICB AMCL Mutual Fund Units,7.1,7.575757575757576,22.41379310344827,20.338983050847446,51.06382978723403,47.916666666666664,65.11627906976744,51.06382978723403,-7.792207792207799,44.89795918367346,-1.3888888888888962,7.861478200981112,6.016472422094508
PRIMEBANK,Prime Bank PLC,28.2,-0.7042253521126736,-2.0833333333333384,-5.050505050505051,-6.000000000000002,-1.953642138990073,2.8125002570312505,5.3736657241739625,34.889999773834425,107.3619559325607,-0.7464800918240061,1.2783768113526834,1.4791736835800422
PRIMEFIN,Prime Finance and Investment Ltd.,2.8,0.0,0.0,-9.677419354838719,-9.677419354838719,-41.66666666666667,154.5454545454545,27.272727272727256,-82.38993710691825,-63.63636363636364,-89.69325149327412,5.689655172413799,6.083637616916033
PRIMEINSUR,Prime Islami Insurance PLC,51.9,1.565557729941286,2.569169960474303,-5.46448087431694,24.162679425837325,63.722397476340696,73.57859531772576,54.92537313432835,-2.443609022556399,208.9285714285714,45.320000342955204,3.4275392040810493,5.222086775943555
PRIMELIFE,Prime Life Insurance Company Limited,37.8,1.3404825737265416,2.1621621621621543,0.7999999999999924,-8.474576271186441,-0.2638522427440671,14.545454545454536,-8.695652173913047,-47.50000000000001,-33.80035026269703,-58.41999993638261,4.226520700445516,4.3324063970582625
PRIMETEX,Prime Textile Spining Mills Ltd.,14.6,0.6896551724137907,-2.013422818791951,-7.594936708860766,-18.43575418994413,-30.80568720379148,5.797101449275353,0.6896551724137907,-41.12903225806452,-29.126213592233018,-27.722772277227723,5.994436292492052,8.106982941399966
PROGRESLIF,Progressive Life Insurance Co. Ltd.,36.5,1.108033240997226,-0.5449591280654028,-8.52130325814536,-15.116279069767442,-13.095238095238095,-19.956140350877195,-32.28200371057513,-68.20557491289199,-7.599999573896761,-51.21247629415894,5.449643467891787,4.964523330200211
PROVATIINS,Provati Insurance PLC,55.0,2.23048327137547,8.055009823182713,-3.508771929824561,0.5484460694698302,77.41935483870968,91.63763066202091,72.95597484276729,-61.09756117790244,527.9742831606193,194.47308678268251,3.9611410145140318,4.7362083667320345
PTL,Paramount Textile PLC,76.2,-1.6774193548387062,-6.503067484662574,10.434782608695656,21.531100478468897,39.305301645338204,47.104247104247115,36.31484794275493,25.730000178536606,636.6001670609179,198.24633771883268,3.7492185700921508,2.5119485811814375
PUBALIBANK,Pubali Bank PLC,39.2,-1.7543859649122702,2.349869451697143,0.7712082262210906,10.1123595505618,20.85793768298169,45.89000242687647,55.44831293649161,128.2175539000653,227.76540513541565,124.86115603745229,1.8958651317022244,2.09643661402924
PURABIGEN,Purabi General Insurance Co. Ltd.,28.6,0.3508771929824611,2.8776978417266212,-7.142857142857141,-11.455108359133114,40.88669950738917,47.42268041237115,48.95833333333335,-37.45647581664288,271.1277670715348,-3.389376290254931,2.906233432480247,4.542706332000243
QUASEMIND,Quasem Industries Limited.,40.2,-0.9852216748768439,1.5151515151515187,-5.411764705882346,-12.798264642082426,0.751879699248131,6.29807680553578,2.8372091994883792,-6.945739406490353,-2.1370190410022865,152.9758055305157,2.7053003499575503,3.2673952705101246
QUEENSOUTH,Queen South Textile Mills Ltd.,14.5,-2.0270270270270316,4.316546762589925,-7.643312101910824,-3.973509933774832,25.000000000000007,21.848739495798313,7.407407407407407,-50.258899870510575,-40.28630445422855,-40.28630445422855,3.912774820309067,5.2231014484129235
RAHIMAFOOD,Rahima Food Corporation Ltd.,74.6,-0.533333333333341,0.26881720430106,-6.750000000000007,-25.325325325325334,-38.347107438016536,-53.375,-45.34798534798536,-77.5301204819277,20.322580645161285,333.7209302325581,2.8023994806187593,5.27754362972731
RAHIMTEXT,Rahim Textile Mills Ltd.,182.8,-1.4023732470334382,-0.4357298474945441,-7.208121827411162,-8.599999999999994,-9.099950273495764,-14.299109235818095,0.4395604395604458,-41.80197389366444,2.038017292665804,353.2343231350853,3.6666851618327017,5.2491178051383915
RAKCERAMIC,RAK Ceramics (Baneladesh) Limited,27.3,-1.086956521739133,0.36764705882353466,-13.333333333333332,-4.545454545454548,16.170212765957448,22.97297297297298,8.764940239043822,-40.65217391304348,-39.88795491321821,-31.99088239476678,2.210794252415697,3.00542558039909
RANFOUNDRY,Rangpur Foundry Limited,151.2,-1.0471204188481824,-1.5625000000000038,-0.5917159763313647,-2.3255813953488516,-0.19801980198020552,5.8082575227431645,-14.576271186440684,-12.601156069364167,38.461538461538446,143.87096774193546,2.6472481487660042,3.3625536417800617
RDFOOD,Rangpur Dairy and Food Products Limited,23.8,-1.2448132780083017,5.77777777777778,-0.8333333333333304,-10.526315789473685,21.428571428571423,19.000000000000004,-2.4590163934426146,-54.85451214014143,137.61296697010633,47.1014358631726,4.203799013925597,4.892008104721023
RECKITTBEN,Reckitt Benckiser (Bangladesh) PLC,3265.8,-0.006123698714017701,0.4552445401415005,-0.9162621359223245,-1.1262488646684776,-6.930749501282412,-4.508771929824556,-3.6637168141592866,-32.41307947019867,108.27806122448982,341.9215155615697,0.6402708386899765,0.7571638129634247
REGENTTEX,Regent Textile Mills Ltd.,6.1,3.3898305084745637,-1.6129032258064602,0.0,-3.1746031746031775,24.48979591836733,52.49999999999999,96.77419354838707,-60.13071895424837,-44.323749742954845,-76.22624107336568,4.4360023378141396,5.787791694612714
RELIANCE1,Reliance Insurance Mutual Fund Reliance One Units,13.4,5.511811023622056,11.66666666666667,1.5151515151515234,27.619047619047624,3.0769230769230798,-14.649681528662414,-6.293706293706295,11.66666666666667,81.08108108108108,47.25274725274726,5.675858815252129,5.389138011802891
RELIANCINS,Reliance Insurance PLC,107.4,2.4809160305343596,6.336633663366342,-3.243243243243238,-9.671993271656854,53.42857142857144,64.22018348623853,65.23076923076924,8.157099697885206,232.44046407458075,122.41244680654545,5.582871003988955,7.619508830668358
RENATA,Renata PLC,449.1,0.044553352639796276,-0.992063492063492,-3.2529082292115397,0.8533572872221,3.383977900552497,14.56632653061225,-7.402061855670098,-63.77034276573165,-30.542199073822058,44.57423630399649,0.9693157270016881,1.139014143718778
RENWICKJA,Renwick Janeswar and Co. (BD) Limited,741.1,-0.6834628785848328,1.5205479452054826,-7.2349480535736586,39.56685499058381,47.33598409542744,51.61620294599018,16.159874608150474,-42.996692562110596,-1.9708994708994678,844.0764331210191,2.1587233331760514,2.5597419652905953
REPUBLIC,Republic Insurance PLC,39.3,1.8134715025906623,6.504065040650403,-1.9950124688279407,13.913043478260862,21.671826625387,43.43065693430656,25.961538461538456,-27.179411402744723,384.18752038600405,91.61883992474992,3.1747503900775333,4.665695845474283
RINGSHINE,Ring Shine Textiles Ltd.,3.8,-2.5641025641025665,-2.5641025641025665,-7.317073170731704,5.555555555555547,-7.317073170731704,18.74999999999999,31.034482758620687,-73.42657342657343,-74.413333335892,-74.413333335892,5.263157894736848,6.423974749552414
ROBI,Robi Axiata PLc,30.0,0.0,-0.3322259136212672,-2.9126213592232966,-7.6923076923076925,0.0,6.0070671378091856,2.739726027397263,-28.571428571428573,100.0,100.0,1.1364608351477328,1.6688938884524547
RSRMSTEEL,Ratanpur Steel Re-Rolling Mills Ltd,6.9,0.0,-4.166666666666664,-9.210526315789465,-13.749999999999996,-23.33333333333333,2.985074626865674,-22.47191011235955,-80.45325779036828,-80.35331849432197,-84.77662844210299,6.007517631558552,4.351076827540194
RUNNERAUTO,Runner Automobiles PLC,46.6,-0.8510638297872309,2.4175824175824205,-10.211946050096335,11.483253588516758,19.79434447300772,25.945945945945947,52.287581699346404,-25.796178343949038,-49.71223009282128,-49.71223009282128,2.246646052151707,3.3280097421791606
RUPALIBANK,Rupali Bank PLC,17.0,0.5917159763313694,-1.1627906976744145,-2.857142857142857,-0.5847953216374352,-6.07734806629835,-1.7341040462427786,-22.018348623853214,-51.83333336464166,16.000144167708587,-43.30492987803485,1.8907065784893895,2.508181190166784
RUPALIINS,Rupali Insurance Company Ltd.,28.8,0.6993006993006968,6.666666666666669,-3.999999999999998,5.882352941176476,32.63157927894736,41.30841156822431,26.000000315000012,-41.28155325724799,144.49040158443228,-8.1077264481754,2.9304701334989898,3.856306045884083
RUPALILIFE,Rupali Life Insurance PLC,80.2,2.42656449553002,6.790945406125179,2.8205128205128243,-13.85606874328678,-0.4962779156327438,2.0356234096692223,-26.082949308755754,-5.209733793402687,162.16822594253705,-20.32099251284174,3.360617887649566,3.644559404693949
SAFKOSPINN,Safko Spinning Mills Limited,20.2,-0.9803921568627416,-0.9803921568627417,-0.9803921568627417,-1.9417475728155442,20.23809523809523,46.37681159420289,41.258741258741246,-23.011320777087278,90.04019436663815,2.298232185566315,2.357937018168542,4.070528888278594
SAIFPOWER,SAIF Powertec Ltd.,8.0,1.265822784810122,0.0,-17.525773195876283,-20.0,1.265822784810122,60.0,24.999999999999993,-77.74278223495071,-52.1782679970773,-41.7999178705176,3.3073677377474806,4.896297762509576
SAIHAMCOT,Saiham Cotton Mills Ltd.,22.5,-0.44247787610620093,-1.7467248908296882,9.75609756097561,15.384615384615385,17.187500000000004,14.795918367346932,25.698324022346377,13.636363636363633,61.8705035971223,-12.852112749702442,3.032772101647479,6.232348707183222
SAIHAMTEX,Saiham Textile Mills Ltd.,34.9,-6.684491978609626,-4.904632152588567,10.443037974683534,94.97206703910615,78.97435897435896,101.73410404624276,122.29299363057325,47.88135593220338,171.4444450174938,48.91077733477665,6.454758505742721,7.939160113081807
SALAMCRST,S. Alam Cold Rolled Steels Limited,12.8,5.785123966942158,14.285714285714299,2.4000000000000057,-11.724137931034479,-21.95121951219511,-14.093959731543622,-35.99999999999999,-63.53276353276353,-52.416356877323416,-73.10924369747897,4.330288841223782,4.5169689801322885
SALVO,Salvo Organic Industries PLC,31.4,0.0,5.016722408026756,-3.9755351681957314,-17.368421052631582,2.280130293159607,3.6303630363036232,-9.770114942528734,-43.321299638989174,201.0304362910329,83.41453098514197,3.0098998231998104,3.6903079796267804
SAMATALETH,Samata Leather Complex (Pvt.) Ltd.,87.6,1.742160278745645,3.6686390532544313,-6.510138740661696,-17.280453257790377,6.5693430656934195,4.285714285714279,-16.172248803827756,-9.128630705394203,235.9097733096559,495.67999809382394,5.174333863502835,6.13228816525124
SAMORITA,Samorita Hospital Ltd.,91.2,-2.8753993610223674,1.3333333333333366,-7.317073170731709,22.252010723860604,34.117647058823536,25.44704264099037,26.31578947368421,11.285941582944274,72.62794653020168,132.3194534525902,5.058575437446995,6.858349287283761
SANDHANINS,Shandhani Life Insurance Co.Ltd,24.8,0.4048582995951474,3.765690376569047,-6.415094339622639,-2.7450980392156836,23.383084577114424,28.49740932642487,11.210762331838565,-40.95238095238095,24.000000992000004,-41.75315453430079,2.654099134034473,3.176871898395021
SAPORTL,Summit Alliance Port Limited,61.7,0.16233766233766464,2.3217247097844207,1.4802631578947463,20.5078125,24.395161290322584,46.55581947743468,57.397959183673464,110.58020477815701,57.33499973725057,192.76758808201268,1.8485306897084963,2.7927380715952523
SBACBANK,SBAC Bank PLC.,6.9,1.4705882352941255,0.0,1.4705882352941255,9.523809523809533,-1.4285714285714235,11.290322580645164,-6.756756756756756,-66.13196255818957,-34.11127262496551,-34.11127262496551,2.985340676297659,3.60664855504512
SEAPEARL,Sea Pearl Beach Resort & Spa Ltd.,37.8,0.2652519893899053,13.85542168674697,-0.5263157894736917,5.292479108635094,-8.474576271186441,14.545454545454536,-21.413721413721422,-15.812917594654792,57.50000039374999,57.50000039374999,5.0687951701791905,5.22863066398442
SEMLFBSLGF,SEML FBLSL Growth Fund Units,7.1,0.0,5.970149253731335,5.970149253731335,26.78571428571429,24.561403508771917,44.89795918367346,36.538461538461526,-34.86238532110092,16.393442622950822,16.393442622950822,4.318840579710142,4.1201392795147
SEMLIBBLSF,SEML IBBL Shariah Fund Units,8.0,0.0,1.265822784810122,5.263157894736847,19.402985074626862,19.402985074626862,37.931034482758626,23.076923076923077,-26.605504587155966,-41.60583941605839,-41.60583941605839,2.0223141837065843,2.18267930397701
SHAHJABANK,Shahjalal Islami Bank PLC,17.5,-0.5681818181818262,0.5747126436781691,0.5747126436781691,0.5747126436781691,-3.8461538461538423,6.707317073170741,-2.7777777777777777,-18.068182121329542,120.4198392602051,7.571090431233522,1.8531495838127037,1.5147671409761745
SHARPIND,Sharp Industries PLC,19.1,-3.0456852791878064,6.703910614525156,-40.31249999999999,-14.34977578475336,10.40462427745665,48.062015503875976,12.352941176470596,17.17791411042945,17.17791411042945,17.17791411042945,5.058044170128502,9.007420365387341
SHASHADNIM,Shasha Denims PLC,27.1,0.7434944237918322,-3.214285714285709,-3.214285714285709,11.52263374485597,40.41450777202073,70.44025157232704,32.843137254901976,-13.418530351437697,-4.00185817262298,-18.811571768580677,3.4325549400915154,4.171304628213703
SHEPHERD,Shepherd Industries PLC,13.4,-1.4705882352941124,7.200000000000002,-10.666666666666664,-18.292682926829258,-3.597122302158273,0.0,-19.760479041916163,-32.33990175530557,-63.06811133690448,-63.06811133690448,4.302374899682121,5.199896447545581
SHURWID,Shurwid Industries Ltd,5.8,0.0,-1.6949152542372972,-4.918032786885243,-12.12121212121212,-17.142857142857146,26.086956521739136,5.4545454545454515,-74.78260869565217,-35.5555556271605,-80.69210533919544,2.764875367846855,3.931029157865585
SHYAMPSUG,Shyampur Sugar Mills Ltd.,305.9,-1.4814814814814887,2.7889784946236404,0.7243990780375333,61.7662612374405,84.61074230537115,101.24999999999999,50.024521824423715,137.6845376845377,1939.333333333333,3723.7499999999995,4.4021682674011995,4.3492949520193696
SICL,"Sikder Insurance Co., Ltd.",36.4,1.6759776536312891,1.9607843137254781,-9.677419354838708,-5.454545454545459,84.77157360406092,96.75675675675674,56.896551724137936,34.81481481481481,34.81481481481481,34.81481481481481,3.4295954462412532,5.520838693605141
SILCOPHL,Silco Pharmaceuticals Ltd.,17.5,-1.68539325842697,-0.5681818181818262,0.0,-12.935323383084581,25.0,27.73722627737227,1.1560693641618456,-46.31901840490798,-28.171641868769495,-28.171641868769495,4.034374037363868,4.965817977347098
SILVAPHL,Silva Pharmaceuticals Ltd.,13.1,-2.238805970149259,1.5503875968992193,-9.027777777777782,0.0,35.05154639175259,36.458333333333336,7.377049180327871,-42.79475982532751,-63.80263148845394,-63.80263148845394,4.014645890794738,4.696734616587072
SIMTEX,Simtex Industries PLC,24.1,-1.2295081967212997,1.2605042016806751,-2.8225806451612874,-10.740740740740737,1.2605042016806751,7.111111111111118,21.71717171717172,7.589285714285728,34.92165849198265,-10.5450921890321,2.338612688410202,3.59910225895404
SINGERBD,Singer Bangladesh Limited,81.0,0.12360939431396083,11.878453038674024,9.607577807848436,1.5037593984962443,-7.849829351535842,-4.705882352941177,-23.368022705771054,-58.031088082901555,-47.35000005265,-20.178896381868007,3.152449904610154,2.318041220286734
SINOBANGLA,Sinobangla Industries Ltd.,50.0,0.20040080160320925,4.166666666666667,-2.1526418786692787,-14.96598639455782,5.70824524312897,9.170305676855902,-7.0631970260223,8.291251232179274,113.03196965144515,174.89317902590312,2.3617850158613765,2.9886971469642827
SIPLC,Sena Insurance PLC,148.9,9.970457902511077,17.429022082018935,10.05173688100517,46.69950738916257,149.8322147651007,179.36210131332084,209.5634095634096,211.50627615062763,211.50627615062763,211.50627615062763,6.04426927990646,7.161762518953258
SKTRIMS,SK Trims & Industries Ltd.,12.5,2.459016393442629,5.932203389830502,-11.97183098591549,-13.793103448275861,34.408602150537625,52.439024390243915,35.86956521739131,-69.80676328502416,-66.38888895700741,-66.38888895700741,7.422857638630672,6.641827519513799
SONALIANSH,Sonali Aansh Industries Limited.,214.4,-0.8784096162736964,2.6819923371647483,-0.2790697674418578,17.41511500547646,33.16770186335404,11.434511434511434,-4.498886414253895,234.73848555815772,945.8536585365854,1488.148148148148,2.1609430848731774,3.4238340159918477
SONALILIFE,Sonali Life Insurance PLC,84.9,-0.8177570093457811,3.9167686658506766,3.5365853658536657,-0.11764705882352272,43.89830508474577,39.40886699507391,19.91525423728815,12.749003984063757,671.8181818181819,671.8181818181819,2.167672826861218,2.6580641544383825
SONALIPAPR,Sonali Paper & Board Mills Ltd.,225.7,-1.0087719298245665,3.9134438305709027,-3.5470085470085517,-1.1388523872098215,-3.5057716973065483,-4.566596194503176,-17.92727272727273,-8.505771978904367,49.541273473935206,49.541273473935206,2.9780849174793103,3.0362979220797497
SONARBAINS,Sonar Bangla Insurance Ltd.,37.1,0.5420054200542083,4.5070422535211305,-2.6246719160104988,-12.705882352941174,49.826923451490394,53.972332368790326,38.13829821768617,-51.30624975683558,303.55282380339736,78.23582987499576,3.2597989862076204,4.73440926028221
SONARGAON,Sonargaon Textiles Limited.,102.9,0.0,9.584664536741213,-1.5311004784688942,16.666666666666668,171.50395778364117,230.86816720257238,210.87613293051362,305.1181102362205,1139.7590361445782,451.250001378125,5.858099302143223,7.052252808180552
SOUTHEASTB,Southeast Bank PLC,11.7,0.0,-5.64516129032259,5.405405405405403,16.999999999999993,30.406249953814456,37.57142852607536,30.406249953814456,-14.653500177035632,12.020225345515042,-1.6807096137136615,2.551576775714709,3.083611722637995
SPCERAMICS,Shinepukur Ceramics PLC,23.5,-0.423728813559328,12.980769230769228,18.686868686868685,0.8583690987124433,4.910714285714293,60.95890410958904,16.33663366336634,-33.80281690140845,164.04494382022472,3.5440610011743767,5.182074115117101,5.070406955325174
SPCL,Shahjibazar Power Co Ltd,50.8,-0.5870841487279926,4.0983606557377055,-3.9697542533081314,-5.576208178438662,6.054279749478077,6.947368421052626,7.172995780590715,-54.29757778319206,-61.573521304268276,95.63469182519049,2.812844741689193,3.1795062129377816
SQUARETEXT,Square Textiles PLC,48.9,0.20491803278688817,1.2422360248447235,-0.40733197556008727,-1.0121457489878543,0.0,0.8247422680412342,-12.522361359570663,-5.9615384615384635,-18.928946968612756,-35.919624067812066,2.019602447130548,2.577666688795396
SQURPHARMA,Square Pharmaceuticals PLC,217.6,0.2303086135421465,1.4925373134328306,-0.13767783386875235,-2.5089605734767,1.682242990654203,9.346733668341706,-0.8204193254330042,-11.002044989775053,14.269055627853925,107.88060026313961,0.6964038735448554,0.8058192171294396
SSSTEEL,S.S. Steel Ltd,6.0,0.0,-3.225806451612906,-7.6923076923076925,-10.447761194029853,0.0,46.341463414634156,13.207547169811324,-75.07692318658461,-83.90368018884048,-83.90368018884048,4.056497175141235,4.598991919715336
STANCERAM,Standard Ceramic Industries Ltd.,64.6,-0.46224961479200516,-7.449856733524359,-9.014084507042261,-9.142053445850914,-7.714285714285722,-7.845934379457918,-19.148936170212778,-72.15517241379311,25.925925925925924,163.6734693877551,5.642734307824315,6.1511627190568205
STANDARINS,Standard Insurance PLC,52.5,0.7677543186180396,0.5747126436781554,4.16666666666667,1.1560693641618525,41.891891891891895,34.27109974424552,40.0,-48.22485207100593,449.0374979967583,101.14271012641883,3.2732815166656364,4.151413449254292
STANDBANKL,Standard Islami Bank PLC,4.5,2.2727272727272645,-2.173913043478253,0.0,-6.2499999999999964,-19.64285714285714,-6.2499999999999964,-18.181818181818183,-52.25836454167795,-26.015151653032365,-50.324865773978885,2.707070707070698,3.6598298032362155
STYLECRAFT,Stylecraft Limited,53.7,0.0,-0.18587360594794483,-2.717391304347826,1.3207547169811373,1.5122873345935808,13.771186440677965,-28.874172185430456,-70.0,3.091748847079762,118.65427372137859,2.900469557862327,4.944387976716199
SUMITPOWER,Summit Power Ltd.,15.6,0.0,1.298701298701294,0.6451612903225784,2.6315789473684235,11.428571428571427,25.80645161290322,2.6315789473684235,-67.0886075949367,-51.401869158878505,-66.02191785592812,2.2086738898883085,3.0928900920254407
SUNLIFEINS,Sunlife Insurance Co. Ltd.,52.0,-1.328273244781789,11.827956989247312,-7.47330960854093,-25.925925925925927,-0.19193857965451327,-1.328273244781789,-6.97674418604651,35.41666666666667,201.36363532941115,-43.777600395650516,5.273023131705345,5.352064053247907
TAKAFULINS,Takaful Islami Insurance PLC,53.8,1.893939393939394,0.7490636704119824,0.0,37.94871794871794,71.3375796178344,58.23529411764705,55.043227665706034,-11.513157894736842,343.8612844185921,75.21893168280651,3.0340801780824895,4.581478092567673
TALLUSPIN,Tallu Spinning Mills Limited,7.2,0.0,1.4084507042253598,-7.692307692307688,-12.195121951219503,-13.253012048192776,14.28571428571429,10.769230769230772,-48.201438848920866,-49.29577464788732,-68.69565220113422,3.412474849094568,4.113639960498624
TAMIJTEX,Tamijuddin Textile Mills PLC,115.7,-1.6156462585033942,0.5212858384013975,-6.993569131832799,-11.611917494270436,1.6695957820738188,-8.174603174603172,-15.153333418180006,-26.43352608512717,777.7241367203804,777.7241367203804,3.1744743772102924,4.002279514957917
TECHNODRUG,Techno Drugs Ltd.,41.0,0.24449877750611593,2.5,-5.747126436781609,-1.4423076923076956,36.666666666666664,40.41095890410959,6.4935064935064934,55.30303030303031,55.30303030303031,55.30303030303031,3.914630703832332,4.19515174419426
TILIL,Trust Islami Life Insurance Ltd.,45.7,-1.7204301075268755,6.032482598607891,0.4395604395604458,-14.097744360902254,9.592326139088728,2.9279279279279375,-20.797227036395146,315.4545454545455,315.4545454545455,315.4545454545455,4.203385410032466,3.8944091983872102
TITASGAS,Titas Gas Transmission and Distribution PLC,18.0,0.5586592178771029,4.651162790697679,0.0,0.0,4.651162790697679,15.384615384615387,-11.330049261083746,-58.04195804195805,-62.10526315789474,-71.78683385579937,2.8992031700110026,3.0245155355585305
TOSRIFA,Tosrifa Industries PLC,20.3,-1.9323671497584474,10.92896174863388,-3.33333333333333,1.5000000000000036,23.030303030303035,19.411764705882355,-7.727272727272725,-6.272522888777414,10.902918592008719,-53.24554760343955,5.485090540021218,5.251914663346185
TRUSTB1MF,Trust Bank 1st Mutual Fund Units,3.7,0.0,2.7777777777777803,5.71428571428572,19.35483870967742,12.121212121212132,54.16666666666668,12.121212121212132,-44.776119402985074,-2.3200005704511932,-43.35670045493066,4.896475422791207,5.59471958532109
TRUSTBANK,Trust Bank PLC,13.6,-1.4492753623188481,-2.85714285714286,-8.108108108108116,-12.820512820512821,-20.223463464311358,-17.9310342775862,-20.223463464311358,-38.49720643616478,29.294052269006798,43.28029502070149,1.6112376400893629,1.8598216191369057
TUNGHAI,Tung Hai Knitting & Dyeing Ltd,4.2,7.6923076923077,0.0,-12.499999999999993,40.00000000000001,10.526315789473694,162.5,100.0,-44.0,-58.750000033147316,-83.06000003433175,5.051907442151349,7.834892543720414
UCB,United Commercial Bank PLC,8.8,-2.2222222222222143,-5.376344086021505,-6.382978723404252,-2.2222222222222143,-10.204081632653061,-16.190476190476186,-16.190476190476186,-35.31999972963759,-29.27480515805564,-30.605040317107335,2.47512990185193,3.245958604175041
UNILEVERCL,Unilever Consumer Care Limited,1989.3,0.11575239053849797,0.7138517618468969,-1.1036539895600321,-4.81818181818182,-8.873110398534129,-7.9027777777777795,-17.45643153526971,9.377319587628865,102.08761904761904,494.93084112149535,0.6421170935520055,1.0812838369459863
UNIONCAP,Union Capital Limited,4.3,0.0,-4.444444444444448,-6.52173913043478,-6.52173913043478,-25.862068965517242,53.57142857142858,4.878048780487809,-70.34482758620689,-55.806567628122714,-77.26722578516957,4.241920869827847,4.650010458543417
UNIONINS,Union Insurance PLC,47.4,0.423728813559313,4.1758241758241725,-1.2500000000000029,15.89242053789731,49.0566037735849,28.804347826086964,44.95412844036696,330.90909090909093,330.90909090909093,330.90909090909093,3.2342539421854384,4.206573004652943
UNIQUEHRL,Unique Hotel & Resorts PLC,43.6,-1.3574660633484195,10.37974683544304,3.0732860520094665,7.654320987654324,11.794871794871797,13.838120104438655,4.30622009569379,-18.959107806691442,-4.803493449781651,-65.58800315706392,4.081774591660657,3.2226780116946587
UNITEDFIN,United Finance PLC,17.1,1.7857142857142898,5.555555555555569,-1.7241379310344667,11.038961038961046,33.59375,47.4137931034483,28.571428571428573,-33.72093023255813,-5.736249536693654,-26.650072127686435,3.0386112272075487,4.224902639149339
UNITEDINS,United Insurance Company Limited,62.6,2.454991816693944,6.101694915254239,0.0,45.243619489559165,53.80835380835381,49.76076555023925,49.403341288782826,-11.456859971711458,198.75991132128132,63.96868961399538,3.4525268019790745,4.306364354569423
UPGDCL,United Power Generation & Distribution Co. Ltd.,114.7,-0.26086956521738885,0.8795074758135444,-3.6134453781512583,-7.125506072874492,-3.288364249578408,-1.205857019810501,-20.125348189415035,-61.741160773849245,19.192478969042263,105.63135101357868,1.9149164363775626,2.189758489398439
USMANIAGL,Usmania Glass Sheet Factory Limited,54.4,-3.886925795053008,1.8726591760299627,-14.330708661417324,34.32098765432098,51.11111111111111,59.99999999999999,51.11111111111111,-25.479452054794525,-32.01277016035843,12.1789291400744,4.851353216629883,6.443633406712805
UTTARABANK,Uttara Bank PLC,20.6,0.0,-0.9615384615384581,-1.4354066985645797,-3.286384976525818,0.980392156862759,12.445414847161578,20.32710280373832,50.98692869804128,123.544605278289,58.95849885353228,0.7748229445147915,0.9455528100966833
UTTARAFIN,Uttara Finance and Investments Limited,12.0,-0.8264462809917326,0.0,-8.396946564885495,-7.6923076923076925,-12.408759124087588,21.212121212121207,-2.439024390243908,-76.47058823529412,-77.8947367868421,-83.03549569062905,6.639122315592902,4.749975271317806
VAMLRBBF,Vanguard AML Rupali Bank Balanced Fund Units,8.2,1.2345679012345634,1.2345679012345636,1.2345679012345636,12.328767123287664,34.42622950819672,43.859649122807,49.09090909090908,-7.865168539325855,-25.45454545454546,-25.45454545454546,1.4969135802469082,1.827109601829226
VFSTDL,VFS Thread Dyeing Ltd.,13.7,-2.8368794326241162,3.0075187969924704,-2.8368794326241162,-15.4320987654321,25.6880733944954,7.0312499999999885,73.41772151898732,-45.0954197100668,-42.16765986049127,-42.16765986049127,3.0701592813153997,5.434737211319162
WALTONHIL,Walton Hi-Tech Industries PLC,343.5,-0.6938421509106613,-4.244804962509683,-1.6015625983984427,-0.5657895731184225,-2.238033734340723,-0.5657895731184225,-3.9095210949575936,-68.47428707765279,9.95634898632015,9.95634898632015,3.3077639503582654,2.0447890799147146
WATACHEM,Wata Chemicals Ltd.,129.9,-2.036199095022616,-2.550637659414858,-8.456659619450317,-2.477477477477465,-1.962264150943392,-8.521126760563376,-5.937726285300499,-60.12891344383057,32.32350766285056,515.6718752597366,3.569622433820492,4.001452362159658
WMSHIPYARD,Western Marine Shipyard Limited,8.8,0.0,0.0,-7.368421052631572,-7.368421052631572,1.1494252873563382,7.317073170731725,-2.2222222222222143,-41.721854304635755,-34.7427949330788,-74.4409280486246,2.0689655172413923,3.178245695783642
YPL,Yeakin Polymer Ltd.,21.5,-1.8264840182648339,13.157894736842104,-6.521739130434782,-12.601626016260166,31.097560975609767,21.468926553672322,28.742514970059887,42.384105960264904,-27.61091979941685,-14.196968820593623,5.3051603158435325,6.769980972198666
ZAHEENSPIN,Zaheen Spinning PLC,5.3,3.921568627450984,0.0,-5.357142857142854,-8.620689655172415,-14.51612903225807,32.49999999999999,0.0,-50.0,-56.54490746790253,-62.759855030130275,3.9300150829562597,5.295255648162551
ZAHINTEX,Zahintex Industries Ltd.,7.7,-3.749999999999998,-3.749999999999998,-11.494252873563209,-12.500000000000005,4.054054054054052,32.75862068965518,30.50847457627118,-21.428571428571434,-51.85473710320462,-67.54077440342765,2.8273414349363706,6.09817616844825
ZEALBANGLA,Zeal Bangla Sugar Milla Limited,186.9,-1.9412381951731315,4.705882352941179,-5.126903553299489,41.80576631259483,37.93357933579337,30.699300699300707,67.62331838565024,21.363636363636367,938.3333333333334,2048.2758620689656,5.942906905085186,6.883820525334197
