Symbol,Name,Price,Change %,Perf % 1W,Perf % 1M,Perf % 3M,Perf % 6M,Perf % YTD,Perf % 1Y,Perf % 5Y,Perf % 10Y,Perf % All Time,Volatility 1W,Volatility 1M
1JANATAMF,First Janata Bank Mutual Fund Units,4.1,-2.380952380952394,5.128205128205121,32.25806451612902,32.25806451612902,57.692307692307665,57.692307692307665,17.14285714285713,-53.40909090909092,-6.2627455516540245,-24.587718435651098,6.803544978769631,6.233032463956653
1STPRIMFMF,Prime Finance First Mutual Fund 2009 Units,24.9,0.40322580645160433,4.621848739495789,6.866952789699561,29.687499999999996,26.395939086294412,24.499999999999993,15.277777777777764,19.71153846153845,203.65853658536588,-18.62745098039216,5.123218157643516,4.423805437698171
AAMRANET,aamra networks ltd,21.1,0.0,-1.4018691588784915,-0.47169811320753713,29.447852760736197,31.875000000000007,18.53932584269663,12.234042553191491,-43.82355149621912,-64.97665131610778,-64.97665131610778,3.079982157711256,3.544093785996247
AAMRATECH,Aamra Technologies Limited,21.8,1.8691588785046829,13.541666666666673,21.78770949720672,71.65354330708662,92.92035398230088,77.23577235772358,67.69230769230771,-25.935897727406147,1.947058674506798,-25.8618334935768,6.029952123484385,4.916987329988736
ABB1STMF,AB Bank 1st Mutual Fund 2011 Units,4.2,-2.3255813953488293,2.4390243902439157,27.272727272727284,35.483870967741936,61.53846153846153,55.55555555555555,10.526315789473694,-46.835443037974684,-2.9296006011375617,-37.34997201527666,7.875359129531146,7.193478203741036
ABBANK,AB Bank PLC,4.9,0.0,-1.999999999999993,0.0,4.255319148936174,6.521739130434798,19.512195121951237,-29.999999999999996,-62.282276713087185,-62.38918346136678,-78.70829979561037,3.2489795918367257,3.4208138233648397
ACFL,Aman Cotton Fibrous PLC,23.9,-0.41666666666667257,3.4632034632034507,-2.4489795918367405,29.189189189189182,36.57142857142856,32.77777777777777,22.56410256410256,-49.471458773784356,-60.166666666666664,-60.166666666666664,3.4386976547941397,3.616095342372427
ACI,Advanced Chemical Industries PLC,203.7,-0.7793472966390759,1.3937282229965071,1.7991004497751097,8.121019108280246,-1.020408163265317,4.4615384615384555,0.841584158415836,-13.543848899642324,-20.89250372839076,227.09332783294988,1.8503596481069533,2.256284353383036
ACIFORMULA,ACI Formulations PLC,174.5,-2.0213363279056678,1.3945380592678709,14.802631578947368,22.97392529950669,28.120411160058747,35.27131782945737,24.199288256227756,11.995721551382942,12.892791406121765,153.07320505257252,4.437181950860281,4.284778974672089
ACMELAB,ACME Laboratories Ltd.,82.9,-0.4801920768307221,-0.12048192771083653,-0.12048192771083653,7.66233766233767,9.801324503311266,16.26928471248248,-0.7185628742514902,7.66233766233767,-26.637168141592916,-38.59259259259259,1.51773545031776,2.2058071096457383
ACMEPL,ACME Pesticides Ltd,26.3,7.786885245901648,22.897196261682254,13.362068965517247,10.970464135021102,65.40880503144653,65.40880503144653,74.17218543046357,139.0909090909091,139.0909090909091,139.0909090909091,6.292342184608754,4.224988587990106
ACTIVEFINE,Active Fine Chemicals Ltd.,7.0,1.4492753623188355,2.941176470588238,0.0,6.060606060606066,22.807017543859644,29.629629629629623,-23.076923076923073,-72.0,-71.01910819165077,-76.26086939842419,3.20971867007672,3.609301369063938
ADNTEL,ADN Telecom Ltd.,67.7,-0.87847730600292,1.6516516516516646,-1.455604075691412,11.900826446280995,7.802547770700646,16.92573402417963,-13.86768447837149,23.31511839708562,67.16049382716051,67.16049382716051,1.8404416478021592,2.754817693348403
ADVENT,Advent Pharma Ltd.,16.6,0.0,5.732484076433135,3.750000000000009,21.16788321167885,18.57142857142858,23.88059701492538,3.750000000000009,-37.97802218112692,-54.927016285227964,-54.927016285227964,3.2536844919893917,2.5505400276534917
AFCAGRO,AFC Agro Biotech Ltd.,7.1,-2.739726027397263,-2.739726027397263,-13.414634146341461,1.4285714285714235,31.48148148148147,41.99999999999999,-13.414634146341461,-79.11764705882354,-77.58516455717108,-69.01382496816791,4.225687458081826,4.732915958566728
AFTABAUTO,Aftab Automobiles Ltd.,30.7,0.32679738562090804,0.0,-1.6025641025641026,13.703703703703702,0.32679738562090804,-10.23391812865498,-13.031161473087813,5.441589322848104,-31.62272693208413,-54.87099963224377,2.102282789568176,2.7858196892639793
AGNISYSL,Agni Systems PLC,33.1,-1.488095238095238,1.5337423312883436,5.75079872204473,34.00809716599191,56.87203791469194,59.13461538461538,25.37878787878789,31.34920634920636,111.69827501632345,78.59799377042643,4.116166714807509,4.281121530241537
AGRANINS,Agrani Insurance PLC,32.1,3.8834951456310773,9.183673469387765,13.427561837455832,43.303571428571445,33.19502074688796,34.87394957983194,22.053231939163503,-31.405732457086103,281.680284719985,94.56460418338801,4.427663257951076,4.683899065202553
AIBL1STIMF,AIBL 1st ISLAMIC Mutual Fund 2010- Units,6.8,3.030303030303033,-4.225352112676054,61.90476190476189,70.0,94.28571428571429,100.0,19.298245614035082,-29.896907216494842,-6.8493150684931505,-11.68831168831169,6.065551831680865,7.954907034840603
AIL,Alif Industries Ltd.,37.4,-1.0582010582010546,-4.347826086956529,10.97922848664687,15.076923076923073,38.51851851851851,-8.10810810810812,-23.203285420944567,-2.047619145571424,-66.13861548082339,-66.13861548082339,2.930989982826258,3.7821912970011384
AL-HAJTEX,Alhaj Textile Mills Limited,98.1,-0.2034587995930853,-0.9090909090909148,-4.011741682974568,0.4094165813715368,-21.520000000000003,-28.498542274052475,-23.776223776223773,114.6608315098468,44.757316648784645,323.6820336942159,3.1182227977993113,4.276236759345887
ALARABANK,Al-Arafah Islami Bank PLC,16.5,3.125,-7.303370786516857,7.142857142857141,19.565217391304344,-8.333333333333334,10.0,-12.234042553191491,-21.388766630554812,41.5683497071687,-7.787850467300693,3.8307622504537227,3.3359932850099776
ALIF,Alif Manufacturing Company Ltd.,5.6,0.0,0.0,1.8181818181818117,3.7037037037036904,47.368421052631575,39.99999999999999,-5.084745762711876,-61.904761904761905,-34.78564832746982,-66.83850212678662,3.6233766233766262,4.012690350842766
ALLTEX,Alltex Industries Limited,22.3,-1.3274336283185872,15.544041450777202,25.280898876404493,35.975609756097576,60.431654676258994,66.41791044776119,110.37735849056604,47.68211920529802,18.617021276595743,191.82715949945313,5.419599465347203,4.129057193762273
AMANFEED,Aman Feed PLC,38.1,2.4193548387096735,0.0,10.755813953488381,38.545454545454554,60.75949367088609,65.65217391304348,52.400000000000006,-47.80821917808219,-34.37010462670033,13.615032454684219,3.367663788825887,3.9596513550901746
AMBEEPHA,Ambee Pharmaceuticals PLC,819.7,0.6137228427642077,1.7628801986343943,8.713527851458892,8.55515825718448,8.655885471898207,13.847222222222227,0.46574335090085406,85.7045763479837,150.9029690847873,338.5376745115014,1.316568258773399,2.3407570708058936
AMCLPRAN,Agricultural Marketing Co. Ltd.,229.4,1.1910013233348111,1.0572687224669628,4.462659380692173,8.156529938708163,10.28846153846154,13.39594661393969,-3.6134453781512583,6.697674418604653,10.607521697203472,86.5040650406504,2.5390250109076864,2.8366763851999672
ANLIMAYARN,Anlima Yarn Dyeing Ltd.,35.4,5.9880239520958085,7.272727272727268,7.598784194528876,73.52941176470588,86.3157894736842,70.19230769230768,55.26315789473683,-12.592592592592595,4.424778761061947,76.99999999999999,5.765254684892142,5.090885037438708
ANWARGALV,Anwar Galvanizing Ltd.,111.4,-0.2685765443151273,-2.194907813871817,-5.593220338983046,11.288711288711301,27.16894977168951,28.637413394919182,61.21562952243128,-34.191008074102676,226.6581079349186,1278.574991607925,2.0347387597224005,2.852392198791859
AOL,Associated Oxygen Ltd,18.3,3.3898305084745846,3.3898305084745846,1.6666666666666705,16.560509554140136,29.7872340425532,20.39473684210527,18.831168831168835,-65.28191492402611,40.983199235532695,40.983199235532695,1.9325188935358417,2.505510139676058
APEXFOODS,Apex Foods Limited,278.3,-0.9960868018498794,-3.30090340514246,-2.4877365101611657,6.710122699386503,17.426160337552748,13.222131814483319,23.688888888888894,83.0921052631579,133.47315436241612,288.68715083798884,2.079081537078278,3.271102637963771
APEXFOOT,Apex Footwear Ltd.,217.9,0.786308973172996,0.5073800738007354,6.5004887585532805,10.4409528636594,15.965939329430547,21.52816508644729,22.141255605381165,66.58979477808609,13.426007465388528,63.512749595345156,1.4347368523917967,2.310733936072086
APEXSPINN,Apex Spinning and Knitting Mills Ltd.,346.0,-1.2275192691978336,-7.684098185699042,-10.12987012987013,4.658197217180876,58.71559633027523,92.22222222222223,138.78536922015184,172.44094488188978,266.1375661375661,394.2857142857143,3.6061896733552623,4.550475675399417
APEXTANRY,Apex Tannery Limited.,104.2,0.5791505791505874,0.9689922480620154,-1.2322274881516562,14.004376367614876,45.53072625698326,74.83221476510067,48.85714285714286,-8.274647887323937,-29.878869448183035,42.54445964432286,2.5429409729090713,4.034025059477849
APOLOISPAT,Appollo Ispat Complex Ltd.,3.4,3.030303030303033,6.249999999999991,3.030303030303033,0.0,78.94736842105263,100.0,3.030303030303033,-69.0909090909091,-72.30444460154703,-86.04144003242504,6.17424242424242,6.736318408504677
ARAMIT,Aramit Limited,205.2,0.6869479882237376,-0.38834951456311234,-1.5827338129496458,21.780415430267055,21.20496160661546,12.933406714364338,6.321243523316056,-37.81818181818183,-52.37874216755628,-3.2075471698113263,3.9497123981758335,4.8535577268347545
ARAMITCEM,Aramit Cement Limited,12.5,-0.7936507936507908,0.0,6.837606837606844,10.619469026548666,5.932203389830502,42.04545454545453,-3.8461538461538463,-80.15873015873017,-66.21621621621621,-65.41242978270148,4.090518062747351,5.2252778184995465
ARGONDENIM,Argon Denims Ltd.,24.9,2.0491803278688527,16.35514018691589,22.660098522167477,44.76744186046511,43.93063583815027,41.47727272727271,37.56906077348065,-3.041605360746623,53.42127927819833,-35.42144282046307,5.032779705271414,4.3197755713004025
ASIAINS,Asia Insurance PLC,45.1,3.203661327231118,6.117647058823532,0.6696428571428668,16.83937823834197,18.37270341207349,64.00000000000001,64.59854014598541,-54.35222672064778,269.67213114754105,36.469740954532675,3.5426952183859917,3.609219081097895
ASIAPACINS,Asia Pacific General Insurance PLC,53.3,5.128205128205117,22.247706422018336,13.404255319148932,26.904761904761898,37.01799485861182,68.67088607594935,55.84795321637425,-23.96576319543509,286.231884057971,57.22713864306784,5.423887093350395,4.383438763611159
ASIATICLAB,Asiatic Laboratories Ltd,117.4,-1.3445378151260456,-3.770491803278684,-13.29394387001477,3.8938053097345184,86.05388272583201,143.56846473029046,151.3918629550321,104.88656195462481,104.88656195462481,104.88656195462481,3.961779939035054,4.398892272586899
ATLASBANG,Atlas Bangladesh Limited,94.4,-0.21141649048624592,2.4972855591748226,30.567081604426015,26.881720430107524,81.88824662813104,66.49029982363317,47.269890795631845,-23.064384678076607,-1.6924589710631854,-16.075877904712826,3.951464044877479,6.37290762336827
AZIZPIPES,Aziz Pipes Limited.,82.5,2.9962546816479474,13.168724279835383,8.695652173913036,30.744849445324878,101.21951219512195,76.2820512820513,56.844106463878326,-28.26086956521739,94.90625146447685,430.57812887521,4.573437307470051,4.774832652362042
BANGAS,Bangas Limited,135.3,-0.14760147601475176,-0.8064516129032216,0.6696428571428613,-1.2408759124087507,11.083743842364543,3.757668711656446,18.78841088674276,4.965089216446862,-12.959643089092971,-3.5023308446050114,1.9290402082637357,2.5432371446543187
BANKASIA,Bank Asia PLC,18.0,0.0,-1.098901098901095,-1.6393442622950858,-2.3500004052475054,-3.793103862960767,6.141303882304167,-0.8629445574750749,10.737112849603527,79.88613279748371,54.846322788455026,0.8907579452040744,2.027729141640869
BARKAPOWER,Baraka Power Ltd.,9.8,4.255319148936174,19.512195121951237,18.072289156626503,22.500000000000007,28.947368421052648,44.11764705882355,-13.27433628318584,-65.0,-56.59762271848899,-56.81054024556855,6.960396345227806,4.025996554480466
BATASHOE,Bata Shoe Co. (Bangladesh) Ltd.,909.1,0.7647971624916844,-0.6448087431693964,4.494252873563221,10.193939393939397,10.730816077953717,13.05807735356299,3.7785388127853907,38.77270645702946,-24.178482068390323,76.52427184466019,1.0763731137220913,1.6807213712594784
BATBC,British American Tobacco Bangladesh Co Ltd,247.2,-0.20185708518368994,5.191489361702123,12.87671232876712,12.825193975353718,-6.716981132075476,-0.3225806451612949,-19.47882736156352,-56.66958808063102,-15.406842415244029,165.48926544981526,3.444668064731077,2.3642361965297685
BAYLEASING,Bay Leasing and Investment Ltd.,5.6,3.7037037037036904,1.8181818181818117,16.666666666666664,24.44444444444444,43.589743589743584,69.69696969696969,16.666666666666664,-79.72413788034484,-63.419942166053254,-78.65805722938985,6.187302893185247,5.600212579691362
BBS,Bangladesh Building Systems PLC,16.1,-1.2269938650306704,7.333333333333343,-0.6172839506172708,29.838709677419363,75.00000000000003,75.00000000000003,49.07407407407408,-25.462962962962962,-35.37699617252759,-25.74816830485408,3.331957843611562,3.309058091004655
BBSCABLES,BBS Cables PLC,23.2,-1.276595744680854,3.111111111111108,-0.8547008547008517,17.171717171717166,61.1111111111111,52.631578947368425,38.92215568862276,-60.5277775802796,-19.74400995927023,-19.74400995927023,2.635841763559643,2.486068692786418
BDAUTOCA,Bangladesh Autocars Limited,207.6,-0.6698564593301463,0.09643201542911699,-1.0957598856598434,-3.9777983348751134,63.46456692913385,63.46456692913385,90.80882352941177,47.234042553191486,602.160336368678,861.6026302889056,3.1497402113182003,3.6581711269451342
BDCOM,BDCOM Online Ltd.,33.5,-0.5934718100890292,2.760736196319014,-0.5934718100890292,18.37455830388692,31.372549019607842,28.846153846153847,44.159836425973374,35.28846220449704,95.53714415681362,178.57802364181586,2.4336314086975377,4.721201164262979
BDFINANCE,Bangladesh Finance PLC,14.1,0.7142857142857117,2.173913043478253,3.6764705882352944,17.499999999999996,6.818181818181821,8.46153846153846,25.89285714285715,-69.7449393849259,81.78201153440125,-13.214547347365835,3.3595112998477,4.328836510708632
BDLAMPS,Bangladesh Lamps PLC,183.3,0.10922992900055546,0.1639344262295144,0.49342105263158204,-4.43169968717414,29.084507042253527,36.2825278810409,30.928571428571434,8.53956825720667,3.2268420226816867,63.44249986924601,3.033398836130533,3.135751517585065
BDTHAI,Bangladesh Thai Aluminium Ltd.,19.1,-0.5208333333333223,-2.5510204081632653,-4.020100502512549,54.032258064516135,67.54385964912281,70.5357142857143,46.923076923076934,-30.036630036630033,5.742374527067233,19.8866601557749,3.0482459785297977,4.481493912199782
BDTHAIFOOD,BD Thai Food & Beverage Ltd.,25.6,1.5873015873015959,8.47457627118644,6.666666666666672,20.187793427230048,62.025316455696206,77.77777777777777,70.66666666666669,111.57024793388432,111.57024793388432,111.57024793388432,3.2620278808006793,4.944241274870462
BDWELDING,Bangladesh Welding Electrodes Ltd.,14.0,-0.7092198581560258,0.7194244604316521,-0.7092198581560258,-7.894736842105259,-15.662650602409643,-22.651933701657462,34.615384615384606,-34.883720930232556,44.28571424154518,-36.2789697963432,2.318947127287063,3.7938077194216593
BEACHHATCH,Beach Hatchery Ltd,33.2,-0.5988023952095681,-0.895522388059693,-0.30030030030028326,11.036789297658878,8.143322475570043,-29.059829059829053,-29.36170212765957,53.70370370370371,235.3535353535354,47.088607930075305,1.979566995378145,2.915347507500852
BEACONPHAR,Beacon Pharmaceuticals PLC,108.6,0.0,-0.640439158279966,-2.6008968609865524,1.495327102803733,1.023255813953483,3.7249283667621693,-6.217616580310883,-52.137505509034824,546.4285714285714,605.1948051948051,1.8329971185072667,2.2867702966646295
BENGALWTL,Bengal Windsor Thermoplastics PLC,25.0,-0.7936507936507908,4.166666666666667,-0.7936507936507908,-1.185770750988145,42.04545454545453,43.67816091954024,31.57894736842105,-10.714285714285714,-39.69298252226647,-49.49916537603922,2.2129143945573566,3.170736571454634
BERGERPBL,Berger Paints Bangladesh Ltd.,1498.8,-0.14656895403064926,6.7521367521367495,12.194026498989434,8.60869565217391,5.178947368421049,8.53005068790731,-3.996925441967723,-15.369847543760589,36.25454545454545,470.9714285714286,2.676307974590382,1.2263247522519662
BESTHLDNG,Best Holdings PLC,15.5,-0.6410256410256387,-1.2738853503184668,6.164383561643838,21.093749999999993,31.355932203389823,14.814814814814815,-6.0606060606060606,-47.278911564625844,-47.278911564625844,-47.278911564625844,2.5906996229576875,3.8486042617561966
BEXIMCO,Bangladesh Export Import Company Ltd.,23.1,3.587443946188344,0.4347826086956584,-24.509803921568626,-79.01907356948229,-79.01907356948229,-79.01907356948229,-79.01907356948229,-73.77837831431256,13.792075339677941,-41.83362764220963,7.67191061032395,5.434979973517725
BGIC,Bangladesh General Insurance Company PLC,42.4,5.210918114143925,5.735660847880292,0.952380952380949,13.978494623655902,21.489971346704873,37.2168284789644,26.190476190476183,-15.369261477045912,198.59154929577466,35.463258785942486,4.147801334705525,4.222958780506424
BIFC,Bangladesh Industrial Finance Company Ltd.,5.1,4.0816326530612095,0.0,1.999999999999993,8.510638297872328,131.81818181818178,199.99999999999997,-15.000000000000005,-27.142857142857146,-32.89473684210527,-74.96512789579837,6.064342403628114,8.09244719011796
BNICL,Bangladesh National Insurance Company Ltd,118.5,4.867256637168142,0.851063829787234,2.686308492201035,41.23957091775923,120.6703910614525,163.33333333333334,182.8162291169451,-2.3887973640856717,811.5384615384615,220.27027027027026,6.771532238039294,5.426270705728295
BPML,Bashundhara Paper Mill Ltd.,28.8,0.6993006993006968,-0.3460207612456674,0.6993006993006968,5.109489051094899,20.000000000000004,11.196911196911206,-14.792899408284015,-39.62264150943396,-81.41935483870968,-81.41935483870968,1.6751930155681751,2.6617535799987926
BPPL,Baraka Patenga Power Ltd.,21.6,2.857142857142864,6.930693069306942,6.930693069306942,27.810650887573985,34.16149068322981,44.96644295302014,43.04635761589405,-50.90909090909091,-32.28840125391849,-32.28840125391849,2.7020644385328922,3.015896858147556
BRACBANK,BRAC Bank PLC,63.9,-0.15625000000000222,-1.5408320493066363,0.0,-0.29169942640876617,-4.812153460665812,16.27376191273888,4.978596465966687,133.53297665494614,257.2726140754054,870.6653891191107,1.5468149281780108,2.0160593348155027
BSC,Bangladesh Shipping Corporation,122.5,0.08169934640522411,2.9411764705882355,9.082813891362424,16.88931297709924,7.267950963222415,9.082813891362424,3.8135593220338984,160.08492569002124,254.70527512919094,145.293476916115,2.0091545977053498,3.0066332039624806
BSCPLC,Bangladesh Submarine Cables PLC,156.1,-0.12795905310301794,-1.823899371069186,1.6276041666666667,10.084626234132568,10.240112994350284,21.667965705378005,1.8929503916449124,-14.230769230769234,34.45305770887166,256.63696595841895,2.8588633261841845,2.7433560667652666
BSRMLTD,Bangladesh Steel Re-Rolling Mills Ltd.,101.2,-2.0329138431752125,-1.7475728155339778,-5.860465116279068,19.621749408983465,20.19002375296912,32.6343381389253,8.934337997847145,10.23965141612201,-24.73755393256964,124.49533265651732,3.1583543235664746,3.828995826430638
BSRMSTEEL,BSRM Steels Limited,97.4,-1.4170040485829873,2.310924369747902,11.954022988505752,36.033519553072644,33.424657534246585,53.38582677165355,39.142857142857146,59.67213114754099,8.222222114000006,73.07230796003725,2.9785493401992036,3.5954939191854463
BXPHARMA,Beximco Pharmaceuticals Plc,145.0,-0.5486968449931491,-1.4276002719238574,-0.20646937370957422,13.72549019607843,24.570446735395183,40.77669902912621,21.84873949579832,-21.62162162162162,85.46511609360465,229.92260917528904,2.4125811820967353,2.572876150873852
CAPITECGBF,CAPITEC GRAMEEN BDT10 (MUTUAL FUND) Units,11.0,0.9174311926605472,12.244897959183666,44.736842105263165,57.142857142857146,59.420289855072454,61.76470588235294,44.736842105263165,-23.611111111111114,-23.611111111111114,-23.611111111111114,8.410596773228566,5.488017739118421
CAPMBDBLMF,CAPM BDBL Mutual Fund 01 Units,11.8,-0.8403361344537785,15.686274509803937,18.000000000000007,-4.0650406504065035,15.686274509803937,16.831683168316843,26.881720430107524,-13.23529411764705,9.25925925925926,9.25925925925926,6.477340619594559,4.745953693954101
CAPMIBBLMF,CAPM IBBL Islamic Mutual Fund Units,14.0,-2.77777777777778,5.263157894736836,29.629629629629623,50.53763440860214,66.66666666666666,86.66666666666667,59.09090909090907,-38.8646288209607,40.0,40.0,5.977372598374764,7.066942098794964
CENTRALINS,Central Insurance PLC,49.3,9.799554565701555,18.22541966426857,13.333333333333329,22.332506203473947,15.186915887850468,21.130221130221116,17.102137767220892,-22.605965463108326,281.89375107758616,87.25259101856483,4.767076806232852,3.900646600864227
CENTRALPHL,Central Pharmaceuticals Ltd.,11.7,-2.500000000000006,6.363636363636357,8.33333333333332,34.48275862068966,32.95454545454544,32.95454545454544,5.405405405405403,-37.765957446808514,-9.360670679783142,-65.81084508502398,5.239932428826274,4.647914683388484
CITYBANK,City Bank PLC,31.5,0.0,-1.2539184952978013,0.31847133757962237,12.5,34.16666626416668,48.463114294714536,41.50390583820153,89.1199423259824,158.90849195220306,210.2814769737939,1.147921287723086,2.2163124000218497
CITYGENINS,City Insurance PLC,115.0,1.1433597185576052,5.795768169273227,7.577174929840967,13.97423191278493,35.453474676089506,32.64129181084198,126.82445759368835,181.86274509803923,1176.605502151065,379.690881256294,3.8061439550147007,1.4482482152552076
CLICL,Chartered Life Insurance PLC,53.5,3.6821705426356557,-3.2549728752260347,-4.121863799283149,-4.634581105169342,-8.547008547008547,-4.121863799283149,16.304347826086957,386.3636363636364,386.3636363636364,386.3636363636364,3.9042806825241887,5.224274713143376
CNATEX,C & A Textiles Ltd,3.4,6.249999999999992,6.249999999999991,6.249999999999991,0.0,47.82608695652175,41.66666666666667,0.0,-41.37931034482759,-53.250000046749996,-80.14786725612663,5.705645161290315,6.214377112084221
CONFIDCEM,Confidence Cement PLC,67.9,-0.43988269794720986,-1.0204081632652897,1.7991004497751166,11.49425287356323,13.355592654424052,37.44939271255062,15.476190476190492,-46.14406448093651,52.41936174370721,26.6207538308994,1.851040449373199,3.3418629997037903
CONTININS,Continental Insurance PLC,36.4,5.202312138728315,8.982035928143713,3.999999999999996,35.31598513011153,41.63424124513619,50.413223140495866,46.77419354838709,-24.16666647708333,309.4484366229444,58.533316928096625,3.6336966055760516,5.360658427328954
COPPERTECH,Coppertech Industries Ltd,28.3,-3.0821917808219133,3.284671532846723,4.814814814814817,11.41732283464568,46.6321243523316,49.73544973544975,25.22123893805309,-29.249999823124995,9.202625825681054,9.202625825681054,4.8916620482839726,3.189138505642008
CROWNCEMNT,Crown Cement PLC,68.1,0.29455081001471073,-3.8135593220339024,7.582938388625588,38.41463414634144,40.70247933884297,45.512820512820504,34.31952662721891,-10.039630118890368,-12.129032258064523,-15.717821782178222,3.085708135568579,3.5026979361089956
CRYSTALINS,Crystal Insurance Company Ltd,70.6,3.065693430656926,3.5190615835777,-5.866666666666674,-3.6834924965893627,-15.952380952380958,22.782608695652165,55.84988962472406,36.96649015488554,417.73333281559997,417.73333281559997,2.9921115883766722,3.3254664147760873
CVOPRL,CVO Petrochemical Refinery PLC,173.4,0.0,-1.3090495162208213,1.4035087719298278,9.746835443037977,7.70186335403727,17.559322033898308,17.95918367346939,67.31578930636844,-20.297091691648504,44.758035118128184,1.7930485477042397,2.608005693224514
DACCADYE,Dacca Dyeing and Manufacturing Company Limited,17.1,0.0,-1.7241379310344667,-2.2857142857142776,10.322580645161299,-0.5813953488371969,-11.85567010309277,1.1834319526627388,-30.487804878048777,85.86956521739134,-39.126213655273816,4.624004340778935,3.765737948003891
DAFODILCOM,Daffodil Computers PLC.,166.7,-2.5715955581531302,0.6642512077294652,3.1559405940594027,35.52845528455284,294.0898345153665,361.7728531855956,205.8715596330275,188.4083044982699,654.2986425339366,961.7834394904459,3.432009325181402,3.4074431378011827
DBH,DBH Finance PLC,42.8,-0.6960556844547663,-1.3824884792626762,2.8846153846153744,8.9058524173028,13.227513227513228,22.285714285714278,3.6319612590799033,-41.639423704210124,-38.66756226814325,24.80307052317905,2.2355461439968503,2.9229479405154457
DBH1STMF,DBH First Mutual Fund Units,6.1,-1.6129032258064602,3.389830508474564,29.787234042553177,38.63636363636362,21.999999999999993,-6.1538461538461595,-1.6129032258064602,-38.38383838383839,5.172413793103446,-17.567567567567576,5.326668945089996,6.170781680458002
DELTALIFE,Delta Life Insurance Company Ltd.,81.8,3.2828282828282753,2.634880803011285,0.0,9.066666666666663,10.09421265141319,20.64896755162242,9.066666666666663,-40.335521517140776,-13.439153439153442,-97.57016230602885,2.843604944504458,3.4848341331501755
DELTASPINN,Delta Spinners Limited,7.9,0.0,-2.4691358024691272,16.176470588235304,21.538461538461544,41.071428571428584,58.000000000000014,36.20689655172415,-26.851851851851855,19.487499781935323,-49.57671725318256,3.0736773774748447,4.085745125949333
DESCO,Dhaka Electric Supply Co. Ltd.,25.9,0.0,1.968503937007874,0.0,16.666666666666664,11.158798283261792,26.34146341463414,-1.5209125475285252,-27.85515320334262,-49.70873786407767,-61.038681851020776,2.975321194306458,3.0210049689202982
DESHBANDHU,Deshbandhu Polymer Limited,22.7,-1.3043478260869596,-5.020920502092047,5.581395348837206,28.977272727272712,45.51282051282051,33.52941176470588,21.390374331550802,30.459770114942536,135.56603740250088,4.835982597343273,5.011969813375901,4.054015385083193
DGIC,Desh General Insurance Company Ltd,35.1,3.2352941176470633,2.631578947368417,15.081967213114758,64.01869158878506,66.35071090047393,78.17258883248732,53.94736842105263,-24.02597402597403,134.00000000000003,134.00000000000003,4.479499777236044,5.793442929726454
DHAKABANK,Dhaka Bank PLC,12.1,-0.8196721311475381,-0.8196721311475381,-2.4193548387096833,-2.4193548387096833,-5.468750000000009,7.079646017699105,-4.7244094488188955,-3.1461300324902606,31.8968442934404,-5.519652689556159,1.6598247753240307,2.005420342262438
DHAKAINS,Dhaka Insurance Limited,46.2,2.666666666666673,9.47867298578199,3.355704697986577,17.557251908396964,22.546419098143236,28.33333333333334,18.766066838046285,-41.444866920152094,220.83333333333337,-3.0705883128376392,3.853608235621003,3.874851049333549
DOMINAGE,Dominage Steel Building Systems Ltd,83.3,0.2406738868832766,6.2499999999999885,4.385964912280702,18.156028368794324,146.44970414201185,188.23529411764707,535.8778625954199,195.48986560358952,529.7479989294284,529.7479989294284,5.0045583578444806,4.657924677034721
DOREENPWR,Doreen Power Generations & Systems Ltd.,34.3,4.573170731707318,9.584664536741203,11.72638436482084,15.100671140939586,20.35087719298245,21.631205673758856,27.037037037037027,-35.29936800958386,37.44200023223369,-13.716966543156602,4.378648510081986,3.1624160376061052
DSHGARME,Desh Garments Limited.,163.4,-1.388050694025337,-1.3880506940253368,6.1038961038961075,42.08695652173914,49.22374429223745,40.37800687285223,38.24027072758037,2.0090804895029506,59.75038083598674,1501.6712162902134,4.2300989734347905,5.445153411525108
DSSL,Dragon Sweater & Spinning Ltd.,14.0,-2.097902097902103,-2.7777777777777803,25.000000000000007,48.93617021276595,75.0,64.70588235294117,27.272727272727273,-18.33333293861111,151.82130432877136,54.16224574309862,3.693153358643624,5.173336099397738
DULAMIACOT,Dulamia Cotton Spinning Mills Limited,215.4,2.1337126600284493,0.41958041958042225,5.124450951683748,68.28125,65.1840490797546,59.555555555555564,131.61290322580646,330.8,2891.6666666666665,2241.304347826087,6.057068721074828,7.289985736265799
DUTCHBANGL,Dutch-Bangla Bank PLC,49.0,-0.20366598778004363,-0.20366598778004363,11.363636363636363,21.344339926002352,26.102941491727936,33.2901557736399,10.407725597907723,-5.2587858594110655,127.31610595461821,114.38260334700594,3.46019735867504,3.784198934762223
EASTERNINS,Eastern Insurance PLC,63.3,2.4271844660194173,10.2787456445993,2.9268292682926784,17.439703153988866,13.440860215053764,26.347305389221546,36.717062634989205,-46.67228306655434,185.1351351351351,73.42465753424656,3.844247606044872,3.6402557016044725
EASTLAND,Eastland Insurance PLC,30.2,4.137931034482756,9.818181818181817,12.26765799256506,37.272727272727266,41.121495327102814,61.49732620320856,55.670103092783506,-21.354166666666664,119.94184414282657,-14.99307617620276,4.642671873430353,4.988236179158551
EASTRNLUB,Eastern Lubricants Blenders PLC,2085.7,-0.6146955112932475,-0.06229036895065558,12.74054054054053,30.356249999999992,31.7062389492296,25.568934376881387,17.720875389854807,192.17653779897537,242.4424355809956,1635.0416735610002,2.5474762513144027,2.915798804858988
EBL,Eastern Bank PLC,24.2,0.0,-0.8196721311475381,-2.0242914979757085,-5.956850513592432,-4.13076958548538,2.1557373096925576,-6.992537650411373,4.710983176174163,79.66245067765531,83.07376247659039,1.1601111073008403,1.2380279847985824
EBL1STMF,EBL First Mutual Fund Units,5.3,-3.63636363636364,8.163265306122437,32.49999999999999,43.243243243243235,70.96774193548386,70.96774193548386,15.21739130434783,-43.010752688172055,31.98223041054368,-22.70009163320742,6.2335631349782314,6.1500094685400954
EBLNRBMF,EBL NRB Mutual Fund,4.1,0.0,5.128205128205121,32.25806451612902,24.24242424242424,78.26086956521739,78.26086956521739,13.888888888888877,-48.10126582278482,-0.647352770523697,-40.322176812703475,6.916839916839917,6.3977186586544414
ECABLES,Eastern Cables Ltd.,138.4,-1.1428571428571388,-3.822098679638638,6.543494996150885,10.720000000000004,22.369584438549964,23.461195361284577,20.138888888888893,-5.140507196710075,-7.936228879341189,233.5936248208528,3.4381699318191443,4.885236011674374
EGEN,eGeneration PLC,27.3,-1.086956521739133,3.0188679245283048,2.2471910112359605,16.170212765957448,37.878787878787875,37.878787878787875,24.657534246575356,-57.476635514018696,82.0,82.0,2.4781040684321516,2.917520080299995
EHL,Eastern Housing Ltd.,96.6,1.6842105263157836,3.6480686695278877,3.8709677419354778,19.999999999999993,20.749999999999993,31.967213114754085,10.02277904328018,75.95628415300547,191.4655179700431,147.1032494705807,2.3452672815555955,3.580572759860359
EIL,Express Insurance Ltd.,33.8,3.999999999999991,8.333333333333327,5.624999999999991,27.067669172932312,16.95501730103806,19.858156028368786,-1.7441860465116321,-10.344827586206911,125.33333333333331,125.33333333333331,3.39910944177095,3.8376886444343024
EMERALDOIL,Emerald Oil Industries Ltd.,29.3,-2.657807308970102,6.545454545454548,38.20754716981133,83.125,110.79136690647482,103.47222222222221,36.27906976744187,-18.384401114206124,-16.502590766590377,-31.821153986444934,5.909552664435853,6.3347081941406875
ENVOYTEX,Envoy Textiles Ltd.,56.6,-1.9064124783362242,0.7117437722419904,-0.8756567425569176,15.040650406504062,11.637080867850095,16.701030927835053,22.7765726681128,55.06849315068494,84.18040628553021,26.317949484778897,2.3413595385057624,3.027767284695172
EPGL,Energypac Power Generation PLC,20.5,0.9852216748768439,0.9852216748768438,5.128205128205129,15.168539325842692,42.36111111111111,31.410256410256416,17.142857142857142,-60.95238095238095,-55.913978494623656,-55.913978494623656,2.2925520910299952,3.3330209821832724
ESQUIRENIT,Esquire Knit Composite PLC,26.3,-0.7547169811320728,-0.37878787878787074,2.734374999999997,14.347826086956525,34.18367346938775,27.669902912621353,12.875536480686694,-30.606860158311342,-44.39746300211416,-44.39746300211416,3.0329413474795044,3.2981328426126093
ETL,Evince Textiles Ltd.,14.4,-2.702702702702705,-0.6896551724137907,4.347826086956519,32.11009174311926,44.00000000000001,44.00000000000001,54.838709677419345,23.076923076923087,44.43579007702672,10.32281459180724,3.1593045500360466,3.6536781347344576
EXIM1STMF,EXIM Bank 1st Mutual Fund 2013- Units,6.9,1.4705882352941255,30.18867924528303,91.66666666666667,86.48648648648648,130.00000000000003,146.42857142857144,46.808510638297875,-24.99999999999999,4.659699328913671,-11.493439612831967,8.049576933974976,6.927665763386431
FAMILYTEX,Familytex (BD) Ltd.,2.9,7.407407407407398,0.0,11.538461538461531,-3.333333333333336,141.66666666666669,123.07692307692307,26.086956521739136,-46.296296296296305,-59.05960332355553,-91.14430749624256,7.578347578347569,7.805146122951499
FARCHEM,FAR Chemicals Industries Ltd,25.0,1.6260162601625958,-1.9607843137254901,28.865979381443307,56.25,85.18518518518519,72.41379310344827,4.166666666666667,45.34883720930233,47.88888906635557,10.916666799766668,6.822149690439676,7.148356835589638
FAREASTFIN,Fareast Finance & Investment Ltd.,2.4,9.09090909090908,19.999999999999996,84.6153846153846,4.347826086956526,166.66666666666666,299.99999999999994,-38.46153846153846,-67.12328767123289,-69.23076923076923,-87.25388606270101,6.210526315789481,7.288330618715401
FAREASTLIF,Fareast Islami Life Insurance Company Limited,22.6,1.345291479820631,0.8928571428571556,-3.004291845493559,8.653846153846157,6.603773584905671,8.653846153846157,-25.412541254125408,-60.69565217391305,-58.083461964477586,-71.26011552055063,2.4452251139398626,3.8454045359800375
FASFIN,FAS Finance & Investment Limited,3.0,7.1428571428571495,36.36363636363635,114.28571428571429,25.000000000000004,240.9090909090909,328.57142857142856,0.0,-63.414634146341456,-55.08333312846342,-84.11160850179694,2.083333333333337,7.882370897076777
FBFIF,First Bangladesh Fixed Income Fund Units,4.1,-2.380952380952394,7.894736842105259,28.124999999999982,36.66666666666666,70.83333333333333,57.692307692307665,13.888888888888877,-41.42857142857144,-27.954338401544142,-45.33711994036083,9.388888888888886,6.645955478910138
FEDERALINS,Federal Insurance PLC,29.5,4.240282685512365,8.058608058608057,7.2727272727272725,31.69642857142858,41.148325358851686,53.645833333333336,34.70319634703197,-24.358974358974358,321.85217308288065,52.82412246279132,3.9232975242550436,3.970888023001246
FEKDIL,Far East Knitting & Dyeing Industries PLC.,26.1,-0.38167938931296896,-5.434782608695652,29.20792079207922,85.10638297872342,85.10638297872342,83.80281690140848,50.86705202312139,43.40659340659342,66.22537788102724,9.708749285491827,3.4668227501378635,4.745833865243666
FINEFOODS,Fine Foods Limited,444.2,-3.5605731654363946,-7.168234064785791,-13.579766536964982,-18.044280442804432,-3.329706202393909,16.833245660178854,71.37345679012346,741.2878787878789,5456.623897045652,2781.9100106821543,3.9997180812530964,3.3149354267081788
FIRSTFIN,First Finance Ltd.,5.2,8.333333333333341,15.555555555555559,15.555555555555559,6.122448979591833,62.5,108.0,62.5,-29.729729729729733,-10.17419355505159,-84.73195819696713,6.165604586188457,6.112012729132301
FORTUNE,Fortune Shoes Ltd.,19.7,-0.5050505050505122,-5.288461538461545,15.882352941176467,45.92592592592592,38.732394366197184,41.72661870503596,22.360248447204953,-63.680183764494444,-24.935375740911187,-24.935375740911187,4.473894810089565,5.440581081039819
FUWANGCER,Fu-Wang Ceramic Industry Ltd.,17.0,-2.2988505747126355,1.1904761904761862,5.590062111801233,34.920634920634924,47.82608695652174,47.82608695652174,25.925925925925927,-37.95620437956204,48.86184163213714,11.613004005360017,4.288798575313514,4.205644232196452
FUWANGFOOD,Fu-Wang Foods Limited,12.8,-0.7751937984496096,0.0,3.225806451612906,28.000000000000007,33.33333333333335,14.285714285714299,-16.33986928104575,-39.047619047619044,28.096240242449046,-23.167372994208932,2.3535925196850367,3.127275216477154
GBBPOWER,GBB POWER Ltd.,11.0,10.0,32.5301204819277,35.802469135802475,34.14634146341464,32.5301204819277,71.87499999999999,48.64864864864864,-70.66666666666667,-16.304347616847824,-58.36206897860252,8.953811789599133,4.686171534675747
GEMINISEA,Gemini Sea Food PLC,123.4,-0.24252223120452476,-0.6441223832528157,2.152317880794709,7.304347826086961,7.304347826086961,-9.729334308705182,-17.623497997329775,65.09306611941192,0.2688883721502012,596.4622786548059,1.5434046398568784,3.056264567064841
GENEXIL,Genex Infosys PLC,40.6,-0.9756097560975575,2.784810126582282,14.366197183098596,52.05992509363297,51.492537313432834,50.92936802973979,64.37246963562754,-53.38909108129703,21.339926007666282,21.339926007666282,3.124756456754387,4.763032540668755
GENNEXT,Generation Next Fashions Ltd.,3.2,6.666666666666672,3.225806451612906,6.666666666666672,6.666666666666672,33.33333333333335,18.51851851851852,14.285714285714299,-56.75675675675675,-42.2089553006478,-85.63612911621952,5.448275862068968,7.105034234755089
GHAIL,Golden Harvest Agro Industries Ltd.,16.2,-2.40963855421688,3.846153846153844,2.531645569620244,28.57142857142857,51.401869158878505,51.401869158878505,23.664122137404576,-23.58490566037736,11.305786917306335,-56.08615691948564,3.512305727917914,2.948558589908787
GHCL,Global Heavy Chemicals Ltd.,24.5,-1.2096774193548416,-3.9215686274509802,23.737373737373733,31.720430107526873,33.152173913043484,23.115577889447245,24.365482233502544,-44.57013574660634,-33.604336043360426,-70.3030303030303,4.404690686264453,4.912729273833594
GLDNJMF,ICB AMCL CMSF GOLDEN JUBILEE MUTUAL FUND,10.1,0.0,18.823529411764703,50.74626865671641,65.57377049180329,62.9032258064516,65.57377049180329,32.89473684210527,-8.181818181818185,-8.181818181818185,-8.181818181818185,7.173062430378576,5.940570065858709
GLOBALINS,Global Insurance PLC,45.9,4.555808656036446,10.336538461538455,8.254716981132075,46.645367412140565,63.92857142857142,79.99999999999999,61.05263157894736,-24.754098360655743,446.6772790026222,93.78554546726208,4.272599847622045,4.923194854648941
GOLDENSON,Golden Son Limited,17.0,-1.7341040462427786,1.1904761904761862,-3.4090909090909167,13.333333333333334,77.08333333333334,68.31683168316832,42.857142857142854,-12.37113402061855,-24.444444444444443,-57.070707070707066,2.5982350893173294,3.1397101466707737
GP,Grameenphone Ltd.,258.0,-0.27058368766911045,-0.6928406466512745,-0.11614401858304738,7.053941908713693,-1.9011406844106464,-0.7692307692307693,-19.375,-29.891304347826086,-6.62323561346363,50.349650349650354,0.5108224453849813,0.8452383293937193
GPHISPAT,GPH Ispat Limited,19.3,-0.5154639175257623,0.5208333333333408,7.821229050279343,19.875776397515523,21.383647798742142,19.875776397515523,-2.030456852791871,-58.16130132982968,-2.070202282577451,3.062321352646607,2.3872817415426844,3.402145439067098
GQBALLPEN,G.Q. Ball Pen Industries Limited,568.6,-3.266417148690019,-5.860927152317877,-5.249125145809032,-13.848484848484846,16.85162351006987,27.004690641054285,153.6128456735058,321.18518518518516,776.1171032357473,319.1602551527757,4.975361747886271,4.487456245429559
GRAMEENS2,Grameen Mutual Fund One - Grameen Two Units,14.4,3.597122302158273,7.462686567164179,11.627906976744185,18.032786885245912,16.129032258064516,32.11009174311926,-2.702702702702705,-31.428571428571427,29.103448436128414,-21.358904198500163,3.533416737151726,2.800397348058368
GREENDELMF,Green Delta Mutual Fund 2010 Units,5.5,-3.5087719298245648,7.8431372549019684,48.64864864864864,66.66666666666669,83.33333333333333,83.33333333333333,30.952380952380945,-43.87755102040816,-1.7857142857142796,-23.611111111111114,6.764726345083483,7.186202262984234
GREENDELT,Green Delta Insurance PLC,71.5,4.37956204379562,8.006042296072504,1.4184397163120568,22.64150943396227,25.43859649122807,33.395522388059696,42.71457085828343,-39.148936170212764,97.28041656052979,37.15422204697029,3.403569765003434,3.254953607400323
GSPFINANCE,GSP Finance Company PLC,4.8,6.6666666666666625,14.285714285714276,19.999999999999996,17.07317073170732,71.42857142857143,200.0,-4.0000000000000036,-78.04919362473474,-49.45588384972218,-67.00081869112623,7.100988926977239,7.393916042817849
HAKKANIPUL,Hakkani Pulp & Paper Mills PLC,82.0,-1.7964071856287425,2.117061021170614,4.325699745547081,4.0609137055837605,15.007012622720902,21.12259970457902,20.765832106038282,13.10344827586207,52.13358070500928,340.8602150537634,2.857672919846728,3.2500447121106464
HAMI,Hami Industries PLC,163.8,2.375000000000007,3.8681039949270914,6.019417475728162,-12.40641711229946,32.95454545454546,52.23048327137548,68.34532374100722,-6.346483704974268,-6.346483704974268,-6.346483704974268,2.529312135558755,3.6612162399539243
HEIDELBCEM,Heidelberg Materials Bangladesh PLC,223.1,0.26966292134831205,-0.3127792672028673,-4.901960784313726,8.829268292682924,-3.042155584528466,1.918684330744627,-10.401606425702813,-30.498442367601246,-59.554024655547494,-15.492424242424244,1.5950337979304408,3.246868237532369
HFL,Hamid Fabrics PLC,15.1,-0.657894736842103,-1.9480519480519527,0.6666666666666643,12.6865671641791,147.54098360655738,132.30769230769232,71.59090909090908,-24.500000000000004,-7.926829268292677,-73.61896832237521,3.985964912280702,5.01946076061351
HRTEX,H.R. Textile Mills Ltd.,20.6,-1.4354066985645797,-2.830188679245273,-5.069124423963124,10.160427807486643,18.390804597701166,12.568306010928964,-26.95035460992907,-64.03174606771428,-11.137255009989994,-27.015337306671743,3.174853010766328,3.3944791019480345
HWAWELLTEX,Hwa Well Textiles (BD)PLC,50.6,-1.5564202334630295,6.079664570230605,8.817204301075272,21.05263157894738,24.01960784313727,13.452914798206278,10.23965141612201,11.699779249448135,67.5496688741722,26.500000000000007,3.8689782278258735,2.7656894490372617
IBNSINA,BN SINA Pharmaceutical Industry PLC,319.9,-0.8369497830130332,-0.3426791277258638,0.8194138039709946,4.20195439739413,-11.089494163424135,1.5555555555555483,0.28213166144199914,25.845790715971674,73.68929496301513,434.0501230881612,1.3283609582732063,1.9122064941157453
IBP,Indo-Bangla Pharmaceuticals Ltd.,20.1,-1.951219512195115,-0.4950495049504845,12.921348314606744,52.272727272727295,57.03125000000001,79.46428571428574,45.652173913043484,-13.012605356341005,-23.274682392198187,-23.274682392198187,3.663888298810222,4.535988237617376
ICB,Investment Corporation of Bangladesh,46.3,1.091703056768559,-1.4893617021276657,0.652173913043472,28.96935933147632,28.25484764542935,26.849315068493144,-7.028112449799197,-60.13570006073725,-39.79755506436553,-57.669528377820654,2.4829913744868337,3.015624763642164
ICB3RDNRB,ICB AMCL Third NRB Mutual Fund 2010 Units,6.9,0.0,11.290322580645164,38.00000000000001,53.33333333333334,60.46511627906978,68.29268292682929,38.00000000000001,-10.389610389610388,46.808510638297875,-2.8169014084506943,5.760187159440887,5.123765127917741
ICBAGRANI1,ICB AMCL First Agrani Bank Mutual Fund Units,9.5,0.0,13.095238095238091,31.94444444444444,41.7910447761194,50.7936507936508,48.437499999999986,31.94444444444444,0.0,10.465116279069772,10.465116279069772,5.747224846011143,5.497083132558312
ICBAMCL2ND,ICB AMCL Second Mutual Fund Units,9.3,9.41176470588236,16.250000000000007,43.07692307692309,52.459016393442646,82.35294117647062,66.0714285714286,50.00000000000001,-19.130434782608692,78.84615384615385,22.368421052631597,6.535096429674742,4.929567413634054
ICBEPMF1S1,ICB Employees Provident Mutual Fund One Scheme One Units,7.3,-2.6666666666666687,8.955223880597009,17.741935483870964,21.66666666666666,82.5,114.70588235294117,40.38461538461538,-13.095238095238102,14.062499999999991,-12.048192771084347,6.7765825723572215,5.595375813493599
ICBIBANK,ICB Islamic Bank Limited,2.7,0.0,0.0,-3.571428571428559,-3.571428571428559,17.391304347826104,12.500000000000012,-12.90322580645161,-45.99999999999999,-32.49999999999999,-64.0,4.444444444444429,4.512277845611165
ICBSONALI1,ICB AMCL Sonali Bank Ltd 1st Mutual Fund 2013- Units,7.7,2.6666666666666687,20.312499999999993,42.59259259259258,63.82978723404255,79.06976744186048,83.33333333333333,30.50847457627118,-18.085106382978726,24.193548387096772,-35.833333333333336,5.763313716942749,5.350572481081029
ICICL,Islami Commercial Insurance PLC.,36.9,6.647398843930627,17.515923566878982,19.805194805194798,61.84210526315788,62.55506607929516,64.73214285714286,62.55506607929516,152.73972602739724,152.73972602739724,152.73972602739724,4.168214524244375,4.074633536350629
IDLC,IDLC Finance PLC.,45.6,-0.8695652173913012,-3.797468354430374,9.615384615384615,22.911051212938006,20.301507838442227,33.743017094134075,12.658823797142153,-13.462786244076074,21.715823674251624,-3.554011209929964,3.0506501363664453,3.289847035062158
IFADAUTOS,IFAD Autos PLC,26.1,-1.1363636363636256,2.3529411764705936,0.0,18.099547511312217,28.571428571428577,20.276497695852544,10.126582278481022,-48.98569240239407,-43.74006458027978,48.46996943749094,3.181267078476613,3.0051761992823343
IFIC,IFIC Bank PLC,4.9,-1.9999999999999927,-1.999999999999993,-1.999999999999993,6.521739130434798,2.0833333333333446,4.255319148936174,-28.98550724637681,-62.83687076886539,-20.825735869241917,-53.88143595220322,2.448979591836726,3.029430603410184
IFIC1STMF,IFIC Bank 1st Mutual Fund Units,4.8,-2.040816326530623,4.347826086956526,33.33333333333332,29.72972972972972,84.6153846153846,91.99999999999999,26.315789473684212,-36.8421052631579,13.142857207510197,-25.629268307693124,8.260343957615001,6.526310076848076
IFILISLMF1,IFIL Islamic Mutual Fund - 1 Units,6.1,-1.6129032258064602,7.017543859649113,41.860465116279066,52.49999999999999,64.86486486486484,79.41176470588235,21.999999999999993,-17.567567567567576,-11.594202898550733,-3.1746031746031775,5.676791754576518,5.690249573560721
ILFSL,International Leasing and Financial Services Ltd.,2.5,8.695652173913052,25.0,78.57142857142858,13.636363636363628,212.5,316.6666666666667,-16.666666666666668,-70.58823529411765,-60.799999751628796,-84.79310332150278,12.1935999418837,10.325672546217513
INDEXAGRO,Index Agro Industries Ltd,74.3,0.951086956521743,1.088435374149656,0.951086956521743,1.6415868673050655,10.07407407407407,11.06128550074737,14.2240120073708,-46.15942015720436,4.02000026004999,4.02000026004999,2.383269505242179,2.8723394598701275
INTECH,Intech Ltd.,27.2,2.6415094339622613,3.030303030303033,-20.000000000000004,-22.727272727272734,-6.20689655172414,-14.195583596214512,28.90995260663506,-24.65373961218837,193.9044249283142,123.25306626103072,2.0517009495944585,3.6019346247244037
INTRACO,Intraco Refueling Station PLC,21.8,0.4608294930875642,0.46082949308756416,5.3140096618357555,23.163841807909613,10.1010101010101,6.341463414634149,-2.242152466367713,-8.03125041242236,-53.114965534000355,-53.114965534000355,2.39637181528476,3.1614355183589193
IPDC,IPDC Finance PLC,31.9,-1.2383900928792526,-3.0395136778115504,-4.776119402985079,77.22222261604936,64.19117688106616,75.36649253681027,66.64179141785475,32.61688062704882,165.24383399611713,510.26827333990957,3.570255183692387,4.769571980622784
ISLAMIBANK,Islami Bank Bangladesh PLC,30.4,-0.32786885245902103,-5.000000000000004,-3.4920634920634965,-7.317073170731704,-43.28358208955225,-7.8787878787878824,-37.1900826446281,6.2937062937062835,-6.172839506172839,-22.23255821730233,2.771061644396813,2.12798184699815
ISLAMICFIN,Islamic Finance & Investment PLC,12.3,-0.8064516129032229,-0.8064516129032229,16.037735849056617,17.14285714285715,18.26923076923077,29.473684210526322,41.3793103448276,-49.59016393442622,12.341614181981262,-32.55417988119688,2.1231507397041165,2.9864950432032202
ISLAMIINS,Islami Insurance Bangladesh Limited,63.4,2.588996763754048,7.640067911714771,-3.9393939393939412,50.95238095238095,60.50632911392405,69.06666666666666,53.510895883777245,3.9344262295081944,487.34156439298346,236.63945383411118,2.654082510019236,3.0510502663122283
ISNLTD,Information Services Network Ltd.,59.5,-0.8333333333333334,-0.335008375209385,-4.032258064516129,1.3628620102214601,-20.666666666666668,-24.10714285714286,39.67136150234741,34.92063492063492,424.4067804076299,293.7818197426261,1.751541027661562,2.9211534231392937
ITC,IT Consultants PLC,50.5,-1.3671875000000056,-5.253283302063785,1.2024048096192415,30.490956072351413,29.820051413881757,31.16883116883117,19.385342789598116,13.995485327313776,68.63760594088232,71.8945554043296,3.060900160787316,3.615919619255213
JAMUNABANK,Jamuna Bank PLC,24.1,0.0,-0.41322314049585895,0.8368200836820203,-5.859375,1.687763713080178,14.218009478672984,13.145539906103288,41.85561071269912,204.64957893920297,105.94597705286516,1.0836935826432144,1.3513979666899607
JAMUNAOIL,JAMUNA OIL PLC,183.8,0.3823047515019209,1.2114537444934015,2.6815642458100624,8.244994110718492,7.548273844353425,8.628841607565025,-5.646817248459959,5.632183908045984,-2.9054410987849972,14.48471109444093,1.0108123371908786,1.1752863482809413
JANATAINS,Janata Insurance PLC,35.6,3.188405797101453,7.228915662650597,0.0,1.7142857142857184,37.98449612403101,46.50205761316872,39.6078431372549,-6.5499996191912375,350.029039071841,-80.96030989838212,3.2941980340252783,3.4109534207171253
JHRML,JMI Hospital Requisite Manufacturing Ltd,50.1,-1.1834319526627246,1.212121212121215,-2.718446601941745,2.6639344262295173,15.704387990762136,18.720379146919427,-3.653846153846151,127.72727272727273,127.72727272727273,127.72727272727273,1.9749811722399637,2.4965782532201373
JMISMDL,JMI Syringes & Medical Devices Ltd.,142.6,0.07017543859648724,0.5641748942171952,-1.6551724137931074,11.406249999999996,20.745131244707874,20.84745762711864,-0.6963788300835655,-49.61392585657722,21.285803237089322,311.75371420510504,1.8644802374297842,3.2748423751466267
JUTESPINN,Jute Spinners Limited,226.8,-0.8741258741258741,3.4671532846715434,4.612546125461255,10.043668122270752,15.714285714285719,16.188524590163947,11.176470588235299,68.00000000000001,249.46070878274267,241.0526315789474,4.063714708396281,5.289172090938392
KARNAPHULI,Karnaphuli Insurance PLC,54.0,2.0793950850661655,15.879828326180254,35.33834586466166,77.04918032786885,75.32467532467533,89.47368421052632,68.75,27.962085308056864,478.0097117148948,97.82199514632671,4.605947903867757,6.047147176966451
KAY&QUE,Kay and Que (Bangladesh) Ltd.,416.8,-0.7382710169087797,-1.9294117647058797,-4.359798072510325,-12.252631578947366,5.119798234552336,10.439851616322215,60.07536171055421,109.66111713364626,1869.958741728593,1998.4343112376228,2.2386450145400145,2.4139632177523636
KBPPWBIL,Khan Brothers PP Woven Bag Industries Ltd,39.4,0.0,0.5102040816326422,-3.9024390243902474,-20.404040404040405,-18.25726141078839,-17.916666666666668,-67.13928273561301,160.92715231788077,91.66294817846007,17.709595376316173,2.390452474164954,3.972938862992501
KDSALTD,KDS Accessories Ltd.,50.8,-0.7812500000000111,0.5940594059405885,-4.15094339622642,8.547008547008547,22.409638554216862,23.60097323600972,22.409638554216862,-0.2990651810921581,7.757787083657774,-2.6444314024693196,2.2245498889958957,2.6425318268976925
KEYACOSMET,Keya Cosmetic Ltd.,5.6,-3.448275862068969,3.7037037037036904,5.660377358490563,19.148936170212753,30.232558139534877,24.44444444444444,14.28571428571427,-38.46153846153846,-25.23520024714253,-64.17310924849195,4.708273208273211,4.104085638399368
KOHINOOR,Kohinoor Chemical Company (Bangladesh) PLC,555.1,3.082636954503254,2.8915662650602454,9.552003157687002,9.314690823158726,6.750000000000004,11.042208441688347,18.611110991993126,95.68876287209258,332.96387670621885,1101.7028182189233,3.204205233544503,2.66094021001965
KPCL,Khulna Power Company Ltd.,10.9,0.9259259259259226,3.809523809523813,3.809523809523813,0.0,0.0,3.809523809523813,0.0,-71.01063829787235,-80.63004848498073,-74.77054104510383,3.389506063990279,2.9544631314357552
KPPL,Khulna Printing & Packaging Ltd,15.0,-0.6622516556291367,-2.5974025974025996,-3.225806451612903,-7.975460122699389,0.671140939597313,-6.25,-14.285714285714286,-11.764705882352942,72.4137931034483,-56.46437999202874,2.1289657318103083,3.4457397594077643
KTL,Kattali Textile Ltd.,11.7,-2.500000000000006,1.7391304347826024,12.49999999999999,25.80645161290321,28.571428571428566,0.8620689655172383,-4.0983606557377055,-62.738853503184714,-38.841760387195265,-38.841760387195265,4.266660759876767,4.178916664264016
LANKABAFIN,LankaBangla Finance PLC,17.8,0.0,-1.6574585635359154,4.093567251461984,27.142857142857146,35.877862595419856,44.71544715447154,-2.73224043715847,-51.761517615176146,-5.355147357587779,-37.83471290136833,3.0287358584176793,3.9758478970660938
LEGACYFOOT,Legacy Footwear Ltd.,76.2,-0.910273081924581,3.532608695652186,9.956709956709965,-0.5221932114882396,49.11937377690802,40.59040590405904,29.812606473594546,15.629742033383911,224.55555430541565,386.59927810736514,3.6496048304820397,3.4804392940523456
LHB,LafargeHolcim Bangladesh PLC,58.6,0.8605851979345954,0.0,5.585585585585588,16.966067864271455,9.328358208955224,24.416135881104033,-3.77668308702791,-8.437499999999998,-19.835841313269487,706.2835310153657,1.788523366480252,2.691522522190575
LIBRAINFU,Libra Infusions Ltd.,636.3,0.03144159723312872,-2.0926296353285156,-1.547269070091289,-0.5781250000000071,-0.9341429238673518,0.047169811320747566,-18.942675159235673,46.83846080426923,59.40709796001452,440.2547164204903,1.1969652760036769,1.773782550086546
LINDEBD,Linde Bangladesh Limited,722.1,-0.26243093922651617,-1.8885869565217361,1.1344537815126081,12.127329192546586,-12.260024301336571,-4.86166007905138,-26.331360946745566,-47.934241834306725,-49.633814605566016,40.07759456838022,0.9885524205794559,1.449246939020105
LOVELLO,Taufika Foods and Lovello Ice-cream PLC,70.0,-0.28490028490028896,-1.960784313725498,-0.8498583569405019,-14.634146341463415,-0.14265335235377222,2.6392961876832803,-20.454545255681815,119.70108731144646,439.00000070608996,439.00000070608996,2.8112046056972533,3.622692199289937
LRBDL,Lub-rref (Bangladesh) Ltd,16.2,0.0,2.531645569620244,21.80451127819548,57.281553398058236,78.02197802197803,63.636363636363626,13.286713286713276,-68.84615384615384,-60.0,-60.0,4.345060279759322,4.966997505862424
LRGLOBMF1,LR Global Bangladesh Mutual Fund One Units,5.2,1.960784313725501,10.638297872340425,48.57142857142858,67.74193548387096,73.33333333333334,85.71428571428574,30.000000000000004,-42.22222222222222,-13.33333333333333,-43.47826086956521,6.101055831745978,6.166849968386012
MAGURAPLEX,Magura Multiplex PLC,92.8,-0.21505376344086324,0.7600434310532062,0.5417118093174431,9.82248520710059,10.739856801909308,10.607866507747307,1.310043668122274,-21.083464914161887,419.2953344736063,419.2953344736063,1.5226630578091367,2.5553581468600814
MAKSONSPIN,Maksons Spinning Mills PLC,6.5,1.5624999999999944,6.557377049180334,10.169491525423723,18.181818181818183,32.65306122448979,38.29787234042553,-10.958904109589039,-68.44660194174757,-3.8732392673824667,-59.740168348430906,5.044642857142852,4.650489158582591
MALEKSPIN,Malek Spinning Mills PLC,45.3,-1.9480519480519602,2.954545454545448,12.68656716417909,61.78571428571428,53.5593220338983,56.74740484429065,55.13698630136986,42.006269592476485,171.2574850299401,81.19999999999999,4.47590617473402,5.404760905381902
MARICO,Marico Bangladesh Limited.,2721.7,-0.06609142647329472,-0.6678832116788388,-1.0110929259865495,-1.9207207207207273,-2.496954933008536,2.585654517357051,-8.360269360269367,14.35714285714285,115.15415019762844,624.820239680426,0.7167329940203535,0.6536093283606701
MATINSPINN,Matin Spinning PLC,61.4,-2.384737678855326,10.233393177737872,8.48056537102473,32.04301075268817,30.916844349680172,32.04301075268817,18.9922480620155,9.447415329768267,59.48051948051948,36.44444444444444,4.16952868103763,3.6253647334465593
MBL1STMF,MBL 1st Mutual Fund 2010- Units,8.0,3.896103896103894,12.676056338028173,100.0,110.52631578947368,116.21621621621621,135.2941176470588,63.26530612244896,-10.1123595505618,33.333333333333336,15.94202898550724,5.223297186455081,6.460746708074525
MEGCONMILK,Meghna Condensed Milk Industries Ltd.,34.5,0.0,-6.249999999999993,-16.666666666666664,-1.146131805157589,25.454545454545453,139.58333333333334,97.14285714285714,133.1081081081081,336.70886075949363,263.1578947368421,6.5888861273021915,6.335307751251134
MEGHNACEM,Meghna Cement Mills PLC,31.7,0.3164556962025249,-2.7607361963190247,-1.857585139318879,2.25806451612903,-9.42857142857143,8.191126279863477,-26.789838337182445,-55.51913602731655,-53.39901717851001,-57.08395506458593,3.4426089428920346,4.290492619853141
MEGHNAINS,Meghna Insurance PLC,39.6,2.8571428571428608,4.761904761904773,11.864406779661026,38.94736842105264,34.237288135593225,40.92526690391459,50.000000000000014,260.0,260.0,260.0,4.422082059414327,6.434117474851944
MEGHNALIFE,Meghna Life Insurance PLC,61.6,2.3255813953488347,1.986754966887422,-1.2820512820512775,10.394265232974918,14.71135940409683,21.259842519685048,3.8785834738617275,-5.201946845272383,73.55800015993371,-5.418850902957519,2.770403658554047,2.8984177010315606
MEGHNAPET,Meghna Pet Industries Ltd.,83.2,0.12033694344164685,-7.555555555555553,-0.5973715651135005,98.0952380952381,213.96226415094338,281.651376146789,218.77394636015325,426.5822784810127,1286.6666666666667,1200.0,7.146983184692152,7.185218779343652
MERCANBANK,Mercantile Bank PLC,7.4,1.3698630136986376,-2.631578947368412,1.3698630136986374,2.7777777777777803,-7.499999999999996,0.0,-30.188679245283016,-50.98701313086928,15.556790076852364,-28.47642863044449,2.7635946577486226,2.4394870525662498
MERCINS,Mercantile Islami Insurance PLC,46.6,1.9693654266958391,8.120649651972158,6.392694063926951,87.14859437751007,77.86259541984734,82.74509803921569,72.5925925925926,-17.08185053380783,331.4814814814814,68.90614938332494,4.04465100071293,4.728034416539311
METROSPIN,Metro Spinning Ltd.,9.2,-1.0752688172043163,-1.0752688172043163,-2.127659574468096,2.2222222222222143,12.195121951219512,8.23529411764705,-21.36752136752137,-58.181818086776865,21.644444284955053,-38.781893386725656,4.734426271865236,3.908947834818222
MHSML,Mozaffar Hossain Spinning Mills Ltd.,23.5,0.0,2.1739130434782608,2.1739130434782608,6.818181818181818,30.555555555555557,74.07407407407408,48.73417721518987,23.03664921465968,54.54342128611415,-5.028238412566197,2.503438797523513,2.9148482517325256
MIDASFIN,MIDAS Financing PLC,6.3,1.6129032258064457,1.6129032258064457,-1.5625000000000082,14.545454545454543,10.526315789473678,39.99999999999999,-17.105263157894733,-66.20686542319764,-56.17743924297754,-74.39189136783749,3.651551954395932,4.807770182019402
MIDLANDBNK,Midland Bank PLC,18.6,0.5405405405405482,-1.0638297872340388,13.414634146341482,19.23076923076924,0.5405405405405482,8.771929824561402,-9.268292682926822,112.86666587906001,112.86666587906001,112.86666587906001,2.711547969922884,4.121196880737642
MIRACLEIND,Miracle Industries Limited,30.5,1.6666666666666667,0.6600660066006577,3.741496598639461,17.760617760617766,-2.5559105431309925,-4.08805031446541,2.693602693602696,-15.277777777777779,30.6537367970474,230.93162473487388,3.4016783968510462,3.4323671061732672
MIRAKHTER,Mir Akhter Hossain Ltd,43.2,2.1276595744680984,2.857142857142864,4.347826086956532,3.3492822966507316,51.57894736842106,56.52173913043479,54.28571428571429,-53.79679144385027,-46.666666666666664,-46.666666666666664,2.4446878860359855,3.376449948031683
MITHUNKNIT,Mithun Knitting & Dyeing (CEPZ) Ltd.,14.4,0.0,-0.6896551724137907,-5.882352941176472,-5.882352941176472,4.347826086956519,-1.3698630136986254,-6.4935064935064934,4.347826086956519,-71.15191975278553,-72.41800792245259,3.634516891559144,5.007190585568615
MJLBD,MJL Bangladesh PLC,94.5,0.21208907741251626,0.5319148936170213,0.746268656716421,6.418918918918922,7.264472190692402,5.0,-10.0,6.779661016949152,-7.092696396945223,66.03124975913938,1.1130272854907601,1.41645653459203
MLDYEING,M.L. Dyeing & Textile Ind. PLC,17.1,-2.840909090909091,-2.2857142857142776,50.00000000000001,106.02409638554218,116.45569620253166,103.57142857142858,71.00000000000001,-46.8944099378882,147.77900104612294,147.77900104612294,7.421909700424591,7.759993423846748
MONNOAGML,Monno Agro & General Machinery Ltd.,349.6,-1.6042780748663068,-0.11428571428570779,-0.9070294784580466,-1.5211267605633738,3.462562888428543,-5.385656292286868,-1.5211267605633738,17.0177583512823,750.3946167555199,2711.2753037685297,2.09335250508585,2.256268523036606
MONNOCERA,Monno Ceramic Industries Limited.,95.5,-1.6477857878475741,2.029914529914536,-1.6477857878475741,-2.5510204081632653,19.375,16.74816625916871,8.522727272727273,-21.5927750410509,283.11173785356533,457.6404183418185,2.2292636381820468,3.0131145078546897
MONNOFABR,Monno Fabrics Ltd.,24.4,-1.2145748987854281,9.909909909909908,7.964601769911491,6.550218340611354,18.44660194174756,14.018691588785048,70.62937062937061,3.389830508474564,3.389830508474564,3.389830508474564,4.301953533589828,2.7501198649175804
MONOSPOOL,Monospool Bangladesh PLC,117.2,-1.4297729184188417,-3.3003300330033003,-2.0066889632106952,14.901960784313728,24.284199363732775,23.75923970432946,26.080448636819607,-10.418127247221618,145.05454446318848,145.05454446318848,1.9135367796219411,2.711619784827529
MPETROLEUM,Meghna Petroleum PLC,215.1,0.18630647414997936,-0.3243744207599708,0.2797202797202771,7.121513944223098,7.765531062124249,11.624286455630516,0.0,9.633027522935782,19.2350332594235,50.707006218719734,0.8816530168699244,1.097896667701539
MTB,Mutual Trust Bank PLC,13.4,0.0,-2.1897810218978027,1.5151515151515234,32.354016596431165,22.69313950002574,36.65821227236985,21.80405874830091,6.031876002057605,134.03700768867986,175.8806499461527,2.4062175641123003,2.7152990751600456
NAHEEACP,Nahee Aluminum Composite Panel PLC,36.5,1.3888888888888888,-4.199475065616801,0.0,59.38864628820962,109.77011494252876,97.29729729729729,71.36150234741784,-25.510204081632654,-42.08756143816567,-42.08756143816567,3.2153734689058684,4.382350156545563
NATLIFEINS,National Life Insurance PLC,104.9,3.2480314960630037,3.3497536945812865,0.8653846153846209,3.1465093411996095,0.8653846153846209,11.833688699360351,-0.09523809523808982,-55.64482029598309,-15.063112417878862,-22.777380198497966,1.9435217909286437,2.8912487180605675
NAVANACNG,Navana CNG Limited,23.3,0.8658008658008627,2.643171806167407,4.017857142857153,14.778325123152708,12.560386473429958,9.389671361502348,3.555555555555559,-33.6220926898226,-44.155977981042454,-60.47961502949432,2.3630884989933882,2.3319690695816613
NAVANAPHAR,Navana Pharmaceuticals PLC,70.7,0.2836879432624154,0.0,-1.3947001394700138,20.648464163822528,18.227424749163887,34.92366412213742,22.530329289428074,167.8030303030303,167.8030303030303,167.8030303030303,2.042968395802136,2.6496525472264394
NBL,National Bank PLC,3.7,0.0,-2.631578947368412,-5.128205128205121,0.0,12.121212121212132,15.625,-2.631578947368412,-50.82278471986461,-33.72787612388813,-65.3231113663255,3.2005689900426715,3.7743621954148256
NCCBANK,National Credit and Commerce Bank PLC,15.4,-0.6451612903225784,-3.144654088050314,-2.531645569620255,-5.230725724382398,24.155095751691093,31.27874885255554,22.2595981457525,13.568052603565633,128.81904116997325,39.79715674024807,2.0898056192173797,2.7103156804177666
NCCBLMF1,NCCBL Mutual Fund-1 2012- Dividend Units,7.4,-2.631578947368412,7.246376811594202,68.18181818181817,76.19047619047619,85.00000000000001,85.00000000000001,32.14285714285715,-16.85393258426966,19.35483870967742,-38.33333333333333,8.237804723808297,7.835520936880897
NEWLINE,New Line Clothings Ltd.,7.1,-1.3888888888888962,14.516129032258055,31.48148148148147,29.090909090909086,73.17073170731707,77.49999999999999,0.0,-76.41196013289036,-71.54923496992797,-71.54923496992797,7.7220795508838975,6.739966253789355
NFML,National Feed Mill Ltd,20.8,-2.3474178403755865,1.463414634146345,-5.4545454545454515,38.66666666666667,38.66666666666667,47.51773049645391,90.82568807339449,-38.21176471206118,48.47584268736912,-25.431397550231328,4.120526926670503,4.97225336449335
NHFIL,National Housing Finance PLC,29.8,-1.9736842105263088,-2.9315960912052073,-4.792332268370607,27.896995708154506,20.647773279352233,32.44444444444445,12.878787878787888,-27.1555556284,10.607361759279073,-2.4203607867666896,2.6397369832068467,3.0993772910825617
NITOLINS,Nitol Insurance PLC,38.9,4.289544235924938,13.411078717201171,4.010695187165775,25.889967637540455,38.434163701067604,38.434163701067604,41.97080291970803,-28.965217220203176,131.79087846965476,63.301421429935964,6.577808694095555,5.658119066432355
NORTHERN,Northern Jute Manufacturing Co. Ltd.,112.9,-0.08849557522123391,-5.602006688963201,3.483043079743365,0.9838998211091311,25.723830734966604,32.35638921453694,0.6238859180035676,-62.64063534083389,-58.8206685282918,652.6666716844444,4.807850164277574,6.177444481326122
NORTHRNINS,Northern Islami Insurance PLC,39.4,3.4120734908136408,3.95778364116095,-2.716049382716053,36.986755309354294,31.751592686066868,48.81295001232014,31.751592686066868,-33.0582522598301,199.3881583536674,28.884193573020504,4.135398074096688,4.75894248833394
NPOLYMER,National Polymer Industries PLC,37.5,1.3513513513513513,2.459016393442619,9.329446064139951,27.55102040816327,35.8695652173913,40.977443609022544,19.047619047619047,-35.8974358974359,-4.7706150763124535,159.8379417087807,3.047856103616708,3.6350407252808026
NRBBANK,NRB Bank PLC,6.8,0.0,4.615384615384612,11.475409836065577,15.254237288135583,-1.4492753623188481,11.475409836065577,-31.31313131313132,-24.444444444444446,-24.444444444444446,-24.444444444444446,5.166475315729047,3.779974058866581
NRBCBANK,NRBC Bank PLC,8.7,0.0,7.407407407407403,20.83333333333332,19.178082191780813,49.99999999999999,70.58823529411764,15.999999999999991,-66.18213677407697,-31.586462539637953,-31.586462539637953,3.13572737170837,3.0969443891647352
NTC,National Tea Company Limited,168.3,-1.9230769230769131,-3.828571428571422,5.187500000000007,5.517241379310352,7.539936102236429,-3.1645569620253164,-2.151162790697668,-67.0,-69.73021582733813,-78.14285714285715,3.3577300447369365,4.882330355054182
NTLTUBES,National Tubes Limited,69.3,-0.4310344827586166,-1.000000000000004,1.6129032258064433,10.526315789473674,17.457627118644066,10.879999999999997,-15.795868772782503,-32.19178082191781,-6.053583703401316,194.09313043596748,1.9573992477997206,3.3887138855971766
NURANI,Nurani Dyeing & Sweater Ltd.,3.1,6.896551724137938,3.333333333333336,3.333333333333336,3.333333333333336,47.61904761904762,55.00000000000001,0.0,-69.3069306930693,-81.68011603809774,-81.68011603809774,5.543513957307068,5.090780745132138
OAL,Olympic Accessories Ltd,7.2,1.4084507042253596,7.462686567164179,2.85714285714286,24.137931034482765,30.909090909090914,26.31578947368421,-3.999999999999998,-57.39644970414201,-58.65491521140659,-70.17011198372386,3.817141700126906,3.788633278720309
OIMEX,Oimex Electrode Ltd.,16.6,0.0,0.0,4.402515723270447,22.962962962962973,32.80000000000001,8.496732026143794,-32.79352226720647,-39.19413919413919,-66.70846758829832,-66.70846758829832,2.3171094454948995,3.148872799223513
OLYMPIC,Olympic Industries PLC.,153.4,0.06523157208088344,-0.9683666881859264,-0.3896103896103859,7.272727272727276,3.6486486486486527,11.482558139534893,-11.329479768786124,-13.577464788732392,-51.64515148599929,107.6090239019472,1.5523627919803782,1.7693897970847368
ONEBANKPLC,One Bank PLC,8.0,0.0,1.265822784810122,0.0,23.076923076923077,6.666666666666667,14.285714285714286,-11.11111111111111,-12.842104870488646,-12.842104870488646,-12.842104870488646,2.265822784810118,2.456758970886457
ORIONINFU,Orion Infusion Ltd.,267.2,-1.1102886750555145,-5.7163020465772725,-13.246753246753249,-15.174603174603178,-26.673984632272226,-21.43487209644223,-25.154061624649867,268.04407713498625,273.1843575418995,480.8695652173913,3.8459318714052886,3.4687703942308934
ORIONPHARM,Orion Pharma Ltd.,28.7,0.0,-0.34722222222222715,1.0563380281690167,7.089552238805965,7.490636704119851,5.514705882352941,-10.869565217391314,-54.87421383647799,-24.274406332453825,-57.999999832,2.6595509753404434,2.7506805532405068
PADMALIFE,Padma Islami Life Insurance Ltd.,18.5,4.51977401129944,3.932584269662917,-1.5957446808510676,6.321839080459779,9.467455621301784,10.77844311377246,-7.960199004975131,-46.83908045977011,-5.53191453986419,-62.24251970026128,2.717000513610682,4.349317486595883
PADMAOIL,Padma Oil PLC,200.4,0.0,-1.0370370370370343,2.6113671274961567,15.040183696900126,16.9877408056042,18.230088495575224,-2.2439024390243874,-6.0037523452157515,5.529225908372828,17.882352823294127,0.8085982089090916,1.4314240790856134
PARAMOUNT,Paramount Insurance PLC.,63.9,3.064516129032256,0.15673981191222794,-2.143950995405817,23.837209302325576,18.7732342007435,46.89655172413793,53.975903614457835,-33.15899581589958,886.0506576843696,385.5726192241498,3.8847625313977483,4.952033122055195
PDL,Pacific Denims Ltd.,5.8,1.7543859649122744,3.5714285714285747,0.0,5.4545454545454515,48.71794871794872,26.086956521739136,-15.942028985507253,-62.92405064135907,-70.55888181252438,-70.55888181252438,4.1988592170080405,4.766814655043684
PENINSULA,The Peninsula Chittagong PLC,25.1,0.40000000000000563,-0.7905138339920921,4.583333333333339,24.25742574257427,16.744186046511633,37.15846994535519,132.4074074074074,6.808510638297879,64.05228758169935,-30.644736668717098,2.0997842588259594,3.175465624936421
PEOPLESINS,Peoples Insurance PLC,64.6,4.870129870129858,7.846410684474116,0.9374999999999911,24.951644100580253,71.35278514588856,77.96143250688705,84.57142857142856,9.677419354838703,351.74825174825173,144.6969696969697,4.485638785859065,4.332878977950609
PF1STMF,Phoenix Finance 1st Mutual Fund Units,14.2,1.4285714285714235,9.230769230769225,59.55056179775279,100.0,178.4313725490196,183.99999999999997,158.18181818181816,29.090909090909086,202.12765957446808,79.74683544303795,6.146378639841746,5.073884017307012
PHARMAID,Pharma Aids Limited.,607.9,-0.5073649754500855,-1.856635453664837,3.033898305084742,9.099066762383332,4.991364421416231,23.306288032454358,1.9795336352960835,38.1590909090909,141.90210903302824,333.9043540328336,2.3385002881011507,3.1638993932071804
PHENIXINS,Phoenix Insurance PLC,50.9,3.4552845528455194,14.125560538116586,12.114537444933921,34.300791556728235,59.561128526645774,89.92537313432835,84.42028985507244,-16.96574225122349,162.37113402061857,13.616071428571432,3.904936681516811,4.083183635364942
PHOENIXFIN,Phoenix Finance and Investments Ltd.,4.3,0.0,4.878048780487809,10.256410256410255,13.157894736842106,19.444444444444436,79.16666666666667,19.444444444444436,-85.66666666666667,-67.5651713859927,-84.23972080165468,8.869256948383445,6.929487774684468
PHPMF1,PHP First Mutual Fund Units 2010-,4.2,-2.3255813953488293,5.000000000000004,35.483870967741936,31.25,68.00000000000001,75.00000000000001,20.000000000000004,-44.0,4.195744308406698,-24.793000523236575,7.216302952503218,6.981789244011706
PIONEERINS,Pioneer Insurance PLC,70.2,3.5398230088495657,3.692762186115214,-4.878048780487798,16.805324459234612,37.262570162139134,53.24324360962523,63.8000004095,-31.78281222666389,218.53250091219746,75.19287537054389,3.424736572853816,3.2109132947119576
PLFSL,Peoples Leasing and Financial Services Ltd.,2.5,8.695652173913052,25.0,66.66666666666667,8.695652173913052,208.64197530864197,371.6981132075471,13.636363636363628,-16.666666666666668,-69.13580246913581,-91.4860681190992,11.422305764411036,7.649710356477275
POPULAR1MF,Popular Life First Mutual Fund Units 2010-,4.2,-2.3255813953488293,5.000000000000004,31.25,40.00000000000001,75.00000000000001,75.00000000000001,16.666666666666668,-42.46575342465753,10.963552776713506,-19.984637812511068,7.386392811296538,6.87196174213881
POPULARLIF,Popular Life Insurance Co. Ltd.,60.8,3.7542662116040884,2.3569023569023546,-3.3386327503974584,9.549549549549546,33.920704845814974,43.05882352941176,25.360824742268036,-36.26834381551363,-9.253731343283585,-45.43589710851282,2.889689203195144,3.2905272045294796
POWERGRID,Power Grid Co. of Bangladesh Ltd.,41.0,0.24449877750611593,3.0150753768844294,4.59183673469387,26.543209876543216,29.74683544303797,52.41635687732343,21.301775147929003,-17.83567134268537,-30.743243243243246,-24.493554327808468,2.2747057632136354,3.060486078614497
PRAGATIINS,Pragati Insurance PLC,80.7,3.4615384615384652,4.805194805194809,-6.162790697674416,10.386453770307254,10.240052636485952,15.606397348599518,62.34570251778903,5.739147373281382,423.8988826207377,102.90346118298275,4.254249804981328,3.6065023896287083
PRAGATILIF,Pragati Life Insurance PLC,164.9,0.6101281269066503,0.0,-7.877095064704594,-6.979487272507684,-24.199749343455327,22.7266575209134,69.20708938650424,99.45373347794563,260.2205629239786,149.00246475550298,2.5354533352074364,3.0168996404662547
PREMIERBAN,The Premier Bank PLC,5.8,1.7543859649122744,5.4545454545454515,28.888888888888882,44.99999999999999,34.883720930232556,44.99999999999999,-28.39506172839506,-51.700704387767004,52.00497643326638,-20.681903474258167,3.603896103896106,5.612381893696911
PREMIERCEM,Premier Cement Mills PLC,49.2,-0.8064516129032229,-1.0060362173038229,3.3613445378151288,25.190839694656503,27.131782945736433,25.51020408163265,1.8633540372670927,-31.28491620111731,-50.303030303030305,-53.142857142857146,2.328170400696044,3.983463707524004
PREMIERLEA,Premier Leasing & Finance Limited,3.1,3.333333333333336,10.714285714285726,14.814814814814811,34.782608695652186,269.0476190476191,474.074074074074,3.333333333333336,-71.55963302752295,-57.66214141651916,-77.13021448935164,9.224229155263636,8.920840869016775
PRIME1ICBA,Prime Bank 1st ICB AMCL Mutual Fund Units,7.1,-1.3888888888888962,7.575757575757576,39.21568627450981,57.777777777777764,61.363636363636346,65.11627906976744,36.538461538461526,-15.476190476190482,36.538461538461526,-1.3888888888888962,5.181809359119137,5.570900246211533
PRIMEBANK,Prime Bank PLC,30.1,-0.33112582781456246,-1.3114754098360608,0.3333333333333381,3.4364261168384878,-2.4537034598379583,9.7395836076823,10.894737098914137,45.26961859020038,134.43840400266396,5.940813802698497,1.4607289071930465,1.5643214560889385
PRIMEFIN,Prime Finance and Investment Ltd.,3.9,2.631578947368424,5.405405405405397,8.333333333333329,11.428571428571427,105.26315789473685,254.54545454545453,-7.1428571428571495,-71.11111111111111,-46.57534246575342,-85.64417172277466,6.611490611490608,6.994061732540987
PRIMEINSUR,Prime Islami Insurance PLC,62.9,9.201388888888884,34.978540772532185,32.980972515856244,92.35474006116206,85.0,110.36789297658864,74.72222222222223,2.9459901800327284,369.4029850746269,76.1200004156432,7.678477818998019,5.536497506709183
PRIMELIFE,Prime Life Insurance Company Limited,43.9,5.783132530120478,9.749999999999996,0.4576659038901504,11.989795918367335,19.29347826086957,33.030303030303024,15.526315789473681,-30.31746031746032,-30.788288115259007,-51.70999992611631,3.7653192913292144,3.684589262610866
PRIMETEX,Prime Textile Spining Mills Ltd.,17.4,-0.5714285714285796,0.0,-5.945945945945954,-7.446808510638309,43.801652892561975,26.08695652173911,19.999999999999993,-25.321888412017177,-6.951871657754014,-13.861386138613865,4.171351756188426,4.2849043743883675
PROGRESLIF,Progressive Life Insurance Co. Ltd.,40.9,2.5062656641604013,6.788511749347262,-2.6190476190476226,2.5062656641604013,-11.086956521739133,-10.307017543859654,-20.582524271844665,-63.21942446043166,2.7344470847417743,-45.33124055975618,4.503593571991338,4.442508299706561
PROVATIINS,Provati Insurance PLC,60.1,2.2108843537415037,3.7996545768566543,-11.356932153392323,71.22507122507122,84.92307692307692,109.40766550522649,76.76470588235294,-59.514518211756496,671.980204444301,221.77877301162215,4.345484376607818,5.246668790271674
PTL,Paramount Textile PLC,63.2,-1.095461658841934,0.317460317460322,-5.247376311844078,6.5767284991568395,24.901185770750992,22.007722007722016,26.400000000000006,28.96819807547562,500.2776555801694,147.3644165856985,2.1624838587820294,2.492094293336155
PUBALIBANK,Pubali Bank PLC,39.0,0.0,2.6315789473684212,7.734806629834246,16.191737542442304,10.468006629670013,45.145665679800565,41.482683570493364,131.6869168735109,265.5675641948711,123.71390524134281,2.815593520422863,2.3654131320953775
PURABIGEN,Purabi General Insurance Co. Ltd.,32.0,2.2364217252396146,3.896103896103894,-3.6144578313253093,15.523465703971121,51.65876777251184,64.94845360824743,72.04301075268816,-23.348837492911628,346.294419734153,8.09580275216231,3.492596337429428,4.105759439922627
QUASEMIND,Quasem Industries Limited.,46.1,-0.43196544276456966,0.2173913043478292,0.0,13.54679802955665,16.708860759493675,21.89903832674625,21.606714497067102,9.962544462692925,19.449080454277524,190.10409539693464,2.1823385164769453,3.59674330594149
QUEENSOUTH,Queen South Textile Mills Ltd.,19.9,3.64583333333333,13.0681818181818,22.085889570552133,61.78861788617884,82.56880733944952,67.2268907563025,47.4074074074074,-30.611842364099246,-18.048100595803326,-18.048100595803326,8.234239081696714,5.4669920414182975
RAHIMAFOOD,Rahima Food Corporation Ltd.,84.6,0.4750593824227927,-5.474860335195537,-11.134453781512613,-13.052415210688595,-38.203067932797666,-47.12500000000001,-43.068640646029614,-73.87276096355775,53.539019963702344,391.86046511627904,2.9896068653260945,4.856588566645123
RAHIMTEXT,Rahim Textile Mills Ltd.,208.9,-0.33396946564884955,-2.656104380242306,-3.376503237742823,7.958656330749356,-13.713341594382483,-2.0628223159868755,30.88972431077695,-32.21933809214795,43.954046832880984,417.94666358270956,2.8676238573738577,4.238844147204537
RAKCERAMIC,RAK Ceramics (Baneladesh) Limited,30.9,-0.3225806451612949,-2.8301886792452895,2.999999999999995,32.61802575107295,29.288702928870293,39.189189189189186,32.05128205128205,-28.965517241379317,-32.77662667274871,-23.0226471061646,2.004826654941781,2.974842395564618
RANFOUNDRY,Rangpur Foundry Limited,161.4,-0.5545286506469536,-1.1635027556644246,-0.9815950920245364,7.600000000000003,4.941482444733416,12.946116165150455,0.8750000000000036,15.45064377682403,53.42205323193916,160.32258064516128,1.5361610501605245,3.8391281794496623
RDFOOD,Rangpur Dairy and Food Products Limited,27.9,0.0,0.722021660649817,-1.7605633802816902,36.09756097560975,36.76470588235294,39.49999999999999,17.22689075630251,-34.688636605288416,205.94428930163056,72.44243952027374,2.447341765576705,3.4918071736866736
RECKITTBEN,Reckitt Benckiser (Bangladesh) PLC,3307.8,0.14532243415077753,0.08472012102874983,-0.7262905162064771,-0.9640718562874196,-4.674351585014404,-3.2807017543859596,-5.190747800166239,-26.19812583668005,115.18345042935206,347.6048714479026,0.7327988263270393,0.7408543328047539
REGENTTEX,Regent Textile Mills Ltd.,7.3,0.0,5.797101449275353,23.728813559322024,78.04878048780489,108.57142857142857,82.5,82.5,-37.06896551724138,-33.91274360664617,-71.54943603861793,6.763033365303327,6.067521853190129
RELIANCE1,Reliance Insurance Mutual Fund Reliance One Units,12.4,0.0,0.8130081300812979,12.72727272727273,8.771929824561402,-15.068493150684928,-21.01910828025477,-27.05882352941176,-8.148148148148145,53.08641975308643,36.26373626373627,4.067924489511984,3.668291516256512
RELIANCINS,Reliance Insurance PLC,114.9,0.70113935144611,-0.17376194613378684,0.2617801047120518,23.5483870967742,56.967213114754095,75.6880733944954,84.43017656500804,7.082945013979505,264.1235703654173,137.9440422539299,3.9491236614367833,4.870419384108568
RENATA,Renata PLC,473.2,0.5738575982996788,-0.6717044500419792,3.771929824561401,13.613445378151258,2.6464208242950082,20.71428571428571,-7.937743190661481,-59.599854997899804,-28.739462113750534,52.332506388446085,1.3479599765553978,1.2856451067682781
RENWICKJA,Renwick Janeswar and Co. (BD) Limited,894.1,-2.7306353350739796,-4.2411909606940155,49.29036567039574,66.31324404761905,82.6930935839804,82.91734860883797,28.832853025936604,-6.367158864802592,22.479452054794525,1038.9808917197452,6.944084568662147,7.544817355194661
REPUBLIC,Republic Insurance PLC,38.5,5.191256830601089,7.5418994413407905,2.6666666666666665,22.22222222222222,13.905325443786992,40.5109489051095,27.906976744186043,-27.9350590569505,443.18582768523885,87.71820196190515,4.505011400041531,4.971752317844739
RINGSHINE,Ring Shine Textiles Ltd.,4.8,-4.0000000000000036,6.6666666666666625,29.72972972972972,37.14285714285713,84.6153846153846,49.999999999999986,54.838709677419345,-53.84615384615385,-67.68000000323201,-67.68000000323201,8.04577362860037,6.030401598101007
ROBI,Robi Axiata PLc,31.7,-0.3144654088050359,-2.7607361963190247,-1.5527950310559115,6.020066889632109,5.3156146179401915,12.014134275618371,10.839160839160831,-26.450116009280748,111.33333333333333,111.33333333333333,1.698758167398617,1.7479520122792733
RSRMSTEEL,Ratanpur Steel Re-Rolling Mills Ltd,8.2,3.797468354430366,6.493506493506482,1.2345679012345636,6.493506493506482,10.810810810810795,22.388059701492523,-21.153846153846164,-71.52777777777777,-75.05106371810093,-81.90845698916586,3.3504958288435978,3.6456789172465505
RUNNERAUTO,Runner Automobiles PLC,45.5,-0.8714596949891037,5.568445475638048,6.308411214953278,13.466334164588526,37.04819277108433,22.972972972972972,60.7773851590106,-30.321592649310873,-50.899280455437086,-50.899280455437086,4.2255200940082425,2.9075362436815135
RUPALIBANK,Rupali Bank PLC,17.4,-1.1363636363636525,-2.2471910112359668,2.35294117647058,6.097560975609756,-12.121212121212132,0.5780346820809125,-28.099173553719012,-40.84000004851121,18.294652460661844,-41.97092822810627,2.5453921782219515,3.1379318333701676
RUPALIINS,Rupali Insurance Company Ltd.,30.4,3.7542662116040884,3.0508474576271136,7.042253521126761,34.11764739411764,35.82978754327206,49.15887887757009,43.13901377706369,-26.620689480580257,188.8879122027822,-3.002600139740708,3.6893305171689197,4.485613078011186
RUPALILIFE,Rupali Life Insurance Co. Ltd.,93.2,1.7467248908297035,4.719101123595509,-2.3060796645702335,6.6361556064073195,5.909090909090912,18.575063613231563,8.878504672897208,30.046511204499744,230.63570722563594,-7.40544267078367,2.2456677632540263,3.188626099950236
SAFKOSPINN,Safko Spinning Mills Limited,21.0,-0.47393364928910625,0.0,0.4784688995215379,1.4492753623188441,55.55555555555556,52.17391304347825,54.411764705882355,-21.15241636772253,94.1893328832974,6.349647321628351,2.7724074171442643,4.0545083806931626
SAIFPOWER,SAIF Powertec Ltd.,9.8,-1.0101010101010066,3.157894736842113,-7.547169811320744,58.06451612903226,104.1666666666667,96.00000000000001,38.028169014084526,-65.25752521932846,-27.317769165861318,-28.70489939138406,3.280033662949715,5.110512171063114
SAIHAMCOT,Saiham Cotton Mills Ltd.,22.0,-2.2222222222222223,1.8518518518518452,10.552763819095485,2.8037383177570163,20.218579234972673,12.244897959183666,49.659863945578245,17.021276595744677,71.87499999999999,-14.788732466375722,5.272292173569005,4.609727212204539
SAIHAMTEX,Saiham Textile Mills Ltd.,25.8,-0.3861003861003779,32.989690721649495,37.96791443850268,37.234042553191486,21.12676056338028,49.13294797687861,74.32432432432432,7.94979079497909,96.30434831684784,10.083038832012544,7.25082334428043,4.4243666351575905
SALAMCRST,S. Alam Cold Rolled Steels Limited,13.0,-0.7633587786259515,-6.474820143884894,-14.473684210526313,-17.721518987341774,11.111111111111116,-12.751677852348996,-34.01015228426395,-64.57765667574932,-49.01960784313726,-72.6890756302521,4.135411714849083,3.8669745215164237
SALVO,Salvo Organic Industries PLC,37.6,-0.5291005291005179,-2.337662337662334,-2.337662337662334,12.912912912912928,30.555555555555557,24.092409240924095,39.77695167286247,-16.997792494481228,276.85454745786996,119.63013901405536,1.9148988844366692,2.4864773291735034
SAMATALETH,Samata Leather Complex (Pvt.) Ltd.,101.8,-2.4904214559387055,-0.9727626459143969,-1.06899902818271,-10.701754385964914,13.870246085011175,21.190476190476186,39.45205479452054,16.34285714285714,283.1586703029222,592.2399977848321,4.31352151013123,4.988394677015033
SAMORITA,Samorita Hospital Ltd.,94.6,-0.7345225603357848,-4.828973843058361,4.878048780487795,35.91954022988506,35.14285714285714,30.12379642365886,42.25563909774436,47.14084020612373,80.6789023008835,140.98048570849815,2.306781260124812,3.6263898985925134
SANDHANINS,Shandhani Life Insurance Co.Ltd,28.8,2.85714285714286,4.727272727272729,11.627906976744185,29.729729729729737,37.142857142857146,49.22279792746114,30.909090909090914,-30.935251798561154,44.80447043056085,-32.358502039833176,2.5882472970706085,3.430772508539946
SAPORTL,Summit Alliance Port Limited,59.6,2.758620689655175,7.387387387387389,18.01980198019802,18.01980198019802,35.147392290249435,41.56769596199525,150.42016806722685,87.42138364779873,61.697391036633185,182.80305104842714,3.6548502039064767,3.790375187773049
SBACBANK,SBAC Bank PLC.,7.1,-1.3888888888888962,0.0,9.230769230769225,24.561403508771917,7.575757575757576,14.516129032258055,-21.978021978021978,-32.201454440181905,-32.201454440181905,-32.201454440181905,6.332611050920907,4.332345112563163
SEAPEARL,Sea Pearl Beach Resort & Spa Ltd.,39.7,0.7614213197969651,-0.5012531328320695,8.174386920980925,10.584958217270207,22.910216718266273,20.30303030303031,-24.091778202676856,-6.367924528301876,65.41666708020836,65.41666708020836,2.4381531669054217,4.5031630632460775
SEMLFBSLGF,SEML FBLSL Growth Fund Units,8.1,-2.40963855421688,7.999999999999996,34.99999999999999,52.83018867924528,58.82352941176471,65.30612244897958,39.6551724137931,-40.44117647058824,32.786885245901644,32.786885245901644,5.804921093645279,4.708582546217248
SEMLIBBLSF,SEML IBBL Shariah Fund Units,8.4,-1.17647058823529,3.7037037037037126,16.666666666666668,37.7049180327869,42.3728813559322,44.82758620689656,18.309859154929587,-36.8421052631579,-38.686131386861305,-38.686131386861305,2.5831181870338438,3.250056798851332
SHAHJABANK,Shahjalal Islami Bank PLC,17.4,-0.5714285714285796,-0.5714285714285795,-0.5714285714285795,10.126582278480997,-1.6949152542372923,6.097560975609756,-8.421052631578954,-12.147059166328152,144.37342890180778,6.956398485912178,1.49823931964654,1.5407146257466475
SHARPIND,Sharp Industries PLC,41.6,5.316455696202535,13.043478260869579,83.25991189427315,170.12987012987014,235.48387096774198,222.4806201550388,129.8342541436464,155.21472392638037,155.21472392638037,155.21472392638037,6.49607013759856,7.77353002952292
SHASHADNIM,Shasha Denims PLC,29.2,-2.013422818791951,1.388888888888884,14.960629921259846,51.29533678756476,63.12849162011174,83.64779874213836,52.87958115183245,6.9597069597069545,-2.109113623921366,-12.52021755138583,3.53205577290943,2.912099402963811
SHEPHERD,Shepherd Industries PLC,17.4,-1.6949152542372923,1.754385964912264,3.5714285714285587,6.7484662576686985,41.46341463414632,29.850746268656703,-1.6949152542372923,-2.0054948864346875,-52.04366695986103,-52.04366695986103,5.117771632129881,3.885535726261498
SHURWID,Shurwid Industries Ltd,6.6,-1.4925373134328437,8.196721311475411,0.0,8.196721311475411,31.999999999999993,43.47826086956522,-7.042253521126761,-71.05263157894737,-24.375000110286464,-78.02894745494652,6.073184057848257,4.771665477390852
SHYAMPSUG,Shyampur Sugar Mills Ltd.,317.3,-1.4902204284383764,2.354838709677423,18.13104988830975,108.75,102.35969387755101,108.75,133.48050036791759,399.68503937007875,2980.5825242718442,3866.25,5.266659985637269,8.262401730147854
SICL,"Sikder Insurance Co., Ltd.",37.1,3.05555555555556,-2.368421052631575,-7.249999999999997,24.080267558528437,81.86274509803923,100.54054054054055,73.36448598130843,37.40740740740741,37.40740740740741,37.40740740740741,4.733480155347166,4.393857691070049
SILCOPHL,Silco Pharmaceuticals Ltd.,21.2,-1.8518518518518614,-2.3041474654377883,-0.46948356807512404,43.243243243243235,48.25174825174824,54.74452554744526,41.33333333333333,-40.28169014084507,-12.985074721023615,-12.985074721023615,2.4546897513589916,3.5762901681386277
SILVAPHL,Silva Pharmaceuticals Ltd.,17.1,-1.7241379310344664,-0.5813953488371969,5.555555555555569,55.45454545454547,74.48979591836735,78.12500000000003,59.81308411214956,-29.918032786885238,-52.74999988187499,-52.74999988187499,3.886950641665152,4.704996523546738
SIMTEX,Simtex Industries PLC,27.9,-0.711743772242003,1.4545454545454495,2.19780219780219,14.344262295081968,20.779220779220765,23.999999999999996,62.2093023255814,42.34693877551019,72.59971836910138,3.55983103427403,2.7336627000873044,3.4403415551898524
SINGERBD,Singer Bangladesh Limited,77.3,-0.7702182284980853,-2.398989898989906,-5.501222493887531,-5.961070559610713,-8.5207100591716,-9.058823529411768,-29.341864716636206,-58.21621621621622,-40.22010714028639,-23.825045559486387,1.669280013759862,3.026186131070333
SINOBANGLA,Sinobangla Industries Ltd.,57.7,-0.6884681583476739,0.8741258741258741,-1.1986301369862942,7.8504672897196315,18.72427983539095,25.982532751091714,34.186046511627914,38.341074451110266,132.85982097223624,217.2267285958922,1.5203680463064249,2.242338146752315
SIPLC,Sena Insurance PLC,130.1,2.927215189873409,11.386986301369861,17.418772563176894,88.55072463768114,132.32142857142856,144.09005628517824,166.5983606557377,172.17573221757323,172.17573221757323,172.17573221757323,7.968064218484752,5.787450979972894
SKTRIMS,SK Trims & Industries Ltd.,14.7,-2.000000000000005,-1.342281879194638,3.5211267605633805,56.38297872340424,101.36986301369863,79.26829268292684,39.99999999999999,-65.81395348837209,-60.47333341344071,-60.47333341344071,4.418307319348004,5.166132671886158
SONALIANSH,Sonali Aansh Industries Limited.,222.2,1.2762078395624352,2.3963133640552945,9.458128078817728,27.99539170506912,20.760869565217387,15.488565488565479,17.87798408488063,283.1034482758621,1021.5141955835962,1545.9259259259259,2.865666925800105,3.4019462290581894
SONALILIFE,Sonali Life Insurance PLC,92.0,4.7835990888382725,9.263657957244652,8.108108108108116,27.77777777777778,40.88820826952528,51.06732348111659,63.41030195381884,31.805157593123216,736.3636363636364,736.3636363636364,3.821950710379957,3.4043258393756632
SONALIPAPR,Sonali Paper & Board Mills Ltd.,237.6,-0.2518891687657407,-2.181967888019766,1.1063829787234019,6.5470852017937196,0.5501481168006699,0.46511627906976505,43.99999999999999,11.721060957904319,57.425815584435114,57.425815584435114,2.8800933721385142,3.8677686667347277
SONARBAINS,Sonar Bangla Insurance Ltd.,40.6,3.5714285714285676,5.729166666666674,-18.799999999999997,29.18181850477274,47.0000003675,68.49802410169508,50.63604275147211,-47.339411499048694,345.04728547387344,95.05053080659914,4.600694057342055,5.168216928824164
SONARGAON,Sonargaon Textiles Limited.,105.0,-0.09514747859181191,8.69565217391305,7.142857142857143,193.2960893854749,231.23028391167193,237.62057877813507,204.34782608695653,310.15625,1120.9302325581396,462.50000140625,7.319799906103869,7.276924011459863
SOUTHEASTB,Southeast Bank PLC,10.9,0.9259259259259226,0.0,4.8076923076923075,17.80808066290317,22.768420954416836,28.16483512258304,8.999999890999995,-23.725064630236922,5.657129300682334,-8.403396135852889,3.438037040840777,3.3996863225815614
SPCERAMICS,Shinepukur Ceramics PLC,22.9,0.43859649122806077,0.8810572687224638,-11.583011583011583,8.0188679245283,50.6578947368421,56.84931506849314,16.836734693877535,-29.320987654320987,169.41176470588232,0.9003828479528968,3.4323469040108634,3.901225698775078
SPCL,Shahjibazar Power Co Ltd,58.1,0.0,2.8318584070796486,3.7500000000000027,4.308797127468579,15.968063872255488,22.315789473684216,30.561797752808992,-20.91099463354908,-47.709269931991095,123.7475510835348,1.9396206620045164,2.508097068871352
SQUARETEXT,Square Textiles PLC,50.7,-1.1695906432748429,0.39603960396040166,0.5952380952381037,6.736842105263164,4.53608247422681,4.53608247422681,-9.46428571428571,3.048780487804878,-14.004999650264947,-33.56083722368244,1.5009941287773034,2.1445500972024107
SQURPHARMA,Square Pharmaceuticals PLC,220.7,0.27260336210813013,1.0068649885583472,-0.406137184115526,4.845605700712584,0.318181818181813,10.904522613065321,-5.360205831903945,-1.517179830432845,15.385471354910017,110.84213454997659,0.7409665191256052,0.9972346269449961
SSSTEEL,S.S. Steel Ltd,7.4,1.3698630136986376,0.0,7.246376811594202,51.0204081632653,89.74358974358977,80.4878048780488,23.33333333333334,-64.94736856864266,-80.14787223290325,-80.14787223290325,3.5806697108067005,4.615896030603861
STANCERAM,Standard Ceramic Industries Ltd.,74.0,-1.0695187165775364,2.0689655172413794,6.321839080459779,2.63522884882109,2.63522884882109,5.563480741797441,4.51977401129944,-66.81614349775785,48.893360160965784,202.0408163265306,5.732641770134073,4.966640407774517
STANDARINS,Standard Insurance PLC,51.9,2.9761904761904763,5.918367346938773,-2.259887005649723,16.367713004484298,26.58536585365853,32.73657289002557,18.764302059496554,-39.51048951048951,533.2232472481172,98.84393629640263,3.446279282773701,4.044071892443804
STANDBANKL,Standard Islami Bank PLC,5.0,0.0,-1.9607843137254835,4.1666666666666705,13.636363636363628,-1.9607843137254835,4.1666666666666705,-35.8974358974359,-41.82022920451305,-5.368217263187065,-44.8054064155321,4.001280512204874,3.9514176078423016
STYLECRAFT,Stylecraft Limited,60.7,0.830564784053156,3.7606837606837655,12.407407407407412,15.180265654648956,32.82275711159737,28.601694915254235,-14.507042253521124,-61.727616645649434,30.91597580712022,147.15669301466815,2.799461324729096,4.3055697857788795
SUMITPOWER,Summit Power Ltd.,17.0,0.0,0.5917159763313694,8.280254777070068,22.30215827338129,30.76923076923077,37.096774193548384,14.86486486486486,-61.711711711711715,-47.204968944099384,-62.972602791716554,2.8658579368548507,3.6040981245966788
SUNLIFEINS,Sunlife Insurance Co. Ltd.,67.1,-1.3235294117647143,0.4491017964071814,-7.448275862068973,8.225806451612893,24.259259259259252,27.324478178368103,25.655430711610478,99.10979228486643,267.9677406772716,-27.451480510541344,4.834009497818604,5.422796040573381
TAKAFULINS,Takaful Islami Insurance PLC,55.3,0.18115942028984477,9.5049504950495,18.924731182795693,68.59756097560977,65.5688622754491,62.6470588235294,55.77464788732394,-7.679465776293825,401.8602589439213,80.10421788214126,3.6274698045067337,4.767779530634095
TALLUSPIN,Tallu Spinning Mills Limited,8.2,1.2345679012345634,-1.2048192771084507,1.2345679012345636,2.499999999999991,5.128205128205121,30.15873015873015,46.42857142857142,1.2345679012345636,-41.843971631205676,-64.34782611795842,2.7070159590484915,2.967869037524194
TAMIJTEX,Tamijuddin Textile Mills PLC,131.4,0.0,-0.9049773755656023,-0.6051437216338752,9.317803660565726,10.886075949367093,4.28571428571429,15.817307574448746,80.67499981932502,896.827584831962,896.827584831962,2.1450924272031338,2.8816625594790843
TECHNODRUG,Techno Drugs Ltd.,46.8,-1.0570824524312896,0.6451612903225745,3.999999999999994,22.193211488250654,64.78873239436619,60.27397260273972,43.99999999999999,77.27272727272727,77.27272727272727,77.27272727272727,3.769801611822353,4.199393385984053
TILIL,Trust Islami Life Insurance Ltd.,54.2,1.6885553470919432,5.859375,-1.2750455373406115,16.059957173447536,14.345991561181444,22.072072072072082,-2.1660649819494506,392.72727272727275,392.72727272727275,392.72727272727275,2.599382662680834,3.253916654147035
TITASGAS,Titas Gas Transmission and Distribution PLC,20.5,0.0,1.4851485148514887,4.0609137055837605,23.493975903614448,24.242424242424242,31.410256410256416,-3.755868544600942,-47.43589743589744,-59.72495088408645,-67.86833855799374,1.9651450151128564,3.5617675355328915
TOSRIFA,Tosrifa Industries PLC,23.5,-2.4896265560166033,-1.6736401673640109,11.904761904761905,32.02247191011235,36.62790697674419,38.23529411764706,15.763546798029553,30.910325592485457,24.59051702925321,-45.87538761974529,4.0829867074909725,5.851980450931473
TRUSTB1MF,Trust Bank 1st Mutual Fund Units,4.2,-2.3255813953488293,5.000000000000004,31.25,35.483870967741936,68.00000000000001,75.00000000000001,10.526315789473694,-46.835443037974684,0.7515381071643102,-35.70220051640778,7.320302429416685,7.044798569847965
TRUSTBANK,Trust Bank PLC,15.5,0.0,-1.8987341772151942,-1.8987341772151942,-0.7621948738567077,-12.967914196488325,-6.465517007543095,-30.448717774839743,-29.307503022234233,64.03913819746433,63.29739506035831,1.6841223292836154,1.8154036309139427
TUNGHAI,Tung Hai Knitting & Dyeing Ltd,3.3,9.999999999999993,13.79310344827586,17.857142857142858,6.451612903225797,73.6842105263158,106.24999999999997,17.857142857142858,-52.173913043478265,-62.9591837188255,-86.69000002697493,6.313993796752415,6.322657212640793
UCB,United Commercial Bank PLC,9.6,-3.0303030303030374,-2.040816326530623,6.6666666666666625,7.865168539325834,-6.796116504854379,-8.571428571428575,-11.92660550458716,-28.133333059341666,-15.45316938282021,-24.296407618662556,2.8955451958319967,2.7477957670506195
UNILEVERCL,Unilever Consumer Care Limited,2042.4,-0.058719906048141424,-0.5695925222725193,-1.2856452392460083,-1.333333333333329,-7.16363636363636,-5.44444444444444,-18.248408918064285,12.552180202521185,104.85456369107324,510.811214953271,0.6812354059019549,1.0003914576805768
UNIONCAP,Union Capital Limited,5.0,0.0,4.1666666666666705,6.382978723404252,16.279069767441865,35.13513513513512,78.57142857142858,-1.9607843137254835,-46.23655913978495,-44.36926581200591,-73.5665416106623,4.950383557678391,5.2028445897537585
UNIONINS,Union Insurance PLC,54.4,1.303538175046547,5.631067961165046,33.007334963325185,63.85542168674697,51.532033426183844,47.82608695652175,50.69252077562326,394.54545454545456,394.54545454545456,394.54545454545456,3.758669855858382,5.814356768130479
UNIQUEHRL,Unique Hotel & Resorts PLC,45.2,-1.3100436681222583,0.6681514476614795,6.603773584905671,21.50537634408602,16.795865633074936,18.015665796344663,11.881188118811894,1.8018018018018114,2.9612756264237,-64.32517758484609,1.9586046715044771,3.520450962236815
UNITEDFIN,United Finance PLC,18.7,-2.094240837696346,5.05617977528089,12.65060240963854,44.96124031007751,53.278688524590166,61.20689655172414,39.55223880597014,-1.5789473684210564,19.17196590516821,-19.786920981738977,4.0410500082826015,4.608584535737662
UNITEDINS,United Insurance Company Limited,68.1,8.095238095238086,37.29838709677418,47.40259740259738,57.638888888888864,55.479452054794514,62.91866028708133,68.14814814814814,6.572769953051636,251.96073334625225,78.37488438838794,9.24652301438832,5.5670570791852585
UPGDCL,United Power Generation & Distribution Co. Ltd.,123.0,-1.7571884984025583,-2.30341540905481,-1.6,4.325699745547069,0.9023789991796507,5.943152454780367,-11.891117478510026,-56.10278372591006,35.673757043943624,120.51138774777836,3.1643829365411342,3.0218822739051303
USMANIAGL,Usmania Glass Sheet Factory Limited,73.1,0.8275862068965439,7.9763663220088485,34.12844036697247,99.18256130790188,131.3291139240506,114.99999999999999,108.85714285714285,26.470588235294116,-9.069065696022001,50.74043603197497,6.819745242656624,9.415689059843539
UTTARABANK,Uttara Bank PLC,21.3,0.4716981132075539,-0.9302325581395315,-0.4672897196261583,1.622137404580152,8.231707317073177,16.26637554585153,16.7763157894737,65.79426025299318,138.94300177577728,64.3600012417591,1.1298609265656827,1.1206581720119753
UTTARAFIN,Uttara Finance and Investments Limited,13.8,2.2222222222222276,-0.7194244604316521,2.2222222222222276,11.290322580645164,1.4705882352941255,39.3939393939394,-24.99999999999999,-64.43298969072164,-73.51005478092455,-80.49082004422341,2.5197693608195855,2.6905671042316985
VAMLRBBF,Vanguard AML Rupali Bank Balanced Fund Units,8.3,-1.1904761904761862,-1.1904761904761862,9.210526315789489,38.33333333333334,48.21428571428574,45.61403508771931,31.74603174603176,-19.41747572815534,-24.54545454545454,-24.54545454545454,3.4475012904890976,4.025420974072484
VFSTDL,VFS Thread Dyeing Ltd.,17.1,-2.2857142857142776,-2.840909090909091,1.1834319526627388,41.322314049586794,50.00000000000001,33.59375,125.00000000000004,-34.23076907899407,-27.815108293021936,-27.815108293021936,4.429690342824078,3.835655001623265
WALTONHIL,Walton Hi-Tech Industries PLC,394.1,0.1779359430605098,-0.6052963430012553,-0.22784810126581703,8.867403314917134,-2.4263431542460894,3.7105263157894797,-5.3471616667052295,-70.07179844219233,14.685185070500006,14.685185070500006,1.1394967338088229,1.991052315944068
WATACHEM,Wata Chemicals Ltd.,139.7,0.0716332378223455,-0.921985815602845,2.645113886847902,-0.5693950177936024,4.331590739357717,-1.619718309859163,12.299035369774904,-52.62800949474398,53.78266151460961,562.1197919459984,1.7702402919163163,2.8474891553546744
WMSHIPYARD,Western Marine Shipyard Limited,10.3,-0.9615384615384581,0.980392156862759,1.9801980198019908,19.76744186046513,27.160493827160508,25.609756097560997,13.1868131868132,-40.46242774566474,-21.618169483012455,-70.08426805691289,3.972703289746451,3.697301120014858
YPL,Yeakin Polymer Ltd.,24.8,-1.5873015873015817,-2.3622047244094406,-4.615384615384612,15.348837209302328,47.61904761904762,40.11299435028249,68.70748299319729,61.03896103896104,-1.0272012442196192,-1.0272012442196192,4.892181024077033,4.127656477265068
ZAHEENSPIN,Zaheen Spinning PLC,5.6,-1.75438596491229,1.8181818181818117,-1.75438596491229,-1.75438596491229,36.58536585365854,39.99999999999999,-21.126760563380284,-48.14814814814815,-57.25172418777332,-60.6519222959867,2.8508771929824586,3.6988266913315364
ZAHINTEX,Zahintex Industries Ltd.,9.1,-1.0869565217391266,1.1111111111111072,1.1111111111111072,13.749999999999996,54.23728813559321,56.896551724137936,106.8181818181818,-4.210526315789477,-46.74482787436198,-61.63909702223267,3.378729260751724,4.809871306017382
ZEALBANGLA,Zeal Bangla Sugar Milla Limited,216.7,-1.8124150430448576,-6.995708154506443,32.94478527607362,64.16666666666666,51.01045296167247,51.53846153846153,145.1357466063348,60.51851851851851,1167.251461988304,2390.8045977011498,5.550410131767327,9.367230655317348
