Symbol,Name,Price,Change %,Perf % 1W,Perf % 1M,Perf % 3M,Perf % 6M,Perf % YTD,Perf % 1Y,Perf % 5Y,Perf % 10Y,Perf % All Time,Volatility 1W,Volatility 1M
1JANATAMF,First Janata Bank Mutual Fund Units,3.5,-2.77777777777778,-5.40540540540541,-2.7777777777777803,12.90322580645161,12.90322580645161,34.615384615384606,12.90322580645161,-53.94736842105263,-16.71428606680525,-35.62366207921435,3.936507936507938,4.90481510649578
1STPRIMFMF,Prime Finance First Mutual Fund 2009 Units,32.2,2.875399361022371,-9.039548022598858,47.03196347031966,28.800000000000008,82.95454545454547,61.000000000000014,45.70135746606335,58.62068965517242,250.00000000000006,5.228758169934645,8.103336528210006,6.842623254332308
AAMRANET,aamra networks ltd,18.6,-3.626943005181343,-1.5873015873015723,-6.532663316582901,-11.428571428571422,14.110429447852763,4.494382022471914,-12.676056338028166,-59.96395803968465,-69.12633717912817,-69.12633717912817,3.708996755923832,4.464422652302986
AAMRATECH,Aamra Technologies Limited,16.3,-1.8072289156626546,-2.9761904761904763,-8.42696629213483,-5.232558139534875,25.38461538461539,32.52032520325203,18.115942028985508,-51.05382455007147,-25.03347118686094,-44.56641678648173,2.826676494440471,4.976361083977954
ABB1STMF,AB Bank 1st Mutual Fund 2011 Units,3.5,-2.77777777777778,-5.40540540540541,-7.894736842105259,9.374999999999995,2.941176470588238,29.629629629629623,12.90322580645161,-43.54838709677419,-18.47058874940899,-47.791643346063886,5.603174603174601,5.605176495932798
ABBANK,AB Bank PLC,4.3,0.0,-4.444444444444448,-10.416666666666668,-12.244897959183684,-24.561403508771935,4.878048780487809,-17.307692307692314,-69.0783541482836,-69.69678691670134,-81.31544675941318,3.720930232558147,4.13156700618783
ACFL,Aman Cotton Fibrous PLC,21.8,0.4608294930875642,-3.9647577092510953,-8.78661087866108,-8.016877637130795,28.23529411764706,21.111111111111114,14.136125654450257,-49.88505747126437,-63.66666666666667,-63.66666666666667,4.265555328347861,5.780671357332497
ACI,Advanced Chemical Industries PLC,183.0,-1.0810810810810811,-3.0206677265500734,-3.430079155672823,-8.955223880597014,-7.575757575757576,-6.153846153846154,-1.0810810810810811,-29.850000035659587,-26.60397906261695,193.85409422400508,1.5663314006057785,2.0990615969066875
ACIFORMULA,ACI Formulations PLC,149.8,-0.4651162790697599,-4.767959313413859,-5.4292929292929255,-5.369551484523057,10.96296296296297,16.124031007751945,5.716302046577292,-9.810779591040703,-5.757938652919527,117.25138175859809,2.363252723104112,3.2269273922390553
ACMELAB,ACME Laboratories Ltd.,77.6,-0.7672634271099853,-2.389937106918246,-3.000000000000007,-8.59835100117787,4.161073825503348,8.835904628330994,-1.0204081632653206,-26.165556612749764,-27.136150234741788,-42.518518518518526,1.4162746104860169,1.5011379591299898
ACMEPL,ACME Pesticides Ltd,25.5,1.5936254980079625,-0.7782101167315147,-4.135338345864667,8.51063829787234,19.158878504672902,60.37735849056604,52.69461077844312,131.8181818181818,131.8181818181818,131.8181818181818,2.9825990654534076,3.72883467808545
ACTIVEFINE,Active Fine Chemicals Ltd.,5.3,-3.63636363636364,-7.017543859649129,-15.873015873015873,-24.28571428571429,-22.058823529411764,-1.8518518518518616,-38.372093023255815,-82.39202657807309,-80.31428565354122,-82.02608683023547,4.097384097384092,3.58931924308925
ADNTEL,ADN Telecom Ltd.,56.2,-1.7482517482517481,-5.546218487394953,-9.354838709677416,-19.94301994301994,-2.090592334494766,-2.936096718480131,-24.966622162883848,-22.90809327846365,38.76543209876544,38.76543209876544,2.3942693862502127,3.1623109414378616
ADVENT,Advent Pharma Ltd.,13.3,-0.7462686567164152,-6.338028169014075,-10.135135135135135,-16.35220125786163,-6.338028169014075,-0.7462686567164153,-15.822784810126581,-53.54109603583369,-63.88730822852602,-63.88730822852602,4.620614221233418,4.247663483049247
AFCAGRO,AFC Agro Biotech Ltd.,5.7,0.0,-8.064516129032258,-17.39130434782609,-28.749999999999996,-24.999999999999993,14.000000000000004,-26.92307692307692,-84.25414364640885,-82.54937808383717,-75.12377497444466,4.556844331752817,4.4063424460885585
AFTABAUTO,Aftab Automobiles Ltd.,25.8,-0.7692307692307665,-5.839416058394153,-9.790209790209792,-15.686274509803923,-8.18505338078292,-24.561403508771935,-33.333333333333336,-24.349733665408444,-43.785572840846484,-62.07399969094103,3.2100528288669157,3.125812959652297
AGNISYSL,Agni Systems PLC,26.7,-2.554744525547443,-7.931034482758623,-11.000000000000002,-16.562500000000004,29.61165048543688,28.36538461538461,0.7547169811320728,5.9523809523809526,61.82506664112311,44.065451168289584,2.926047352749432,4.185931089539102
AGRANINS,Agrani Insurance PLC,28.4,-1.0452961672473893,-4.054054054054063,-6.270627062706278,-0.3508771929824611,32.71028037383178,19.327731092436963,4.411764705882351,-35.90520449798154,194.33440502252063,72.13815448000682,3.2160991575073963,4.082194877516876
AIBL1STIMF,AIBL 1st ISLAMIC Mutual Fund 2010- Units,5.8,-3.333333333333336,-6.451612903225812,-3.333333333333336,34.883720930232556,48.71794871794872,70.58823529411765,34.883720930232556,-35.55555555555556,-31.764705882352942,-24.675324675324678,5.657989288212247,6.886934985442955
AIL,Alif Industries Ltd.,29.8,-2.6143790849673225,-9.146341463414625,-16.991643454038993,-11.30952380952381,4.929577464788741,-26.781326781326786,-48.08362369337979,-48.29653001656948,-73.01953853819619,-73.01953853819619,3.4243288585949117,5.046368027978302
AL-HAJTEX,Alhaj Textile Mills Limited,77.9,-3.9457459926017124,-2.624999999999993,-10.149942329873122,-23.62745098039215,-29.882988298829876,-43.22157434402332,-52.78787878787879,5.270270270270278,2.658316521959989,236.4406771129401,5.884250044961166,6.7633026025130425
ALARABANK,Al-Arafah Islami Bank PLC,15.0,-1.9607843137254948,-4.458598726114645,-12.790697674418603,-4.458598726114645,-3.846153846153844,0.0,-11.764705882352942,-37.844827650612515,19.002037489418143,-16.170773152091538,3.563364293085656,5.229739315304105
ALIF,Alif Manufacturing Company Ltd.,5.0,-1.9607843137254832,-5.660377358490563,-10.714285714285708,-9.090909090909092,0.0,25.0,-10.714285714285708,-75.24752475247524,-49.77912648902203,-70.39151975605948,3.5623480161295267,3.661542951843979
ALLTEX,Alltex Industries Limited,22.9,-0.8658008658008781,-2.553191489361708,-6.147540983606557,32.369942196531774,76.15384615384615,70.89552238805969,67.15328467153284,28.651685393258415,7.511737089201867,199.67901132455052,5.234999963831809,3.7328019851168004
AMANFEED,Aman Feed PLC,30.2,-1.6286644951140066,-4.73186119873817,-14.929577464788736,-10.914454277286135,34.222222222222214,31.30434782608695,11.85185185185185,-52.440944881889756,-48.36954296587964,-9.942940154029836,3.3573574307039307,4.430562186864048
AMBEEPHA,Ambee Pharmaceuticals PLC,744.1,0.3641758834637234,-1.7040951122853338,-2.7320261437908466,-1.0636883393165801,-2.3490813648293933,3.3472222222222254,-10.078549848942597,41.73333333333334,62.46724890829695,298.0918428742322,3.5379326214846842,3.435538328600637
AMCLPRAN,Agricultural Marketing Co. Ltd.,212.1,-1.668984700973572,-2.61707988980717,-6.44022937803264,-4.157252598282882,-1.3029315960912105,4.844290657439438,-10.506329113924053,-22.44972577696527,-3.1506849315068517,72.4390243902439,1.1952514274480226,1.9338323624288534
ANLIMAYARN,Anlima Yarn Dyeing Ltd.,25.6,0.0,-4.477611940298504,-14.666666666666663,-20.74303405572754,28.643216080402023,23.07692307692308,12.77533039647578,-41.149425287356316,-14.666666666666663,28.000000000000007,5.198368726233585,8.073860886111406
ANWARGALV,Anwar Galvanizing Ltd.,114.6,-0.34782608695652667,-5.289256198347112,8.625592417061606,-2.716468590831921,27.19200887902331,32.33256351039261,56.55737704918031,-56.83615853675082,221.9640519196499,1318.1749913668598,3.797842792913266,3.5070569385232204
AOL,Associated Oxygen Ltd,18.3,4.571428571428576,14.375000000000004,4.571428571428576,1.6666666666666705,15.094339622641511,20.39473684210527,13.66459627329192,-65.88675961171576,40.983199235532695,40.983199235532695,5.244976921488358,4.467781720049513
APEXFOODS,Apex Foods Limited,260.5,0.5015432098765477,-3.1238378579397463,-6.964285714285714,-7.917992223400487,15.316511730854359,5.9804719283970655,1.1650485436893203,60.80246913580247,59.8159509202454,263.82681564245814,2.98137514592627,4.262758870825579
APEXFOOT,Apex Footwear Ltd.,198.1,-0.9995002498750625,-8.202038924930498,-5.531711969480208,-4.067796610169494,5.7661505605979615,10.48522030117121,3.6087866108786644,15.741912567556534,6.449805773943954,48.654776020366555,2.159955619920675,2.254769914613415
APEXSPINN,Apex Spinning and Knitting Mills Ltd.,376.2,1.483679525222552,10.64705882352941,16.470588235294116,-2.10772833723654,61.80645161290322,109.0,122.47191011235955,166.80851063829786,187.39495798319328,437.42857142857144,4.032581572479264,5.979983971126614
APEXTANRY,Apex Tannery Limited.,92.7,-2.4210526315789442,-1.9047619047619018,-10.865384615384613,-8.308605341246283,24.429530201342285,55.53691275167785,18.9987163029525,-28.69230769230769,-36.024844720496894,26.81258549931602,5.292340986966724,5.459509330156485
APOLOISPAT,Appollo Ispat Complex Ltd.,2.7,0.0,-6.896551724137922,-12.90322580645161,-15.625,-22.857142857142854,58.823529411764724,3.8461538461538494,-76.31578947368419,-79.6060001132683,-88.9152612022199,5.185185185185173,4.896296612224367
ARAMIT,Aramit Limited,171.2,-0.3492433061699783,-6.956521739130441,-16.65043816942552,-18.47619047619048,3.7575757575757507,-5.778756191524491,-23.503127792672036,-59.43127962085308,-58.42642059252065,-19.24528301886793,3.5279238694094537,5.730361643914804
ARAMITCEM,Aramit Cement Limited,11.2,-0.8849557522124019,-1.75438596491229,-10.400000000000004,-5.084745762711876,-3.448275862068969,27.272727272727256,-5.88235294117648,-81.30217028380635,-66.8639053254438,-69.00953708530054,4.198277601416944,5.938846370179079
ARGONDENIM,Argon Denims Ltd.,22.2,-1.7699115044247882,3.7383177570093493,-8.641975308641982,5.714285714285711,34.54545454545454,26.136363636363622,5.714285714285711,-8.13117663584404,24.251131573804834,-42.42393697246104,4.020515800408663,4.140001871159018
ASIAINS,Asia Insurance PLC,40.7,-1.690821256038637,-3.0952380952380887,-7.289293849658304,-7.499999999999994,2.7777777777777812,48.00000000000001,46.40287769784173,-52.61932479627473,162.58064516129036,23.155619885797783,2.5543481606859824,3.922804341985525
ASIAPACINS,Asia Pacific General Insurance PLC,47.4,-0.8368200836820056,-2.066115702479339,-3.462321792260698,-1.0438413361169103,30.578512396694222,49.99999999999999,35.816618911174785,-27.853881278538818,201.9108280254777,39.823008849557525,2.1796007373625206,3.3825947083228916
ASIATICLAB,Asiatic Laboratories Ltd,107.3,1.6098484848484875,-2.098540145985399,-2.365787079162883,-17.777777777777782,23.903002309468828,122.6141078838174,75.04078303425776,87.26003490401396,87.26003490401396,87.26003490401396,4.109034328008893,5.191282150722823
ATLASBANG,Atlas Bangladesh Limited,79.8,-0.25000000000000355,-2.205882352941173,-5.0000000000000036,-3.272727272727276,10.83333333333333,40.74074074074073,31.034482758620687,-32.82828282828283,-14.801764664285564,-29.05566797453479,2.6231998959796874,3.356354878713683
AZIZPIPES,Aziz Pipes Limited.,75.9,-0.6544502617801046,-3.312101910828018,-4.767879548306144,-3.6802030456852686,64.28571428571429,62.179487179487204,50.297029702970306,-49.36624416277518,58.88560245917435,388.13187856519323,6.466183265275027,6.2132144492901284
BANGAS,Bangas Limited,116.1,0.5194805194805145,-3.410981697171388,-8.07600950118765,-16.474820143884894,-2.845188284518833,-10.966257668711664,-1.4431239388794592,-17.776203966005664,-19.430603486303223,-17.196013385503644,3.620180308533712,3.6769927147081747
BANKASIA,Bank Asia PLC,16.3,0.6172839506172928,-3.550295857988153,-4.678362573099419,-10.92896174863388,-17.741860785731724,-3.883152595469,-2.2900556599722517,-4.637010280830007,39.87884854361258,40.221947858434284,1.9784888092152166,1.428502173332698
BARKAPOWER,Baraka Power Ltd.,9.7,-1.0204081632653206,-4.901960784313726,-9.345794392523365,16.867469879518055,25.974025974025963,42.647058823529406,12.790697674418603,-69.10828025477707,-58.32075400695033,-57.25124901857297,2.857480336714501,3.9047724835433066
BATASHOE,Bata Shoe Co. (Bangladesh) Ltd.,884.0,0.3177485247389871,-0.9634774815146787,-4.638619201725998,0.45454545454545453,4.764162123726007,9.93657505285412,-0.06782726656116016,-1.7777777777777777,-25.084745762711865,71.6504854368932,1.768647016962434,1.822959664118499
BATBC,British American Tobacco Bangladesh Co Ltd,221.4,-0.8508732646663707,-2.25165562913907,-4.978540772532187,1.5130674002751083,3.4579439252336477,-10.725806451612902,-20.244956772334298,-67.34513274336283,-21.147604279075132,137.7804343470433,1.1829618836440772,1.8716787791223437
BAYLEASING,Bay Leasing and Investment Ltd.,4.1,-4.651162790697678,-4.651162790697679,-18.000000000000007,-10.869565217391305,-12.765957446808523,24.24242424242424,2.499999999999991,-87.87323940809621,-76.59971589121496,-84.37464904294615,5.682683737136378,5.010335637614397
BBS,Bangladesh Building Systems PLC,10.9,-4.385964912280701,-11.382113821138214,-19.259259259259256,-31.012658227848103,-0.9090909090909058,18.478260869565233,-5.217391304347823,-49.53703703703703,-56.70122875485508,-49.73012636788258,4.108483769810999,4.608754117410346
BBSCABLES,BBS Cables PLC,16.1,-3.012048192771084,-7.999999999999992,-16.58031088082901,-30.901287553648064,-14.361702127659571,5.921052631578962,-14.8148148148148,-77.5880680682941,-44.305110359665974,-44.305110359665974,3.403730053583961,4.736869820436006
BDAUTOCA,Bangladesh Autocars Limited,195.5,2.9489204844655053,4.545454545454546,1.2953367875647668,-4.447702834799606,2.8947368421052633,53.93700787401575,56.02553870710295,18.34140435835352,514.1123256187373,805.5554634946103,4.351772924306228,5.234231179756579
BDCOM,BDCOM Online Ltd.,27.7,-1.773049645390071,-4.810996563573891,-5.460750853242326,-20.40229885057471,1.46520146520146,6.5384615384615365,2.4119720870158456,11.865385166106506,52.46149088034363,130.34660462323282,2.287292365805259,3.673692643986524
BDFINANCE,Bangladesh Finance PLC,11.0,-1.7857142857142794,-5.982905982905978,-16.666666666666664,-17.910447761194032,-17.29323308270677,-15.384615384615385,-19.70802919708029,-83.05232564475206,14.24046817621557,-32.29503693766129,2.13828870244799,3.3151926639168736
BDLAMPS,Bangladesh Lamps PLC,248.0,8.72424375274003,11.460674157303371,10.56620597414177,38.47012841987717,73.5479356193142,84.38661710037175,60.10329244673983,13.40170931098804,45.802197685556045,121.13333315642667,3.2894520949290684,3.188445769117318
BDTHAI,Bangladesh Thai Aluminium Ltd.,14.2,-2.739726027397263,-6.578947368421053,-12.345679012345679,-27.551020408163275,18.33333333333333,26.78571428571429,11.811023622047244,-53.8961038961039,-26.298672102621946,-10.869603444397729,3.4728322227694104,5.0015527396675505
BDTHAIFOOD,BD Thai Food & Beverage Ltd.,18.8,-2.083333333333326,-11.320754716981126,-25.396825396825392,-25.396825396825392,11.904761904761905,30.555555555555557,24.503311258278153,55.37190082644629,55.37190082644629,55.37190082644629,5.2161344509876715,5.365875691921778
BDWELDING,Bangladesh Welding Electrodes Ltd.,11.5,-0.8620689655172384,-6.504065040650412,-12.213740458015266,-18.439716312056735,-30.722891566265066,-36.46408839779006,18.556701030927844,-47.24770642201835,5.5909090803500066,-47.65772518985334,3.3090559983166346,4.400812996592572
BEACHHATCH,Beach Hatchery Ltd,25.7,-3.3834586466165497,-9.507042253521126,-16.82847896440129,-21.88449848024316,-14.90066225165563,-45.085470085470085,-52.407407407407405,7.083333333333331,119.65811965811966,13.860759753100456,2.947225013285475,4.053492298189867
BEACONPHAR,Beacon Pharmaceuticals PLC,100.5,-2.046783625730989,-2.898550724637681,-4.91958372753075,-13.21243523316062,2.971311475409842,-4.011461318051579,-18.951612903225808,-54.729729729729726,428.94736842105266,552.5974025974026,3.1221549488773057,2.9251690710766654
BENGALWTL,Bengal Windsor Thermoplastics PLC,21.0,-3.2258064516129004,-5.405405405405403,-12.863070539419091,-17.32283464566929,13.513513513513514,20.6896551724138,7.142857142857135,-24.73118279569892,-50.000000047619054,-57.57929891587295,3.0083193432005264,4.371659646580463
BERGERPBL,Berger Paints Bangladesh Ltd.,1459.9,-0.20507211702782144,-3.02889405513118,-2.131795937520946,2.593113141250885,4.742430764815622,5.713251267197689,2.2338935574229755,-19.706302936970626,17.02605210420842,456.152380952381,0.7583242035840855,1.2957274202648672
BESTHLDNG,Best Holdings PLC,14.6,0.6896551724137907,-0.6802721088435351,0.0,0.6896551724137907,14.062499999999991,8.148148148148145,-17.045454545454554,-50.34013605442177,-50.34013605442177,-50.34013605442177,3.6238086238086185,3.8974059848320812
BEXIMCO,Bangladesh Export Import Company Ltd.,20.2,-2.8846153846153912,-7.33944954128441,-12.554112554112564,-31.75675675675676,-81.65304268846504,-81.65304268846504,-81.65304268846504,-85.57142853535714,0.7932119408297134,-49.13589949665085,4.518823941218699,4.71086331023155
BGIC,Bangladesh General Insurance Company PLC,41.7,1.2135922330097086,-1.1848341232227488,-5.442176870748296,1.4598540145985435,25.225225225225245,34.951456310679625,24.477611940298516,-29.797979797979792,160.62500000000003,33.226837060702884,3.4084492479962565,4.736787956490105
BIFC,Bangladesh Industrial Finance Company Ltd.,3.1,-6.0606060606060534,-13.88888888888889,-27.906976744186043,-35.416666666666664,-42.592592592592595,82.3529411764706,-11.428571428571427,-59.21052631578948,-63.09523809523811,-84.78272479940685,6.766143407509633,6.322224873692058
BNICL,Bangladesh National Insurance Company Ltd,162.9,-3.5523978685612785,-1.8674698795180689,47.95640326975478,37.352445193929185,137.46355685131198,262.0,274.48275862068965,20.577350111028874,964.7058823529411,340.27027027027026,5.348241437126707,7.018759730281634
BPML,Bashundhara Paper Mill Ltd.,25.9,-1.145038167938934,-7.168458781362007,-5.818181818181824,-7.829181494661931,-7.500000000000005,0.0,-25.57471264367816,-52.56410256410257,-83.29032258064517,-83.29032258064517,3.071625112598862,4.080523702534457
BPPL,Baraka Patenga Power Ltd.,18.4,-1.0752688172043163,-4.1666666666666705,-10.67961165048545,-11.538461538461549,29.577464788732392,23.48993288590603,33.333333333333314,-65.28301886792453,-42.31974921630094,-42.31974921630094,2.7028290673420856,3.3926023542295853
BRACBANK,BRAC Bank PLC,65.0,-1.0654490106544945,1.2461059190031107,3.8338658146964835,1.2461059190031107,9.604131716129249,18.275344668670225,7.399450895027121,149.12878714529526,279.69551170125357,887.3748089631017,1.2684240346024347,1.2962481020948284
BSC,Bangladesh Shipping Corporation,108.3,-1.2762078395624483,-2.432432432432435,-5.497382198952878,-8.991596638655464,1.0261194029850693,-3.5618878005342833,-6.557377049180335,96.55172413793103,141.14513000705534,116.85945755114493,1.4099684639494985,2.3893328148236375
BSCPLC,Bangladesh Submarine Cables PLC,143.3,-1.1724137931034404,-2.8474576271186365,-5.350066050198147,-10.716510903426784,5.44518027961737,11.691348402182385,5.912786400591278,-35.479513732552896,15.938511326860857,227.39319168380166,1.6512380255280719,1.8815665787829254
BSRMLTD,Bangladesh Steel Re-Rolling Mills Ltd.,92.7,-1.48777895855472,-3.73831775700934,-7.852882703777327,-15.1875571820677,14.869888475836431,21.49410222804719,4.274465691788523,-20.769230769230766,-36.62881368688787,105.63949938003118,1.8357818046615633,2.267332461834717
BSRMSTEEL,BSRM Steels Limited,82.6,-0.36188178528348774,-3.729603729603733,-9.628008752735242,-9.130913091309143,21.470588235294112,30.078740157480308,24.024024024024026,11.170928667563928,-13.46666675320001,46.773846380893985,2.2168876296540367,2.706091708023144
BXPHARMA,Beximco Pharmaceuticals Plc,144.5,-1.8342391304347752,-2.16655382532159,-2.6936026936026938,-4.871626069782756,26.75438596491228,40.29126213592233,21.428571428571427,-42.88537549407115,93.84146322079268,228.78494500571907,1.7401072764480106,1.8954052197442905
CAPITECGBF,CAPITEC GRAMEEN BDT10 (MUTUAL FUND) Units,8.6,-3.37078651685394,-7.5268817204301195,-1.1494252873563178,13.157894736842106,30.303030303030305,26.470588235294112,16.216216216216207,-40.277777777777786,-40.277777777777786,-40.277777777777786,4.32276499295666,4.940639936178315
CAPMIBBLMF,CAPM IBBL Islamic Mutual Fund Units,16.9,4.320987654320983,14.96598639455782,23.35766423357664,55.04587155963301,103.61445783132527,125.33333333333331,89.88764044943818,-11.97916666666667,68.99999999999999,68.99999999999999,6.877170276109565,6.166969875160781
CENTRALINS,Central Insurance PLC,43.1,-2.2675736961451247,-2.7088036117381393,-4.222222222222219,1.1737089201877935,10.512820512820516,5.896805896805893,5.896805896805893,-24.3859649122807,211.47305738577512,63.70358362880618,2.070706742874897,3.0112570093783275
CENTRALPHL,Central Pharmaceuticals Ltd.,8.9,-1.1111111111111072,-6.315789473684207,-16.822429906542048,-16.822429906542048,0.0,1.1363636363636322,-13.592233009708739,-52.910052910052904,-33.48558820992083,-73.99286506467637,3.8228918397457665,4.419777036501324
CITYBANK,City Bank PLC,29.7,-0.6688963210702318,-0.6688963210702318,-0.6688963210702318,-5.714285714285716,13.096026168004695,39.97950776358798,33.9411760687647,69.58447577526961,130.1071960958572,192.55110686100568,1.4153140954959003,1.2057136427037165
CITYGENINS,City Insurance PLC,131.7,0.07598784194528443,2.013942680092947,3.456402199528666,22.969187675070025,33.164812942366005,51.90311418685119,95.1111111111111,192.66666666666663,1038.2642831450605,449.3503396648166,1.538846606016086,1.157482512973477
CLICL,Chartered Life Insurance PLC,47.1,-0.4228329809725069,3.5164835164835195,3.744493392070491,-16.489361702127656,-22.786885245901637,-15.591397849462359,-19.62457337883959,328.1818181818182,328.1818181818182,328.1818181818182,5.5075639122527145,4.980082083641891
CNATEX,C & A Textiles Ltd,2.9,-3.333333333333336,-12.12121212121212,-9.375000000000009,-6.451612903225812,-17.142857142857146,20.833333333333336,-3.333333333333336,-58.57142857142856,-63.7500000453125,-83.06729854199035,6.183908045977017,6.545236707957197
CONFIDCEM,Confidence Cement PLC,58.6,-0.8460236886632826,-5.483870967741933,-9.147286821705425,-13.313609467455612,-2.0066889632106952,18.623481781376523,-0.3401360544217615,-60.773223848868085,27.36710158047926,9.277999624310814,2.6240090981825053,3.5436962498753424
CONTININS,Continental Insurance PLC,32.4,-1.5197568389057752,-3.283582089552243,-10.000000000000004,-6.896551724137928,30.64516129032257,33.88429752066115,17.818181818181813,-32.499999831249994,138.91991192252843,41.11207330962447,3.511527379337244,4.039177223917142
COPPERTECH,Coppertech Industries Ltd,21.1,-2.764976958525336,-6.63716814159292,-15.93625498007968,-25.177304964539,8.76288659793816,11.640211640211657,-5.381165919282508,-48.114753975026865,-18.580374384386207,-18.580374384386207,2.4139102518318447,4.105279508508434
CROWNCEMNT,Crown Cement PLC,57.7,-0.8591065292096219,-4.628099173553714,-8.846761453396516,-13.102409638554219,18.480492813141684,23.2905982905983,1.4059753954305876,-31.71597633136094,-25.835475578406164,-28.589108910891085,3.9455998764300135,5.006168930251951
CRYSTALINS,Crystal Insurance Company Ltd,67.4,-2.3188405797101366,-10.133333333333326,2.5875190258751943,-6.777316735822948,-15.326633165829133,17.217391304347835,23.217550274223036,27.82758607906898,394.26666617240005,394.26666617240005,4.303058517760095,4.9974724673462125
CVOPRL,CVO Petrochemical Refinery PLC,159.0,-1.1194029850746339,-2.334152334152341,-4.9043062200956875,-7.879490150637309,6.7114093959731544,7.796610169491525,-8.092485549132949,-24.285714357823124,-25.387704205372895,32.7366065962075,2.37333758447754,3.393588441198897
DACCADYE,Dacca Dyeing and Manufacturing Company Limited,15.4,0.0,-1.2820512820512775,-8.875739644970405,-10.465116279069761,-7.784431137724544,-20.618556701030922,-28.037383177570085,-40.54054054054053,62.10526315789474,-45.17799358428169,4.8839429462966795,4.461081679968571
DAFODILCOM,Daffodil Computers PLC.,158.4,-1.3698630136986232,-3.41463414634146,-3.473491773308951,-2.702702702702706,76.00000000000001,338.7811634349031,175.00000000000003,124.36260623229465,488.8475836431227,908.9171974522294,3.531295914332584,2.9169697767524974
DBH,DBH Finance PLC,39.7,0.0,-2.933985330073339,-5.476190476190469,-6.807511737089199,6.720430107526881,13.428571428571436,4.473684210526323,-51.34996497604937,-42.774458452602914,15.763595789023567,1.365179741608461,2.4553980834042024
DBH1STMF,DBH First Mutual Fund Units,5.5,-3.5087719298245648,-8.333333333333334,1.8518518518518452,17.021276595744677,19.565217391304355,-15.384615384615385,-11.290322580645164,-30.37974683544304,-22.535211267605632,-25.675675675675677,4.630781499202553,5.445184140079169
DELTALIFE,Delta Life Insurance Company Ltd.,71.1,-0.14044943820225916,-2.469135802469151,-7.301173402868329,-14.645858343337338,-1.3869625520110958,4.867256637168137,-11.346633416458864,-63.16062176165803,-28.757515030060127,-97.88800171098596,1.9467939819245816,2.946079189691937
DELTASPINN,Delta Spinners Limited,7.5,-1.315789473684206,5.633802816901413,-2.5974025974025996,8.695652173913038,29.310344827586214,50.0,38.88888888888888,-35.34482758620689,8.035714135235967,-52.12979486061635,3.844770122234912,4.164957877632942
DESCO,Dhaka Electric Supply Co. Ltd.,23.4,3.539823008849545,2.183406113537118,1.7391304347826024,-12.359550561797755,0.0,14.146341463414629,-2.092050209205021,-41.79104477611941,-56.666666666666664,-64.799426846096,3.0993498195868443,2.9756277630356656
DESHBANDHU,Deshbandhu Polymer Limited,16.8,-0.5917159763313483,-3.4482758620689538,-12.953367875647668,-21.860465116279066,4.347826086956517,-1.17647058823529,-21.12676056338028,-28.510638297872337,63.539822893069164,-22.412136227516868,2.99548922808428,4.3721070113167
DGIC,Desh General Insurance Company Ltd,41.9,2.9484029484029377,6.34517766497462,26.969696969696965,40.13377926421405,96.71361502347418,112.69035532994924,86.22222222222221,-7.709251101321586,179.33333333333334,179.33333333333334,5.193869718672952,5.01654042795924
DHAKABANK,Dhaka Bank PLC,11.2,-0.8849557522124019,-1.75438596491229,-7.438016528925623,-8.196721311475411,-7.438016528925623,-0.8849557522124019,-1.75438596491229,-7.824788591379282,5.665366159353588,-12.547116539093306,1.7889317889317988,1.7427532974075757
DHAKAINS,Dhaka Insurance Limited,44.9,-1.9650655021834031,-1.1013215859030838,-5.073995771670187,2.7459954233409514,21.351351351351347,24.722222222222218,21.02425876010781,-43.45088161209069,149.44444444444446,-5.798039291047845,2.7740731920298485,3.8561537881322825
DOMINAGE,Dominage Steel Building Systems Ltd,65.8,-0.4538577912254118,0.15220700152206135,3.459119496855339,-16.17834394904459,35.112936344969185,127.68166089965399,246.31578947368422,81.8157899282237,397.4479991543384,397.4479991543384,4.944019100934513,5.066767074135283
DOREENPWR,Doreen Power Generations & Systems Ltd.,31.8,1.2738853503184782,2.5806451612903247,-2.7522935779816575,0.0,18.215613382899637,12.765957446808516,3.583061889250819,-55.4799997141816,7.1350660267347745,-20.00581737820349,2.9681165872521573,3.9233029426966635
DSHGARME,Desh Garments Limited.,152.9,2.6863666890530555,-2.362707535121321,-10.48009367681499,-2.0499679692504733,41.57407407407408,31.3573883161512,17.61538461538462,-21.772093101483716,50.59510155103615,1398.7486473119561,4.223380073688027,5.538046580047068
DSSL,Dragon Sweater & Spinning Ltd.,10.8,-1.818181818181812,-4.424778761061947,-12.195121951219512,-16.279069767441857,20.000000000000007,27.05882352941177,0.0,-50.99999976316666,83.94734445949065,18.92516100181895,3.484944618958167,4.554041354314457
DULAMIACOT,Dulamia Cotton Spinning Mills Limited,213.9,-0.2797202797202771,3.885381253035454,12.048192771084336,5.943536404160476,84.23772609819123,58.44444444444445,47.21266345492084,267.52577319587624,2790.5405405405404,2225.0,6.4557682060511326,6.116184048034608
DUTCHBANGL,Dutch-Bangla Bank PLC,45.5,-0.6550218340611291,-1.3015184381778773,1.336302895322943,2.247191011235955,16.24087618816265,23.769430361237045,18.843283879197763,-9.067986065860369,110.11891715675073,99.06956025079124,1.7275746775925651,2.209010470067761
EASTERNINS,Eastern Insurance PLC,62.1,-1.5847860538827259,2.306425041186159,-0.6399999999999977,3.8461538461538534,19.884169884169893,23.952095808383234,23.952095808383234,-49.91935483870968,153.46938775510205,70.13698630136986,2.6223687117480274,3.9989365968563018
EASTLAND,Eastland Insurance PLC,27.5,-1.4336917562723963,-3.1690140845070376,-6.462585034013601,2.23048327137547,36.13861386138615,47.058823529411775,30.952380952380953,-34.67933491686461,70.28482032243001,-22.593032941906486,1.7377274650867531,3.044297216494334
EASTRNLUB,Eastern Lubricants Blenders PLC,1886.1,-1.8116507886928097,-4.317167207792215,-1.7656250000000047,2.616974972796513,19.44901836605446,13.552077062010833,17.392115595612037,55.10332893516697,226.59138073303913,1468.9994248949524,2.444080860663657,2.628802127449551
EBL,Eastern Bank PLC,22.8,-0.8695652173913012,-0.4366812227074143,-4.602510460251037,-8.064516129032258,-11.71428602726852,-3.7540987330169235,-6.064000347563195,-11.136701419916596,62.87027997392555,72.48271836637443,1.1442151634593107,1.978259908080698
EBL1STMF,EBL First Mutual Fund Units,4.4,-2.2222222222222143,-4.347826086956506,2.32558139534885,10.000000000000009,22.22222222222223,41.93548387096775,4.761904761904766,-42.857142857142854,0.5230763972639084,-35.82649116719106,3.9533914538539916,6.092658354786249
EBLNRBMF,EBL NRB Mutual Fund,3.5,0.0,-2.7777777777777803,-2.7777777777777803,12.90322580645161,16.666666666666668,52.17391304347827,12.90322580645161,-48.529411764705884,-19.22549043016613,-49.05551679133223,5.111111111111113,5.260894256692577
ECABLES,Eastern Cables Ltd.,119.1,0.6762468300929816,-4.337349397590366,-13.633067440174047,-14.06926406926407,-5.924170616113744,6.24442462087422,-9.977324263038561,-19.905850706119704,-11.479729903779722,187.07370459655755,4.0257861826000285,4.677201984667766
EGEN,eGeneration PLC,22.2,-1.7699115044247882,-3.896103896103905,-10.843373493975902,-19.272727272727277,5.714285714285711,12.121212121212114,-16.541353383458656,-64.19354838709677,47.99999999999999,47.99999999999999,1.9691366439997307,3.7960619032326552
EHL,Eastern Housing Ltd.,81.8,-1.6826923076923146,-3.87779083431257,-9.911894273127754,-12.978723404255321,8.921438082556595,11.748633879781412,-3.7647058823529447,29.022082018927442,130.26809705800514,109.24478060759317,2.2568721145449913,3.3969408615266583
EIL,Express Insurance Ltd.,33.4,-0.5952380952381037,3.726708074534148,0.3003003003003046,3.4055727554179613,22.79411764705882,18.439716312056735,7.051282051282049,-9.973045822102433,122.66666666666666,122.66666666666666,3.196142810145092,3.407546083293408
EMERALDOIL,Emerald Oil Industries Ltd.,26.5,-3.2846715328467107,-10.774410774410773,-8.620689655172415,21.55963302752293,73.20261437908496,84.02777777777777,59.638554216867455,-28.18428184281842,-26.942355964796075,-38.33653858842289,3.7894862794129165,5.123823393055072
ENVOYTEX,Envoy Textiles Ltd.,72.7,-0.13736263736262957,2.3943661971831025,14.849921011058461,22.596964586846553,49.89690721649485,49.89690721649485,29.129662522202498,58.38779956427017,104.06501438377659,62.24938034529021,3.1759473009180517,5.280724340423469
EPGL,Energypac Power Generation PLC,16.0,-3.0303030303030303,-6.432748538011704,-14.438502673796789,-21.951219512195124,0.0,2.5641025641025665,-17.94871794871795,-70.0374531835206,-65.59139784946237,-65.59139784946237,2.9469636656924636,3.575926597527272
ESQUIRENIT,Esquire Knit Composite PLC,23.6,-0.8403361344537785,0.0,-11.61048689138576,-10.266159695817487,19.191919191919194,14.563106796116504,-12.267657992565045,-46.11872146118721,-50.10570824524312,-50.10570824524312,2.2448447375165403,4.569299102350807
ETL,Evince Textiles Ltd.,15.5,-2.5157232704402537,5.4421768707483045,10.714285714285714,8.391608391608386,66.66666666666664,55.0,50.48543689320387,9.154929577464793,12.530000516287647,18.75025181757029,4.897288996506405,4.792679189927067
EXIM1STMF,EXIM Bank 1st Mutual Fund 2013- Units,6.1,-4.687500000000011,-12.857142857142861,-6.1538461538461595,74.28571428571426,79.41176470588235,117.85714285714286,52.49999999999999,-10.294117647058826,0.19041121953641701,-21.75506980264856,5.046717057987554,6.54184187265823
FAMILYTEX,Familytex (BD) Ltd.,2.3,0.0,0.0,-11.538461538461549,-8.000000000000007,-28.125000000000007,76.9230769230769,27.777777777777764,-55.76923076923078,-69.74389181828016,-92.97651973839928,8.142292490118567,6.712879786002316
FARCHEM,FAR Chemical & Textile Ind. PLC,15.5,0.0,-7.185628742514966,-9.356725146198839,-18.84816753926702,0.0,6.896551724137931,-25.120772946859898,1.9736842105263206,-1.3681274135235095,-31.231666584144666,4.534025152234217,5.855459151292907
FAREASTLIF,Fareast Islami Life Insurance Company Limited,17.5,-1.68539325842697,-3.8461538461538423,-11.167512690355327,-22.566371681415934,-17.840375586854464,-15.865384615384617,-35.42435424354244,-72.78382581648523,-66.82464441769052,-77.74566467299275,3.8812577642501704,5.386305683753448
FBFIF,First Bangladesh Fixed Income Fund Units,3.4,-2.85714285714286,-2.85714285714286,-8.108108108108116,9.677419354838703,9.677419354838703,30.769230769230763,6.249999999999991,-40.35087719298246,-36.479365151758444,-54.66980677981142,4.672268907563029,4.872536893545303
FEDERALINS,Federal Insurance PLC,27.3,-1.4440433212996338,-3.1914893617021227,-8.695652173913036,0.7380073800737981,35.14851485148515,42.18750000000001,20.796460176991147,-25.205479452054792,176.52767460605645,41.42706926217638,1.9580550107176793,3.3442881735771812
FEKDIL,Far East Knitting & Dyeing Industries PLC.,21.4,-1.8348623853211108,-2.2831050228310503,-6.550218340611354,2.3923444976076556,52.85714285714285,50.70422535211267,3.3816425120772915,19.553072625698327,27.56937964436593,-10.047232386608245,3.205989686774947,5.228742333942202
FINEFOODS,Fine Foods Limited,464.9,-0.5986743639084908,1.3737461840383678,-0.2788502788502813,-5.6997971602434125,-6.796311146752212,22.277748553392946,45.87386256667712,783.8403041825094,5468.095174438762,2916.2088337823807,3.151221132281031,3.417071680993132
FIRSTFIN,First Finance Ltd.,4.4,0.0,-2.2222222222222143,0.0,-2.2222222222222143,-8.333333333333321,76.00000000000001,62.96296296296297,-46.98795180722892,-36.318918929589806,-87.08088770512603,3.678646934460883,6.0868364579479
FORTUNE,Fortune Shoes Ltd.,14.6,-1.3513513513513586,-7.006369426751591,-18.43575418994413,-12.574850299401197,5.797101449275353,5.035971223021577,-7.594936708860766,-80.37012185262726,-44.368349533873264,-44.368349533873264,5.029607369508846,4.576563003167985
FUWANGCER,Fu-Wang Ceramic Industry Ltd.,12.0,-4.0,-7.6923076923076925,-18.36734693877551,-24.528301886792455,3.448275862068969,4.3478260869565215,-9.774436090225567,-49.36708860759494,-2.6097563758951647,-21.214350113863517,3.4013722478238626,4.401529219810779
FUWANGFOOD,Fu-Wang Foods Limited,9.3,-2.1052631578947296,-3.124999999999989,-9.70873786407767,-24.390243902439025,-6.999999999999993,-16.9642857142857,-36.30136986301369,-53.5,-11.583571658706754,-44.17629444110492,2.9816933638443897,3.4812179468068303
GBBPOWER,GBB POWER Ltd.,13.3,1.5267175572519165,0.0,-5.673758865248219,60.24096385542168,56.47058823529412,107.8125,92.7536231884058,-68.70588235294117,-6.27516758394666,-49.65595612867395,2.7751937984496133,5.025275726259555
GEMINISEA,Gemini Sea Food PLC,106.7,0.09380863039400425,-2.9999999999999973,-8.175559380378658,-10.86048454469507,-4.476275738585497,-21.94586686174103,-38.607594936708864,22.51088609085938,-2.5296873016193295,502.2084694689449,3.37047528164988,4.513219991425291
GENEXIL,Genex Infosys PLC,32.2,-3.5928143712574725,-8.781869688385253,-11.780821917808211,-13.440860215053762,28.286852589641438,19.70260223048329,4.207119741100338,-74.75405774293968,-3.764886269781909,-3.764886269781909,3.206045552056893,4.046209755929812
GENNEXT,Generation Next Fashions Ltd.,2.9,0.0,-3.333333333333336,-9.375000000000009,-3.333333333333336,-17.142857142857146,7.407407407407397,-3.333333333333336,-59.154929577464785,-54.4285715457551,-86.98274201157395,5.689655172413797,5.866698298964315
GHAIL,Golden Harvest Agro Industries Ltd.,12.1,-1.62601626016261,-5.468750000000009,-14.184397163120568,-23.41772151898735,1.680672268907557,13.084112149532714,-4.7244094488188955,-40.0990099009901,-15.926574322213174,-67.20015424233185,3.7497560975609705,4.367749714543674
GHCL,Global Heavy Chemicals Ltd.,19.0,-3.0612244897959253,-9.090909090909085,-10.798122065727702,-3.5532994923857832,1.6042780748663141,-4.5226130653266265,-16.666666666666668,-54.86935866983373,-55.294117647058826,-76.96969696969697,3.2135250953533747,5.453887084706899
GLDNJMF,ICB AMCL CMSF GOLDEN JUBILEE MUTUAL FUND,8.7,-3.333333333333341,-10.309278350515465,3.5714285714285587,29.850746268656703,49.99999999999999,42.62295081967213,26.08695652173911,-20.909090909090914,-20.909090909090914,-20.909090909090914,4.680498372865675,5.965831463546471
GLOBALINS,Global Insurance PLC,43.6,-2.4608501118568262,-3.111111111111108,-8.016877637130795,5.060240963855425,53.52112676056339,70.98039215686275,55.71428571428572,-17.890772128060263,312.25589225882123,84.0751586573557,2.725033024072884,3.5395380045387324
GOLDENSON,Golden Son Limited,11.7,-1.680672268907572,-7.142857142857145,-19.86301369863014,-33.142857142857146,2.6315789473684115,15.84158415841584,-4.878048780487816,-31.976744186046513,-49.130434782608695,-70.45454545454545,2.3647252004249926,4.310326760731118
GP,Grameenphone Ltd.,240.8,-0.12442969722106303,-0.9053497942386785,-1.8744906275468598,-6.847195357833652,0.6268282490597576,-7.384615384615381,-19.05882352941176,-36.329984135378105,-10.416666666666666,40.326340326340336,0.48054566150916955,0.9006614243039086
GPHISPAT,GPH Ispat Limited,15.7,-1.8750000000000044,-7.647058823529415,-11.299435028248588,-13.259668508287305,-0.6329113924050722,-2.484472049689454,-23.03921568627451,-72.48152687133654,-30.357415996751435,-16.16173858877971,2.293955936779084,4.224569841632175
GQBALLPEN,G.Q. Ball Pen Industries Limited,598.9,-0.1000834028357002,-4.160665706513043,5.551639055340148,-1.6584564860426967,0.9098567818028606,33.77261559079741,2.7272727272727235,389.297385620915,807.4242424242424,341.4967935473045,3.5670536036469973,4.787457725436219
GRAMEENS2,Grameen Mutual Fund One - Grameen Two Units,11.9,-2.459016393442614,-8.46153846153846,-3.252032520325206,-7.751937984496124,-1.6528925619834653,9.174311926605505,-4.799999999999997,-29.58579881656804,17.86666685525333,-35.01187221959388,3.5955942863779957,3.4977324942377472
GREENDELMF,Green Delta Mutual Fund 2010 Units,4.6,-4.1666666666666705,-9.803921568627452,0.0,21.052631578947366,35.29411764705882,53.33333333333332,27.777777777777764,-42.50000000000001,-34.28571428571429,-36.11111111111112,5.405433366686174,6.554206984472297
GREENDELT,Green Delta Insurance PLC,66.9,-3.3236994219653133,1.8264840182648445,-3.3236994219653138,-3.463203463203451,27.186311787072253,24.813432835820905,30.409356725146218,-38.11285846438482,70.21457469369008,28.330314055137244,3.8101692866410755,4.327747816110219
GSPFINANCE,GSP Finance Company PLC,3.4,-2.85714285714286,-5.555555555555561,-8.108108108108116,-15.000000000000002,-24.444444444444446,112.49999999999997,13.33333333333333,-86.8050541769903,-75.11755282215124,-76.62557990621443,6.470588235294123,6.061773194126138
HAKKANIPUL,Hakkani Pulp & Paper Mills PLC,69.5,0.1440922190201647,-2.797202797202797,-8.311345646437992,-12.578616352201259,-12.578616352201259,2.65878877400295,-8.432147562582353,-13.878562577447338,39.27855711422846,273.6559139784946,3.0094465937604835,4.004293770593387
HAMI,Hami Industries PLC,152.7,-1.420271142672703,4.5174537987679635,-4.5028142589118305,-0.7797270955165803,-8.672248803827753,41.914498141263934,27.462437395659425,-12.692967409948553,-12.692967409948553,-12.692967409948553,4.408127756928722,4.823108470552308
HEIDELBCEM,Heidelberg Materials Bangladesh PLC,205.4,-1.2499999999999973,-2.1904761904761876,-2.6540284360189546,-11.61790017211704,-10.695652173913041,-6.167199634536318,-16.774716369529987,-41.39800285306705,-62.277318640955,-22.196969696969692,2.3359794728792607,2.8303996049696156
HFL,Hamid Fabrics PLC,11.3,-0.8771929824561372,-9.599999999999994,-23.64864864864865,-22.60273972602739,-14.393939393939384,73.84615384615385,73.84615384615385,-45.14563106796117,-39.57219251336898,-80.25790344654568,8.251348223614546,7.016288985328281
HRTEX,H.R. Textile Mills Ltd.,16.4,-2.9585798816568047,-6.285714285714294,-15.025906735751306,-23.720930232558146,-11.35135135135136,-10.382513661202198,-32.51028806584363,-78.2650602626988,-24.833333408500007,-41.89570542861247,2.9321855781601034,4.863319251509126
HWAWELLTEX,Hwa Well Textiles (BD)PLC,46.4,0.0,0.8695652173913012,-3.333333333333336,-4.132231404958678,15.422885572139291,4.035874439461877,-3.53430353430354,-0.21505376344086327,42.33128834355827,15.999999999999996,1.9616311211492086,3.473305798808568
IBNSINA,BN SINA Pharmaceutical Industry PLC,310.9,-1.3015873015873087,-2.2941546197360188,-0.48015364916773373,-3.4472049689441064,-0.9872611464968225,-1.3015873015873087,0.9415584415584342,16.00746268656716,72.56376155045137,419.0252681091257,1.3865900435756133,1.4006080996567476
IBP,Indo-Bangla Pharmaceuticals Ltd.,14.2,-2.739726027397263,-7.792207792207799,-22.82608695652174,-17.441860465116278,10.937499999999988,26.78571428571429,6.766917293233072,-37.22746805174194,-45.796044277075346,-45.796044277075346,4.316523178592141,5.940544730956813
ICB,Investment Corporation of Bangladesh,42.1,9.921671018276774,5.5137844611528894,-2.09302325581395,-7.268722466960346,14.092140921409221,15.34246575342466,-17.45098039215686,-71.32270573937956,-45.414051952808265,-61.509441570329365,4.056802703408186,3.804228223988182
ICB3RDNRB,ICB AMCL Third NRB Mutual Fund 2010 Units,6.0,-3.2258064516129057,-7.6923076923076925,3.448275862068969,22.44897959183673,39.53488372093024,46.341463414634156,33.333333333333336,-14.285714285714286,33.333333333333336,-15.49295774647887,5.778737314597972,5.57285394621667
ICBAGRANI1,ICB AMCL First Agrani Bank Mutual Fund Units,7.9,-2.469135802469127,-7.058823529411761,0.0,5.333333333333338,23.4375,23.4375,14.492753623188404,-13.186813186813179,-8.139534883720922,-8.139534883720922,5.6552015115036784,5.481389606214822
ICBAMCL2ND,ICB AMCL Second Mutual Fund Units,10.1,5.208333333333334,-2.8846153846153912,36.48648648648648,50.74626865671641,74.13793103448276,80.35714285714286,68.33333333333333,-28.368794326241137,101.99999999999999,32.89473684210527,5.879022749213696,7.103999030007941
ICBEPMF1S1,ICB Employees Provident Mutual Fund One Scheme One Units,6.2,-3.1250000000000027,-8.823529411764701,1.639344262295091,3.333333333333336,16.981132075471702,82.3529411764706,37.777777777777786,-18.42105263157894,3.333333333333336,-25.301204819277114,4.98816595590789,6.756378568065315
ICBIBANK,ICB Islamic Bank Limited,2.6,0.0,4.0000000000000036,-3.703703703703707,-7.1428571428571335,-13.33333333333333,8.333333333333341,13.043478260869579,-55.932203389830505,-33.33333333333333,-65.33333333333334,4.866666666666672,5.518625818625824
ICBSONALI1,ICB AMCL Sonali Bank Ltd 1st Mutual Fund 2013- Units,7.6,-1.2987012987013056,-5.000000000000004,16.92307692307692,40.740740740740726,68.88888888888887,80.95238095238093,49.01960784313726,-9.523809523809533,26.66666666666666,-36.66666666666667,4.450209439683123,6.088028343780961
ICICL,Islami Commercial Insurance PLC.,38.8,-0.25706940874036355,3.4666666666666592,2.6455026455026456,26.797385620915016,82.15962441314552,73.21428571428571,71.68141592920351,165.75342465753423,165.75342465753423,165.75342465753423,4.834035063779403,4.136011339517447
IDLC,IDLC Finance PLC.,42.3,-1.1682242990654208,-2.758620689655179,-3.203661327231134,-2.758620689655179,11.037500277593736,24.064246120216463,7.0240966395632105,-33.82765152876825,7.070546501449363,-10.533655135527146,2.4594671911317763,2.726107593577204
IFADAUTOS,IFAD Autos PLC,23.4,1.2987012987012863,0.42918454935621403,-1.2658227848101296,-13.97058823529412,14.146341463414629,7.834101382488477,-3.3057851239669453,-57.733799226704384,-51.58719505532168,33.11100708188841,2.8438158532467956,3.3016966093554467
IFIC,IFIC Bank PLC,4.8,0.0,-2.040816326530623,0.0,-2.040816326530623,-5.8823529411764675,2.1276595744680775,-9.433962264150944,-65.66898731629006,-34.27940781983942,-54.822631136852145,3.4042553191489353,4.548364215609208
IFIC1STMF,IFIC Bank 1st Mutual Fund Units,3.8,-2.5641025641025665,-9.523809523809533,-9.523809523809533,5.555555555555547,-5.000000000000004,51.999999999999986,15.151515151515152,-37.704918032786885,-8.562499871416021,-41.12317074359039,4.553882360685957,5.281062448768301
IFILISLMF1,IFIL Islamic Mutual Fund - 1 Units,5.8,-1.6949152542372972,-6.451612903225812,7.407407407407397,31.818181818181802,41.46341463414635,70.58823529411765,34.883720930232556,-12.12121212121212,-12.12121212121212,-7.936507936507937,5.398580166198615,4.46297590947169
INDEXAGRO,Index Agro Industries Ltd,72.4,-1.092896174863384,-4.862023653088028,4.7756874095513915,-7.179487179487173,14.738510301109358,8.221225710014947,-0.3669722348371227,-40.56293965056329,1.3600002534000022,1.3600002534000022,2.9983025341303264,3.77801949776236
INTECH,Intech Ltd.,23.2,-1.6949152542372972,-7.200000000000002,-7.936507936507937,-32.7536231884058,-38.461538461538474,-26.813880126182966,-33.714285714285715,-40.05167958656332,105.26956525755273,90.42173298734973,3.3988523625192983,5.11292623246391
INTRACO,Intraco Refueling Station PLC,22.1,0.454545454545461,-0.45045045045044085,-3.9130434782608634,6.763285024154601,25.568181818181817,7.804878048780495,-14.999999999999996,-5.285714718693872,-52.46975863767925,-52.46975863767925,3.3691186503515276,2.915654950977563
IPDC,IPDC Finance PLC,32.5,-1.8126888217522703,-7.142857142857143,0.6191950464396373,-7.670454545454553,85.46195698539402,78.66492186352143,53.71621660050676,-9.63147864640264,116.74194562371534,521.7466734654251,5.037103457358729,4.182618281007722
ISLAMIBANK,Islami Bank Bangladesh PLC,26.4,-1.1235955056179803,-1.858736059479554,-5.0359712230215905,-16.190476190476193,-31.428571428571434,-20.000000000000004,-34.975369458128085,-12.000000000000004,-14.838709677419358,-32.46511634660466,1.8917197935065202,2.342538909536514
ISLAMICFIN,Islamic Finance & Investment PLC,10.6,-0.9345794392523332,-3.63636363636364,-7.826086956521742,-4.504504504504505,0.0,11.57894736842105,47.222222222222214,-67.0807453416149,-20.15928571990309,-41.87595989761683,2.8301886792452944,2.8975236729814347
ISLAMIINS,Islami Insurance Bangladesh Limited,66.9,-0.7418397626112759,2.923076923076932,7.211538461538472,4.694835680751185,81.3008130081301,78.4,67.66917293233085,1.057401812688826,412.90961373844215,255.22365081233497,5.318681870971611,4.219453458376026
ISNLTD,Information Services Network Ltd.,48.3,-8.522727272727273,-13.750000000000004,-13.903743315508029,-25.116279069767444,-36.61417322834646,-38.39285714285715,-56.875,6.858407079646005,286.40000061823997,219.65818308519056,6.345995730125174,7.649524672842118
ITC,IT Consultants PLC,42.9,-1.3793103448275894,-6.1269146608315195,-9.110169491525433,-14.200000000000003,12.89473684210526,11.428571428571425,-2.0547945205479423,1.6587677725118382,37.47025963115822,46.02527577912356,2.207035478150896,2.8955985541259293
JAMUNABANK,Jamuna Bank PLC,22.8,-0.4366812227074143,-1.2987012987013018,-5.785123966942143,-4.201680672268908,0.8849557522123862,8.056872037914689,6.542056074766366,18.121392952473904,154.55591305837055,94.83685795872721,0.9649224054692687,1.752346557306224
JAMUNAOIL,JAMUNA OIL PLC,177.3,-0.39325842696628577,-0.39325842696628577,0.2828054298642534,-3.1147540983606494,3.261502620850334,4.787234042553205,-5.691489361702121,-3.6413043478260807,-11.349999999999996,10.436013476846448,1.3230142334370003,1.0794835451561335
JANATAINS,Janata Insurance PLC,32.0,-2.1406727828746264,-4.477611940298507,-8.045977011494246,-9.090909090909099,1.265822784810122,31.687242798353903,24.999999999999993,-29.831325017486662,248.72455568467652,-82.88567181877043,2.7704947157579425,4.145671328018844
JHRML,JMI Hospital Requisite Manufacturing Ltd,42.5,-0.9324009324009291,-3.628117913832203,-12.551440329218108,-19.354838709677423,0.7109004739336425,0.7109004739336425,-23.561151079136692,93.18181818181819,93.18181818181819,93.18181818181819,1.8231758673966367,3.534448572329909
JMISMDL,JMI Syringes & Medical Devices Ltd.,126.1,-1.56128024980484,-2.323780015491867,-5.045180722891579,-17.03947368421053,7.777777777777773,6.864406779661012,-11.508771929824565,-57.43459929261479,8.817258536911563,264.11040225290145,1.5352175838661934,3.593589888503531
JUTESPINN,Jute Spinners Limited,204.5,-0.38967364831953794,-3.5377358490566038,-3.5377358490566038,-3.309692671394799,-5.192396847473337,4.764344262295088,-7.882882882882883,32.53402462734931,271.8181818181818,207.5187969924812,2.545688313830612,2.46659836347175
KARNAPHULI,Karnaphuli Insurance PLC,52.5,0.3824091778202731,-4.718693284936481,-9.948542024013719,33.92857142857142,76.76767676767678,84.21052631578948,71.00977198697069,19.047619047619044,366.7842763881873,92.32693972559542,3.575542696937531,3.784149201948484
KAY&QUE,Kay and Que (Bangladesh) Ltd.,403.4,0.6235969069593416,4.37257438551099,3.5952747817154598,-7.243044378017935,-12.247117685447034,6.889242183359831,4.985022925114641,50.68488970343603,1527.6068223332427,1930.9702522870846,3.550128322075093,4.0298097717303385
KBPPWBIL,Khan Brothers PP Woven Bag Industries Ltd,35.1,-3.038674033149175,-7.387862796833766,0.28571428571428975,-8.1151832460733,-26.569037656903756,-26.874999999999996,-76.52173913043478,142.06896551724137,86.33521736181478,4.863116693114162,5.4967787696317245,6.446799858574198
KDSALTD,KDS Accessories Ltd.,43.4,-1.8099547511312313,-4.194260485651212,-8.631578947368423,-19.48051948051948,0.4629629629629531,5.596107055961063,-8.823529411764712,-40.03947353430921,-24.387407270994245,-16.826148087936385,2.145992504421903,3.1883099830602055
KEYACOSMET,Keya Cosmetic Ltd.,5.2,-1.886792452830182,-5.4545454545454515,-1.886792452830182,0.0,4.0000000000000036,15.555555555555559,8.333333333333341,-41.573033707865164,-32.02640777717973,-66.73217287359967,3.455135319730223,4.496585478318551
KOHINOOR,Kohinoor Chemical Company (Bangladesh) PLC,520.1,-0.4974172565525201,-0.5544933078393838,-3.255208333333333,2.4827586206896597,2.1807465618860555,4.040808161632336,0.7235914485721984,60.20522021464642,342.24991862331524,1025.9334097561916,0.7237404077820953,1.4566385994621194
KPCL,Khulna Power Company Ltd.,10.5,0.9615384615384581,-1.8691588785046664,-9.482758620689653,0.0,-0.943396226415091,0.0,-7.8947368421052655,-77.2234273318872,-82.03732505592106,-75.69639274987064,2.692449944877121,3.6510370851020064
KPPL,Khulna Printing & Packaging Ltd,14.0,2.941176470588238,4.477611940298504,-1.4084507042253471,-9.67741935483871,-10.256410256410255,-12.5,-9.67741935483871,-6.666666666666667,50.53763440860214,-59.36675465922682,4.555324066168011,5.088474165579402
KTL,Kattali Textile Ltd.,14.1,6.015037593984954,6.818181818181821,12.799999999999997,29.35779816513761,48.42105263157894,21.551724137931036,6.015037593984953,-52.525252525252526,-26.296480466619936,-26.296480466619936,4.32432668070714,4.6317654592649795
LANKABAFIN,LankaBangla Finance PLC,14.1,-1.398601398601406,-4.729729729729737,-11.875000000000002,-18.023255813953487,-3.4246575342465753,14.634146341463405,-16.568047337278102,-70.19027484143763,-31.906633454965828,-50.756710781420985,2.24594849594849,3.0302918721161585
LEGACYFOOT,Legacy Footwear Ltd.,69.7,-2.244039270687229,1.455604075691412,-2.380952380952385,-0.5706134094151092,14.262295081967217,28.597785977859775,11.341853035143771,-2.6536312849161896,184.42096662489507,345.09146567038516,2.7831998737561703,3.267608449588666
LHB,LafargeHolcim Bangladesh PLC,52.2,-0.5714285714285661,-3.333333333333328,-1.3232514177693682,-7.44680851063829,2.5540275049115997,10.828025477707008,-6.951871657754008,-44.17112299465241,-32.64516129032258,618.225261416418,1.4279640262267201,2.275020034031479
LIBRAINFU,Libra Infusions Ltd.,563.2,-0.3714841676985511,-1.383295394852036,-5.8351446246447045,-12.41057542768273,-9.598715890850714,-11.446540880503138,-28.699835422205336,-7.021792232138509,63.50967725531773,378.18867874904953,1.5607988351563415,2.1211301643129366
LINDEBD,Linde Bangladesh Limited,664.2,0.22634676324128564,-1.468624833110811,-4.431654676258987,-7.364016736401667,-12.490118577075094,-12.490118577075094,-25.37078651685393,-59.72104305639782,-53.06007067137809,28.845780795344332,1.3990571102328309,1.3741845515441702
LOVELLO,Taufika Foods and Lovello Ice-cream PLC,49.4,-3.32681017612525,-6.792452830188681,-6.083650190114073,-28.81844380403459,-27.777777777777786,-27.565982404692086,-46.799999869864614,56.32054820110007,280.38000049829776,280.38000049829776,2.927463951142283,5.160975627650766
LRBDL,Lub-rref (Bangladesh) Ltd,13.1,0.0,-2.238805970149259,-10.273972602739727,-7.746478873239435,39.36170212765957,32.32323232323232,-12.666666666666668,-75.23629489603024,-67.65432098765432,-67.65432098765432,2.6071638285378778,5.328390456796582
LRGLOBMF1,LR Global Bangladesh Mutual Fund One Units,4.3,-2.2727272727272845,-6.52173913043478,0.0,19.444444444444436,34.374999999999986,53.57142857142858,22.857142857142854,-52.22222222222222,-40.277777777777786,-53.26086956521739,5.436692506459951,5.746362065180919
MAGURAPLEX,Magura Multiplex PLC,82.8,0.852618757612671,-3.0444964871194475,-2.8169014084507107,-10.871905274488707,3.889585947302377,-1.3110846245530494,-20.307988450433115,-50.09821450648513,363.33678550015736,363.33678550015736,2.5644488956515827,3.311915211431201
MAKSONSPIN,Maksons Spinning Mills PLC,5.4,-1.818181818181812,-8.47457627118644,-15.625,-9.999999999999995,-9.999999999999995,14.893617021276599,-20.588235294117638,-83.78378378378379,-21.249999803124993,-66.55337062792722,5.78667628667629,4.891666482744126
MALEKSPIN,Malek Spinning Mills PLC,50.3,0.5999999999999943,4.791666666666661,-2.8957528957528957,22.682926829268286,89.81132075471696,74.0484429065744,54.294478527607346,40.89635854341735,189.08045977011497,101.19999999999999,3.398701680164703,4.675585225128948
MARICO,Marico Bangladesh Limited.,2651.3,-0.3720126258830466,-0.3195729002180615,-4.495515291235897,-4.11211573236889,-3.0603290676416752,-0.0678451622630028,-5.479500891265591,12.058326289095527,117.17726081258193,606.0719041278296,1.0074037886571416,0.9019811305046939
MATINSPINN,Matin Spinning PLC,71.6,4.985337243401747,8.484848484848476,14.559999999999992,20.74198988195615,56.673960612691445,53.978494623655905,25.17482517482516,8.484848484848476,78.99999999999999,59.1111111111111,7.630791600207463,5.828787723770249
MBL1STMF,MBL 1st Mutual Fund 2010- Units,10.2,-5.555555555555569,-2.857142857142864,17.24137931034483,148.78048780487805,154.99999999999997,199.99999999999997,142.85714285714283,24.390243902439025,43.66197183098591,47.82608695652172,5.3397713794805695,6.505653622965314
MEGCONMILK,Meghna Condensed Milk Industries Ltd.,30.8,-0.32362459546924877,-6.382978723404249,-17.204301075268823,-24.694376528117356,-0.6451612903225784,113.88888888888887,87.80487804878051,42.59259259259258,340.0,224.21052631578948,3.5198108512749116,5.611927551832001
MEGHNACEM,Meghna Cement Mills PLC,28.9,-2.0338983050847506,-1.7006802721088436,-9.404388714733543,-10.248447204968958,-1.3651877133105874,-1.3651877133105874,-37.173913043478265,-63.87109853928574,-64.12644444132884,-60.874646730805466,3.423105327651014,5.282641271871291
MEGHNAINS,Meghna Insurance PLC,34.6,-2.2598870056497096,-3.888888888888885,-10.129870129870127,-0.2881844380403499,25.362318840579707,23.131672597864767,36.220472440944896,214.54545454545453,214.54545454545453,214.54545454545453,3.189184860583458,3.9868211932775446
MEGHNALIFE,Meghna Life Insurance PLC,50.8,-0.9746588693957117,-4.15094339622642,-10.563380281690142,-18.720000000000002,-4.15094339622642,0.0,-18.589743589743595,-43.67922897244075,27.311509238214807,-22.001260160231208,3.1796843164805058,4.9123390649086325
MEGHNAPET,Meghna Pet Industries Ltd.,73.6,-2.7741083223249783,-3.030303030303045,-7.7694235588972465,-11.64465786314526,171.58671586715863,237.61467889908255,193.2270916334661,170.58823529411762,1106.5573770491803,1049.9999999999998,6.332436194022915,7.758925415386354
MERCANBANK,Mercantile Bank PLC,6.2,-1.5873015873015817,-3.1250000000000027,-12.676056338028161,-16.216216216216218,-27.906976744186043,-16.216216216216218,-32.6086956521739,-59.71974534659289,-21.19477226049272,-40.07484560929133,1.9255789747593102,3.169729417724378
MERCINS,Mercantile Islami Insurance PLC,50.6,2.222222222222225,-4.52830188679245,18.224299065420574,20.476190476190478,109.95850622406638,98.43137254901961,94.61538461538461,-2.504816955684002,272.05882352941177,83.40453130464039,5.2986577536168475,5.677834703350834
METROSPIN,Metro Spinning Ltd.,9.9,0.0,-0.9999999999999964,-12.389380530973453,6.4516129032258025,10.000000000000004,16.47058823529412,-10.810810810810805,-65.80592096714638,32.53624997299575,-34.12399397049826,4.190789473684211,5.297887962191935
MHSML,Mozaffar Hossain Spinning Mills Ltd.,19.9,-0.9950248756219046,-1.970443349753705,-8.29493087557604,-19.10569105691058,16.374269005847935,47.4074074074074,13.0681818181818,-12.719298245614045,11.336044982572979,-19.57710401744968,3.1654759022566274,4.581027926892656
MIDASFIN,MIDAS Financing PLC,4.6,-2.1276595744680966,2.2222222222222143,-19.298245614035096,-28.125000000000007,-23.33333333333334,2.2222222222222143,-26.984126984126988,-80.22978724026807,-69.42468247569309,-81.3020159193734,6.08174015828965,5.527052917705029
MIDLANDBNK,Midland Bank PLC,16.6,-1.7751479289940661,-1.7751479289940661,-3.4883720930232434,2.469135802469149,6.410256410256421,-2.923976608187134,-16.582914572864308,89.97777707486,89.97777707486,89.97777707486,2.401083624438574,2.7958126063069897
MIRACLEIND,Miracle Industries Limited,25.4,-3.0534351145038197,-6.959706959706968,-10.877192982456144,-12.41379310344828,-4.15094339622642,-20.12578616352202,-32.804232804232804,-30.790190735694832,-7.39203452564959,175.59551699232117,2.5507166596123136,3.2178561858372356
MIRAKHTER,Mir Akhter Hossain Ltd,33.1,-2.9325513196480935,-5.698005698005698,-8.815426997245167,-18.673218673218674,21.245421245421248,19.92753623188406,1.2232415902140628,-63.82513661202186,-59.135802469135804,-59.135802469135804,3.5169814243552473,4.569657557409669
MITHUNKNIT,Mithun Knitting & Dyeing (CEPZ) Ltd.,13.2,-0.7518796992481309,-5.71428571428572,-2.941176470588238,-12.000000000000004,-19.018404907975466,-9.589041095890414,-17.500000000000004,-27.0718232044199,-78.99204235561778,-74.7165072622482,3.773309027382176,4.269144752302521
MJLBD,MJL Bangladesh PLC,89.6,-0.44444444444445075,-1.1037527593818985,-2.714440825190011,-6.86070686070687,2.3999999999999937,-0.44444444444445075,-8.478038815117477,-16.10486891385768,-20.33869582470976,57.42222199385067,1.5661555692347462,1.4367887939408825
MLDYEING,M.L. Dyeing & Textile Ind. PLC,10.7,-4.464285714285714,-8.547008547008547,-21.32352941176471,-11.5702479338843,30.487804878048784,27.380952380952365,4.901960784313726,-64.45182724252493,55.04300065459153,55.04300065459153,3.8076834104639468,5.946006383868382
MONNOAGML,Monno Agro & General Machinery Ltd.,301.7,-1.146788990825688,-2.425614489003881,-8.297872340425535,-13.602520045819015,-12.040816326530615,-18.349120433017593,-21.81912412542109,-14.881275557179322,648.8478879063401,2326.091988406651,1.7750392040102403,3.6914414468294776
MONNOCERA,Monno Ceramic Industries Limited.,82.9,-2.240566037735839,-3.040935672514613,-3.8283062645011565,-14.182194616977215,6.010230179028136,1.344743276283629,-3.37995337995337,-45.78155657292348,241.24821900331656,384.0669181208037,2.619808777315728,3.520415635071971
MONNOFABR,Monno Fabrics Ltd.,19.2,-2.040816326530623,-4.0000000000000036,-15.044247787610628,-17.24137931034483,-9.859154929577471,-10.280373831775698,-4.9504950495049505,-18.644067796610177,-18.644067796610177,-18.644067796610177,3.091958652168076,4.599499358752631
MONOSPOOL,Monospool Bangladesh PLC,104.3,-0.5719733079123056,-3.9594843462246754,-2.7958993476234855,-13.515754560530679,16.146993318485524,10.137275607180564,9.239526079362456,-27.901912857092345,118.08181729957809,118.08181729957809,2.7914560213497124,3.5134475052584855
MPETROLEUM,Meghna Petroleum PLC,204.2,-1.0658914728682254,-0.39024390243902995,-0.8737864077669958,-5.199628597957297,2.1510755377688757,5.967825635703166,-4.355971896955509,-0.4873294346978558,9.31477516059956,43.07006355119744,1.123967875597408,1.141579821747347
MTB,Mutual Trust Bank PLC,13.4,-0.740740740740738,-2.1897810218978027,0.0,-0.7407407407407381,34.471680801408176,36.65821227236985,33.40444533617906,9.670224687126549,109.0889003905815,175.8806499461527,1.8000224441701203,3.0311460139456896
NAHEEACP,Nahee Aluminum Composite Panel PLC,35.4,-2.7472527472527473,4.733727810650892,-0.5617977528089967,-6.842105263157897,76.11940298507461,91.35135135135134,46.28099173553719,-29.482071713147416,-43.8328678057826,-43.8328678057826,5.747978668688196,6.337652130110318
NATLIFEINS,National Life Insurance PLC,92.4,0.0,-2.6343519494204424,-5.906313645621179,-11.832061068702282,-5.424769703172976,-1.4925373134328268,-18.157661647475642,-60.206718346253226,-27.478338711802138,-31.97931296798105,2.2040268757268877,2.626338362475973
NAVANACNG,Navana CNG Limited,19.4,-1.5228426395939123,-3.000000000000007,-9.345794392523365,-13.004484304932745,-5.365853658536592,-8.92018779342724,-21.13821138211383,-45.988636097569035,-51.49999975750001,-67.09461508893519,2.3606687185498867,3.1454840829711666
NAVANAPHAR,Navana Pharmaceuticals PLC,62.1,-2.2047244094488168,-2.968749999999998,-7.313432835820894,-13.630041724617529,8.947368421052634,18.511450381679396,9.138840070298775,135.22727272727275,135.22727272727275,135.22727272727275,2.5209987901210136,3.031476411143676
NBL,National Bank PLC,3.2,-5.882352941176463,-5.882352941176462,-11.111111111111109,-17.948717948717942,-30.43478260869564,0.0,-8.571428571428566,-61.445783132530124,-43.30657331545926,-70.00917739790314,4.9810606060606,4.770836709339384
NCCBANK,National Credit and Commerce Bank PLC,14.2,-0.6993006993007091,-1.3888888888888962,-6.578947368421053,-11.250000000000004,14.480672706104764,21.049235954953804,21.049235954953804,2.717601759850535,89.45949769681427,28.90387179944951,1.5522924782739058,2.1212671267137595
NCCBLMF1,NCCBL Mutual Fund-1 2012- Dividend Units,6.4,-3.0303030303030196,-4.477611940298504,-3.0303030303030196,45.45454545454545,52.38095238095239,60.00000000000001,33.33333333333335,-26.436781609195393,-9.859154929577455,-46.666666666666664,5.711764620239344,5.74287480102385
NEWLINE,New Line Clothings Ltd.,5.3,0.0,-5.357142857142854,-14.51612903225807,-7.017543859649129,-5.357142857142854,32.49999999999999,5.9999999999999964,-85.23676880222841,-78.76210497755186,-78.76210497755186,5.454264492444297,5.479317950223298
NFML,National Feed Mill Ltd,14.7,-2.6490066225165587,-8.125000000000004,-16.949152542372882,-31.627906976744192,0.0,4.2553191489361675,36.1111111111111,-52.26045016399528,9.193662636926787,-47.300074230211564,3.750223114246184,5.443636210408839
NHFIL,National Housing Finance PLC,25.9,-0.7662835249042255,-4.07407407407408,-7.168458781362007,-21.51515151515152,12.608695652173909,15.111111111111105,1.5686274509803866,-60.865384655701874,-31.12307706022526,-15.190850482458305,2.2285235141065494,3.0351696153035332
NITOLINS,Nitol Insurance PLC,57.2,-2.8862478777589065,-1.3793103448275814,9.578544061302681,51.72413793103448,108.00000000000001,103.55871886120995,108.75912408759126,-0.23255789011626934,246.94750048227064,140.12445516175677,3.773066906123307,3.9954235468062143
NORTHERN,Northern Jute Manufacturing Co. Ltd.,98.5,-0.8056394763343376,-1.4014014014014071,-7.94392523364486,-11.341134113411337,-15.086206896551724,15.474794841735056,-6.011450381679388,-70.74547074547075,-59.381443136494845,556.6666710444445,5.187681115181653,5.464309866151949
NORTHRNINS,Northern Islami Insurance PLC,36.1,-2.432432432432429,-4.749340369393132,-10.643564356435636,-9.296482412060291,33.93992963862422,36.34892120418166,22.274193854072582,-31.206896386296076,125.3810814654472,18.089324568173616,2.6881664746922227,3.9649972974533543
NPOLYMER,National Polymer Industries PLC,31.5,-3.37423312883436,-1.5625,-3.37423312883436,-11.764705882352947,17.53731343283582,18.42105263157894,-3.963414634146333,-52.48868778280543,-24.14176996747435,118.2638710353758,4.159216487739321,3.638224183968386
NRBBANK,NRB Bank PLC,6.7,0.0,3.0769230769230798,-1.4705882352941124,9.836065573770501,-4.285714285714283,9.836065573770501,-21.17647058823529,-25.555555555555554,-25.555555555555554,-25.555555555555554,2.442890442890447,3.2370594698110935
NRBCBANK,NRBC Bank PLC,9.1,-4.210526315789478,2.247191011235947,1.1111111111111072,26.38888888888888,26.38888888888888,78.43137254901961,44.44444444444444,-60.982013483001396,-28.44101254146038,-28.44101254146038,3.507810002722125,3.503047991103964
NTC,National Tea Company Limited,153.8,-0.8381689232752954,-0.7741935483870894,-3.874999999999993,-4.472049689440987,-3.814884302689177,-11.507479861910241,-12.164477441462012,-72.783578127765,-70.87121212121212,-80.02597402597404,2.4667943224308293,3.056120647782758
NTLTUBES,National Tubes Limited,60.3,-0.9852216748768498,-3.5200000000000045,-8.219178082191789,-16.250000000000004,-0.4950495049505021,-3.5200000000000045,-21.484375,-47.382198952879584,-31.77339285577323,155.89921739233534,3.127124842741093,3.3582483791113233
NURANI,Nurani Dyeing & Sweater Ltd.,3.0,7.1428571428571495,-3.225806451612906,-6.250000000000005,0.0,-9.090909090909086,50.0,20.0,-67.74193548387098,-82.27108003686878,-82.27108003686878,7.1182266009852295,6.7925478097891965
OAL,Olympic Accessories Ltd,5.7,-3.3898305084745792,-8.064516129032258,-18.571428571428566,-18.571428571428566,-8.064516129032258,0.0,-17.39130434782609,-59.574468085106375,-67.67933051169352,-76.38467198711473,3.42569749915408,3.95800400657606
OIMEX,Oimex Electrode Ltd.,13.4,-1.4705882352941124,-7.586206896551722,-15.18987341772152,-15.18987341772152,3.0769230769230798,-12.418300653594773,-45.30612244897959,-47.65625,-73.12611239055406,-73.12611239055406,3.5254679737881007,5.276973550191102
OLYMPIC,Olympic Industries PLC.,142.8,0.35137034434293746,-1.4492753623188366,-2.6584867075664467,-8.461538461538455,-0.4184100418410002,3.779069767441873,-7.98969072164947,-25.624999999999996,-50.58009216385959,93.2631591473146,1.2125458590550937,1.7378324103116187
ONEBANKPLC,One Bank PLC,7.4,0.0,-3.896103896103894,-6.329113924050633,-7.499999999999996,2.7777777777777803,5.71428571428572,1.3698630136986374,-19.37894700520199,-19.37894700520199,-19.37894700520199,2.962553180433498,2.7329698099087336
ORIONINFU,Orion Infusion Ltd.,243.8,-5.393868839736118,-7.651515151515147,7.971656333038086,-18.050420168067223,-25.670731707317067,-28.315201411349605,-52.843326885880074,171.7948717948718,247.29344729344734,430.0,5.93037062669994,8.052916778938966
ORIONPHARM,Orion Pharma Ltd.,28.3,-2.4137931034482736,-6.2913907284768165,5.597014925373134,-1.0489510489510514,0.35460992907801925,4.044117647058829,-23.51351351351351,-70.21052631578948,-25.52631578947368,-58.585365688,4.574099777405333,5.053030765333956
PADMALIFE,Padma Islami Life Insurance Ltd.,15.7,0.0,-3.680981595092033,-4.848484848484853,-20.707070707070713,-8.720930232558139,-5.9880239520958085,-24.880382775119614,-67.7618069815195,-21.171547813714742,-67.95716536724876,4.486415577436748,4.122385421230212
PADMAOIL,Padma Oil PLC,195.5,-0.7614213197969544,-0.05112474437627521,0.9292720702116735,-3.1698860822189228,11.079545454545455,15.339233038348082,-2.0050125313283207,-15.404586758978795,1.2953367875647668,14.999999885000005,1.473942066694054,1.033156987356615
PARAMOUNT,Paramount Insurance PLC.,62.1,-1.8957345971563913,-5.1908396946564865,0.6482982171799004,-4.314329738058558,22.244094488188985,42.758620689655174,38.926174496644286,-24.360535931790494,711.4421867825973,371.8945172741737,3.832502658099553,4.9943422358645275
PDL,Pacific Denims Ltd.,5.5,0.0,-5.172413793103446,-3.5087719298245643,-8.333333333333334,-6.7796610169491585,19.565217391304355,-14.062500000000004,-71.36597937834374,-72.08169827049724,-72.08169827049724,3.6363636363636402,4.069566074104079
PENINSULA,The Peninsula Chittagong PLC,18.8,-3.589743589743586,-10.047846889952142,-11.737089201877934,-24.193548387096772,-9.615384615384615,2.73224043715847,44.61538461538463,-44.21364985163205,9.941520467836254,-48.05263144907894,3.7892392528062815,4.6885688474549685
PEOPLESINS,Peoples Insurance PLC,60.4,-1.145662847790512,-1.7886178861788642,-3.360000000000002,-2.106969205834691,38.85057471264367,66.39118457300276,75.07246376811594,22.020202020202017,268.2926829268293,128.78787878787878,2.988051084910635,4.448226891390259
PF1STMF,Phoenix Finance 1st Mutual Fund Units,18.0,2.2727272727272645,1.6949152542372923,24.137931034482758,78.21782178217822,252.94117647058826,260.0,267.3469387755102,87.5,275.0,127.84810126582278,6.766074099978627,6.27396110718505
PHARMAID,Pharma Aids Limited.,545.8,-0.7275372862859222,-1.6753738065213597,-4.430047277184393,-6.573091407052394,-0.4014598540146068,10.709939148073014,-5.83160800552106,-11.611336032388671,113.4532655455612,289.5788722341184,1.9535716344717808,2.590523774410598
PHENIXINS,Phoenix Insurance PLC,47.2,-2.880658436213989,-2.880658436213989,-9.05587668593448,8.505747126436788,61.09215017064847,76.11940298507463,63.32179930795849,-22.495894909688005,107.92951541850222,5.35714285714287,2.9236507002032797,4.123831860824258
PHOENIXFIN,Phoenix Finance and Investments Ltd.,3.2,-3.0303030303030196,-5.882352941176462,-15.789473684210519,-17.948717948717942,-17.948717948717942,33.33333333333335,-3.0303030303030196,-90.69767441860465,-80.49600006636237,-88.27142013146397,6.292766373411535,5.712852944798657
PHPMF1,PHP First Mutual Fund Units 2010-,3.5,-2.77777777777778,-5.40540540540541,-5.40540540540541,9.374999999999995,6.060606060606066,45.83333333333334,12.90322580645161,-42.62295081967213,-13.170213076327755,-37.32750043603048,4.5238095238095255,4.8779464556775505
PIONEERINS,Pioneer Insurance PLC,66.8,-1.4749262536873156,-1.620029455081014,-3.188405797101453,-6.442577030812337,29.708737864077666,45.82120616984279,55.86666705633333,-34.66798360911017,190.2699356619425,66.7077503525973,4.17662524356582,3.756466519019939
PLFSL,Peoples Leasing and Financial Services Ltd.,1.7,-5.55555555555556,0.0,-15.000000000000002,21.428571428571434,-10.526315789473683,220.75471698113208,41.66666666666667,-43.333333333333336,-76.38888888888889,-94.21052632098746,8.45588235294117,8.708235420696715
POPULAR1MF,Popular Life First Mutual Fund Units 2010-,3.5,-2.77777777777778,-5.40540540540541,-5.40540540540541,12.90322580645161,12.90322580645161,45.83333333333334,12.90322580645161,-41.666666666666664,-11.70108710922127,-33.320531510425894,3.365079365079365,4.904692507633686
POPULARLIF,Popular Life Insurance Co. Ltd.,54.8,-1.0830324909747318,-3.008849557522129,-10.163934426229511,-12.738853503184714,14.644351464435147,28.94117647058823,7.874015748031496,-40.30501089324619,-22.04836415362731,-50.820512525435895,2.795570900579676,4.370673676582175
POWERGRID,Power Grid Co. of Bangladesh Ltd.,37.1,-1.3297872340425532,-2.368421052631575,-4.134366925064603,-5.837563451776643,27.491408934707902,37.91821561338291,11.746987951807224,-42.835130970724194,-39.27986906710311,-31.675874769797414,3.405985671725376,2.635874640927057
PRAGATIINS,Pragati Insurance PLC,73.3,-1.7426273458445003,-3.2981530343007917,-6.025641025641029,-12.320574162679424,8.788184029065746,5.005562895320248,17.96718706352141,-0.2629174675316898,311.8007015796306,84.29769150821109,3.1031924864022002,3.6273882179060735
PRAGATILIF,Pragati Life Insurance PLC,139.6,-0.1430615164520866,-5.67567567567568,-1.551480959097332,-20.845360903896903,-19.17894744924211,3.897158216613154,-33.78180256761035,55.76420977799173,160.7284262972733,110.79893317081996,3.055811752443415,4.289134688396961
PREMIERBAN,The Premier Bank PLC,5.6,-3.448275862068969,0.0,-5.084745762711876,19.148936170212753,14.28571428571427,39.99999999999999,-11.111111111111114,-54.33103460118297,29.829183997635916,-23.417010251007888,3.9292549555707468,2.8694953918131465
PREMIERCEM,Premier Cement Mills PLC,42.3,1.6826923076922975,-0.23584905660377695,-9.227467811158808,-11.134453781512613,11.023622047244082,7.908163265306108,-12.60330578512397,-52.149321266968336,-54.516129032258064,-59.714285714285715,3.5623309950638697,4.655891008741526
PREMIERLEA,Premier Leasing & Finance Limited,1.9,-5.000000000000004,-5.000000000000004,-13.636363636363647,-24.000000000000004,-9.523809523809533,251.85185185185185,26.66666666666666,-86.42857142857143,-77.57803983591887,-85.98303468702198,7.602339181286551,8.25330537934416
PRIME1ICBA,Prime Bank 1st ICB AMCL Mutual Fund Units,7.4,-1.3333333333333286,1.3698630136986374,23.33333333333334,48.00000000000001,68.18181818181817,72.09302325581397,57.4468085106383,-1.3333333333333286,48.00000000000001,2.7777777777777803,6.617844051153353,6.5178670229553335
PRIMEBANK,Prime Bank PLC,28.1,-0.7067137809187254,-0.35460992907800665,-2.7681660899653884,-6.333333333333329,-3.8925079194890646,2.4479169227864666,4.627659836037236,36.22804034471274,106.62662984769348,-1.098442928377814,1.0701721390823185,1.3033712129281054
PRIMEFIN,Prime Finance and Investment Ltd.,2.6,-7.142857142857134,-7.1428571428571335,-18.75,-31.578947368421048,-33.33333333333333,136.36363636363635,18.181818181818176,-86.24338624338624,-67.90123456790124,-90.42944781518311,5.954415954415947,5.996048499332574
PRIMEINSUR,Prime Islami Insurance PLC,48.4,-3.585657370517937,-7.98479087452472,-12.477396021699818,6.607929515418502,56.129032258064505,61.87290969899666,36.33802816901408,-3.5856573705179366,157.4468085106383,35.520000319827204,3.6763540434511044,4.749792920578235
PRIMELIFE,Prime Life Insurance Company Limited,37.6,-1.8276762402088662,-0.5291005291005179,-2.337662337662334,-14.350797266514801,11.904761904761905,13.939393939393943,-13.163972286374124,-43.28808446455505,-34.72222222222222,-58.6399999367192,5.814518523570079,5.189725717754349
PRIMETEX,Prime Textile Spining Mills Ltd.,13.8,-4.827586206896547,-9.210526315789465,-18.34319526627218,-24.17582417582417,-26.20320855614973,0.0,-7.999999999999996,-42.975206611570236,-44.57831325301204,-31.68316831683168,4.094494419456939,7.669140307437907
PROGRESLIF,Progressive Life Insurance Co. Ltd.,36.4,-0.8174386920981042,-0.5464480874317017,-8.542713567839193,-12.077294685990339,-10.344827586206904,-20.175438596491233,-36.91507798960139,-65.46489563567363,-9.447999570295941,-51.3461407426681,3.597878703280629,4.740051696772876
PROVATIINS,Provati Insurance PLC,51.3,-2.0992366412213768,-7.065217391304357,-10.000000000000004,-21.917808219178088,65.48387096774192,78.74564459930313,54.518072289156606,-64.10856472322494,427.1558667286874,174.66307912639294,3.02959328059136,4.305697885231724
PTL,Paramount Textile PLC,79.8,-2.5641025641025745,3.6363636363636327,7.983761840324751,19.64017991004497,48.05194805194805,54.054054054054056,40.74074074074073,25.40000018989143,526.7626423012349,212.33671587877754,4.165296537419069,3.0638690343416375
PUBALIBANK,Pubali Bank PLC,37.8,-1.0471204188481824,-3.076923076923084,-0.7874015748031608,3.5616438356164304,21.76473491147503,40.67964519734515,49.89658747447404,119.19016632660102,192.6985782143333,116.8304004646861,2.4903240676167275,2.1522831621073664
PURABIGEN,Purabi General Insurance Co. Ltd.,27.9,-1.4134275618374632,-2.7874564459930338,-9.708737864077671,-15.454545454545459,35.43689320388348,43.81443298969072,31.603773584905657,-34.39041119857385,222.75259964118032,-5.753971975458491,2.468632278266992,4.06770799799603
QUASEMIND,Quasem Industries Limited.,38.9,-0.7653061224489904,-3.2338308457711546,-7.819905213270152,-15.434782608695654,1.3020833333333335,2.860576809336851,-2.082379968012087,-16.490484129308474,1.034102899411644,144.7949958989318,2.9545453111075517,3.401177488968071
QUEENSOUTH,Queen South Textile Mills Ltd.,13.7,-2.8368794326241162,-5.51724137931035,-17.964071856287426,-16.969696969696972,22.321428571428573,15.126050420168058,0.7352941176470562,-54.47648920574059,-43.58085317399525,-43.58085317399525,3.470314869770244,4.895158719249856
RAHIMAFOOD,Rahima Food Corporation Ltd.,71.0,0.14104372355429382,-5.585106382978727,-5.7104913678618825,-23.901393354769557,-35.27803099361896,-55.625,-44.400939702427564,-78.54336657600483,31.48148148148148,312.7906976744186,4.49745799358058,4.819267491930139
RAHIMTEXT,Rahim Textile Mills Ltd.,180.4,-0.055401662049858344,-0.055401662049858344,-8.426395939086293,-18.3710407239819,-8.750632271117846,-15.42428504453821,-3.166935050993025,-38.04945054945055,3.1212559694070547,347.2837630939244,2.907300777746509,4.864224758223539
RAKCERAMIC,RAK Ceramics (Baneladesh) Limited,25.8,-1.526717557251903,-6.521739130434784,-15.409836065573769,-15.96091205211726,15.695067264573991,16.21621621621622,1.976284584980237,-47.02258726899384,-44.81666663922829,-35.72764709835102,2.6041936497742113,2.90035358535898
RANFOUNDRY,Rangpur Foundry Limited,148.5,0.06738544474393147,-2.877697841726622,-6.60377358490566,-4.6854942233632935,-5.414012738853503,3.9188243526941875,-16.946308724832218,-9.451219512195122,38.526119402985074,139.51612903225808,3.996525096525102,3.355140261216821
RDFOOD,Rangpur Dairy and Food Products Limited,22.4,-1.75438596491229,-5.084745762711876,-12.156862745098044,-20.56737588652483,13.131313131313119,11.999999999999993,-9.311740890688261,-55.54527954702989,106.67026432850017,38.44841022416243,3.3912393980399633,4.322623818064511
RECKITTBEN,Reckitt Benckiser (Bangladesh) PLC,3252.0,-0.2912770197761766,-0.4286589099816289,-1.4575315899518169,-2.35993514682039,-6.3013224997839,-4.912280701754386,-6.282420749279539,-32.615002072109405,107.13375796178345,340.05412719891746,0.5942537635598704,0.8165801313076103
REGENTTEX,Regent Textile Mills Ltd.,5.6,-5.084745762711876,-6.666666666666672,-13.84615384615385,-8.196721311475411,33.33333333333332,39.99999999999999,86.66666666666664,-61.37931034482759,-55.458999787394674,-78.1749098378439,4.556002074150896,5.381727671573469
RELIANCE1,Reliance Insurance Mutual Fund Reliance One Units,12.4,-3.1250000000000027,-8.148148148148145,-3.1250000000000027,9.73451327433628,5.982905982905993,-21.01910828025477,-16.778523489932887,5.0847457627118615,53.08641975308643,36.26373626373627,4.690454902495048,5.2067233550723575
RELIANCINS,Reliance Insurance PLC,104.2,-0.8563273073263479,-3.963133640552993,-8.355321020228672,-11.092150170648464,58.599695585996955,59.32721712538225,46.348314606741575,9.799789251844043,210.26890288204288,115.78563274899474,4.0881658339503595,7.459569586148274
RENATA,Renata PLC,444.6,-0.913750835747708,-1.6371681415929153,-4.056970220112205,-4.160379392110359,7.912621359223307,13.41836734693878,-7.740195061216011,-63.54620696217973,-31.448696014926185,43.12559666167188,1.5522505435730558,1.301449088995227
RENWICKJA,Renwick Janeswar and Co. (BD) Limited,711.4,-2.8938028938029,-4.033454741670036,-9.004860578152979,15.580828594638502,40.56510571033392,45.540098199672656,10.465838509316768,-38.672413793103445,-1.2081655325649279,806.2420382165606,2.167796706990083,2.083638794050272
REPUBLIC,Republic Insurance PLC,37.4,-2.094240837696346,-5.316455696202535,-12.000000000000004,3.601108033240989,19.488817891373795,36.496350364963504,15.4320987654321,-25.839028406006832,322.1329859676991,82.35482476299356,2.831505273665594,4.439014320187712
RINGSHINE,Ring Shine Textiles Ltd.,3.7,0.0,-2.631578947368412,-13.953488372093016,0.0,2.7777777777777803,15.625,37.03703703703704,-71.96969696969697,-75.08666666915799,-75.08666666915799,3.783783783783776,5.503690635269581
ROBI,Robi Axiata PLc,30.0,-0.33222591362126713,-0.6622516556291367,-2.280130293159607,-7.407407407407403,5.2631578947368425,6.0070671378091856,1.694915254237288,-27.007299270073,100.0,100.0,3.2073908561798876,1.9953561022582134
RSRMSTEEL,Ratanpur Steel Re-Rolling Mills Ltd,6.1,-6.153846153846159,-11.594202898550733,-19.736842105263158,-23.750000000000004,-29.069767441860467,-8.955223880597023,-29.885057471264364,-82.3699421965318,-82.47611599106513,-86.54165702852583,5.352265562306549,5.058231201107666
RUNNERAUTO,Runner Automobiles PLC,43.4,-0.45871559633028175,-7.264957264957263,-10.515463917525775,0.23094688221709336,17.297297297297295,17.297297297297295,39.99999999999999,-34.341906202723145,-53.16546751133999,-53.16546751133999,2.7732876812928198,3.0019737597613787
RUPALIBANK,Rupali Bank PLC,16.7,0.6024096385542039,-1.7647058823529453,-4.571428571428576,-1.1834319526627177,0.6024096385542039,-3.468208092485557,-24.434389140271502,-49.75926969053963,10.697280412746274,-44.305431115481305,2.1644328304742424,2.1479598927462793
RUPALIINS,Rupali Insurance Company Ltd.,27.3,-1.7985611510791366,-5.862068965517239,-8.695652173913036,-3.5335689045936394,29.7058826463934,33.94859846571262,17.96296323238455,-39.77941161415441,114.58937644463357,-12.893782362332933,2.939263462449529,3.7176729552855363
RUPALILIFE,Rupali Life Insurance PLC,77.2,-1.9059720457433291,-3.8605230386052236,-5.159705159705163,-18.651211801896736,-3.2581453634085142,-1.781170483460549,-31.009830205540663,0.25974025974026343,147.13501419976652,-23.301504014855144,2.740453201913655,3.6565943456192778
SAFKOSPINN,Safko Spinning Mills Limited,22.2,4.716981132075472,8.82352941176471,-2.631578947368427,4.22535211267605,42.30769230769231,60.86956521739129,55.24475524475523,-12.070588261500538,84.75727958890766,12.426770025721396,3.807653987459706,3.5059066898135987
SAIFPOWER,SAIF Powertec Ltd.,6.9,-9.210526315789465,-13.749999999999996,-28.86597938144329,-32.35294117647058,-1.4285714285714235,38.00000000000001,7.8125,-83.06944451044225,-58.23817811430107,-49.80242916332143,5.186880244088487,5.089072091159894
SAIHAMCOT,Saiham Cotton Mills Ltd.,23.2,-2.9288702928870265,2.6548672566371585,-12.452830188679247,13.725490196078436,25.405405405405403,18.367346938775498,25.405405405405403,17.766497461928935,55.70469798657717,-10.140845146359856,4.553882935768547,4.998257966086013
SAIHAMTEX,Saiham Textile Mills Ltd.,44.1,3.7647058823529442,25.64102564102564,16.05263157894737,128.49740932642487,149.15254237288136,154.91329479768785,170.5521472392638,78.5425101214575,215.0000009,88.16519428262609,6.45657608413385,7.573381223566105
SALAMCRST,S. Alam Cold Rolled Steels Limited,11.8,-1.6666666666666607,-8.527131782945734,-5.599999999999994,-22.36842105263157,-27.160493827160487,-20.805369127516773,-41.87192118226601,-68.10810810810811,-53.3596837944664,-75.21008403361343,4.323400765445598,5.033257226780496
SALVO,Salvo Organic Industries PLC,30.1,-1.3114754098360608,-4.140127388535023,-11.988304093567253,-22.222222222222225,-3.525641025641019,-0.6600660066006577,-15.2112676056338,-46.25,159.2597668367356,75.82093575327306,3.4976689357693607,4.072661455470609
SAMATALETH,Samata Leather Complex (Pvt.) Ltd.,100.4,3.9337474120082936,15.005727376861408,7.956989247311834,1.5166835187057632,25.34332084893884,19.52380952380953,-2.0487804878048723,5.684210526315796,286.44528178224306,582.719997815296,6.333818894370242,6.662011819383644
SAMORITA,Samorita Hospital Ltd.,90.8,-2.679528403001072,-2.8877005347593614,-5.515088449531736,-0.2197802197802229,33.33333333333334,24.896836313617598,18.537859007832903,11.497621203347606,74.99979380668567,131.3005084813069,4.658837349420577,6.246255707453495
SANDHANINS,Shandhani Life Insurance Co.Ltd,24.0,-1.2345679012345707,-3.6144578313252955,-5.882352941176471,-7.6923076923076925,20.0,24.352331606217614,4.803493449781666,-38.775510204081634,16.363637266336088,-43.632085033194315,2.731456400785674,3.0455730222772885
SAPORTL,Summit Alliance Port Limited,58.7,0.5136986301369937,-5.016181229773454,-1.8394648829431344,20.28688524590165,16.699801192842955,39.42992874109264,38.4433962264151,74.1839762611276,52.9949874554601,178.53253517689052,2.5448604893028923,2.5080647133255214
SBACBANK,SBAC Bank PLC.,6.6,-1.4925373134328437,-1.4925373134328437,-5.71428571428572,3.124999999999989,1.538461538461533,6.451612903225797,-10.81081081081082,-65.81538462765602,-36.97599990214093,-36.97599990214093,3.0303030303030356,3.311226627772245
SEAPEARL,Sea Pearl Beach Resort & Spa Ltd.,35.1,-1.4044943820224718,-6.896551724137933,-2.7700831024930745,-6.399999999999996,-2.7700831024930745,6.363636363636368,-24.839400428265527,-27.77777777777778,46.25000036562501,46.25000036562501,3.5602336748303216,5.366536845152348
SEMLFBSLGF,SEML FBLSL Growth Fund Units,6.7,-1.4705882352941124,-5.633802816901401,-4.285714285714283,9.836065573770501,28.846153846153847,36.73469387755101,31.372549019607856,-33.0,9.836065573770501,9.836065573770501,5.488928212427085,4.440168574360103
SEMLIBBLSF,SEML IBBL Shariah Fund Units,7.8,-1.2658227848101333,-2.500000000000002,-2.500000000000002,9.859154929577468,27.8688524590164,34.48275862068966,18.181818181818183,-23.529411764705877,-43.065693430656935,-43.065693430656935,2.016144349477681,2.0109822301628304
SHAHJABANK,Shahjalal Islami Bank PLC,17.3,0.0,-1.1428571428571388,-2.2598870056497096,-0.5747126436781487,0.0,5.487804878048794,-5.46448087431694,-15.147619361572858,112.83329584945314,6.341706540590857,1.6265627100416755,1.684054211932967
SHARPIND,Sharp Industries PLC,17.7,-2.7472527472527473,-7.3298429319371845,-25.63025210084034,-19.17808219178082,5.9880239520958085,37.20930232558138,1.1428571428571388,8.588957055214715,8.588957055214715,8.588957055214715,4.887882044601426,7.54950545265752
SHASHADNIM,Shasha Denims PLC,27.7,0.3623188405797024,2.2140221402213944,-2.8070175438596516,7.364341085271312,48.92473118279568,74.21383647798741,31.279620853080555,-12.341772151898741,-2.1536232664842676,-17.014041992239296,3.5337716605289824,4.120578101979362
SHEPHERD,Shepherd Industries PLC,12.4,-3.1250000000000027,-6.766917293233084,-20.51282051282051,-27.485380116959067,-2.3622047244094406,-7.462686567164179,-30.337078651685392,-37.07920816608972,-65.82422243116534,-65.82422243116534,3.3399622434490737,5.248543830034295
SHURWID,Shurwid Industries Ltd,5.5,-1.7857142857142794,-5.172413793103446,-11.290322580645164,-16.666666666666664,-14.062500000000004,19.565217391304355,14.583333333333337,-72.77227722772278,-38.26530619804249,-81.69078954578877,4.344877344877345,3.5656412122020256
SHYAMPSUG,Shyampur Sugar Mills Ltd.,294.2,2.401670727462575,-4.480519480519484,-3.9503754489063083,12.332951508209245,87.98722044728433,93.55263157894736,45.28395061728394,151.66809238665525,2031.884057971014,3577.5,4.402719883826742,4.6478377256991195
SICL,"Sikder Insurance Co., Ltd.",35.2,-1.9498607242339716,-4.347826086956506,-11.335012594458437,-12.219451371571068,70.04830917874399,90.27027027027029,53.04347826086958,30.370370370370377,30.370370370370377,30.370370370370377,3.1842778692438127,4.666147143298217
SILCOPHL,Silco Pharmaceuticals Ltd.,16.2,-2.9940119760479043,-6.358381502890182,-10.989010989010989,-22.48803827751196,14.893617021276594,18.248175182481752,-4.705882352941181,-51.92878338278933,-33.507462758518045,-33.507462758518045,3.618808129325833,5.012640814935909
SILVAPHL,Silva Pharmaceuticals Ltd.,12.1,-3.200000000000003,-7.633587786259542,-12.949640287769787,-22.929936305732483,5.217391304347823,26.041666666666668,-1.6260162601626102,-53.28185328185329,-66.56578939009867,-66.56578939009867,3.724946236559142,4.674718476047611
SIMTEX,Simtex Industries PLC,25.3,0.0,4.545454545454551,-4.52830188679245,-6.296296296296294,7.659574468085109,12.444444444444446,8.583690987124463,15.525114155251153,48.6934732659047,-6.090905907988058,2.9692259050121836,3.371309592614798
SINGERBD,Singer Bangladesh Limited,77.6,-2.512562814070352,-4.433497536945823,3.191489361702116,-4.197530864197538,-10.289017341040468,-8.705882352941183,-27.679403541472514,-60.98541980894923,-45.76344091445162,-23.529411842382196,2.69607322892332,2.5690001164153364
SINOBANGLA,Sinobangla Industries Ltd.,47.9,-1.2371134020618586,-4.200000000000003,-8.761904761904765,-19.495798319327736,0.6302521008403301,4.585152838427951,-9.108159392789382,3.743018680427741,83.07591530207499,163.3476655068152,2.1100468576828852,3.0415062885143187
SIPLC,Sena Insurance PLC,144.9,-4.166666666666656,-3.3999999999999964,-5.29411764705882,34.16666666666667,126.7605633802817,171.85741088180114,187.5,203.13807531380755,203.13807531380755,203.13807531380755,7.699470006926055,7.787008828197077
SKTRIMS,SK Trims & Industries Ltd.,13.9,-0.7142857142857117,11.200000000000003,-0.7142857142857117,-2.112676056338021,54.44444444444445,69.51219512195124,49.46236559139784,-67.97235023041475,-62.62444452019224,-62.62444452019224,6.328356695968953,7.306036694392969
SONALIANSH,Sonali Aansh Industries Limited.,227.7,4.449541284403664,5.6612529002320136,5.563282336578582,9.208633093525174,44.84732824427481,18.347193347193336,-2.692307692307697,272.5153374233129,1004.0,1586.6666666666667,3.5701679610908803,3.6382852848217517
SONALILIFE,Sonali Life Insurance PLC,97.2,7.166482910694598,15.714285714285717,13.551401869158891,15.576694411414994,76.08695652173913,59.60591133004927,28.232189973614783,36.51685393258427,783.6363636363636,783.6363636363636,5.198450100547573,3.353136820404371
SONALIPAPR,Sonali Paper & Board Mills Ltd.,222.3,1.32178669097539,-2.070484581497792,-4.387096774193544,-5.605095541401269,-0.31390134529147473,-6.00422832980972,-24.51612903225806,-23.175859198690397,47.28854715664953,47.28854715664953,3.231245443434613,3.4168248988718846
SONARBAINS,Sonar Bangla Insurance Ltd.,42.1,7.672634271099745,11.671087533156495,8.50515463917527,-13.195876288659791,64.33085546148651,74.72332055865425,55.10526351708589,-40.872292695544076,319.24084236718096,102.25683120585772,4.001504364070292,4.156418525793283
SONARGAON,Sonargaon Textiles Limited.,110.9,1.8365472910927456,8.089668615984417,7.879377431906624,18.6096256684492,172.48157248157247,256.59163987138265,229.080118694362,384.2794759825328,1236.1445783132529,494.1071443424107,4.9293781071740925,7.139778555411865
SOUTHEASTB,Southeast Bank PLC,11.1,-1.7699115044247882,-4.310344827586207,-5.128205128205125,6.730769230769224,26.351063671176313,30.516483473456116,22.443298844104252,-17.530803793866546,4.354955087742632,-6.722724505318087,1.9487602268985789,2.728555026298066
SPCERAMICS,Shinepukur Ceramics PLC,22.0,-4.3478260869565215,-6.382978723404255,11.111111111111107,-12.0,12.820512820512821,50.68493150684932,9.452736318407952,-44.723618090452256,136.55913978494624,-3.065134381879307,3.6997433392530743,4.877709654008688
SPCL,Shahjibazar Power Co Ltd,50.7,-0.782778864970643,-0.5882352941176415,-4.339622641509429,-13.775510204081623,6.736842105263164,6.736842105263164,6.736842105263164,-58.80624993409,-59.49514877099788,95.2495841641173,2.4265422098610743,3.233695951820416
SQUARETEXT,Square Textiles PLC,48.5,0.20661157024793683,-0.61475409836065,-2.0202020202020203,-4.527559055118105,2.1052631578947367,0.0,-12.769784172661872,-8.49056603773585,-21.596407230661125,-36.44379892206309,1.7349492374507216,2.355476715590918
SQURPHARMA,Square Pharmaceuticals PLC,218.0,-0.1374255611543799,0.18382352941176733,0.4608294930875576,-2.1982951996410973,3.3175355450236967,9.547738693467336,-0.45662100456621,-9.280066583437373,14.648519486561865,108.26273371950568,0.49757556163027933,0.7540044570813288
SSSTEEL,S.S. Steel Ltd,5.7,-1.7241379310344769,-4.999999999999997,-17.39130434782609,-18.571428571428566,16.326530612244895,39.02439024390246,7.547169811320762,-76.59315599748743,-84.70849617939845,-84.70849617939845,3.8354506957047816,4.387547479456592
STANCERAM,Standard Ceramic Industries Ltd.,65.4,0.925925925925939,-1.6541353383458561,-4.803493449781655,-8.146067415730334,-1.2084592145015063,-6.704707560627659,-17.215189873417717,-69.19453603391428,30.53892215568863,166.9387755102041,3.4592575657114573,5.381428085864667
STANDARINS,Standard Insurance PLC,49.5,-2.366863905325449,-6.427221172022683,-2.366863905325449,-6.60377358490566,33.06451612903225,26.598465473145772,28.906250000000007,-45.24336283185841,428.999632690441,89.64884097633777,2.676978762582164,3.6378466288657547
STANDBANKL,Standard Islami Bank PLC,4.3,-2.2727272727272845,-4.444444444444448,-2.2727272727272845,-8.510638297872347,-18.867924528301888,-10.416666666666668,-24.561403508771935,-52.028679691777086,-28.581972932996248,-52.53264951735761,2.2832980972515817,3.04077775642257
STYLECRAFT,Stylecraft Limited,52.6,-0.37878787878787074,-0.37878787878787074,-3.3088235294117596,-1.682242990654203,-0.7547169811320728,11.440677966101692,-29.301075268817208,-69.47185142193848,10.841986416880587,114.17532211814736,3.282875431945771,5.024703136110661
SUMITPOWER,Summit Power Ltd.,15.2,-0.6535947712418394,-3.1847133757961785,-3.7974683544303884,-6.74846625766872,10.144927536231874,22.580645161290313,0.0,-69.35483870967742,-52.647975077881625,-66.89315073141715,1.8352929963349647,2.7000805068225584
SUNLIFEINS,Sunlife Insurance Co. Ltd.,56.7,-1.733102253032929,8.4130019120459,11.834319526627219,-20.365168539325843,-8.400646203554112,7.590132827324478,-1.2195121951219439,49.21052631578948,219.52486078394801,-38.69596043141123,4.754539640056382,5.605956124070488
TAKAFULINS,Takaful Islami Insurance PLC,52.1,0.19230769230769504,-3.8745387453874565,-1.6981132075471672,8.54166666666667,65.9235668789809,53.235294117647065,43.92265193370165,-6.126126126126124,294.01626719376577,69.68227399022713,3.5327895663552735,3.980075059955451
TALLUSPIN,Tallu Spinning Mills Limited,6.8,1.4925373134328304,-6.8493150684931505,-15.000000000000002,-18.072289156626514,-13.924050632911399,7.936507936507937,7.936507936507937,-46.03174603174603,-56.129032258064505,-70.43478263440453,3.3256308908482834,4.152730636762767
TAMIJTEX,Tamijuddin Textile Mills PLC,112.1,-0.0891265597148026,-3.1114952463267143,-8.861788617886182,-17.45213549337262,1.9090909090909038,-11.031746031746035,-15.309066021316221,-26.11743566454326,750.4137919304637,750.4137919304637,3.17575834882106,3.879033240091532
TECHNODRUG,Techno Drugs Ltd.,40.7,-1.2135922330097086,-0.7317073170731638,-6.864988558352402,-9.35412026726057,15.624999999999998,39.383561643835634,7.105263157894744,54.166666666666686,54.166666666666686,54.166666666666686,2.3957705712091704,3.839046941081367
TILIL,Trust Islami Life Insurance Ltd.,46.0,-0.6479481641468622,0.21786492374727978,1.098901098901099,-15.129151291512919,4.545454545454546,3.6036036036036068,-20.552677029360964,318.1818181818182,318.1818181818182,318.1818181818182,4.081489803257243,4.215721787599924
TITASGAS,Titas Gas Transmission and Distribution PLC,17.5,-0.5681818181818262,-3.3149171270718307,-3.8461538461538423,-12.5,6.0606060606060606,12.179487179487182,-12.5,-59.95423340961099,-63.91752577319588,-72.5705329153605,2.6176210210985253,3.2997428754428153
TOSRIFA,Tosrifa Industries PLC,19.3,-2.030456852791871,-4.926108374384237,-11.872146118721451,-8.96226415094339,16.26506024096385,13.529411764705886,-14.22222222222222,-12.466814525304684,-5.152397419923269,-55.54872259834401,3.8744626624946634,5.296420626541978
TRUSTB1MF,Trust Bank 1st Mutual Fund Units,3.6,-2.702702702702705,-2.702702702702705,-9.999999999999998,16.129032258064516,16.129032258064516,50.00000000000001,9.0909090909091,-42.85714285714286,-14.46400043178573,-44.88760044263523,3.828828828828824,4.9013958285298385
TRUSTBANK,Trust Bank PLC,13.4,-0.740740740740738,-2.1897810218978027,-9.459459459459461,-15.18987341772152,-20.056817981960226,-19.137930832327577,-21.396647825130305,-38.18272714568229,27.392669147403762,41.17323185863235,1.6417910447761128,1.8606598153136793
TUNGHAI,Tung Hai Knitting & Dyeing Ltd,4.6,0.0,6.976744186046508,0.0,58.620689655172406,31.42857142857142,187.49999999999994,129.99999999999997,-33.33333333333334,-59.19354841342352,-81.4466667042681,7.541618273325593,7.594090900711112
UCB,United Commercial Bank PLC,8.8,1.1494252873563382,0.0,-4.347826086956506,-3.296703296703285,-5.376344086021505,-16.190476190476186,-16.981132075471688,-34.92560950800144,-28.886205183570322,-30.605040317107335,2.547507958494333,3.3013989368980754
UNILEVERCL,Unilever Consumer Care Limited,1972.5,-0.0911715544750015,-1.226840260390586,-3.156912804399055,-4.442398992345694,-6.165263308120447,-8.680555555555555,-20.01540894529824,9.40479079280341,98.99117276166457,489.9065420560748,0.6904042292406525,0.7790405546760468
UNIONCAP,Union Capital Limited,4.1,-2.380952380952394,-4.651162790697679,-10.869565217391305,-14.583333333333337,-16.326530612244913,46.42857142857142,2.499999999999991,-71.91780821917808,-65.94332178796714,-78.32456412074308,3.915214866434382,4.5361323597487635
UNIONINS,Union Insurance PLC,48.3,-2.8169014084507156,1.898734177215187,-7.471264367816103,19.55445544554455,44.610778443113766,31.250000000000004,50.46728971962615,339.09090909090907,339.09090909090907,339.09090909090907,4.573042620314949,4.20092926579673
UNIQUEHRL,Unique Hotel & Resorts PLC,41.6,-3.0303030303030236,-3.255813953488369,-3.9260969976905216,-11.30063965884861,10.933333333333337,8.616187989556149,2.716049382716053,-31.914893617021274,-9.368191721132892,-67.16653512233623,3.2511497604323196,3.5791651657539476
UNITEDFIN,United Finance PLC,16.4,-1.796407185628747,-5.2023121387283355,-8.379888268156424,-3.5294117647058907,32.25806451612902,41.37931034482758,20.588235294117638,-38.34586466165414,-12.228154887738215,-29.652700754038463,2.5252538456104885,3.785425441216413
UNITEDINS,United Insurance Company Limited,59.5,-2.777777777777782,-5.103668261563003,-6.4465408805031466,31.34657836644592,44.0677966101695,42.34449760765551,42.00477326968974,-11.458333333333336,158.36168162015377,55.84883437751957,3.4529579871927116,4.090452686438214
UPGDCL,United Power Generation & Distribution Co. Ltd.,113.1,-0.5277044854881342,-1.3949433304272087,-1.737619461337967,-10.451306413301666,-3.250641573994877,-2.5839793281653747,-21.892265193370175,-62.783810463968415,21.56347252454084,102.76291019734741,0.8802429350699359,1.688140955371062
USMANIAGL,Usmania Glass Sheet Factory Limited,51.3,-2.2857142857142914,-6.55737704918033,-18.829113924050638,-14.500000000000004,48.26589595375721,50.882352941176464,45.738636363636346,-29.532967032967033,-29.096261891155006,5.78637986922457,4.672940657363106,6.147172278673376
UTTARABANK,Uttara Bank PLC,20.7,0.0,0.4854368932038731,-0.4807692307692376,-5.045871559633034,3.4999999999999964,12.991266375545845,19.791666666666657,52.9098347081917,131.2365314425108,59.73014205185038,0.5825242718446513,0.7632676098067438
UTTARAFIN,Uttara Finance and Investments Limited,11.4,-2.564102564102555,-4.201680672268908,-12.307692307692305,-15.555555555555554,-12.307692307692305,15.15151515151515,-8.064516129032258,-76.49484536082474,-79.25476598122033,-83.8837209060976,4.144413714595613,4.833988001354435
VAMLRBBF,Vanguard AML Rupali Bank Balanced Fund Units,8.4,1.2048192771084292,2.4390243902439157,3.7037037037037126,9.090909090909092,40.00000000000001,47.368421052631575,44.82758620689656,-5.617977528089887,-23.63636363636363,-23.63636363636363,5.644906743185085,2.8717806260420273
VFSTDL,VFS Thread Dyeing Ltd.,12.6,-3.816793893129771,-8.029197080291969,-18.181818181818183,-28.409090909090917,11.50442477876105,-1.5625000000000082,57.49999999999999,-52.41007182347123,-46.81113242643722,-46.81113242643722,3.1111041736041756,4.914922620297967
WALTONHIL,Walton Hi-Tech Industries PLC,333.5,-0.9504009504009471,-3.3333333333333335,-7.150088677759718,-7.501260809611683,-2.6923077896153913,-3.460526412328949,-11.814903934338945,-68.32535328158203,6.755290791667452,6.755290791667452,0.7867995432904843,1.5685008125850965
WATACHEM,Wata Chemicals Ltd.,128.4,0.3909304143862392,-0.23310023310021988,-7.091172214182333,-10.460251046025105,1.9047619047619093,-9.57746478873239,-9.831460674157302,-59.55905511811024,36.926562708652554,508.56250025673734,2.167270147519097,3.5891337679169437
WMSHIPYARD,Western Marine Shipyard Limited,8.4,-2.3255813953488293,-4.545454545454549,-9.677419354838712,-14.285714285714288,-5.617977528089887,2.4390243902439157,-4.545454545454549,-45.45454545454545,-36.63040005601872,-75.6027040464144,3.319728003277519,3.106003939690658
YPL,Yeakin Polymer Ltd.,19.4,-3.960396039603964,-8.490566037735851,-14.159292035398241,-24.218750000000007,13.450292397660801,9.604519774011296,10.857142857142849,36.619718309859145,-29.349357129297267,-22.5777300055589,5.553744943737378,6.6100688709977815
ZAHEENSPIN,Zaheen Spinning PLC,4.9,0.0,-7.547169811320744,-14.035087719298243,-12.499999999999988,-14.035087719298243,22.500000000000007,-5.769230769230766,-53.333333333333336,-61.25937504939429,-65.57043200898836,4.8571428571428505,4.771944850463047
ZAHINTEX,Zahintex Industries Ltd.,7.9,6.756756756756756,1.2820512820512888,-7.058823529411761,-14.130434782608685,19.696969696969706,36.20689655172415,31.66666666666667,-17.70833333333333,-52.11632679670866,-66.6976776346855,6.092513988037816,5.581604496242412
ZEALBANGLA,Zeal Bangla Sugar Milla Limited,170.3,-1.6743648960738902,-8.881754949170677,-10.368421052631573,10.012919896640826,29.015151515151523,19.090909090909097,54.81818181818183,21.64285714285715,674.0909090909091,1857.4712643678165,5.169882753055729,6.426841170270456
