Symbol,Name,Price,Change %,Perf % 1W,Perf % 1M,Perf % 3M,Perf % 6M,Perf % YTD,Perf % 1Y,Perf % 5Y,Perf % 10Y,Perf % All Time,Volatility 1W,Volatility 1M
1JANATAMF,First Janata Bank Mutual Fund Units,3.4,-2.85714285714286,-8.108108108108116,-5.555555555555561,3.030303030303033,3.030303030303033,30.769230769230763,6.249999999999991,-54.66666666666666,-20.71200045257591,-37.46298601980823,4.053391053391057,5.016049682970997
1STPRIMFMF,Prime Finance First Mutual Fund 2009 Units,27.6,-9.803921568627452,-17.61194029850746,26.027397260273986,14.049586776859513,52.48618784530386,38.00000000000001,22.66666666666667,36.63366336633665,200.00000000000003,-9.80392156862745,8.650403972125696,7.381625868617007
AAMRANET,aamra networks ltd,18.5,-1.0695187165775364,-1.0695187165775364,-5.61224489795919,-12.73584905660377,11.445783132530112,3.932584269662917,-19.565217391304348,-58.63685086743027,-69.29232461364899,-69.29232461364899,3.39774130895351,3.9778574409832173
AAMRATECH,Aamra Technologies Limited,16.3,0.0,-1.2121212121212077,-8.42696629213483,-11.413043478260859,26.356589147286826,32.52032520325203,15.602836879432633,-49.918840777712184,-25.64795093263239,-44.56641678648173,2.9524054954250976,5.088594529544734
ABB1STMF,AB Bank 1st Mutual Fund 2011 Units,3.5,0.0,-5.40540540540541,-5.40540540540541,0.0,0.0,29.629629629629623,9.374999999999995,-43.54838709677419,-18.47058874940899,-47.791643346063886,4.5732959850606925,5.716712019233027
ABBANK,AB Bank PLC,4.3,2.3809523809523725,-2.2727272727272845,-6.52173913043478,-12.244897959183684,-34.848484848484844,4.878048780487809,-31.746031746031747,-68.66606554383732,-69.69678691670134,-81.31544675941318,3.7541528239202693,4.234020108640932
ACFL,Aman Cotton Fibrous PLC,22.0,-0.9009009009008978,-0.9009009009008977,-7.172995780590715,-8.333333333333334,20.879120879120883,22.22222222222222,16.40211640211641,-46.601941747572816,-63.333333333333336,-63.333333333333336,4.346358779169034,5.729429650801968
ACI,Advanced Chemical Industries PLC,180.2,-0.6615214994487415,-2.065217391304354,-5.057955742887262,-10.968379446640325,-13.03088803088803,-7.589743589743596,-2.1715526601520088,-28.18762379710926,-27.18963240213751,189.35796600637,2.0061308177200026,2.275719722652771
ACIFORMULA,ACI Formulations PLC,148.1,0.0,-3.706111833550076,-4.697554697554705,-2.565789473684214,5.861329521086482,14.806201550387593,3.0619345859429408,-7.382370229958259,-6.603603373057545,114.78591213917473,2.1835641338177285,3.1622329331936316
ACMELAB,ACME Laboratories Ltd.,76.7,-0.2600780234070258,-2.292993630573245,-3.884711779448615,-7.701564380264731,-0.13020833333332593,7.573632538569433,-2.292993630573245,-32.12389380530973,-27.91353383458647,-43.18518518518518,1.3726866147169783,1.5207761602856573
ACMEPL,ACME Pesticides Ltd,25.4,-1.5503875968992331,0.7936507936507908,0.7936507936507908,6.722689075630242,8.547008547008547,59.74842767295596,48.53801169590641,130.90909090909088,130.90909090909088,130.90909090909088,3.1897452043135126,3.8161982346283287
ACTIVEFINE,Active Fine Chemicals Ltd.,4.9,-3.9215686274509665,-14.035087719298243,-20.967741935483865,-28.98550724637681,-31.94444444444444,-9.25925925925926,-41.666666666666664,-84.44444444444444,-81.97169806048326,-83.38260857889694,5.902642564407267,3.9853561845115877
ADNTEL,ADN Telecom Ltd.,55.2,-0.7194244604316521,-3.4965034965034962,-11.396468699839478,-19.29824561403509,-9.50819672131147,-4.663212435233153,-26.20320855614973,-23.33333333333333,36.296296296296305,36.296296296296305,2.5671953013003934,3.113338828626908
ADVENT,Advent Pharma Ltd.,12.8,-1.538461538461533,-11.724137931034479,-11.111111111111109,-18.471337579617828,-10.489510489510488,-4.477611940298504,-21.47239263803681,-60.07339462068715,-65.24492821993482,-65.24492821993482,3.6350320610189035,4.238583261263733
AFCAGRO,AFC Agro Biotech Ltd.,5.3,-5.357142857142854,-10.169491525423737,-22.058823529411764,-32.911392405063296,-30.26315789473684,5.9999999999999964,-32.05128205128205,-84.94318181818181,-83.74666660078648,-76.86947497623801,4.728116710875334,4.527705458076571
AFTABAUTO,Aftab Automobiles Ltd.,24.7,-3.137254901960787,-10.181818181818183,-11.151079136690651,-19.016393442622956,-14.532871972318338,-27.777777777777786,-34.82849604221636,-23.720587856140565,-46.182311983291015,-63.69099970411795,3.3112996286903447,3.3077409762259826
AGNISYSL,Agni Systems PLC,25.9,0.7782101167315147,-9.122807017543863,-16.45161290322581,-14.238410596026492,22.169811320754715,24.519230769230756,-0.7662835249042254,8.823529411764696,47.69698385514346,39.748883343022484,3.7824832322613764,4.323901078861859
AGRANINS,Agrani Insurance PLC,27.0,-2.173913043478266,-9.69899665551839,-9.69899665551839,-5.92334494773519,24.999999999999993,13.4453781512605,-2.8776978417266212,-37.07778993129328,174.2655261140407,63.652470808457196,3.7295589367238593,4.189924761691507
AIBL1STIMF,AIBL 1st ISLAMIC Mutual Fund 2010- Units,5.6,-1.75438596491229,-8.196721311475411,0.0,16.666666666666664,36.58536585365854,64.70588235294117,30.232558139534877,-37.07865168539326,-34.117647058823536,-27.27272727272728,5.587948521450167,6.71242483451771
AIL,Alif Industries Ltd.,28.1,-4.4217687074829835,-11.635220125786162,-18.075801749271125,-16.617210682492583,-5.0675675675675675,-30.958230958230963,-49.82142857142857,-53.02431615796879,-74.55869237997693,-74.55869237997693,3.889273043044054,5.21598471266348
AL-HAJTEX,Alhaj Textile Mills Limited,76.3,2.4161073825503316,-0.26143790849673576,-9.597156398104275,-24.827586206896555,-36.785418392709204,-44.38775510204081,-53.01724138220338,6.564245824939135,2.8929074947517086,229.53047065105685,6.621747813073483,6.819627713083276
ALARABANK,Al-Arafah Islami Bank PLC,15.0,0.0,-3.225806451612903,-11.764705882352942,-3.846153846153844,-1.9607843137254948,0.0,-10.714285714285717,-37.844827650612515,19.002037489418143,-16.170773152091538,2.664088072530319,5.134951014699248
ALIF,Alif Manufacturing Company Ltd.,4.7,-4.081632653061227,-9.615384615384615,-16.071428571428562,-14.545454545454543,-12.962962962962965,17.500000000000004,-14.545454545454543,-77.51196172248804,-52.19481409872251,-72.16802857069591,5.3197129915796095,4.050584072268078
ALLTEX,Alltex Industries Limited,23.0,0.0,9.523809523809524,-3.7656903765690317,30.681818181818173,66.66666666666666,71.64179104477611,67.88321167883213,29.943502824858765,10.576923076923073,200.9876532954001,2.904593298013582,3.782396278936127
AMANFEED,Aman Feed PLC,28.3,-1.0489510489510514,-8.116883116883116,-20.05649717514124,-13.981762917933125,18.907563025210084,23.04347826086957,7.196969696969706,-53.833605220228385,-51.435242481747544,-15.60878166751802,4.428082274272966,4.48357782055194
AMBEEPHA,Ambee Pharmaceuticals PLC,738.3,-0.33747300215982723,5.592105263157881,-2.663150955833889,-3.6161879895561415,-2.855263157894743,2.5416666666666603,-10.073081607795375,51.384047570227594,57.085106382978715,294.98885579094963,1.6442835731207144,3.2605498496808916
AMCLPRAN,Agricultural Marketing Co. Ltd.,213.8,0.14051522248244094,-1.9266055045871509,-2.818181818181813,-5.39823008849557,-0.09345794392522833,5.684626791893227,-8.671507902605716,-17.579028527370845,-0.6967022758941012,73.82113821138213,1.3692283008511696,1.932342302856076
ANLIMAYARN,Anlima Yarn Dyeing Ltd.,25.2,-0.7874015748031469,-3.4482758620689733,-18.181818181818183,-23.404255319148934,26.633165829145735,21.153846153846146,14.545454545454543,-39.856801909307876,-13.99317406143345,25.999999999999993,4.40491196504305,7.714959790158517
ANWARGALV,Anwar Galvanizing Ltd.,113.4,1.0695187165775426,-3.4071550255536627,5.000000000000005,-1.0471204188481578,18.743455497382204,30.94688221709008,57.71905424200278,-54.13033744560899,215.1852920925816,1303.3249914572593,3.242557226760869,3.5925491097081714
AOL,Associated Oxygen Ltd,17.7,-1.6666666666666705,4.117647058823525,4.117647058823525,0.0,9.937888198757749,16.447368421052634,10.624999999999996,-66.05913981079726,36.36079926059719,36.36079926059719,5.480895490245647,4.506944265636047
APEXFOODS,Apex Foods Limited,328.1,5.329052969502415,26.1923076923077,20.625000000000007,16.182719546742227,39.025423728813564,33.48250610252238,39.61702127659575,101.41190914671577,101.0416666666667,358.2402234636872,7.122919718244437,5.1743641387688
APEXFOOT,Apex Footwear Ltd.,194.9,0.051334702258723976,-4.2730844793713105,-8.022652194431336,-8.497652582159622,2.0953378732320584,8.700501952035692,0.671487603305791,13.568418472129304,5.378557280949007,46.25348736178417,1.9929711498046034,2.287882656291602
APEXSPINN,Apex Spinning and Knitting Mills Ltd.,370.3,-2.037037037037034,-2.3985239852398434,24.89038785834739,-11.199040767386089,55.78460244005049,105.72222222222223,124.28831011508177,170.2919708029197,193.88888888888889,429.0,3.5997900263394866,6.050165285781494
APEXTANRY,Apex Tannery Limited.,88.3,-2.5386313465783634,-4.437229437229446,-14.932562620423893,-15.177713736791546,17.73333333333333,48.154362416107375,16.953642384105958,-33.308157099697894,-39.061421670117326,20.793433652530783,5.721459760913084,5.671627134500575
APOLOISPAT,Appollo Ispat Complex Ltd.,2.5,-3.8461538461538494,-10.714285714285708,-19.35483870967742,-21.875000000000004,-40.47619047619048,47.05882352941177,-7.407407407407414,-77.87610619469027,-81.23042180021702,-89.73635296501843,7.122222222222215,5.665105389653833
ARAMIT,Aramit Limited,172.3,0.5837711617046117,-4.224569205113949,-15.828041035661935,-14.745175655616023,-0.634371395617067,-5.1733626857457224,-21.681818181818176,-58.84881776928588,-58.16945860645787,-18.726415094339618,4.312010366061825,5.978578192150233
ARAMITCEM,Aramit Cement Limited,10.7,-1.8348623853211108,-5.309734513274348,-15.079365079365083,-8.547008547008547,-12.295081967213115,21.590909090909072,-13.008130081300823,-81.61512027491409,-69.51566951566952,-70.39303989399247,4.0305645142310516,5.830602329220476
ARGONDENIM,Argon Denims Ltd.,21.0,-1.8691588785046664,-1.4084507042253553,-9.482758620689653,-0.943396226415091,22.80701754385964,19.31818181818181,2.4390243902439024,-10.644153379981313,7.277266910434608,-45.536156595571256,5.073472013459765,4.224579016360781
ASIAINS,Asia Insurance PLC,38.2,-3.0456852791878064,-10.53864168618267,-11.574074074074073,-14.157303370786511,-8.17307692307692,38.90909090909092,31.72413793103449,-52.25,151.31578947368425,15.59077836947114,4.068565589310813,4.222317313283042
ASIAPACINS,Asia Pacific General Insurance PLC,45.8,-1.2931034482758652,-6.3394683026584895,-9.664694280078907,-3.5789473684210584,17.73778920308483,44.936708860759474,28.291316526610625,-29.538461538461544,182.71604938271605,35.103244837758105,2.8279019997537906,3.5019886629910557
ASIATICLAB,Asiatic Laboratories Ltd,104.3,-2.065727699530519,3.165182987141447,-3.5152636447733556,-27.969613259668517,17.454954954954957,116.39004149377591,82.02443280977313,82.02443280977313,82.02443280977313,82.02443280977313,3.269251615459927,5.2104956423816935
ATLASBANG,Atlas Bangladesh Limited,78.4,-0.8849557522123751,-4.273504273504273,-2.244389027431418,-8.624708624708614,3.157894736842113,38.27160493827161,20.801232665639443,-31.885317115551686,-16.296470547368266,-30.300305378490314,2.684498069073534,3.341744810768385
AZIZPIPES,Aziz Pipes Limited.,80.0,2.564102564102564,4.031209362808835,-0.6211180124223602,5.2631578947368425,55.94541910331385,70.94017094017096,58.415841584158414,-42.028985507246375,66.86486611260818,414.5000037577794,4.779905101517803,6.510645343100096
BANGAS,Bangas Limited,117.0,-0.847457627118644,-0.9314140558848386,-8.163265306122453,-14.285714285714286,-13.970588235294118,-10.276073619631905,-4.098360655737705,-16.068866571018653,-19.956090691682068,-16.554122016399017,3.665017154843551,3.8057588804007927
BANKASIA,Bank Asia PLC,16.2,-0.6134969325153461,-1.8181818181818226,-4.705882352941181,-11.47540983606558,-20.82432466064262,-4.472826505926253,-3.423077335386088,-5.22205929751204,36.790417515115195,39.361690509609524,1.6141687754006564,1.481560360448856
BARKAPOWER,Baraka Power Ltd.,9.1,-5.208333333333334,-8.080808080808088,-14.150943396226415,8.333333333333325,15.18987341772151,33.8235294117647,5.813953488372094,-69.86754966887418,-60.89885169724206,-59.89550165659938,4.488934089123953,4.099802594937363
BATASHOE,Bata Shoe Co. (Bangladesh) Ltd.,885.4,0.2718006795016962,-0.9508893612260879,-3.2561188811188884,-3.234972677595631,4.164705882352939,10.110682750901622,0.38548752834466865,-2.596259625962599,-24.966101694915256,71.92233009708738,1.4400912991215598,1.7058878774927786
BATBC,British American Tobacco Bangladesh Co Ltd,220.0,-0.4524886877828055,-2.6117751217352834,-7.368421052631579,0.5944215820759083,0.04547521600727345,-11.290322580645162,-20.749279538904904,-67.88321167883211,-22.535209718309826,136.27685436472234,1.1635587893997987,1.8305335211524258
BAYLEASING,Bay Leasing and Investment Ltd.,4.0,0.0,-11.11111111111111,-16.666666666666664,-11.11111111111111,-20.0,21.212121212121218,-6.976744186046508,-87.4626865377857,-76.9374999710998,-84.75575516384988,6.860680159318845,5.350017885191382
BBS,Bangladesh Building Systems PLC,10.0,-4.761904761904762,-15.254237288135597,-24.812030075187973,-35.8974358974359,-14.529914529914526,8.695652173913052,-12.280701754385968,-51.21951219512195,-59.650787459085294,-53.88084987879136,5.294408320724105,4.958316171517853
BBSCABLES,BBS Cables PLC,15.2,-2.5641025641025665,-8.982035928143713,-20.000000000000004,-34.19913419913421,-25.123152709359612,0.0,-19.14893617021277,-78.70648019916435,-47.4184892836598,-47.4184892836598,4.304300928933921,4.847644047120567
BDAUTOCA,Bangladesh Autocars Limited,194.2,3.4629728289824193,6.5277015907844085,-1.9191919191919249,-5.77389616690927,-13.688888888888894,52.913385826771645,52.433281004709556,23.067173637515825,510.02871424633645,799.5338670621651,5.578787249115982,5.286054594197391
BDCOM,BDCOM Online Ltd.,26.7,-1.4760147601476092,-7.291666666666671,-9.491525423728815,-20.29850746268657,-9.797297297297305,2.6923076923076894,0.4838712000433536,8.22334613243559,41.05771367955133,122.03084272347712,2.8620173106938873,3.8605081744678222
BDFINANCE,Bangladesh Finance PLC,10.2,-5.555555555555569,-9.734513274336296,-21.538461538461544,-21.538461538461544,-24.44444444444445,-21.538461538461544,-22.72727272727273,-83.86268662848597,7.4240715840648255,-37.219034251285926,3.780887592492284,3.647701416922425
BDLAMPS,Bangladesh Lamps PLC,257.2,-1.9817073170731665,14.463729417000446,11.826086956521735,40.23991275899672,60.749999999999986,91.2267657992565,57.79141104294477,26.763703263593865,51.21098889002021,129.33666648319732,4.3177433183406295,3.4255514388781227
BDTHAI,Bangladesh Thai Aluminium Ltd.,13.3,-1.481481481481476,-10.738255033557046,-22.67441860465116,-29.25531914893617,4.724409448818909,18.750000000000014,6.400000000000006,-53.658536585365844,-31.276683539239844,-16.51871308524575,4.82217395841862,5.440927690037147
BDTHAIFOOD,BD Thai Food & Beverage Ltd.,17.4,-2.2471910112359668,-7.446808510638309,-28.9795918367347,-28.688524590163937,-2.2471910112359668,20.83333333333332,15.999999999999991,43.801652892561975,43.801652892561975,43.801652892561975,4.41444439558658,5.711247277736856
BDWELDING,Bangladesh Welding Electrodes Ltd.,10.2,-9.734513274336296,-14.285714285714295,-22.137404580152676,-27.142857142857146,-38.18181818181819,-43.64640883977901,6.2499999999999964,-48.48484848484849,-6.345454554820001,-53.57467799447862,4.626202775759446,4.896698662202341
BEACHHATCH,Beach Hatchery Ltd,22.9,-7.661290322580654,-17.028985507246386,-23.15436241610739,-32.24852071005917,-26.36655948553055,-51.06837606837607,-57.5139146567718,3.61990950226243,95.72649572649573,1.4556964336965112,5.879422088437367,4.706011136398555
BEACONPHAR,Beacon Pharmaceuticals PLC,100.9,0.1986097318768648,-1.078431372549014,-5.4358013120899695,-10.865724381625439,-0.09900990099009338,-3.629417382999042,-15.916666666666663,-57.97584339858392,431.0526315789474,555.1948051948052,2.8191675132445826,2.8869350476417974
BENGALWTL,Bengal Windsor Thermoplastics PLC,20.5,0.4901960784313796,-4.205607476635508,-12.01716738197425,-18.972332015810277,2.5,17.816091954022998,0.9852216748768438,-22.641509433962263,-51.19047623696146,-58.589315608352166,3.7545333480716514,4.386791893750135
BERGERPBL,Berger Paints Bangladesh Ltd.,1449.7,-0.4326923076923046,-1.246594005449588,-3.094919786096254,2.8228952407972163,3.9211469534050214,4.974656046343233,0.3252595155709374,-20.047429958085154,18.005698005698008,452.26666666666665,0.9476982615996816,1.3820696546069184
BESTHLDNG,Best Holdings PLC,13.9,-2.112676056338021,-6.0810810810810825,-4.794520547945201,-6.7114093959731544,6.923076923076925,2.9629629629629655,-17.75147928994082,-52.72108843537414,-52.72108843537414,-52.72108843537414,4.82710720453551,4.17310469253819
BEXIMCO,Bangladesh Export Import Company Ltd.,19.7,-1.0050251256281373,-3.9024390243902474,-12.831858407079656,-29.390681003584227,-82.1071752951862,-82.1071752951862,-82.1071752951862,-86.09879028782763,0.46349194083447987,-50.39491188534761,4.557943616733045,4.754829093097967
BGIC,Bangladesh General Insurance Company PLC,39.7,-2.457002457002457,-6.5882352941176405,-8.944954128440363,-4.796163069544364,18.15476190476191,28.478964401294515,15.072463768115949,-33.83333333333333,154.4871794871795,26.837060702875405,4.951751429245839,5.070469267293401
BIFC,Bangladesh Industrial Finance Company Ltd.,2.9,-3.333333333333336,-17.142857142857146,-30.952380952380956,-35.55555555555556,-51.666666666666664,70.58823529411765,-25.641025641025642,-57.97101449275362,-64.6341463414634,-85.76448448976771,7.926316567682794,7.024605826073011
BNICL,Bangladesh National Insurance Company Ltd,153.5,-1.9795657726692173,-9.43952802359882,29.100084104289312,32.67070008643042,115.2875175315568,241.11111111111111,241.11111111111111,10.5907780979827,903.267973856209,314.86486486486484,6.96437255759704,7.407102547188404
BPML,Bashundhara Paper Mill Ltd.,24.6,-1.5999999999999945,-8.888888888888884,-9.22509225092251,-13.380281690140835,-12.142857142857139,-5.019305019305008,-29.10662824207493,-53.49716446124763,-84.12903225806451,-84.12903225806451,3.571567089240091,4.067946311213552
BPPL,Baraka Patenga Power Ltd.,17.4,-2.7932960893854752,-6.951871657754014,-14.705882352941178,-17.535545023696695,16.778523489932873,16.778523489932873,27.94117647058823,-66.47398843930635,-45.45454545454545,-45.45454545454545,3.794071699684657,3.633090607305487
BRACBANK,BRAC Bank PLC,65.4,0.6153846153846242,1.2383900928792746,5.144694533762062,3.8095238095238186,3.0274218323140927,19.00319294355436,5.780615947687429,150.6618873738817,275.7999282876052,893.4509616336439,1.515480116719167,1.3748792209434613
BSC,Bangladesh Shipping Corporation,107.2,-0.740740740740738,-2.8985507246376834,-5.467372134038802,-8.376068376068375,-3.423423423423421,-4.5414069456812065,-9.764309764309761,94.55535390199637,147.0452683030297,114.65682224822473,1.5127770146322004,2.247877500164249
BSCPLC,Bangladesh Submarine Cables PLC,141.6,-0.28169014084507443,-4.966442953020138,-4.453441295546555,-9.751434034416834,-0.21141649048626593,10.366328916601699,4.117647058823525,-36.75748101831175,17.412935323383085,223.50925291295403,1.7162324326173373,1.9190322945293932
BSRMLTD,Bangladesh Steel Re-Rolling Mills Ltd.,94.1,0.42689434364993756,-0.9473684210526375,-4.563894523326573,-9.344894026974954,16.89440993788819,23.32896461336828,7.420091324200913,-20.2542372881356,-34.93657155743419,108.74516603733477,1.80335837355179,2.3012141781879603
BSRMSTEEL,BSRM Steels Limited,83.3,0.36144578313252673,-2.0000000000000036,-9.554831704668837,-6.193693693693694,18.999999999999996,31.181102362204722,24.32835820895522,6.521739130434775,-11.894230857336543,48.01769253666428,1.7932615802862524,2.675185303827233
BXPHARMA,Beximco Pharmaceuticals Plc,139.6,-2.2408963585434294,-5.802968960863694,-8.877284595300258,-10.969387755102051,16.722408026755854,35.533980582524265,17.805907172995777,-44.42675159235669,88.64864847019722,217.63583614393343,2.4991249234889277,2.019568443385031
CAPITECGBF,CAPITEC GRAMEEN BDT10 (MUTUAL FUND) Units,8.2,-3.5294117647058907,-9.890109890109894,-3.5294117647058907,2.499999999999991,20.588235294117638,20.588235294117638,10.810810810810795,-43.055555555555564,-43.055555555555564,-43.055555555555564,4.443807070151112,5.069741106543387
CAPMIBBLMF,CAPM IBBL Islamic Mutual Fund Units,16.1,-5.294117647058815,0.6250000000000089,21.05263157894737,33.05785123966944,80.89887640449439,114.66666666666669,85.05747126436785,-16.58031088082901,61.000000000000014,61.000000000000014,7.157083742072632,6.645573145147546
CENTRALINS,Central Insurance PLC,41.2,-1.4354066985645797,-7.829977628635346,-7.415730337078645,-3.738317757009333,4.040404040404044,1.2285012285012284,-4.1860465116279,-23.420074349442373,201.41805650983676,56.486952331944664,2.5984657144492,3.0523754959749314
CENTRALPHL,Central Pharmaceuticals Ltd.,8.7,0.0,-5.434782608695652,-16.346153846153857,-17.14285714285715,-6.451612903225821,-1.1363636363636525,-14.705882352941178,-52.71739130434782,-34.20624997080403,-74.57729506322296,3.4073026654277836,4.432832612307503
CITYBANK,City Bank PLC,29.7,0.0,-1.3289036544850568,-0.6688963210702318,-3.883495145631066,8.428571103285705,39.97950776358798,30.862068584462932,73.21842880498967,130.1071960958572,192.55110686100568,1.0772333802681004,1.2854199724100457
CITYGENINS,City Insurance PLC,131.0,-1.2810851544837896,-0.38022813688212925,2.503912363067295,22.429906542056074,31.65829145728643,51.095732410611305,89.85507246376811,212.6491646778043,1040.3597098264358,446.4304821267349,2.044491477093598,1.3186535852594807
CLICL,Chartered Life Insurance PLC,48.5,4.077253218884117,0.20661157024793683,4.301075268817204,-13.237924865831841,-21.647819063004842,-13.08243727598566,-22.025723472668812,340.90909090909093,340.90909090909093,340.90909090909093,4.8683871440717015,5.170436435148643
CNATEX,C & A Textiles Ltd,2.8,-3.448275862068969,-6.666666666666672,-9.677419354838719,-12.50000000000001,-28.205128205128208,16.666666666666664,-3.448275862068969,-63.15789473684211,-66.52173915590738,-83.65118479916309,6.256157635467986,6.693318511211414
CONFIDCEM,Confidence Cement PLC,58.0,-0.17211703958692154,-3.171953255425707,-9.937888198757772,-12.650602409638562,-6.602254428341387,17.408906882591097,-1.1925042589437866,-59.29662614818556,19.814188999215858,8.159112256143805,1.7825731838641867,3.481087310442619
CONTININS,Continental Insurance PLC,30.7,-1.9169329073482473,-10.75581395348837,-15.426997245179058,-15.193370165745865,21.825396825396826,26.859504132231407,10.830324909747294,-34.21428554982143,138.29893748333174,33.70804477177381,4.158114157914822,4.205419442366492
COPPERTECH,Coppertech Industries Ltd,20.2,-0.9803921568627416,-9.00900900900901,-17.551020408163268,-26.27737226277372,-1.9417475728155442,6.878306878306882,-6.481481481481492,-49.49999987375,-22.053249410644625,-22.053249410644625,3.5696133093590223,4.298563188196724
CROWNCEMNT,Crown Cement PLC,55.7,-2.9616724738675884,-8.388157894736834,-12.968749999999996,-17.481481481481477,10.735586481113332,19.01709401709403,0.9057971014492753,-32.891566265060234,-29.93710691823899,-31.06435643564356,4.323877518629125,5.1671567356556745
CRYSTALINS,Crystal Insurance Company Ltd,64.6,-1.674277016742783,-13.404825737265417,-1.2232415902140845,-11.869031377899049,-18.84422110552764,12.347826086956513,7.666666666666657,28.731883934369744,373.7333328596,373.7333328596,5.110075277858611,5.0488506498280055
CVOPRL,CVO Petrochemical Refinery PLC,154.9,-1.0223642172523926,-3.30836454431959,-7.797619047619045,-8.343195266272186,0.0,5.016949152542376,-19.740932642487046,-21.839449619444956,-28.507692609059877,29.31383875316065,2.9667090791989637,3.6093121089176865
DACCADYE,Dacca Dyeing and Manufacturing Company Limited,15.1,-0.657894736842103,-1.307189542483667,-7.926829268292677,-14.204545454545464,-11.176470588235295,-22.164948453608243,-28.095238095238095,-40.31620553359684,57.29166666666667,-46.24595474822425,3.334802237381534,4.512436332422492
DAFODILCOM,Daffodil Computers PLC.,155.5,1.9003931847968583,-3.8936959208899946,-6.88622754491018,-7.053197848176934,65.42553191489361,330.74792243767314,172.80701754385964,102.47395833333334,434.36426116838487,890.4458598726117,3.717891611585089,3.196257581899401
DBH,DBH Finance PLC,39.1,0.0,-2.0050125313283136,-5.326876513317181,-5.783132530120478,3.1662269129287677,11.714285714285717,0.7731958762886708,-51.57185745236832,-43.42379971891285,14.014020034025727,1.6383827714090673,2.5060505337191765
DBH1STMF,DBH First Mutual Fund Units,5.2,-1.886792452830182,-10.344827586206891,0.0,4.0000000000000036,6.122448979591833,-19.999999999999996,-17.460317460317455,-34.177215189873415,-25.71428571428571,-29.729729729729733,5.262933145286086,5.862879190127161
DELTALIFE,Delta Life Insurance Company Ltd.,69.8,-0.1430615164520866,-3.0555555555555594,-8.996088657105613,-14.25061425061426,-3.0555555555555594,2.9498525073746316,-15.29126213592234,-62.473118279569896,-30.130130130130137,-97.92661771345738,1.9693095807194214,2.9898354250792356
DELTASPINN,Delta Spinners Limited,7.4,1.3698630136986376,2.7777777777777803,0.0,1.3698630136986374,27.586206896551733,48.00000000000001,37.03703703703704,-33.33333333333333,0.6067413107779428,-52.7680642624748,4.9365337940680405,4.393879838901034
DESCO,Dhaka Electric Supply Co. Ltd.,24.2,3.4188034188034218,6.140350877192976,5.217391304347823,-8.67924528301887,1.2552301255230156,18.048780487804876,2.9787234042553163,-45.0,-55.596330275229356,-63.595988447671914,4.442445079839729,3.2691666652608347
DESHBANDHU,Deshbandhu Polymer Limited,16.1,-0.6172839506172708,-5.847953216374268,-15.263157894736835,-24.413145539906097,-6.395348837209291,-5.294117647058815,-22.22222222222221,-27.802690582959634,51.36752117346046,-25.644963884703657,3.428123958623198,4.606790805783103
DGIC,Desh General Insurance Company Ltd,39.6,-3.178484107579455,-3.883495145631071,25.31645569620253,33.78378378378378,95.07389162561576,101.01522842639595,74.44933920704847,-10.407239819004527,164.0,164.0,5.244926399467792,5.320427013013891
DHAKABANK,Dhaka Bank PLC,11.1,0.0,-1.7699115044247882,-6.7226890756302575,-8.264462809917356,-11.200000000000003,-1.7699115044247882,-5.128205128205125,-8.647781550384822,4.11307696151579,-13.327945855708542,1.7986427986428053,1.8225522446949671
DHAKAINS,Dhaka Insurance Limited,42.7,-1.6129032258064417,-7.575757575757575,-8.36909871244635,-4.47427293064877,12.368421052631586,18.611111111111118,10.051546391752593,-43.66754617414247,149.70760233918128,-10.41372556186509,3.7180056845259504,4.00011688021987
DOMINAGE,Dominage Steel Building Systems Ltd,64.3,-0.3100775193798494,2.7156549520766706,1.1006289308176034,-19.01763224181361,30.691056910569095,122.49134948096886,221.5,97.41228119528506,386.1079991736164,386.1079991736164,4.850420786464635,4.779780294728685
DOREENPWR,Doreen Power Generations & Systems Ltd.,30.4,-1.6181229773462786,-2.5641025641025665,-5.000000000000004,-1.9354838709677464,7.042253521126761,7.80141843971631,2.702702702702693,-59.345671383933386,-1.6783092162192619,-23.527573845829757,3.7669452096101934,4.149677774102386
DSHGARME,Desh Garments Limited.,149.1,-1.258278145695368,-1.3888888888888853,-14.848657909765848,-1.258278145695368,31.36563876651982,28.09278350515463,16.666666666666664,-23.35981316075234,46.21361848022649,1361.5004794912534,4.098034381236049,5.5690199002722185
DSSL,Dragon Sweater & Spinning Ltd.,10.0,-4.761904761904762,-9.090909090909092,-15.96638655462185,-27.536231884057973,6.382978723404252,17.647058823529413,-6.542056074766349,-50.560537873108125,73.39047323904005,10.115889816499019,4.790398594136912,4.871088574770767
DULAMIACOT,Dulamia Cotton Spinning Mills Limited,211.6,-0.04723665564477767,5.168986083499009,13.15508021390374,6.331658291457284,75.16556291390728,56.74074074074073,56.62472242783124,305.36398467432946,2759.459459459459,2200.0,4.182198091521809,6.0002245476807134
DUTCHBANGL,Dutch-Bangla Bank PLC,45.3,-0.4395604395604458,-1.5217391304347887,0.6666666666666603,-3.821656050955423,13.250000283124997,23.225388909099735,17.155172706681036,-10.250065250480993,111.50474139213252,98.19452921672182,1.2809625722260705,2.2236325551858944
EASTERNINS,Eastern Insurance PLC,58.7,-2.814569536423834,-7.41324921135646,-5.322580645161286,-0.6768189509306236,8.70370370370371,17.16566866267465,11.385199240986717,-47.11711711711712,143.56846473029046,60.82191780821919,3.399528231473583,3.931165245978492
EASTLAND,Eastland Insurance PLC,26.4,-0.7518796992481309,-6.382978723404258,-7.692307692307702,-3.6496350364963503,30.04926108374383,41.17647058823529,22.7906976744186,-33.16455696202532,70.90403786049579,-25.68931162423023,2.6127146422757246,3.2081075410930486
EASTRNLUB,Eastern Lubricants Blenders PLC,1923.8,2.471503142644075,-2.8334764382039563,-3.326633165829148,1.788359788359786,20.004990331233238,15.821794099939794,11.848836650058141,68.68101314368442,227.16070436916291,1500.3611121429988,2.7667187130199187,2.6446517933858926
EBL,Eastern Bank PLC,22.7,-0.4385964912280764,-0.8733624454148441,-5.020920502092047,-8.467741935483877,-14.667883540238623,-4.17622987892475,-5.72177453454665,-9.688041381028556,62.155936640706564,71.7262152156447,1.2334904353785323,2.0364517651191956
EBL1STMF,EBL First Mutual Fund Units,4.2,-6.6666666666666625,-10.638297872340425,2.4390243902439157,0.0,10.526315789473694,35.483870967741936,0.0,-44.73684210526315,-4.046154348066273,-38.74346884140965,5.05668267245618,6.359458415190961
EBLNRBMF,EBL NRB Mutual Fund,3.3,-2.941176470588238,-8.333333333333341,-8.333333333333341,-2.941176470588238,6.451612903225797,43.47826086956522,6.451612903225797,-52.857142857142854,-25.30576932126416,-51.96663011754182,5.245734657499369,5.509638382442049
ECABLES,Eastern Cables Ltd.,127.6,9.999999999999995,5.541770057899081,-2.965779467680613,-10.140845070422538,-3.2600454890068318,13.826940231935772,-2.1472392638036895,-9.567682494684622,-5.798657909684617,207.56175236373423,5.045117098716416,4.949136353998547
EGEN,eGeneration PLC,21.5,0.0,-4.444444444444445,-14.342629482071716,-20.07434944237918,-1.376146788990829,8.585858585858583,-16.988416988416986,-64.92659053833604,43.333333333333336,43.333333333333336,2.474144816331157,3.8415592865530193
EHL,Eastern Housing Ltd.,78.2,-5.441354292623942,-6.571087216248507,-13.014460511679646,-15.82346609257266,1.558441558441562,6.830601092896175,-8.323563892145362,27.361563517915318,126.66666666666667,100.03596385713678,3.2482443031084705,3.6344808358613507
EIL,Express Insurance Ltd.,31.5,-3.076923076923077,-1.5625,-3.963414634146333,-2.7777777777777737,14.13043478260869,11.70212765957447,-4.545454545454546,-6.8047337278106435,110.0,110.0,3.9524435844764643,3.5636062957936354
EMERALDOIL,Emerald Oil Industries Ltd.,27.7,2.59259259259259,-2.1201413427561886,-4.810996563573891,13.524590163934429,78.70967741935483,92.36111111111111,67.87878787878788,-21.75141242937853,-25.135135216070132,-35.544230901860914,4.071814166579513,5.31758517353934
ENVOYTEX,Envoy Textiles Ltd.,72.0,0.6993006993006993,2.857142857142857,16.88311688311688,22.44897959183674,45.16129032258064,48.45360824742268,24.78336221837088,52.86624203821656,101.5872072355114,60.687144220920146,2.53136204806912,5.2772492217016
EPGL,Energypac Power Generation PLC,15.4,-1.2820512820512775,-7.784431137724544,-15.846994535519128,-24.13793103448276,-6.666666666666665,-1.2820512820512775,-20.618556701030922,-70.61068702290076,-66.88172043010752,-66.88172043010752,3.9249478357420147,3.7916716970796727
ESQUIRENIT,Esquire Knit Composite PLC,22.4,-2.183406113537118,-3.448275862068969,-15.151515151515152,-14.503816793893133,10.344827586206884,8.737864077669888,-14.828897338403051,-47.906976744186046,-52.64270613107823,-52.64270613107823,2.969266701709885,4.546383915145424
ETL,Evince Textiles Ltd.,14.7,-2.000000000000005,-5.1612903225806495,8.888888888888884,4.999999999999995,51.54639175257732,46.99999999999999,44.11764705882353,9.701492537313424,8.268696123848835,12.621206562469885,4.48892575670344,4.8554707486090365
EXIM1STMF,EXIM Bank 1st Mutual Fund 2013- Units,5.8,-6.451612903225811,-12.12121212121212,-13.432835820895527,48.71794871794872,56.756756756756744,107.14285714285715,52.631578947368425,-14.705882352941178,-3.4138887257656876,-25.603181123829778,5.967317542490111,6.859242332422797
FAMILYTEX,Familytex (BD) Ltd.,2.2,0.0,-8.333333333333321,-8.333333333333321,-11.999999999999993,-43.589743589743584,69.23076923076924,15.789473684210542,-63.93442622950819,-70.72672391503775,-93.2818884454254,8.268398268398256,6.917609180455028
FARCHEM,FAR Chemical & Textile Ind. PLC,15.3,0.0,-1.2903225806451568,-3.773584905660375,-19.47368421052631,-7.831325301204822,5.51724137931035,-30.769230769230774,1.3245033112582851,-2.6407967372199757,-32.11899991854279,4.5468803740677695,5.704954464919439
FAREASTLIF,Fareast Islami Life Insurance Company Limited,17.4,-0.5714285714285796,-1.1363636363636525,-13.432835820895535,-22.321428571428573,-18.309859154929587,-16.346153846153857,-37.85714285714287,-71.89014539579968,-67.16981119067283,-77.87283230343279,2.972264531716969,5.413918712335057
FBFIF,First Bangladesh Fixed Income Fund Units,3.3,-2.941176470588238,-8.333333333333341,-8.333333333333341,3.124999999999989,-2.941176470588238,26.923076923076913,6.451612903225797,-42.10526315789474,-39.31093759928351,-56.00304775687579,4.17112299465241,4.991642386982347
FEDERALINS,Federal Insurance PLC,26.6,0.0,-6.0070671378091856,-8.904109589041088,-2.5641025641025617,31.034482758620694,38.54166666666668,15.652173913043484,-26.721763085399438,178.7281601777303,37.80073415288981,2.464040384247646,3.4415599697866606
FEKDIL,Far East Knitting & Dyeing Industries PLC.,20.0,-0.9900990099009866,-12.280701754385968,-13.79310344827586,-5.660377358490563,39.86013986013985,40.84507042253522,-1.9607843137254835,8.108108108108109,19.22371929379994,-15.931992884680598,4.877835301558602,5.341701524841857
FINEFOODS,Fine Foods Limited,473.5,2.711496746203905,7.126696832579186,2.7114967462039044,-5.337864854058375,-3.36734693877551,24.53971593897949,50.1268230818009,839.484126984127,5758.056398459627,2972.0044800945525,2.856557461189429,3.3968650166838237
FIRSTFIN,First Finance Ltd.,4.4,-2.2222222222222143,-2.2222222222222143,-8.333333333333321,4.761904761904766,-19.999999999999996,76.00000000000001,57.14285714285717,-44.303797468354425,-36.318918929589806,-87.08088770512603,3.647404275311243,5.826276311024113
FORTUNE,Fortune Shoes Ltd.,14.0,0.7194244604316521,-5.40540540540541,-18.128654970760238,-17.647058823529413,-3.4482758620689653,0.7194244604316521,-11.392405063291143,-82.55932194622194,-46.654581744809974,-46.654581744809974,4.7479321365399905,4.7913494416764335
FUWANGCER,Fu-Wang Ceramic Industry Ltd.,11.7,-1.680672268907572,-8.59375000000001,-19.86301369863014,-25.000000000000004,-4.0983606557377055,1.7391304347826024,-11.363636363636365,-48.458149779735685,-7.305357398815748,-23.183991361016933,3.5000350672121554,4.499738628480645
FUWANGFOOD,Fu-Wang Foods Limited,9.1,-1.0869565217391266,-4.210526315789477,-10.784313725490193,-26.612903225806456,-11.650485436893215,-18.75,-36.36363636363637,-52.84974093264249,-13.48500022518619,-45.37680423807041,3.914569031273834,3.674737634947765
GBBPOWER,GBB POWER Ltd.,12.6,-3.816793893129771,-5.2631578947368505,-8.695652173913052,46.51162790697675,46.51162790697675,96.87499999999997,80.0,-70.4225352112676,-16.792452649644,-52.30564264821743,3.4276923076923063,5.10580914632786
GEMINISEA,Gemini Sea Food PLC,105.0,-0.47393364928909953,-1.5009380863039348,-11.016949152542374,-11.690496215306984,-10.256410256410257,-23.18946598390636,-40.40862656072645,25.69291476807274,-11.407233884959496,492.6137703302644,3.424631371636707,4.5549685312836345
GENEXIL,Genex Infosys PLC,30.4,-0.9771986970684062,-11.111111111111123,-17.391304347826086,-17.166212534059955,14.716981132075468,13.011152416356879,4.827586206896547,-75.1936000915257,-9.144488900663678,-9.144488900663678,4.858206670541639,4.362565434861556
GENNEXT,Generation Next Fashions Ltd.,2.8,-3.448275862068969,-3.448275862068969,-12.50000000000001,-6.666666666666672,-22.22222222222223,3.7037037037036904,-3.448275862068969,-58.82352941176471,-55.421052734227835,-87.43161297669208,4.975369458128083,5.674132244329295
GHAIL,Golden Harvest Agro Industries Ltd.,11.8,2.6086956521739193,-7.086614173228336,-13.868613138686122,-24.35897435897435,-4.0650406504065035,10.280373831775714,-5.599999999999994,-39.48717948717948,-18.011039421662424,-68.01337355863768,4.960501021266368,4.781095417274742
GHCL,Global Heavy Chemicals Ltd.,18.6,-2.1052631578947296,-6.532663316582901,-11.848341232227487,-11.848341232227487,0.0,-6.532663316582901,-17.33333333333333,-55.5023923444976,-56.64335664335663,-77.45454545454545,4.117966145274499,5.404634194509536
GLDNJMF,ICB AMCL CMSF GOLDEN JUBILEE MUTUAL FUND,8.3,-4.597701149425271,-9.78260869565216,1.2195121951219687,16.901408450704242,38.33333333333334,36.065573770491824,18.57142857142858,-24.54545454545454,-24.54545454545454,-24.54545454545454,5.096123587129577,6.197342189065989
GLOBALINS,Global Insurance PLC,41.2,-2.830188679245273,-11.206896551724128,-11.397849462365587,-1.904761904761898,45.070422535211286,61.5686274509804,44.56140350877194,-21.673003802281364,295.6026423414315,73.94258111658384,3.646598182136371,3.7413589979322888
GOLDENSON,Golden Son Limited,11.0,-0.9009009009008978,-9.090909090909088,-23.611111111111114,-36.41618497109827,-15.384615384615385,8.910891089108913,-9.090909090909088,-35.294117647058826,-51.541850220264315,-72.22222222222221,3.5271901864193955,4.431538881943239
GP,Grameenphone Ltd.,240.2,0.0,-0.9075907590759146,-1.597705858254816,-6.899224806201555,-3.1451612903225854,-7.615384615384619,-20.463576158940402,-36.25265392781317,-11.691176470588239,39.976689976689975,0.5153296639437133,0.9280217153151779
GPHISPAT,GPH Ispat Limited,15.1,-2.580645161290325,-5.625000000000002,-13.218390804597696,-21.76165803108809,-7.926829268292677,-6.211180124223612,-24.500000000000004,-76.00139882919359,-32.1656538022444,-19.365748579017428,2.6700694160882006,4.233055848151227
GQBALLPEN,G.Q. Ball Pen Industries Limited,587.5,-0.4406032875783804,1.014442916093531,4.351687388987567,-6.982267257758077,-2.3437500000000036,31.22626758990396,4.910714285714286,397.8813559322034,794.2161339421612,333.0929474186699,2.915867957923025,4.619677941674041
GRAMEENS2,Grameen Mutual Fund One - Grameen Two Units,11.7,-1.680672268907572,-7.874015748031496,-4.0983606557377055,-11.363636363636365,-6.400000000000006,7.339449541284393,-7.874015748031496,-30.769230769230766,15.885714471131417,-36.10410966128139,3.3428642962358532,3.674201964142701
GREENDELMF,Green Delta Mutual Fund 2010 Units,4.4,-2.2222222222222143,-13.725490196078418,-4.347826086956506,4.761904761904766,29.411764705882366,46.66666666666668,25.714285714285722,-43.589743589743584,-37.14285714285713,-38.888888888888886,4.807288654255746,6.626521034059074
GREENDELT,Green Delta Insurance PLC,64.3,-0.9244992295839884,-3.1626506024096512,-6.540697674418605,-5.58002936857562,22.47619047619047,19.96268656716417,23.18007662835248,-39.45386064030133,64.95142039062678,23.342887798883762,3.829245275794454,4.336370331658172
GSPFINANCE,GSP Finance Company PLC,3.0,-6.250000000000005,-14.285714285714286,-18.918918918918923,-14.285714285714286,-44.44444444444445,87.5,-16.666666666666668,-87.30314962954344,-77.36587581598243,-79.3755116819539,8.163032454361057,6.837091027633626
HAKKANIPUL,Hakkani Pulp & Paper Mills PLC,66.4,-2.2091310751104563,-4.04624277456647,-12.169312169312155,-16.999999999999993,-20.669056152927116,-1.9202363367799071,-13.315926892950378,-14.980793854033276,32.80000000000001,256.9892473118279,3.219302160947971,3.8885436718075517
HAMI,Hami Industries PLC,151.3,1.954177897574128,4.705882352941185,0.8666666666666742,-1.4332247557003184,-12.289855072463762,40.61338289962827,30.43103448275863,-13.493424814179528,-13.493424814179528,-13.493424814179528,4.149205747546659,5.000816217273704
HEIDELBCEM,Heidelberg Materials Bangladesh PLC,203.6,-0.2449779519843214,-5.302325581395351,-4.413145539906106,-11.631944444444448,-13.361702127659576,-6.989492919141165,-15.867768595041325,-42.32294617563739,-62.64905521922583,-22.878787878787882,2.107045182558449,2.903198073105146
HFL,Hamid Fabrics PLC,11.0,-1.7857142857142794,-4.3478260869565215,-20.86330935251799,-24.137931034482758,-17.910447761194032,69.23076923076923,59.420289855072454,-45.8128078817734,-39.560439560439555,-80.78202990371705,7.543883164959938,7.212078044753704
HRTEX,H.R. Textile Mills Ltd.,16.0,-1.2345679012345634,-3.6144578313253093,-15.34391534391534,-24.882629107981224,-18.78172588832487,-12.568306010928964,-32.48945147679324,-78.8715486397392,-23.809523882086175,-43.31288334498777,2.837080730749393,4.656863420206393
HWAWELLTEX,Hwa Well Textiles (BD)PLC,48.7,1.2474012474012501,6.331877729257655,4.059829059829072,2.310924369747902,18.780487804878053,9.192825112107625,2.959830866807623,7.505518763796923,46.246246246246265,21.750000000000007,3.0115850886348983,3.7928271589796894
IBNSINA,BN SINA Pharmaceutical Industry PLC,306.3,-0.6487187804086928,-4.311152764761015,-2.607313195548486,-3.9811912225705295,-4.131455399061029,-2.7619047619047583,0.42622950819672506,11.381818181818184,70.01055054005552,411.3458977865075,2.172113674364653,1.5927345722450084
IBP,Indo-Bangla Pharmaceuticals Ltd.,13.3,-3.6231884057971016,-8.275862068965512,-23.999999999999996,-23.12138728323699,0.7575757575757683,18.750000000000014,-6.9930069930069925,-44.313008326796734,-49.23150625951422,-49.23150625951422,5.192604183873496,6.051025496291106
ICB,Investment Corporation of Bangladesh,40.0,-5.437352245862878,1.0101010101010064,-4.761904761904762,-13.419913419913424,6.382978723404252,9.58904109589041,-21.568627450980394,-74.63170304257484,-48.13686646347578,-63.42939816658371,5.71202459984087,4.153648276244174
ICB3RDNRB,ICB AMCL Third NRB Mutual Fund 2010 Units,5.7,-4.9999999999999964,-13.636363636363628,1.7857142857142954,5.555555555555552,29.545454545454536,39.02439024390246,29.545454545454536,-18.571428571428566,26.66666666666667,-19.71830985915492,5.37496747332813,5.868066370809149
ICBAGRANI1,ICB AMCL First Agrani Bank Mutual Fund Units,7.7,-1.2820512820512775,-10.465116279069761,-4.938271604938265,0.0,14.925373134328359,20.312499999999993,10.000000000000002,-16.30434782608695,-10.465116279069761,-10.465116279069761,5.121686647092478,5.7276784051352
ICBAMCL2ND,ICB AMCL Second Mutual Fund Units,9.5,-5.0,-5.940594059405937,28.378378378378372,39.705882352941174,66.66666666666667,69.64285714285715,58.333333333333336,-24.6031746031746,86.27450980392159,25.000000000000004,5.56749968201336,7.076038528563793
ICBEPMF1S1,ICB Employees Provident Mutual Fund One Scheme One Units,6.0,-3.2258064516129057,-10.447761194029853,0.0,-7.6923076923076925,11.111111111111104,76.47058823529412,33.333333333333336,-20.0,1.694915254237282,-27.71084337349398,4.8376589087360005,6.782495493785849
ICBIBANK,ICB Islamic Bank Limited,2.5,-3.8461538461538494,0.0,-3.8461538461538494,-10.714285714285708,-24.24242424242424,4.1666666666666705,-10.714285714285708,-54.54545454545455,-37.5,-66.66666666666667,4.000000000000004,5.689954489954496
ICBSONALI1,ICB AMCL Sonali Bank Ltd 1st Mutual Fund 2013- Units,7.8,-3.7037037037037015,0.0,21.87499999999999,32.20338983050846,65.95744680851062,85.7142857142857,52.94117647058824,-7.1428571428571495,29.999999999999996,-35.0,5.253178400546821,6.2600100221147255
ICICL,Islami Commercial Insurance PLC.,36.9,-2.1220159151193743,-8.888888888888891,-2.894736842105267,18.269230769230766,71.62790697674417,64.73214285714286,57.02127659574467,152.73972602739724,152.73972602739724,152.73972602739724,4.783734024222567,4.34392849768166
IDLC,IDLC Finance PLC.,41.6,-0.47846889952152094,-4.147465437788012,-5.022831050228301,-2.347417840375587,8.656716689552242,22.01117348938547,7.586207165517255,-31.497581277079107,4.959567259778004,-12.014185665199266,2.5778641511357128,2.8466203727894874
IFADAUTOS,IFAD Autos PLC,23.0,-0.8620689655172384,0.8771929824561372,-3.7656903765690317,-13.20754716981132,5.504587155963299,5.990783410138252,-3.7656903765690317,-62.15758055598258,-53.025543354004654,30.835605251428785,3.0901649455281373,3.455129896189129
IFIC,IFIC Bank PLC,4.9,0.0,2.0833333333333446,2.0833333333333446,-1.999999999999993,-10.909090909090903,4.255319148936174,-19.672131147540973,-64.50444706723097,-32.91022881608607,-53.88143595220322,4.23758865248227,4.921510572798119
IFIC1STMF,IFIC Bank 1st Mutual Fund Units,3.7,-2.631578947368412,-9.756097560975597,-7.499999999999996,-5.128205128205121,-9.756097560975597,48.00000000000001,8.823529411764714,-39.34426229508196,-10.968749874799803,-42.672560987180105,4.1856694751431585,5.261764534733544
IFILISLMF1,IFIL Islamic Mutual Fund - 1 Units,5.5,-5.172413793103446,-12.698412698412696,5.769230769230766,14.583333333333337,34.14634146341464,61.76470588235294,24.999999999999993,-16.666666666666664,-16.666666666666664,-12.698412698412696,4.903436530862783,4.679382221212688
INDEXAGRO,Index Agro Industries Ltd,69.6,-0.4291845493562394,-3.333333333333341,-1.2765957446808591,-7.200000000000007,5.454545454545446,4.035874439461866,-4.59530002258487,-39.85185170408048,-2.5599997564000136,-2.5599997564000136,3.0008841650265694,3.907790464806706
INTECH,Intech Ltd.,22.8,-0.4366812227074143,-4.999999999999997,-8.799999999999997,-27.388535031847127,-42.42424242424242,-28.075709779179807,-30.909090909090907,-39.03743315508021,104.69705879432996,87.13859965998164,3.027148092070735,5.141161795812198
INTRACO,Intraco Refueling Station PLC,23.8,1.7094017094017186,10.185185185185182,1.276595744680854,11.737089201877934,28.648648648648656,16.09756097560976,-11.524163568773226,5.344261840892775,-48.81358622519305,-48.81358622519305,4.3575209352744935,3.328830648074071
IPDC,IPDC Finance PLC,31.5,0.6389776357827454,-11.01694915254237,-1.8691588785046773,-11.516853932584272,71.37305737663426,73.16753965233616,51.02739760163727,-8.629841532798007,114.4839435563128,502.61600658956587,5.228515653250562,4.355928505830378
ISLAMIBANK,Islami Bank Bangladesh PLC,25.8,-0.7692307692307665,-4.444444444444442,-6.18181818181818,-18.09523809523809,-36.2962962962963,-21.818181818181813,-37.68115942028985,-13.131313131313128,-18.867924528301888,-34.000000066,2.2181000097507106,2.3875128910238206
ISLAMICFIN,Islamic Finance & Investment PLC,10.0,-2.9126213592233077,-6.542056074766349,-12.280701754385968,-10.714285714285708,-10.714285714285708,5.2631578947368425,36.986301369863014,-67.84565916398714,-24.678571433870832,-45.16599990341211,3.33207547169812,3.2061361131728217
ISLAMIINS,Islami Insurance Bangladesh Limited,65.7,-0.15197568389056887,-1.9402985074626824,6.310679611650495,2.336448598130841,76.61290322580645,75.20000000000002,61.822660098522164,3.4645669291338628,392.3901278120663,248.85192613408682,6.774562992180178,4.567343693035828
ISNLTD,Information Services Network Ltd.,53.3,9.896907216494839,0.18796992481201938,2.303262955854118,-14.032258064516133,-29.960578186596578,-32.01530612244899,-48.94636015325671,18.708240534521156,336.472441714723,252.74909230725999,7.462895015362304,7.911043056365778
ITC,IT Consultants PLC,41.4,-0.48076923076923755,-7.174887892376688,-12.473572938689216,-19.611650485436897,6.701030927835055,7.532467532467529,-4.6082949308755765,1.7199017199017093,32.12974961409257,40.91949690572763,3.131373940303883,3.051423193611473
JAMUNABANK,Jamuna Bank PLC,22.8,-0.4366812227074143,-0.8695652173913012,-5.785123966942143,-3.3898305084745792,-4.201680672268908,8.056872037914689,5.555555555555552,20.10662642760349,143.8752454213931,94.83685795872721,0.8787420718851743,1.7495693128460061
JAMUNAOIL,JAMUNA OIL PLC,178.0,0.11248593925758639,1.3667425968109372,0.8498583569405099,-2.73224043715847,3.1884057971014492,5.200945626477549,-5.770248808893597,-2.0363236103467193,-11.442786069651742,10.872027066433539,0.9819074502576558,1.0656481149966321
JANATAINS,Janata Insurance PLC,31.1,-0.9554140127388444,-6.6066066066065945,-8.79765395894428,-11.142857142857139,-5.18292682926828,27.983539094650208,18.70229007633589,-28.351898442687336,238.916677556045,-83.36701229886752,3.455653050542437,4.233821926922131
JHRML,JMI Hospital Requisite Manufacturing Ltd,41.3,-0.24154589371981022,-4.398148148148161,-14.137214137214146,-20.57692307692308,-5.275229357798175,-2.1327014218009612,-25.31645569620253,87.72727272727272,87.72727272727272,87.72727272727272,2.5824802696611115,3.605204521072865
JMISMDL,JMI Syringes & Medical Devices Ltd.,125.8,0.0,-2.7068832173240636,-4.76911430734292,-20.43010752688172,5.271966527196651,6.610169491525422,-12.638888888888891,-55.4574331023874,8.146649468016166,263.2441602174069,1.8170428983359854,3.5644189567536317
JUTESPINN,Jute Spinners Limited,201.5,-1.8987341772151927,-6.27906976744186,-5.487804878048776,-5.354626585251293,-6.27906976744186,3.2274590163934485,-8.409090909090908,47.94419970631426,253.50877192982455,203.00751879699249,1.9622925341983115,2.654891371276954
KARNAPHULI,Karnaphuli Insurance PLC,50.0,-4.397705544933073,-10.071942446043167,-16.666666666666668,17.647058823529413,65.01650165016501,75.43859649122807,56.73981191222572,18.483412322274877,348.1707339181105,83.16851402437659,4.109943678564157,3.8197648642976465
KAY&QUE,Kay and Que (Bangladesh) Ltd.,413.8,2.654428181592654,-1.1938872970391594,8.580425085279451,-2.174940898345151,-13.791666666666664,9.644939056703773,2.5790454469221036,56.590194793914456,1569.5679302962217,1983.3304174427262,3.5676782039478496,4.186395452637247
KBPPWBIL,Khan Brothers PP Woven Bag Industries Ltd,35.4,3.5087719298245488,-4.582210242587609,4.424778761061947,-7.3298429319371845,-35.63636363636364,-26.250000000000004,-76.16161616161617,142.4657534246575,74.99352226132613,5.759382647756155,5.327722144501888,6.414936743693687
KDSALTD,KDS Accessories Ltd.,42.6,0.9478672985781956,-5.33333333333333,-9.745762711864408,-20.224719101123593,-18.857142857142854,3.6496350364963503,-10.315789473684209,-46.108433600210844,-24.87974471801121,-18.359306648527415,2.573151201731529,3.186539732474786
KEYACOSMET,Keya Cosmetic Ltd.,5.0,-1.9607843137254832,-7.407407407407414,-3.8461538461538494,-1.9607843137254835,-3.8461538461538494,11.11111111111111,4.1666666666666705,-41.1764705882353,-34.640776708826664,-68.01170468615354,3.5311875693673787,4.660221841954915
KOHINOOR,Kohinoor Chemical Company (Bangladesh) PLC,510.6,-1.1805689955486787,-1.939696562319958,-3.6603773584905617,0.1372818199647079,0.6901991717609939,2.1404280856171325,0.47584963118783996,59.32023689598362,342.3859693702555,1005.3674274591646,1.09872481110562,1.4923262322934994
KPCL,Khulna Power Company Ltd.,10.1,-0.9803921568627416,-3.809523809523813,-9.82142857142857,-5.607476635514016,-3.809523809523813,-3.809523809523813,-15.833333333333336,-78.46481876332622,-82.50393702688548,-76.62224445463748,3.3187329028432524,3.6839702849640483
KPPL,Khulna Printing & Packaging Ltd,13.0,-5.109489051094886,-7.142857142857143,-6.474820143884894,-13.90728476821192,-17.721518987341774,-18.75,-13.90728476821192,-8.450704225352109,36.8421052631579,-62.2691293264249,5.071047366726263,5.216420117663871
KTL,Kattali Textile Ltd.,13.8,-3.4965034965034962,7.8125,11.290322580645164,26.605504587155966,45.26315789473685,18.96551724137932,5.343511450381688,-51.9163763066202,-27.864640456691845,-27.864640456691845,5.69485116063778,4.709913685287092
LANKABAFIN,LankaBangla Finance PLC,13.6,-2.158273381294969,-6.20689655172414,-13.924050632911399,-19.047619047619055,-9.933774834437086,10.569105691056901,-20.000000000000004,-69.77777777777777,-34.52153180852315,-52.50292671115783,3.1548213976271486,3.1313284420173715
LEGACYFOOT,Legacy Footwear Ltd.,68.7,0.8810572687224796,0.8810572687224796,-6.147540983606557,1.178203240058906,3.9334341906202854,26.752767527675275,8.18897637795276,4.566210045662101,176.7691071357176,338.7056483723883,3.2231147927147354,3.417582366608811
LHB,LafargeHolcim Bangladesh PLC,52.1,-0.19157088122605637,-0.38240917782025957,-3.3395176252319057,-8.112874779541448,0.19230769230769504,10.615711252653927,-6.126126126126124,-51.21722846441948,-31.806282722513092,616.8493509539344,1.152748180971963,2.3041131351584787
LIBRAINFU,Libra Infusions Ltd.,558.2,0.05377307761248758,-2.871063163389594,-6.966666666666659,-13.990755007704154,-11.955835962145104,-12.232704402515717,-29.520202020202017,-0.3214290698214086,55.05555540050002,373.9433957345871,1.5083683469548355,2.0150306374125826
LINDEBD,Linde Bangladesh Limited,662.2,-0.3161222339304394,-0.8831013321359044,-4.02898550724637,-7.332773579624963,-11.706666666666662,-12.753623188405792,-25.704027824525966,-58.80559875583204,-53.068745570517365,28.457807953443265,1.179843898657834,1.4474298417551283
LOVELLO,Taufika Foods and Lovello Ice-cream PLC,50.0,4.821802935010476,-4.761904761904762,3.73443983402489,-30.747922437673136,-35.064935064935064,-26.686217008797655,-48.01980185024753,44.73684233760389,285.00000050435,285.00000050435,4.197817915096286,5.345441220107844
LRBDL,Lub-rref (Bangladesh) Ltd,12.5,-3.1007751937984525,-6.015037593984967,-14.383561643835614,-14.96598639455782,21.359223300970868,26.262626262626256,-14.96598639455782,-75.49019607843137,-69.1358024691358,-69.1358024691358,3.4631551983825783,5.473119441723292
LRGLOBMF1,LR Global Bangladesh Mutual Fund One Units,4.2,0.0,-8.695652173913032,-2.325581395348829,10.526315789473694,27.272727272727284,50.000000000000014,20.000000000000004,-53.333333333333336,-41.666666666666664,-54.347826086956516,4.698016548271799,5.9464465335580705
MAGURAPLEX,Magura Multiplex PLC,80.2,-1.3530135301352946,-3.022974607013301,-7.068366164542288,-11.674008810572683,-4.295942720763716,-4.4100119189511355,-26.21895124195032,-44.47692332122462,348.78756276706065,348.78756276706065,2.663497648765376,3.276726725262323
MAKSONSPIN,Maksons Spinning Mills PLC,4.6,-6.122448979591851,-17.857142857142858,-25.806451612903235,-23.33333333333334,-24.59016393442623,-2.127659574468096,-31.34328358208956,-85.57993730407523,-32.916666498958335,-71.50842683119726,8.846766989624129,5.8219901273534855
MALEKSPIN,Malek Spinning Mills PLC,48.7,1.2474012474012501,1.6701461377870652,-3.5643564356435586,12.731481481481481,74.55197132616489,68.51211072664361,51.242236024844715,40.75144508670521,167.5824175824176,94.80000000000001,5.057431952309731,4.805361289393636
MARICO,Marico Bangladesh Limited.,2653.4,-0.2781118460613383,-0.43527204502813915,-1.6056661845959777,-2.4843807423741238,-3.862318840579707,0.01130752704384237,-7.36628962435414,14.154190328686973,117.49180327868852,606.6311584553928,1.0965474411909188,0.9377380217086859
MATINSPINN,Matin Spinning PLC,74.3,1.9204389574759826,13.089802130898011,18.312101910828027,25.295109612141655,61.521739130434774,59.78494623655913,30.350877192982452,3.3379694019471366,83.45679012345678,65.1111111111111,7.817529658244744,6.092375532232104
MBL1STMF,MBL 1st Mutual Fund 2010- Units,9.5,-9.523809523809524,-12.84403669724771,5.555555555555555,111.11111111111111,143.5897435897436,179.41176470588235,126.19047619047619,15.853658536585375,33.802816901408455,37.681159420289845,6.554778399459798,6.767386602140146
MEGCONMILK,Meghna Condensed Milk Industries Ltd.,29.9,-2.922077922077929,-2.922077922077929,-13.583815028901741,-26.894865525672373,-13.583815028901741,107.63888888888887,80.12048192771083,54.12371134020619,327.14285714285717,214.73684210526312,3.8182458782659663,5.753631113834691
MEGHNACEM,Meghna Cement Mills PLC,28.2,-0.7042253521126736,-4.729729729729737,-4.081632653061222,-13.230769230769232,-17.543859649122815,-3.7542662116041003,-38.961038961038966,-65.16005843867961,-64.99535409153886,-61.82231964736035,3.801522851230792,5.414186597036881
MEGHNAINS,Meghna Insurance PLC,32.3,-3.293413173652699,-11.263736263736268,-16.10389610389611,-7.714285714285722,11.764705882352938,14.946619217081833,24.230769230769223,193.6363636363636,193.6363636363636,193.6363636363636,4.293454710226119,4.197199368966285
MEGHNALIFE,Meghna Life Insurance PLC,51.3,1.785714285714283,-2.656546489563578,-9.203539823008853,-18.44197138314786,-4.291044776119411,0.984251968503937,-20.21772939346812,-42.94236608398143,28.56457527402401,-21.23355602795002,3.0867843590387114,4.846665327867733
MEGHNAPET,Meghna Pet Industries Ltd.,74.1,0.13513513513512745,-5.000000000000007,3.203342618384397,-14.925373134328359,166.54676258992805,239.90825688073394,197.59036144578315,196.39999999999998,1199.9999999999998,1057.8124999999998,6.239355133781401,7.631361607506488
MERCANBANK,Mercantile Bank PLC,6.2,0.0,-1.5873015873015817,-13.88888888888889,-16.216216216216218,-29.54545454545455,-16.216216216216218,-32.6086956521739,-59.974683677552626,-21.800966326144014,-40.07484560929133,2.274264897215723,3.175885058234973
MERCINS,Mercantile Islami Insurance PLC,46.1,-6.109979633401222,-12.190476190476188,6.221198156682035,7.710280373831787,90.49586776859505,80.7843137254902,73.30827067669172,-5.725971370143144,244.0298507462687,67.09385164316052,6.153384307258306,6.091682117198249
METROSPIN,Metro Spinning Ltd.,9.5,-2.0618556701030855,-5.0,-12.84403669724771,0.0,3.260869565217399,11.764705882352942,-9.523809523809524,-64.37499991093749,22.584337243354753,-36.78565077977105,4.651125095347066,5.541869568035087
MHSML,Mozaffar Hossain Spinning Mills Ltd.,18.6,-2.6178010471204183,-4.615384615384608,-10.576923076923073,-22.499999999999996,5.084745762711877,37.777777777777786,10.059171597633155,-17.33333333333333,4.583150202708303,-24.83086104143537,3.9602898216238898,4.816098163790836
MIDASFIN,MIDAS Financing PLC,4.5,0.0,-4.255319148936174,-16.66666666666667,-23.728813559322038,-30.76923076923077,0.0,-27.41935483870968,-79.340909092975,-70.89775887501993,-81.70849383416963,5.243356319905808,5.841152693527292
MIDLANDBNK,Midland Bank PLC,16.3,-1.2121212121212077,-2.395209580838315,-5.232558139534875,-0.6097560975609627,0.0,-4.678362573099419,-21.634615384615383,86.54444375423,86.54444375423,86.54444375423,2.9052321063517805,2.955637725481703
MIRACLEIND,Miracle Industries Limited,24.3,-2.0161290322580645,-8.646616541353385,-12.903225806451605,-15.625,-9.999999999999998,-23.58490566037736,-32.31197771587743,-32.87292817679558,-11.402615707609641,163.6602780674569,3.34280936869672,3.5160348489693605
MIRAKHTER,Mir Akhter Hossain Ltd,32.3,0.9374999999999911,-6.104651162790702,-9.52380952380954,-24.355971896955513,14.539007092198574,17.02898550724636,1.2539184952978013,-64.11111111111111,-60.123456790123456,-60.123456790123456,4.351590300749176,4.702549758917258
MITHUNKNIT,Mithun Knitting & Dyeing (CEPZ) Ltd.,13.0,-1.5151515151515098,-5.797101449275367,-8.450704225352109,-14.473684210526313,-22.15568862275449,-10.958904109589039,-15.032679738562095,-23.529411764705884,-79.31034474416903,-75.09959048554747,3.814803457977613,4.3265140867362755
MJLBD,MJL Bangladesh PLC,89.9,0.0,-1.6411378555798686,-1.7486338797814145,-5.765199161425576,1.0112359550561862,-0.11111111111110479,-7.12809917355371,-12.54863813229571,-19.389410562121732,57.94930532641938,1.276048702691874,1.4724437690641432
MLDYEING,M.L. Dyeing & Textile Ind. PLC,10.1,-2.8846153846153912,-12.173913043478263,-21.70542635658915,-15.126050420168072,17.441860465116278,20.23809523809523,6.315789473684207,-64.68531468531468,46.34900061788547,46.34900061788547,4.958301939723249,6.0193654069184905
MONNOAGML,Monno Agro & General Machinery Ltd.,296.5,-0.6367292225200997,-3.420195439739414,-10.069760388231723,-17.155630064263757,-16.47887323943662,-19.756427604871448,-22.746221990620118,-7.607662705978448,627.4064448059395,2284.276680684694,2.8990343042664417,3.91434389240298
MONNOCERA,Monno Ceramic Industries Limited.,81.0,-0.49140049140049835,-4.1420118343195265,-4.1420118343195265,-17.177914110429445,-2.291917973462009,-0.9779951100244464,-6.789413118527048,-42.22539229671897,229.9808148909792,372.9725014208094,2.6723738657634653,3.574709241772543
MONNOFABR,Monno Fabrics Ltd.,17.8,-3.26086956521738,-10.552763819095468,-18.34862385321101,-23.931623931623925,-20.888888888888886,-16.822429906542048,-8.24742268041236,-24.57627118644068,-24.57627118644068,-24.57627118644068,4.51144127198412,4.889508795082905
MONOSPOOL,Monospool Bangladesh PLC,102.6,-1.1560693641618525,-4.82374768089054,-6.043956043956052,-12.457337883959053,9.265175718849827,8.342133051742334,4.047618733365875,-17.855063619485033,114.5272718594124,114.5272718594124,2.662035630669857,3.6286561159005988
MPETROLEUM,Meghna Petroleum PLC,204.7,-0.24366471734892792,-0.3407984420642731,-1.3493975903614512,-5.581180811808128,2.094763092269321,6.227296315516347,-3.5344015080113103,2.8643216080401954,9.173333333333327,43.420382022184704,1.037323378394757,1.143134219269224
MTB,Mutual Trust Bank PLC,13.3,-0.7462686567164152,-2.2058823529411686,0.0,0.0,28.33477007485663,35.63837486735217,29.329613288557486,10.476443784871467,101.39468728295321,173.82183912565898,1.6530641393170813,3.08916813536494
NAHEEACP,Nahee Aluminum Composite Panel PLC,34.4,-1.9943019943020022,2.6865671641791002,-4.9723756906077465,-11.340206185567007,59.259259259259245,85.94594594594594,42.14876033057851,-30.22312373225152,-45.41950995816162,-45.41950995816162,5.208443406397021,6.244094920569993
NATLIFEINS,National Life Insurance PLC,92.6,0.652173913043472,-1.2793176972281481,-6.085192697768763,-13.376987839101975,-5.510204081632659,-1.2793176972281481,-18.270079435127982,-59.20704845814978,-27.321365418970547,-31.832082043669327,2.56326286071496,2.6800552044040016
NAVANACNG,Navana CNG Limited,19.0,-1.5544041450777237,-5.0,-9.523809523809524,-15.555555555555555,-8.212560386473427,-10.798122065727702,-20.502092050209203,-45.59090882504648,-52.92696605727213,-67.77307663349323,2.597180876604597,3.11885606190114
NAVANAPHAR,Navana Pharmaceuticals PLC,60.8,-0.4909983633387958,-3.7974683544303884,-10.192023633678,-16.2534435261708,5.739130434782604,16.030534351145036,4.827586206896547,130.3030303030303,130.3030303030303,130.3030303030303,2.9324147303914185,3.0808037419616845
NBL,National Bank PLC,3.2,0.0,-5.882352941176462,-8.571428571428566,-17.948717948717942,-35.99999999999999,0.0,-17.948717948717942,-60.975609756097555,-43.30657331545926,-70.00917739790314,5.040322580645152,5.059078472320234
NCCBANK,National Credit and Commerce Bank PLC,14.0,-0.7092198581560258,-2.097902097902103,-6.666666666666667,-9.67741935483871,12.000051430423621,19.344317138686854,17.41940873800601,6.708237350385378,83.05523294685824,27.08832430931643,1.5583144255604595,2.107461543399298
NCCBLMF1,NCCBL Mutual Fund-1 2012- Dividend Units,6.0,-4.761904761904759,-11.76470588235294,-3.225806451612906,20.0,36.36363636363635,50.0,25.000000000000004,-30.232558139534877,-15.49295774647887,-50.0,7.316792920098999,6.168467524320238
NEWLINE,New Line Clothings Ltd.,4.9,-3.9215686274509665,-1.999999999999993,-15.517241379310336,-12.499999999999988,-20.967741935483865,22.500000000000007,-1.999999999999993,-85.79710144927536,-80.36496497924607,-80.36496497924607,6.310446965433487,5.941284555047046
NFML,National Feed Mill Ltd,13.9,-1.4184397163120517,-9.74025974025974,-18.713450292397667,-32.5242718446602,-9.74025974025974,-1.4184397163120517,21.929824561403507,-53.203333338012996,1.1964011504929992,-50.16809740135651,5.011147163499752,5.655598613947329
NHFIL,National Housing Finance PLC,25.4,-0.7812500000000111,-4.868913857677905,-8.633093525179865,-21.11801242236026,7.627118644067784,12.888888888888884,2.0080321285140563,-58.54599410402971,-30.77927941881205,-16.828092751136715,2.183033675198223,3.1026195173991056
NITOLINS,Nitol Insurance PLC,54.1,-3.220035778175308,-6.239168110918546,2.07547169811321,50.277777777777786,89.82456140350877,92.52669039145907,95.30685920577618,-3.063139689398456,238.77871100026994,127.11071720718603,5.178347083378097,4.251387511512762
NORTHERN,Northern Jute Manufacturing Co. Ltd.,95.0,0.0,-7.766990291262136,-10.96532333645736,-12.923923006416128,-17.391304347826086,11.371629542790155,-9.523809523809524,-69.7933227344992,-61.8473894050096,533.3333375555555,4.387129898651968,5.735018269021459
NORTHRNINS,Northern Islami Insurance PLC,35.0,-0.5681818181818262,-5.913978494623663,-11.83879093198993,-11.61616161616162,25.42662145150206,32.19424493480215,16.666666938888884,-31.179775108848315,119.70108724249138,14.491034899891313,3.3083524148974215,3.974172727347648
NPOLYMER,National Polymer Industries PLC,29.7,-2.6229508196721336,-9.174311926605514,-7.763975155279513,-13.913043478260871,7.220216606498195,11.654135338345856,-9.174311926605514,-54.09582689335394,-27.498984182042538,105.79164983335431,5.095295839616384,3.8852979546817643
NRBBANK,NRB Bank PLC,6.7,0.0,0.0,0.0,11.66666666666667,-5.633802816901401,9.836065573770501,-21.17647058823529,-25.555555555555554,-25.555555555555554,-25.555555555555554,2.1166892808683886,3.2911279702839358
NRBCBANK,NRBC Bank PLC,9.2,1.098901098901095,0.0,2.2222222222222143,24.32432432432431,27.777777777777764,80.3921568627451,39.39393939393939,-59.15000012943235,-27.654650041915996,-27.654650041915996,3.969622846557435,3.6870069139237924
NTC,National Tea Company Limited,150.1,-1.2500000000000038,-3.0987734021949715,-3.5966602440590845,-7.800982800982812,-7.800982800982812,-13.636363636363646,-15.197740112994353,-73.89565217391305,-71.26172697683323,-80.50649350649351,2.3088465294888403,3.061967562655166
NTLTUBES,National Tubes Limited,59.9,0.16722408026756092,-0.4983388704319007,-8.966565349544071,-17.60660247592848,-2.6016260162601648,-4.160000000000002,-23.10654685494224,-44.843462246777165,-30.945205001954267,154.2017101459517,2.2023882904999708,3.3992268101001417
NURANI,Nurani Dyeing & Sweater Ltd.,2.9,3.5714285714285747,-3.333333333333336,-9.375000000000009,-3.333333333333336,-21.621621621621628,44.99999999999999,15.999999999999996,-67.77777777777777,-82.86204403563981,-82.86204403563981,6.403940886699514,7.108565125806512
OAL,Olympic Accessories Ltd,5.6,-3.448275862068969,-6.666666666666672,-18.840579710144933,-18.840579710144933,-15.151515151515152,-1.75438596491229,-18.840579710144933,-59.71223021582735,-67.84271183109401,-76.79897598734077,3.5096361593639296,4.055406603978657
OIMEX,Oimex Electrode Ltd.,12.7,-3.787878787878788,-8.633093525179865,-16.447368421052634,-18.589743589743595,-2.3076923076923133,-16.99346405228759,-46.413502109704645,-50.0,-74.5299721910475,-74.5299721910475,4.730451480707503,5.462076326202969
OLYMPIC,Olympic Industries PLC.,142.0,-0.28089887640449834,-0.6993006993006993,-3.0716723549488054,-9.49649458253665,-5.080213903743312,3.1976744186046555,-8.622908622908625,-25.263157894736842,-51.306335606548004,92.18045237338005,1.664298023926838,1.763749083535318
ONEBANKPLC,One Bank PLC,7.0,-1.4084507042253471,-9.090909090909092,-9.090909090909092,-11.392405063291143,-4.109589041095888,0.0,-10.256410256410255,-23.736841761677567,-23.736841761677567,-23.736841761677567,5.107238422951559,3.2680856744363633
ORIONINFU,Orion Infusion Ltd.,251.4,8.737024221453295,-10.724431818181824,13.601446000903747,-19.680511182108624,-27.55043227665706,-26.080564539841227,-50.72520580164641,134.5149253731343,258.1196581196581,446.5217391304348,7.342461631763474,8.447563204911182
ORIONPHARM,Orion Pharma Ltd.,26.9,-1.102941176470591,-10.333333333333337,2.2813688212927676,-5.614035087719303,-5.944055944055954,-1.102941176470591,-26.502732240437165,-74.85981308411215,-29.21052631578948,-60.634146184,5.284331076119781,5.242122166690147
PADMALIFE,Padma Islami Life Insurance Ltd.,15.5,0.0,-4.907975460122704,-7.185628742514966,-18.42105263157895,-12.429378531073443,-7.185628742514966,-24.390243902439025,-65.63192904656319,-22.17573191799863,-68.36535434346216,4.367362587416015,4.323218806940268
PADMAOIL,Padma Oil PLC,193.6,-0.15471892728211004,0.3108808290155411,-0.6670087224217606,-4.7244094488188955,8.764044943820222,14.21828908554572,-2.3208879919273433,-14.788732394366196,-0.7179487179487208,13.882352827294119,1.2133411876975013,1.0769863734098384
PARAMOUNT,Paramount Insurance PLC.,60.5,-1.785714285714288,-9.022556390977444,-1.9448946515397127,-3.8155802861685193,12.037037037037036,39.08045977011494,28.99786780383796,-26.039119804400972,703.4950616781802,359.73620442975056,3.59116925884957,4.983568055604339
PDL,Pacific Denims Ltd.,5.3,-1.8518518518518614,-7.017543859649129,-5.357142857142854,-8.620689655172415,-8.620689655172415,15.21739130434783,-15.873015873015873,-70.09497207171698,-73.09690924247917,-73.09690924247917,4.068610634648373,4.407473449747305
PENINSULA,The Peninsula Chittagong PLC,17.3,-4.419889502762434,-15.19607843137254,-18.779342723004696,-29.387755102040813,-18.779342723004696,-5.46448087431694,33.07692307692308,-47.41641337386018,-8.465608465608454,-52.19736830154604,6.034893326476455,5.018897209899057
PEOPLESINS,Peoples Insurance PLC,56.8,-3.8917089678511068,-10.9717868338558,-9.409888357256786,-7.941653160453818,22.150537634408597,56.473829201101935,59.55056179775279,21.627408993576005,254.99999999999997,115.15151515151516,3.660728930800852,4.6840406847773535
PF1STMF,Phoenix Finance 1st Mutual Fund Units,15.8,-9.71428571428571,-8.670520231213873,3.947368421052641,46.29629629629629,192.59259259259258,216.0,229.16666666666669,68.08510638297872,229.16666666666669,100.0,6.85132295294688,6.638770526965254
PHARMAID,Pharma Aids Limited.,548.9,1.25438111049621,-1.1525301638753787,-4.256061398918538,-6.490630323679731,-0.20000000000000415,11.338742393509124,-4.539130434782613,-4.539130434782613,112.75193798449611,291.79157744468233,2.181963967588884,2.5173161008107408
PHENIXINS,Phoenix Insurance PLC,45.7,-1.7204301075268755,-6.734693877551015,-10.567514677103716,3.86363636363637,54.391891891891895,70.5223880597015,61.48409893992933,-19.25795053003533,101.32158590308373,2.008928571428584,3.9166246609236035,4.234143421718988
PHOENIXFIN,Phoenix Finance and Investments Ltd.,3.1,0.0,-8.823529411764701,-18.42105263157894,-18.42105263157894,-27.906976744186043,29.166666666666675,-3.1250000000000027,-90.25157232704402,-81.18947562083225,-88.63793825235571,5.042766373411533,6.029092938458005
PHPMF1,PHP First Mutual Fund Units 2010-,3.4,-2.85714285714286,-8.108108108108116,-5.555555555555561,3.030303030303033,-2.85714285714286,41.66666666666667,13.33333333333333,-44.26229508196722,-15.651064131289823,-39.11814328071533,4.605042016806728,5.132339121834923
PIONEERINS,Pioneer Insurance PLC,65.8,-0.4538577912254118,-6.6666666666666705,-3.801169590643287,-9.4910591471802,33.73983739837397,43.6382539816715,50.52287617608398,-34.591024327788155,191.6240706795131,64.21212534731889,3.009103959821379,3.7511098129780542
PLFSL,Peoples Leasing and Financial Services Ltd.,1.6,-5.882352941176463,-11.111111111111109,-15.789473684210519,23.07692307692308,-40.74074074074074,201.88679245283018,14.285714285714299,-46.666666666666664,-78.0821917808219,-94.55108359622348,8.529411764705873,9.004952592413886
POPULAR1MF,Popular Life First Mutual Fund Units 2010-,3.4,-2.85714285714286,-5.555555555555561,-8.108108108108116,0.0,6.249999999999991,41.66666666666667,13.33333333333333,-43.333333333333336,-16.048936428049707,-35.22565918155659,4.051353874883291,4.998275395334221
POPULARLIF,Popular Life Insurance Co. Ltd.,54.5,1.6791044776119375,-4.217926186291738,-11.382113821138212,-12.52006420545746,12.371134020618557,28.235294117647058,4.406130268199228,-38.34841628959276,-22.69503546099291,-51.08974329628205,3.4642944331852568,4.558744872246829
POWERGRID,Power Grid Co. of Bangladesh Ltd.,36.6,-0.8130081300812931,-3.4300791556728156,-8.040201005025114,-5.42635658914729,22.000000000000004,36.05947955390336,10.909090909090912,-42.99065420560748,-39.40397350993377,-32.59668508287292,3.9901284291014987,2.750756085116439
PRAGATIINS,Pragati Insurance PLC,71.0,-1.1142061281337008,-6.4558629776021155,-6.94626474442988,-15.173237753882917,3.7304960625203964,1.7107089436253464,-2.493333694107997,1.0492685058823708,305.11174935142213,78.51481714983612,3.4491820725215385,3.7457270572471812
PRAGATILIF,Pragati Life Insurance PLC,137.2,2.159344750558434,-6.475800954328562,-10.209424083769647,-20.859989592832523,-23.27402143032637,2.1109606541498867,-38.87403813349226,60.779094712272325,156.80183726605927,107.17488274381445,3.373824878357742,4.491473323009285
PREMIERBAN,The Premier Bank PLC,5.6,0.0,-1.75438596491229,-3.448275862068969,16.666666666666664,7.692307692307681,39.99999999999999,-13.84615384615385,-53.69230782321598,28.185776496168234,-23.417010251007888,3.5526315789473712,3.026794988767916
PREMIERCEM,Premier Cement Mills PLC,40.5,-2.4096385542168677,-1.2195121951219512,-13.461538461538458,-18.511066398390344,4.92227979274611,3.3163265306122374,-15.800415800415802,-54.949944382647395,-57.45798319327731,-61.42857142857143,3.059448601285272,4.623594034689797
PREMIERLEA,Premier Leasing & Finance Limited,1.8,0.0,-9.999999999999998,-21.739130434782602,-21.739130434782602,-37.93103448275862,233.33333333333331,5.882352941176476,-86.66666666666667,-78.75814300244946,-86.72076970349451,8.895768833849328,8.524482430706971
PRIME1ICBA,Prime Bank 1st ICB AMCL Mutual Fund Units,6.8,-8.108108108108116,-13.924050632911399,13.33333333333333,28.30188679245283,47.82608695652175,58.139534883720934,47.82608695652175,-9.333333333333336,35.99999999999999,-5.555555555555561,7.510139243182749,7.018989487673662
PRIMEBANK,Prime Bank PLC,28.0,-0.7092198581560258,-0.7092198581560258,-3.114186851211068,-6.666666666666667,-9.538461326920707,2.0833335885416697,3.157894975734077,36.9772725303679,105.89130376282624,-1.4504057649316349,1.1410886777407936,1.3647927662851436
PRIMEFIN,Prime Finance and Investment Ltd.,2.6,0.0,-10.344827586206891,-16.129032258064516,-21.212121212121204,-45.83333333333333,136.36363636363635,-7.1428571428571335,-86.86868686868686,-68.29268292682927,-90.42944781518311,5.360683760683759,6.20117670446078
PRIMEINSUR,Prime Islami Insurance PLC,44.9,-4.468085106382982,-15.122873345935728,-18.511796733212346,-4.059829059829057,32.05882352941176,50.16722408026756,32.05882352941176,-5.473684210526319,138.82978723404256,25.7200002966992,4.87545476702139,4.721218732066616
PRIMELIFE,Prime Life Insurance Company Limited,36.7,-0.5420054200541891,-5.89743589743589,-4.427083333333322,-15.046296296296296,6.069364161849715,11.21212121212122,-18.44444444444444,-44.393939393939384,-36.72413793103448,-59.6299999382339,4.856824528213645,5.121463785780507
PRIMETEX,Prime Textile Spining Mills Ltd.,13.5,-2.173913043478266,-10.0,-20.58823529411765,-25.82417582417582,-30.412371134020614,-2.173913043478266,3.8461538461538463,-43.0379746835443,-42.30769230769231,-33.168316831683164,4.919360958970325,7.620567282569887
PROGRESLIF,Progressive Life Insurance Co. Ltd.,36.0,1.1235955056179736,0.0,-8.860759493670885,-13.25301204819277,-13.25301204819277,-21.05263157894737,-37.71626297577854,-64.39169139465875,-7.599999570648004,-51.8807985367047,3.5294883194229976,4.797710513702151
PROVATIINS,Provati Insurance PLC,49.1,-1.4056224899598309,-11.05072463768116,-16.354344122657583,-27.151335311572705,54.40251572327044,71.08013937282232,44.837758112094406,-67.36045862353254,408.17863996899916,162.88415565508566,3.885366127641518,4.464854239484632
PTL,Paramount Textile PLC,84.4,2.5516403402187224,5.897114178168134,12.834224598930493,25.5952380952381,56.00739371534197,62.93436293436296,39.966832504145955,31.732432636528717,596.37120207521,230.34108797204044,5.546957390527748,3.4755787126921827
PUBALIBANK,Pubali Bank PLC,39.2,1.0309278350515612,0.7712082262210906,2.887139107611552,7.98898071625346,17.702377952071277,45.89000242687647,55.44831293649161,125.5114168189389,206.20189161608326,124.86115603745229,3.0127782777460475,2.2852289272936903
PURABIGEN,Purabi General Insurance Co. Ltd.,26.7,-2.554744525547443,-8.561643835616438,-13.311688311688314,-19.819819819819816,28.36538461538461,37.62886597938145,17.105263157894733,-33.57246402050849,208.87076739854885,-9.807564578664575,3.8620224813390207,3.926272617947547
QUASEMIND,Quasem Industries Limited.,37.4,-0.7957559681697726,-3.1088082901554475,-10.952380952380954,-19.914346895074956,-6.500000000000003,-1.1057693401234392,-3.200000109327068,-18.394426469896807,-2.9777303492569858,135.35560017018122,3.2553714432364775,3.6182675665296826
QUEENSOUTH,Queen South Textile Mills Ltd.,12.9,-2.272727272727265,-8.510638297872335,-17.83439490445859,-20.858895705521476,11.206896551724142,8.403361344537815,-5.839416058394153,-55.1672132929093,-46.87540189376195,-46.87540189376195,4.506426649520185,4.969561085531769
RAHIMAFOOD,Rahima Food Corporation Ltd.,68.2,-1.3024602026049081,-8.086253369272237,-8.086253369272237,-22.057142857142853,-40.59233449477351,-57.375,-51.355206847360904,-78.95061728395062,32.94346978557506,296.51162790697674,4.642206770523156,5.024054873040512
RAHIMTEXT,Rahim Textile Mills Ltd.,180.9,0.38845726970034244,0.4441976679622495,-8.265720081135894,-19.528469750889684,-15.427769985974754,-15.18987341772152,0.05530973451327119,-36.212976022567,2.445142546092738,348.5234631024996,2.6546821097040807,4.645012004972966
RAKCERAMIC,RAK Ceramics (Baneladesh) Limited,24.9,0.40322580645160433,-7.434944237918216,-17.000000000000004,-17.275747508305656,8.260869565217385,12.16216216216216,-0.4000000000000057,-50.0,-46.651854947697956,-37.969705920501575,3.482520541290842,3.118501486016068
RANFOUNDRY,Rangpur Foundry Limited,147.8,-0.2699055330634125,-2.699144173798548,-4.583602324080048,-8.934072704867528,-7.855361596009972,3.4289713086074216,-18.342541436464085,-7.102451288497789,39.96212121212123,138.38709677419357,3.8536765397314627,3.4230958454251077
RDFOOD,Rangpur Dairy and Food Products Limited,21.9,-0.454545454545461,-3.5242290748898712,-10.612244897959188,-26.262626262626267,7.352941176470589,9.499999999999993,-10.245901639344263,-57.27840924731219,94.02833018989573,35.35804392451595,4.0649904485033375,4.530222608115182
RECKITTBEN,Reckitt Benckiser (Bangladesh) PLC,3251.5,-0.027671873078344945,-0.15660504820978657,-1.6782582400967645,-2.7079593058049074,-7.07344955701629,-4.926900584795321,-3.889923442996066,-32.260416666666664,107.10191082802548,339.9864682002706,0.38720449573231275,0.80698360161078
REGENTTEX,Regent Textile Mills Ltd.,5.2,-5.4545454545454515,-10.344827586206891,-18.75,-14.75409836065573,15.555555555555559,30.000000000000004,67.74193548387096,-61.764705882352935,-58.04108674560067,-79.73384484942648,7.863484182153498,6.023178960930103
RELIANCE1,Reliance Insurance Mutual Fund Reliance One Units,11.6,-5.691056910569114,-14.074074074074076,-5.691056910569115,-3.333333333333336,-4.132231404958678,-26.11464968152866,-27.500000000000004,-0.8547008547008517,43.20987654320988,27.472527472527474,5.256906569895809,5.569489902588689
RELIANCINS,Reliance Insurance PLC,97.5,-3.656126482213441,-12.634408602150534,-13.178984861976845,-19.28807947019867,46.396396396396405,49.08256880733944,35.60500695410291,5.405405405405405,196.28424567039028,101.91074081599794,4.7759936341920035,7.521250521527313
RENATA,Renata PLC,443.1,0.0,-1.2700534759358264,-5.016077170418002,-3.8828633405639863,4.014084507042259,13.03571428571429,-8.526011560693632,-63.65653665069949,-32.30178730692103,42.64271678089701,2.056216313365145,1.4638713216453203
RENWICKJA,Renwick Janeswar and Co. (BD) Limited,701.0,-0.042777698559811,-3.3236794924837985,-7.617290458618866,4.129530600118828,54.065934065934066,43.41243862520458,10.341570911380458,-32.047305157037606,-2.6524093875850605,792.9936305732484,1.3091249804331273,2.1381930729161347
REPUBLIC,Republic Insurance PLC,35.3,-2.7548209366391188,-10.85858585858587,-15.34772182254198,-6.1170212765957555,10.312499999999991,28.832116788321166,5.3731343283582005,-28.851462161971455,311.71134257634236,72.115650110526,3.9855117473396535,4.594855188966416
RINGSHINE,Ring Shine Textiles Ltd.,3.7,0.0,-2.631578947368412,-9.756097560975597,0.0,-5.128205128205121,15.625,27.586206896551733,-70.4,-75.08666666915799,-75.08666666915799,4.924924924924918,5.614004298214821
ROBI,Robi Axiata PLc,29.9,-0.3333333333333381,-0.6644518272425344,-1.3201320132013272,-7.71604938271605,2.047781569965863,5.6537102473498155,-1.967213114754103,-24.685138539042832,99.33333333333331,99.33333333333331,1.2076123252078932,1.985712178111809
RSRMSTEEL,Ratanpur Steel Re-Rolling Mills Ltd,6.0,1.6949152542372818,-11.76470588235294,-18.918918918918923,-28.571428571428573,-27.71084337349398,-10.447761194029853,-29.41176470588235,-81.48148148148148,-82.76339277809684,-86.76228560182868,7.658028764621474,5.787402466947216
RUNNERAUTO,Runner Automobiles PLC,43.9,-0.45351473922903135,-3.090507726269313,-8.15899581589958,5.02392344497608,8.93300248138958,18.648648648648646,43.93442622950819,-32.46153846153846,-52.62589916469644,-52.62589916469644,2.6147187162555574,2.965317245757559
RUPALIBANK,Rupali Bank PLC,16.4,-1.796407185628747,-2.3809523809523934,-5.74712643678161,-2.958579881656805,-7.865168539325855,-5.2023121387283355,-26.78571428571429,-48.79183676531428,9.098343429399359,-45.30593235292775,2.296572731856145,2.1645068171575317
RUPALIINS,Rupali Insurance Company Ltd.,26.8,0.0,-6.944444444444445,-9.459459459459461,-8.219178082191776,24.51327464756638,31.495327431542062,12.560000281400002,-36.764044793190756,108.09015384788356,-14.489134333718777,2.936516732115058,3.6909062619640856
RUPALILIFE,Rupali Life Insurance PLC,78.9,3.5433070866141767,-2.230483271375461,-3.5452322738386206,-14.978448275862059,-4.710144927536222,0.3816793893129916,-35.06172839506172,11.283497884344145,152.5771064813676,-21.612547497047544,2.960646288839957,3.7773434961676604
SAFKOSPINN,Safko Spinning Mills Limited,21.2,-0.46948356807512404,3.41463414634146,-4.932735426008975,-4.072398190045258,14.594594594594591,53.62318840579709,50.354609929078016,-9.271186465282392,79.19167462226282,7.362501105643855,4.864586786098662,3.738565026737338
SAIFPOWER,SAIF Powertec Ltd.,6.8,1.4925373134328304,-12.820512820512821,-28.42105263157895,-35.84905660377358,-5.555555555555561,35.99999999999999,6.249999999999991,-84.56531055080684,-59.636280673163455,-50.52993018993997,6.955808880259852,5.512874349609142
SAIHAMCOT,Saiham Cotton Mills Ltd.,22.3,0.0,-1.327433628318587,-6.694560669456058,7.211538461538462,13.197969543147215,13.775510204081629,26.70454545454545,13.197969543147215,50.67567567567567,-13.626760636371753,4.115160476862598,4.906934934813023
SAIHAMTEX,Saiham Textile Mills Ltd.,43.3,0.4640371229698277,13.054830287206267,30.42168674698793,118.68686868686866,135.32608695652175,150.28901734104042,170.62499999999997,81.93277310924367,209.28571516938771,84.75176672194353,4.506068435819748,7.501077209416818
SALAMCRST,S. Alam Cold Rolled Steels Limited,11.2,-2.6086956521739193,-9.677419354838719,-9.677419354838719,-23.80952380952381,-33.72781065088757,-24.832214765100677,-42.2680412371134,-71.50127226463106,-55.731225296442695,-76.47058823529413,4.805769028318773,5.256833392692697
SALVO,Salvo Organic Industries PLC,28.8,-1.0309278350515487,-7.987220447284344,-14.792899408284015,-24.40944881889764,-10.835913312693489,-4.9504950495049505,-11.926605504587162,-44.72168905950096,146.13953619026395,68.2273405214041,3.7787623882361636,4.157117045454091
SAMATALETH,Samata Leather Complex (Pvt.) Ltd.,100.9,4.668049792531121,18.70588235294118,8.145766345123269,3.5934291581108826,20.405727923627698,20.119047619047624,-1.560975609756092,13.498312710911135,316.6720634783908,586.1199978044159,7.241055523522666,6.788071104916259
SAMORITA,Samorita Hospital Ltd.,86.2,-2.488687782805433,-7.70877944325482,-3.2547699214365786,-6.709956709956712,25.839416058394164,18.56946354883081,11.6580310880829,8.12538724607268,63.7912477529981,119.58264131154908,4.641941070525045,6.301408643614637
SANDHANINS,Shandhani Life Insurance Co.Ltd,24.0,1.2658227848101298,-3.6144578313252955,-6.614785992217897,-6.976744186046513,18.811881188118814,24.352331606217614,0.41841004184101016,-36.339522546419104,11.844661097619017,-43.632085033194315,3.029720911897537,3.0283432100116956
SAPORTL,Summit Alliance Port Limited,58.3,-0.6814310051107422,-4.26929392446634,-1.1864406779661065,18.25557809330629,17.06827309236948,38.47980997624702,34.95370370370369,85.6687898089172,49.74489078979384,176.63452812287417,3.5462849391401754,2.7638905605444988
SBACBANK,SBAC Bank PLC.,6.7,1.5151515151515234,0.0,0.0,4.687499999999997,-1.4705882352941124,8.064516129032258,-12.987012987012987,-64.19576720126098,-36.02109080974911,-36.02109080974911,2.7272727272727306,3.279016413743849
SEAPEARL,Sea Pearl Beach Resort & Spa Ltd.,33.9,-1.1661807580174888,-4.5070422535211305,-4.775280898876412,-15.250000000000004,-13.07692307692308,2.727272727272723,-29.375000000000004,-35.55133079847909,41.250000353125,41.250000353125,3.712105587860692,5.241092935703506
SEMLFBSLGF,SEML FBLSL Growth Fund Units,6.6,-1.4925373134328437,-12.000000000000004,-9.589041095890414,1.538461538461533,19.999999999999996,34.69387755102039,26.923076923076913,-32.653061224489804,8.196721311475411,8.196721311475411,5.362499914356997,4.477742940292678
SEMLIBBLSF,SEML IBBL Shariah Fund Units,7.8,0.0,-4.8780487804877986,-2.500000000000002,6.8493150684931505,25.80645161290322,34.48275862068966,18.181818181818183,-23.529411764705877,-43.065693430656935,-43.065693430656935,2.288711288711288,2.134668068134383
SHAHJABANK,Shahjalal Islami Bank PLC,17.2,0.0,-1.7142857142857184,-1.7142857142857184,-1.1494252873563178,-4.9723756906077465,4.878048780487809,-7.5268817204301195,-19.105023126557004,109.97532998627204,5.727014595269514,1.5116279069767458,1.6741555207599108
SHARPIND,Sharp Industries PLC,16.8,-3.4482758620689538,-6.1452513966480335,-22.222222222222225,-29.999999999999996,-0.5917159763313484,30.232558139534888,-1.7543859649122846,3.067484662576687,3.067484662576687,3.067484662576687,5.248434230156094,7.577474541568049
SHASHADNIM,Shasha Denims PLC,26.9,-2.181818181818187,-0.3703703703703756,-10.333333333333337,3.0651340996168472,40.104166666666664,69.1823899371069,28.70813397129187,-12.377850162866451,-6.041192825751042,-19.410748360694484,3.4117587640863443,4.021678785850973
SHEPHERD,Shepherd Industries PLC,11.4,-4.201680672268907,-12.307692307692305,-24.503311258278142,-35.593220338983045,-19.148936170212764,-14.925373134328359,-34.857142857142854,-43.55072485788787,-68.5803335254262,-68.5803335254262,4.8436608651124775,5.368977037622928
SHURWID,Shurwid Industries Ltd,5.1,-8.928571428571429,-10.526315789473694,-15.000000000000005,-25.000000000000004,-23.88059701492538,10.869565217391305,1.999999999999993,-73.29842931937173,-42.16494853111915,-83.02236848791323,5.988201341142515,4.091385470197804
SHYAMPSUG,Shyampur Sugar Mills Ltd.,315.5,-1.2828535669587056,11.248236953455562,8.755601516718365,5.518394648829432,98.05398618957939,107.5657894736842,53.378706854642694,196.24413145539907,2106.2937062937062,3843.75,5.96517565073597,5.11465556310249
SICL,"Sikder Insurance Co., Ltd.",34.5,-1.4285714285714286,-5.994550408719354,-13.316582914572859,-14.603960396039602,62.735849056603776,86.48648648648648,43.75,27.77777777777778,27.77777777777778,27.77777777777778,3.47270488243793,4.617518164542197
SILCOPHL,Silco Pharmaceuticals Ltd.,15.2,-1.2987012987013056,-10.58823529411765,-14.606741573033714,-26.923076923076927,3.4013605442176873,10.948905109489052,-6.172839506172839,-53.65853658536585,-37.61194036601693,-37.61194036601693,5.092147165539121,5.090751110437509
SILVAPHL,Silva Pharmaceuticals Ltd.,11.0,-4.3478260869565215,-13.385826771653539,-19.117647058823525,-29.487179487179485,-7.563025210084036,14.583333333333337,-5.172413793103446,-56.86274509803921,-69.60526308190789,-69.60526308190789,5.152779655560922,4.889138094735698
SIMTEX,Simtex Industries PLC,24.0,-1.6393442622950762,0.41841004184101016,-6.614785992217897,-15.789473684210526,0.41841004184101016,6.666666666666667,5.263157894736839,14.83253588516747,42.95067241887784,-10.91627437911911,3.618586433145609,3.3972698081423482
SINGERBD,Singer Bangladesh Limited,76.1,-0.6527415143603134,-3.303684879288448,1.1968085106382864,-5.465838509316777,-12.528735632183913,-10.470588235294125,-29.990800367985287,-60.364583333333336,-48.873385062329085,-25.007580427903157,3.4966153209248167,2.832291736920789
SINOBANGLA,Sinobangla Industries Ltd.,46.3,0.652173913043472,-6.2753036437246985,-12.969924812030085,-20.44673539518901,-7.7689243027888555,1.091703056768559,-12.806026365348407,2.3241822826621514,79.06731900455236,154.55108377798626,2.8213951625702247,3.225312948271442
SIPLC,Sena Insurance PLC,139.2,-1.971830985915501,-9.138381201044387,-6.451612903225821,29.729729729729723,99.4269340974212,161.16322701688557,167.69230769230765,191.21338912133893,191.21338912133893,191.21338912133893,6.531902068478697,7.879761569321026
SKTRIMS,SK Trims & Industries Ltd.,13.1,-2.238805970149259,6.504065040650397,-7.092198581560284,-6.428571428571431,42.39130434782609,59.75609756097562,43.956043956043956,-68.73508353221956,-64.77555562694377,-64.77555562694377,7.925080318549992,7.559804399640939
SONALIANSH,Sonali Aansh Industries Limited.,222.5,-1.505090748118639,-0.6696428571428571,3.2482598607888633,7.48792270531401,38.19875776397515,15.644490644490642,-7.291666666666667,290.6078560456441,1005.5900621118012,1548.148148148148,3.8681294125450667,3.6264330058240093
SONALILIFE,Sonali Life Insurance PLC,102.4,5.5670103092783565,16.496018202502842,20.897284533648172,21.183431952662726,78.39721254355402,68.14449917898196,32.47089262613196,49.053857350800584,830.9090909090909,830.9090909090909,5.955126394964178,3.7034618209151065
SONALIPAPR,Sonali Paper & Board Mills Ltd.,218.4,0.09165902841430663,-3.3200531208499333,-6.266094420600856,-6.22584800343495,-7.142857142857135,-7.653276955602535,-28.39344262295082,-24.625646208135443,44.70453755741006,44.70453755741006,3.1924160945905635,3.4045541974717137
SONARBAINS,Sonar Bangla Insurance Ltd.,41.3,0.7317073170731638,10.133333333333326,7.832898172323761,-11.373390557939924,57.69090945503172,71.403162448276,47.000000341338975,-40.942606709063675,305.5621276587379,98.41347099291978,5.098043721911299,4.212904400760367
SONARGAON,Sonargaon Textiles Limited.,110.7,1.9337016574585715,2.5949953660797007,9.821428571428577,10.5894105894106,173.33333333333334,255.94855305466234,227.51479289940832,412.5,1202.3529411764705,493.0357157683036,5.63759023707472,7.0171982192646185
SOUTHEASTB,Southeast Bank PLC,11.4,1.7857142857142954,-0.8695652173913012,-2.564102564102555,9.615384615384615,28.399999897279994,34.04395599976575,23.212121060284048,-13.7038293941603,5.899462097616412,-4.201717059515866,2.516232213134872,2.8870117874194063
SPCERAMICS,Shinepukur Ceramics PLC,20.9,-0.476190476190483,-12.184873949579842,0.4807692307692205,-15.384615384615387,2.450980392156863,43.150684931506845,6.0913705583756315,-50.47393364928911,119.99999999999997,-7.911877662785348,4.896324535834269,4.9981447744438094
SPCL,Shahjibazar Power Co Ltd,48.8,-1.0141987829614605,-3.1746031746031775,-7.924528301886798,-15.130434782608699,-4.8732943469785575,2.7368421052631517,5.856832971800424,-58.15993398158868,-61.08435612304439,87.93253860372629,3.3376589593341475,3.3492769243254603
SQUARETEXT,Square Textiles PLC,48.1,-0.41407867494823136,-2.23577235772358,-2.23577235772358,-6.420233463035014,-0.20746887966805272,-0.8247422680412342,-13.644524236983843,-8.55513307984791,-22.243034799892783,-36.96797377631411,1.6995532985871127,2.286158853386026
SQURPHARMA,Square Pharmaceuticals PLC,217.0,-0.27573529411764447,-0.3215434083601234,-0.27573529411764447,-2.8213166144200676,0.8833100883310115,9.045226130653266,0.9302325581395349,-8.861822763544728,14.122608846715252,107.3074000785905,0.4975880391706914,0.7451871324195409
SSSTEEL,S.S. Steel Ltd,5.4,-3.5714285714285587,-9.999999999999995,-19.402985074626862,-28.947368421052627,-1.8181818181818117,31.70731707317075,0.0,-77.74045811687942,-85.51331216995644,-85.51331216995644,5.3921672869041295,4.900980174707469
STANCERAM,Standard Ceramic Industries Ltd.,63.7,-0.6240249609984266,0.31496062992126433,-6.323529411764702,-15.066666666666663,-10.281690140845066,-9.129814550641928,-14.839572192513364,-68.57424765663542,8.149405772495763,160.00000000000003,3.1461977157832646,5.271797160869861
STANDARINS,Standard Insurance PLC,48.1,-2.23577235772358,-9.416195856873824,-4.563492063492058,-8.206106870229002,24.61139896373057,23.017902813299234,15.903614457831328,-45.526613816534535,357.29356980354606,84.28503537296659,3.404725309248285,3.6691637609817587
STANDBANKL,Standard Islami Bank PLC,4.3,0.0,-4.444444444444448,-4.444444444444448,-8.510638297872347,-20.37037037037038,-10.416666666666668,-28.33333333333334,-52.51818292995904,-28.581972932996248,-52.53264951735761,3.278969092922582,3.246405462050277
STYLECRAFT,Stylecraft Limited,51.7,0.0,-4.259259259259254,-4.436229205175598,-5.656934306569333,-4.436229205175598,9.533898305084746,-29.274965800273588,-67.6875,10.607330283365231,110.51072535186728,4.257160399585811,5.070787465127261
SUMITPOWER,Summit Power Ltd.,15.0,-0.6622516556291367,-1.9607843137254948,-4.458598726114645,-11.24260355029585,7.913669064748199,20.967741935483865,-1.315789473684206,-68.75,-53.27102803738318,-67.32876716916167,2.1237718289906664,2.747239822043461
SUNLIFEINS,Sunlife Insurance Co. Ltd.,61.9,3.685092127303175,8.978873239436622,23.061630218687878,-20.74263764404609,-2.8257456828885466,17.45730550284629,7.839721254355401,67.29729729729729,254.70786399282227,-33.07372047097629,6.1110404647060514,6.028385831636316
TAKAFULINS,Takaful Islami Insurance PLC,47.3,-6.521739130434791,-14.466546112115733,-13.211009174311931,-3.4693877551020464,50.15873015873015,39.11764705882352,32.492997198879536,-13.369963369963378,255.43690251831623,54.04935815235591,5.111855943159592,4.483916932335145
TALLUSPIN,Tallu Spinning Mills Limited,6.4,-3.0303030303030196,-7.246376811594202,-17.948717948717942,-23.80952380952381,-21.95121951219511,1.5873015873015959,4.918032786885258,-48.8,-57.615894039735096,-72.17391306767486,3.683420745920749,4.4455190983012285
TAMIJTEX,Tamijuddin Textile Mills PLC,108.6,-2.162162162162167,-4.317180616740093,-11.346938775510207,-17.099236641221378,-6.29853321829164,-13.809523809523814,-16.168421139698772,-24.867924603433973,723.8620678291558,723.8620678291558,3.212371772415393,3.9506900456173843
TECHNODRUG,Techno Drugs Ltd.,35.1,-4.359673024523164,-12.030075187969919,-21.123595505617974,-19.310344827586203,-4.878048780487798,20.205479452054803,-4.098360655737705,32.95454545454547,32.95454545454547,32.95454545454547,5.955969107243685,4.644021708522582
TILIL,Trust Islami Life Insurance Ltd.,46.7,3.31858407079646,-1.4767932489451387,-2.0964360587002093,-13.358070500927635,0.21459227467811462,5.18018018018019,-20.84745762711864,324.54545454545456,324.54545454545456,324.54545454545456,4.080732524239091,4.373516549376986
TITASGAS,Titas Gas Transmission and Distribution PLC,16.9,0.5952380952380826,-5.056179775280911,-6.6298342541436615,-13.33333333333334,-1.7441860465116321,8.333333333333327,-15.500000000000005,-63.49892008639309,-65.58044806517313,-73.51097178683386,2.7939912610280886,3.4259333516332906
TOSRIFA,Tosrifa Industries PLC,18.6,-1.5873015873015723,-5.1020408163265305,-11.428571428571422,-25.599999999999994,6.285714285714294,9.411764705882362,-13.084112149532698,-11.325581750046505,-6.017605792646299,-57.16094509477713,3.250028044280015,5.144728496791337
TRUSTB1MF,Trust Bank 1st Mutual Fund Units,3.5,-2.77777777777778,-5.40540540540541,-5.40540540540541,6.060606060606066,6.060606060606066,45.83333333333334,12.90322580645161,-45.31250000000001,-16.840000419791682,-46.41850043033981,3.9392333509980566,5.017260356159072
TRUSTBANK,Trust Bank PLC,13.4,0.7518796992481176,-1.4705882352941124,-9.459459459459461,-14.649681528662414,-21.396647825130305,-19.137930832327577,-21.833333137916664,-37.64518565260673,27.392669147403762,41.17323185863235,1.4970261474581918,1.8939169393149042
TUNGHAI,Tung Hai Knitting & Dyeing Ltd,4.7,2.1739130434782727,9.302325581395358,11.904761904761905,62.06896551724139,20.51282051282052,193.75,123.80952380952381,-32.857142857142854,-57.27272731157025,-81.04333337175218,7.711289535255602,7.289540378769286
UCB,United Commercial Bank PLC,8.5,-1.1627906976744147,-2.2988505747126355,-7.608695652173906,-6.5934065934065895,-10.526315789473685,-19.047619047619047,-21.2962962962963,-37.144054638410495,-31.310539097766796,-32.97077757902413,2.569465418302631,3.4009055186361707
UNILEVERCL,Unilever Consumer Care Limited,1977.2,0.1012555690562981,0.263691683569982,-1.1301130113011255,-4.089255396555904,-6.316038853352285,-8.462962962962962,-17.039399152435703,9.08689655172414,95.78660725337294,491.3121495327103,0.42076569002915476,0.7890994234823865
UNIONCAP,Union Capital Limited,4.0,0.0,-2.439024390243894,-13.04347826086956,-14.893617021276599,-27.272727272727273,42.85714285714287,-4.761904761904766,-71.42857142857143,-66.999999860575,-78.85323328852984,4.4902617707495756,4.6505818637331515
UNIONINS,Union Insurance PLC,46.5,-2.9227557411273457,-2.9227557411273457,-7.920792079207921,12.048192771084338,38.39285714285713,26.35869565217392,35.568513119533534,322.72727272727275,322.72727272727275,322.72727272727275,5.536623711485598,4.4257965836515245
UNIQUEHRL,Unique Hotel & Resorts PLC,41.5,-1.658767772511855,-0.2403846153846188,-4.3778801843317945,-9.19037199124727,7.512953367875644,8.355091383812018,0.7281553398058183,-31.9672131147541,-9.586056644880172,-67.24546172059983,2.825053656678154,3.734880772826334
UNITEDFIN,United Finance PLC,16.0,-1.2345679012345634,-5.32544378698224,-9.604519774011296,-3.0303030303030303,28.0,37.931034482758626,19.402985074626862,-36.507936507936506,-14.368931597793372,-31.368488540525323,2.690426605680408,3.708899688289403
UNITEDINS,United Insurance Company Limited,57.5,-1.372212692967405,-9.733124018838307,-11.402157164869037,28.348214285714292,38.88888888888889,37.5598086124402,34.66042154566744,-10.15625,152.78527098532254,50.61021809592228,4.178002109473864,4.267693133578449
UPGDCL,United Power Generation & Distribution Co. Ltd.,112.9,-0.08849557522123391,-1.05170902716914,-0.9649122807017494,-11.102362204724406,-4.564666103127634,-2.7562446167097234,-22.98772169167803,-62.36666666666667,19.89619692267669,102.40435509531852,0.9721251240385841,1.6871075190743778
USMANIAGL,Usmania Glass Sheet Factory Limited,53.2,-0.37453183520598454,-2.2058823529411686,-9.983079526226732,-14.19354838709677,61.21212121212122,56.47058823529412,48.189415041782745,-24.964739069111427,-28.25815624219146,9.704393938455121,4.128368293685894,5.842299901277169
UTTARABANK,Uttara Bank PLC,20.6,0.0,0.0,-0.9615384615384581,-5.069124423963124,1.7786561264822283,12.445414847161578,19.76744186046513,52.17113985452896,130.11944674955183,58.95849885353228,0.6815060383613469,0.8278048164436318
UTTARAFIN,Uttara Finance and Investments Limited,11.1,-1.7699115044247882,-10.48387096774194,-12.598425196850393,-16.541353383458656,-17.77777777777778,12.121212121212114,-13.953488372093027,-77.48478701825557,-79.51669590850241,-84.30783351383185,4.596035416401548,5.406761187763985
VAMLRBBF,Vanguard AML Rupali Bank Balanced Fund Units,8.4,1.2048192771084292,2.4390243902439157,3.7037037037037126,9.090909090909092,40.00000000000001,47.368421052631575,44.82758620689656,-5.617977528089887,-23.63636363636363,-23.63636363636363,5.644906743185085,2.8717806260420273
VFSTDL,VFS Thread Dyeing Ltd.,11.9,-2.459016393442614,-9.84848484848484,-19.04761904761904,-30.81395348837209,1.7094017094017186,-7.031250000000002,40.00000000000001,-52.67045442713068,-49.766069513857374,-49.766069513857374,4.225022708843974,5.081637445768961
WALTONHIL,Walton Hi-Tech Industries PLC,331.1,-0.18088634308108711,-2.0414201183431886,-7.560913798022835,-8.027777869749993,-5.153645928179686,-4.155263253739468,-14.283360876712837,-67.8724138574256,5.987036824950812,5.987036824950812,0.8244413213359931,1.5662593628538855
WATACHEM,Wata Chemicals Ltd.,124.4,-0.7182761372705438,-3.863987635239567,-9.789702683103698,-11.142857142857139,-7.8518518518518485,-12.394366197183095,-16.510067114093957,-59.87096774193548,32.660937702152474,489.604166915406,2.4909685371439316,3.6153895085244794
WMSHIPYARD,Western Marine Shipyard Limited,8.1,0.0,-7.954545454545467,-10.989010989010989,-19.000000000000004,-12.903225806451625,-1.219512195121947,-10.989010989010989,-45.63758389261746,-38.62792004700611,-76.47403604475673,4.420881270000744,3.4538627726511835
YPL,Yeakin Polymer Ltd.,19.4,0.0,-10.599078341013827,-11.818181818181824,-25.0965250965251,12.790697674418603,9.604519774011296,11.49425287356322,41.60583941605839,-28.091482185385843,-22.5777300055589,5.076207436403548,6.571317194132097
ZAHEENSPIN,Zaheen Spinning PLC,4.5,-4.255319148936174,-13.461538461538463,-21.05263157894737,-21.05263157894737,-22.41379310344827,12.5,-13.461538461538463,-55.882352941176464,-63.99322294845047,-68.38100898784646,6.857142857142848,5.4032579817761786
ZAHINTEX,Zahintex Industries Ltd.,7.4,0.0,0.0,-11.904761904761905,-21.27659574468085,2.7777777777777803,27.586206896551733,25.423728813559322,-19.565217391304337,-54.21250025040039,-68.80541955654084,6.347974928430262,5.690913920620329
ZEALBANGLA,Zeal Bangla Sugar Milla Limited,181.2,-1.3609145345672293,-2.001081665765288,-0.9836065573770554,0.722623679822114,33.62831858407079,26.713286713286706,69.34579439252336,29.428571428571423,746.7289719626168,1982.7586206896553,5.839812382072035,6.75671743899348
