Symbol,Name,Price,Change %,Perf % 1W,Perf % 1M,Perf % 3M,Perf % 6M,Perf % YTD,Perf % 1Y,Perf % 5Y,Perf % 10Y,Perf % All Time,Volatility 1W,Volatility 1M
1JANATAMF,First Janata Bank Mutual Fund Units,3.6,-2.702702702702705,-9.999999999999998,5.882352941176476,24.137931034482765,28.571428571428584,38.46153846153846,9.0909090909091,-57.64705882352942,-10.689362021365689,-33.78433813862047,4.911490437806226,5.647963277877991
1STPRIMFMF,Prime Finance First Mutual Fund 2009 Units,23.2,-2.109704641350211,-6.827309236947789,-0.8547008547008517,26.086956521739136,18.367346938775498,15.999999999999996,8.920187793427223,13.725490196078436,186.41975308641977,-24.18300653594772,3.991183204385369,4.024086861136933
AAMRANET,aamra networks ltd,19.9,-1.970443349753705,-6.572769953051654,-1.970443349753705,19.161676646706585,14.367816091954024,11.79775280898875,8.152173913043478,-53.025625714888164,-66.96850053035757,-66.96850053035757,3.8638094820322055,3.0526908604188407
AAMRATECH,Aamra Technologies Limited,21.3,1.9138755980861348,-0.4672897196261583,22.413793103448292,52.14285714285715,74.59016393442624,73.17073170731707,67.71653543307087,-24.740000285987993,1.7463517877065555,-27.562250156568155,6.821388010184853,6.211786812453608
ABB1STMF,AB Bank 1st Mutual Fund 2011 Units,3.7,0.0,-9.756097560975597,0.0,15.625,27.586206896551733,37.03703703703704,8.823529411764714,-49.315068493150676,-2.014750715316815,-44.80830868012468,4.838725365041153,6.1327785216494455
ABBANK,AB Bank PLC,4.9,2.0833333333333446,-1.999999999999993,0.0,16.666666666666668,-25.75757575757575,19.512195121951237,-23.4375,-66.52552059059497,-62.62722661654385,-78.70829979561037,3.3333333333333406,3.2264503636952595
ACFL,Aman Cotton Fibrous PLC,22.7,0.0,-5.809128630705403,-2.1551724137931036,8.612440191387563,23.369565217391308,26.111111111111107,20.744680851063823,-51.4957264957265,-62.16666666666666,-62.16666666666666,4.462239012554446,3.566590199713477
ACI,Advanced Chemical Industries PLC,195.4,-0.3061224489795889,-2.055137844611526,-4.02750491159135,5.053763440860218,-12.650871703173886,0.20512820512820804,-3.1714568880079312,-17.328135991358387,-24.83758044476727,213.76551918781746,1.5993739924048929,1.6873756660929782
ACIFORMULA,ACI Formulations PLC,166.8,-0.4773269689737369,-6.292134831460668,-7.487520798668885,20.520231213872833,15.034482758620696,29.302325581395355,7.612903225806459,10.15094367160379,1.9441213258731216,141.9060779528315,3.6000441924616995,3.8863038160546015
ACMELAB,ACME Laboratories Ltd.,80.2,-0.37267080745341263,-4.181600955794504,-4.52380952380952,6.933333333333336,-0.7425742574257356,12.482468443197764,-3.7214885954381685,-10.590858416945373,-28.39285714285714,-40.592592592592595,1.8042023213807563,1.572261166441442
ACMEPL,ACME Pesticides Ltd,23.5,-0.423728813559328,-5.24193548387097,3.9823008849557455,-1.6736401673640109,41.56626506024095,47.79874213836478,39.88095238095237,113.63636363636364,113.63636363636364,113.63636363636364,5.518252307877393,5.0329717894712
ACTIVEFINE,Active Fine Chemicals Ltd.,6.7,0.0,-2.8985507246376834,-1.4705882352941124,-1.4705882352941124,-1.4705882352941124,24.074074074074066,-25.555555555555554,-71.61016949152543,-73.11728387179451,-77.2782607099203,3.8808630643573565,3.2529477092785872
ADNTEL,ADN Telecom Ltd.,63.6,-0.6249999999999978,-6.332842415316648,-7.423580786026203,5.123966942148762,-2.603369065849917,9.844559585492233,-15.64986737400531,0.9523809523809547,57.03703703703704,57.03703703703704,2.975750792844093,2.4163346041448857
ADVENT,Advent Pharma Ltd.,15.3,-0.649350649350647,-8.383233532934124,-3.1645569620253164,6.9930069930069925,7.746478873239447,14.179104477611942,0.0,-42.413284325788695,-58.45682826289084,-58.45682826289084,3.349988290003772,3.1009296189926387
AFCAGRO,AFC Agro Biotech Ltd.,7.0,-1.4084507042253471,-2.7777777777777803,-2.7777777777777803,-2.7777777777777803,0.0,40.0,-9.090909090909092,-77.84810126582278,-78.74799991203372,-69.45024996861623,3.6984224185693892,3.861099792874624
AFTABAUTO,Aftab Automobiles Ltd.,28.3,0.0,-6.907894736842098,-10.443037974683545,-2.4137931034482736,-8.116883116883116,-17.251461988304097,-21.388888888888886,-4.584861916999091,-39.06103484518753,-58.398999660993454,2.7794410164853636,2.448452958843134
AGNISYSL,Agni Systems PLC,29.9,-1.644736842105263,-7.142857142857156,-14.08045977011494,11.98501872659176,35.90909090909091,43.749999999999986,13.257575757575758,25.104602510460253,88.11406395546867,61.331722469358006,3.9445277951298765,3.903474383014343
AGRANINS,Agrani Insurance PLC,30.6,0.0,-5.263157894736829,5.51724137931035,24.390243902439025,26.44628099173555,28.571428571428577,22.400000000000006,-30.328965267055466,258.28987567910366,85.47280024958484,5.150209748726625,4.357581910219253
AIBL1STIMF,AIBL 1st ISLAMIC Mutual Fund 2010- Units,5.5,-1.7857142857142794,-16.666666666666664,-17.910447761194032,41.02564102564103,44.736842105263165,61.76470588235294,22.22222222222222,-41.48936170212767,-22.535211267605632,-28.571428571428573,7.759748936465206,6.828846467332623
AIL,Alif Industries Ltd.,36.5,0.27472527472527863,-4.450261780104719,-2.144772117962459,10.942249240121585,28.521126760563387,-10.319410319410325,-24.89711934156379,-9.775281000252496,-66.95346163235438,-66.95346163235438,3.33269247633889,3.029625663116608
AL-HAJTEX,Alhaj Textile Mills Limited,92.8,0.10787486515641241,-5.977710233029388,-17.876106194690266,-0.32223415682061995,-38.94736842105263,-32.36151603498542,-38.29787234452807,76.09108159392788,19.919222933494133,300.7919747892277,3.2251598756960385,3.4557881836177975
ALARABANK,Al-Arafah Islami Bank PLC,16.6,1.2195121951219685,1.2195121951219687,-5.142857142857134,21.16788321167885,5.06329113924051,10.666666666666677,-4.597701149425271,-37.00736849704163,42.42633970539398,-7.228988954981297,4.201498460522252,3.1183918057802376
ALIF,Alif Manufacturing Company Ltd.,5.7,-1.7241379310344769,1.7857142857142954,3.63636363636364,5.555555555555552,29.545454545454536,42.50000000000001,0.0,-65.45454545454545,-31.639646817314656,-66.2463325219078,6.662561576354685,4.306809606579426
ALLTEX,Alltex Industries Limited,24.0,-1.2345679012345707,2.5641025641025705,23.076923076923077,42.011834319526635,61.07382550335571,79.1044776119403,116.21621621621622,39.53488372093024,17.073170731707318,214.07407300389573,3.4077641566071617,4.254838853110834
AMANFEED,Aman Feed PLC,38.3,-0.2604166666666704,-0.2604166666666704,1.3227513227513228,18.94409937888197,55.69105691056908,66.52173913043477,54.43548387096772,-45.28571428571429,-36.278375443016635,14.21143682452507,3.984555754638434,3.451747134494108
AMBEEPHA,Ambee Pharmaceuticals PLC,776.9,-0.48674266683746226,-1.6706745981521383,-6.734693877551023,-0.3718902282636545,0.7913855734302054,7.902777777777775,-8.059171597633139,65.3682418050234,52.33333333333333,315.639769827968,2.332249886429835,2.0003472583167903
AMCLPRAN,Agricultural Marketing Co. Ltd.,226.2,-0.8329679964927688,-2.5839793281653747,-4.030547305897327,4.722222222222217,4.095720202485033,11.81413741967374,-8.827085852478842,4.722222222222217,-2.45795601552394,83.90243902439023,2.76234203796381,2.5814873492271055
ANLIMAYARN,Anlima Yarn Dyeing Ltd.,33.0,-0.9009009009008924,-6.515580736543902,-2.3668639053254354,36.92946058091285,76.47058823529412,58.65384615384615,45.37444933920705,-31.10647181628392,4.761904761904762,65.0,4.709073009842117,4.398950554154294
ANWARGALV,Anwar Galvanizing Ltd.,111.2,0.2705139765554528,-3.8893690579083837,-3.639514731369153,13.701431492842541,7.961165048543691,28.406466512702092,29.45285215366705,-43.16865462783477,200.2399980304256,1276.0999916229916,3.667535984404171,2.704823816621667
AOL,Associated Oxygen Ltd,18.5,-0.5376344086021582,-2.116402116402109,4.51977401129944,10.77844311377246,14.197530864197535,21.71052631578948,28.472222222222218,-62.721280629454746,42.52399922717786,42.52399922717786,3.6371494163147267,2.8117714086206793
APEXFOODS,Apex Foods Limited,287.0,2.0988971896122295,-4.333333333333333,0.6664328305857513,1.8091521816246978,17.864476386036962,16.761594792514234,8.342770856927151,88.8157894736842,113.54166666666666,300.83798882681566,3.8700057757151467,3.128871806186773
APEXFOOT,Apex Footwear Ltd.,214.4,0.0,-2.1004566210045637,-1.5158474965548843,7.847082494969817,10.515463917525775,19.576129392080308,14.1396933560477,67.2068749181111,6.10294612168138,60.88634012502065,1.5351275967965237,1.7689931027366779
APEXSPINN,Apex Spinning and Knitting Mills Ltd.,348.0,-0.5145797598627819,0.2881844380403458,-9.727626459143968,-7.422186751795684,54.666666666666664,93.33333333333333,113.1047152480098,162.44343891402715,228.61189801699715,397.14285714285717,4.439732764197551,4.123487147566155
APEXTANRY,Apex Tannery Limited.,107.9,1.7924528301886848,1.1246485473289622,-0.2772643253234724,0.27881040892194364,50.27855153203344,81.04026845637584,30.000000000000007,-8.481764206955047,-27.63246143527833,47.6060191518468,5.1105350378133885,3.875090257461987
APOLOISPAT,Appollo Ispat Complex Ltd.,3.3,3.124999999999989,-2.941176470588238,6.451612903225797,-5.71428571428572,37.49999999999999,94.11764705882354,3.124999999999989,-75.55555555555554,-73.11901976032506,-86.45198591382432,6.17424242424242,6.3050622187668415
ARAMIT,Aramit Limited,219.7,-1.0805943268797864,8.708560118753091,6.135265700483086,28.554710356933867,25.471159337521414,20.913593835993396,-2.2251891410769917,-34.20185684336627,-51.714285714285715,3.6320754716981076,6.906918819655923,4.350420375049922
ARAMITCEM,Aramit Cement Limited,12.8,0.7874015748031609,-5.882352941176462,0.7874015748031609,16.36363636363637,10.344827586206907,45.45454545454545,-3.0303030303030196,-78.63105175292152,-65.31165311653116,-64.58232809748633,8.023826633319665,5.806484305148003
ARGONDENIM,Argon Denims Ltd.,22.9,-0.4347826086956583,-4.583333333333339,9.04761904761904,28.651685393258415,30.85714285714285,30.11363636363635,27.222222222222214,-10.499166825605233,34.04337070660159,-40.60847552564676,3.5890673258610573,4.233565430064384
ASIAINS,Asia Insurance PLC,43.3,-0.2304147465437821,-3.777777777777784,2.122641509433959,8.52130325814536,5.609756097560969,57.454545454545446,64.01515151515152,-55.31475748194015,257.85123966942143,31.023055062777473,6.048140997906425,4.1164967748110834
ASIAPACINS,Asia Pacific General Insurance PLC,50.2,-0.9861932938856016,-6.517690875232774,9.606986899563331,17.01631701631703,24.25742574257427,58.86075949367089,50.29940119760481,-26.392961876832842,246.20689655172416,48.082595870206504,4.678703648836242,4.371944688739162
ASIATICLAB,Asiatic Laboratories Ltd,117.3,0.3421727972626103,0.3421727972626103,-10.458015267175574,-3.2178217821782225,80.46153846153847,143.36099585062237,121.73913043478262,104.71204188481676,104.71204188481676,104.71204188481676,4.864270404377881,4.327557763787624
ATLASBANG,Atlas Bangladesh Limited,87.8,0.11402508551880766,-7.383966244725738,-4.1484716157205215,23.836389280676997,66.60341555977229,54.850088183421505,38.26771653543307,-29.647435897435898,-9.309024342973997,-21.943454237646044,4.495856807570292,4.025891579984872
AZIZPIPES,Aziz Pipes Limited.,81.8,0.0,-0.36540803897685403,7.631578947368418,38.40947546531302,87.1853546910755,74.7863247863248,34.53947368421053,-32.396694214876035,76.0106425932421,426.07625384232944,2.495613549186881,3.523756578052355
BANGAS,Bangas Limited,133.6,-0.1494768310911936,-3.9539899352983467,-3.468208092485557,1.2121212121212077,3.1660231660231615,2.453987730061341,6.454183266932266,-5.248226950354614,-23.180000040522557,-4.714792319580423,2.9461317334912653,2.265151799751332
BANKASIA,Bank Asia PLC,17.8,0.5649717514124375,-1.6574585635359154,-3.26086956521738,-3.26086956521738,-8.033333714994988,4.961956061389681,4.961956061389681,6.755275816643055,72.4307293619232,53.12580809080554,1.1293374367380484,1.2775214847713723
BARKAPOWER,Baraka Power Ltd.,10.9,0.9259259259259226,1.8691588785046829,36.25000000000001,36.25000000000001,39.74358974358975,60.29411764705883,0.0,-64.37908496732027,-52.05320917018303,-51.962743742520125,9.098418785357433,6.13552597688065
BATASHOE,Bata Shoe Co. (Bangladesh) Ltd.,917.2,0.7690617446715007,-0.2935101641482696,2.480446927374307,6.663565530875692,8.544378698224858,14.06541474940928,4.942791762013735,36.083086053412465,-24.819672131147538,78.0970873786408,0.9273602914671186,1.1943787904708238
BATBC,British American Tobacco Bangladesh Co Ltd,239.4,-0.3330557868442893,-3.19450060655075,8.081264108352146,14.000000000000002,-14.193548387096772,-3.4677419354838688,-17.44827586206896,-57.7405119152692,-16.878205196610825,157.11217697688423,2.472633056561756,3.0028895100334165
BAYLEASING,Bay Leasing and Investment Ltd.,5.2,0.0,-3.703703703703707,10.638297872340425,13.043478260869579,13.043478260869579,57.575757575757585,20.930232558139544,-82.72151894414557,-63.50108692359336,-80.18248171300485,5.162141779788846,6.525595112502001
BBS,Bangladesh Building Systems PLC,14.1,-0.7042253521126736,-9.615384615384615,-5.369127516778528,11.023622047244098,28.181818181818176,53.260869565217405,29.35779816513761,-34.72222222222223,-42.9578935037489,-34.97199832909582,3.916711726778913,3.3219275975320333
BBSCABLES,BBS Cables PLC,20.0,0.0,-11.894273127753301,-11.11111111111111,-13.79310344827586,19.76047904191617,31.57894736842106,22.69938650306748,-66.12903208734392,-30.813801689026057,-30.813801689026057,5.0995519919133745,3.16138691398328
BDAUTOCA,Bangladesh Autocars Limited,217.7,1.4918414918414864,-1.936936936936942,3.617325083293667,-0.5481955230699027,47.39336492890995,71.41732283464566,58.905109489051085,44.17218543046357,622.0238148832772,908.3858025717475,4.480283045441509,3.977649097164697
BDCOM,BDCOM Online Ltd.,30.8,-1.2820512820512775,-6.666666666666665,0.32573289902280594,8.070175438596493,14.925373134328359,18.461538461538463,32.00000030171428,27.657895355814926,81.97879034716978,156.1254665124755,3.512629054957242,3.3612062320900082
BDFINANCE,Bangladesh Finance PLC,13.0,0.0,-7.142857142857143,1.5624999999999944,14.035087719298243,-3.7037037037037037,0.0,20.370370370370363,-76.40410967784891,66.16795381705818,-19.985043653599703,4.471130010992219,4.518593139936064
BDLAMPS,Bangladesh Lamps PLC,220.2,-0.6765899864682002,3.8679245283018813,22.605790645879733,19.02702702702702,48.783783783783775,63.717472118959094,32.17286914765906,25.99679134305283,13.275961447840764,96.34499984292398,4.868447886643741,3.852761865416789
BDTHAI,Bangladesh Thai Aluminium Ltd.,16.4,0.0,-11.35135135135136,-13.227513227513228,32.25806451612902,43.859649122807,46.42857142857142,29.133858267716533,-39.25925925925927,-15.429316869343769,2.939331233230789,5.276498091127369,4.004426286944602
BDTHAIFOOD,BD Thai Food & Beverage Ltd.,23.3,-0.4273504273504183,-7.539682539682534,4.017857142857153,2.1929824561403506,48.40764331210192,61.80555555555556,54.30463576158941,92.56198347107438,92.56198347107438,92.56198347107438,5.130676033776709,4.886675706364971
BDWELDING,Bangladesh Welding Electrodes Ltd.,13.6,0.740740740740738,-2.1582733812949693,-4.895104895104903,-13.924050632911399,-33.00492610837439,-24.86187845303868,35.99999999999999,-40.35087719298246,19.44347819647394,-38.099570659304824,2.2289044971222323,2.226233932444586
BEACHHATCH,Beach Hatchery Ltd,30.0,-0.33222591362126713,-8.53658536585365,-12.53644314868804,4.166666666666664,-5.956112852664573,-35.8974358974359,-38.27160493827161,13.20754716981132,150.0,32.91139270789937,4.067633581931641,2.848045356058848
BEACONPHAR,Beacon Pharmaceuticals PLC,106.5,-0.560224089635849,-1.5711645101663612,-3.3575317604355743,4.411764705882353,-2.293577981651376,1.719197707736387,-7.310704960835514,-47.665847665847664,526.4705882352941,591.5584415584416,1.9421726808946116,1.7826589242434467
BENGALWTL,Bengal Windsor Thermoplastics PLC,25.7,-0.7722007722007695,3.6290322580645102,4.471544715447146,-1.5325670498084372,36.70212765957446,47.70114942528737,28.499999999999993,-13.175675675675683,-40.35864984313456,-48.08514200656832,4.142945684526778,2.974694662796067
BERGERPBL,Berger Paints Bangladesh Ltd.,1487.1,-0.4751706598848974,-0.7938625750500394,5.7681365576102355,7.240210571861242,3.9566585110101298,7.6828385228095515,-4.058064516129038,-15.983050847457632,38.328449839542344,466.5142857142857,0.691591671231023,1.4122484631833305
BESTHLDNG,Best Holdings PLC,14.9,0.0,-2.6143790849673225,-9.696969696969695,11.194029850746269,7.97101449275362,10.370370370370372,-12.352941176470587,-49.319727891156454,-49.319727891156454,-49.319727891156454,2.6819517504081247,3.1471829551772306
BEXIMCO,Bangladesh Export Import Company Ltd.,24.3,0.0,-10.989010989010989,-8.988764044943816,-77.9291553133515,-77.9291553133515,-77.9291553133515,-77.9291553133515,-76.4838709100895,22.305598726216274,-38.81199790933741,6.259442344518222,6.225741488145659
BGIC,Bangladesh General Insurance Company PLC,42.0,-0.7092198581560216,-6.458797327394207,1.2048192771084338,16.022099447513806,17.647058823529402,35.92233009708739,33.7579617834395,-19.847328244274806,200.0,34.185303514377,4.375097501326742,4.565848826708603
BIFC,Bangladesh Industrial Finance Company Ltd.,4.3,2.3809523809523725,-12.244897959183684,-2.2727272727272845,-14.000000000000004,10.256410256410255,152.9411764705882,-27.11864406779662,-49.411764705882355,-42.666666666666664,-78.89216665724177,7.647604805857787,8.314715995712213
BNICL,Bangladesh National Insurance Company Ltd,112.1,0.9909909909909859,-5.719091673675367,-0.1780943900267167,36.70731707317073,100.17857142857142,149.1111111111111,186.7007672634271,-9.959839357429722,789.6825396825398,202.97297297297294,4.266093832412071,5.3702252515303215
BPML,Bashundhara Paper Mill Ltd.,28.0,-0.3558718861210015,-2.7777777777777803,-2.4390243902439,7.279693486590032,-4.436860068259388,8.108108108108114,-20.679886685552404,-42.973523421588595,-81.93548387096774,-81.93548387096774,1.9241344183279274,1.9455049595936653
BPPL,Baraka Patenga Power Ltd.,20.5,0.0,-6.818181818181818,0.0,24.242424242424242,31.410256410256416,37.58389261744966,44.3661971830986,-53.93258426966292,-35.736677115987455,-35.736677115987455,3.088092101647001,3.1783046071315506
BRACBANK,BRAC Bank PLC,62.9,0.0,-3.230769230769233,-1.7187500000000022,-0.9448818897637817,-11.245377611290534,14.45414122552857,6.375025370443548,136.07835089764208,268.65114946539046,855.4750074427553,1.2018523650898225,1.4022672853734828
BSC,Bangladesh Shipping Corporation,114.5,-0.3481288076588387,-5.761316872427984,-8.105939004815404,13.366336633663366,-1.8010291595197208,1.9590382902938583,-6.070549630844959,139.5397489539749,185.93088162132793,129.27431107669526,2.9345093575637895,2.6410170416652288
BSCPLC,Bangladesh Submarine Cables PLC,154.5,-0.38684719535783,-2.091254752851718,-4.688463911165943,10.357142857142858,5.821917808219178,20.420888542478558,1.5779092702169664,-16.032608695652176,42.659279778393355,252.98149417409178,1.9970695514972676,2.153532800877854
BSRMLTD,Bangladesh Steel Re-Rolling Mills Ltd.,97.3,-0.20512820512820804,-4.5142296368989285,-8.895131086142323,13.668224299065423,15.558194774346788,27.522935779816514,8.715083798882679,-1.71717171717172,-30.541003089631054,115.84383268260014,2.3604604424729425,3.7072383848512347
BSRMSTEEL,BSRM Steels Limited,94.0,0.53475935828877,-2.8925619834710714,-6.467661691542289,31.101813110181304,26.68463611859838,48.031496062992126,39.05325443786983,41.779788838612376,1.6715829825416235,67.03076948915297,2.3451950804606336,2.9680218941772014
BXPHARMA,Beximco Pharmaceuticals Plc,145.0,-0.20646937370957424,-0.8885850991114226,-4.855643044619426,21.035058430717868,16.0,40.77669902912621,17.21907841552142,-24.439812402292866,93.80315898772236,229.92260917528904,2.009632431184026,2.350950634503068
CAPITECGBF,CAPITEC GRAMEEN BDT10 (MUTUAL FUND) Units,10.2,0.0,-4.672897196261682,21.428571428571413,49.99999999999999,43.66197183098591,49.99999999999999,43.66197183098591,-29.166666666666675,-29.166666666666675,-29.166666666666675,4.149170393909751,5.712744886666297
CAPMBDBLMF,CAPM BDBL Mutual Fund 01 Units,9.1,-3.191489361702135,-16.513761467889914,-8.080808080808088,-24.16666666666667,-12.500000000000005,-9.900990099009901,4.5977011494252915,-32.08955223880597,-15.74074074074075,-15.74074074074075,6.284687445738908,5.3066348159112415
CAPMIBBLMF,CAPM IBBL Islamic Mutual Fund Units,12.6,0.7999999999999973,-8.695652173913052,-17.105263157894733,38.46153846153846,51.807228915662634,67.99999999999999,61.53846153846154,-38.53658536585366,25.999999999999993,25.999999999999993,6.997967525956165,5.834712508285449
CENTRALINS,Central Insurance PLC,44.3,-1.9911504424778885,-7.708333333333339,3.504672897196262,10.749999999999993,1.6055045871559535,8.84520884520883,15.064935064935058,-27.377049180327873,250.02537612865683,68.26145602682396,5.806573623367893,4.657095018730195
CENTRALPHL,Central Pharmaceuticals Ltd.,10.4,0.0,-8.771929824561402,-3.703703703703707,18.181818181818176,16.85393258426966,18.181818181818176,-3.703703703703707,-49.7584541062802,-16.898113145769543,-69.60964007557688,5.344605368549744,4.357840710841756
CITYBANK,City Bank PLC,31.1,0.0,-1.8927444794952615,-0.9554140127388445,13.919413919413921,24.18402738539075,46.57786839890864,45.3861784392231,81.38360726717775,151.2511793708143,206.34139472650764,0.901151332849284,1.756117578545809
CITYGENINS,City Insurance PLC,126.9,1.1961722488038278,1.9277108433734986,18.5981308411215,21.319311663479933,49.29411764705883,46.36678200692042,122.63157894736844,165.48117154811717,1270.973210895004,429.3284594036844,2.243119936302933,2.7100163212300306
CLICL,Chartered Life Insurance PLC,47.5,0.0,-9.17782026768642,-9.6958174904943,-10.207939508506614,-15.630550621669624,-14.874551971326161,5.555555555555555,331.8181818181818,331.8181818181818,331.8181818181818,3.5475573394634177,4.370300335333743
CNATEX,C & A Textiles Ltd,3.5,2.941176470588238,2.941176470588238,16.666666666666668,0.0,25.000000000000007,45.83333333333334,9.374999999999995,-52.054794520547944,-51.265822840330074,-79.56398099895388,6.910364145658264,5.90913330267894
CONFIDCEM,Confidence Cement PLC,64.5,-0.7692307692307693,-6.386066763425262,-7.194244604316546,10.068259385665527,-2.1244309559939385,30.566801619433203,7.859531772575256,-53.40022912458556,43.77702680983425,20.280392077953024,2.5935476714157106,2.462198188088747
CONTININS,Continental Insurance PLC,35.3,0.0,-4.076086956521739,1.7291066282420584,3.8235294117646976,34.73282442748091,45.86776859504131,49.57627118644066,-24.202453790098428,280.93373477792164,53.74247493301677,5.273598459335771,4.478017761923917
COPPERTECH,Coppertech Industries Ltd,25.5,-1.1627906976744213,-9.893992932862192,-3.409090909090904,-1.544401544401539,25.000000000000007,34.92063492063493,18.05555555555555,-39.695945795185814,-1.601874256011774,-1.601874256011774,4.163421349156203,3.5592791899590477
CROWNCEMNT,Crown Cement PLC,65.0,-2.1084337349397675,-4.270986745213557,-7.801418439716312,30.784708249496976,30.0,38.88888888888889,22.641509433962263,-20.440636474908203,-14.021164021164017,-19.55445544554455,2.7985071766952228,3.573444480659733
CRYSTALINS,Crystal Insurance Company Ltd,68.4,0.14641288433383387,-4.469273743016744,-2.7027027027026906,-2.1459227467811157,-12.419974391805365,18.956521739130444,55.45454545454547,36.30434769521504,401.59999949840005,401.59999949840005,3.4858055577458833,3.201752308521663
CVOPRL,CVO Petrochemical Refinery PLC,172.5,-0.5190311418685154,-4.166666666666667,-2.2108843537414997,7.745159275452845,-0.23134759976865568,16.949152542372882,6.481481481481482,12.946428451086845,-27.37523482735758,44.00669583550814,3.426056724469559,2.5593365776508863
DACCADYE,Dacca Dyeing and Manufacturing Company Limited,16.3,0.0,-5.780346820809248,-6.321839080459759,8.66666666666667,-13.756613756613746,-15.979381443298958,-3.550295857988153,-34.8,73.40425531914893,-41.97411009245399,2.9318366346026927,3.0962966130040854
DAFODILCOM,Daffodil Computers PLC.,162.5,-1.155717761557181,0.0,0.0,16.071428571428573,189.1459074733096,350.1385041551246,176.36054421768708,121.38964577656675,622.2222222222222,935.0318471337581,2.7865194366500567,2.9871867260369913
DBH,DBH Finance PLC,44.0,-0.9009009009008978,0.0,5.26315789473685,18.59838274932614,12.531969309462912,25.714285714285715,15.485564304461938,-42.20000036897417,-36.94796121024072,28.30222203317473,1.8745937706709623,2.583422118791995
DBH1STMF,DBH First Mutual Fund Units,5.3,-1.8518518518518614,-8.620689655172415,-7.017543859649129,17.777777777777775,12.765957446808503,-18.461538461538463,-11.66666666666667,-45.360824742268036,-13.114754098360654,-28.378378378378386,4.871765551010835,5.125108650550062
DELTALIFE,Delta Life Insurance Company Ltd.,77.2,0.3901170351105294,-5.853658536585362,-5.62347188264058,4.4654939106901175,-2.030456852791871,13.864306784660776,4.4654939106901175,-45.63380281690141,-17.6093916755603,-97.70680354554312,3.441430054837378,3.2277564099231313
DELTASPINN,Delta Spinners Limited,7.5,0.0,-3.846153846153844,1.3513513513513464,11.940298507462684,25.0,50.0,31.578947368421048,-41.40625000000001,16.34615369699211,-52.12979486061635,2.6319434951013907,3.5713679560067666
DESCO,Dhaka Electric Supply Co. Ltd.,24.9,0.40322580645160433,-3.8610038610038613,-7.434944237918216,16.35514018691589,6.410256410256411,21.463414634146336,-0.4000000000000057,-36.15384615384616,-55.456171735241504,-62.542979849050866,2.1596804413488346,2.641040456394572
DESHBANDHU,Deshbandhu Polymer Limited,19.4,-2.020202020202031,-14.537444933920709,-8.490566037735851,6.5934065934065895,14.792899408284025,14.117647058823522,-6.7307692307692415,5.434782608695652,80.84745741255385,-10.404490643680202,5.103496793798982,4.563604343412423
DGIC,Desh General Insurance Company Ltd,33.9,0.2958579881656847,-2.865329512893983,2.727272727272723,37.80487804878047,51.339285714285715,72.08121827411168,50.66666666666666,-30.24691358024692,125.99999999999999,125.99999999999999,3.204103073281413,4.38438299120055
DHAKABANK,Dhaka Bank PLC,12.2,-0.8130081300813123,-0.8130081300813123,-0.8130081300813123,10.909090909090903,-11.594202898550733,7.964601769911491,0.8264462809917327,-3.665337754742693,20.74884251446234,-4.738823372940923,1.9699227746917838,2.167392677819885
DHAKAINS,Dhaka Insurance Limited,46.4,-0.6423982869379106,-7.753479125248507,6.666666666666664,17.468354430379744,15.999999999999996,28.888888888888882,30.337078651685385,-39.583333333333336,217.80821917808217,-2.6509804700360795,5.304314142385279,4.873874718297489
DOMINAGE,Dominage Steel Building Systems Ltd,65.2,4.153354632587861,-19.00621118012422,-14.097496706192361,-11.89189189189189,87.89625360230546,125.60553633217995,310.062893081761,118.02547825207007,392.9119991620496,392.9119991620496,8.052540223952473,5.472754487728728
DOREENPWR,Doreen Power Generations & Systems Ltd.,33.3,0.0,-4.857142857142866,6.050955414012734,15.624999999999988,11.74496644295301,18.085106382978715,25.660377358490557,-44.006004999149255,32.96427481724734,-16.23250687717536,3.6192727485861482,3.3996446854220457
DSHGARME,Desh Garments Limited.,185.0,-0.6444683136412399,10.844817255841818,9.792284866468842,50.40650406504065,66.51665166516653,58.93470790378006,46.476642913697546,9.40860204112904,61.91050324537238,1713.3976439026283,6.292708045471248,4.755148389203152
DSSL,Dragon Sweater & Spinning Ltd.,12.4,0.0,-8.823529411764701,-3.875968992248062,33.33333333333332,40.9090909090909,45.88235294117648,15.88785046728973,-35.51415063047256,129.47562258994154,36.543703372458786,4.1502331955258605,3.8659135531536277
DULAMIACOT,Dulamia Cotton Spinning Mills Limited,207.5,0.48426150121065376,-3.0373831775700935,5.705552725420269,50.36231884057971,46.12676056338028,53.7037037037037,90.36697247706422,257.1428571428571,2493.75,2155.434782608696,5.603242755740584,5.802040426486121
DUTCHBANGL,Dutch-Bangla Bank PLC,48.0,-0.8264462809917326,-3.0303030303030303,-4.0,24.352331606217614,21.445783420780955,30.56994851295337,16.129032548387094,-7.748014887333989,128.7405070187738,110.00744817665888,1.8626109035753995,2.7972071300962047
EASTERNINS,Eastern Insurance PLC,64.6,-0.9202453987730193,-0.15455950540959587,10.051107325383288,23.51816443594646,17.66848816029143,28.942115768463058,41.048034934497814,-39.05660377358491,189.6860986547085,76.986301369863,4.471780332854805,4.2313797051674085
EASTLAND,Eastland Insurance PLC,29.2,0.6896551724137907,-7.006369426751591,5.035971223021577,11.877394636015316,30.941704035874434,56.149732620320854,54.4973544973545,-24.93573264781491,115.1033579296067,-17.80787497831525,4.147347284696751,4.231300383380337
EASTRNLUB,Eastern Lubricants Blenders PLC,2015.0,-0.2030607696498395,-4.038479855224315,0.7197840647805704,3.865979381443299,24.14515433429857,21.31246237206502,16.8341702701005,177.46378838700915,213.069841855702,1576.2281115334977,2.9156479268822464,2.7483394360282105
EBL,Eastern Bank PLC,24.0,0.0,-1.6393442622950762,-2.0408163265306123,0.0,-6.7169814590940575,1.3114750178769197,-3.4375003417407215,0.7160096261592312,73.83184108282659,81.56075617513096,1.001051812242113,1.1477427786682322
EBL1STMF,EBL First Mutual Fund Units,4.5,0.0,-10.0,-2.173913043478253,21.621621621621617,24.999999999999996,45.16129032258064,7.142857142857138,-48.86363636363637,14.257646804096188,-34.36800233008177,4.436511273699058,5.384486095823945
EBLNRBMF,EBL NRB Mutual Fund,3.6,0.0,-7.692307692307688,2.85714285714286,20.000000000000004,33.33333333333333,56.5217391304348,2.85714285714286,-52.0,-3.281304263218257,-47.59996012822744,5.589017589017589,6.034204866248209
ECABLES,Eastern Cables Ltd.,140.0,-0.28490028490028896,-1.1299435028248548,-5.787348586810225,14.848236259228871,17.25293132328308,24.888492417484393,4.555638536221056,-4.109589041095891,-8.432432616013031,237.45019851820368,4.257036020216603,3.578372014890497
EGEN,eGeneration PLC,26.4,0.0,-2.2222222222222276,-4.000000000000005,9.543568464730278,19.999999999999996,33.33333333333332,21.658986175115206,-58.75,75.99999999999999,75.99999999999999,2.1190890193910095,2.266147815210761
EHL,Eastern Housing Ltd.,90.7,-0.32967032967032656,-4.526315789473681,-5.815160955347865,11.425061425061422,12.670807453416153,23.907103825136613,1.227678571428581,64.01446654611213,166.01955373767456,132.0110220184438,2.480567709449438,2.5458865365546117
EIL,Express Insurance Ltd.,32.9,0.6116207951070205,-6.000000000000004,2.8124999999999956,19.20289855072463,9.666666666666663,16.666666666666664,0.6116207951070205,-16.708860759493675,119.33333333333331,119.33333333333331,4.246119444125604,3.559156723780166
EMERALDOIL,Emerald Oil Industries Ltd.,27.7,-2.8070175438596516,-6.418918918918926,0.0,65.8682634730539,84.66666666666667,92.36111111111111,32.53588516746412,-16.314199395770398,-24.765432184217048,-35.544230901860914,2.961691858752542,3.7911443618690956
ENVOYTEX,Envoy Textiles Ltd.,63.8,-0.15649452269170802,12.522045855379178,11.929824561403505,33.47280334728033,23.64341085271317,31.546391752577314,33.19415448851774,86.54970760233915,84.24003583349719,42.38666390687091,6.086146725608625,3.751682378947013
EPGL,Energypac Power Generation PLC,19.1,-0.5208333333333223,-10.747663551401857,-3.5353535353535315,4.945054945054957,20.12578616352202,22.43589743589745,9.142857142857151,-65.7706093189964,-58.924731182795696,-58.924731182795696,4.337409935210406,3.53213912716883
ESQUIRENIT,Esquire Knit Composite PLC,25.4,0.0,-2.3076923076923133,-3.0534351145038197,8.085106382978717,23.902439024390237,23.300970873786394,8.547008547008547,-33.333333333333336,-46.30021141649049,-46.30021141649049,1.9659334697697872,2.4962181789085336
ETL,Evince Textiles Ltd.,13.2,-1.4925373134328437,-7.042253521126761,-5.71428571428572,13.79310344827586,31.999999999999993,31.999999999999993,48.314606741573016,2.325581395348829,30.680000530560793,1.1292467091566298,4.305179166168312,3.4458683394447096
EXIM1STMF,EXIM Bank 1st Mutual Fund 2013- Units,6.6,-1.4925373134328437,-5.71428571428572,53.48837209302325,83.33333333333331,88.57142857142856,135.71428571428572,43.47826086956522,-26.66666666666667,24.01597061885778,-15.341550934013195,4.78611467549132,6.61454796284606
FAMILYTEX,Familytex (BD) Ltd.,2.8,0.0,-6.666666666666672,21.73913043478261,-9.677419354838719,39.99999999999999,115.38461538461536,27.272727272727256,-56.25000000000001,-62.30988342986721,-91.44967620326868,8.04232804232804,7.768941625049282
FARCHEM,FAR Chemicals Industries Ltd,19.2,-2.5380710659898478,-19.665271966527197,-20.000000000000004,4.918032786885238,27.999999999999996,32.41379310344827,-14.66666666666667,12.941176470588232,17.495172554787302,-14.815999897779202,7.1944775437581185,6.410375625740947
FAREASTFIN,Fareast Finance & Investment Ltd.,2.1,-8.695652173913032,-4.545454545454549,61.53846153846153,0.0,90.9090909090909,250.0,-41.666666666666664,-75.86206896551725,-72.36842105263159,-88.84715030486338,4.257246376811599,6.593687097984924
FAREASTLIF,Fareast Islami Life Insurance Company Limited,21.8,5.3140096618357555,-3.111111111111108,-5.217391304347823,6.862745098039228,-6.034482758620683,4.8076923076923075,-19.259259259259256,-64.02640264026402,-56.39999982559999,-72.27745656407097,4.748470542705952,4.16081561434326
FASFIN,FAS Finance & Investment Limited,2.5,-7.407407407407414,-10.714285714285708,92.3076923076923,13.636363636363628,108.33333333333334,257.14285714285717,-13.79310344827586,-70.58823529411765,-59.02871606001319,-86.75967375149744,7.407407407407403,6.6971428697434865
FBFIF,First Bangladesh Fixed Income Fund Units,3.7,0.0,-7.499999999999996,5.71428571428572,19.35483870967742,32.14285714285715,42.307692307692314,5.71428571428572,-44.776119402985074,-28.981631217918267,-50.6700838486183,7.890604890604889,7.171253548921792
FEDERALINS,Federal Insurance PLC,29.4,-0.33898305084746244,-2.000000000000005,5.755395683453229,14.843749999999988,38.0281690140845,53.12499999999999,39.99999999999999,-25.75757575757576,292.70202293434573,52.30607459003609,5.442749817633959,4.161037313064892
FEKDIL,Far East Knitting & Dyeing Industries PLC.,22.9,1.7777777777777715,-5.761316872427993,-10.196078431372554,62.41134751773049,57.93103448275861,61.26760563380281,25.82417582417582,30.11363636363635,41.023924216083245,-3.742131852959291,7.209690212599583,5.062377279530638
FINEFOODS,Fine Foods Limited,426.1,-2.1808999081726355,-7.38969789176266,-14.540713999197752,-24.262353359402773,-9.282520757930586,12.072593371909532,56.30961115187087,660.8928571428571,5230.205858917497,2664.4796387925844,5.340288917144023,4.034551492941244
FIRSTFIN,First Finance Ltd.,5.3,3.921568627450984,10.416666666666668,29.268292682926834,12.765957446808503,3.9215686274509842,112.0,76.66666666666666,-36.90476190476191,-11.307812607123536,-84.43834200844726,6.906122448979588,7.193997995195173
FORTUNE,Fortune Shoes Ltd.,17.5,0.0,-9.793814432989684,-15.45893719806763,31.578947368421048,13.636363636363635,25.899280575539564,4.1666666666666625,-66.26966766456287,-33.31822718101247,-33.31822718101247,4.205821004228204,4.285325728273742
FUWANGCER,Fu-Wang Ceramic Industry Ltd.,15.5,-1.2738853503184668,-10.40462427745665,-1.8987341772151942,19.23076923076923,29.166666666666668,34.78260869565217,14.814814814814815,-39.68871595330739,37.53666622150632,1.7647977695929553,3.675798097484845,4.247898171964636
FUWANGFOOD,Fu-Wang Foods Limited,11.4,-0.8695652173913012,-8.799999999999997,-9.523809523809518,10.679611650485434,12.871287128712877,1.7857142857142954,-25.490196078431374,-44.927536231884055,10.754744228045658,-31.570941572967335,3.7993658189027646,3.18709442024028
GBBPOWER,GBB POWER Ltd.,15.4,-5.521472392638039,10.000000000000002,87.80487804878051,81.17647058823529,92.5,140.625,116.90140845070425,-64.18604651162791,14.68085130783161,-41.70689657004352,8.837100553088376,7.451272963207706
GEMINISEA,Gemini Sea Food PLC,117.0,-0.425531914893617,-4.098360655737705,-9.79182729375481,2.451838879159367,-6.549520766773164,-14.411119239209942,-37.4331550802139,27.342289655781464,-11.871955127607473,560.3410583680089,4.033638645503409,2.715596521251477
GENEXIL,Genex Infosys PLC,37.8,-0.5263157894736916,-5.970149253731357,-9.352517985611524,38.97058823529411,34.519572953736635,40.52044609665427,62.231759656652336,-63.94043178779573,12.971655248516871,12.971655248516871,5.076443486290966,3.889226598126759
GENNEXT,Generation Next Fashions Ltd.,3.2,0.0,-3.0303030303030196,10.344827586206907,-3.0303030303030196,18.51851851851852,18.51851851851852,23.07692307692308,-62.35294117647059,-43.05882362319723,-85.63612911621952,5.6499410614685734,6.381200164548766
GHAIL,Golden Harvest Agro Industries Ltd.,14.7,0.6849315068493127,-8.125000000000004,-4.545454545454553,9.701492537313424,28.94736842105262,37.38317757009346,6.521739130434772,-30.98591549295775,2.912568578214114,-60.15225350101475,4.106298105021797,3.399581380326337
GHCL,Global Heavy Chemicals Ltd.,22.3,0.0,-8.23045267489712,-5.508474576271189,6.698564593301446,13.197969543147215,12.060301507537702,16.753926701570677,-47.89719626168223,-40.214477211796236,-72.96969696969697,6.007918265819961,5.151602614094743
GLDNJMF,ICB AMCL CMSF GOLDEN JUBILEE MUTUAL FUND,8.9,1.1363636363636322,-10.1010101010101,9.876543209876552,41.26984126984128,43.54838709677419,45.90163934426231,28.98550724637681,-19.09090909090909,-19.09090909090909,-19.09090909090909,5.354786361802795,6.0372898116719025
GLOBALINS,Global Insurance PLC,45.9,-0.21739130434782916,0.657894736842099,1.5486725663716718,33.8192419825073,52.99999999999999,79.99999999999999,68.75,-24.13223140495868,451.9848250496543,93.78554546726208,5.7890509702752455,4.868307458134094
GOLDENSON,Golden Son Limited,14.7,-2.000000000000005,-10.909090909090912,-9.815950920245408,0.0,45.54455445544554,45.54455445544554,25.641025641025642,-23.834196891191716,-33.48416289592761,-62.878787878787875,4.4933146226798755,3.3042803930249414
GP,Grameenphone Ltd.,249.4,0.3621730382293785,-3.3333333333333313,-2.6921576277799475,4.003336113427854,-6.5917602996254665,-4.076923076923075,-18.4700882641386,-31.275833562964998,-8.038348082595864,45.337995337995345,1.7489890248346647,0.8562203063171421
GPHISPAT,GPH Ispat Limited,18.0,0.0,-4.761904761904755,-7.6923076923076925,14.649681528662425,3.448275862068974,11.801242236024835,-6.73575129533679,-61.43230169910593,-8.336786108366603,-3.8797002928684527,3.3600217014666476,2.7701700566085745
GQBALLPEN,G.Q. Ball Pen Industries Limited,526.2,-1.3313332083255034,-6.035714285714278,-12.109570736595957,-21.227544910179635,8.539603960396047,17.534062988608454,63.36541446755667,297.13207547169816,612.043301759134,287.9038449901347,5.5630702499994795,4.494318523725886
GRAMEENS2,Grameen Mutual Fund One - Grameen Two Units,13.1,0.0,-6.428571428571431,0.0,9.166666666666664,3.9682539682539684,20.183486238532105,-0.7575757575757549,-34.82587064676618,24.990825935761634,-28.458447569468905,3.5039152378869547,3.191070864791931
GREENDELMF,Green Delta Mutual Fund 2010 Units,4.7,-2.083333333333326,-11.320754716981126,4.444444444444448,42.424242424242436,51.61290322580645,56.66666666666668,23.6842105263158,-50.526315789473685,-18.965517241379306,-34.72222222222222,5.446204383696123,6.877020450076283
GREENDELT,Green Delta Insurance PLC,69.7,0.5772005772005855,-2.1067415730337076,5.128205128205137,20.172413793103452,18.336162988115458,30.037313432835823,38.5685884691849,-38.31858407079646,92.74223265988795,33.701388484948666,5.767184259276421,3.888799210140012
GSPFINANCE,GSP Finance Company PLC,4.0,0.0,-9.090909090909099,8.108108108108103,-6.976744186046508,2.5641025641025665,150.0,-13.04347826086956,-81.25413230099802,-55.64626171014647,-72.5006822426052,8.46591619762351,7.623206097328238
HAKKANIPUL,Hakkani Pulp & Paper Mills PLC,77.6,-1.272264631043257,-7.619047619047626,-5.9393939393939466,1.5706806282722363,2.105263157894729,14.623338257016234,-1.7721518987341844,-9.239766081871352,46.415094339622634,317.20430107526875,3.4930115529153523,2.8525486760318586
HAMI,Hami Industries PLC,159.8,1.139240506329121,-0.24968789013731416,-2.322738386308058,-7.949308755760359,10.055096418732798,48.513011152416375,49.34579439252337,-8.63350485991995,-8.63350485991995,-8.63350485991995,3.965650503389228,3.453266877842036
HEIDELBCEM,Heidelberg Materials Bangladesh PLC,218.5,0.3674781809830094,-1.4878268710550095,-8.193277310924369,10.857432775240998,-7.8836424957841436,-0.1827318410233009,-12.424849699398798,-34.36467407629919,-59.39416465341015,-17.234848484848484,2.4373870286462846,2.474305374906416
HFL,Hamid Fabrics PLC,15.7,-0.6329113924050722,-1.2578616352201324,12.949640287769776,-4.268292682926825,115.06849315068492,141.53846153846152,91.46341463414635,-23.414634146341466,-3.0864197530864197,-72.57071540803253,3.4059705832987257,4.178507368682025
HRTEX,H.R. Textile Mills Ltd.,20.2,-1.9417475728155442,-2.8846153846153912,-6.0465116279069795,5.75916230366491,9.189189189189186,10.382513661202177,-27.075812274368232,-69.64480877261227,-10.403225903996493,-28.432515223047055,2.5573482854268086,3.211475292345051
HWAWELLTEX,Hwa Well Textiles (BD)PLC,48.6,-0.6134969325153317,-2.4096385542168592,2.3157894736842137,16.26794258373207,15.714285714285717,8.968609865470851,-8.301886792452828,10.454545454545457,59.344262295081975,21.500000000000004,3.6333320576769674,3.1424232532992096
IBNSINA,BN SINA Pharmaceutical Industry PLC,316.0,-0.4097069019855062,-2.7093596059113336,-3.097209444955542,2.26537216828479,-5.980362987206195,0.31746031746031744,1.2820512820512822,23.4375,54.414615458167226,427.5393525972458,0.9548968351369518,1.3893834814302015
IBP,Indo-Bangla Pharmaceuticals Ltd.,17.4,0.5780346820809125,-11.675126903553302,-6.451612903225821,18.36734693877551,31.818181818181817,55.35714285714285,25.1798561151079,-22.41558470610615,-33.58106833951486,-33.58106833951486,5.636508407017773,4.9572462381191595
ICB,Investment Corporation of Bangladesh,43.2,-1.3698630136986172,-6.086956521739125,-7.692307692307681,2.127659574468099,7.196029776674952,18.35616438356165,-19.402985074626862,-61.57520667022363,-45.078962223705304,-60.503750019910406,2.2335736726904463,2.5694698791531354
ICB3RDNRB,ICB AMCL Third NRB Mutual Fund 2010 Units,5.8,-1.6949152542372972,-10.769230769230772,3.5714285714285747,28.888888888888882,28.888888888888882,41.46341463414635,26.086956521739136,-25.641025641025642,26.086956521739136,-18.309859154929573,5.349823721272223,5.479691675465079
ICBAGRANI1,ICB AMCL First Agrani Bank Mutual Fund Units,8.2,0.0,-14.583333333333337,-3.5294117647058907,26.153846153846146,24.24242424242424,28.124999999999982,18.84057971014491,-10.869565217391305,-4.651162790697679,-4.651162790697679,6.459767780926108,5.8604542778013125
ICBAMCL2ND,ICB AMCL Second Mutual Fund Units,7.9,2.5974025974025996,-10.22727272727273,9.722222222222223,31.66666666666667,25.396825396825406,41.071428571428584,33.89830508474576,-29.464285714285705,54.901960784313744,3.947368421052641,7.100735796711027,5.722581171981885
ICBEPMF1S1,ICB Employees Provident Mutual Fund One Scheme One Units,6.2,0.0,-10.144927536231886,-1.5873015873015817,0.0,29.166666666666675,82.3529411764706,21.568627450980404,-25.301204819277114,0.0,-25.301204819277114,5.375755710175628,5.60825424172407
ICBIBANK,ICB Islamic Bank Limited,2.6,0.0,-3.703703703703707,-7.1428571428571335,-3.703703703703707,0.0,8.333333333333341,-10.344827586206891,-58.730158730158735,-33.33333333333333,-65.33333333333334,4.615384615384617,4.701675842026709
ICBSONALI1,ICB AMCL Sonali Bank Ltd 1st Mutual Fund 2013- Units,6.1,0.0,-15.277777777777786,-1.6129032258064602,29.787234042553177,29.787234042553177,45.23809523809522,19.607843137254903,-32.96703296703297,-7.575757575757576,-49.166666666666664,5.47645481608352,5.522047653907729
ICICL,Islami Commercial Insurance PLC.,36.0,-0.8264462809917278,-7.455012853470435,18.421052631578952,25.87412587412587,55.17241379310345,60.71428571428573,66.66666666666666,146.57534246575344,146.57534246575344,146.57534246575344,3.9826106226473277,3.8959992827405503
IDLC,IDLC Finance PLC.,45.7,0.2192982456140382,-1.7204301075268755,4.576659038901601,25.89531680440773,16.751825094484253,34.03631318425279,22.410714591741073,-16.687460012145653,23.668170855708222,-3.3425068485482288,2.903657137579793,3.301403554850848
IFADAUTOS,IFAD Autos PLC,24.6,0.40816326530612823,-5.747126436781609,-7.169811320754712,6.4935064935064934,8.370044052863447,13.364055299539181,3.3613445378151288,-51.741422964114015,-48.92336428502088,39.937212573267324,3.1531504332879203,3.2839888144057783
IFIC,IFIC Bank PLC,4.8,0.0,-2.040816326530623,-4.0000000000000036,14.285714285714276,-26.153846153846157,2.1276595744680775,-22.580645161290327,-67.5191616375141,-23.393174712347435,-54.822631136852145,2.925893761760028,2.8638779081679613
IFIC1STMF,IFIC Bank 1st Mutual Fund Units,4.3,0.0,-8.510638297872347,4.878048780487809,26.470588235294112,48.275862068965516,71.99999999999999,19.444444444444436,-40.277777777777786,5.670213006525798,-33.37621952564176,5.69375793425709,6.752684352158274
IFILISLMF1,IFIL Islamic Mutual Fund - 1 Units,5.3,-1.8518518518518614,-11.66666666666667,1.9230769230769162,29.268292682926834,35.8974358974359,55.88235294117647,23.255813953488374,-24.28571428571429,-25.352112676056336,-15.873015873015873,4.42019667044493,5.023128596628291
ILFSL,International Leasing and Financial Services Ltd.,2.1,-8.695652173913032,0.0,61.53846153846153,0.0,75.00000000000001,250.0,-29.999999999999996,-74.6987951807229,-67.5052629868698,-87.22620679006234,6.086956521739136,8.364952107236203
INDEXAGRO,Index Agro Industries Ltd,72.9,0.5517241379310424,-3.952569169960474,-3.0585106382978684,4.142857142857151,3.8461538461538503,8.968609865470851,-6.538461310798816,-44.29039287382642,2.060000255150002,2.060000255150002,5.5366898692430135,2.960219791722047
INTECH,Intech Ltd.,25.3,-2.69230769230769,-5.947955390334564,-8.333333333333336,-28.93258426966292,-17.589576547231268,-20.189274447949522,11.453744493392076,-31.98924731182796,137.62538454866672,107.65818295603225,4.149174609010403,2.918769515301075
INTRACO,Intraco Refueling Station PLC,22.4,0.0,-4.6808510638297935,4.1860465116279,28.73563218390805,14.28571428571427,9.268292682926822,-2.183406113537118,1.6470583947325632,-51.824551741358164,-51.824551741358164,3.508374499004374,3.794926067209798
IPDC,IPDC Finance PLC,33.9,-0.5865102639296271,4.62962962962963,4.307692307692303,89.33510685631647,74.48529455386027,86.36125695918082,88.33333375185184,25.408537686949337,165.69348925675664,548.529607091628,4.296857944671281,4.6181834761637415
ISLAMIBANK,Islami Bank Bangladesh PLC,28.5,0.35211267605634305,-5.0,-12.844036697247715,-12.57668711656442,-37.086092715231786,-13.636363636363637,-37.362637362637365,-2.3972602739726003,-7.166123778501627,-27.093023328720932,3.3762044327496072,2.353512569131562
ISLAMICFIN,Islamic Finance & Investment PLC,11.5,-0.8620689655172384,-5.737704918032781,-4.95867768595041,7.476635514018699,3.6036036036036068,21.05263157894737,45.56962025316455,-60.481099656357394,3.4063953107692275,-36.94089988892392,2.8556957246435997,2.6482416585686384
ISLAMIINS,Islami Insurance Bangladesh Limited,63.1,-0.3159557661927263,-4.103343465045586,-0.9419152276295155,30.641821946169784,57.75,68.26666666666667,64.32291666666669,5.166666666666669,488.6501940027785,235.04652266454917,2.5056592786694374,3.559937888659705
ISNLTD,Information Services Network Ltd.,60.8,1.1647254575707084,-1.9354838709677464,-0.32786885245902103,-0.9771986970684062,-20.522875816993466,-22.448979591836746,5.008635578583763,33.33333333333332,401.8412704785286,302.3854561403641,3.792036451534151,2.888630090015823
ITC,IT Consultants PLC,46.0,-0.43290043290043906,-5.737704918032781,-9.803921568627452,20.41884816753926,13.861386138613865,19.48051948051948,9.523809523809524,7.226107226107229,61.07060476806708,56.57721878414182,3.283143651839887,3.457628078143498
JAMUNABANK,Jamuna Bank PLC,24.2,-0.4115226337448618,-0.8196721311475381,2.109704641350211,-3.200000000000003,-1.2244897959183703,14.691943127962073,14.691943127962073,36.05658993874278,205.91368507588012,106.80052467549113,1.2424184564676588,1.2351058943187128
JAMUNAOIL,JAMUNA OIL PLC,179.0,-0.3340757238307318,-2.9810298102981028,-2.717391304347826,7.249850209706408,2.2272986864648807,5.791962174940905,-6.086044071353618,-3.2432432432432434,-5.291005291005291,11.494903622986536,1.0883876648674555,1.0652966445665848
JANATAINS,Janata Insurance PLC,34.3,-0.29069767441860883,-5.769230769230774,0.8823529411764622,-0.8670520231213996,28.947368421052612,41.15226337448558,38.86639676113359,-16.949888792668684,325.0935240454411,-81.65557948074458,3.517118513877616,3.4589640741346526
JHRML,JMI Hospital Requisite Manufacturing Ltd,50.7,0.0,-7.818181818181813,-2.4999999999999947,2.42424242424243,9.503239740820748,20.142180094786728,-11.518324607329834,130.45454545454547,130.45454545454547,130.45454545454547,4.112574921273824,3.2172206385061415
JMISMDL,JMI Syringes & Medical Devices Ltd.,142.5,-0.5582693649686052,-5.629139072847682,-4.490616621983907,16.70761670761671,13.095238095238095,20.76271186440678,-14.67065868263473,-47.903225973161284,12.478235272037832,311.46496685994026,2.8183029420305727,3.331106533563397
JUTESPINN,Jute Spinners Limited,224.7,1.6282225237449093,0.3573023671281746,-4.504887377815564,-1.4473684210526365,1.2162162162162111,15.112704918032788,-4.3829787234042605,26.949152542372875,262.41935483870964,237.89473684210523,3.4947214076246356,3.921261924295007
KARNAPHULI,Karnaphuli Insurance PLC,56.9,-0.6980802792321092,1.6071428571428545,23.42733188720173,66.37426900584794,80.63492063492063,99.64912280701755,84.14239482200648,26.1640798226164,515.0220621654507,108.44576895974056,5.262886797177436,5.3529503283847175
KAY&QUE,Kay and Que (Bangladesh) Ltd.,418.0,-0.023917723032772717,-2.3592618547068493,-2.7001862197392974,-8.69375273044998,-16.433426629348258,10.757816640169588,30.70206440008732,83.90176666873627,1908.4209535002499,2004.475868755581,3.096343488867036,2.3397943155068983
KBPPWBIL,Khan Brothers PP Woven Bag Industries Ltd,37.6,0.8042895442359363,-6.699751861042173,-7.160493827160491,-21.503131524008346,-24.040404040404034,-21.66666666666666,-68.27004219409284,141.02564102564102,73.90000001304251,12.331999648464175,4.121671580198893,3.2491407175745195
KDSALTD,KDS Accessories Ltd.,48.4,-0.20618556701031218,-4.7244094488188955,-8.67924528301887,-1.2244897959183703,14.420803782505914,17.761557177615565,14.420803782505914,-3.199999767679997,0.22629270454873612,-7.24390708424242,2.5873959623219616,2.415652186718791
KEYACOSMET,Keya Cosmetic Ltd.,5.4,0.0,-3.571428571428559,3.8461538461538494,20.000000000000007,1.8867924528301987,20.000000000000007,17.391304347826104,-47.058823529411754,-26.040855393058912,-65.45264106104582,3.3333333333333215,3.9801963520450903
KOHINOOR,Kohinoor Chemical Company (Bangladesh) PLC,559.9,0.03573342862246414,0.9920634920634921,5.7412653446647735,12.00240048009602,8.465710964742334,12.00240048009602,9.39431605401598,93.83960093219983,308.0174747318545,1112.0940513795263,2.022364267739068,2.441983172592567
KPCL,Khulna Power Company Ltd.,11.6,-1.6949152542372972,-1.6949152542372972,13.725490196078436,7.407407407407397,5.4545454545454515,10.476190476190473,11.538461538461531,-72.96037296037295,-79.35275083044374,-73.15030056176185,5.626063030165824,3.8307114145587455
KPPL,Khulna Printing & Packaging Ltd,14.9,0.6756756756756733,-2.6143790849673225,-2.6143790849673225,0.6756756756756732,-6.289308176100628,-6.874999999999998,-18.131868131868128,-9.146341463414625,56.8421052631579,-56.754617458748555,2.1585343732994704,2.8621907771409703
KTL,Kattali Textile Ltd.,11.9,0.8474576271186409,0.0,13.333333333333336,26.595744680851062,25.263157894736846,2.5862068965517304,-6.299212598425188,-64.4776119402985,-37.796320393813986,-37.796320393813986,3.283823046504147,4.250203441517641
LANKABAFIN,LankaBangla Finance PLC,17.1,0.0,-4.999999999999992,-4.999999999999992,31.538461538461547,8.917197452229313,39.02439024390244,-4.469273743016744,-55.0,-5.248804847211365,-40.279415202999914,3.404949328452713,3.757048889913521
LEGACYFOOT,Legacy Footwear Ltd.,71.1,-0.2805049088359086,-7.301173402868329,2.1551724137931036,5.333333333333325,26.512455516014217,31.18081180811806,-4.563758389261753,-3.133514986376037,170.9081314827994,354.0316098875808,3.0208323305998386,3.631385596370344
LHB,LafargeHolcim Bangladesh PLC,55.9,-0.3565062388591851,-3.9518900343642684,-7.14285714285715,13.387423935091281,2.7573529411764706,18.68365180467091,-1.2367491166077789,-20.709219858156033,-25.86206896551725,669.1339485283096,1.6324814174276523,2.1119623217181447
LIBRAINFU,Libra Infusions Ltd.,611.0,0.14751680052450045,-4.231974921630094,-6.187624750498996,10.09009009009009,-8.601346297681376,-3.930817610062893,-23.625,32.8260862923913,35.777777642,418.77358436731043,1.8188250133288704,1.5704241827081182
LINDEBD,Linde Bangladesh Limited,710.6,-0.2946541321734282,-1.986206896551721,-4.553391537944926,8.671050619360766,-15.615722598266238,-6.376811594202896,-26.73471491906382,-49.17024320457797,-48.57432334635982,37.846750727449084,0.7847111877546434,1.0579179887876726
LOVELLO,Taufika Foods and Lovello Ice-cream PLC,64.2,-0.465116279069763,-6.82148040638607,-11.325966850828731,-14.96688741721854,-6.550218340611353,-5.865102639296188,-25.26607520119179,122.00898240250886,394.34000064758544,394.34000064758544,3.1949898421247305,2.7976991252995607
LRBDL,Lub-rref (Bangladesh) Ltd,15.5,0.0,-3.125,1.9736842105263206,55.0,51.960784313725505,56.56565656565656,8.391608391608386,-69.12350597609563,-61.72839506172839,-61.72839506172839,3.769208309452493,4.114066466127873
LRGLOBMF1,LR Global Bangladesh Mutual Fund One Units,4.4,0.0,-10.204081632653061,10.000000000000009,29.411764705882366,29.411764705882366,57.14285714285717,18.918918918918923,-49.42528735632183,-29.032258064516125,-52.17391304347825,5.376872874345071,5.941319707835388
MAGURAPLEX,Magura Multiplex PLC,90.7,0.0,-3.0982905982905895,-1.945945945945943,11.562115621156218,-2.0518358531317404,8.10488676996424,-13.205741626794255,-42.88279908693337,407.54403918918206,407.54403918918206,3.130894058861019,2.2768693211535433
MAKSONSPIN,Maksons Spinning Mills PLC,6.5,0.0,1.5624999999999944,10.169491525423723,16.071428571428577,14.035087719298243,38.29787234042553,-2.985074626865674,-71.86147186147187,-3.8732392673824667,-59.740168348430906,4.938082750582747,4.56840527235883
MALEKSPIN,Malek Spinning Mills PLC,48.8,-1.2145748987854281,4.496788008565298,10.15801354401806,76.17328519855596,64.3097643097643,68.85813148788927,56.913183279742746,30.831099195710458,188.75739644970415,95.19999999999999,4.378813995306569,4.204201522826388
MARICO,Marico Bangladesh Limited.,2723.1,-0.11004732034774953,-0.2125398512221108,-0.9781818181818215,-0.32941693203030636,-2.432819777857402,2.638422976894953,-7.1026507010541495,16.054381179679503,114.3666850350311,625.1930758988016,0.5267993450523107,0.5865795148603139
MATINSPINN,Matin Spinning PLC,65.7,-0.755287009063444,5.967741935483875,13.667820069204163,40.384615384615394,32.19315895372233,41.29032258064517,24.43181818181819,10.420168067226895,72.44094488188976,46.00000000000001,3.877091405046357,3.5423361676224423
MBL1STMF,MBL 1st Mutual Fund 2010- Units,8.5,2.4096385542168584,-2.2988505747126355,63.46153846153846,136.11111111111111,112.5,150.0,93.18181818181816,0.0,46.55172413793104,23.188405797101446,5.07815233057666,5.6576736947480475
MEGCONMILK,Meghna Condensed Milk Industries Ltd.,34.3,1.1799410029498483,0.2923976608186968,-10.209424083769647,-15.308641975308648,39.43089430894307,138.19444444444443,70.6467661691542,98.2658959537572,383.09859154929575,261.05263157894734,4.173860896755208,5.423363984924782
MEGHNACEM,Meghna Cement Mills PLC,29.9,-2.2875816993464144,-6.562500000000004,-11.275964391691407,-0.3333333333333381,-15.056818181818194,2.047781569965863,-25.99009900990099,-58.64637065483837,-55.20074592274322,-59.520828278584204,4.056424176061448,3.9565583151492336
MEGHNAINS,Meghna Insurance PLC,38.0,-2.0618556701030855,-7.090464547677259,-2.0618556701030855,13.432835820895523,20.634920634920636,35.231316725978644,50.19762845849802,245.45454545454547,245.45454545454547,245.45454545454547,4.344613541288939,4.82482931434083
MEGHNALIFE,Meghna Life Insurance PLC,56.5,-0.7029876977152875,-8.870967741935484,-9.744408945686903,4.243542435424349,-1.2237762237762286,11.220472440944887,-3.0874785591766676,-14.913690815320203,56.968986719928076,-13.249433052225648,5.815769317410152,3.5047417400027596
MEGHNAPET,Meghna Pet Industries Ltd.,83.5,2.7060270602706065,1.829268292682927,-12.105263157894736,34.67741935483871,247.91666666666666,283.0275229357798,189.93055555555554,284.79262672811063,1204.6874999999998,1204.6874999999998,4.583681989639986,6.534076003771927
MERCANBANK,Mercantile Bank PLC,7.1,-1.3888888888888962,-4.054054054054063,-7.792207792207799,2.8985507246376705,-17.441860465116278,-4.054054054054063,-23.655913978494635,-55.01863369571205,10.872055344006988,-31.376032875156206,2.2655935613682114,2.298883509733542
MERCINS,Mercantile Islami Insurance PLC,43.2,1.17096018735363,-6.896551724137922,0.46511627906977404,50.00000000000001,69.41176470588236,69.41176470588236,77.04918032786888,-21.45454545454545,296.3302752293578,56.58252475020682,5.266318482687153,4.5568213977356065
METROSPIN,Metro Spinning Ltd.,10.2,4.0816326530612095,5.154639175257732,8.510638297872328,13.333333333333325,19.999999999999993,19.999999999999993,-8.10810810810811,-61.054545364616864,38.28101259958969,-32.127751363543666,5.719423934208059,4.311899052832703
MHSML,Mozaffar Hossain Spinning Mills Ltd.,20.9,-2.3364485981308416,-7.111111111111118,-9.130434782608702,-8.333333333333343,13.58695652173913,54.81481481481481,33.12101910828025,5.555555555555545,39.07156828450367,-15.535752460537603,4.385723706181022,3.139262549352973
MIDASFIN,MIDAS Financing PLC,5.9,1.7241379310344922,0.0,1.724137931034492,5.35714285714287,-1.6666666666666607,31.111111111111118,-18.05555555555555,-69.9114533288574,-57.476444193380885,-76.01780302702242,3.793513591108103,4.62094979518145
MIDLANDBNK,Midland Bank PLC,18.1,-0.5494505494505377,-6.7010309278350375,0.0,20.666666666666675,1.6853932584269702,5.847953216374268,-7.653061224489796,107.14444367801,107.14444367801,107.14444367801,2.4285912238090472,3.479790540360697
MIRACLEIND,Miracle Industries Limited,29.4,-0.6756756756756852,-7.547169811320762,-4.8543689320388355,3.1578947368421004,-13.017751479289938,-7.547169811320762,2.4390243902439,-36.363636363636374,27.626472716379904,218.99638581000954,3.2378571485061314,3.520669620397693
MIRAKHTER,Mir Akhter Hossain Ltd,37.8,0.0,-8.915662650602416,-10.000000000000007,-10.426540284360202,28.135593220338976,36.956521739130416,31.707317073170724,-58.91304347826087,-53.333333333333336,-53.333333333333336,4.2793688267676275,3.324203932171507
MITHUNKNIT,Mithun Knitting & Dyeing (CEPZ) Ltd.,15.6,1.298701298701294,15.555555555555554,5.405405405405397,1.298701298701294,-3.105590062111812,6.8493150684931505,-22.000000000000004,-8.23529411764706,-72.83018857198564,-70.11950858265696,9.252794383174894,5.950062110518871
MJLBD,MJL Bangladesh PLC,92.5,-0.32327586206896247,-0.5376344086021505,-3.141361256544503,4.519774011299435,-0.10799136069113857,2.7777777777777777,-7.5,0.4343105320304079,-11.057692085336544,62.517360875348075,0.9066002779114619,1.3573373035026668
MLDYEING,M.L. Dyeing & Textile Ind. PLC,15.2,0.6622516556291367,-17.837837837837842,10.144927536231874,59.999999999999986,72.7272727272727,80.95238095238093,59.999999999999986,-53.23076923076923,120.24800092988704,120.24800092988704,8.982049030047344,7.862273410524948
MONNOAGML,Monno Agro & General Machinery Ltd.,339.0,-0.8482012284293587,-2.670111972437557,-3.9660056657223794,-0.7320644216691069,-6.094182825484765,-8.254397834912043,-10.388580491673277,-1.3862718531825466,776.0613146227874,2626.036407258385,2.1825026511574137,1.9795669214486
MONNOCERA,Monno Ceramic Industries Limited.,88.7,-1.2249443207126887,-7.120418848167537,-7.411273486430057,-7.411273486430057,6.867469879518075,8.435207823960887,-1.4444444444444413,-37.53521126760563,232.95762600020473,417.9340848892073,3.0823462432176334,2.53351383779297
MONNOFABR,Monno Fabrics Ltd.,22.3,-0.44642857142856196,-8.23045267489712,-0.8888888888888857,-2.6200873362445325,-10.799999999999997,4.2056074766355245,51.700680272108855,-5.508474576271189,-5.508474576271189,-5.508474576271189,4.468945014275138,3.5968167208488406
MONOSPOOL,Monospool Bangladesh PLC,111.4,0.08984725965858807,-6.307821698906644,-7.243963363863438,10.845771144278611,8.365758754863823,17.63463569165787,7.205020598887033,-17.007656398686905,132.92727178497606,132.92727178497606,3.596729562149181,2.4994953213286455
MPETROLEUM,Meghna Petroleum PLC,210.5,-0.4257332071901635,-2.0930232558139537,-1.7273576097105456,5.302651325662829,4.622266401590463,9.237156201349254,0.1427212178877314,4.987531172069826,17.335562987736896,47.48407628563694,0.9284702765665296,0.8604719285973474
MTB,Mutual Trust Bank PLC,13.6,0.740740740740738,0.0,0.0,29.084746200287274,23.622029774394946,38.69788708240522,32.24682261085576,4.63892684458648,125.97457921900848,179.99827158714,2.253394680731671,2.2446721970559382
NAHEEACP,Nahee Aluminum Composite Panel PLC,33.4,0.0,-9.729729729729733,-9.729729729729733,23.247232472324715,53.21100917431191,80.54054054054053,56.07476635514019,-34.50980392156863,-47.00615211054064,-47.00615211054064,4.735980352252821,3.5249772294607102
NATLIFEINS,National Life Insurance PLC,99.9,-0.9910802775024776,-4.218600191754546,-3.7572254335260036,2.0429009193054135,-5.75471698113207,6.50319829424308,-4.7664442326024785,-57.63358778625954,-18.445833824621662,-26.458153306291198,2.290262001299751,2.2896729628925074
NAVANACNG,Navana CNG Limited,21.4,-0.925925925925939,-5.309734513274348,-5.309734513274348,4.901960784313726,1.904761904761898,0.4694835680751073,-3.1674208144796507,-40.420454251957594,-49.80106357363915,-63.70230736614501,2.2184771416026194,2.20605235495616
NAVANAPHAR,Navana Pharmaceuticals PLC,66.6,-0.29940119760479467,-4.992867332382311,-10.604026845637591,0.6042296072507424,19.784172661870493,27.099236641221367,15.424610051993051,152.27272727272725,152.27272727272725,152.27272727272725,2.5017061037854904,2.472703222165749
NBL,National Bank PLC,3.6,0.0,-5.2631578947368345,-5.2631578947368345,-7.692307692307688,-37.93103448275862,12.499999999999996,-5.2631578947368345,-56.62650602409639,-36.21989497989167,-66.26032457264104,3.3191763191763144,3.220986585648236
NCCBANK,National Credit and Commerce Bank PLC,15.3,0.0,-3.1645569620253164,-1.2903225806451568,-1.7777326488900933,23.348893831225567,30.426289444422068,28.32263954939229,9.974126868757642,115.11098789203798,38.889382995181535,1.835258824422913,2.1085528981271717
NCCBLMF1,NCCBL Mutual Fund-1 2012- Dividend Units,6.5,0.0,-8.450704225352109,6.557377049180334,47.72727272727272,51.162790697674424,62.5,30.0,-24.418604651162788,3.1746031746031775,-45.833333333333336,4.861296791443848,6.685304105389646
NEWLINE,New Line Clothings Ltd.,6.4,0.0,-8.571428571428566,6.666666666666672,23.07692307692308,23.07692307692308,60.00000000000001,-7.246376811594202,-78.0821917808219,-74.35423997289281,-74.35423997289281,6.275152871656242,6.546997978839885
NFML,National Feed Mill Ltd,18.7,-0.5319148936170288,-8.33333333333333,-7.881773399014785,8.720930232558139,15.4320987654321,32.6241134751773,86.99999999999999,-40.79310345607113,31.56022169816586,-32.959958374486824,5.085933535086864,4.0777071777623926
NHFIL,National Housing Finance PLC,29.1,-1.0204081632652966,-3.960396039603958,-8.77742946708463,24.892703862660948,16.400000000000006,29.33333333333334,16.400000000000006,-54.978902997911064,4.174556017305204,-4.712499962916464,2.747084217199497,3.135947859057475
NITOLINS,Nitol Insurance PLC,46.0,-0.6479481641468622,-5.737704918032781,23.32439678284183,44.65408805031446,49.35064935064935,63.70106761565835,76.24521072796934,-13.749999784374998,197.70363871346532,93.1070793258883,5.632895055801943,6.075241361090397
NORTHERN,Northern Jute Manufacturing Co. Ltd.,115.0,1.1433597185576052,0.0,-5.737704918032787,4.545454545454546,20.167189132706373,34.81828839390388,-5.737704918032787,-62.41830065359477,-58.18181801454545,666.6666717777778,2.9327882881063605,4.397869435537802
NORTHRNINS,Northern Islami Insurance PLC,39.6,-1.2468827930174562,-8.333333333333336,-0.9999999999999964,15.821727292115217,34.129032593387095,49.568345697661876,36.77631613141448,-29.04436842329351,204.9200003994452,29.538428058162747,6.152089262500257,5.298812442839989
NPOLYMER,National Polymer Industries PLC,33.7,0.5970149253731428,-7.92349726775956,-4.532577903682704,6.984126984126993,15.807560137457047,26.691729323308273,8.709677419354849,-48.153846153846146,-27.261756312754297,133.50769694895763,3.5444417304627205,3.6733914549960414
NRBBANK,NRB Bank PLC,6.7,1.5151515151515234,-5.633802816901401,9.836065573770501,21.81818181818182,-10.666666666666664,9.836065573770501,-25.555555555555554,-25.555555555555554,-25.555555555555554,-25.555555555555554,4.4674575211659615,4.287254710191614
NRBCBANK,NRBC Bank PLC,9.7,-1.0204081632653206,2.105263157894729,25.974025974025963,31.081081081081063,49.23076923076922,90.19607843137254,36.619718309859145,-60.3755001269569,-23.72283754419404,-23.72283754419404,6.013226370590548,4.663137261640327
NTC,National Tea Company Limited,165.2,0.24271844660192793,0.12121212121211432,-7.191011235955062,6.443298969072165,-2.8235294117647127,-4.948216340621417,-9.180868609125904,-68.29174664107485,-71.21951219512195,-78.54545454545453,3.3868061646634677,3.8714216341382475
NTLTUBES,National Tubes Limited,65.0,-1.0654490106544945,-8.321579689703816,-9.090909090909092,8.877721943048572,4.838709677419355,4.0,-24.942263279445722,-39.365671641791046,-28.500000283855,175.84492753734324,3.4009888629910643,2.7075402908306145
NURANI,Nurani Dyeing & Sweater Ltd.,4.0,0.0,14.285714285714286,48.14814814814813,33.333333333333336,48.14814814814813,100.0,37.931034482758626,-63.63636363636363,-76.36144004915836,-76.36144004915836,8.8868091454741,6.330829798216241
OAL,Olympic Accessories Ltd,6.9,0.0,1.4705882352941255,1.4705882352941255,16.94915254237288,11.290322580645164,21.05263157894737,-2.8169014084506943,-59.17159763313609,-60.20902122720751,-71.41302398440203,3.7851662404092035,3.589086586445442
OIMEX,Oimex Electrode Ltd.,15.8,0.0,-3.658536585365841,-5.9523809523809526,3.2679738562091503,17.910447761194032,3.2679738562091503,-33.05084745762712,-42.7536231884058,-68.31287878886226,-68.31287878886226,3.46846091100892,2.830281938402845
OLYMPIC,Olympic Industries PLC.,148.4,0.5420054200542083,-3.0065359477124147,-5.477707006369423,4.876325088339227,-5.477707006369423,7.848837209302334,-11.928783382789314,-19.128065395095366,-51.62371922166711,100.84210656485635,2.147654775815528,1.8406045470313386
ONEBANKPLC,One Bank PLC,8.2,0.0,1.2345679012345636,3.7974683544303662,13.888888888888877,0.0,17.14285714285713,1.2345679012345636,-10.66315749225087,-10.66315749225087,-10.66315749225087,2.234567901234568,2.3443254146488988
ORIONINFU,Orion Infusion Ltd.,232.0,-2.192242833052272,-14.201183431952655,-20.927062031356506,-24.919093851132686,-38.13333333333333,-31.78476918553367,-54.456223007459755,163.9362912400455,226.7605633802817,404.3478260869565,4.778327111551596,3.413771896171386
ORIONPHARM,Orion Pharma Ltd.,27.4,-1.438848920863317,-3.5211267605633805,-8.053691275167793,8.730158730158728,-8.66666666666667,0.7352941176470562,-14.906832298136658,-62.465753424657535,-27.320954907161813,-59.902438864000004,2.0878185861714478,2.402826990064947
PADMALIFE,Padma Islami Life Insurance Ltd.,17.4,0.0,-3.8674033149171425,-3.8674033149171425,-0.5714285714285795,0.0,4.191616766467062,-9.375000000000004,-49.710982658959544,-11.525423383912667,-64.48755906943494,4.467126649770893,3.936535030426761
PADMAOIL,Padma Oil PLC,196.0,-1.1099899091826382,-2.0,-3.2098765432098766,12.449799196787142,10.112359550561798,15.634218289085545,-2.097902097902092,-11.512415349887133,4.25531914893617,15.29411753176471,1.0547227192557795,0.8175356730666233
PARAMOUNT,Paramount Insurance PLC.,63.3,0.31695721077653843,-0.7836990595611285,0.47619047619047167,24.117647058823525,15.722120658135273,45.51724137931034,60.25316455696201,-30.20948180815877,876.7919660629202,381.0132519074911,6.157296935517179,4.6888355401854085
PDL,Pacific Denims Ltd.,5.8,-1.6949152542372972,0.0,3.5714285714285747,11.538461538461531,26.086956521739136,26.086956521739136,-10.769230769230772,-64.49696971138609,-70.55888181252438,-70.55888181252438,6.4995334625283245,4.697170488138262
PENINSULA,The Peninsula Chittagong PLC,22.5,-0.44247787610620093,-8.906882591093115,-11.764705882352942,-3.433476394849788,3.6866359447004644,22.950819672131143,108.33333333333333,-5.462184873949582,51.00671140939597,-37.82894721299342,4.580235676494848,2.9457360508737294
PEOPLESINS,Peoples Insurance PLC,63.0,-0.7874015748031495,-3.076923076923077,10.915492957746483,29.09836065573771,51.079136690647466,73.55371900826448,90.9090909090909,14.75409836065574,331.5068493150685,138.63636363636365,5.199721093436621,4.846152291189607
PF1STMF,Phoenix Finance 1st Mutual Fund Units,14.2,-2.0689655172413843,0.7092198581560258,20.338983050847446,91.89189189189187,178.4313725490196,183.99999999999997,183.99999999999997,40.59405940594059,202.12765957446808,79.74683544303795,4.108964406683676,4.245326475019727
PHARMAID,Pharma Aids Limited.,605.0,-0.16501650165016502,-2.4036134860461327,-4.120443740095087,1.001669449081803,7.939339875111507,22.718052738336713,-6.2015503875969,32.967032967032964,105.08474576271186,331.83440399714493,2.6456460495522967,2.580483839565179
PHENIXINS,Phoenix Insurance PLC,51.4,0.7843137254901933,0.7843137254901933,18.160919540229884,23.855421686746986,57.186544342507624,91.7910447761194,95.43726235741444,-18.282988871224166,166.32124352331604,14.732142857142861,5.5891226712412365,4.2403898616245055
PHOENIXFIN,Phoenix Finance and Investments Ltd.,4.0,5.263157894736848,-2.439024390243894,11.111111111111109,8.108108108108103,2.5641025641025665,66.66666666666667,21.212121212121218,-87.22044728434504,-70.79614982922602,-85.33927516432995,6.2246469833119455,7.435060502451401
PHPMF1,PHP First Mutual Fund Units 2010-,3.7,0.0,-7.499999999999996,2.7777777777777803,23.33333333333334,37.03703703703704,54.16666666666668,12.121212121212132,-48.61111111111111,-4.128889411279919,-33.74621474666079,4.897204897204892,5.804914903759576
PIONEERINS,Pioneer Insurance PLC,68.9,-1.2893982808022801,-3.6363636363636282,3.453453453453471,19.410745233968807,35.73170764303301,50.40540576500254,64.4204549565057,-43.99565996504655,222.50639576054536,71.94856286368197,4.391644003745126,3.295954482339489
PLFSL,Peoples Leasing and Financial Services Ltd.,1.9,-5.000000000000004,0.0,26.66666666666666,11.76470588235294,35.714285714285715,258.49056603773585,-5.000000000000004,-36.66666666666667,-72.85714285714285,-93.5294117705154,13.850017199862402,10.113538855481757
POPULAR1MF,Popular Life First Mutual Fund Units 2010-,3.6,-2.702702702702705,-9.999999999999998,2.85714285714286,24.137931034482765,28.571428571428584,50.00000000000001,5.882352941176476,-47.05882352941177,-0.6612004296458255,-31.4154038392952,4.898785425101215,6.230155820754186
POPULARLIF,Popular Life Insurance Co. Ltd.,62.0,0.9771986970684062,2.6490066225165587,-2.973395931142408,16.32270168855535,14.180478821362804,45.88235294117647,36.26373626373626,-32.46187363834422,-9.356725146198839,-44.358974025128205,4.208193751235564,3.3563512519548833
POWERGRID,Power Grid Co. of Bangladesh Ltd.,38.7,-0.25773195876287197,-5.378973105134464,-5.378973105134464,17.27272727272728,17.629179331307004,43.86617100371749,16.216216216216235,-26.704545454545446,-32.81249999999999,-28.729281767955793,2.5199055377648243,3.0256305417397087
PRAGATIINS,Pragati Insurance PLC,78.3,-0.8860759493670923,-4.860267314702309,0.9020618556701068,8.749999999999996,2.0873413944287393,12.168288877265693,55.3930630119446,7.485356805513877,397.2678500739261,96.86915750467841,3.772508158594434,3.9075392209450834
PRAGATILIF,Pragati Life Insurance PLC,158.6,-0.3142677561282213,-7.033997655334115,-8.693149107656877,-3.0777778747000024,-34.14118541909568,18.037888919447322,32.06661606888169,82.19467892414904,242.12761687309347,139.4893323846135,3.6898503680212125,3.4584930098925595
PREMIERBAN,The Premier Bank PLC,5.8,0.0,0.0,5.4545454545454515,48.71794871794872,3.5714285714285747,44.99999999999999,-18.309859154929573,-53.343537562870154,47.72314582765665,-20.681903474258167,2.7586206896551753,4.697323398874333
PREMIERCEM,Premier Cement Mills PLC,48.6,-0.40983606557376173,-1.619433198380561,-4.892367906066536,23.664122137404593,23.979591836734688,23.979591836734688,3.6247334754797502,-42.41706161137441,-51.49700598802395,-53.714285714285715,3.05555634898287,2.8710427447182454
PREMIERLEA,Premier Leasing & Finance Limited,2.4,4.347826086956526,-7.692307692307699,0.0,-14.285714285714285,71.42857142857143,344.4444444444444,-11.111111111111121,-79.3103448275862,-65.27124965701019,-82.29435960465933,8.550724637681169,8.82558410139977
PRIME1ICBA,Prime Bank 1st ICB AMCL Mutual Fund Units,5.9,-1.6666666666666607,-15.71428571428571,-1.6666666666666607,37.20930232558141,34.090909090909086,37.20930232558141,18.000000000000007,-28.91566265060241,9.25925925925926,-18.05555555555555,6.854576685085157,5.785991519089154
PRIMEBANK,Prime Bank PLC,29.9,0.0,-0.993377483443711,-1.6447368421052633,2.047781569965863,-7.115384383173077,9.010416939192707,11.329787512367012,39.91249979887577,124.03710392519736,5.236888129590857,0.9371372588763931,1.1847962200650837
PRIMEFIN,Prime Finance and Investment Ltd.,3.2,3.2258064516129057,-3.0303030303030196,0.0,-13.513513513513512,3.225806451612906,190.9090909090909,-23.80952380952381,-78.0821917808219,-54.92957746478873,-88.22085884945614,5.725806451612899,6.888990433815195
PRIMEINSUR,Prime Islami Insurance PLC,56.3,0.5357142857142806,-9.193548387096778,19.787234042553187,47.769028871391065,62.24783861671468,88.29431438127091,68.0597014925373,-1.5734265734265833,323.30827067669173,57.64000037203039,6.705610872123488,6.370260231554281
PRIMELIFE,Prime Life Insurance Company Limited,39.1,-0.508905852417292,-6.235011990407676,-6.45933014354066,-3.456790123456787,1.822916666666674,18.484848484848488,-3.694581280788177,-38.52201257861635,-30.3030303030303,-56.9899999341947,6.393123785503972,4.199068982070814
PRIMETEX,Prime Textile Spining Mills Ltd.,17.0,0.5917159763313694,1.1904761904761862,0.0,-13.265306122448985,20.56737588652483,23.188405797101446,11.111111111111107,-30.327868852459012,-14.141414141414144,-15.84158415841584,3.5995710767288154,3.701584077175485
PROGRESLIF,Progressive Life Insurance Co. Ltd.,38.6,-0.2583979328165411,-2.770780856423177,-7.211538461538462,-5.62347188264058,-14.412416851441241,-15.350877192982455,-16.989247311827956,-63.92523364485982,4.027000480708768,-48.405522875466716,5.65714850757731,5.04448248475533
PROVATIINS,Provati Insurance PLC,57.2,-0.3484320557491215,-4.983388704318936,-6.229508196721307,35.54502369668246,76.54320987654323,99.30313588850176,76.00000000000001,-64.13405424055696,621.8399132011228,206.25201025398982,5.206760060924984,4.426463659583631
PTL,Paramount Textile PLC,66.5,-0.15015015015014163,3.4214618973561475,3.90625,16.055846422338572,28.626692456479685,28.378378378378386,40.29535864978904,37.64784966661723,510.3306629366046,160.28059656564795,1.9733750625207085,2.276793332898635
PUBALIBANK,Pubali Bank PLC,39.9,-0.49875311720698967,2.307692307692304,7.837837837837835,15.652173913043475,17.95632632961083,48.495181041642105,54.494986324057336,133.22577042634873,270.1078665648791,128.87653382383533,2.656896032867214,2.5627996365979007
PURABIGEN,Purabi General Insurance Co. Ltd.,31.1,-0.3205128205128137,-4.601226993865031,-3.115264797507788,5.0675675675675675,40.0900900900901,60.30927835051548,74.71910112359551,-28.815555818937995,337.83429845340146,5.05560829975775,3.4336046360944597,3.7343089347551732
QUASEMIND,Quasem Industries Limited.,42.5,-0.9324009324009291,-5.973451327433634,-6.593406593406593,0.9501187648456023,1.1904761904761905,12.37980756804155,12.37980756804155,1.3754477150639748,-0.6541276091807576,167.44954564793323,2.4321554336222544,2.304002628869412
QUEENSOUTH,Queen South Textile Mills Ltd.,16.8,0.5988023952095893,-7.6923076923076845,6.329113924050633,32.28346456692915,47.368421052631575,41.1764705882353,26.31578947368421,-42.18181839356789,-30.814476884899285,-30.814476884899285,6.108204372390086,6.589979408837125
RAHIMAFOOD,Rahima Food Corporation Ltd.,83.1,-1.306413301662718,0.0,-9.77198697068404,-17.641228939544114,-39.78260869565218,-48.06250000000001,-46.21359223300971,-75.26049419470081,28.63777089783282,383.1395348837209,3.9096124862834465,3.386823565824212
RAHIMTEXT,Rahim Textile Mills Ltd.,211.0,0.6679389312977126,-2.2695692450208456,-3.608953860210144,10.471204188481675,-7.089387934830469,-1.0782934833567797,7.160995429151852,-42.001099505222655,29.3013842141897,423.1534036187253,5.270623316884483,3.7926673061048803
RAKCERAMIC,RAK Ceramics (Baneladesh) Limited,29.3,0.3424657534246624,-4.248366013071897,-9.00621118012423,20.081967213114766,15.354330708661427,31.98198198198199,30.22222222222223,-33.860045146726854,-35.03376960287849,-27.008529456654454,3.510446906393975,2.906442869109529
RANFOUNDRY,Rangpur Foundry Limited,161.7,-0.6146281499692686,-0.24676125848242178,-2.5903614457831394,-2.000000000000007,4.054054054054043,13.156053184044774,-2.000000000000007,20.581655480984338,43.98931433659839,160.8064516129032,3.142746769251071,2.411303056077188
RDFOOD,Rangpur Dairy and Food Products Limited,24.6,-1.5999999999999945,-10.545454545454541,-12.142857142857139,-27.21893491124259,22.388059701492537,23.000000000000007,1.65289256198348,-45.27429826229292,174.2532858127307,52.04602194260698,4.622600279764779,3.0932016975159655
RECKITTBEN,Reckitt Benckiser (Bangladesh) PLC,3300.0,-0.13315579227696678,-0.5994156450495524,-0.9603841536614646,-1.2035207472606377,-6.91114245416079,-3.508771929824561,-2.2222222222222223,-26.091825307950728,110.7548856814408,346.5493910690122,0.2720753678998768,0.6076268391882682
REGENTTEX,Regent Textile Mills Ltd.,6.6,3.124999999999989,-5.71428571428572,15.789473684210515,46.66666666666666,60.97560975609757,64.99999999999999,94.11764705882354,-50.37593984962407,-38.2414702761095,-74.27757230888746,4.995493657740525,5.5172439389214905
RELIANCE1,Reliance Insurance Mutual Fund Reliance One Units,12.4,0.8130081300812979,2.4793388429752126,4.201680672268908,24.000000000000004,-5.3435114503816745,-21.01910828025477,-17.33333333333333,-6.766917293233084,55.00000000000001,36.26373626373627,3.3314869040070523,3.4166711928518865
RELIANCINS,Reliance Insurance PLC,113.9,2.5202520252025304,-3.474576271186436,4.687500000000008,31.524249422632806,55.17711171662125,74.15902140672782,85.80750407830344,7.4528301886792505,269.75829156616663,135.87316286094529,5.061986143274695,4.499628822589047
RENATA,Renata PLC,462.4,-1.4282668940524503,-2.4266722937328553,-2.652631578947373,13.75153751537515,-0.8363714346986991,17.959183673469383,-7.055276381909552,-61.39834037743328,-29.37197896228438,48.855771246867,1.3126209745847905,1.320807642233091
RENWICKJA,Renwick Janeswar and Co. (BD) Limited,789.5,-2.974069067223798,-6.744625561067803,-15.10752688172043,53.89863547758284,65.68730325288563,61.51800327332242,11.19718309859155,-17.75184915095322,1.2179487179487178,905.7324840764331,6.742851300020458,7.085622102463032
REPUBLIC,Republic Insurance PLC,40.2,0.0,-4.5130641330166235,7.200000000000007,17.543859649122805,13.881019830028347,46.715328467153306,42.55319148936172,-22.108083974779404,476.46853545395214,96.00705763295032,6.643701514982091,5.113034636260684
RINGSHINE,Ring Shine Textiles Ltd.,4.6,0.0,-4.1666666666666705,21.052631578947366,31.42857142857142,43.74999999999998,43.74999999999998,53.33333333333332,-64.34108527131784,-69.02666666976401,-69.02666666976401,5.23964903428363,6.1323705014964665
ROBI,Robi Axiata PLc,31.3,-0.31847133757961105,-3.3950617283950555,-3.9877300613496947,7.5601374570446715,-0.9493670886075971,10.600706713780918,12.996389891696756,-25.653206650831354,108.66666666666667,108.66666666666667,1.146558580225084,1.407312822500612
RSRMSTEEL,Ratanpur Steel Re-Rolling Mills Ltd,7.7,-1.2820512820512775,-2.531645569620255,1.3157894736842175,1.3157894736842175,2.666666666666669,14.925373134328359,-23.76237623762376,-76.80722891566266,-76.68258812758963,-83.01159985568013,2.057942057942058,2.952099041468034
RUNNERAUTO,Runner Automobiles PLC,49.3,-0.2024291497975737,3.7894736842105203,17.942583732057418,21.72839506172839,46.290801186943604,33.243243243243235,69.99999999999999,-22.968750000000004,-46.79856102094612,-46.79856102094612,3.568379474746436,3.648496395737438
RUPALIBANK,Rupali Bank PLC,17.7,0.0,-0.5617977528089967,-1.117318435754186,10.624999999999996,-8.762886597938142,2.312138728323691,-20.982142857142858,-44.893313983588804,28.828395428520455,-40.970426990659824,1.945514255859087,2.708240010967735
RUPALIINS,Rupali Insurance Company Ltd.,29.9,0.0,-10.74626865671642,2.3972602739726003,11.329787512367012,30.812500327031255,46.70560784339953,50.215311342589445,-28.647727094346596,182.03175172131026,-4.597952111126552,4.601248463989142,3.9601685060659593
RUPALILIFE,Rupali Life Insurance Co. Ltd.,85.0,-1.0477299185099018,-7.407407407407405,-7.709011943539625,-0.4683840749414586,-9.188034188034182,8.142493638676852,-2.073732718894006,16.846360815287962,210.71405252338928,-15.552174109620303,3.378810285710481,3.0942076495339537
SAFKOSPINN,Safko Spinning Mills Limited,20.4,2.512562814070352,-2.3923444976076556,-3.31753554502371,-8.928571428571429,43.66197183098591,47.82608695652172,39.72602739726027,-37.56363636988001,88.64106622948889,3.311085969581819,4.145344851227201,4.453350079463087
SAIFPOWER,SAIF Powertec Ltd.,9.9,-0.9999999999999963,-9.174311926605505,-0.9999999999999964,59.677419354838705,50.000000000000014,98.00000000000001,52.307692307692314,-65.3663367664829,-27.839320365703504,-27.977398364765534,5.004479036325524,4.502367213417251
SAIHAMCOT,Saiham Cotton Mills Ltd.,22.1,-0.896860986547082,-0.896860986547082,7.804878048780495,17.553191489361705,6.763285024154601,12.755102040816325,31.547619047619055,5.741626794258387,71.31782945736435,-14.401408523041061,4.477681293269209,4.440486020788034
SAIHAMTEX,Saiham Textile Mills Ltd.,31.1,-0.9554140127388444,14.338235294117656,61.13989637305699,77.71428571428572,36.40350877192983,79.76878612716763,103.26797385620914,25.403225806451616,134.9280580525452,32.6969964215345,4.7445927484139965,5.349250967043365
SALAMCRST,S. Alam Cold Rolled Steels Limited,12.9,0.0,1.5748031496063077,-7.857142857142855,-16.774193548387093,-20.370370370370363,-13.422818791946309,-32.81249999999999,-61.14457831325302,-49.212598425196845,-72.89915966386555,5.874753728810735,4.276076879085904
SALVO,Salvo Organic Industries PLC,34.0,0.0,-9.333333333333334,-11.45833333333333,-11.688311688311689,9.67741935483871,12.211221122112208,32.29571984435798,-30.18480492813142,231.72566522425777,98.60172144887984,4.2912000513788815,2.767437725374831
SAMATALETH,Samata Leather Complex (Pvt.) Ltd.,100.5,0.6006006006005948,-7.030527289546711,-1.4705882352941178,-9.45945945945946,8.64864864864865,19.642857142857142,6.801275239107339,16.050808314087767,263.51063716093483,583.39999781312,4.7102841220185985,5.074322789124436
SAMORITA,Samorita Hospital Ltd.,114.9,4.644808743169407,18.453608247422686,23.019271948608136,68.22840409956078,55.480378890392416,58.04676753782668,58.482758620689665,70.53001933217202,100.345287378431,192.6919430011252,8.021228833891138,4.8106880707824455
SANDHANINS,Shandhani Life Insurance Co.Ltd,28.1,-0.35460992907800665,-3.4364261168384878,-1.7482517482517481,21.645021645021643,30.697674418604656,45.5958549222798,26.57657657657659,-30.09950248756219,43.48936282561885,-34.00256622636501,2.9340803990918864,2.9574799473664144
SAPORTL,Summit Alliance Port Limited,61.2,-0.3257328990227944,1.1570247933884346,18.834951456310684,38.775510204081634,34.80176211453745,45.36817102137768,150.81967213114757,101.98019801980197,50.27999974335517,190.39507926449232,2.2466461962997517,2.917650868024295
SBACBANK,SBAC Bank PLC.,7.1,1.4285714285714235,-2.739726027397263,9.230769230769225,22.41379310344827,1.4285714285714235,14.516129032258055,-11.250000000000004,-57.62590902511369,-32.201454440181905,-32.201454440181905,2.5802884942505253,4.630280347889046
SEAPEARL,Sea Pearl Beach Resort & Spa Ltd.,37.0,-1.8567639257294501,-6.565656565656568,-11.904761904761905,5.113636363636355,9.792284866468833,12.121212121212121,-34.280639431616336,-13.145539906103288,54.16666705208335,54.16666705208335,3.8693309724779654,3.18267545031948
SEMLFBSLGF,SEML FBLSL Growth Fund Units,6.8,-1.4492753623188481,-12.820512820512821,-2.85714285714286,28.30188679245283,28.30188679245283,38.77551020408162,33.33333333333334,-46.45669291338583,11.475409836065577,11.475409836065577,4.891660435138695,5.365980036914816
SEMLIBBLSF,SEML IBBL Shariah Fund Units,7.6,-1.2987012987013056,-5.000000000000004,-3.7974683544303884,22.580645161290313,22.580645161290313,31.034482758620687,16.92307692307692,-35.59322033898306,-44.52554744525548,-44.52554744525548,2.36185568817148,2.943308029433929
SHAHJABANK,Shahjalal Islami Bank PLC,17.6,0.5714285714285796,-0.5649717514124174,0.0,10.000000000000009,-3.8251366120218537,7.317073170731725,-3.296703296703285,-18.70852049141482,134.71934488571895,8.185782376554863,0.9169129720853946,1.4343892640087927
SHARPIND,Sharp Industries PLC,32.2,-5.294117647058815,-25.806451612903217,-4.1666666666666625,87.20930232558142,93.97590361445783,149.61240310077523,80.89887640449439,97.54601226993866,97.54601226993866,97.54601226993866,11.855981978783017,8.222177441229073
SHASHADNIM,Shasha Denims PLC,27.9,-0.3571428571428622,-4.778156996587039,1.8248175182481752,32.227488151658754,54.99999999999999,75.47169811320754,49.999999999999986,-3.125000000000007,-3.089698706633975,-16.414865400125507,3.8265529616877343,3.276504379697199
SHEPHERD,Shepherd Industries PLC,15.8,0.0,-9.195402298850562,-4.819277108433739,3.2679738562091503,20.610687022900773,17.910447761194032,-11.731843575418983,-12.930107894354117,-56.4534447106784,-56.4534447106784,5.209334942431259,3.9745409580020596
SHURWID,Shurwid Industries Ltd,6.2,-1.5873015873015817,-1.5873015873015817,3.333333333333336,1.639344262295091,-7.462686567164179,34.782608695652186,-10.144927536231886,-72.19730941704037,-34.42307696090976,-79.36052639707098,4.511344463750596,4.318597539057771
SHYAMPSUG,Shyampur Sugar Mills Ltd.,271.1,-3.557452863749555,-6.128808864265924,-16.661543190900705,90.9154929577465,64.20351302241069,78.35526315789475,103.07116104868915,213.04849884526564,1594.3750000000002,3288.7500000000005,4.103466343161167,6.12724407859014
SICL,"Sikder Insurance Co., Ltd.",35.8,-2.717391304347826,-6.28272251308902,-7.731958762886599,-8.205128205128213,70.47619047619047,93.5135135135135,71.29186602870813,32.59259259259258,32.59259259259258,32.59259259259258,3.705657539252632,4.0624788040512065
SILCOPHL,Silco Pharmaceuticals Ltd.,18.8,0.5347593582887776,-9.17874396135265,-17.1806167400881,13.939393939393943,27.891156462585045,37.226277372262786,18.238993710691826,-45.977011494252864,-22.835820979020937,-22.835820979020937,4.824919476821256,3.670619471150793
SILVAPHL,Silva Pharmaceuticals Ltd.,15.2,1.3333333333333286,-8.982035928143713,-12.643678160919539,24.59016393442623,50.495049504950494,58.333333333333336,23.577235772357714,-35.86497890295359,-57.999999895,-57.999999895,5.15583514270412,4.086651670231362
SIMTEX,Simtex Industries PLC,26.1,-1.1363636363636256,-5.776173285198548,-6.115107913669062,8.750000000000005,9.66386554621849,16.000000000000004,45.00000000000001,6.96721311475411,55.090663770755185,-3.1214483872920264,3.1633009138228267,2.9371448964772253
SINGERBD,Singer Bangladesh Limited,74.8,0.0,-4.347826086956529,-2.477183833116044,-3.856041131105399,-19.135135135135137,-12.000000000000004,-32.18495013599275,-59.08096280087528,-46.71780827435799,-26.288659868687994,2.416481156580892,2.3208810053469424
SINOBANGLA,Sinobangla Industries Ltd.,53.2,0.0,-7.155322862129135,-9.677419354838703,2.7027027027027137,4.930966469428007,16.157205240174687,13.675213675213689,21.073791219500542,119.4702692068898,192.48634248356095,3.085725051973619,2.1216032168380785
SIPLC,Sena Insurance PLC,152.2,-2.747603833865822,6.136680613668049,44.95238095238094,105.12129380053905,160.17094017094013,185.55347091932458,211.88524590163937,218.4100418410042,218.4100418410042,218.4100418410042,4.200070136213487,6.7978603326351275
SKTRIMS,SK Trims & Industries Ltd.,14.1,2.173913043478253,-4.729729729729737,0.0,19.491525423728802,76.25,71.95121951219512,45.36082474226805,-66.74528301886792,-62.08666674350436,-62.08666674350436,5.286407569155066,4.203046250753626
SONALIANSH,Sonali Aansh Industries Limited.,215.9,-0.4151291512915155,-3.616071428571426,-0.18492834026814872,17.5925925925926,19.944444444444446,12.214137214137214,-6.415257910706538,274.2578548212351,889.7994269340974,1499.2592592592594,3.721990441828818,3.161017265776686
SONALILIFE,Sonali Life Insurance PLC,84.4,0.35671819262783755,-1.860465116279063,0.2375296912114048,15.61643835616439,26.15844544095665,38.587848932676536,33.968253968253975,27.878787878787886,667.2727272727274,667.2727272727274,3.160054996848312,3.423202895534188
SONALIPAPR,Sonali Paper & Board Mills Ltd.,235.0,-0.12749681257969034,-7.297830374753452,-7.1146245059288535,7.354956601187754,-8.631415241057539,-0.6342494714587738,11.904761904761905,12.934244247690083,55.70314251827547,55.70314251827547,3.320687957576211,3.216100126126841
SONARBAINS,Sonar Bangla Insurance Ltd.,38.3,-1.288659793814433,-9.66981132075472,-8.809523809523816,-10.033556832630294,34.4983280718272,58.95256953435765,55.270270626972234,-48.87923703523945,323.11521037205404,84.00087019440261,4.677316293208868,4.685565123329523
SONARGAON,Sonargaon Textiles Limited.,116.5,-1.5215553677092115,-2.8356964136780696,41.04116222760291,172.83372365339577,232.85714285714286,274.5980707395498,229.0960451977401,353.30739299610894,1031.0679611650485,524.1071444174107,4.366182826002446,6.119913258334635
SOUTHEASTB,Southeast Bank PLC,11.5,0.0,-1.7094017094017033,12.745098039215693,24.292929139760222,26.855669973621524,35.21978017520228,26.855669973621524,-17.117056425895008,10.105349698583167,-3.3613812442484647,4.117683589504731,3.9390446631238882
SPCERAMICS,Shinepukur Ceramics PLC,21.5,-0.9216589861751119,-7.32758620689655,-10.416666666666666,-7.72532188841202,38.70967741935484,47.26027397260274,9.137055837563455,-45.01278772378517,141.57303370786516,-5.2681995095638685,3.8547516933999515,3.7187798027598955
SPCL,Shahjibazar Power Co Ltd,54.7,0.0,-5.363321799307949,-4.370629370629371,1.2962962962963016,5.394990366088641,15.15789473684211,26.036866359447014,-37.48571418569143,-53.518558833701924,110.65389060704567,2.6764388156679546,2.2699762769666494
SQUARETEXT,Square Textiles PLC,50.9,-0.3913894324853284,-2.303262955854132,0.0,12.114537444933921,1.7999999999999972,4.948453608247419,-8.781362007168457,5.821205821205815,-14.265312158695568,-33.29874979655693,3.39497094143638,2.234795484679848
SQURPHARMA,Square Pharmaceuticals PLC,218.5,-0.09144947416551835,-0.6818181818181818,-2.455357142857143,5.301204819277109,-4.709986916703014,9.798994974874372,-2.6726057906458798,-4.917319408181032,14.741675802785307,108.74040053996326,0.688091741735264,0.816422949451648
SSSTEEL,S.S. Steel Ltd,6.9,1.4705882352941255,-4.166666666666664,-5.479452054794513,43.750000000000014,46.808510638297875,68.29268292682929,25.45454545454546,-68.95000013662,-81.48923221716656,-81.48923221716656,3.4709433069002285,3.60736456311458
STANCERAM,Standard Ceramic Industries Ltd.,71.5,0.5625879043600643,-2.0547945205479454,-3.3783783783783785,4.8387096774193505,-3.3783783783783785,1.9971469329529328,-26.816786079836238,-69.18103448275862,36.45038167938932,191.83673469387756,4.328097858015714,4.317940091201208
STANDARINS,Standard Insurance PLC,49.4,-0.6036217303823023,-6.967984934086634,-1.397205588822361,5.781584582441103,22.580645161290327,26.34271099744245,10.022271714922049,-42.55813953488372,469.50031254038817,89.2657120046684,4.416018673105685,4.094907411995917
STANDBANKL,Standard Islami Bank PLC,4.9,2.0833333333333446,-1.999999999999993,2.0833333333333446,11.363636363636363,-12.499999999999988,2.0833333333333446,-28.98550724637681,-48.51937558453031,-15.153546324194055,-45.90929828722145,2.4744897959183656,3.5638680580457254
STYLECRAFT,Stylecraft Limited,59.0,1.0273972602739752,-3.119868637110014,-3.9087947882736134,15.009746588693963,12.167300380228134,24.999999999999993,-31.949250288350637,-70.39638735574512,4.891196980052876,140.23467690058354,2.7648851392167426,3.3243984502465276
SUMITPOWER,Summit Power Ltd.,16.5,-1.7857142857142898,-3.508771929824569,-2.9411764705882355,20.437956204379567,19.565217391304344,33.06451612903225,6.451612903225806,-64.74358974358974,-48.5981308411215,-64.06164388607783,2.6536464111288054,2.7762395327851395
SUNLIFEINS,Sunlife Insurance Co. Ltd.,58.0,-1.861252115059224,-10.76923076923077,-13.432835820895523,-11.042944785276077,5.839416058394166,10.056925996204928,9.640831758034029,80.12422360248445,218.06451504145684,-37.2904004413025,8.520737920805807,5.518349065185115
TAKAFULINS,Takaful Islami Insurance PLC,51.4,-2.6515151515151487,-7.387387387387389,4.471544715447146,51.17647058823529,51.17647058823529,51.17647058823529,47.70114942528737,-12.58503401360544,366.46685912689964,67.4024737638709,4.635663863475553,4.132883703648356
TALLUSPIN,Tallu Spinning Mills Limited,8.2,-1.2048192771084507,0.0,2.499999999999991,-2.3809523809523934,3.7974683544303662,30.15873015873015,32.25806451612902,-26.12612612612613,-42.65734265734266,-64.34782611795842,5.868931915557447,3.3664156613285985
TAMIJTEX,Tamijuddin Textile Mills PLC,130.4,0.0,-3.048327137546464,-3.692762186115214,10.042194092827009,5.3311793214862755,3.4920634920634965,3.942028881565221,71.78443097725525,889.241377945874,889.241377945874,3.7121522555979,2.638541901690218
TECHNODRUG,Techno Drugs Ltd.,44.4,-0.2247191011235987,-4.103671706263496,-5.330490405117271,0.680272108843531,38.74999999999999,52.054794520547944,27.58620689655173,68.18181818181819,68.18181818181819,68.18181818181819,3.0930345913868003,3.5459856091556494
TILIL,Trust Islami Life Insurance Ltd.,47.0,0.0,-9.615384615384615,-11.320754716981131,3.5242290748898712,-4.47154471544716,5.855855855855858,-16.221033868092693,327.27272727272725,327.27272727272725,327.27272727272725,5.456827655790915,3.433023851251066
TITASGAS,Titas Gas Transmission and Distribution PLC,18.9,0.0,-6.435643564356439,-7.804878048780495,15.950920245398759,3.278688524590152,21.153846153846146,-19.57446808510639,-54.126213592233015,-61.03092783505155,-70.37617554858934,2.496887827074751,2.73875011121742
TOSRIFA,Tosrifa Industries PLC,20.8,0.0,-10.729613733905579,-11.489361702127658,16.85393258426966,22.35294117647059,22.35294117647059,4.522613065326644,6.599999573600002,6.094786550288634,-52.09396010598732,5.175075081721157,4.370613938352071
TRUSTB1MF,Trust Bank 1st Mutual Fund Units,3.8,0.0,-7.317073170731704,8.571428571428566,26.66666666666666,35.714285714285715,58.333333333333336,5.555555555555547,-49.333333333333336,0.8536167849357995,-41.82580046722609,5.321515847831633,6.331572714987929
TRUSTBANK,Trust Bank PLC,15.3,0.6578947368421146,-1.9230769230769162,-3.1645569620253164,2.9807694882211595,-14.54787212679521,-7.67241356228447,-18.451776467608028,-31.389167085636696,64.2467505857635,61.19033189828918,1.5806901359358716,1.6693966162450138
TUNGHAI,Tung Hai Knitting & Dyeing Ltd,5.3,-3.63636363636364,5.9999999999999964,103.84615384615384,70.96774193548386,103.84615384615384,231.25,89.28571428571429,-32.911392405063296,-40.51020415447731,-78.62333337665672,10.27762599960158,6.159777772691866
UCB,United Commercial Bank PLC,9.2,-1.0752688172043163,-4.1666666666666705,-1.0752688172043163,2.2222222222222143,-8.000000000000007,-12.380952380952387,-11.538461538461549,-33.58749974680235,-19.45823998339075,-27.450723967884947,2.1485466673158395,2.6143812224901475
UNILEVERCL,Unilever Consumer Care Limited,2029.0,-0.20657092268345686,-0.9760858955588092,-1.135311601617706,-0.7581315725116166,-8.620068456134033,-6.064814814814815,-19.131127939418096,15.010450986643994,100.38269242639343,506.803738317757,0.48024103443554045,0.6059510402814674
UNIONCAP,Union Capital Limited,4.8,0.0,-2.040816326530623,9.090909090909078,2.1276595744680775,9.090909090909078,71.42857142857143,9.090909090909078,-54.285714285714285,-46.59449517952567,-74.6238799462358,3.848674067221714,5.2936223117461205
UNIONINS,Union Insurance PLC,49.9,0.0,-4.952380952380954,-5.133079847908751,28.94056847545218,36.71232876712328,35.59782608695653,38.61111111111111,353.6363636363636,353.6363636363636,353.6363636363636,5.021922195419407,4.8919437310141305
UNIQUEHRL,Unique Hotel & Resorts PLC,43.1,-0.9195402298850541,-3.5794183445190186,-5.274725274725272,14.933333333333337,9.94897959183673,12.532637075718029,7.750000000000003,-4.646017699115047,-0.4618937644341703,-65.982636148382,2.7961280427735318,2.7810447332160315
UNITEDFIN,United Finance PLC,18.5,-1.0695187165775364,-5.61224489795919,12.121212121212121,54.166666666666664,45.66929133858269,59.48275862068966,44.531249999999986,-22.594142259414223,12.686464638133415,-20.64481487498241,3.8943562006353662,4.6594420171694395
UNITEDINS,United Insurance Company Limited,63.0,-1.8691588785046773,-8.163265306122442,19.09262759924386,46.85314685314686,40.62500000000001,50.71770334928231,57.5,-4.689863842662624,216.34360349821733,65.01641287031484,4.691911418460192,6.087982005868937
UPGDCL,United Power Generation & Distribution Co. Ltd.,122.7,-0.5672609400324171,0.0,-4.06567630961689,4.961505560307954,-3.0805687203791403,5.684754521963832,-12.669039145907472,-58.603238866396765,38.59719957967191,119.97355509473499,1.7934138808545013,2.2045957422839093
USMANIAGL,Usmania Glass Sheet Factory Limited,62.5,0.6441223832528157,-10.714285714285714,-14.266117969821678,71.23287671232876,84.36578171091446,83.82352941176471,52.4390243902439,-13.073713490959673,-25.39237690379786,28.8820417510046,6.728122813663843,7.159495068617474
UTTARABANK,Uttara Bank PLC,21.1,0.476190476190483,-1.4018691588784915,-1.4018691588784915,3.9408866995073923,6.350806451612911,15.174672489082976,23.24766355140187,56.478254426485236,132.77078448477081,62.81671484512287,0.8553373956217546,1.0868110686052155
UTTARAFIN,Uttara Finance and Investments Limited,13.7,3.787878787878788,1.4814814814814763,2.2388059701492455,10.483870967741925,2.2388059701492455,38.38383838383837,-10.45751633986929,-68.50574712643679,-73.41035113758495,-80.63219091346815,2.1189507010402564,2.9055390663785
VAMLRBBF,Vanguard AML Rupali Bank Balanced Fund Units,8.1,0.0,-3.5714285714285796,0.0,37.288135593220325,34.99999999999999,42.105263157894726,39.6551724137931,-13.82978723404256,-26.36363636363637,-26.36363636363637,1.7283950617283983,2.6368429124926585
VFSTDL,VFS Thread Dyeing Ltd.,15.4,-0.6451612903225784,-7.228915662650609,-5.521472392638039,-1.9108280254777004,28.33333333333334,20.312499999999993,100.0,-42.86219068047609,-34.9913840767566,-34.9913840767566,4.634003820990854,4.059339239157561
WALTONHIL,Walton Hi-Tech Industries PLC,387.0,-0.2834321051275503,-1.9508487458829462,-2.9832038104788112,6.906077348066298,-7.681297709923662,1.8421052631578947,-7.032103172466184,-69.6405648570127,12.619047506428572,12.619047506428572,1.294463397457486,1.4707814888593964
WATACHEM,Wata Chemicals Ltd.,140.6,-0.14204545454546666,-4.353741496598643,-2.0209059233449516,3.45842531272994,-2.361111111111115,-0.9859154929577505,-1.6783216783216823,-54.172099087353324,37.55662291159356,566.385416947798,3.949307532813667,2.8107223718610768
WMSHIPYARD,Western Marine Shipyard Limited,9.9,1.0204081632653024,-2.941176470588225,0.0,15.11627906976745,22.22222222222223,20.731707317073187,16.47058823529412,-40.0,-28.413387592292924,-71.24604405470268,2.8470031686526465,3.2560010018051084
YPL,Yeakin Polymer Ltd.,21.8,-0.909090909090906,-9.91735537190082,-13.492063492063489,-12.096774193548386,27.48538011695906,23.163841807909613,15.343915343915357,36.25000000000001,-12.99971722274144,-12.99971722274144,4.622487131281776,4.076850121107797
ZAHEENSPIN,Zaheen Spinning PLC,5.9,0.0,3.5087719298245643,7.27272727272728,3.5087719298245643,9.25925925925926,47.50000000000001,-13.23529411764705,-51.639344262295076,-54.43793611298059,-58.54398956184313,9.146475188555844,4.713517900228835
ZAHINTEX,Zahintex Industries Ltd.,9.1,0.0,4.5977011494252915,3.4090909090908967,15.18987341772151,49.18032786885246,56.896551724137936,116.66666666666664,-18.01801801801802,-50.63561669450998,-61.63909702223267,3.7365858372209146,3.3945944406797506
ZEALBANGLA,Zeal Bangla Sugar Milla Limited,181.1,-2.6867275658248255,-15.72824569567241,-10.034773969200208,52.827004219409275,27.80522230063515,26.64335664335664,92.8647497337593,6.52941176470588,800.9950248756219,1981.609195402299,8.026608212372608,7.041300217557018
