Symbol,Name,Price,Change %,Perf % 1W,Perf % 1M,Perf % 3M,Perf % 6M,Perf % YTD,Perf % 1Y,Perf % 5Y,Perf % 10Y,Perf % All Time,Volatility 1W,Volatility 1M
1JANATAMF,First Janata Bank Mutual Fund Units,3.7,-2.631578947368412,5.71428571428572,2.7777777777777803,19.35483870967742,8.823529411764714,42.307692307692314,23.33333333333334,-55.42168674698795,-4.128889411279919,-31.94501419802659,5.6543770661417705,5.526683196519557
1STPRIMFMF,Prime Finance First Mutual Fund 2009 Units,33.6,7.6923076923077,42.97872340425533,48.67256637168141,50.000000000000014,75.00000000000001,68.00000000000001,54.83870967741937,63.10679611650485,269.2307692307692,9.80392156862745,6.294767700891078,5.098868380361909
AAMRANET,aamra networks ltd,18.9,-3.076923076923084,3.278688524590152,-15.625000000000002,-3.571428571428586,9.883720930232554,6.179775280898864,-7.352941176470589,-57.36722397877392,-68.62837487556574,-68.62837487556574,3.779353656416833,5.089738105850024
AAMRATECH,Aamra Technologies Limited,16.6,-0.5988023952095681,0.0,-16.999999999999993,12.925170068027226,13.698630136986313,34.959349593495936,24.812030075187973,-52.69892491631818,-20.362931146077624,-43.54616678868692,3.7977654169711847,5.793181195706514
ABB1STMF,AB Bank 1st Mutual Fund 2011 Units,3.6,-5.263157894736835,2.85714285714286,-2.702702702702705,12.499999999999996,2.85714285714286,33.33333333333333,12.499999999999996,-44.61538461538461,-12.718367884878623,-46.29997601309429,7.815756933403989,5.523287804136986
ABBANK,AB Bank PLC,4.5,2.2727272727272645,0.0,-6.2499999999999964,-10.0,-29.687500000000004,9.756097560975618,-18.181818181818183,-68.26645797166219,-68.83410523590163,-80.44639777147891,5.415019762845843,4.379861509950379
ACFL,Aman Cotton Fibrous PLC,22.5,1.8099547511312153,3.2110091743119233,-2.5974025974026036,-5.857740585774053,27.118644067796616,25.0,18.42105263157895,-49.32432432432432,-62.5,-62.5,2.8203514433101375,5.329318115117441
ACI,Advanced Chemical Industries PLC,190.4,0.21052631578947667,4.328767123287674,-0.4184100418409953,-0.522466039707419,-8.019323671497583,-2.358974358974356,7.997731140102095,-24.866666705706535,-24.79807489915749,205.73671879918342,2.138976405535367,2.14605655303967
ACIFORMULA,ACI Formulations PLC,159.1,1.4021669853409742,4.533508541392908,-4.67345715997604,9.12208504801096,14.378145219266715,23.33333333333333,15.289855072463764,-4.485420004217857,-0.5624997514062501,130.73895085309047,2.4783689843911354,3.516800198696159
ACMELAB,ACME Laboratories Ltd.,79.2,1.149425287356329,1.0204081632653024,-1.4925373134328392,-2.2222222222222188,2.193548387096778,11.079943899018241,2.193548387096778,-15.744680851063828,-25.563909774436095,-41.333333333333336,1.3337661587379643,1.4965504341064129
ACMEPL,ACME Pesticides Ltd,26.3,1.5444015444015529,6.910569105691054,10.970464135021102,10.04184100418411,41.397849462365585,65.40880503144653,67.515923566879,139.0909090909091,139.0909090909091,139.0909090909091,3.714911568631856,4.195473248902131
ACTIVEFINE,Active Fine Chemicals Ltd.,5.7,1.7857142857142954,0.0,-13.636363636363628,-18.571428571428566,-26.92307692307692,5.555555555555552,-32.94117647058823,-79.04411764705883,-78.2485322272683,-80.66956508157399,2.8508771929824595,3.8952900738211267
ADNTEL,ADN Telecom Ltd.,59.5,2.233676975945012,4.203152364273202,-5.555555555555555,-12.628487518355353,2.586206896551724,2.7633851468048385,-19.594594594594593,-20.02688172043011,46.91358024691358,46.91358024691358,2.476723737462195,3.0006209030741826
ADVENT,Advent Pharma Ltd.,14.0,0.7194244604316521,2.941176470588238,-6.04026845637584,-10.828025477707003,-4.109589041095888,4.477611940298504,-5.40540540540541,-44.43579783876455,-61.986640240553704,-61.986640240553704,3.036254878764619,4.221654368076383
AFCAGRO,AFC Agro Biotech Ltd.,6.2,1.6393442622950907,-3.1250000000000027,-8.823529411764701,-19.48051948051948,-22.499999999999996,24.000000000000004,-18.42105263157894,-83.01369863013699,-81.11384608004488,-72.94164997220297,3.3008989952406127,3.938622320086054
AFTABAUTO,Aftab Automobiles Ltd.,26.7,1.9083969465648856,2.6923076923076894,-6.643356643356651,-13.592233009708737,-8.873720136518775,-21.929824561403517,-21.00591715976331,-18.90702437954618,-42.16748497271157,-60.75099968015989,1.9245101665098092,2.8939591392170567
AGNISYSL,Agni Systems PLC,29.7,3.484320557491289,4.946996466431091,-1.6556291390728477,0.3378378378378306,40.09433962264151,42.78846153846153,14.230769230769228,23.749999999999996,88.9091359764386,60.252580513041224,3.3914736842788376,4.271142249444415
AGRANINS,Agrani Insurance PLC,29.5,-0.3378378378378426,10.90225563909774,-2.3178807947019844,12.167300380228134,43.203883495145625,23.949579831932766,12.167300380228134,-37.170390678067555,225.5304518989567,78.80547736479583,3.6622852570600717,4.325013128377763
AIBL1STIMF,AIBL 1st ISLAMIC Mutual Fund 2010- Units,6.0,-3.2258064516129057,1.694915254237282,9.090909090909092,42.85714285714285,42.85714285714285,76.47058823529412,42.85714285714285,-34.06593406593406,-25.925925925925924,-22.077922077922082,7.377112550757277,7.4288900211359445
AIL,Alif Industries Ltd.,31.9,0.3144654088050247,-1.5432098765432098,-12.841530054644815,-3.3333333333333375,-1.8461538461538505,-21.62162162162163,-39.81132075471698,-45.17187505482812,-71.11823085129053,-71.11823085129053,3.605790674908202,5.533025334262571
AL-HAJTEX,Alhaj Textile Mills Limited,80.9,-0.9791921664626647,12.988826815642476,-5.820721769499418,-19.50248756218905,-33.57963875205254,-41.03498542274051,-49.43749999999999,20.746268656716424,2.4528065453948873,249.39731422897117,5.943327709588283,5.771413747983531
ALARABANK,Al-Arafah Islami Bank PLC,15.2,0.0,-3.7974683544303884,-14.606741573033714,1.3333333333333286,-13.142857142857146,1.3333333333333286,-10.58823529411765,-37.01609201928735,19.76839977952433,-15.053050127452762,4.862846282402185,5.748928577312438
ALIF,Alif Manufacturing Company Ltd.,5.3,0.0,-1.8518518518518616,-5.357142857142854,-1.8518518518518616,-1.8518518518518616,32.49999999999999,-1.8518518518518616,-75.6880733944954,-41.66123188756955,-68.61501094142304,3.8171262699564625,3.84588122114652
ALLTEX,Alltex Industries Limited,23.4,-0.847457627118656,-2.092050209205021,-3.703703703703712,32.95454545454544,61.37931034482758,74.62686567164177,77.27272727272727,18.78172588832487,13.043478260869563,206.22222117879832,3.437924845076588,3.9470925501662797
AMANFEED,Aman Feed PLC,31.9,2.903225806451608,1.2698412698412653,-13.783783783783786,-4.2042042042042,38.69565217391304,38.69565217391304,23.64341085271317,-53.498542274052475,-45.25739346882498,-4.873503010382511,3.281006504632992,5.017534869547793
AMBEEPHA,Ambee Pharmaceuticals PLC,761.6,0.2500987231801997,-1.0652117433099417,0.0656943896991197,0.6741573033707895,-1.2832145171743328,5.77777777777778,-6.655227356293658,39.23217550274224,41.037037037037045,307.45430390137784,2.142425517750793,3.26696917922393
AMCLPRAN,Agricultural Marketing Co. Ltd.,219.8,1.9007881316643593,3.8261691072272193,-2.743362831858402,0.8256880733945007,4.966571155682906,8.650519031141869,-5.053995680345567,-26.73333333333333,1.2436665131275988,78.69918699186994,2.009510128884994,2.2333738688474227
ANLIMAYARN,Anlima Yarn Dyeing Ltd.,26.7,1.9083969465648856,-7.291666666666671,-19.578313253012055,-19.819819819819816,32.835820895522374,28.36538461538461,21.917808219178085,-40.79822616407983,-9.797297297297305,33.49999999999999,6.554202777065449,9.023982500314963
ANWARGALV,Anwar Galvanizing Ltd.,118.2,-0.1689189189189213,3.684210526315792,9.040590405904057,0.6814310051107301,20.36659877800407,36.48960739030024,61.47540983606557,-52.92920391638937,219.97109167843715,1362.7249910956618,3.448239095316004,3.629523160264519
AOL,Associated Oxygen Ltd,15.5,1.9736842105263206,-3.125,-12.921348314606744,-19.270833333333332,-7.738095238095241,1.9736842105263206,-3.125,-71.93739426745671,19.41199935250037,19.41199935250037,4.572358767060754,4.069796615248951
APEXFOODS,Apex Foods Limited,269.7,3.452243958573073,4.292343387470984,-3.781662504459516,-1.1363636363636447,19.866666666666664,9.723352318958494,16.75324675324675,56.80232558139534,59.02122641509434,276.6759776536313,3.9155474370324823,4.020677915246965
APEXFOOT,Apex Footwear Ltd.,216.0,0.41841004184100683,2.906145783706524,1.17096018735363,7.784431137724549,15.015974440894563,20.46848856664807,17.391304347826086,24.53415835296031,7.810999948208942,62.086984454311846,1.9763866566206407,2.0282018934444173
APEXSPINN,Apex Spinning and Knitting Mills Ltd.,354.2,8.717004297114787,25.602836879432623,1.4899713467048679,-0.5056179775280931,85.54216867469879,96.77777777777777,136.13333333333333,146.14315496872828,234.466477809254,406.0,6.380952536700956,6.427629278045137
APEXTANRY,Apex Tannery Limited.,94.9,3.376906318082798,0.3171247357293989,-7.142857142857141,-6.039603960396034,41.0104011887073,59.228187919463096,21.66666666666667,-28.160484481453437,-34.91083676268862,29.822161422708632,4.183958432116297,4.96609714885116
APOLOISPAT,Appollo Ispat Complex Ltd.,2.8,0.0,-6.666666666666672,-12.50000000000001,-15.151515151515152,-37.777777777777786,64.70588235294117,3.7037037037036904,-76.47058823529413,-78.7217074408389,-88.50471532082062,4.950738916256161,5.0380302151108545
ARAMIT,Aramit Limited,178.4,-0.8888888888888857,0.7909604519774044,-16.32270168855534,-7.420861442656971,4.941176470588239,-1.8161805173362593,-17.21577726218097,-57.91460250058976,-57.463042441583205,-15.849056603773583,6.930981269610458,5.9703614456905285
ARAMITCEM,Aramit Cement Limited,11.1,0.0,0.9090909090909058,-7.500000000000003,0.9090909090909058,-11.200000000000003,26.136363636363622,-0.8928571428571398,-80.69565217391305,-67.91907514450867,-69.28623764703892,4.703050596855902,7.606368563756433
ARGONDENIM,Argon Denims Ltd.,21.8,0.4608294930875642,2.83018867924529,-2.242152466367713,12.953367875647668,29.76190476190476,23.86363636363636,10.659898477157368,-10.138867371223892,27.60460617484345,-43.46134351349778,3.335774847357439,4.733103509225461
ASIAINS,Asia Insurance PLC,41.2,-0.9615384615384581,0.0,-5.287356321839074,-0.7228915662650534,10.45576407506704,49.81818181818183,51.47058823529414,-55.21739130434783,192.19858156028369,24.66858818906311,3.725306906331303,4.417870368022108
ASIAPACINS,Asia Pacific General Insurance PLC,47.5,-1.4522821576763543,-0.21008403361344835,-5.9405940594059405,5.555555555555555,34.943181818181806,50.316455696202524,45.25993883792048,-33.098591549295776,214.56953642384107,40.11799410029499,3.507030424953518,4.28065475427875
ASIATICLAB,Asiatic Laboratories Ltd,103.5,-1.802656546489569,-4.432132963988917,-11.538461538461538,-16.262135922330096,45.980253878702385,114.73029045643153,78.14113597246127,80.6282722513089,80.6282722513089,80.6282722513089,4.624579173665406,5.627270563326513
ATLASBANG,Atlas Bangladesh Limited,82.6,0.48661800486616963,1.1015911872704913,-5.057471264367822,16.338028169014077,23.283582089552233,45.67901234567899,45.9363957597173,-32.350532350532355,-15.572566332418933,-26.566393166623733,1.5997416840167027,3.870371780121354
AZIZPIPES,Aziz Pipes Limited.,78.7,6.351351351351356,7.808219178082195,-5.861244019138746,-6.309523809523807,62.60330578512398,68.16239316239317,57.08582834331337,-48.629242819843334,65.04544961193587,406.13937869671554,6.142019941829177,5.541445397830749
BANGAS,Bangas Limited,121.5,1.1656952539550423,4.202401372212698,-7.6747720364741605,-8.509036144578321,-3.876582278481017,-6.825153374233133,3.228547153780796,-16.43741403026135,-20.135411035045717,-13.344665170875905,2.8395026990085324,3.299552526780551
BANKASIA,Bank Asia PLC,16.9,0.0,-0.5882352941176554,-2.873563218390805,-8.152173913043478,-16.271689841041198,-0.34510913272554017,7.861764258256021,-1.126716180737873,39.71260954183685,45.383491951382766,1.0700365962917813,1.5417104641837658
BARKAPOWER,Baraka Power Ltd.,9.9,2.0618556701031037,-0.9999999999999964,-5.714285714285711,20.731707317073187,20.731707317073187,45.58823529411766,10.000000000000004,-66.0958904109589,-56.303874856119585,-56.36983147256415,2.6911512027491495,4.512945130239619
BATASHOE,Bata Shoe Co. (Bangladesh) Ltd.,880.5,-0.4859855334538828,-2.057842046718576,-2.7609055770292654,-0.5084745762711864,5.322966507177034,9.501305807735354,0.9747706422018348,-2.405231655952122,-25.696202531645568,70.97087378640776,1.2376951206188833,1.9811127178045602
BATBC,British American Tobacco Bangladesh Co Ltd,229.9,1.0549450549450574,-0.8624407072013799,-4.999999999999998,5.458715596330277,2.132385606397162,-7.298387096774191,-17.598566308243726,-64.68509984639017,-17.202879495524613,146.90931281113484,1.694213571009199,2.0101292979302747
BAYLEASING,Bay Leasing and Investment Ltd.,4.3,-2.2727272727272845,-8.510638297872347,-12.244897959183684,-6.52173913043478,-20.37037037037038,30.303030303030305,7.499999999999996,-87.02586203653017,-72.07316807881669,-83.61243680113861,4.971545587319097,4.716981650317214
BBS,Bangladesh Building Systems PLC,12.5,3.305785123966945,7.758620689655175,-8.759124087591236,-19.35483870967742,8.695652173913043,35.86956521739131,9.649122807017541,-40.75829383886256,-48.34324605296746,-42.3510623484892,4.398471622763727,4.303583705757656
BBSCABLES,BBS Cables PLC,17.6,5.389221556886241,8.64197530864199,-8.808290155440412,-25.1063829787234,-6.878306878306864,15.789473684210542,-4.864864864864857,-73.23586193538478,-39.11614548634293,-39.11614548634293,4.09316105497603,4.544227407632914
BDAUTOCA,Bangladesh Autocars Limited,187.7,4.684885666480746,6.045197740112988,-12.697674418604656,-8.080313418217434,6.647727272727266,47.79527559055117,45.05409582689334,4.510022271714919,472.5014196555915,769.4258848999402,4.29888352355564,5.310671821123834
BDCOM,BDCOM Online Ltd.,29.3,3.53356890459364,6.934306569343074,-4.248366013071897,-11.480362537764352,4.642857142857145,12.692307692307695,11.064982206070725,21.899057207978913,62.50370039089601,143.65182366284196,3.7757355283970777,3.942795154211611
BDFINANCE,Bangladesh Finance PLC,11.7,0.0,0.8620689655172383,-10.000000000000004,-6.400000000000006,-16.428571428571434,-10.000000000000004,-2.5000000000000058,-82.53239443257408,21.510316151065645,-27.986539288239737,2.9319371331722026,3.3956874156858134
BDLAMPS,Bangladesh Lamps PLC,224.5,-0.39929015084294833,1.537765716870197,1.0805943268797864,29.022988505747126,58.545197740113,66.91449814126393,51.689189189189186,-5.6870829188026235,27.50265382291448,100.17916650652333,2.7007329217930574,3.54988092608139
BDTHAI,Bangladesh Thai Aluminium Ltd.,15.7,6.802721088435375,4.666666666666662,0.6410256410256387,-25.592417061611382,38.93805309734512,40.17857142857143,24.6031746031746,-43.525179856115116,-20.6390600248446,-1.454420709651009,4.79059932349311,5.135709759633945
BDTHAIFOOD,BD Thai Food & Beverage Ltd.,21.6,2.857142857142864,-7.296137339055791,-10.373443983402488,-17.870722433460074,31.70731707317075,50.00000000000001,41.1764705882353,78.5123966942149,78.5123966942149,78.5123966942149,5.164531310641518,4.955868162366388
BDWELDING,Bangladesh Welding Electrodes Ltd.,12.4,0.8130081300812979,0.0,-8.823529411764701,-19.48051948051948,-22.499999999999996,-31.491712707182323,24.000000000000004,-46.08695652173913,19.276190406896685,-43.56137324818969,3.626694137362361,4.511884051626525
BEACHHATCH,Beach Hatchery Ltd,27.8,2.5830258302583,3.345724907063205,-10.322580645161288,-14.98470948012233,-12.578616352201257,-40.59829059829059,-47.24857685009487,3.345724907063205,167.3076923076923,23.164557242653416,3.5078224129319016,3.8721368383757837
BEACONPHAR,Beacon Pharmaceuticals PLC,103.8,2.4679170779861797,2.9761904761904763,-2.990654205607479,-5.550500454959062,0.6789524733268699,-0.8595988538682002,-16.69341894060995,-51.60839160839161,455.08021390374336,574.025974025974,2.036586871018642,2.648463200422008
BENGALWTL,Bengal Windsor Thermoplastics PLC,22.7,6.572769953051637,8.612440191387563,-11.328125000000009,-7.346938775510206,26.111111111111107,30.459770114942536,19.47368421052631,-20.629370629370637,-49.85943780335963,-54.14524216144361,4.652080000252496,4.775601945157531
BERGERPBL,Berger Paints Bangladesh Ltd.,1464.2,0.17103372785113224,0.2876712328767154,-2.3866666666666636,3.2581100141043757,4.0210287013356165,6.024619840695151,2.743667111079934,-20.423913043478258,32.32117843748589,457.79047619047617,1.3463304411513841,0.9925361511868661
BESTHLDNG,Best Holdings PLC,14.9,1.3605442176870821,-1.3245033112582734,2.0547945205479503,-7.453416149068329,9.55882352941177,10.370370370370372,-15.340909090909095,-49.319727891156454,-49.319727891156454,-49.319727891156454,3.3617797461496037,3.839932337952108
BEXIMCO,Bangladesh Export Import Company Ltd.,22.2,0.4524886877827958,8.82352941176471,-6.7226890756302575,-21.830985915492956,-79.83651226158038,-79.83651226158038,-79.83651226158038,-82.77161858287471,9.825962384068653,-44.09984994186381,4.242947529335605,4.473274764569483
BGIC,Bangladesh General Insurance Company PLC,41.6,0.0,3.225806451612914,-1.6548463356973895,6.940874035989725,30.000000000000004,34.62783171521036,29.595015576323988,-31.466227347611206,184.93150684931507,32.9073482428115,4.6479868713820816,5.242511865015218
BIFC,Bangladesh Industrial Finance Company Ltd.,3.7,2.77777777777778,-7.499999999999996,-9.756097560975597,-13.953488372093016,-38.33333333333333,117.64705882352942,0.0,-51.315789473684205,-53.75,-81.83744572832433,6.022601548917333,6.224499496322346
BNICL,Bangladesh National Insurance Company Ltd,156.3,2.8966425279789374,12.608069164265128,33.704020530367835,27.591836734693885,187.84530386740335,247.33333333333337,272.14285714285717,4.1305796135909505,1102.3076923076924,322.4324324324325,7.658732311654584,7.065984171957762
BPML,Bashundhara Paper Mill Ltd.,28.0,9.803921568627452,9.803921568627452,0.0,-2.097902097902103,-2.4390243902439,8.108108108108114,-19.308357348703176,-46.15384615384615,-81.93548387096774,-81.93548387096774,4.455818452173087,3.7730059081930483
BPPL,Baraka Patenga Power Ltd.,19.5,2.631578947368421,2.0942408376963275,-4.411764705882346,-0.5102040816326603,29.139072847682122,30.872483221476507,45.52238805970149,-57.608695652173914,-38.871473354231966,-38.871473354231966,3.1736477331447004,3.3988347478151595
BRACBANK,BRAC Bank PLC,64.5,1.25588697017268,2.5437201907790166,2.707006369426756,-1.0736196319018447,4.9151593877258035,17.36553432506507,5.662418366341823,141.08317851301774,266.4438559625032,879.779618124924,1.8324491513580188,1.4555367384434794
BSC,Bangladesh Shipping Corporation,112.0,1.1743450767840986,1.6333938294010864,-0.6211180124223628,0.9009009009009009,2.2831050228310503,-0.26714158504006874,-0.6211180124223628,125.35211267605634,172.99238391856485,124.26832175187657,2.0599880645264363,2.4255181201863802
BSCPLC,Bangladesh Submarine Cables PLC,148.4,0.6784260515603798,0.5420054200542083,-2.9431000654022235,-0.40268456375838546,5.848787446505005,15.666406858924391,5.547652916073977,-30.976744186046506,25.549915397631136,239.0450079963445,2.104026896278488,2.2067748687082207
BSRMLTD,Bangladesh Steel Re-Rolling Mills Ltd.,96.8,0.5192107995846313,-1.0224948875255624,-4.253214638971313,3.0883919062832708,17.61846901579587,26.86762778505898,13.216374269005845,-9.10798122065728,-34.892718307956585,114.73466601927743,2.179516231905665,2.6584632657678116
BSRMSTEEL,BSRM Steels Limited,87.5,0.8064516129032291,1.9813519813519846,-5.913978494623656,9.649122807017546,26.81159420289855,37.79527559055118,34.61538461538461,23.93767705382437,-5.451866501306544,55.48076947128601,1.7121530932190785,2.712415017110172
BXPHARMA,Beximco Pharmaceuticals Plc,149.4,0.4032258064516091,-0.7968127490039766,3.4626038781163433,5.2112676056338065,27.692307692307697,45.0485436893204,29.913043478260875,-39.31762794476035,101.89189170091308,239.9340538675047,1.7032003570388143,2.1167926177413006
CAPITECGBF,CAPITEC GRAMEEN BDT10 (MUTUAL FUND) Units,8.9,-3.26086956521738,5.9523809523809526,-14.423076923076923,21.91780821917809,23.611111111111114,30.882352941176478,21.91780821917809,-38.19444444444444,-38.19444444444444,-38.19444444444444,5.527281242412198,5.273655794223589
CAPMBDBLMF,CAPM BDBL Mutual Fund 01 Units,7.2,-8.860759493670887,,-21.739130434782602,-26.530612244897963,-35.71428571428571,-28.71287128712871,-31.428571428571427,-38.46153846153845,-33.333333333333336,-33.333333333333336,8.090607544610037,6.690843608005435
CAPMIBBLMF,CAPM IBBL Islamic Mutual Fund Units,14.5,0.0,12.403100775193796,9.848484848484853,45.0,72.61904761904762,93.33333333333333,70.58823529411765,-28.571428571428577,45.0,45.0,3.6237690945568715,5.390708542500151
CENTRALINS,Central Insurance PLC,43.8,-0.454545454545461,3.301886792452827,-0.680272108843547,4.5346062052505935,10.327455919395451,7.616707616707602,12.307692307692301,-29.12621359223301,243.78286521022326,66.36234252764989,2.6661066509371265,3.51637945652851
CENTRALPHL,Central Pharmaceuticals Ltd.,9.5,2.1505376344085945,1.0638297872340388,-7.766990291262142,5.555555555555555,3.260869565217399,7.954545454545446,-5.940594059405937,-48.369565217391305,-24.564062446558353,-72.23957506903656,3.866591069599035,4.422356680009459
CITYBANK,City Bank PLC,29.8,-0.33444816053510995,-1.6501650165016502,-3.2467532467532467,-2.2950819672131124,9.83974327641868,40.45081923753947,38.18548343078012,67.23183375713717,139.7242557750625,193.53612742282726,0.8704675540391912,1.3370244345515867
CITYGENINS,City Insurance PLC,128.7,0.9411764705882264,0.5468749999999911,2.7955271565495092,20.8450704225352,30.925737538148518,48.44290657439444,93.24324324324324,162.1181262729124,1097.8999980925746,436.83666450160894,0.9228742851859961,1.0512312857539396
CLICL,Chartered Life Insurance PLC,46.5,9.929078014184405,9.66981132075472,6.1643835616438425,-11.428571428571429,-21.452702702702705,-16.666666666666664,-13.88888888888889,322.72727272727275,322.72727272727275,322.72727272727275,4.903017490916911,4.24124599383511
CNATEX,C & A Textiles Ltd,3.0,7.1428571428571495,3.448275862068969,-6.250000000000005,-6.250000000000005,-38.775510204081634,25.000000000000004,0.0,-61.53846153846154,-60.7142857329932,-82.4834122848176,4.92610837438424,6.481276374931451
CONFIDCEM,Confidence Cement PLC,62.3,1.1363636363636294,7.04467353951889,-2.9595015576324073,-2.503912363067295,-2.6562500000000044,26.113360323886635,7.413793103448271,-55.10735271664722,37.276762748423934,16.17780506134067,3.111426479636456,3.232029516580199
CONTININS,Continental Insurance PLC,33.4,0.9063444108761244,3.4055727554179613,-6.179775280898884,3.0864197530864197,38.58921161825725,38.01652892561983,25.093632958801493,-36.00364947504563,165.46656871723894,45.46738421424251,3.158015165839298,4.183072475908997
COPPERTECH,Coppertech Industries Ltd,22.8,2.242152466367713,4.587155963302752,-9.523809523809518,-16.17647058823529,20.000000000000004,20.634920634920647,7.04225352112676,-43.27014203827014,-12.020499334786996,-12.020499334786996,4.23564798819934,4.3317778309414985
CROWNCEMNT,Crown Cement PLC,60.5,1.5100671140939574,-3.0448717948717925,-6.923076923076923,2.716468590831921,22.71805273833672,29.27350427350428,13.08411214953271,-27.10843373493976,-22.53521126760563,-25.12376237623762,4.735037334214419,5.067493913838237
CRYSTALINS,Crystal Insurance Company Ltd,70.7,-2.0775623268698062,17.637271214642265,5.208333333333333,-2.617079889807151,-9.12596401028277,22.956521739130437,32.149532710280376,24.233226704095433,418.46666614820003,418.46666614820003,6.343619655939795,5.051041299213299
CVOPRL,CVO Petrochemical Refinery PLC,158.6,1.862556197816317,5.033112582781453,-7.033997655334115,-3.9951573849878903,2.7867790019442533,7.525423728813556,-3.5866261339566328,-35.86029418178676,-28.82032029805494,32.40267802615414,3.470467488236135,3.308698162275391
DACCADYE,Dacca Dyeing and Manufacturing Company Limited,15.7,-1.2578616352201324,-3.680981595092033,-3.680981595092033,-4.268292682926825,-10.285714285714288,-19.072164948453608,-21.500000000000004,-43.115942028985515,72.52747252747253,-44.110032420339124,2.9252817246447798,4.288677486533361
DAFODILCOM,Daffodil Computers PLC.,166.0,-0.24038461538461878,-0.18039687312087274,1.8404907975460123,8.49673202614379,141.98250728862976,359.8337950138504,191.73989455184534,161.41732283464566,624.8908296943232,957.3248407643314,2.0607450589882097,2.9643383132131906
DBH,DBH Finance PLC,40.5,1.25,0.0,-3.5714285714285716,-1.2195121951219512,9.1644204851752,15.714285714285714,5.4687500000000036,-50.54436651636697,-42.27576852173949,18.09636346235401,2.301792960684213,2.8361326849799005
DBH1STMF,DBH First Mutual Fund Units,5.6,-1.75438596491229,3.7037037037036904,5.660377358490563,21.73913043478261,7.692307692307681,-13.84615384615385,-11.111111111111114,-32.530120481927725,-11.111111111111114,-24.32432432432433,5.431460297398727,5.453185705949137
DELTALIFE,Delta Life Insurance Company Ltd.,72.7,2.683615819209048,3.857142857142861,-4.593175853018373,-7.388535031847131,3.857142857142861,7.227138643067855,-3.963011889035667,-57.97687861271676,-27.299999999999997,-97.84047432332882,3.030417798933186,2.8897706608903015
DELTASPINN,Delta Spinners Limited,7.0,1.4492753623188355,-2.7777777777777803,-5.40540540540541,4.477611940298504,12.90322580645161,40.0,29.629629629629623,-40.67796610169492,8.589743450525972,-55.321141869908594,3.768481305565699,4.907333772906706
DESCO,Dhaka Electric Supply Co. Ltd.,22.8,0.8849557522123862,4.109589041095901,-8.433734939759027,-4.602510460251037,1.3333333333333366,11.219512195121954,-1.2987012987013018,-43.0,-57.77777777777778,-65.70200564491405,1.523223814523377,3.8629034192847875
DESHBANDHU,Deshbandhu Polymer Limited,17.5,3.550295857988174,2.339181286549699,-11.167512690355327,-16.666666666666668,6.707317073170741,2.9411764705882355,-16.666666666666668,-25.847457627118647,71.87499986188617,-19.179308570330075,4.143627578252097,4.358204099066382
DGIC,Desh General Insurance Company Ltd,37.6,-0.26525198938992417,23.6842105263158,10.58823529411765,36.231884057971016,87.06467661691542,90.86294416243656,68.60986547085201,-21.008403361344538,150.66666666666666,150.66666666666666,6.635713458626951,4.996419923690031
DHAKABANK,Dhaka Bank PLC,11.4,0.0,-3.3898305084745792,-5.785123966942143,-6.557377049180319,-11.627906976744185,0.8849557522123862,1.7857142857142954,-8.749246476891646,5.093910604842604,-10.985457905862821,1.7530217192288782,1.7088634380909888
DHAKAINS,Dhaka Insurance Limited,44.4,0.0,3.255813953488369,-3.896103896103905,6.220095693779907,16.535433070866134,23.33333333333333,20.32520325203252,-45.787545787545795,172.3926380368098,-6.847058898051766,3.9941034220153506,3.8359214010645513
DOMINAGE,Dominage Steel Building Systems Ltd,67.7,2.4205748865355656,8.493589743589752,8.320000000000004,-8.51351351351351,71.39240506329115,134.25605536332182,298.2352941176471,83.68217097692296,411.8119991299196,411.8119991299196,4.727169967784516,4.069992226998936
DOREENPWR,Doreen Power Generations & Systems Ltd.,31.6,4.290429042904292,4.635761589403981,-1.2499999999999956,4.290429042904292,19.24528301886793,12.05673758865249,9.722222222222223,-53.854435092387604,-0.7739707215293992,-20.50892544500724,4.029426891195641,3.8563855347786107
DSHGARME,Desh Garments Limited.,155.2,-1.4603174603174676,0.7792207792207718,-15.422343324250686,9.91501416430595,43.836886005560686,33.333333333333314,24.159999999999993,-37.46520152773627,50.817898470477374,1421.2935909929076,5.31109782299012,5.93370052786614
DSSL,Dragon Sweater & Spinning Ltd.,11.4,0.8849557522123862,2.7027027027027093,-5.785123966942143,7.547169811320762,32.55813953488373,34.117647058823536,5.555555555555552,-41.812499718760414,117.23594543506398,25.532114390808886,3.9926226150301285,5.026238624762439
DULAMIACOT,Dulamia Cotton Spinning Mills Limited,186.2,1.2506797172376198,3.444444444444438,-12.50000000000001,5.138339920948614,46.61417322834645,37.92592592592592,50.76923076923076,188.68217054263562,2382.6666666666665,1923.913043478261,4.33118520047108,6.075340392406402
DUTCHBANGL,Dutch-Bangla Bank PLC,45.6,0.2197802197802229,2.013422818791943,-0.8695652173913012,2.471910112359554,11.608391873754217,24.041451087305703,17.64127792020598,-10.31999116891059,112.31945682134565,99.50707576782597,2.487680219287312,2.501675014281947
EASTERNINS,Eastern Insurance PLC,59.5,-0.8333333333333334,2.409638554216865,-7.608695652173921,2.7633851468048385,15.984405458089674,18.762475049900196,16.210937499999993,-58.39160839160839,164.44444444444446,63.013698630136986,3.9406083471705364,4.2040257284724545
EASTLAND,Eastland Insurance PLC,28.0,-0.3558718861210015,3.321033210332098,-3.4482758620689653,9.374999999999995,39.30348258706467,49.732620320855624,40.0,-34.883720930232556,95.05352141494527,-21.18563354085024,2.8294199585719655,3.3566555878218822
EASTRNLUB,Eastern Lubricants Blenders PLC,1978.3,0.07081794729120662,-0.48792756539235643,-1.5771144278606988,11.015712682379347,18.461077844311376,19.102950030102345,20.237033434471233,55.13259695203728,233.24973999242707,1545.6982992787684,1.5709325983457392,2.490435366645818
EBL,Eastern Bank PLC,23.2,1.7543859649122744,0.0,-3.333333333333336,-6.451612903225812,-11.496296623760003,-2.065574149385647,-4.032128865167588,-11.160086513119573,63.48049868965096,75.50873096929327,1.8518278074039776,2.1150985101219053
EBL1STMF,EBL First Mutual Fund Units,4.4,-2.2222222222222143,-4.347826086956506,0.0,15.789473684210542,7.317073170731725,41.93548387096775,10.000000000000009,-48.837209302325576,11.217020608347099,-35.82649116719106,6.916238799959727,6.293683689491524
EBLNRBMF,EBL NRB Mutual Fund,3.5,-2.77777777777778,2.941176470588238,0.0,12.90322580645161,9.374999999999995,52.17391304347827,12.90322580645161,-50.0,-12.351064079493455,-49.05551679133223,5.2268907563025255,5.327303808285676
ECABLES,Eastern Cables Ltd.,123.4,2.3217247097844207,-0.5640612409347209,-7.357357357357345,-3.5937499999999956,7.304347826086961,10.08028545941125,-7.008289374529,-19.34640522875817,-10.105960446474722,197.43824640818812,4.123899914688086,4.60496642262712
EGEN,eGeneration PLC,23.5,3.070175438596488,4.444444444444445,-9.615384615384615,-11.320754716981131,8.29493087557604,18.686868686868685,-10.98484848484848,-61.2850082372323,56.666666666666664,56.666666666666664,3.6184496268481823,3.9817537374091274
EHL,Eastern Housing Ltd.,86.0,1.6548463356974064,3.7394451145958914,-5.4945054945054945,-2.383654937570936,13.456464379947233,17.486338797814202,3.11750599520383,44.29530201342282,149.44751443577348,119.98840014979235,2.799145180275768,3.2569053916147137
EIL,Express Insurance Ltd.,31.8,-1.242236024844727,1.9230769230769276,-2.1538461538461515,6.7114093959731544,17.343173431734314,12.765957446808516,2.912621359223308,-16.753926701570684,112.0,112.0,2.7532766081766855,3.6097500977828205
EMERALDOIL,Emerald Oil Industries Ltd.,27.3,1.8656716417910446,-1.086956521739133,-10.491803278688522,21.333333333333336,66.46341463414636,89.58333333333333,53.37078651685393,-32.592592592592595,-26.03448284060217,-36.4750001307149,5.031572244156462,5.249251718251216
ENVOYTEX,Envoy Textiles Ltd.,71.4,1.7094017094017133,1.8544935805991605,14.606741573033723,40.00000000000001,39.72602739726028,47.216494845360835,24.17391304347827,61.17381489841989,106.72829831173023,59.34808468574583,4.012986863523978,5.563185216705004
EPGL,Energypac Power Generation PLC,17.1,1.7857142857142898,1.7857142857142898,-8.556149732620309,-11.398963730569944,3.636363636363645,9.615384615384627,-10.471204188481675,-66.98841698841699,-63.225806451612904,-63.225806451612904,3.110502702407072,3.5289482877891776
ESQUIRENIT,Esquire Knit Composite PLC,24.0,2.127659574468085,3.448275862068969,-5.511811023622042,0.41841004184101016,18.226600985221673,16.504854368932033,-13.043478260869568,-38.46153846153846,-49.26004228329809,-49.26004228329809,4.080128759753096,4.647354062880585
ETL,Evince Textiles Ltd.,15.0,0.671140939597313,8.695652173913038,15.384615384615385,14.503816793893133,59.57446808510638,50.0,45.63106796116504,16.279069767441857,46.596154567858,14.91959853313254,4.6814530926572955,5.098390519232236
EXIM1STMF,EXIM Bank 1st Mutual Fund 2013- Units,6.7,-4.285714285714283,-10.666666666666664,0.0,97.05882352941177,103.03030303030306,139.2857142857143,76.31578947368423,-9.459459459459461,16.424637945224,-14.058847160286117,7.811870083460318,7.367335207484758
FAMILYTEX,Familytex (BD) Ltd.,2.3,0.0,-4.1666666666666705,-8.000000000000007,-14.814814814814827,-45.23809523809524,76.9230769230769,21.052631578947366,-61.01694915254238,-67.53003022213024,-92.97651973839928,5.2173913043478315,6.922944631010996
FARCHEM,FAR Chemical & Textile Ind. PLC,16.5,3.773584905660375,8.552631578947372,-23.25581395348837,-10.81081081081081,13.793103448275861,13.793103448275861,-20.289855072463766,3.125,0.9724139142703441,-26.794999912153997,5.7249554726811525,6.25914916750721
FAREASTLIF,Fareast Islami Life Insurance Company Limited,17.7,1.1428571428571388,-5.347593582887701,-17.674418604651166,-20.627802690582964,-22.368421052631582,-14.903846153846159,-38.96551724137931,-76.2734584450402,-65.18032772957376,-77.49132941211266,5.128127385694869,5.876298646849422
FBFIF,First Bangladesh Fixed Income Fund Units,3.5,0.0,0.0,-5.40540540540541,12.90322580645161,9.374999999999995,34.615384615384606,6.060606060606066,-40.67796610169492,-34.61111118563369,-53.336565802747046,4.605042016806727,5.267750481372779
FEDERALINS,Federal Insurance PLC,27.9,-0.3571428571428622,2.19780219780219,-7.615894039735101,5.283018867924523,43.07692307692307,45.31249999999999,26.818181818181813,-28.82653061224491,219.93042166949976,44.53535649870771,2.7279388223096452,3.712579850445703
FEKDIL,Far East Knitting & Dyeing Industries PLC.,22.0,0.9174311926605472,-0.4524886877828118,-5.982905982905978,35.802469135802475,57.142857142857146,54.92957746478874,10.0,18.91891891891892,28.574599304537408,-7.525192173148659,4.586611289321937,5.63208717108167
FINEFOODS,Fine Foods Limited,453.6,3.137789904502049,5.488372093023261,7.208697707397778,-12.752452394691279,-3.056208591579388,19.305628616517634,50.19867549668875,720.253164556962,5703.170503866037,2842.895949674528,3.180986592901802,3.5091132957584774
FIRSTFIN,First Finance Ltd.,4.5,4.651162790697678,-2.173913043478253,-11.764705882352935,4.651162790697679,-13.461538461538463,80.0,114.28571428571428,-43.75,-26.977272774737504,-86.78727151660617,6.004228329809716,7.968489229486607
FORTUNE,Fortune Shoes Ltd.,15.6,0.6451612903225784,-1.2658227848101333,-9.82658959537573,-3.7037037037037015,1.9607843137254832,12.230215827338125,2.6315789473684235,-77.94999989100091,-40.5579625156454,-40.5579625156454,2.7310559553669993,4.541573429786986
FUWANGCER,Fu-Wang Ceramic Industry Ltd.,13.2,3.937007874015748,3.937007874015748,-11.40939597315437,-12.582781456953645,12.820512820512821,14.782608695652169,-0.7518796992481309,-39.44954128440367,14.085713929603868,-13.335785125249876,4.26486696723394,4.524849482016204
FUWANGFOOD,Fu-Wang Foods Limited,9.7,2.1052631578947296,2.105263157894729,-12.612612612612615,-19.16666666666667,-6.7307692307692415,-13.392857142857144,-32.63888888888889,-52.450980392156865,-5.068382610652604,-41.77527484717397,3.362119174334174,4.386406606204078
GBBPOWER,GBB POWER Ltd.,13.5,3.0534351145038197,-9.395973154362418,-10.596026490066224,62.65060240963854,50.0,110.9375,95.65217391304347,-71.75732217573221,2.717391561141308,-48.89890283737582,3.9041191782050353,6.315913028164497
GEMINISEA,Gemini Sea Food PLC,108.1,1.0280373831775647,1.1225444340505037,-8.078231292517007,-6.970740103270232,-11.393442622950824,-20.921726408193123,-38.228571428571435,19.247660070374234,-13.509311833638412,510.10998640668174,3.7350163139774057,4.0534254752059375
GENEXIL,Genex Infosys PLC,35.7,5.000000000000009,5.000000000000008,-5.305039787798408,2.5862068965517406,31.250000000000014,32.713754646840165,44.534412955465605,-67.63200011825109,6.695452179154839,6.695452179154839,4.4883372960305445,3.9198681377206865
GENNEXT,Generation Next Fashions Ltd.,2.9,0.0,0.0,-3.333333333333336,-3.333333333333336,-32.55813953488372,7.407407407407397,0.0,-61.84210526315789,-48.39705890852249,-86.98274201157395,4.975369458128084,5.70043099299709
GHAIL,Golden Harvest Agro Industries Ltd.,13.1,2.3437499999999916,4.799999999999997,-7.746478873239435,-17.610062893081764,16.96428571428572,22.429906542056077,4.799999999999997,-36.09756097560975,-8.63487946165473,-64.48942318797911,3.0210081321802,4.246782753864908
GHCL,Global Heavy Chemicals Ltd.,20.2,2.0202020202020132,-0.9803921568627417,-9.417040358744401,3.061224489795907,4.12371134020619,1.5075376884422147,-9.417040358744401,-52.01900237529691,-49.11838790931991,-75.51515151515152,4.701888849096416,5.7663728769388385
GLDNJMF,ICB AMCL CMSF GOLDEN JUBILEE MUTUAL FUND,9.1,-5.208333333333334,3.4090909090908967,4.5977011494252915,39.99999999999999,42.187499999999986,49.18032786885246,29.999999999999996,-17.272727272727277,-17.272727272727277,-17.272727272727277,7.460872522664593,6.119748887660563
GLOBALINS,Global Insurance PLC,44.5,-2.197802197802198,-0.8908685968819567,-4.094827586206893,18.666666666666668,67.29323308270675,74.50980392156863,61.81818181818182,-23.407917383821,359.33595603085104,87.87487523514515,3.473887695405397,4.067385647507075
GOLDENSON,Golden Son Limited,12.8,3.2258064516129057,4.0650406504065035,-9.859154929577455,-22.424242424242422,12.280701754385968,26.732673267326746,4.0650406504065035,-28.089887640449437,-43.362831858407084,-67.67676767676767,4.078510976381109,4.5094591942928295
GP,Grameenphone Ltd.,243.4,1.03777501037775,1.416666666666669,-0.7340946166394711,-5.475728155339804,-3.066507367582632,-6.384615384615383,-18.866666666666664,-36.115485564304464,-7.803030303030301,41.841491841491845,0.8650533408969718,1.1093619349485953
GPHISPAT,GPH Ispat Limited,17.3,5.487804878048793,6.790123456790132,-1.7045454545454584,-1.1428571428571388,3.592814371257494,7.4534161490683175,-16.019417475728158,-65.47013510028798,-25.14327076046932,-7.617711948145788,3.8475094639725933,4.124398172281162
GQBALLPEN,G.Q. Ball Pen Industries Limited,612.1,3.25573549257761,7.764084507042257,16.14800759013283,1.593360995850626,17.485604606525914,36.721018539200365,24.15821501014199,366.5396341463415,787.1014492753624,351.22756274888144,4.2318097089310225,4.60559258062344
GRAMEENS2,Grameen Mutual Fund One - Grameen Two Units,12.6,-3.0769230769230793,5.882352941176465,-4.545454545454543,-0.7874015748031469,-3.0769230769230798,15.596330275229352,-1.5625000000000082,-27.58620689655172,32.36363663103764,-31.18904117368765,3.9607225084267474,2.954625818596059
GREENDELMF,Green Delta Mutual Fund 2010 Units,5.0,-3.8461538461538494,11.11111111111111,8.695652173913052,38.888888888888886,38.888888888888886,66.66666666666667,38.888888888888886,-39.02439024390244,-20.634920634920633,-30.555555555555557,6.350439622489309,6.91770123001463
GREENDELT,Green Delta Insurance PLC,64.5,-0.9216589861751066,2.707006369426756,-6.7919075144508705,3.2,23.800383877159305,20.33582089552238,27.2189349112426,-42.152466367713004,73.71976671844244,23.726535972441727,3.8126141538405074,4.286280343674366
GSPFINANCE,GSP Finance Company PLC,3.6,2.85714285714286,5.882352941176476,-5.2631578947368345,2.85714285714286,-30.769230769230766,125.0,33.33333333333333,-84.64285717226119,-66.22292237350332,-75.25061401834468,5.194211017740434,6.073681430271434
HAKKANIPUL,Hakkani Pulp & Paper Mills PLC,73.0,2.96191819464033,5.797101449275362,-5.071521456436938,-6.768837803320559,-2.6666666666666665,7.82865583456425,-1.7496635262449491,-13.095238095238095,44.84126984126984,292.47311827956986,3.4169114697842797,3.871635387009888
HAMI,Hami Industries PLC,151.1,-0.32981530343007914,-0.526662277814359,-7.865853658536588,-3.4504792332268406,1.9568151147098556,40.4275092936803,32.311733800350254,-13.60777587192682,-13.60777587192682,-13.60777587192682,4.943963883868899,4.777774133070745
HEIDELBCEM,Heidelberg Materials Bangladesh PLC,212.9,2.257444764649384,1.7686424474187463,-2.204869085898017,-7.111692844677131,-14.839999999999998,-2.7409776153494745,-12.422871246400655,-40.12935883014623,-60.89990817263544,-19.356060606060602,2.471124034430506,3.1054205158966117
HFL,Hamid Fabrics PLC,12.5,0.8064516129032229,-2.3437500000000053,-17.218543046357613,-16.107382550335572,21.359223300970868,92.3076923076923,56.25,-39.320388349514566,-28.571428571428573,-78.16139761786027,4.4121088584027905,6.252194581535056
HRTEX,H.R. Textile Mills Ltd.,17.4,2.9585798816568047,4.819277108433718,-9.84455958549224,-16.74641148325359,-15.533980582524284,-4.918032786885258,-28.39506172839507,-76.37037039399999,-17.854077323730408,-38.35276063767421,4.301760498807994,4.8774440225287385
HWAWELLTEX,Hwa Well Textiles (BD)PLC,46.1,1.766004415011047,-0.6465517241379249,-2.536997885835086,2.4444444444444478,8.215962441314554,3.3632286995515694,-7.615230460921838,-0.2164502164502195,39.6969696969697,15.250000000000004,3.0946774773043586,3.832452358989066
IBNSINA,BN SINA Pharmaceutical Industry PLC,318.1,0.856055802156007,0.6964229186451553,0.8240887480190247,0.9200507614213307,-0.5937499999999929,0.9841269841269914,3.1787220240025986,16.520146520146525,62.43812307349552,431.0451520923541,1.152821852144951,1.553799509373551
IBP,Indo-Bangla Pharmaceuticals Ltd.,15.6,1.298701298701294,4.6979865771812035,-9.82658959537573,2.6315789473684235,19.999999999999996,39.28571428571429,19.999999999999996,-23.848341517705975,-40.45199230439263,-40.45199230439263,6.699964890945348,5.5703143382593225
ICB,Investment Corporation of Bangladesh,40.1,1.0075566750629685,-0.7425742574257356,-5.200945626477532,-16.283924843423794,4.15584415584416,9.86301369863014,-20.1195219123506,-67.98395776371278,-49.58130231312053,-63.33797166200018,2.2377244088654633,3.881055775328265
ICB3RDNRB,ICB AMCL Third NRB Mutual Fund 2010 Units,6.1,-4.687500000000011,7.017543859649113,8.928571428571429,29.787234042553177,21.999999999999993,48.78048780487805,35.55555555555555,-15.277777777777786,32.608695652173914,-14.084507042253522,6.007416081186575,4.9614789788600655
ICBAGRANI1,ICB AMCL First Agrani Bank Mutual Fund Units,8.1,-3.5714285714285796,3.846153846153844,0.0,17.391304347826075,12.499999999999991,26.56249999999999,15.71428571428571,-11.956521739130432,-5.813953488372094,-5.813953488372094,6.270323033411819,4.690654722399601
ICBAMCL2ND,ICB AMCL Second Mutual Fund Units,9.8,2.0833333333333446,34.24657534246577,24.05063291139241,60.65573770491805,60.65573770491805,75.00000000000003,60.65573770491805,-30.496453900709213,113.0434782608696,28.947368421052648,7.121972157433149,6.016266731687424
ICBEPMF1S1,ICB Employees Provident Mutual Fund One Scheme One Units,6.5,-2.9850746268656745,10.169491525423723,1.5624999999999944,4.838709677419351,18.181818181818183,91.17647058823529,41.30434782608697,-17.721518987341774,8.333333333333334,-21.686746987951814,7.783879822611385,7.280551345060037
ICBIBANK,ICB Islamic Bank Limited,2.5,0.0,-7.407407407407414,-7.407407407407414,-10.714285714285708,-28.571428571428573,4.1666666666666705,8.695652173913052,-63.76811594202899,-37.5,-66.66666666666667,4.835897435897441,5.380573227941654
ICBSONALI1,ICB AMCL Sonali Bank Ltd 1st Mutual Fund 2013- Units,8.0,-2.439024390243894,19.402985074626862,31.147540983606564,60.0,56.862745098039234,90.47619047619047,56.862745098039234,-6.976744186046508,31.147540983606564,-33.333333333333336,7.016816232006107,6.734920088244482
ICICL,Islami Commercial Insurance PLC.,37.8,-1.8181818181818257,4.132231404958678,5.292479108635094,34.99999999999999,79.99999999999999,68.75,75.81395348837208,158.90410958904107,158.90410958904107,158.90410958904107,4.239230695486085,3.767540256327992
IDLC,IDLC Finance PLC.,43.5,1.3986013986014019,3.5714285714285716,-2.4663677130044874,6.356968215158927,10.326087232336965,27.583799201641053,16.81585705384826,-29.767520393556463,8.53002778532629,-7.995602798946351,2.17093217280574,2.6589881429249522
IFADAUTOS,IFAD Autos PLC,23.8,2.1459227467811157,3.030303030303027,-1.2448132780083017,-5.179282868525898,9.677419354838717,9.677419354838717,-2.4590163934426146,-54.80088819278104,-51.106388934197774,35.38640891234805,2.1792566994283695,3.4701993706635816
IFIC,IFIC Bank PLC,4.9,0.0,2.0833333333333446,4.255319148936174,-3.921568627450967,-16.94915254237288,4.255319148936174,-10.909090909090903,-65.39183590809928,-34.29352308863244,-53.88143595220322,5.315986394557818,4.668835802400968
IFIC1STMF,IFIC Bank 1st Mutual Fund Units,4.1,-4.651162790697678,0.0,-4.651162790697679,13.888888888888877,13.888888888888877,63.999999999999986,24.24242424242424,-35.93750000000001,-5.2899998030032105,-36.47500001282121,5.440275171982496,6.059935300493377
IFILISLMF1,IFIL Islamic Mutual Fund - 1 Units,6.2,1.6393442622950907,16.981132075471702,16.981132075471702,44.186046511627914,40.9090909090909,82.3529411764706,51.21951219512197,-8.823529411764701,-7.462686567164179,-1.5873015873015817,4.894569680040158,3.823827335216983
INDEXAGRO,Index Agro Industries Ltd,76.3,9.942363112391918,14.736842105263154,4.8076923076923075,6.56424581005587,17.928902627511583,14.050822122570986,0.26908660203176005,-35.95923245649452,6.8200002670499895,6.8200002670499895,4.67611068292411,4.2143029643802254
INTECH,Intech Ltd.,24.9,2.892561983471072,3.7499999999999942,-3.488372093023264,-27.192982456140363,-40.71428571428572,-21.451104100946377,-24.77341389728097,-37.75000000000001,151.26363636135216,104.37504962866413,4.682969294080406,5.162087490938609
INTRACO,Intraco Refueling Station PLC,21.7,0.9302325581395315,-4.405286343612335,-4.405286343612335,6.372549019607846,16.0427807486631,5.853658536585362,-13.545816733067737,-7.0000004251428605,-53.33003449944072,-53.33003449944072,3.1309116101270913,2.4284897242271852
IPDC,IPDC Finance PLC,33.6,0.9009009009009137,5.000000000000004,3.384615384615389,10.891089108910892,83.750000459375,84.71204229582524,72.0975613617799,-10.846026961476468,122.93164867283484,542.7904070288703,3.486946102850662,4.1086373337091535
ISLAMIBANK,Islami Bank Bangladesh PLC,27.0,0.3717472118959161,-0.7352941176470562,-2.173913043478266,-19.161676646706585,-34.78260869565217,-18.181818181818183,-34.93975903614458,-10.0,-12.621359223300967,-30.930232627209303,1.7274284130305224,2.5571210276697696
ISLAMICFIN,Islamic Finance & Investment PLC,10.8,-0.9174311926605472,-2.7027027027026933,-1.8181818181818117,-3.571428571428559,-5.263157894736839,13.684210526315795,56.52173913043479,-67.85714285714286,-15.923087271663364,-40.779279895685065,2.2138845368717583,2.8921789800716384
ISLAMIINS,Islami Insurance Bangladesh Limited,64.4,0.6250000000000089,10.085470085470096,3.870967741935493,7.154742096505831,69.92084432717681,71.73333333333335,55.55555555555558,-11.049723756906076,408.35035674879515,241.94922439931798,3.0626168550229584,4.143552502606003
ISNLTD,Information Services Network Ltd.,57.4,1.5929203539822985,33.17865429234338,0.17452006980803042,-5.436573311367388,-29.223181257706532,-26.785714285714295,-44.271844660194176,23.440860215053757,381.4193557704891,279.883637869357,7.764970482913377,6.392286140276919
ITC,IT Consultants PLC,45.7,2.9279279279279375,4.337899543379009,-3.1779661016949152,1.7817371937639295,19.01041666666668,18.701298701298708,4.100227790432812,7.78301886792454,46.14743017096255,55.55606300946264,2.9917888665928363,2.914088080449389
JAMUNABANK,Jamuna Bank PLC,23.0,-0.8620689655172384,-0.432900432900439,-5.737704918032781,-3.3613445378151288,-2.127659574468085,9.004739336492884,8.490566037735851,20.65324691555364,168.55018174174418,96.5459532039792,1.8230754752493867,1.8227472642225382
JAMUNAOIL,JAMUNA OIL PLC,178.6,-0.1676914477361718,1.2471655328798121,-0.7777777777777809,1.7663817663817631,3.236994219653176,5.555555555555559,-4.235924932975874,-3.1978319783197864,-9.340101522842643,11.245753000365333,1.1398175920558273,1.0109174500330191
JANATAINS,Janata Insurance PLC,32.7,-0.6079027355622971,3.8095238095238186,-4.105571847507327,-4.664723032069955,28.74015748031498,34.56790123456791,27.237354085603126,-34.599999738399994,279.2379545687033,-82.51129588980604,3.253250618305242,4.339666106900841
JHRML,JMI Hospital Requisite Manufacturing Ltd,45.3,5.104408352668203,7.092198581560284,-9.400000000000006,-10.826771653543307,3.4246575342465757,7.345971563981029,-17.335766423357665,105.90909090909089,105.90909090909089,105.90909090909089,3.5990962496737477,3.5954355636195325
JMISMDL,JMI Syringes & Medical Devices Ltd.,131.2,1.2345679012345634,2.499999999999991,-6.619217081850542,-6.884315117104341,7.2771872444807775,11.186440677966091,-7.670654468684029,-55.11144668452388,11.172585314029652,278.83651685630986,4.314388519791633,4.431405889200397
JUTESPINN,Jute Spinners Limited,206.4,0.7320644216691069,-0.28985507246376535,-7.110711071107103,-2.6415094339622613,-4.92860432980193,5.737704918032796,-12.911392405063289,17.942857142857147,244.57429048414025,210.37593984962405,2.065226291077433,2.929973739343233
KARNAPHULI,Karnaphuli Insurance PLC,54.0,1.313320825515953,0.18552875695733104,-7.056798623063685,43.617021276595736,84.93150684931507,89.47368421052632,81.81818181818183,14.893617021276595,436.3513540621001,97.82199514632671,3.3234679256059367,4.597628874263659
KAY&QUE,Kay and Que (Bangladesh) Ltd.,384.7,1.1835875854813256,3.944879762226416,-7.723674742144397,-9.09735349716446,-14.851704293935374,1.9342872284048787,15.945976244429186,32.58012172821716,1436.1007208025856,1836.8226476322295,3.159684217254377,3.726063682879314
KBPPWBIL,Khan Brothers PP Woven Bag Industries Ltd,39.7,-0.5012531328320695,31.023102310231028,5.866666666666674,-7.674418604651156,-19.797979797979792,-17.29166666666666,-73.55096602265156,171.91780821917808,99.4802469308193,18.605861330958188,7.529977242078712,5.710019743068554
KDSALTD,KDS Accessories Ltd.,46.0,3.3707865168539324,4.545454545454546,-3.1578947368421053,-16.363636363636363,15.869017632241807,11.922141119221408,-2.9535864978902926,-34.01639327766394,-24.48896414320182,-11.843382766015521,2.7865364537412733,3.2334894605942526
KEYACOSMET,Keya Cosmetic Ltd.,5.6,1.818181818181812,9.803921568627452,0.0,11.999999999999993,0.0,24.44444444444444,19.148936170212753,-37.777777777777786,-26.797669913885873,-64.17310924849195,4.196160644551319,5.4362310859743594
KOHINOOR,Kohinoor Chemical Company (Bangladesh) PLC,525.8,0.5161536991014972,-0.24663251754886514,-2.1038912679203254,3.199214916584878,1.505791505791497,5.181036207241444,4.41957021492532,55.99761631702272,324.46604308842484,1038.2729991344079,1.210564350109836,1.8576529515719273
KPCL,Khulna Power Company Ltd.,10.6,0.952380952380949,-2.752293577981658,-7.017543859649129,0.0,-5.357142857142854,0.952380952380949,-2.752293577981658,-78.18930041152264,-82.14395101235948,-75.46492982367894,2.8608749740825257,4.15613527432174
KPPL,Khulna Printing & Packaging Ltd,13.0,1.5624999999999944,0.0,-10.958904109589039,-14.473684210526313,-18.238993710691826,-18.75,-7.142857142857143,-14.473684210526313,41.30434782608697,-62.2691293264249,3.86778846153846,4.572375001611301
KTL,Kattali Textile Ltd.,13.0,1.5624999999999944,0.7751937984496097,4.838709677419351,30.0,34.02061855670104,12.068965517241383,0.0,-57.377049180327866,-32.046400430216956,-32.046400430216956,2.6700955149501624,4.648885459504091
LANKABAFIN,LankaBangla Finance PLC,14.7,1.3793103448275814,1.3793103448275814,-10.909090909090912,-9.25925925925926,-3.9215686274509896,19.51219512195121,-12.500000000000007,-65.81395348837209,-23.385997314078804,-48.66125166573677,3.1831908102158333,3.2089936450826078
LEGACYFOOT,Legacy Footwear Ltd.,69.5,0.8708272859216172,-1.9746121297602335,-2.524544179523138,2.356406480117812,16.80672268907563,28.228782287822874,12.096774193548388,-9.50520833333333,178.21993564132384,343.8143022107858,3.544366655033052,3.334983338947105
LHB,LafargeHolcim Bangladesh PLC,54.5,1.8691588785046727,5.212355212355218,0.7393715341959308,-0.7285974499089227,3.219696969696975,15.71125265392781,1.4897579143389146,-31.61856963613551,-30.306905370843996,649.8712020535398,2.3741304173633377,2.319576083698959
LIBRAINFU,Libra Infusions Ltd.,580.0,0.7119291543670816,2.292768959435626,-6.587212111451116,-9.019607843137255,-11.287855613337406,-8.80503144654088,-23.553446685119287,-12.904195049162146,58.181818025074385,392.45282967764325,1.186853428559139,2.519050941565016
LINDEBD,Linde Bangladesh Limited,682.0,0.26462805057335403,0.1321391866098924,-2.1661167694735366,-1.870503597122302,-13.88888888888889,-10.144927536231885,-24.73236949564066,-58.28746177370031,-53.12070387682156,32.29873908826382,1.3152443424236644,1.220213403938343
LOVELLO,Taufika Foods and Lovello Ice-cream PLC,53.9,-1.462522851919569,20.852017937219724,-17.33128834355829,-21.656976744186043,-21.770682148040645,-20.967741935483875,-39.72843435748324,76.35835718731168,315.03000054368925,315.03000054368925,6.675469334433912,6.899770824764734
LRBDL,Lub-rref (Bangladesh) Ltd,13.6,1.4925373134328304,0.7407407407407381,-11.111111111111118,13.33333333333333,28.30188679245283,37.37373737373737,-2.1582733812949693,-72.46963562753035,-66.41975308641975,-66.41975308641975,4.4495450077757575,5.205916171446422
LRGLOBMF1,LR Global Bangladesh Mutual Fund One Units,4.5,-4.255319148936174,7.142857142857138,2.2727272727272645,32.352941176470594,28.571428571428573,60.71428571428573,28.571428571428573,-51.086956521739125,-29.687500000000004,-51.086956521739125,5.862286011932121,6.366748661244445
MAGURAPLEX,Magura Multiplex PLC,86.2,5.250305250305246,7.08074534161491,-2.598870056497172,-0.8055235903337201,4.106280193236722,2.741358760429079,-14.65346534653465,-46.83266728035396,382.36269215113003,382.36269215113003,3.5734968355403085,3.447297791203464
MAKSONSPIN,Maksons Spinning Mills PLC,5.8,1.7543859649122744,0.0,-4.918032786885243,1.7543859649122744,-15.942028985507253,23.40425531914893,-13.432835820895527,-81.58730158730158,-15.416666455208334,-64.07584252629219,3.49687778768956,4.884936874241221
MALEKSPIN,Malek Spinning Mills PLC,47.3,0.6382978723404196,3.275109170305677,-2.070393374741201,55.081967213114744,73.26007326007324,63.66782006920415,46.43962848297214,31.75487465181058,181.547619047619,89.19999999999999,3.4075590601350063,5.322861174303736
MARICO,Marico Bangladesh Limited.,2660.3,0.18830264000301283,-0.6609410007468192,-2.6600804976216543,-3.261818181818175,-4.682909351486916,0.2713806490520626,-5.495559502664292,12.724576271186448,117.16734693877554,608.468708388815,0.7797059758057352,0.9728570800237699
MATINSPINN,Matin Spinning PLC,65.4,9.547738693467341,0.9259259259259391,-0.15267175572518216,22.932330827067673,37.6842105263158,40.64516129032259,18.478260869565222,9.915966386554631,65.98984771573606,45.33333333333334,7.389206358865352,4.671141709581954
MBL1STMF,MBL 1st Mutual Fund 2010- Units,10.4,-1.886792452830182,11.827956989247308,22.35294117647059,160.0,141.86046511627907,205.88235294117646,136.36363636363635,23.80952380952381,52.941176470588246,50.724637681159415,6.647872211550112,6.526365668012117
MEGCONMILK,Meghna Condensed Milk Industries Ltd.,33.0,-1.1976047904191574,7.843137254901956,-2.077151335311581,-14.948453608247418,6.109324758842439,129.16666666666669,88.57142857142857,38.07531380753139,371.42857142857144,247.3684210526316,5.396449003219243,6.905169808878644
MEGHNACEM,Meghna Cement Mills PLC,29.3,2.8070175438596516,-0.6779661016949129,-3.3003300330033003,-9.567901234567895,-10.670731707317064,0.0,-33.860045146726854,-63.05183795797915,-64.50858047426588,-60.33311934991696,5.690207203171916,5.825304707043814
MEGHNAINS,Meghna Insurance PLC,35.8,-1.1049723756906233,3.4682080924855367,-7.01298701298702,7.507507507507508,32.59259259259258,27.40213523131671,42.063492063492056,225.4545454545454,225.4545454545454,225.4545454545454,3.1142557423324653,4.25262186727028
MEGHNALIFE,Meghna Life Insurance PLC,51.8,1.968503937007874,-2.4482109227872018,-10.380622837370243,-16.0453808752026,-2.8142589118198877,1.968503937007874,-11.904761904761905,-46.769293468426305,37.332035732239966,-20.46585189566883,4.005510306000931,4.806415115460634
MEGHNAPET,Meghna Pet Industries Ltd.,81.3,0.6188118811881188,22.43975903614456,-4.577464788732401,19.208211143695006,212.69230769230768,272.93577981651373,238.75,160.57692307692304,1301.7241379310344,1170.3124999999998,7.374216700251239,8.060108313090064
MERCANBANK,Mercantile Bank PLC,6.5,3.174603174603177,-1.5151515151515098,-8.450704225352109,-12.162162162162165,-27.77777777777778,-12.162162162162165,-27.77777777777778,-58.5625001326,-14.737827878191576,-37.17524136457963,3.43603190061423,3.281933462645101
MERCINS,Mercantile Islami Insurance PLC,48.4,-1.62601626016261,-4.536489151873775,9.999999999999998,13.084112149532714,105.08474576271183,89.80392156862744,97.55102040816327,-9.022556390977451,296.7213114754099,75.4304212479169,3.9857221944818457,5.070139319621345
METROSPIN,Metro Spinning Ltd.,9.9,5.319148936170213,1.0204081632653024,-2.941176470588225,8.791208791208799,-4.8076923076923075,16.47058823529412,-10.810810810810805,-66.78913730273504,35.934615296257896,-34.12399397049826,6.276884429230712,5.926009867735778
MHSML,Mozaffar Hossain Spinning Mills Ltd.,20.7,1.9704433497536877,2.9850746268656607,-2.8169014084507107,-5.045871559633034,16.949152542372882,53.33333333333332,19.653179190751437,-10.000000000000002,23.16500021307546,-16.344022771920017,3.6472137733971706,4.7729170355936175
MIDASFIN,MIDAS Financing PLC,4.4,-2.2222222222222143,-8.333333333333321,-22.807017543859644,-25.423728813559322,-34.328358208955216,-2.2222222222222143,-29.032258064516125,-81.0893617080825,-69.91844535025172,-82.11497174896587,5.305226174791391,4.576524467077225
MIDLANDBNK,Midland Bank PLC,17.0,0.0,3.0303030303030303,-5.555555555555555,7.594936708860755,4.938271604938276,-0.5847953216374352,-12.820512820512821,94.5555548357,94.5555548357,94.5555548357,3.239946077050157,2.9063209440197784
MIRACLEIND,Miracle Industries Limited,27.1,1.8796992481203008,-0.3676470588235216,-8.135593220338977,-2.8673835125447926,-8.445945945945946,-14.779874213836475,-12.580645161290319,-31.73803526448363,18.434291430128148,194.04088623983876,2.6407580752463993,3.5166395822602032
MIRAKHTER,Mir Akhter Hossain Ltd,36.4,6.122448979591842,14.826498422712932,-1.6216216216216255,-13.333333333333336,31.407942238267143,31.88405797101448,19.344262295081965,-59.23852183650616,-55.06172839506173,-55.06172839506173,5.560216411358695,4.576719715964909
MITHUNKNIT,Mithun Knitting & Dyeing (CEPZ) Ltd.,13.6,0.740740740740738,-2.1582733812949693,-8.724832214765105,-11.68831168831169,-15.527950310559016,-6.8493150684931505,-13.375796178343947,-34.92822966507177,-77.88617877189503,-73.95034081564965,4.170509602906444,5.27423203645108
MJLBD,MJL Bangladesh PLC,91.1,0.44101433296581194,1.2222222222222159,0.2200220022002075,-1.831896551724141,1.674107142857143,1.2222222222222159,-6.945863125638418,-8.16532258064517,-15.944639508666521,60.057638656694145,1.5545212587142645,1.5431926619975092
MLDYEING,M.L. Dyeing & Textile Ind. PLC,11.8,0.0,4.424778761061947,-16.901408450704217,12.380952380952387,32.58426966292135,40.47619047619048,29.670329670329686,-61.18421052631579,70.98200072188601,70.98200072188601,5.450045873774687,6.483963846957965
MONNOAGML,Monno Agro & General Machinery Ltd.,317.2,3.2552083333333335,3.9999999999999964,-5.00149745432764,-9.267734553775753,-11.39664804469274,-14.154262516914752,-14.247093809137603,-21.749558965102302,722.972593763899,2450.733771039409,4.237057417044951,4.246244490458855
MONNOCERA,Monno Ceramic Industries Limited.,87.6,6.310679611650471,7.352941176470589,-1.4623172103487192,-5.806451612903232,6.959706959706946,7.090464547677259,1.5063731170336006,-47.22891566265061,244.40890379580088,411.511001536579,4.548806596790714,3.480005983592849
MONNOFABR,Monno Fabrics Ltd.,20.5,7.894736842105263,6.770833333333337,-6.818181818181818,-6.818181818181818,-7.239819004524893,-4.205607476635508,7.894736842105263,-13.135593220338986,-13.135593220338986,-13.135593220338986,5.057350668453276,5.016025971003074
MONOSPOOL,Monospool Bangladesh PLC,109.8,4.5714285714285685,6.913339824732224,0.7339449541284377,-2.573203194321212,16.067653276955607,15.945089757127766,17.24233948614963,-24.43035938879662,129.58181725305536,129.58181725305536,3.557277760152083,3.3711151239714163
MPETROLEUM,Meghna Petroleum PLC,204.9,0.0,-1.4903846153846128,-2.4285714285714257,-2.752728998576167,2.964824120603018,6.331084587441629,-0.6304558680892255,0.048828124999997224,8.989361702127662,43.56050941057962,0.9582404055953415,1.1445314359884484
MTB,Mutual Trust Bank PLC,13.7,0.7352941176470562,8.730158730158728,0.7352941176470562,7.874015748031496,33.21922571828853,39.7177244874229,37.482240819350146,9.44309930842465,119.33692203866508,182.05708240763366,4.0017244869754,3.224595337672684
NAHEEACP,Nahee Aluminum Composite Panel PLC,34.6,0.8746355685131321,3.903903903903917,4.531722054380665,-6.486486486486482,60.930232558139544,87.02702702702705,45.3781512605042,-32.945736434108525,-45.102181527685815,-45.102181527685815,5.1415046905121375,6.63026949294175
NATLIFEINS,National Life Insurance PLC,95.6,2.4651661307609833,5.8693244739756345,-4.400000000000006,-6.366307541625857,-5.346534653465352,1.9189765458422146,-10.986964618249544,-60.446834919321475,-25.321323542331438,-29.623618178993386,2.6832523183710464,2.6412780567766223
NAVANACNG,Navana CNG Limited,20.1,2.030456852791889,4.145077720207257,-4.285714285714279,-6.511627906976738,-3.365384615384612,-5.6338028169014045,-13.362068965517231,-43.03277607188087,-49.97686204641089,-65.90730738595862,2.262820512820516,3.2275458959286185
NAVANAPHAR,Navana Pharmaceuticals PLC,64.6,1.095461658841934,5.383360522022834,-3.5820895522388145,-6.512301013024603,12.739965095986035,23.282442748091594,13.73239436619718,144.6969696969697,144.6969696969697,144.6969696969697,2.52314658159078,2.9781424887677654
NBL,National Bank PLC,3.4,0.0,3.030303030303033,-5.555555555555561,-12.820512820512821,-33.33333333333333,6.249999999999991,0.0,-59.99999999999999,-40.41094129148531,-68.13475098527209,3.5294117647058867,4.342267090249182
NCCBANK,National Credit and Commerce Bank PLC,14.5,0.694444444444442,0.0,-3.973509933774832,-9.375,16.89927846750135,23.606614179354246,21.612959050077656,4.887691937875552,99.57149467599614,31.62719303464916,2.096014314324173,2.3349411058868648
NCCBLMF1,NCCBL Mutual Fund-1 2012- Dividend Units,6.7,-4.285714285714283,0.0,6.349206349206355,59.52380952380952,45.65217391304349,67.5,36.73469387755101,-23.863636363636367,3.0769230769230798,-44.166666666666664,4.751608153142678,6.312925114659466
NEWLINE,New Line Clothings Ltd.,5.4,0.0,-1.8181818181818117,-12.90322580645161,-5.263157894736839,-19.402985074626862,35.00000000000001,8.000000000000007,-83.07210031347962,-78.36138997712831,-78.36138997712831,4.844264749925126,5.7380268976608075
NFML,National Feed Mill Ltd,16.1,1.2578616352201324,10.273972602739738,-8.522727272727272,-27.802690582959634,2.5477707006369563,14.184397163120579,71.27659574468086,-49.34267913119769,12.189679227248252,-42.2810336807079,5.764030406292094,5.678782994899163
NHFIL,National Housing Finance PLC,26.9,1.5094339622641455,1.893939393939394,-3.5842293906810037,-4.2704626334519675,13.983050847457614,19.55555555555555,8.906882591093115,-65.14723207299573,-24.12820528967587,-11.916365945101482,2.3662181071766875,3.382541756452782
NITOLINS,Nitol Insurance PLC,58.0,-0.3436426116838536,2.4734982332155453,25.000000000000007,78.46153846153847,102.09059233449477,106.40569395017793,126.5625,-8.421052409861492,264.8901424084377,143.48283915003307,2.9786436755179997,4.387475139292542
NORTHERN,Northern Jute Manufacturing Co. Ltd.,98.8,2.171664943123055,-0.10111223458039284,-13.636363636363644,-11.706881143878471,-14.827586206896553,15.826494724501758,-11.310592459605035,-72.63157894736842,-60.74172169727153,558.6666710577778,4.776450389409987,5.063655992596987
NORTHRNINS,Northern Islami Insurance PLC,37.0,-1.0695187165775364,1.9283746556473909,-6.565656565656568,-0.2628357047518647,26.960784631127446,39.74820178821942,33.50515494885216,-34.705882195467126,152.86982286600812,21.033379751313674,3.137150267615631,4.260229059101149
NPOLYMER,National Polymer Industries PLC,32.2,3.205128205128217,3.870967741935493,-1.8292682926829096,-0.30959752321979667,19.259259259259267,21.05263157894737,-5.014749262536861,-49.291338582677156,-24.409494039373445,123.1141792806064,3.3637012183613706,3.310460039412779
NRBBANK,NRB Bank PLC,6.6,0.0,0.0,-1.4925373134328437,9.999999999999995,-7.042253521126761,8.196721311475411,-21.428571428571434,-26.66666666666667,-26.66666666666667,-26.66666666666667,2.7599067599067637,2.9855000655924373
NRBCBANK,NRBC Bank PLC,9.1,0.0,1.1111111111111072,-2.1505376344086136,22.972972972972965,33.8235294117647,78.43137254901961,39.99999999999999,-63.094900825407564,-28.44101254146038,-28.44101254146038,3.6163416419131194,3.7446319018269554
NTC,National Tea Company Limited,157.1,2.545691906005226,3.355263157894733,-2.1183800623052993,-0.5696202531645606,-3.560466543891965,-9.608745684695062,-9.190751445086708,-72.67826086956522,-70.90201889238747,-79.59740259740259,2.3191854070012363,3.651218999101722
NTLTUBES,National Tubes Limited,63.2,4.983388704318937,3.7766830870279215,-5.389221556886219,-3.2159264931087206,4.635761589403981,1.1200000000000045,-18.02853437094681,-45.98290598290598,-34.375092459926464,168.20614492861682,3.3160923932224717,2.9377569504220205
NURANI,Nurani Dyeing & Sweater Ltd.,2.9,-3.333333333333336,-3.333333333333336,-17.142857142857146,0.0,-25.641025641025642,44.99999999999999,15.999999999999996,-71.28712871287128,-82.86204403563981,-82.86204403563981,5.545155993431861,7.654852305001298
OAL,Olympic Accessories Ltd,6.2,0.0,-1.5873015873015817,-8.823529411764701,-6.060606060606053,-8.823529411764701,8.771929824561402,-8.823529411764701,-58.10810810810811,-64.39728809871123,-74.31315198598443,4.952450949636553,4.298802609547004
OIMEX,Oimex Electrode Ltd.,14.1,2.919708029197083,3.6764705882352944,-10.759493670886082,-9.032258064516132,2.919708029197083,-7.843137254901968,-43.373493975903614,-44.92187500000001,-71.72225259006062,-71.72225259006062,2.920980486259456,5.363188102647121
OLYMPIC,Olympic Industries PLC.,143.6,0.13947001394699346,0.4195804195804156,-1.8455228981544887,-6.1437908496732065,-4.900662251655633,4.3604651162790695,-7.889672867222585,-25.979381443298973,-48.48650482601793,94.34586592124913,1.6756233354953347,1.8496855285913885
ONEBANKPLC,One Bank PLC,7.7,2.6666666666666687,1.3157894736842175,-3.749999999999998,-4.938271604938265,0.0,10.000000000000002,4.054054054054052,-16.11052593784532,-16.11052593784532,-16.11052593784532,2.919480519480521,2.5704400308949693
ORIONINFU,Orion Infusion Ltd.,273.0,-0.618856934838001,52.770005595970915,15.972812234494475,-11.363636363636363,-22.90313470770969,-19.72949132608057,-45.08147254073628,214.15420023014957,285.5932203389831,493.4782608695652,9.167152239827933,6.820860888340716
ORIONPHARM,Orion Pharma Ltd.,27.5,10.0,10.887096774193546,0.0,-3.1690140845070376,-7.407407407407406,1.102941176470591,-21.20343839541547,-64.4702842377261,-27.05570291777189,-59.7560974,4.775688518214527,4.066430259897399
PADMALIFE,Padma Islami Life Insurance Ltd.,16.1,1.8987341772151944,1.8987341772151942,-5.294117647058815,-12.499999999999986,-4.1666666666666625,-3.5928143712574725,-20.297029702970285,-71.19856887298747,-19.499999677999995,-67.14078741482197,2.94005014993173,3.360426085052766
PADMAOIL,Padma Oil PLC,196.0,0.5128205128205128,1.2919896640826873,0.46130189646335507,5.319720580333158,10.985277463193661,15.634218289085545,-0.6588950836289971,-14.70844212358573,3.7586024351508702,15.29411753176471,1.0742476811175958,0.8561855480987212
PARAMOUNT,Paramount Insurance PLC.,64.5,-0.15479876160989833,11.206896551724139,3.864734299516906,0.3110419906687447,29.0,48.275862068965516,57.31707317073171,-25.433526011560694,841.5088433882075,390.13198654080844,5.494818296449545,4.975937871762022
PDL,Pacific Denims Ltd.,5.5,3.7735849056603805,0.0,-3.5087719298245643,-5.172413793103446,-11.290322580645164,19.565217391304355,-12.698412698412696,-68.79213483812302,-72.08169827049724,-72.08169827049724,3.7961619093694527,4.069338971518809
PENINSULA,The Peninsula Chittagong PLC,21.5,5.3921568627451055,0.4672897196261749,-6.521739130434782,-7.72532188841202,4.368932038834944,17.486338797814202,65.38461538461539,-31.962025316455698,36.94267515923568,-40.59210511463816,3.7421201304252802,4.767999093906569
PEOPLESINS,Peoples Insurance PLC,60.8,-1.4586709886547902,1.3333333333333286,-3.3386327503974584,1.1647254575707084,55.897435897435884,67.4931129476584,82.58258258258259,15.151515151515152,292.258064516129,130.3030303030303,3.940192808967292,4.665962151001982
PF1STMF,Phoenix Finance 1st Mutual Fund Units,17.8,-3.7837837837837798,1.7142857142857184,25.352112676056347,109.41176470588236,212.280701754386,256.0,263.265306122449,78.00000000000001,304.5454545454545,125.31645569620252,5.053306206341291,6.084626056041946
PHARMAID,Pharma Aids Limited.,558.4,1.7122040072859703,3.27353430737931,-7.702479338842978,-2.87006435901896,1.4166363966581828,13.2657200811359,-3.6909279061745393,-13.946678995222685,106.8148148148148,298.57244825124906,2.278894460007239,2.572447039059865
PHENIXINS,Phoenix Insurance PLC,47.2,-0.8403361344537785,-1.871101871101868,-9.578544061302681,8.505747126436788,63.88888888888889,76.11940298507463,70.39711191335742,-28.48484848484848,116.5137614678899,5.35714285714287,2.9415082167070326,4.611603473270028
PHOENIXFIN,Phoenix Finance and Investments Ltd.,3.4,-2.85714285714286,-5.555555555555561,-10.526315789473683,-8.108108108108116,-19.047619047619055,41.66666666666667,13.33333333333333,-89.63414634146342,-77.68292315599591,-87.53838388968046,5.2298616416263535,5.727362390564515
PHPMF1,PHP First Mutual Fund Units 2010-,3.6,-2.702702702702705,2.85714285714286,-2.702702702702705,12.499999999999996,9.0909090909091,50.00000000000001,16.129032258064516,-44.61538461538461,-2.381395816044392,-35.536857591345644,5.03532944709415,5.4825195448813355
PIONEERINS,Pioneer Insurance PLC,67.1,0.1492537313432751,3.5493827160493785,-3.868194842406881,0.1492537313432751,34.97126470524424,46.47609182629418,63.848837618924414,-36.32588002684793,204.4662508719152,67.45643785418082,3.066138687384496,3.7856584097239767
PLFSL,Peoples Leasing and Financial Services Ltd.,1.8,0.0,-9.999999999999998,-9.999999999999998,50.00000000000001,-45.454545454545446,239.62264150943395,63.63636363636363,-40.0,-74.28571428571429,-93.86996904575143,8.039215686274499,8.553614428227432
POPULAR1MF,Popular Life First Mutual Fund Units 2010-,3.6,-2.702702702702705,2.85714285714286,0.0,16.129032258064516,12.499999999999996,50.00000000000001,16.129032258064516,-41.935483870967744,-2.8418607300416694,-31.4154038392952,5.001716001715998,5.331431358410574
POPULARLIF,Popular Life Insurance Co. Ltd.,56.5,2.914389799635704,-0.5281690140845021,-7.830342577487761,-9.30979133226324,17.954070981210858,32.94117647058823,15.306122448979592,-42.3469387755102,-19.63015647226173,-49.29487149064103,4.352807616889297,4.312358418264822
POWERGRID,Power Grid Co. of Bangladesh Ltd.,38.1,1.6000000000000039,-0.2617801047120456,1.3297872340425532,2.144772117962478,23.701298701298704,41.63568773234202,13.392857142857142,-32.56637168141592,-33.507853403141354,-29.8342541436464,2.1279747779563194,2.6797153476554483
PRAGATIINS,Pragati Insurance PLC,74.8,-0.13351134846463086,3.314917127071811,-5.316455696202535,2.4657534246575303,12.309037492076284,7.154380689903882,29.268455906481634,-0.8371958015582935,349.62637586993446,88.06913130715128,3.1443790196925434,4.017218108901158
PRAGATILIF,Pragati Life Insurance PLC,145.9,3.6958066808813204,4.438081603435947,-7.070063694267513,-13.668639140096627,-22.69267830630612,8.58592681807923,-21.32843145122058,51.35177863870529,189.7413315714185,120.31206554170942,4.15869263013255,4.806894037094322
PREMIERBAN,The Premier Bank PLC,5.7,0.0,0.0,-1.7241379310344767,32.55813953488373,7.547169811320762,42.50000000000001,-10.937500000000002,-54.76342295169336,30.47480821931411,-22.049456862633022,2.5194805194805263,2.5928751761908924
PREMIERCEM,Premier Cement Mills PLC,44.4,6.474820143884881,7.246376811594203,-12.941176470588237,-7.692307692307698,13.846153846153843,13.265306122448967,-7.306889352818372,-48.90678941311853,-53.55648535564854,-57.714285714285715,4.861360102373794,4.004723469698725
PREMIERLEA,Premier Leasing & Finance Limited,2.0,0.0,-4.761904761904766,-13.04347826086956,-16.666666666666664,-39.39393939393939,270.3703703703704,42.85714285714287,-84.84848484848486,-73.86008038699691,-85.24529967054946,6.000000000000004,8.680533418700344
PRIME1ICBA,Prime Bank 1st ICB AMCL Mutual Fund Units,6.6,-4.347826086956532,9.999999999999995,9.999999999999995,40.425531914893604,37.49999999999999,53.48837209302325,37.49999999999999,-15.384615384615387,34.69387755102039,-8.333333333333341,6.038818102458942,5.4692710854194875
PRIMEBANK,Prime Bank PLC,28.4,1.0676156583629792,-0.3508771929824611,-4.697986577181216,-5.333333333333338,-1.258277898841069,3.541666925520831,5.744681115425522,33.47379890340408,108.83260810229517,-0.04255441871637741,1.4903855945737055,1.5098743078067234
PRIMEFIN,Prime Finance and Investment Ltd.,2.8,-3.448275862068969,-3.448275862068969,-12.50000000000001,-9.677419354838719,-41.66666666666667,154.5454545454545,21.73913043478261,-82.6086956521739,-63.63636363636364,-89.69325149327412,5.689655172413799,6.067179420734335
PRIMEINSUR,Prime Islami Insurance PLC,51.1,-1.9193857965451053,-2.666666666666664,-6.581352833638027,22.248803827751207,61.19873817034701,70.90301003344483,52.994011976047915,-2.8517110266159693,204.16666666666663,43.08000033766881,3.6864258573338975,5.280629838288898
PRIMELIFE,Prime Life Insurance Company Limited,37.3,5.070422535211259,3.324099722991678,-5.569620253164564,-9.685230024213075,-1.5831134564643838,13.030303030303022,-8.128078817734002,-48.9041095890411,-34.67600700525395,-58.96999993722411,4.545542103437205,4.267953754568928
PRIMETEX,Prime Textile Spining Mills Ltd.,14.5,-2.0270270270270316,0.0,-8.805031446540882,-18.994413407821224,-31.279620853080573,5.072463768115937,3.5714285714285716,-41.53225806451613,-29.611650485436897,-28.217821782178213,7.102993125186817,8.304027276375336
PROGRESLIF,Progressive Life Insurance Co. Ltd.,36.1,3.1428571428571472,0.5571030640668603,-6.718346253229977,-16.046511627906973,-14.047619047619046,-20.833333333333332,-32.77467411545624,-68.79861711322384,-8.61260231829241,-51.74713408819555,5.349454170140277,4.979667633778593
PROVATIINS,Provati Insurance PLC,53.8,-2.003642987249547,2.6717557251908373,-4.778761061946907,-1.6453382084095167,73.54838709677418,87.45644599303137,70.79365079365078,-61.96953097248328,514.2730260734785,188.04821943469668,3.9078846734939323,4.634854318297295
PTL,Paramount Textile PLC,77.5,-1.0217113665389492,-3.486924034869237,13.636363636363633,23.604465709728863,41.68190127970748,49.613899613899626,38.392857142857146,32.80786369488268,649.1668365777051,203.3345298321461,4.139947046913345,2.45738797067799
PUBALIBANK,Pubali Bank PLC,39.9,0.25125628140703876,4.9999999999999964,-0.25000000000000355,12.07865168539325,23.01611514160635,48.495181041642105,57.140448449278544,132.29286736256643,233.61835879854803,128.87653382383533,2.0144544438572938,2.0860339022198793
PURABIGEN,Purabi General Insurance Co. Ltd.,28.5,-1.041666666666669,4.395604395604393,-9.235668789808914,-11.764705882352933,40.39408866995073,46.90721649484537,46.90721649484537,-37.4093818933237,269.83011753631956,-3.727175673855443,3.0017859669529585,4.569439832417954
QUASEMIND,Quasem Industries Limited.,40.6,1.754385964912288,4.102564102564107,-4.018912529550818,-11.93058568329718,1.754385964912288,7.35576911205852,4.102563995792237,-12.13235797945066,-1.1632580364351484,155.49297772484917,2.967556102980061,3.239639072937505
QUEENSOUTH,Queen South Textile Mills Ltd.,14.8,1.3698630136986376,5.71428571428572,-5.732484076433113,-1.9867549668874103,27.586206896551733,24.36974789915967,9.629629629629633,-49.229773660934924,-39.05084868431604,-39.05084868431604,3.8229055392633167,5.213842189153664
RAHIMAFOOD,Rahima Food Corporation Ltd.,75.0,0.9421265141319015,5.485232067510557,-10.179640718562874,-24.924924924924927,-38.01652892561984,-53.125,-43.609022556390975,-77.57177033492822,20.967741935483872,336.04651162790697,3.530265277450072,5.459229875243342
RAHIMTEXT,Rahim Textile Mills Ltd.,185.4,2.657807308970106,3.0572540300166757,-7.807061163600194,-7.299999999999998,-7.807061163600194,-13.080168776371309,10.291493158834035,-42.51162790697674,6.260000107690552,359.6807631796762,3.96633322618665,5.224074820911733
RAKCERAMIC,RAK Ceramics (Baneladesh) Limited,27.6,1.8450184501845017,0.3636363636363688,-12.380952380952378,-3.4965034965034962,17.446808510638302,24.324324324324337,15.481171548117167,-41.401273885350314,-39.22738298918764,-31.24352945404993,2.367491762880557,3.04157640436504
RANFOUNDRY,Rangpur Foundry Limited,152.8,1.7988007994670332,1.731025299600548,-2.798982188295151,-1.2919896640826873,0.8580858085808656,6.92792162351295,-12.535775615340572,-11.52287203242616,39.926739926739934,146.45161290322582,2.505693565109709,3.2603186797909243
RDFOOD,Rangpur Dairy and Food Products Limited,24.1,2.553191489361708,5.7017543859649145,-1.632653061224484,-9.398496240601503,22.959183673469386,20.500000000000007,-2.4291497975708416,-54.949183470615466,140.60808840250266,48.955655642960494,4.51968451968452,4.95704867063457
RECKITTBEN,Reckitt Benckiser (Bangladesh) PLC,3266.0,-0.14980586382952982,0.1809760436796445,-1.0303030303030303,-1.1201937632455343,-6.925049871758335,-4.502923976608187,-3.200948429164197,-31.742183581340917,108.29081632653062,341.9485791610284,0.7151376028271264,0.757225329372025
REGENTTEX,Regent Textile Mills Ltd.,5.9,0.0,-3.2786885245901525,-11.940298507462684,-6.34920634920634,20.408163265306122,47.50000000000001,90.32258064516128,-62.179487179487175,-46.149200571054685,-77.00570857915694,4.424702902785894,6.561745343869028
RELIANCE1,Reliance Insurance Mutual Fund Reliance One Units,12.7,-5.223880597014934,4.0983606557377055,-3.0534351145038197,20.952380952380945,-2.3076923076923133,-19.10828025477707,-11.188811188811199,4.95867768595041,58.74999999999999,39.560439560439555,4.773324573208856,5.24796247692657
RELIANCINS,Reliance Insurance PLC,104.8,-1.1320754716981158,-2.147525676937439,-9.264069264069265,-11.858704793944499,49.71428571428571,60.24464831804279,67.14513556618817,3.2512315270935934,224.3925571230545,117.02816038478548,7.368521606963947,7.6462338599283814
RENATA,Renata PLC,448.9,0.0,-1.3406593406593457,-4.060696730070528,0.8084437457893479,3.337937384898711,14.515306122448974,-7.252066115702484,-63.786477104290675,-30.57313107156251,44.50985231989316,1.035458987630522,1.11378518917278
RENWICKJA,Renwick Janeswar and Co. (BD) Limited,746.2,2.8815662484489306,4.61236506378804,-5.196290179138607,40.52730696798494,48.34990059642148,52.65957446808511,13.92366412213741,-42.819923371647505,-1.2962962962962903,850.5732484076433,1.8261745165651169,2.567751540320799
REPUBLIC,Republic Insurance PLC,38.6,-1.025641025641022,-1.025641025641022,-5.62347188264058,11.884057971014496,19.504643962848313,40.875912408759135,23.32268370607029,-27.870338620446486,375.56331518828904,88.20578170726075,3.8665489104838917,4.701724153159194
RINGSHINE,Ring Shine Textiles Ltd.,3.9,0.0,-2.500000000000002,-11.363636363636372,8.333333333333329,-4.8780487804877986,21.87499999999999,39.28571428571429,-72.72727272727272,-73.740000002626,-73.740000002626,4.736842105263162,6.40563622030246
ROBI,Robi Axiata PLc,30.0,0.0,0.671140939597313,-2.9126213592232966,-7.6923076923076925,0.0,6.0070671378091856,3.806228373702427,-28.909952606635073,100.0,100.0,1.1378031170269276,1.6835219619040573
RSRMSTEEL,Ratanpur Steel Re-Rolling Mills Ltd,6.9,2.9850746268656745,0.0,-7.999999999999996,-13.749999999999996,-23.33333333333333,2.985074626865674,-23.33333333333333,-80.0,-80.35331849432197,-84.77662844210299,6.617702003814918,4.269692922626876
RUNNERAUTO,Runner Automobiles PLC,47.0,1.5118790496760321,2.396514161220047,-13.284132841328416,12.440191387559814,20.822622107969156,27.027027027027028,52.5974025974026,-25.159235668789805,-49.28057541550644,-49.28057541550644,2.3353515384942565,3.528837990788076
RUPALIBANK,Rupali Bank PLC,16.9,-0.5882352941176554,-1.7441860465116321,-5.056179775280911,-1.1695906432748704,-6.6298342541436615,-2.3121387283237116,-23.181818181818187,-51.60454549524164,15.31779037848676,-43.63843029051701,2.1309150879286674,2.47838487389832
RUPALIINS,Rupali Insurance Company Ltd.,28.6,-0.3484320557491215,2.508960573476713,-5.921052631578938,5.14705882352942,31.710526645065787,40.327103154556085,28.333333654166672,-41.34765610336913,146.07353198880546,-8.745867236729737,3.1875814432418794,3.9206095584634584
RUPALILIFE,Rupali Life Insurance PLC,78.3,2.3529411764705843,4.399999999999996,-2.1250000000000036,-15.8968850698174,-2.853598014888334,-0.3816793893129735,-25.143403441682597,-8.42105263157895,155.95725799626743,-22.208649797450235,2.9744404617636877,3.522145559508718
SAFKOSPINN,Safko Spinning Mills Limited,20.4,-0.4878048780487874,-1.4492753623188441,0.9900990099009866,-0.9708737864077808,21.428571428571413,47.82608695652172,41.66666666666665,-24.250000001949456,91.92178044947615,3.311085969581819,2.3491573869130575,4.07123962033261
SAIFPOWER,SAIF Powertec Ltd.,7.9,0.0,-1.2499999999999956,-20.2020202020202,-20.999999999999996,0.0,58.000000000000014,23.4375,-78.41752585285079,-52.776039647113834,-42.52741889713613,3.8399996627844697,5.031759596623922
SAIHAMCOT,Saiham Cotton Mills Ltd.,22.6,0.8928571428571557,-1.7391304347826024,6.103286384976529,15.897435897435903,17.708333333333346,15.306122448979592,27.683615819209052,13.567839195979914,62.58992805755396,-12.464788806367782,3.1184543566122462,6.157452504694186
SAIHAMTEX,Saiham Textile Mills Ltd.,37.4,2.4657534246575303,6.249999999999988,19.488817891373795,108.93854748603353,91.79487179487178,116.18497109826588,139.74358974358972,54.54545454545455,184.56521810271735,59.57773846190964,7.932559774241666,7.5890612863859825
SALAMCRST,S. Alam Cold Rolled Steels Limited,12.1,1.680672268907557,8.035714285714288,-6.923076923076925,-16.551724137931036,-26.219512195121947,-18.791946308724835,-38.26530612244899,-65.52706552706553,-55.0185873605948,-74.5798319327731,4.4858187951408315,4.286554233588507
SALVO,Salvo Organic Industries PLC,31.4,2.950819672131143,5.369127516778516,-6.268656716417914,-17.368421052631582,2.280130293159607,3.6303630363036232,-0.317460317460322,-46.048109965635746,195.88461700060057,83.41453098514197,2.844628706138256,3.714654360147393
SAMATALETH,Samata Leather Complex (Pvt.) Ltd.,86.1,4.1112454655380795,8.849557522123895,-11.053719008264466,-18.69688385269123,4.744525547445245,2.4999999999999933,-15.004935834155974,-10.031347962382455,230.15789362969605,485.47999812646395,5.477741329297048,6.017344783106507
SAMORITA,Samorita Hospital Ltd.,93.9,-1.8808777429467054,0.6430868167202664,-17.195767195767196,25.87131367292227,38.08823529411765,29.16093535075654,32.81471004243282,12.003113649344371,77.73864231563529,139.19733200875243,5.8662281232453735,7.098008495607159
SANDHANINS,Shandhani Life Insurance Co.Ltd,24.7,2.9166666666666634,1.2295081967213144,-11.785714285714288,-3.137254901960787,22.88557213930347,27.979274611398957,11.76470588235293,-40.90909090909091,23.500000988,-41.98802084666249,2.5046114908759445,3.2368959079988624
SAPORTL,Summit Alliance Port Limited,61.6,1.65016501650165,0.32573289902280594,-0.32362459546924877,20.312499999999993,24.193548387096772,46.318289786223275,54.38596491228071,105.33333333333333,57.838840342174144,192.29308631850859,1.8205935106085258,2.8260728503390466
SBACBANK,SBAC Bank PLC.,6.8,0.0,1.4925373134328306,-4.225352112676054,7.936507936507937,-2.85714285714286,9.677419354838703,-10.526315789473683,-66.62280368053464,-35.06618171735732,-35.06618171735732,2.9853406762976586,3.6045581666509565
SEAPEARL,Sea Pearl Beach Resort & Spa Ltd.,37.7,9.912536443148705,14.242424242424251,-2.835051546391738,5.0139275766016835,-8.716707021791754,14.242424242424251,-20.464135021097036,-16.035634743875267,57.08333372604169,57.08333372604169,5.794606869053547,5.105288079957286
SEMLFBSLGF,SEML FBLSL Growth Fund Units,7.1,-1.3888888888888962,4.411764705882351,5.970149253731335,26.78571428571429,24.561403508771917,44.89795918367346,36.538461538461526,-34.86238532110092,16.393442622950822,16.393442622950822,4.068511198945982,3.988386973849352
SEMLIBBLSF,SEML IBBL Shariah Fund Units,8.0,-1.2345679012345634,1.265822784810122,3.896103896103894,19.402985074626862,19.402985074626862,37.931034482758626,24.999999999999993,-28.57142857142857,-41.60583941605839,-41.60583941605839,1.5159850697825357,2.118753667100008
SHAHJABANK,Shahjalal Islami Bank PLC,17.6,2.32558139534885,0.5714285714285795,0.5714285714285795,1.1494252873563382,-3.296703296703285,7.317073170731725,-1.1235955056179734,-16.844036997066908,121.67938119883485,8.185782376554863,1.8544783991738052,1.542134409722753
SHARPIND,Sharp Industries PLC,19.7,1.025641025641022,6.486486486486482,-46.46739130434782,-11.659192825112113,13.872832369942188,52.71317829457363,15.204678362573086,20.858895705521466,20.858895705521466,20.858895705521466,6.428885065470308,9.100498177763399
SHASHADNIM,Shasha Denims PLC,26.9,0.37313432835820104,-5.614035087719303,-5.614035087719303,10.699588477366245,39.378238341968895,69.1823899371069,33.168316831683164,-14.603174603174606,-4.710331544042747,-19.410748360694484,3.6509076211307643,4.297553085177007
SHEPHERD,Shepherd Industries PLC,13.6,4.615384615384613,6.249999999999991,-11.68831168831169,-17.07317073170731,-2.1582733812949693,1.4925373134328306,-19.526627218934905,-29.595959884865067,-62.51688911805229,-62.51688911805229,4.529151518648893,5.213384178614938
SHURWID,Shurwid Industries Ltd,5.8,-1.6949152542372972,0.0,-6.451612903225812,-12.12121212121212,-17.142857142857146,26.086956521739136,3.5714285714285747,-75.2136752136752,-35.5555556271605,-80.69210533919544,3.11575256082931,3.843309859619971
SHYAMPSUG,Shyampur Sugar Mills Ltd.,310.5,0.6156837329876789,5.147307822553332,0.3555268261150688,64.1988365943945,87.38684369342187,104.27631578947368,50.21770682148042,141.25874125874128,1970.0,3781.25,4.2866941926722815,4.385493856359867
SICL,"Sikder Insurance Co., Ltd.",35.8,-1.9178082191780899,0.5617977528089768,-13.526570048309182,-7.01298701298702,81.72588832487308,93.5135135135135,56.331877729257634,32.59259259259258,32.59259259259258,32.59259259259258,3.848251925069653,5.608343781110228
SILCOPHL,Silco Pharmaceuticals Ltd.,17.8,2.298850574712656,5.9523809523809526,-5.319148936170213,-11.442786069651744,27.142857142857146,29.927007299270084,5.9523809523809526,-45.39877300613497,-26.940298586519823,-26.940298586519823,3.8078650979902973,4.8861560547746015
SILVAPHL,Silva Pharmaceuticals Ltd.,13.4,1.5151515151515234,8.943089430894306,-11.25827814569536,2.290076335877868,38.14432989690723,39.58333333333334,15.51724137931035,-38.53211009174312,-62.97368411796053,-62.97368411796053,3.90506696934682,4.833998135416046
SIMTEX,Simtex Industries PLC,24.4,2.0920502092050213,2.092050209205021,-2.0080321285140563,-9.629629629629633,2.5210084033613356,8.444444444444438,25.77319587628866,10.909090909090903,36.60118121179984,-9.4315456187711,2.6045701352187107,3.5971506586417834
SINGERBD,Singer Bangladesh Limited,80.9,2.5348542458808616,12.36111111111112,8.590604026845645,1.3784461152882312,-7.963594994311717,-4.823529411764699,-22.95238095238095,-57.864583333333336,-47.415000052585,-20.27744095423607,3.262713427495037,2.289573311384043
SINOBANGLA,Sinobangla Industries Ltd.,49.9,2.2540983606557408,4.175365344467641,-4.952380952380954,-15.136054421768707,5.496828752642709,8.951965065502186,-4.952380952380954,9.166332060008852,112.60590571214226,174.3433926678513,2.9661692157978394,2.977406245627223
SIPLC,Sena Insurance PLC,135.4,-2.0260492040520863,0.519673348181156,-5.644599303135885,33.399014778325125,127.1812080536913,154.03377110694186,179.17525773195877,183.26359832635984,183.26359832635984,183.26359832635984,5.915790347625589,7.034880527074605
SKTRIMS,SK Trims & Industries Ltd.,12.2,4.273504273504273,1.6666666666666607,-12.857142857142861,-15.862068965517246,31.182795698924718,48.78048780487805,34.06593406593406,-70.60240963855422,-67.19555562203924,-67.19555562203924,7.286105501878536,6.679733229061299
SONALIANSH,Sonali Aansh Industries Limited.,216.3,2.07645115620576,6.029411764705888,-0.5517241379310293,18.455640744797382,34.34782608695653,12.422037422037423,0.9332711152589827,239.96070726915522,930.0,1502.2222222222222,2.0997914046545314,3.452052783538614
SONALILIFE,Sonali Life Insurance PLC,85.6,1.182033096926714,3.3816425120772915,0.943396226415091,0.7058823529411697,45.084745762711854,40.55829228243021,24.057971014492747,13.678618857901723,678.1818181818181,678.1818181818181,2.5460740800815023,2.776601495771221
SONALIPAPR,Sonali Paper & Board Mills Ltd.,228.0,2.9345372460496613,3.730664240218375,-2.6057240495514713,-0.13140604467806016,-2.5224454895254405,-3.5940803382663846,-10.588235294117647,-7.5733983659290836,51.06517657092259,51.06517657092259,2.8811530878981912,3.01136105730814
SONARBAINS,Sonar Bangla Insurance Ltd.,36.9,-1.3368983957219251,1.9337016574585517,-3.1496062992126057,-13.176470588235297,49.019231141778846,53.14229284119575,41.40510984256386,-51.51102478599435,301.3773368826243,77.27498982176127,3.3996117479715995,4.760219042189553
SONARGAON,Sonargaon Textiles Limited.,102.9,2.388059701492543,8.088235294117649,-7.7130044843049275,16.666666666666668,171.50395778364117,230.86816720257238,214.6788990825688,320.00000000000006,1139.7590361445782,451.250001378125,6.277435741274555,7.028509045725312
SOUTHEASTB,Southeast Bank PLC,11.7,-0.847457627118656,-7.142857142857145,4.464285714285714,16.999999999999993,30.406249953814456,37.57142852607536,33.1808508966453,-13.60630387952089,12.020225345515042,-1.6807096137136615,2.5261386750928887,3.089159141978518
SPCERAMICS,Shinepukur Ceramics PLC,23.6,3.964757709251111,10.798122065727702,14.009661835748803,1.2875536480686725,5.35714285714287,61.64383561643837,18.000000000000007,-33.33333333333333,165.1685393258427,3.984674026711295,4.991638498970546,5.035175087615989
SPCL,Shahjibazar Power Co Ltd,51.1,3.0241935483870965,4.285714285714288,-3.766478342749529,-5.018587360594787,6.680584551148232,7.578947368421055,10.606060606060604,-51.244036619238166,-61.34659328047458,96.79001480841012,2.9200851168655158,3.1954875549977393
SQUARETEXT,Square Textiles PLC,48.8,0.41152263374484715,0.618556701030922,-4.125736738703343,-1.214574898785428,-0.2044989775051154,0.618556701030922,-11.754068716094034,-7.575757575757576,-19.09473644311457,-36.05066778137482,2.0642561673489506,2.7036437443286694
SQURPHARMA,Square Pharmaceuticals PLC,217.1,0.5092592592592566,0.976744186046509,-0.5041246562786409,-2.7329749103942627,1.4485981308411189,9.095477386934672,-0.9128251939753538,-11.387755102040819,14.006488864003158,107.40293344268203,0.7449481717307155,0.8013900697001192
SSSTEEL,S.S. Steel Ltd,6.0,1.6949152542372818,-1.6393442622950762,-7.6923076923076925,-10.447761194029853,0.0,46.341463414634156,17.64705882352942,-75.07692318658461,-83.90368018884048,-83.90368018884048,4.395480225988694,4.664328788926298
STANCERAM,Standard Ceramic Industries Ltd.,64.9,1.2480499219968977,3.0158730158730247,-11.217510259917907,-8.720112517580857,-7.285714285714278,-7.417974322396561,-9.861111111111104,-71.67175905718027,26.51072124756337,164.8979591836735,6.355912602397957,6.091556558917029
STANDARINS,Standard Insurance PLC,52.1,-0.9505703422053232,-2.434456928838946,3.578528827037782,0.3853564547206221,40.810810810810814,33.248081841432224,40.43126684636118,-48.92156862745098,460.8794830578994,99.61019423974136,3.5785688729874767,4.17070513050188
STANDBANKL,Standard Islami Bank PLC,4.4,-2.2222222222222143,0.0,-6.382978723404252,-8.333333333333321,-21.428571428571416,-8.333333333333321,-19.999999999999996,-52.857104503030016,-27.659259394076088,-51.42875764566825,3.1414141414141343,3.7632449066513196
STYLECRAFT,Stylecraft Limited,53.7,1.1299435028248614,1.3207547169811373,-4.955752212389376,1.3207547169811373,1.5122873345935808,13.771186440677965,-28.112449799196785,-69.96644295302013,3.091748847079762,118.65427372137859,3.7636945986574615,5.07287838558044
SUMITPOWER,Summit Power Ltd.,15.6,1.298701298701294,-3.105590062111812,-0.6369426751592334,2.6315789473684235,11.428571428571427,25.80645161290322,2.6315789473684235,-66.73773987206822,-51.401869158878505,-66.02191785592812,2.2189281090722437,3.0940948750139046
SUNLIFEINS,Sunlife Insurance Co. Ltd.,52.7,5.823293172690775,10.714285714285717,-8.188153310104521,-24.928774928774928,1.151631477927066,0.0,-3.3027522935779765,36.52849740932643,205.42045349730708,-43.02076040097658,5.967173942135224,5.469053007446164
TAKAFULINS,Takaful Islami Insurance PLC,52.8,-1.4925373134328437,-5.71428571428572,9.543568464730278,35.38461538461538,68.15286624203821,55.29411764705882,51.724137931034484,-12.000000000000004,348.14664536997975,71.96207421658335,3.691862694073962,4.837412705218704
TALLUSPIN,Tallu Spinning Mills Limited,7.2,2.85714285714286,0.0,-11.111111111111105,-12.195121951219503,-13.253012048192776,14.28571428571429,18.032786885245912,-48.201438848920866,-49.29577464788732,-68.69565220113422,3.7062374245472833,4.165030555148776
TAMIJTEX,Tamijuddin Textile Mills PLC,117.6,2.349869451697118,2.528334786399295,-8.837209302325585,-10.16042780748664,3.339191564147625,-6.666666666666671,-8.125000093310543,-25.225433600786133,792.1379298039477,792.1379298039477,3.3747794878128876,3.8762518076356476
TECHNODRUG,Techno Drugs Ltd.,40.9,4.071246819338426,0.24509803921568976,-9.312638580931269,-1.6826923076923144,36.33333333333333,40.06849315068493,7.631578947368418,54.92424242424243,54.92424242424243,54.92424242424243,3.9957368563670563,4.185138710925414
TILIL,Trust Islami Life Insurance Ltd.,46.5,7.390300230946889,9.411764705882353,1.0869565217391304,-12.593984962406019,11.510791366906467,4.729729729729733,-18.56392294220666,322.72727272727275,322.72727272727275,322.72727272727275,3.74759820658171,3.868552701942478
TITASGAS,Titas Gas Transmission and Distribution PLC,17.9,3.468208092485537,2.873563218390805,-1.6483516483516523,-0.5555555555555635,4.069767441860461,14.743589743589737,-11.822660098522178,-57.78301886792453,-62.31578947368421,-71.9435736677116,3.1743948458050872,3.0252885720458527
TOSRIFA,Tosrifa Industries PLC,20.7,9.523809523809529,12.500000000000004,-3.2710280373831746,3.4999999999999964,25.45454545454545,21.76470588235294,-8.81057268722467,-4.425676049147419,13.0881977760877,-52.32427760547777,4.734541089471767,5.1042031515570025
TRUSTB1MF,Trust Bank 1st Mutual Fund Units,3.7,-2.631578947368412,2.7777777777777803,0.0,19.35483870967742,12.121212121212132,54.16666666666668,12.121212121212132,-44.776119402985074,-2.3200005704511932,-43.35670045493066,4.928221454537241,5.602278164308241
TRUSTBANK,Trust Bank PLC,13.8,0.7299270072992805,-1.4285714285714235,-8.609271523178801,-11.538461538461531,-19.0502791034924,-16.724137722844816,-19.49999979875,-37.23917145402628,31.19543539060985,45.38735818277063,1.4599162419648937,1.819129666680247
TUNGHAI,Tung Hai Knitting & Dyeing Ltd,3.9,0.0,-11.363636363636372,-23.529411764705877,29.999999999999996,2.6315789473684235,143.74999999999997,77.27272727272725,-48.0,-61.69642860220822,-84.27000003187948,5.051907442151349,8.277069414468713
UCB,United Commercial Bank PLC,9.0,0.0,-6.2499999999999964,-3.2258064516129106,0.0,-8.163265306122456,-14.285714285714286,-16.66666666666667,-34.248493725226,-27.667414366193274,-29.027882142496143,2.4553670560021312,3.3599557181721553
UNILEVERCL,Unilever Consumer Care Limited,1987.0,0.060429046228222656,-0.10055304172951232,-1.1934361014420687,-4.92822966507177,-8.978469995419148,-8.00925925925926,-17.926476662536142,9.514295556321047,101.85396825396825,494.2429906542056,0.7429753842150754,1.087235438082503
UNIONCAP,Union Capital Limited,4.3,0.0,-2.2727272727272845,-4.444444444444448,-6.52173913043478,-25.862068965517242,53.57142857142858,7.499999999999996,-69.50354609929079,-58.61249984221016,-77.26722578516957,4.718111346018322,4.639703305379121
UNIONINS,Union Insurance PLC,47.2,-1.2552301255230007,-0.4219409282700332,-6.163021868787266,15.403422982885097,48.42767295597485,28.260869565217405,53.24675324675325,329.0909090909091,329.0909090909091,329.0909090909091,4.093865984832569,4.254555264598269
UNIQUEHRL,Unique Hotel & Resorts PLC,44.2,9.950248756218905,10.500000000000007,2.314814814814815,9.13580246913581,13.33333333333334,15.40469973890341,8.333333333333348,-17.53731343283582,-3.4934497816593764,-65.11444356748224,3.230837648929637,3.0495396862411046
UNITEDFIN,United Finance PLC,16.8,2.4390243902439157,1.8181818181818226,-6.1452513966480335,9.090909090909092,31.25,44.82758620689656,26.31578947368421,-33.85826771653542,-7.38999954482184,-27.936912967551585,3.1851504469047973,4.222386662698879
UNITEDINS,United Insurance Company Limited,61.1,-0.9724473257698565,0.0,-3.930817610062893,41.76334106728538,50.12285012285012,46.17224880382776,47.94188861985474,-14.064697609001398,191.60112750367875,60.03972740279741,3.666822279792158,4.300417825254932
UPGDCL,United Power Generation & Distribution Co. Ltd.,115.0,0.6124234470691189,2.6785714285714284,-4.246461282264775,-6.882591093117409,-3.0354131534569935,-0.9474590869939659,-20.41522491349481,-61.525593844095006,19.50422913199529,106.16918366662205,1.7972207205360191,2.1751692548267325
USMANIAGL,Usmania Glass Sheet Factory Limited,56.6,-1.0489510489510514,6.792452830188681,-12.923076923076922,39.75308641975309,57.22222222222222,66.47058823529412,75.23219814241489,-23.410013531799734,-29.26328660066704,16.71557700970977,5.054432700608246,6.336416335799366
UTTARABANK,Uttara Bank PLC,20.6,0.0,-0.9615384615384581,-2.3696682464454977,-3.286384976525818,0.980392156862759,12.445414847161578,20.892018779342738,50.98692869804128,123.544605278289,58.95849885353228,0.774353923361941,0.9680052341842643
UTTARAFIN,Uttara Finance and Investments Limited,12.1,-0.8196721311475381,-5.468750000000009,-6.923076923076925,-6.923076923076925,-11.67883211678832,22.222222222222214,-6.923076923076925,-75.75150300601202,-77.71052626006578,-82.89412482138428,6.972455648926237,4.548510069852605
VAMLRBBF,Vanguard AML Rupali Bank Balanced Fund Units,8.1,0.0,0.0,0.0,10.958904109589039,32.786885245901644,42.105263157894726,44.642857142857146,-10.000000000000004,-26.36363636363637,-26.36363636363637,1.4999999999999947,1.8278444636751991
VFSTDL,VFS Thread Dyeing Ltd.,14.1,2.173913043478253,5.22388059701492,-4.081632653061222,-12.962962962962962,29.35779816513761,10.156249999999991,74.07407407407408,-43.492366270944665,-40.47912438196546,-40.47912438196546,2.957037109369699,5.511083539324048
WALTONHIL,Walton Hi-Tech Industries PLC,345.9,-0.6890611541774431,-3.1832062036870346,-2.036560344021538,0.12894726829209724,-1.5549806949300098,0.12894726829209724,-11.867972381402685,-68.25402008780233,10.72460295303679,10.72460295303679,3.241303180264294,2.032984806985143
WATACHEM,Wata Chemicals Ltd.,132.6,2.7110766847405112,2.7906976744186003,-5.28571428571429,-0.45045045045044624,0.07547169811320326,-6.6197183098591585,-0.07535795026374854,-59.915356711003625,35.073880801339364,528.4687502651353,3.317962371542009,4.04565309193141
WMSHIPYARD,Western Marine Shipyard Limited,8.8,1.1494252873563382,2.32558139534885,-8.333333333333321,-7.368421052631572,1.1494252873563382,7.317073170731725,0.0,-42.48366013071895,-34.7427949330788,-74.4409280486246,2.074311681368631,3.224056123902915
YPL,Yeakin Polymer Ltd.,21.9,6.310679611650471,15.263157894736835,-3.9473684210526407,-10.975609756097573,33.53658536585366,23.72881355932203,31.92771084337348,42.207792207792195,-26.264146214289724,-12.600633356790722,6.019222652964348,6.716962994652387
ZAHEENSPIN,Zaheen Spinning PLC,5.1,1.9999999999999927,-3.773584905660381,-12.068965517241383,-12.068965517241383,-17.741935483870975,27.499999999999993,-8.928571428571429,-51.88679245283019,-58.18472228043451,-64.16514351955931,4.745399698340876,5.468230821137724
ZAHINTEX,Zahintex Industries Ltd.,8.0,1.265822784810122,3.896103896103894,-6.976744186046508,-9.090909090909099,8.108108108108103,37.931034482758626,45.45454545454545,-18.367346938775515,-49.97894763969312,-66.27612925031444,2.547874066861404,6.016917449315777
ZEALBANGLA,Zeal Bangla Sugar Milla Limited,190.6,4.153005464480871,7.440811724915439,-1.3967925504397398,44.613050075872515,40.66420664206641,33.28671328671328,70.17857142857142,23.60570687418937,958.8888888888889,2090.8045977011498,6.030162387564165,6.998836694716099
