Symbol,Name,Price,Change %,Perf % 1W,Perf % 1M,Perf % 3M,Perf % 6M,Perf % YTD,Perf % 1Y,Perf % 5Y,Perf % 10Y,Perf % All Time,Volatility 1W,Volatility 1M
1JANATAMF,First Janata Bank Mutual Fund Units,3.5,-2.77777777777778,0.0,-16.666666666666668,16.666666666666668,25.000000000000007,34.615384615384606,9.374999999999995,-61.53846153846154,-13.170213076327755,-35.62366207921435,6.742042271454043,5.329916548916063
1STPRIMFMF,Prime Finance First Mutual Fund 2009 Units,21.7,-0.9132420091324169,-0.9132420091324169,-12.500000000000004,13.020833333333334,19.889502762430926,8.499999999999996,-1.3636363636363669,7.960199004975112,174.68354430379745,-29.084967320261445,4.605147702251924,4.368345718759944
AAMRANET,aamra networks ltd,19.8,0.5076142131979768,1.538461538461542,-6.603773584905654,14.45086705202312,22.981366459627324,11.235955056179774,-11.999999999999998,-56.11654917936551,-67.13448796487837,-67.13448796487837,4.415387819003266,4.1727951673376085
AAMRATECH,Aamra Technologies Limited,18.2,3.409090909090897,1.675977653631289,-12.918660287081337,32.846715328467155,52.941176470588225,47.967479674796735,19.736842105263158,-36.11920554972896,-13.061802697828208,-38.10483346711458,5.473414642231556,6.866421103169356
ABB1STMF,AB Bank 1st Mutual Fund 2011 Units,3.6,-2.702702702702705,0.0,-16.279069767441854,12.499999999999996,24.137931034482765,33.33333333333333,12.499999999999996,-49.29577464788732,-8.476480503328101,-46.29997601309429,5.8566760037348295,5.085398610236243
ABBANK,AB Bank PLC,4.6,-2.1276595744680966,0.0,-6.122448979591851,6.976744186046508,-33.33333333333334,12.195121951219512,-23.33333333333334,-69.71082266572432,-64.6918865147525,-80.01187327751177,4.4806763285024225,3.2226578628618316
ACFL,Aman Cotton Fibrous PLC,23.3,-1.6877637130801628,-1.6877637130801628,-5.284552845528458,1.3043478260869596,32.386363636363626,29.44444444444445,20.10309278350517,-48.6784140969163,-61.16666666666667,-61.16666666666667,4.566676843553107,3.8012398020456395
ACI,Advanced Chemical Industries PLC,189.9,0.31695721077654215,-0.9906152241918694,-7.591240875912407,-2.113402061855667,-9.95732574679943,-2.6153846153846123,-1.5041493775933639,-26.387078687995587,-24.84193127808422,204.93383876032001,1.650702924042296,1.8250323459524547
ACIFORMULA,ACI Formulations PLC,155.4,-1.7077798861480002,-3.4782608695652137,-12.745648512071865,8.823529411764701,9.052631578947372,20.465116279069772,0.06439150032195384,-4.523112695779706,-2.23487093900998,125.37292874022792,3.5932976969165997,3.2963854814124613
ACMELAB,ACME Laboratories Ltd.,79.1,0.0,-1.7391304347826158,-5.269461077844318,1.1508951406649508,0.6361323155216285,10.939691444600278,-4.927884615384626,-12.596685082872932,-23.4269119070668,-41.40740740740741,1.4425752113614139,1.4305245011645644
ACMEPL,ACME Pesticides Ltd,25.2,-4.545454545454543,-0.7874015748031469,2.857142857142854,-4.182509505703427,52.72727272727272,58.49056603773584,45.66473988439306,129.0909090909091,129.0909090909091,129.0909090909091,4.593586624989376,4.690481356551276
ACTIVEFINE,Active Fine Chemicals Ltd.,6.1,-1.6129032258064602,-3.1746031746031775,-12.857142857142861,-12.857142857142861,-11.594202898550733,12.96296296296295,-33.69565217391304,-76.26459143968873,-75.62499992632557,-79.31304333291251,5.031443919607293,3.977000958739158
ADNTEL,ADN Telecom Ltd.,61.8,0.16207455429496648,-0.6430868167202664,-10.04366812227075,-1.277955271565502,4.745762711864402,6.735751295336786,-28.719723183391007,-6.363636363636368,52.59259259259258,52.59259259259258,2.609608313913167,2.3365663174410805
ADVENT,Advent Pharma Ltd.,14.2,-3.4013605442176873,-2.739726027397263,-14.970059880239521,-2.0689655172413843,4.411764705882351,5.970149253731335,-15.976331360946743,-46.75000016640625,-61.443592243990196,-61.443592243990196,3.67874029044242,3.387645459673331
AFCAGRO,AFC Agro Biotech Ltd.,6.8,-1.4492753623188481,0.0,-8.108108108108116,-10.526315789473683,-5.555555555555561,35.99999999999999,-13.924050632911399,-79.94100294985252,-78.68006876003895,-70.32309996951291,3.3751696065128893,3.115514377112624
AFTABAUTO,Aftab Automobiles Ltd.,27.8,-1.4184397163120517,-1.4184397163120517,-9.74025974025974,-5.762711864406778,-2.4561403508771904,-18.713450292397667,-28.9002557544757,-17.38679203352918,-39.547336978615434,-59.13399966698297,2.775148625969532,2.1726074913402176
AGNISYSL,Agni Systems PLC,30.4,2.0134228187919394,3.4013605442176873,-10.059171597633133,3.0508474576271136,49.01960784313726,46.15384615384614,5.92334494773519,22.08835341365462,94.42983566453874,64.02957736014994,3.7807051307037667,3.4912123847834757
AGRANINS,Agrani Insurance PLC,29.9,-0.3333333333333381,1.0135135135135038,-2.605863192182413,22.54098360655738,34.68468468468468,25.630252100840327,8.333333333333323,-37.86163508759113,227.58767845319608,81.22995841381,4.243039767935255,4.247546581557473
AIBL1STIMF,AIBL 1st ISLAMIC Mutual Fund 2010- Units,5.6,-1.75438596491229,3.7037037037036904,-15.151515151515152,39.99999999999999,55.555555555555536,64.70588235294117,36.58536585365854,-37.777777777777786,-18.840579710144933,-27.27272727272728,9.605313337456197,6.810680267948827
AIL,Alif Industries Ltd.,34.5,-3.631284916201109,-3.6312849162011096,-9.448818897637798,5.182926829268302,20.20905923344948,-15.233415233415238,-44.97607655502393,-10.49528309908441,-68.7642308579788,-68.7642308579788,4.903229500776073,3.7131959939249897
AL-HAJTEX,Alhaj Textile Mills Limited,84.2,-1.7502917152858808,-4.209328782707625,-14.517766497461926,-16.798418972332016,-33.75295043273013,-38.62973760932944,-50.08891523414344,24.372230428360414,-0.7349870160797071,263.6496150566053,2.466468527030269,2.918968699076438
ALARABANK,Al-Arafah Islami Bank PLC,17.0,1.1904761904761862,-5.027932960893847,6.25,20.56737588652483,1.1904761904761862,13.333333333333334,-1.1627906976744145,-30.620754786268744,42.68746707486697,-4.9935429057037455,5.194175860758871,4.768169389234219
ALIF,Alif Manufacturing Company Ltd.,5.5,-1.7857142857142794,0.0,-1.7857142857142796,3.773584905660381,3.773584905660381,37.5,-6.7796610169491585,-66.66666666666667,-35.008281392493416,-67.43067173166543,4.107744107744104,4.282988434455463
ALLTEX,Alltex Industries Limited,23.9,-0.41666666666667257,-5.158730158730161,5.752212389380518,38.150289017341024,67.13286713286712,78.35820895522386,102.5423728813559,3.0172413793103416,21.319796954314718,212.76543103304616,4.930571288095381,4.31258382715432
AMANFEED,Aman Feed PLC,35.3,-0.8426966292134951,-3.8147138964577807,-5.614973262032089,9.287925696594428,50.854700854700845,53.478260869565204,24.734982332155464,-54.27461139896374,-39.19329903733653,5.265371276912139,5.044074870816524,3.8137866202728534
AMBEEPHA,Ambee Pharmaceuticals PLC,746.0,-0.33400133600534404,-3.0791217357412037,-8.443789887088851,-5.449936628643853,0.1342281879194631,3.611111111111111,-10.368857383155108,60.43010752688172,47.722772277227726,299.1083386428937,2.3767000414914268,2.0298945541684215
AMCLPRAN,Agricultural Marketing Co. Ltd.,222.1,-0.9366636931311303,-0.3589053387169185,-2.1585903083700466,1.8340210912425494,5.812291567413048,9.787444389520504,-11.68986083499006,-8.22314049586777,-0.4035874439461909,80.5691056910569,2.337755198570323,2.365496633800772
ANLIMAYARN,Anlima Yarn Dyeing Ltd.,28.9,-0.34482758620690146,-11.890243902439021,-15.249266862170094,-4.304635761589406,51.30890052356019,38.94230769230768,17.959183673469383,-40.77868852459016,-6.774193548387101,44.49999999999999,9.342109827750534,5.140455702172991
ANWARGALV,Anwar Galvanizing Ltd.,108.0,3.746397694524501,2.46679316888045,-3.829029385574352,8.216432865731466,15.755627009646306,24.711316397228643,27.50885478158205,-46.000000432,198.18326503328308,1236.4999918640565,4.375478651691416,3.3814360284413274
AOL,Associated Oxygen Ltd,17.0,-1.7341040462427786,0.0,-4.494382022471914,-10.526315789473685,7.594936708860755,11.8421052631579,11.8421052631579,-70.66129034605162,30.967999289839117,30.967999289839117,4.143780031577929,3.517404542458561
APEXFOODS,Apex Foods Limited,272.2,-1.0901162790697674,-1.732851985559571,-3.8162544169611348,-3.131672597864773,23.727272727272723,10.740439381611056,5.667701863354024,64.5707376058041,58.255813953488364,280.16759776536315,2.5838809647767427,3.1592387797231094
APEXFOOT,Apex Footwear Ltd.,208.1,-0.7156488549618321,-3.209302325581398,-4.803293687099726,3.7905236907730644,12.062466343564893,16.062465142219732,6.390593047034765,53.45618133007241,7.58736122398948,56.15880307843655,2.240518120887462,1.4695751678966138
APEXSPINN,Apex Spinning and Knitting Mills Ltd.,296.5,-8.090514569125858,-10.746538229981937,-16.076988395131618,-10.151515151515152,59.40860215053763,64.72222222222223,95.0657894736842,108.65587614356087,177.10280373831776,323.57142857142856,6.193401792767721,4.906412687679666
APEXTANRY,Apex Tannery Limited.,103.8,0.1930501930501958,3.4895314057826523,0.1930501930501958,-6.063348416289595,59.692307692307686,74.16107382550335,27.361963190184042,-18.588235294117652,-31.30377233620119,41.99726402188784,3.448369078890397,3.952429017887697
APOLOISPAT,Appollo Ispat Complex Ltd.,3.0,0.0,-3.225806451612906,-9.090909090909086,-11.76470588235294,-23.076923076923073,76.47058823529412,0.0,-77.61194029850746,-75.7214287023421,-87.6836235580221,4.666666666666669,5.4117043586483335
ARAMIT,Aramit Limited,204.8,0.09775171065494481,-5.578607653296448,1.285855588526223,15.706214689265542,27.521793275217945,12.713263621353894,-19.999999999999996,-44.946236559139784,-51.41162514827995,-3.3962264150943344,4.295898328484982,4.973994592583251
ARAMITCEM,Aramit Cement Limited,12.1,1.680672268907557,-5.468750000000009,-6.201550387596905,-14.788732394366196,0.8333333333333304,37.499999999999986,-3.200000000000003,-80.03300330033004,-66.38888888888889,-66.51923202965504,9.450756411963317,7.606003006974163
ARGONDENIM,Argon Denims Ltd.,23.1,-4.149377593360995,5.479452054794534,-5.327868852459005,25.543478260869584,37.50000000000001,31.249999999999996,16.666666666666668,-5.518314115260793,38.6810822245648,-40.08977225512838,5.765637479408844,4.424598370394622
ASIAINS,Asia Insurance PLC,43.2,0.2320185614849221,1.6470588235294183,-1.5945330296127467,13.385826771653546,15.817694369973207,57.0909090909091,46.9387755102041,-59.2836946277097,222.38805970149255,30.720461402124428,4.634002595521286,4.557273927631452
ASIAPACINS,Asia Pacific General Insurance PLC,50.3,0.19920318725098468,1.8218623481781349,0.19920318725098468,23.284313725490197,41.69014084507042,59.1772151898734,42.4929178470255,-31.095890410958912,235.33333333333331,48.37758112094395,6.0706746797651405,4.836497930804517
ASIATICLAB,Asiatic Laboratories Ltd,109.0,-0.8189262966333081,-4.1336851363236615,-8.403361344537815,-19.25925925925926,74.67948717948718,126.14107883817427,95.3405017921147,90.22687609075044,90.22687609075044,90.22687609075044,6.483072697814233,4.756030381877188
ATLASBANG,Atlas Bangladesh Limited,83.3,0.7255139056831853,-5.340909090909094,-12.315789473684212,16.016713091922007,34.35483870967741,46.91358024691357,30.97484276729559,-35.87374903772133,-17.511574393889326,-25.944074464645965,4.686299953031085,4.059349007438175
AZIZPIPES,Aziz Pipes Limited.,78.7,-1.2547051442910917,-4.606060606060603,-3.7897310513447366,8.253094910591471,58.03212851405624,68.16239316239317,34.529914529914535,-48.896103896103895,68.40127205801681,406.13937869671554,3.4033929275555637,3.1717468828442485
BANGAS,Bangas Limited,127.1,0.31570639305445264,-0.31372549019608287,-7.090643274853813,-8.429394812680128,6.986531986531984,-2.5306748466257756,-8.495320374370058,-18.000000000000004,-24.47182582377182,-9.350674429780478,2.291485262915062,2.445538276719104
BANKASIA,Bank Asia PLC,16.9,-0.5882352941176554,-1.1695906432748704,-6.6298342541436615,-6.6298342541436615,-18.504444802300483,-0.34510913272554017,-4.497396240462927,-0.14777278815477385,60.753665232554354,45.383491951382766,2.0444787417854955,1.8381877902143564
BARKAPOWER,Baraka Power Ltd.,10.4,-0.952380952380949,0.9708737864077635,11.827956989247308,23.80952380952381,35.064935064935064,52.941176470588246,-11.864406779661019,-64.98316498316498,-53.1406873517364,-54.16628760754214,4.883680006871066,6.705463749090691
BATASHOE,Bata Shoe Co. (Bangladesh) Ltd.,889.9,-1.5052573325954646,-2.1550302363936256,-3.050441224534263,3.5972060535506376,7.723035952063909,10.670314637482896,0.7814269535673813,18.070850471009674,-25.218487394957986,72.79611650485437,2.4782707295793807,1.2713749852475056
BATBC,British American Tobacco Bangladesh Co Ltd,237.3,1.8454935622317643,-0.877192982456138,-4.314516129032254,11.14754098360656,0.8499787505312367,-4.314516129032254,-19.313158789527375,-59.45668887749871,-12.82856968585442,154.85680700340276,2.0683386711834753,2.1842483082268647
BAYLEASING,Bay Leasing and Investment Ltd.,4.8,0.0,0.0,-12.72727272727273,2.1276595744680775,-17.24137931034483,45.45454545454546,-4.0000000000000036,-85.92178767430168,-65.45031844758192,-81.70690619661985,4.341755319148941,5.079848349410306
BBS,Bangladesh Building Systems PLC,13.3,-0.7462686567164152,0.7575757575757683,-16.874999999999996,-10.135135135135135,27.88461538461539,44.565217391304365,13.675213675213689,-39.81900452488688,-46.19432507800427,-38.6615303387925,3.157853398192136,3.8936122162410456
BBSCABLES,BBS Cables PLC,19.0,-1.041666666666663,3.260869565217399,-19.148936170212767,-24.0,13.772455089820363,25.000000000000004,2.7027027027027026,-68.68834065296848,-34.27311160457475,-34.27311160457475,2.927301617374682,3.556151385274123
BDAUTOCA,Bangladesh Autocars Limited,197.9,4.157894736842108,-5.311004784688993,-6.650943396226413,-13.956521739130432,42.37410071942447,55.82677165354331,44.45255474452556,16.893089190785584,499.5971523969609,816.6722569083548,4.9590526303045905,4.046136940058273
BDCOM,BDCOM Online Ltd.,29.9,0.673400673400671,0.3355704697986506,-11.275964391691407,0.3355704697986506,11.98501872659176,14.999999999999996,-4.863636125795455,24.395283635446052,70.40157852134857,148.64128080269535,3.179182095039544,3.0442943786792473
BDFINANCE,Bangladesh Finance PLC,12.9,0.0,0.0,-7.857142857142855,8.403361344537815,-9.790209790209792,-0.7692307692307665,31.63265306122448,-77.76585374494246,62.118482694513645,-20.60054331780278,2.6681893687707623,3.285479008036805
BDLAMPS,Bangladesh Lamps PLC,229.6,2.3629068212215705,7.742843735335524,29.717514124293782,20.90573986308583,63.7660485021398,70.70631970260223,40.85889570552147,24.390885976436646,25.342857042582857,104.72666650288532,4.46947849596228,4.515476790718423
BDTHAI,Bangladesh Thai Aluminium Ltd.,17.0,6.25,10.389610389610388,-12.37113402061855,18.881118881118876,53.153153153153156,51.7857142857143,22.30215827338129,-38.628158844765345,-10.568269532177434,6.705404327129486,4.437129038647065,4.034721910654905
BDTHAIFOOD,BD Thai Food & Beverage Ltd.,24.5,-2.777777777777775,3.3755274261603407,-2.0,-8.239700374531834,49.39024390243904,70.13888888888889,50.30674846625766,102.47933884297521,102.47933884297521,102.47933884297521,4.949721413209964,3.9164791301666715
BDWELDING,Bangladesh Welding Electrodes Ltd.,13.0,-0.7633587786259515,-5.109489051094886,-7.80141843971631,-18.238993710691826,-18.75,-28.1767955801105,30.0,-49.61240310077519,26.250000036418278,-40.83047195374726,4.152547301488829,2.5697105853803883
BEACHHATCH,Beach Hatchery Ltd,30.1,-0.9868421052631486,-0.6600660066006577,-9.880239520958076,0.3333333333333381,-6.521739130434787,-35.683760683760674,-48.8095238095238,-0.6600660066006577,178.7037037037037,33.354430683592376,2.6202590880557004,2.6888643654728894
BEACONPHAR,Beacon Pharmaceuticals PLC,106.6,1.0426540284360135,0.6610009442870525,-2.201834862385326,4.305283757338543,3.4951456310679556,1.8147086914995143,-23.584229390681006,-48.25242718446602,530.7692307692307,592.2077922077921,2.2841834676181167,1.7172430105847818
BENGALWTL,Bengal Windsor Thermoplastics PLC,23.3,-2.5104602510460166,-4.508196721311467,-8.627450980392155,-12.075471698113205,29.44444444444445,33.90804597701151,8.878504672897208,-24.838709677419352,-43.296460230934784,-52.93322213046856,4.927532118577297,3.802804163813062
BERGERPBL,Berger Paints Bangladesh Ltd.,1496.7,0.1941357611460765,0.2008435428800964,-0.2798321007395593,8.049379151025123,6.526690391459077,8.377986965966693,1.1899127848015778,-15.91573033707865,36.747373229785296,470.1714285714286,0.8645944482000417,0.9109819615710545
BESTHLDNG,Best Holdings PLC,14.6,0.0,0.6896551724137907,-5.806451612903228,-2.013422818791951,12.307692307692305,8.148148148148145,-22.3404255319149,-50.34013605442177,-50.34013605442177,-50.34013605442177,3.899850773913738,2.9341587640173574
BEXIMCO,Bangladesh Export Import Company Ltd.,22.5,-2.1739130434782608,-7.0247933884297495,0.0,-79.56403269754769,-79.56403269754769,-79.56403269754769,-79.56403269754769,-79.03726702931503,13.740448439845668,-43.34444250864574,4.224179792309352,5.262113765260498
BGIC,Bangladesh General Insurance Company PLC,43.6,-0.909090909090906,4.30622009569379,8.188585607940459,13.838120104438655,34.984520123839026,41.100323624595475,28.23529411764706,-29.677419354838705,192.61744966442956,39.29712460063897,5.563796356359396,4.762909937559781
BIFC,Bangladesh Industrial Finance Company Ltd.,4.1,-2.380952380952394,-2.3809523809523934,-18.000000000000007,-14.583333333333337,-39.705882352941174,141.17647058823528,-2.3809523809523934,-51.76470588235295,-46.753246753246756,-79.87392634760262,6.195121951219514,7.512853793507681
BNICL,Bangladesh National Insurance Company Ltd,117.5,6.8181818181818175,5.475763016157984,6.431159420289849,21.887966804979246,126.39691714836222,161.11111111111111,166.43990929705217,-26.5625,790.1515151515152,217.56756756756758,6.4499481318995,4.905204142020032
BPML,Bashundhara Paper Mill Ltd.,27.3,-0.36496350364962726,-2.4999999999999973,-5.208333333333333,-4.545454545454548,-3.5335689045936394,5.405405405405414,-30.88607594936709,-48.29545454545454,-82.38709677419355,-82.38709677419355,2.27056100217865,2.0021398493102858
BPPL,Baraka Patenga Power Ltd.,20.3,-1.4563106796116538,1.5000000000000036,-3.7914691943127994,2.525252525252525,40.00000000000001,36.241610738255034,32.6797385620915,-56.62393162393162,-36.36363636363636,-36.36363636363636,2.898111772956931,3.0797652532876354
BRACBANK,BRAC Bank PLC,62.8,0.47999999999999543,1.45395799676898,-1.721439749608766,-7.647058823529415,-9.385172871583574,14.272179156807535,-6.450754887790503,136.68512356732745,263.827467437026,853.9559692751197,1.4238659836604235,1.271772922875154
BSC,Bangladesh Shipping Corporation,114.4,0.4389815627743635,-2.3890784982935127,-6.229508196721307,10.531400966183579,4.857928505957847,1.8699910952805063,-3.86554621848739,128.8,202.54545550559885,129.0740715037025,1.806488401635345,2.217627933969111
BSCPLC,Bangladesh Submarine Cables PLC,148.2,-1.2000000000000077,-4.077669902912628,-5.363984674329505,3.6363636363636282,6.4655172413793105,15.510522213561945,-2.435813034891387,-17.299107142857142,32.67681289167412,238.58807402330356,3.1697383058805144,2.0502733425016806
BSRMLTD,Bangladesh Steel Re-Rolling Mills Ltd.,99.0,-0.3021148036253748,0.20242914979757373,-4.3478260869565215,7.2589382448537405,22.981366459627328,29.750982961992143,8.791208791208792,-2.7504911591355574,-30.717177698209117,119.61499933789739,3.1655641665782563,3.30406846221009
BSRMSTEEL,BSRM Steels Limited,91.9,0.878155872667411,-0.6486486486486425,-6.224489795918362,17.97175866495507,31.285714285714292,44.7244094488189,32.040229885057485,34.55344070278186,-1.182795794554278,63.29923102184212,1.922846362821234,2.3167333861015984
BXPHARMA,Beximco Pharmaceuticals Plc,153.2,3.513513513513506,6.241331484049931,5.147563486616336,25.163398692810443,29.61082910321488,48.7378640776699,19.314641744548272,-24.5320197044335,103.2810613139251,248.58030155623638,2.4683630673525094,2.3373214169279883
CAPITECGBF,CAPITEC GRAMEEN BDT10 (MUTUAL FUND) Units,8.4,-2.3255813953488293,-8.695652173913032,-22.93577981651376,16.666666666666668,25.373134328358212,23.52941176470589,18.309859154929587,-41.666666666666664,-41.666666666666664,-41.666666666666664,6.779782380186878,4.608006634982602
CAPMBDBLMF,CAPM BDBL Mutual Fund 01 Units,7.9,-1.2499999999999956,-4.819277108433739,-39.230769230769226,-29.464285714285705,-20.999999999999996,-21.782178217821777,-18.556701030927826,-38.28125,-26.851851851851855,-26.851851851851855,5.622982114487779,6.076569972187986
CAPMIBBLMF,CAPM IBBL Islamic Mutual Fund Units,13.4,2.290076335877868,1.5151515151515234,-6.293706293706295,48.88888888888889,67.5,78.66666666666667,71.7948717948718,-33.0,34.00000000000001,34.00000000000001,5.136820372710551,5.2083824893165245
CENTRALINS,Central Insurance PLC,44.5,-1.1111111111111112,1.5981735159817418,-2.8384279475982472,8.801955990220051,14.987080103359165,9.336609336609328,-1.1111111111111112,-29.921259842519685,238.08233281064153,69.02110142649362,3.596658834021431,4.595910864576738
CENTRALPHL,Central Pharmaceuticals Ltd.,10.4,-1.886792452830182,1.9607843137255008,-14.049586776859499,9.473684210526319,20.930232558139544,18.181818181818176,-2.8037383177569994,-49.26829268292683,-16.37215183360501,-69.60964007557688,4.200592247218659,3.9126275417750587
CITYBANK,City Bank PLC,30.1,1.0067114093959755,-1.3114754098360608,-4.746835443037974,3.0821917808219252,10.59105396507289,41.86475365939389,31.61596916388086,73.0787828444936,149.5716359902139,196.49118910829196,1.9537380784679184,1.3474555684620497
CITYGENINS,City Insurance PLC,127.8,0.3927729772191673,0.3927729772191673,12.599118942731275,22.413793103448267,41.84239733629302,47.40484429065743,109.50819672131148,151.08055009823184,1037.0441157742803,433.08256195264664,1.3716367633747466,2.106825331386311
CLICL,Chartered Life Insurance PLC,45.3,1.342281879194618,3.8990825688073296,-12.54826254826255,-16.574585635359117,-12.379110251450687,-18.817204301075268,-26.58022690437602,311.81818181818176,311.81818181818176,311.81818181818176,2.7253787602451993,3.4434834694141214
CNATEX,C & A Textiles Ltd,3.1,-3.1250000000000027,-3.1250000000000027,-6.060606060606053,-6.060606060606053,-22.499999999999996,29.166666666666675,0.0,-56.33802816901408,-57.375000042625004,-81.89952602764487,7.5537634408602115,6.684612111423771
CONFIDCEM,Confidence Cement PLC,63.9,-0.3120124804992133,1.4285714285714264,-7.256894049346889,1.589825119236884,-2.4427480916030557,29.352226720647774,-1.6923076923076945,-52.59101591195657,40.96435770020255,19.161504709786016,1.833234115396096,2.2529574631025127
CONTININS,Continental Insurance PLC,36.3,1.3966480446927376,2.542372881355928,4.310344827586207,11.692307692307683,51.24999999999999,49.99999999999999,31.046931407942232,-31.447841555238316,166.19990173674293,58.09778583763481,4.427575193470939,4.225330718306363
COPPERTECH,Coppertech Industries Ltd,24.7,-0.4032258064516186,2.066115702479339,-15.41095890410959,-11.151079136690651,32.79569892473117,30.687830687830697,4.219409282700422,-44.7014924052573,-4.688874279352584,-4.688874279352584,3.970748273888955,3.6969095278185558
CROWNCEMNT,Crown Cement PLC,62.6,0.8051529790660225,-3.9877300613496947,-10.315186246418332,21.789883268482495,29.07216494845361,33.760683760683776,15.711645101663585,-27.209302325581394,-18.701298701298697,-22.52475247524752,4.044321968027036,4.528927557812724
CRYSTALINS,Crystal Insurance Company Ltd,65.1,-0.3062787136294071,-2.2522522522522523,-4.963503649635045,-10.08287292817681,-12.851405622489972,13.217391304347816,10.902896081771704,12.949526708769353,377.39999952259996,377.39999952259996,4.881692565467303,3.648940832597275
CVOPRL,CVO Petrochemical Refinery PLC,168.1,0.7189934092270752,-0.8844339622641509,-3.112391930835738,4.409937888198754,9.797517962116265,13.96610169491525,1.143200962695551,-8.460396131143574,-24.55672031590817,40.33348156492126,2.2668779105931867,2.479628642073764
DACCADYE,Dacca Dyeing and Manufacturing Company Limited,16.4,-1.796407185628747,5.806451612903216,-4.093567251462004,3.7974683544303662,-8.888888888888896,-15.463917525773198,-18.40796019900499,-43.055555555555564,78.26086956521739,-41.61812303780648,4.373169158867728,3.2721388316948796
DAFODILCOM,Daffodil Computers PLC.,168.0,2.003642987249552,2.065613608748485,-2.0408163265306123,24.444444444444443,180.46744574290486,365.37396121883654,163.3228840125392,145.25547445255475,667.1232876712329,970.0636942675161,4.255972116757851,2.8673185597089343
DBH,DBH Finance PLC,41.5,-0.4796163069544433,-1.425178147268412,-5.034324942791768,8.07291666666667,9.498680738786282,18.571428571428573,6.410256410256411,-47.91725002876339,-41.63564948927582,21.012323054017074,3.184589826957245,2.510512311798661
DBH1STMF,DBH First Mutual Fund Units,5.2,-3.703703703703707,-1.886792452830182,-16.129032258064516,13.043478260869579,15.555555555555559,-19.999999999999996,-7.1428571428571335,-40.909090909090914,-17.460317460317455,-29.729729729729733,5.765652124420162,4.835407477503427
DELTALIFE,Delta Life Insurance Company Ltd.,77.1,0.5215123859191545,2.1192052980132376,-3.262233375156849,-1.153846153846161,9.05233380480904,13.716814159292033,-7.775119617224881,-45.35790219702339,-22.512562814070357,-97.70977400727169,2.350004040534902,2.8244561923834075
DELTASPINN,Delta Spinners Limited,7.4,-1.3333333333333286,-2.631578947368412,-6.329113924050633,12.121212121212132,21.311475409836078,48.00000000000001,29.824561403508778,-41.269841269841265,16.285713986693885,-52.7680642624748,5.589798302754123,4.104456561146288
DESCO,Dhaka Electric Supply Co. Ltd.,23.3,1.3043478260869596,-3.719008264462804,-9.338521400778205,0.4310344827586268,3.555555555555559,13.658536585365857,-7.539682539682534,-43.170731707317074,-57.866184448462924,-64.949856645899,5.894390038435099,3.564850396953681
DESHBANDHU,Deshbandhu Polymer Limited,19.0,-1.041666666666663,-0.5235602094240912,-18.103448275862068,-9.523809523809524,19.496855345911946,11.764705882352942,-12.037037037037042,-17.391304347826086,88.28828811865921,-12.251820733501225,2.934270450244363,3.7142284580497167
DGIC,Desh General Insurance Company Ltd,31.6,-3.363914373088689,-3.363914373088689,-7.331378299120234,30.578512396694226,53.398058252427184,60.40609137055839,36.79653679653679,-37.42574257425742,110.66666666666669,110.66666666666669,5.36654528580968,4.618094995101009
DHAKABANK,Dhaka Bank PLC,11.9,-0.8333333333333304,-2.4590163934426146,-2.4590163934426146,2.5862068965517304,-9.84848484848484,5.309734513274333,0.0,-4.09010333420923,16.351977003123658,-7.081311322786629,1.9327731092436902,1.9379096333771237
DHAKAINS,Dhaka Insurance Limited,46.6,-0.8510638297872309,2.1929824561403506,4.484304932735426,9.389671361502348,23.280423280423292,29.44444444444445,19.48717948717949,-45.687645687645684,180.72289156626505,-2.231372627234505,3.308451189623651,4.530400716118726
DOMINAGE,Dominage Steel Building Systems Ltd,63.6,0.0,0.4739336492891063,-23.74100719424461,-16.862745098039213,77.65363128491622,120.06920415224916,240.1069518716578,81.9618532899101,380.8159991826128,380.8159991826128,1.8151855654724862,4.1809134621970605
DOREENPWR,Doreen Power Generations & Systems Ltd.,32.1,-1.2307692307692264,0.31250000000000444,-2.134146341463402,3.548387096774198,19.776119402985078,13.829787234042561,-1.834862385321105,-48.376615053378565,15.355492476584864,-19.25115527799786,2.78644010466346,3.192332401961265
DSHGARME,Desh Garments Limited.,174.7,4.11203814064361,0.7497116493656187,5.431502715751359,19.82167352537721,57.38738738738738,50.085910652920944,22.338935574229673,1.6772485755714224,68.46029274993029,1612.435504809671,5.576605146696841,4.5487068695855495
DSSL,Dragon Sweater & Spinning Ltd.,11.9,-2.459016393442614,-2.4590163934426146,-16.783216783216783,21.428571428571423,38.37209302325582,40.00000000000001,4.385964912280701,-40.09246545716959,126.76383777870714,31.037908881633836,4.6628261128476485,4.419208293481244
DULAMIACOT,Dulamia Cotton Spinning Mills Limited,184.4,1.3743815283122593,-12.399049881235152,-12.274024738344426,28.951048951048957,42.94573643410853,36.5925925925926,46.46544876886418,137.3230373230373,2497.1830985915494,1904.3478260869567,5.305103999387326,5.011886570222791
DUTCHBANGL,Dutch-Bangla Bank PLC,44.6,-0.44642857142856196,-3.2537960954446854,-9.898989898989896,13.197969543147215,13.941606109715481,21.321243826619174,7.655172669938182,-11.962992567742512,111.74277639067323,95.1319205974789,3.6025600584259814,2.244524317830357
EASTERNINS,Eastern Insurance PLC,62.0,-0.6410256410256387,-3.125,-0.3215434083601332,10.516934046345808,20.388349514563107,23.752495009980034,13.761467889908257,-54.1080680977054,181.8181818181818,69.86301369863014,4.525694409275792,4.336029021603895
EASTLAND,Eastland Insurance PLC,28.6,-1.3793103448275814,-0.3484320557491215,-1.3793103448275814,14.400000000000004,39.51219512195122,52.941176470588246,29.41176470588235,-40.90909090909091,92.94166368995684,-19.49675425958274,2.9130840347844504,3.622538585314736
EASTRNLUB,Eastern Lubricants Blenders PLC,1961.5,2.626484591639201,4.003181336161187,-7.476415094339623,3.4437295643919392,28.010180773999874,18.091511137868753,14.036277093276176,110.42043515568272,229.08695114896213,1531.7227993910449,2.2680398764895813,2.292019274555337
EBL,Eastern Bank PLC,23.9,0.0,0.42016806722688177,-1.6460905349794326,-5.905511811023622,-8.145522720860823,0.8893438719690931,-4.214008124992667,-2.1171891844757655,73.10754174498146,80.80425302440125,2.121848739495796,1.2517087861110188
EBL1STMF,EBL First Mutual Fund Units,4.1,-2.380952380952394,-6.818181818181833,-25.45454545454546,10.810810810810795,13.888888888888877,32.25806451612902,0.0,-58.163265306122454,6.183439817194579,-40.20195767851895,5.8949966379363055,5.061263198293783
EBLNRBMF,EBL NRB Mutual Fund,3.5,-2.77777777777778,0.0,-14.634146341463408,9.374999999999995,29.629629629629623,52.17391304347827,6.060606060606066,-49.275362318840585,-9.885937481695583,-49.05551679133223,6.215176979882867,5.4200308751392345
ECABLES,Eastern Cables Ltd.,133.3,-0.522388059701484,-2.2727272727272685,-6.71798460461861,5.793650793650802,19.44444444444446,18.91168599464765,-6.456140350877185,-16.426332288401248,-9.589125739028635,221.30079616054684,4.271600910017636,3.6122978305881013
EGEN,eGeneration PLC,24.9,1.2195121951219396,-1.1904761904761934,-10.431654676259,-6.741573033707867,20.289855072463766,25.757575757575744,-5.6818181818181825,-60.9105180533752,65.99999999999999,65.99999999999999,3.0158304330876016,2.3669061110090905
EHL,Eastern Housing Ltd.,89.1,-1.0000000000000062,-0.8898776418242618,-6.21052631578948,1.0204081632652964,15.414507772020713,21.721311475409824,-4.296455424274973,60.54054054054053,163.5352118874701,127.91821457379648,2.655975546527582,2.3372343384945995
EIL,Express Insurance Ltd.,32.5,-1.2158054711246158,0.3086419753086464,-0.9146341463414548,13.636363636363631,20.37037037037037,15.248226950354612,-2.985074626865672,-22.248803827751193,116.66666666666667,116.66666666666667,3.809483015549609,3.80822599996699
EMERALDOIL,Emerald Oil Industries Ltd.,29.2,0.6896551724137907,-2.013422818791951,-3.9473684210526296,29.20353982300884,70.76023391812863,102.77777777777777,50.515463917525786,-13.095238095238102,-18.269720176648597,-32.05384629365843,4.473305261206434,4.174894415170452
ENVOYTEX,Envoy Textiles Ltd.,61.9,-1.7460317460317483,0.0,7.465277777777772,23.061630218687878,23.55289421157684,27.628865979381438,13.369963369963365,76.85714285714286,86.56761391983221,38.146308712152184,5.079290317078885,4.668977477256201
EPGL,Energypac Power Generation PLC,18.3,-1.6129032258064553,-1.0810810810810771,-10.294117647058814,-5.181347150259067,9.580838323353303,17.307692307692314,-20.43478260869565,-65.47169811320755,-60.645161290322584,-60.645161290322584,3.312951183973776,3.6110273068962626
ESQUIRENIT,Esquire Knit Composite PLC,26.1,-2.2471910112359472,-1.1363636363636256,-2.973977695167276,7.407407407407409,26.086956521739143,26.699029126213592,-2.973977695167276,-30.399999999999995,-44.82029598308667,-44.82029598308667,3.792974856531954,2.4182199424947983
ETL,Evince Textiles Ltd.,13.5,-3.571428571428571,8.870967741935482,-8.783783783783788,16.37931034482759,42.10526315789474,35.0,17.391304347826086,7.142857142857145,28.63812560186563,3.427638679819286,5.801750277654696,4.120858869261936
EXIM1STMF,EXIM Bank 1st Mutual Fund 2013- Units,6.5,3.174603174603177,0.0,-4.411764705882351,85.71428571428571,116.66666666666667,132.14285714285714,54.76190476190475,-19.753086419753085,22.136940760996303,-16.624254707740263,8.475596983661504,5.7269756482077465
FAMILYTEX,Familytex (BD) Ltd.,2.4,-4.0000000000000036,-4.0000000000000036,-11.111111111111121,-17.24137931034483,-27.27272727272727,84.6153846153846,19.999999999999996,-61.29032258064516,-66.52650575419617,-92.67115103137316,7.458333333333339,7.911380951227853
FARCHEM,FAR Chemicals Industries Ltd,15.9,-6.470588235294115,-6.470588235294116,-35.887096774193544,-15.873015873015865,17.77777777777778,9.655172413793105,-30.56768558951964,-3.0487804878048674,-5.240746173770177,-29.456999915348398,5.685819436935876,6.552930072410436
FAREASTLIF,Fareast Islami Life Insurance Company Limited,20.1,5.235602094240837,-3.365384615384612,-11.45374449339206,-5.6338028169014045,-14.102564102564092,-3.365384615384612,-28.723404255319142,-72.42798353909464,-59.18781709314849,-74.43930628155167,6.975085551794729,4.8826590243455525
FBFIF,First Bangladesh Fixed Income Fund Units,3.5,-2.77777777777778,-2.7777777777777803,-18.604651162790695,12.90322580645161,25.000000000000007,34.615384615384606,6.060606060606066,-43.54838709677419,-31.770781695389683,-53.336565802747046,5.920168067226897,5.913208842181821
FEDERALINS,Federal Insurance PLC,29.2,-1.0169491525423753,-1.6835016835016836,2.4561403508771904,12.741312741312743,41.06280193236715,52.083333333333336,26.95652173913043,-32.71889400921659,195.77319042112995,51.269978844525646,4.10078909909678,4.079283691209132
FEKDIL,Far East Knitting & Dyeing Industries PLC.,23.1,-4.149377593360995,-1.702127659574462,-12.49999999999999,52.98013245033114,63.82978723404257,62.67605633802819,21.57894736842106,36.686390532544394,30.400943011749742,-2.9014517818060845,5.072281409246459,5.587001021469381
FINEFOODS,Fine Foods Limited,463.4,-0.5152425933877274,5.127041742286743,1.8461538461538411,-20.55546031201783,-0.40833870621105395,21.883219358232505,59.24398625429552,678.8235294117648,5696.802147435738,2906.4770350070016,1.9174022266826656,3.8398512294577323
FIRSTFIN,First Finance Ltd.,4.7,4.444444444444448,-4.081632653061228,-2.083333333333326,2.1739130434782727,-21.66666666666666,88.00000000000001,74.07407407407408,-47.77777777777778,-21.34843759499634,-86.20003913956644,11.832454984628898,9.399724133742472
FORTUNE,Fortune Shoes Ltd.,17.1,-2.840909090909091,3.636363636363645,-14.925373134328357,18.750000000000007,18.750000000000007,23.021582733812956,1.7857142857142898,-70.95107843837603,-34.84238198830361,-34.84238198830361,5.131380243296896,3.8307727387374486
FUWANGCER,Fu-Wang Ceramic Industry Ltd.,14.6,0.0,2.8169014084507067,-16.571428571428573,2.0979020979020904,25.862068965517242,26.95652173913043,5.797101449275353,-40.650406504065046,33.09999955302102,-4.144125971867283,3.2824981394194994,4.026986122657753
FUWANGFOOD,Fu-Wang Foods Limited,10.2,-0.9708737864077808,6.2499999999999964,-20.930232558139544,-9.734513274336296,-1.9230769230769333,-8.928571428571429,-34.61538461538461,-57.14285714285715,2.849999708591661,-38.774000354760254,5.627187438788676,4.381472196535245
GBBPOWER,GBB POWER Ltd.,13.7,-2.142857142857148,-6.164383561643838,38.38383838383837,55.681818181818166,69.13580246913581,114.06249999999997,107.57575757575758,-71.1578947368421,5.772059087959558,-48.14184954607769,8.26604468664054,9.047984519046146
GEMINISEA,Gemini Sea Food PLC,114.0,-1.8087855297157576,-3.0612244897959138,-7.39236393176279,-6.938775510204081,-1.639344262295087,-16.605705925384047,-41.62826420890937,22.334905603682056,-6.635258663942614,543.4092363585728,3.453107441979688,2.9439235002564335
GENEXIL,Genex Infosys PLC,36.4,1.392757660167131,-0.5464480874317017,-11.435523114355238,15.555555555555552,41.085271317829445,35.31598513011153,30.46594982078853,-66.7701206050647,8.787519868942177,8.787519868942177,2.9800976646822197,3.3952956515433255
GENNEXT,Generation Next Fashions Ltd.,3.2,0.0,3.225806451612906,6.666666666666672,0.0,-19.999999999999996,18.51851851851852,10.344827586206907,-60.0,-42.2089553006478,-85.63612911621952,5.860215053763438,5.353321670284622
GHAIL,Golden Harvest Agro Industries Ltd.,13.6,-2.158273381294969,-1.4492753623188481,-18.562874251497004,-4.225352112676054,22.52252252252252,27.102803738317764,-1.4492753623188481,-40.35087719298246,-5.504248824966874,-63.134057660802746,3.8343079922027243,3.8186848089361414
GHCL,Global Heavy Chemicals Ltd.,21.3,-0.4672897196261583,-5.33333333333333,-14.112903225806452,0.0,14.51612903225806,7.035175879396997,-4.054054054054048,-51.25858123569794,-41.64383561643836,-74.18181818181819,5.071222605657455,4.278844224342998
GLDNJMF,ICB AMCL CMSF GOLDEN JUBILEE MUTUAL FUND,8.2,-1.2048192771084507,-1.2048192771084507,-18.811881188118814,28.124999999999982,38.983050847457605,34.42622950819672,18.84057971014491,-25.45454545454546,-25.45454545454546,-25.45454545454546,5.802030805118178,5.640533472945352
GLOBALINS,Global Insurance PLC,46.4,-0.8547008547008517,-1.276595744680854,5.2154195011337805,38.50746268656716,69.34306569343066,81.96078431372548,65.12455516014234,-26.69826224328594,374.98980491710097,95.89649912158954,5.290358850939496,4.804193439155764
GOLDENSON,Golden Son Limited,14.4,0.0,1.4084507042253598,-17.24137931034482,-15.29411764705882,32.11009174311926,42.57425742574258,15.200000000000003,-24.21052631578947,-35.71428571428571,-63.63636363636365,3.1404686862433313,3.7841847222244938
GP,Grameenphone Ltd.,244.1,-0.1635991820040923,-0.7320048800325382,-5.86193598148863,1.2863070539419064,-0.4891969017529625,-6.115384615384617,-21.637239165329056,-32.66206896551724,-6.832061068702292,42.24941724941725,1.3750804618384764,1.1156089909964328
GPHISPAT,GPH Ispat Limited,17.4,-1.6949152542372923,0.5780346820809125,-11.22448979591838,3.5714285714285587,4.819277108433718,8.074534161490664,-16.74641148325359,-65.58062496538702,-12.963286391057265,-7.0837102831061785,2.767804235857063,2.770712105797994
GQBALLPEN,G.Q. Ball Pen Industries Limited,567.9,0.08812125484666902,1.1398040961709666,-3.5004248088360277,-20.938326604482807,7.658767772511844,26.848335939245025,41.620947630922686,297.9677645409951,682.2314049586777,318.6442295132981,3.1885845357693974,4.0304506153691415
GRAMEENS2,Grameen Mutual Fund One - Grameen Two Units,12.0,-7.6923076923076925,-9.774436090225567,-13.669064748201441,-2.439024390243908,-4.0,10.091743119266052,-12.408759124087588,-31.818181818181824,9.473684425632504,-34.46575349875013,2.568643114977216,2.8753194789664414
GREENDELMF,Green Delta Mutual Fund 2010 Units,4.5,-2.173913043478253,2.2727272727272645,-22.41379310344827,28.571428571428573,45.16129032258064,50.0,24.999999999999996,-48.275862068965516,-27.41935483870968,-37.5,8.433441558441555,6.281280140906413
GREENDELT,Green Delta Insurance PLC,68.8,0.29154518950437736,-1.0071942446043207,1.17647058823529,16.808149405772493,19.860627177700344,28.358208955223873,28.119180633147103,-44.019528071602934,85.70391296696117,31.974971703937836,3.456943669935926,4.023024235384007
GSPFINANCE,GSP Finance Company PLC,3.7,-2.631578947368412,-5.128205128205121,-19.565217391304337,-9.756097560975597,-32.72727272727272,131.25,15.625,-83.86052890228895,-59.585138475411625,-74.56313107440981,6.216216216216203,7.289591051786172
HAKKANIPUL,Hakkani Pulp & Paper Mills PLC,74.7,0.0,-3.3635187580853745,-11.492890995260666,-6.0377358490566,10.995542347696889,10.3397341211226,0.8097165991902949,-21.119324181626187,42.82982791586999,301.6129032258064,3.1166501327134966,2.776750363271946
HAMI,Hami Industries PLC,149.9,-0.2661343978709286,-5.723270440251569,-6.136505948653715,-9.151515151515149,-8.036809815950917,39.31226765799258,44.83091787439614,-14.29388221841052,-14.29388221841052,-14.29388221841052,5.024137006837524,3.9378539977708256
HEIDELBCEM,Heidelberg Materials Bangladesh PLC,213.0,1.0915994304698677,0.3297220913801171,-4.484304932735426,-17.120622568093385,-6.126046716615251,-2.6952946550936527,-17.120622568093385,-40.402909904868494,-60.21666044079193,-19.318181818181817,3.1023794013014925,2.746429448237246
HFL,Hamid Fabrics PLC,13.9,-2.112676056338021,-4.794520547945201,-7.947019867549664,-15.757575757575754,69.51219512195124,113.84615384615384,67.46987951807229,-34.43396226415094,-15.757575757575754,-75.71547415106062,4.242617531559914,4.723211445379629
HRTEX,H.R. Textile Mills Ltd.,18.7,-2.604166666666667,-1.0582010582010546,-10.952380952380954,-16.517857142857142,-0.5319148936170288,2.185792349726768,-41.5625,-73.18122558207955,-12.468085214401087,-33.74693240945445,3.5935023117685705,3.4459640038089967
HWAWELLTEX,Hwa Well Textiles (BD)PLC,47.2,-0.8403361344537785,1.2875536480686725,-8.527131782945734,9.25925925925926,11.058823529411772,5.829596412556056,-3.6734693877550963,4.424778761061947,52.25806451612904,18.000000000000007,3.2045701826535042,3.3180145746937098
IBNSINA,BN SINA Pharmaceutical Industry PLC,314.8,0.8005123278898494,-0.3797468354430344,-1.6249999999999964,-0.0952078705172997,-3.138461538461535,-0.06349206349205988,-4.606060606060603,18.34586466165414,66.57784264796388,425.536038600041,1.9106358398874943,1.256923172265243
IBP,Indo-Bangla Pharmaceuticals Ltd.,17.5,-2.7777777777777777,3.5502958579881745,-14.2156862745098,15.89403973509934,30.59701492537313,56.250000000000014,19.86301369863014,-20.24336311241826,-33.199350341466086,-33.199350341466086,5.002333690700317,4.536601795165097
ICB,Investment Corporation of Bangladesh,41.6,-0.47846889952152094,-0.47846889952152094,-10.151187904967593,-3.0303030303030236,6.39386189258312,13.97260273972603,-20.91254752851711,-66.1074943725841,-46.01126379332638,-61.96657409324707,3.9232060701877414,2.977454408732085
ICB3RDNRB,ICB AMCL Third NRB Mutual Fund 2010 Units,5.6,-1.75438596491229,1.8181818181818117,-18.840579710144933,19.148936170212753,27.272727272727256,36.58536585365854,21.73913043478261,-26.315789473684212,30.232558139534877,-21.126760563380284,5.1181318681318695,5.282047807058175
ICBAGRANI1,ICB AMCL First Agrani Bank Mutual Fund Units,7.9,-1.2499999999999956,-1.2499999999999956,-16.84210526315789,16.176470588235304,23.4375,23.4375,16.176470588235304,-15.957446808510637,-8.139534883720922,-8.139534883720922,4.387698799091203,4.910554913818527
ICBAMCL2ND,ICB AMCL Second Mutual Fund Units,7.4,0.0,1.3698630136986374,-14.942528735632171,21.311475409836078,27.586206896551733,32.14285714285715,27.586206896551733,-36.206896551724135,64.44444444444446,-2.631578947368412,2.7686725375081513,5.2493323017847535
ICBEPMF1S1,ICB Employees Provident Mutual Fund One Scheme One Units,6.0,0.0,1.694915254237282,-20.0,-18.918918918918923,27.6595744680851,76.47058823529412,27.6595744680851,-25.925925925925924,9.090909090909092,-27.71084337349398,8.336526181353767,6.550098365680783
ICBIBANK,ICB Islamic Bank Limited,2.6,0.0,0.0,-7.1428571428571335,-3.703703703703707,-33.33333333333333,8.333333333333341,0.0,-63.88888888888888,-33.33333333333333,-65.33333333333334,5.461538461538466,4.889833558254612
ICBSONALI1,ICB AMCL Sonali Bank Ltd 1st Mutual Fund 2013- Units,6.3,-4.545454545454543,4.999999999999997,-18.181818181818183,25.999999999999993,43.181818181818166,49.99999999999999,23.529411764705888,-30.76923076923077,6.7796610169491425,-47.5,8.032245934309902,6.086267117878253
ICICL,Islami Commercial Insurance PLC.,38.0,1.876675603217166,5.849582172701954,8.571428571428571,32.40418118466899,77.57009345794394,69.64285714285715,63.793103448275865,160.27397260273972,160.27397260273972,160.27397260273972,3.316138920011792,3.4079608663134486
IDLC,IDLC Finance PLC.,43.9,0.6880733944954063,-1.3483146067415763,-4.565217391304351,9.203980099502475,14.664179391138058,28.75698356211591,12.153284937589897,-21.935886507641957,12.20813568983154,-7.149585353419423,1.8762590576966338,2.486998555306565
IFADAUTOS,IFAD Autos PLC,23.9,1.271186440677954,3.9130434782608634,-9.125475285171111,-3.6290322580645245,14.354066985645934,10.138248847926265,-9.46969696969697,-54.93061696996269,-50.199538644483624,35.95525936996295,3.6746064917340573,3.3606075261550092
IFIC,IFIC Bank PLC,4.7,-2.083333333333326,2.1739130434782727,-5.9999999999999964,6.818181818181814,-26.562500000000004,0.0,-20.33898305084746,-68.00425448108926,-29.325037522277405,-55.76382632150104,4.3419159214718945,3.133237507461362
IFIC1STMF,IFIC Bank 1st Mutual Fund Units,4.0,-4.761904761904765,-2.439024390243894,-18.367346938775515,14.285714285714286,33.333333333333336,60.0,17.647058823529413,-42.02898550724638,-1.7021274357899514,-38.02439025641093,6.565827504210052,6.327027424653492
IFILISLMF1,IFIL Islamic Mutual Fund - 1 Units,5.2,-3.703703703703707,-3.703703703703707,-17.460317460317455,23.80952380952381,33.33333333333334,52.941176470588246,20.930232558139544,-25.71428571428571,-21.212121212121204,-17.460317460317455,3.456451521101913,3.9528778133679117
INDEXAGRO,Index Agro Industries Ltd,70.6,2.0231213872832243,-2.486187845303883,-4.594594594594602,-3.021978021978026,8.448540706605224,5.530642750373675,-19.24836581119282,-44.471909975723015,-1.1599997529000137,-1.1599997529000137,4.569824223226841,3.9677531136023783
INTECH,Intech Ltd.,24.6,-1.9920318725099602,2.928870292887041,-8.208955223880595,-36.59793814432989,-29.512893982808016,-22.397476340694,-38.80597014925373,-36.26943005181347,131.0507691658973,101.91269963313808,3.6802562875197373,3.76450997281193
INTRACO,Intraco Refueling Station PLC,23.1,0.4347826086956583,1.7621145374449434,5.000000000000006,25.543478260869584,26.923076923076938,12.682926829268299,-18.947368421052627,-2.1647063335462957,-50.3190689832756,-50.3190689832756,1.7855477277732077,3.0988931973490637
IPDC,IPDC Finance PLC,32.0,0.3134796238244559,0.6289308176100606,-1.2345679012345636,65.80310880829015,69.69697012121212,75.9162307579288,68.84422148309388,3.9211463280809404,137.18714188609766,512.1813400274955,5.178114286013944,4.696200515799616
ISLAMIBANK,Islami Bank Bangladesh PLC,27.1,-0.73260073260073,-2.5179856115107886,-10.855263157894727,-16.87116564417178,-36.23529411764705,-17.878787878787875,-36.682242990654196,-8.445945945945946,-12.012987012987011,-30.67441867397674,2.6917170028196686,2.63374925824591
ISLAMICFIN,Islamic Finance & Investment PLC,11.3,-1.7391304347826024,0.8928571428571556,-8.870967741935482,0.8928571428571556,0.8928571428571556,18.947368421052637,44.87179487179489,-63.665594855305464,0.8264230628190166,-38.037579890855675,3.616586465494475,3.0181400179433506
ISLAMIINS,Islami Insurance Bangladesh Limited,60.7,-0.9787928221859613,-2.8799999999999955,-2.0967741935483826,13.45794392523365,62.73458445040216,61.86666666666668,46.26506024096386,-13.285714285714283,381.99593898966873,222.3030733080528,5.048813535382152,3.348360167770022
ISNLTD,Information Services Network Ltd.,52.1,-7.460035523978678,-8.916083916083918,-14.168039538714993,-21.771771771771764,-33.03341902313624,-33.54591836734694,-53.482142857142854,-0.38240917782025957,363.1111119344198,244.8072740939634,4.302701859384195,3.5773656202969524
ITC,IT Consultants PLC,47.2,0.4255319148936231,-0.631578947368415,-10.436432637571157,11.848341232227487,24.867724867724885,22.597402597402603,-1.0482180293501047,8.505747126436788,57.28659310560652,60.66184188285857,2.3461312289165006,3.067183446475473
JAMUNABANK,Jamuna Bank PLC,24.2,0.41493775933609073,0.41493775933609073,0.0,-3.200000000000003,0.0,14.691943127962073,11.009174311926598,36.05658993874278,200.93947870932712,106.80052467549113,1.144107998125349,1.1340690856600908
JAMUNAOIL,JAMUNA OIL PLC,176.2,-0.3393665158371169,-0.5643340857787811,-4.239130434782615,4.260355029585792,1.2643678160919476,4.137115839243499,-7.40935365212823,-4.756756756756763,-5.370569280343717,9.750849264638136,1.1513663425314333,1.0680959929086749
JANATAINS,Janata Insurance PLC,34.1,-0.2923976608187176,1.1869436201780372,-1.445086705202312,-6.318681318681311,38.05668016194333,40.32921810699589,29.657794676806088,-39.45170707121756,288.34877596736516,-81.76254403187725,3.365380897877428,3.5865270008463694
JHRML,JMI Hospital Requisite Manufacturing Ltd,48.2,0.0,-0.20703933747410833,-4.930966469428007,-3.98406374501992,11.574074074074073,14.218009478672984,-18.855218855218848,119.09090909090911,119.09090909090911,119.09090909090911,2.5706368629982106,3.311739979164966
JMISMDL,JMI Syringes & Medical Devices Ltd.,136.4,3.7262357414448712,0.0,-4.615384615384611,8.082408874801903,11.803278688524594,15.593220338983055,-13.670886075949364,-52.066150024189355,13.250304884143098,293.85137880488315,5.040946228312986,3.8844929434650033
JUTESPINN,Jute Spinners Limited,213.0,-0.1406469760900194,-3.576278859212316,-4.484304932735426,-4.484304932735426,-6.496927129060584,9.1188524590164,3.1976744186046484,27.54491017964072,261.0169491525424,220.30075187969925,4.609885284330418,3.770011893075609
KARNAPHULI,Karnaphuli Insurance PLC,59.5,2.409638554216865,2.7633851468048385,12.689393939393945,75.0,110.24734982332156,108.7719298245614,83.07692307692308,17.821782178217823,475.4276346075139,117.97053168900814,7.127098360989627,5.404687609441504
KAY&QUE,Kay and Que (Bangladesh) Ltd.,381.1,-2.131484334874154,-4.246231155778888,-9.305092812946208,-21.74537987679671,-16.241758241758237,0.9803921568627572,3.8473003765884983,33.72743464503501,1385.860385118629,1818.6979750783541,2.7765290598487096,2.564897828753688
KBPPWBIL,Khan Brothers PP Woven Bag Industries Ltd,33.8,-2.028985507246385,-6.887052341597797,-14.861460957178855,-29.875518672199178,-36.105860113421556,-29.58333333333334,-75.92592592592592,116.66666666666664,69.13852462080294,0.9792975563321435,3.7751928951079536,3.4072769899956636
KDSALTD,KDS Accessories Ltd.,47.2,-0.631578947368415,-0.21141649048624592,-8.34951456310679,-6.163021868787266,18.000000000000007,14.841849148418493,0.4255319148936231,-18.352553344953023,-2.8743502051986263,-9.543644925128964,2.7573471321035514,2.3149801524902696
KEYACOSMET,Keya Cosmetic Ltd.,5.2,-1.886792452830182,-8.771929824561402,-10.344827586206891,4.0000000000000036,-5.4545454545454515,15.555555555555559,8.333333333333341,-48.51485148514851,-29.38880025033299,-66.73217287359967,7.99476684723236,4.383969700782817
KOHINOOR,Kohinoor Chemical Company (Bangladesh) PLC,534.4,0.07490636704119424,0.11240164855751644,-1.0370370370370412,5.031446540880496,4.743237945903566,6.901380276055211,1.351724036579309,79.74960768315303,314.79991230692076,1056.890625213822,2.4350475549747106,2.091749219336349
KPCL,Khulna Power Company Ltd.,11.2,-2.6086956521739193,0.9009009009008977,3.7037037037036904,1.8181818181818117,3.7037037037036904,6.66666666666666,1.8181818181818117,-73.07692307692308,-80.06472493973878,-74.0761522665287,4.220518446618815,4.4724661528486385
KPPL,Khulna Printing & Packaging Ltd,13.8,0.0,-2.8169014084506943,-9.80392156862745,-15.853658536585353,-13.207547169811319,-13.749999999999996,-19.76744186046511,-15.337423312883434,45.26315789473685,-59.94722959266644,3.8881157967487727,3.1871389799701335
KTL,Kattali Textile Ltd.,12.3,-0.8064516129032229,-1.5999999999999943,1.65289256198348,26.80412371134022,33.69565217391306,6.034482758620699,-13.986013986013985,-61.442006269592476,-35.70544040705143,-35.70544040705143,4.339832001083864,4.145136372827411
LANKABAFIN,LankaBangla Finance PLC,15.8,0.0,-0.6289308176100606,-12.22222222222222,10.489510489510488,-2.4691358024691272,28.455284552845526,-4.242424242424238,-61.08374384236453,-13.961558435986808,-44.81957662031571,2.79475797813583,3.3572119990819043
LEGACYFOOT,Legacy Footwear Ltd.,73.6,3.516174402250352,5.142857142857134,-4.415584415584423,-1.997336884154461,38.60640301318266,35.793357933579315,-1.8666666666666742,-5.6410256410256485,186.4738449801848,369.9961531325731,3.0570618085760692,3.15854646625081
LHB,LafargeHolcim Bangladesh PLC,53.8,2.476190476190471,0.373134328358201,-7.401032702237529,1.3182674199623272,6.746031746031744,14.225053078556254,-6.271777003484322,-31.725888324873097,-29.765013054830284,640.2398288161548,2.5877376594063466,2.189591546879127
LIBRAINFU,Libra Infusions Ltd.,594.3,-0.6187290969899741,-2.6216614779616583,-6.703296703296711,-6.187845303867411,-5.816164817749611,-6.5566037735849125,-24.886248736097077,21.616643320975438,62.08181802120983,404.5943390990059,2.475161910122049,2.4257471949615854
LINDEBD,Linde Bangladesh Limited,692.7,0.028880866425999345,-0.3309352517985546,-4.071458246780221,4.986359502879675,-13.412499999999996,-8.735177865612643,-28.061065531207802,-49.81162150412983,-50.41162574271601,34.37439379243454,1.0014221991457057,0.964486265701455
LOVELLO,Taufika Foods and Lovello Ice-cream PLC,48.2,-7.129094412331398,-21.626016260162597,-33.05555555555555,-34.7767253044655,-28.80354505169867,-29.325513196480937,-51.61567865532982,63.738235556821216,271.1400004861934,271.1400004861934,8.995891078186322,4.816818204811035
LRBDL,Lub-rref (Bangladesh) Ltd,14.5,0.0,-2.0270270270270316,-11.585365853658528,27.192982456140346,36.79245283018869,46.46464646464646,0.0,-72.58979206049149,-64.19753086419753,-64.19753086419753,3.3496168582375505,3.2319394707431917
LRGLOBMF1,LR Global Bangladesh Mutual Fund One Units,4.3,2.3809523809523725,0.0,-15.68627450980392,26.470588235294112,48.275862068965516,53.57142857142858,22.857142857142854,-49.411764705882355,-30.645161290322584,-53.26086956521739,8.26694139194139,6.054004042090225
MAGURAPLEX,Magura Multiplex PLC,86.3,1.0538641686182568,-1.931818181818185,-7.799145299145297,2.494061757719708,3.1063321385901963,2.8605482717520756,-22.600896860986552,-51.75776418849983,382.9222776408645,382.9222776408645,3.440979642570313,2.734712678319748
MAKSONSPIN,Maksons Spinning Mills PLC,6.3,-1.5625000000000084,3.278688524590167,-1.5625000000000082,8.620689655172415,1.6129032258064457,34.042553191489354,-4.545454545454543,-77.73851590106007,-4.130434615879023,-60.978932399248414,5.7693292370711715,4.725466204063427
MALEKSPIN,Malek Spinning Mills PLC,50.6,-1.3645224171539878,7.659574468085109,9.52380952380952,73.88316151202748,84.0,75.08650519031144,47.09302325581396,39.39393939393941,212.34567901234573,102.4,5.868624019009374,4.286911128849913
MARICO,Marico Bangladesh Limited.,2696.7,-0.07781236104936874,-1.3534769726012366,-1.2197802197802265,-1.8310884601383393,-3.6892857142857207,1.6433605970374245,-8.119250425894384,16.22204025341549,118.53322528363044,618.1624500665778,1.630842634870873,0.6649818617741293
MATINSPINN,Matin Spinning PLC,62.4,-0.16000000000000228,0.6451612903225784,-0.6369426751592334,24.302788844621503,32.20338983050846,34.19354838709677,11.827956989247314,7.958477508650521,52.94117647058824,38.666666666666664,3.4005843573236936,3.510278414655042
MBL1STMF,MBL 1st Mutual Fund 2010- Units,8.8,2.32558139534885,1.1494252873563382,14.285714285714294,131.5789473684211,125.64102564102566,158.8235294117647,91.30434782608698,6.024096385542168,41.93548387096775,27.536231884057973,6.82479851849497,5.391533290628621
MEGCONMILK,Meghna Condensed Milk Industries Ltd.,34.6,-6.486486486486482,-12.405063291139237,-1.1428571428571388,-30.799999999999997,20.138888888888893,140.2777777777778,83.06878306878309,18.493150684931514,387.32394366197184,264.2105263157895,8.638780820397107,5.415860083937715
MEGHNACEM,Meghna Cement Mills PLC,29.9,-0.6644518272425343,-1.967213114754103,-5.678233438485806,-5.974842767295605,-10.210210210210208,2.047781569965863,-41.487279843444234,-62.701521809620104,-58.02309892782419,-59.520828278584204,5.865810679673733,3.8234013725134477
MEGHNAINS,Meghna Insurance PLC,38.2,-0.7792207792207718,0.7915567282322012,-1.2919896640826873,21.269841269841276,39.4160583941606,35.943060498220646,40.44117647058825,247.2727272727273,247.2727272727273,247.2727272727273,3.9701149870917556,4.144597699523127
MEGHNALIFE,Meghna Life Insurance PLC,55.8,0.5405405405405355,0.35971223021581966,-8.674304418985278,-3.4602076124567476,6.28571428571428,9.84251968503937,-15.582450832072615,-34.337674678108264,44.65086910952387,-14.324218837419318,3.3787989213394303,3.733466499351509
MEGHNAPET,Meghna Pet Industries Ltd.,71.8,-8.883248730964468,-13.701923076923082,-13.701923076923082,-22.795698924731187,195.47325102880657,229.3577981651376,163.003663003663,100.5586592178771,1116.9491525423728,1021.8749999999998,8.828602033394247,5.596705513354626
MERCANBANK,Mercantile Bank PLC,7.1,1.4285714285714235,0.0,-2.739726027397263,0.0,-19.31818181818183,-4.054054054054063,-26.041666666666668,-55.57055229497399,11.938132809322441,-31.376032875156206,2.5942028985507184,2.4165646393942195
MERCINS,Mercantile Islami Insurance PLC,43.2,1.8867924528301987,1.6470588235294183,-5.470459518599562,47.94520547945207,80.00000000000001,69.41176470588236,60.00000000000001,-23.40425531914893,266.1016949152542,56.58252475020682,4.4524532558736265,4.2695165746415435
METROSPIN,Metro Spinning Ltd.,10.9,-2.678571428571419,10.1010101010101,13.541666666666673,15.957446808510637,21.111111111111114,28.23529411764706,-5.217391304347823,-64.78461530226556,49.66538451810213,-27.46985194731626,6.283614005690037,4.896205547820454
MHSML,Mozaffar Hossain Spinning Mills Ltd.,20.8,-3.703703703703707,2.9702970297029774,-12.236286919831219,-6.3063063063063005,11.827956989247308,54.07407407407408,15.555555555555559,-14.403292181069958,35.20601182715109,-15.939887616228802,4.243220833954513,3.6974439870541143
MIDASFIN,MIDAS Financing PLC,5.4,-5.263157894736839,-3.571428571428559,-12.90322580645161,-5.263157894736839,-24.999999999999996,20.000000000000007,-16.92307692307692,-73.77884615901475,-60.363818833400565,-78.05019260100357,4.083694083694089,4.191171227005741
MIDLANDBNK,Midland Bank PLC,17.2,0.5847953216374144,-3.3707865168539404,-7.5268817204301195,13.90728476821192,2.3809523809523725,0.5847953216374144,-8.02139037433155,96.84444371612,96.84444371612,96.84444371612,3.254119633060015,2.8040224592389125
MIRACLEIND,Miracle Industries Limited,28.0,-1.0600706713780943,-3.4482758620689653,-7.284768211920528,0.35842293906810546,-6.35451505016722,-11.949685534591197,-22.86501377410468,-33.01435406698564,19.157893345113745,203.80608172381864,4.389735136369391,3.2184488734018983
MIRAKHTER,Mir Akhter Hossain Ltd,35.5,-1.6620498614958488,-0.28089887640449834,-16.470588235294116,-24.46808510638298,29.09090909090909,28.623188405797094,5.029585798816577,-61.78686759956943,-56.17283950617284,-56.17283950617284,3.6254716043591504,3.3737367677699597
MITHUNKNIT,Mithun Knitting & Dyeing (CEPZ) Ltd.,14.2,0.7092198581560258,1.4285714285714235,-4.054054054054063,-19.31818181818183,-11.801242236024859,-2.739726027397263,-27.179487179487186,-46.00760456273765,-75.65714275977143,-72.80109114575184,6.554973088637626,7.04104694772253
MJLBD,MJL Bangladesh PLC,91.5,-0.5434782608695652,-0.7592190889370963,-2.6595744680851063,1.893095768374168,0.5494505494505495,1.6666666666666667,-6.153846153846154,-3.0720338983050905,-16.45652153027174,60.76041643345242,1.624133098065367,1.4127764200512494
MLDYEING,M.L. Dyeing & Textile Ind. PLC,12.8,-5.18518518518518,-1.538461538461533,-24.26035502958579,26.732673267326746,45.45454545454545,52.38095238095239,24.271844660194173,-59.62145110410094,85.47200078306278,85.47200078306278,5.609063462936381,7.071386526376214
MONNOAGML,Monno Agro & General Machinery Ltd.,327.0,0.6153846153846154,-2.8809028809028776,-8.531468531468532,-7.627118644067797,-7.861369399830933,-11.502029769959405,-19.279190323376948,-20.56823955361898,786.8861178960559,2529.539543284637,4.571267804207908,2.615301658959341
MONNOCERA,Monno Ceramic Industries Limited.,84.6,-1.052631578947375,-3.4246575342465757,-13.496932515337425,-13.849287169042778,4.059040590405901,3.4229828850855712,-8.737864077669913,-47.745521927115504,217.567250953972,393.99350148395644,3.057653226948641,2.604207204695338
MONNOFABR,Monno Fabrics Ltd.,21.8,-3.111111111111108,1.3953488372093057,-12.44979919678714,-9.91735537190082,0.46082949308756416,1.8691588785046829,5.8252427184465985,-7.6271186440677985,-7.6271186440677985,-7.6271186440677985,5.435549783355483,4.052668273014081
MONOSPOOL,Monospool Bangladesh PLC,109.1,1.9626168224299012,1.6775396085740888,-8.62646566164155,4.3021032504780115,19.365426695842437,15.205913410770846,3.8617546513471486,-27.324118249666054,128.1181808953401,128.1181808953401,2.7650360433126653,2.5990905259060084
MPETROLEUM,Meghna Petroleum PLC,207.2,0.5825242718446546,-0.9560229445506693,-3.538175046554945,-0.09643201542913069,3.033316757831922,7.524649714582253,-2.171860245514647,2.6759167492566784,17.593643586833146,45.171974377121,1.346252332150083,0.9475278099252846
MTB,Mutual Trust Bank PLC,13.3,-0.7462686567164152,-0.7462686567164153,-0.7462686567164153,18.222222642567907,28.33477007485663,35.63837486735217,26.390303795079284,6.247680350514452,127.12845257832687,173.82183912565898,3.5505054283741497,2.380002718945705
NAHEEACP,Nahee Aluminum Composite Panel PLC,35.9,1.9886363636363515,7.807807807807812,-0.8287292817679676,-6.510416666666667,79.49999999999999,94.05405405405403,43.599999999999994,-29.882812500000007,-43.039546729593084,-43.039546729593084,7.48500665315753,4.349358987953197
NATLIFEINS,National Life Insurance PLC,98.6,1.1282051282051224,-0.4040404040404098,-4.918032786885254,-3.238469087340541,-1.4000000000000057,5.1172707889125775,-19.837398373983742,-58.30866807610994,-19.507099250327293,-27.415154314317448,2.5368582166584357,2.2898305622598847
NAVANACNG,Navana CNG Limited,21.1,0.0,0.9569377990430759,-11.344537815126047,0.47619047619048294,5.500000000000007,-0.9389671361502314,-7.860262008733613,-43.26158508088151,-48.647350738229626,-64.21115352456353,2.97635606021334,2.2500353987327357
NAVANAPHAR,Navana Pharmaceuticals PLC,67.6,1.807228915662633,0.895522388059693,-3.977272727272743,-9.383378016085791,16.15120274914088,29.007633587786252,5.956112852664573,156.06060606060606,156.06060606060606,156.06060606060606,2.7871648580854185,2.4862781041415887
NBL,National Bank PLC,3.5,-2.77777777777778,-2.7777777777777803,-5.40540540540541,-10.256410256410255,-40.67796610169492,9.374999999999995,-2.7777777777777803,-57.83132530120482,-37.31015309016445,-67.19753777895657,4.647058823529417,3.7116863498995287
NCCBANK,National Credit and Commerce Bank PLC,15.0,-1.315789473684206,0.0,-3.225806451612903,-2.5974025974025996,22.834702115222175,27.868911220021634,27.868911220021634,9.200050610292251,113.18544198742113,36.166061759981886,2.1656221758004035,1.8162931545799026
NCCBLMF1,NCCBL Mutual Fund-1 2012- Dividend Units,6.2,-3.1250000000000027,-4.615384615384612,-20.51282051282051,44.186046511627914,51.21951219512197,55.00000000000001,24.000000000000004,-27.05882352941176,0.0,-48.333333333333336,9.81122702434178,6.127961451827045
NEWLINE,New Line Clothings Ltd.,5.8,-4.918032786885243,-4.918032786885243,-19.444444444444446,1.7543859649122744,-9.375000000000009,44.99999999999999,-7.936507936507937,-81.52866242038218,-76.7585299754341,-76.7585299754341,6.8928571428571415,6.118413739971688
NFML,National Feed Mill Ltd,17.1,-1.7241379310344664,3.636363636363645,-13.636363636363633,0.0,13.245033112582792,21.276595744680865,69.30693069306933,-46.858461535518316,19.15798228484131,-38.69600471677671,4.588375944727178,4.573187938234667
NHFIL,National Housing Finance PLC,27.7,0.0,1.46520146520146,-9.477124183006543,9.055118110236224,13.524590163934429,23.111111111111107,5.323193916349805,-51.091492823203886,1.2598185120784589,-9.296778315216022,3.7905307351095745,3.5224088437951404
NITOLINS,Nitol Insurance PLC,52.6,0.9596928982725527,10.504201680672269,42.16216216216217,63.354037267080734,87.85714285714286,87.18861209964412,91.97080291970805,-12.74881495498529,214.81100246953494,120.81374722916793,5.032964082787346,5.278003595108068
NORTHERN,Northern Jute Manufacturing Co. Ltd.,104.0,0.6776379477250754,-1.9792648444863283,-11.035072711719423,-6.474820143884894,-22.21391174270755,21.922626025791327,-7.964601769911504,-73.33333333333333,-59.348534039348536,593.3333379555555,3.931797297064354,4.201916218492
NORTHRNINS,Northern Islami Insurance PLC,39.7,0.0,0.2525252525252561,3.116883116883124,9.40944907734516,49.40860249594462,49.94604354033274,29.456522062771757,-33.83333316791666,184.8043482223365,29.86554530073387,4.015113211050449,4.9503435806951
NPOLYMER,National Polymer Industries PLC,32.4,-0.9174311926605634,0.0,-12.668463611859845,-0.30769230769231204,16.54676258992805,21.80451127819548,-8.474576271186441,-53.17919075144509,-26.2031975027071,124.49998163638654,2.860699628570202,3.1113962430767157
NRBBANK,NRB Bank PLC,6.7,0.0,0.0,-1.4705882352941124,9.836065573770501,-9.459459459459461,9.836065573770501,-27.173913043478255,-25.555555555555554,-25.555555555555554,-25.555555555555554,2.112166440524652,2.984493209139263
NRBCBANK,NRBC Bank PLC,9.0,1.1235955056179736,-1.098901098901095,3.448275862068974,21.621621621621617,36.36363636363637,76.47058823529413,36.36363636363637,-63.89151795861092,-29.22737504100477,-29.22737504100477,4.044809146229029,4.9576044321088775
NTC,National Tea Company Limited,155.5,0.25789813023855945,-1.2698412698412698,-9.593023255813954,-8.529411764705882,-6.88622754491018,-10.529344073647877,-25.598086124401913,-73.09223048970411,-71.33112094395281,-79.8051948051948,5.516908217125508,3.647913637879526
NTLTUBES,National Tubes Limited,65.4,-0.4566210045662057,0.6153846153846241,-6.0344827586206735,4.975922953451057,10.659898477157368,4.6400000000000095,-24.041811846689885,-41.55495978552278,-27.184684702092582,177.54243478372692,2.0947048257711507,2.6096649176882183
NURANI,Nurani Dyeing & Sweater Ltd.,3.2,0.0,-3.0303030303030196,6.666666666666672,-8.571428571428566,-17.948717948717942,60.00000000000001,28.000000000000007,-70.37037037037037,-81.08915203932669,-81.08915203932669,9.484701138519922,8.189891536048089
OAL,Olympic Accessories Ltd,6.8,-2.85714285714286,3.030303030303033,-5.555555555555561,6.249999999999991,3.030303030303033,19.298245614035082,-4.225352112676054,-58.02469135802469,-59.40370039354423,-71.82732798462808,4.693541752365284,3.4010011407945706
OIMEX,Oimex Electrode Ltd.,15.2,-2.5641025641025665,-4.402515723270447,-8.433734939759049,-5.000000000000004,16.030534351145036,-0.6535947712418393,-40.3921568627451,-43.49442379182156,-69.5161871892852,-69.5161871892852,5.405658185198096,3.329419388053078
OLYMPIC,Olympic Industries PLC.,146.7,0.0,0.7554945054945016,-4.4921875000000036,1.874999999999992,-2.8476821192053055,6.613372093023252,-13.092417061611387,-16.647727272727277,-49.180138441959926,98.54135467024544,1.4346264325521705,1.8123623605869565
ONEBANKPLC,One Bank PLC,7.7,-2.531645569620255,-3.749999999999998,-3.749999999999998,-4.938271604938265,-2.531645569620255,10.000000000000002,-2.531645569620255,-16.11052593784532,-16.11052593784532,-16.11052593784532,2.066267066267072,2.1581569323907766
ORIONINFU,Orion Infusion Ltd.,221.2,-1.513802315227073,-4.325259515570934,-18.134715025906736,-29.32907348242812,-42.56037392884966,-34.960305792414005,-59.78181818181818,143.07692307692307,217.816091954023,380.8695652173913,3.595891596419412,3.507827982389479
ORIONPHARM,Orion Pharma Ltd.,26.4,0.7633587786259515,-2.941176470588238,-8.650519031141869,-1.4925373134328437,-12.292358803986719,-2.941176470588238,-37.44075829383887,-62.5531914893617,-28.648648648648656,-61.36585350400001,2.843824528906749,2.3642937172050176
PADMALIFE,Padma Islami Life Insurance Ltd.,16.7,0.6024096385542039,-1.1834319526627177,-5.649717514124294,-4.022988505747123,-4.022988505747123,0.0,-22.32558139534884,-65.70841889117042,-15.084745431686294,-65.9162204861818,3.0623580797691856,3.561543899322821
PADMAOIL,Padma Oil PLC,193.7,-0.15463917525773782,-0.3088008234688743,-3.3433133732535016,7.850779510022269,7.6709282934963765,14.27728613569321,-2.9559118236472974,-12.392582541836276,4.533189422558001,13.941176356647057,1.0381052261355268,0.8885747590931373
PARAMOUNT,Paramount Insurance PLC.,61.7,0.48859934853420894,0.0,-1.2799999999999954,20.5078125,25.661914460285136,41.83908045977012,32.40343347639485,-33.72717508055853,792.5957385277609,368.85493906306795,4.294522108045033,4.365098090815773
PDL,Pacific Denims Ltd.,5.6,-3.448275862068969,-3.448275862068969,-3.448275862068969,-1.75438596491229,-3.448275862068969,21.73913043478261,-15.151515151515152,-65.51219511690422,-71.57409278450629,-71.57409278450629,4.15584415584416,4.431872689978139
PENINSULA,The Peninsula Chittagong PLC,22.0,4.265402843601889,0.0,-12.0,-4.3478260869565215,7.317073170731708,20.218579234972673,69.23076923076923,-6.7796610169491585,47.651006711409394,-39.210526163815786,5.0803126682773785,3.8064556841029153
PEOPLESINS,Peoples Insurance PLC,62.7,0.48076923076923767,-1.8779342723004628,0.8038585209003215,24.9003984063745,62.435233160621756,72.72727272727275,75.13966480446929,9.42408376963352,320.80536912751677,137.50000000000003,4.424261940518262,4.045741492238288
PF1STMF,Phoenix Finance 1st Mutual Fund Units,14.8,2.77777777777778,4.964539007092207,5.71428571428572,85.00000000000001,196.00000000000003,196.00000000000003,202.0408163265306,52.57731958762888,236.36363636363635,87.34177215189872,7.926565020658746,4.5506857231317674
PHARMAID,Pharma Aids Limited.,575.9,-0.017361111111115057,-3.631191432396259,-5.775523560209435,-1.353203151764299,5.187214611872142,16.81541582150101,-6.827374211292678,26.627088830255047,111.41703377386197,311.0635260528194,2.0016337476730914,2.4174069315766378
PHENIXINS,Phoenix Insurance PLC,51.1,0.7889546351084784,0.0,3.0241935483870965,18.561484918793504,80.56537102473499,90.67164179104478,76.20689655172414,-25.942028985507243,151.72413793103448,14.06250000000001,5.044268814055831,4.754999945708908
PHOENIXFIN,Phoenix Finance and Investments Ltd.,3.8,-2.5641025641025665,-2.5641025641025665,-11.627906976744187,2.702702702702693,-19.14893617021277,58.333333333333336,18.74999999999999,-88.58858858858858,-72.10718290614247,-86.07231140611344,4.957325746799427,6.469627545205208
PHPMF1,PHP First Mutual Fund Units 2010-,3.5,-5.40540540540541,-5.40540540540541,-20.45454545454546,12.90322580645161,25.000000000000007,45.83333333333334,9.374999999999995,-50.70422535211267,-7.250000352449993,-37.32750043603048,6.110177404295057,5.433133321899354
PIONEERINS,Pioneer Insurance PLC,68.1,-0.2928257686676469,-0.5839416058394243,-0.43859649122808675,14.261744966442942,36.45992400527193,48.65904401446548,50.85443075688289,-42.28632052245572,188.40350092188174,69.95206285945922,3.624837604120842,3.5419258682987462
PLFSL,Peoples Leasing and Financial Services Ltd.,1.9,-5.000000000000004,0.0,-20.833333333333336,11.76470588235294,-20.833333333333336,258.49056603773585,35.714285714285715,-36.66666666666667,-72.46376811594203,-93.5294117705154,10.52631578947369,10.989033774902282
POPULAR1MF,Popular Life First Mutual Fund Units 2010-,3.6,0.0,0.0,-16.279069767441854,20.000000000000004,28.571428571428584,50.00000000000001,12.499999999999996,-47.826086956521735,1.5964995287319395,-31.4154038392952,5.377429759782706,5.534189273472657
POPULARLIF,Popular Life Insurance Co. Ltd.,61.3,0.9884678747940597,0.0,3.1986531986531963,3.1986531986531963,30.982905982905987,44.23529411764705,11.86131386861314,-40.07820136852395,-10.117302052785933,-44.98717915710257,2.9505525049066144,3.3018458953699983
POWERGRID,Power Grid Co. of Bangladesh Ltd.,39.2,1.2919896640826873,4.255319148936174,-5.084745762711851,12.000000000000009,27.68729641693812,45.724907063197044,13.953488372093037,-34.557595993322195,-33.44651952461799,-27.808471454880287,3.885959400201049,2.9803638807816633
PRAGATIINS,Pragati Insurance PLC,76.3,-0.3916449086161843,-0.9090909090909128,-1.6752577319587594,8.380681818181804,12.43061475018417,9.303198484487515,34.57020497204863,-4.377152691726219,337.05975001453953,91.84057110609147,4.674602363584862,3.95721848149022
PRAGATILIF,Pragati Life Insurance PLC,151.8,7.43099787685775,-0.6544502617801047,-8.277945619335341,-11.41644570934106,-20.48571436522857,12.976995825801422,2.6306083771562343,63.132533776559704,212.23727421401242,129.22118950809795,4.657402534557809,3.9164942999771033
PREMIERBAN,The Premier Bank PLC,5.9,0.0,3.5087719298245643,3.5087719298245643,47.50000000000001,5.35714285714287,47.50000000000001,-10.606060606060597,-52.85979742239402,52.416812427944954,-19.314350085883298,3.3212341197822206,2.9893241093911826
PREMIERCEM,Premier Cement Mills PLC,46.8,-0.21321961620469387,-2.5000000000000058,-6.212424849699401,9.345794392523365,22.193211488250654,19.3877551020408,-9.126213592233015,-43.6144578313253,-53.43283582089552,-55.42857142857143,2.4957045259249093,3.213492690137287
PREMIERLEA,Premier Leasing & Finance Limited,2.2,-4.347826086956506,0.0,-31.25,-21.428571428571416,-15.384615384615381,307.4074074074074,10.000000000000009,-82.81250000000001,-68.53983793958179,-83.76982963760439,9.359119141727831,8.767152407966401
PRIME1ICBA,Prime Bank 1st ICB AMCL Mutual Fund Units,6.0,0.0,1.694915254237282,-16.666666666666668,30.43478260869566,39.53488372093024,39.53488372093024,22.44897959183673,-25.0,11.111111111111104,-16.666666666666668,5.4983230418109965,6.004658046387171
PRIMEBANK,Prime Bank PLC,28.9,0.6968641114982554,-2.0338983050847506,-4.304635761589406,-2.0338983050847506,-6.630769012428879,5.364583596744789,2.5168921481841187,32.92147416789974,115.18231079294904,1.7172597640527005,1.8680348124801878,1.1660279395407924
PRIMEFIN,Prime Finance and Investment Ltd.,3.1,-3.1250000000000027,-3.1250000000000027,-20.51282051282051,-8.823529411764701,-38.0,181.8181818181818,29.166666666666675,-79.60526315789474,-58.10810810810811,-88.58895701041062,6.666666666666663,6.281262632387419
PRIMEINSUR,Prime Islami Insurance PLC,55.0,0.9174311926605505,1.8518518518518519,-4.8442906574394415,46.27659574468084,80.32786885245902,83.94648829431439,56.249999999999986,-8.180300500834722,248.10126582278482,54.00000036344,5.760918438679252,6.123938513880028
PRIMELIFE,Prime Life Insurance Company Limited,38.2,0.0,0.5263157894736917,-8.393285371702637,-11.368909512761018,16.10942249240123,15.757575757575765,-20.746887966804977,-48.308525033829504,-34.923339011925044,-57.9799999357094,2.3831561083001,4.019525945528612
PRIMETEX,Prime Textile Spining Mills Ltd.,16.2,-3.5714285714285796,3.846153846153844,-7.954545454545467,-19.000000000000004,-11.47540983606558,17.391304347826075,4.51612903225806,-35.4581673306773,-19.801980198019802,-19.801980198019802,5.894753101477385,4.205370630379297
PROGRESLIF,Progressive Life Insurance Co. Ltd.,38.1,-1.2953367875647668,-6.388206388206391,-6.388206388206391,-11.188811188811183,-13.013698630136977,-16.44736842105263,-36.5,-67.68447837150127,-1.4276795253703263,-49.07384511801248,4.678836558191479,4.3069240259968895
PROVATIINS,Provati Insurance PLC,58.7,3.527336860670194,2.443280977312401,-1.5100671140939572,32.5056433408578,92.45901639344264,104.52961672473869,71.63742690058479,-61.65991010877754,570.21982584597,214.28309443897206,5.2144383732206485,3.994427175633872
PTL,Paramount Textile PLC,74.8,1.217861975642749,6.857142857142853,15.610510046367843,23.026315789473685,42.47619047619047,44.401544401544406,31.458699472759225,43.036424044483915,614.6099091631448,192.76674621218746,2.4732167906998863,2.143834889360793
PUBALIBANK,Pubali Bank PLC,38.1,0.2631578947368458,-1.0389610389610353,-2.307692307692304,9.169054441260753,18.41894716183782,41.79615031795902,42.71990372949889,123.60230831975441,237.58688585988824,118.55127665885031,1.4290689194222728,2.2594495829321546
PURABIGEN,Purabi General Insurance Co. Ltd.,30.5,-0.3267973856209197,-1.6129032258064515,-3.785488958990534,-7.294832826747716,49.50980392156864,57.21649484536084,60.526315789473685,-40.726415313651884,279.2921456228498,3.0288119981547013,4.473325196909622,3.5701953033713383
QUASEMIND,Quasem Industries Limited.,42.2,0.7159904534606307,0.0,-9.247311827956983,-4.090909090909085,8.76288659793816,11.5865383381495,-3.08977045404177,0.3003568341111529,3.0780729088806353,165.56166650218313,2.8008392817458807,2.3041071598092513
QUEENSOUTH,Queen South Textile Mills Ltd.,15.7,-4.848484848484853,2.614379084967311,-18.229166666666668,16.29629629629629,35.34482758620689,31.932773109243687,9.79020979020978,-47.83072120657863,-35.3444813745785,-35.3444813745785,4.787832322900887,5.175074841717817
RAHIMAFOOD,Rahima Food Corporation Ltd.,74.5,-0.5340453938584855,9.07759882869693,-14.071510957324108,-29.047619047619047,-35.21739130434783,-53.4375,-49.66216216216216,-79.96773326162946,41.904761904761905,333.13953488372096,3.676849008790457,4.262193763977202
RAHIMTEXT,Rahim Textile Mills Ltd.,198.4,-0.8991008991008906,1.9003595274781804,-6.72308415608838,-0.7999999999999972,1.691440287032297,-6.985466479137367,4.973544973544977,-42.15743440233236,5.314179944069889,391.91296340263085,4.430696642676729,3.9042822948832954
RAKCERAMIC,RAK Ceramics (Baneladesh) Limited,30.0,-1.315789473684206,-4.761904761904762,-3.5369774919614194,20.48192771084338,30.434782608695652,35.135135135135144,15.384615384615385,-35.8974358974359,-32.77777774229938,-25.26470592831514,2.7394124356303187,3.0095363160558044
RANFOUNDRY,Rangpur Foundry Limited,152.9,-0.5851755526658035,-0.7142857142857106,-6.138735420503376,-1.9871794871794835,3.6610169491525464,6.997900629811056,-8.388256440982625,-9.526627218934909,36.639857015192135,146.61290322580646,4.853385750798874,3.1999849037379176
RDFOOD,Rangpur Dairy and Food Products Limited,24.6,-2.7667984189723294,2.0746887966804977,-12.142857142857139,-17.4496644295302,20.000000000000007,23.000000000000007,-9.558823529411757,-46.54430399990079,171.98672975418768,52.04602194260698,7.1349557452735555,3.9936015687191624
RECKITTBEN,Reckitt Benckiser (Bangladesh) PLC,3287.1,-0.41806779969099883,-0.45727091030222006,-1.0743950884796036,-0.2397572078907463,-7.665730337078654,-3.8859649122807043,-3.6097589584188587,-25.513256288239297,111.38906752411576,344.8037889039242,0.44149912279028297,0.42666915552905993
REGENTTEX,Regent Textile Mills Ltd.,6.2,-3.1250000000000027,-3.1250000000000027,-13.88888888888889,-6.060606060606053,24.000000000000004,55.00000000000001,82.3529411764706,-62.42424242424242,-38.90393774684928,-75.83650732047002,6.380248335893492,6.1296879779469355
RELIANCE1,Reliance Insurance Mutual Fund Reliance One Units,12.3,-3.90625,-11.510791366906473,-0.8064516129032229,16.037735849056617,-3.1496062992125875,-21.656050955414006,-8.208955223880595,-1.5999999999999943,48.192771084337345,35.16483516483518,6.018945598960812,4.3498626806844785
RELIANCINS,Reliance Insurance PLC,109.7,-1.9660411081322635,1.1059907834101408,-3.0918727915194344,16.70212765957447,56.71428571428572,67.73700305810397,65.21084337349397,1.1059907834101408,243.55458724884784,127.17546941041002,4.976878025194951,4.507197777378418
RENATA,Renata PLC,466.3,0.6258092360811468,0.40913006029285837,-1.0608953957139826,12.091346153846157,7.6408125577100705,18.954081632653065,-8.56862745098039,-61.61723903692492,-28.706326037907328,50.11125893688168,0.8820519207772077,1.0395727201346523
RENWICKJA,Renwick Janeswar and Co. (BD) Limited,768.9,-1.6374568248688843,-1.1696658097686405,-17.233584499461788,39.79999999999999,44.9387370405278,57.30360065466448,12.330168005843678,-34.466888263871134,13.877369668246434,879.4904458598726,3.973033936448082,5.016625339061011
REPUBLIC,Republic Insurance PLC,41.7,-0.9501187648456023,4.511278195488733,12.70270270270271,27.52293577981651,31.545741324921146,52.18978102189783,22.64705882352942,-25.1233709626461,403.12678516879,103.32075381328428,3.9190863782334,4.6163064047582045
RINGSHINE,Ring Shine Textiles Ltd.,4.0,-4.761904761904765,-4.761904761904766,-21.568627450980387,11.111111111111109,5.263157894736847,24.999999999999993,33.333333333333336,-72.6027397260274,-73.06666666936,-73.06666666936,7.767650834403089,6.38819167476502
ROBI,Robi Axiata PLc,30.2,-0.9836065573770515,-1.6286644951140066,-5.329153605015672,0.6666666666666643,-2.2653721682847876,6.71378091872791,2.372881355932201,-28.941176470588236,101.33333333333333,101.33333333333333,1.9500519663948772,1.3779563477737298
RSRMSTEEL,Ratanpur Steel Re-Rolling Mills Ltd,7.3,-2.6666666666666687,-3.9473684210526296,-7.594936708860766,-12.048192771084347,-16.0919540229885,8.955223880597009,-22.3404255319149,-79.72222222222223,-78.35230404999594,-83.89411414889157,3.391780821917808,2.825133451853015
RUNNERAUTO,Runner Automobiles PLC,47.0,-2.892561983471072,-5.05050505050505,2.620087336244548,12.171837708830552,46.875,27.027027027027028,45.96273291925465,-28.02450229709035,-49.28057541550644,-49.28057541550644,3.685266932822352,4.211635762804173
RUPALIBANK,Rupali Bank PLC,17.2,-1.7142857142857182,-2.824858757062147,-2.824858757062147,1.7751479289940872,-7.02702702702703,-0.578034682080933,-22.52252252252252,-46.29387758313448,24.700154943060017,-42.637929053070565,3.4366575067399454,2.419748169927347
RUPALIINS,Rupali Insurance Company Ltd.,29.6,0.33898305084746244,-1.0033444816053416,-0.671140939597313,9.436619991901416,40.000000350000015,45.23364522289721,29.500000323750015,-36.31147525061475,143.17593708642195,-5.555163293958048,3.9039737372460284,3.9855592957830286
RUPALILIFE,Rupali Life Insurance PLC,81.8,1.7412935323382976,3.6755386565272388,-10.893246187363834,-7.150964812712824,0.8631319358816312,4.071246819338426,-15.670103092783508,1.8754575545315177,199.01658231074404,-18.7313863784346,2.770349937326639,3.20056999161088
SAFKOSPINN,Safko Spinning Mills Limited,22.1,0.913242009132433,7.281553398058252,3.755868544600942,-5.957446808510633,54.545454545454554,60.14492753623189,24.15730337078652,-30.24687500697531,113.48442100432302,11.920343133713653,6.379399248844555,4.601916141392335
SAIFPOWER,SAIF Powertec Ltd.,9.4,-2.083333333333326,-1.0526315789473646,-5.05050505050505,36.231884057971016,27.027027027027025,88.00000000000001,40.298507462686565,-67.43790862272391,-39.42959431359876,-31.614903497858183,4.180580008554404,4.46936139030818
SAIHAMCOT,Saiham Cotton Mills Ltd.,24.0,-9.433962264150944,15.384615384615381,6.666666666666667,19.40298507462686,21.827411167512693,22.44897959183673,29.03225806451612,18.226600985221673,83.20610687022901,-7.042253599682606,10.480243415741386,5.177445775098672
SAIHAMTEX,Saiham Textile Mills Ltd.,34.4,-9.947643979057602,7.499999999999996,31.800766283524894,89.01098901098901,74.61928934010153,98.84393063583813,107.22891566265058,41.563786008230444,167.55555612039504,46.77738510935004,7.884345078382127,5.031018262859275
SALAMCRST,S. Alam Cold Rolled Steels Limited,12.3,0.0,-1.5999999999999943,-6.818181818181808,-20.645161290322577,-23.124999999999996,-17.4496644295302,-33.51351351351351,-65.2542372881356,-54.44444444444444,-74.15966386554621,3.4490216816499215,4.172437899890128
SALVO,Salvo Organic Industries PLC,33.9,-0.5865102639296271,1.1940298507462643,-10.78947368421053,-11.71875,9.708737864077671,11.881188118811874,1.1940298507462643,-36.635514018691595,233.70312660073216,98.01759873873607,2.1017583391340944,2.9320645880779446
SAMATALETH,Samata Leather Complex (Pvt.) Ltd.,92.8,0.10787486515641241,-2.3157894736842137,-11.870845204178538,-14.78420569329661,5.4545454545454515,10.476190476190473,-17.876106194690266,-12.03791469194313,257.1924516871728,531.0399979806721,3.4504735486228886,4.5967761163041665
SAMORITA,Samorita Hospital Ltd.,94.2,-4.655870445344124,-5.894105894105885,-2.2821576763485507,34.37945791726107,36.9186046511628,29.573590096286107,14.878048780487807,30.820250181807435,74.73590422391645,139.96154073721488,7.859543976144227,7.204756490544637
SANDHANINS,Shandhani Life Insurance Co.Ltd,25.7,1.5810276679841841,-0.3875968992248117,-8.865248226950355,5.761316872427978,30.456852791878173,33.16062176165802,5.327868852459019,-40.91954022988506,30.30986022677406,-39.639357723045585,3.568606794618723,2.8651556710201187
SAPORTL,Summit Alliance Port Limited,59.0,-0.3378378378378426,-2.960526315789469,1.7241379310344827,23.173277661795414,22.661122661122654,40.14251781472684,89.71061093247587,92.81045751633987,52.651707059486455,179.95604046740272,3.724916841261685,2.5335047227236003
SBACBANK,SBAC Bank PLC.,6.7,-2.898550724637684,-2.8985507246376834,-8.219178082191776,8.064516129032258,-4.285714285714283,8.064516129032258,-15.18987341772152,-70.4299159216587,-36.02109080974911,-36.02109080974911,3.7428166653364245,3.6283026377868772
SEAPEARL,Sea Pearl Beach Resort & Spa Ltd.,35.6,-1.1111111111111072,-3.7837837837837798,-10.552763819095468,-4.301075268817208,-5.820105820105809,7.8787878787878824,-39.24914675767918,-16.0377358490566,48.33333370416668,48.33333370416668,3.3932689043304327,3.321874456295615
SEMLFBSLGF,SEML FBLSL Growth Fund Units,7.0,1.4492753623188355,2.941176470588238,-16.666666666666668,29.629629629629623,40.0,42.85714285714285,37.25490196078432,-42.62295081967213,14.754098360655743,14.754098360655743,4.113926148414833,4.623297674683113
SEMLIBBLSF,SEML IBBL Shariah Fund Units,7.9,-1.2499999999999956,2.5974025974025996,-7.058823529411761,29.508196721311485,31.66666666666667,36.20689655172415,19.696969696969706,-31.30434782608695,-42.33576642335766,-42.33576642335766,2.924038250778752,2.7927908847926965
SHAHJABANK,Shahjalal Islami Bank PLC,17.5,-0.5681818181818262,-0.5681818181818262,0.5747126436781691,8.024691358024695,-2.234636871508372,6.707317073170741,-7.4074074074074,-16.935484166478368,135.36355709575793,7.571090431233522,1.02857142857143,1.0894450236821598
SHARPIND,Sharp Industries PLC,21.6,-9.243697478991592,-26.279863481228663,-45.316455696202524,27.05882352941177,30.909090909090917,67.44186046511629,13.089005235602093,32.515337423312886,32.515337423312886,32.515337423312886,11.437726785419759,9.816757436663394
SHASHADNIM,Shasha Denims PLC,28.0,1.8181818181818181,1.8181818181818181,-6.35451505016722,23.893805309734507,51.351351351351354,76.1006289308176,33.971291866028714,-1.7543859649122806,-0.8137280012340805,-16.115277104068603,3.4491497380753207,3.6724117023572416
SHEPHERD,Shepherd Industries PLC,15.1,-2.580645161290325,-1.307189542483667,-15.168539325842703,-9.580838323353293,19.841269841269842,12.6865671641791,-23.350253807106597,-15.88315249163701,-58.382722476661,-58.382722476661,3.435264335334983,3.692515609337383
SHURWID,Shurwid Industries Ltd,6.0,-1.6393442622950762,0.0,-10.447761194029853,-13.043478260869568,-21.052631578947366,30.43478260869566,-3.225806451612906,-76.74418604651163,-34.000000066,-80.02631586813321,5.054636824405245,4.174528517295017
SHYAMPSUG,Shyampur Sugar Mills Ltd.,303.1,-1.0124101894186694,-0.753110674525198,-7.5914634146341395,83.6969696969697,94.79434447300774,99.40789473684212,75.50665894614941,136.79687500000003,2324.8,3688.7500000000005,4.398239370980134,4.816880308635536
SICL,"Sikder Insurance Co., Ltd.",39.8,0.25188916876572875,-0.2506265664160437,10.555555555555548,2.051282051282044,92.27053140096618,115.13513513513512,70.08547008547008,47.4074074074074,47.4074074074074,47.4074074074074,7.624080151195685,4.965366286568993
SILCOPHL,Silco Pharmaceuticals Ltd.,17.8,-2.19780219780219,4.093567251461984,-17.592592592592595,1.7142857142857184,32.83582089552239,29.927007299270084,2.298850574712656,-47.18100890207715,-26.940298586519823,-26.940298586519823,3.6564870391818474,3.9496074004751924
SILVAPHL,Silva Pharmaceuticals Ltd.,13.5,-1.459854014598535,-2.8776978417266212,-23.29545454545455,7.142857142857145,37.75510204081632,40.62500000000001,3.8461538461538463,-42.06008583690988,-62.69736832779605,-62.69736832779605,3.9979491853708566,4.759273708747788
SIMTEX,Simtex Industries PLC,25.7,-2.281368821292781,2.799999999999997,-8.540925266903923,3.6290322580645102,16.289592760180984,14.22222222222222,27.22772277227723,7.983193277310918,43.87911299767443,-4.606177147640049,4.164290483980152,3.1564537017796788
SINGERBD,Singer Bangladesh Limited,75.3,0.3999999999999962,1.2096774193548272,-4.076433121019112,-8.170731707317076,-11.619718309859161,-11.411764705882355,-32.767857142857146,-59.624664879356565,-44.78849413264087,-25.795937006847673,1.7232709195249543,1.9426740228517279
SINOBANGLA,Sinobangla Industries Ltd.,52.9,1.147227533460806,3.1189083820662797,-9.880749574105629,-6.205673758865248,11.603375527426161,15.50218340611354,-12.993421052631577,11.415374845780772,121.75253637711081,190.8369834094055,2.126350176574644,2.3755227385447477
SIPLC,Sena Insurance PLC,148.6,-1.6545334215751157,6.218727662616146,21.803278688524586,81.21951219512194,154.01709401709402,178.79924953095687,190.234375,210.87866108786613,210.87866108786613,210.87866108786613,5.0632128451876195,6.516297289996547
SKTRIMS,SK Trims & Industries Ltd.,14.0,2.1897810218978155,-1.4084507042253471,-8.496732026143794,-2.097902097902103,52.17391304347827,70.73170731707319,45.83333333333334,-66.82464454976304,-62.3555556318483,-62.3555556318483,3.560809360240449,4.376093717597789
SONALIANSH,Sonali Aansh Industries Limited.,215.6,0.13934045517881233,-0.13895321908291403,-2.0000000000000027,14.680851063829785,32.18884120171674,12.058212058212053,-11.711711711711711,252.64772030259655,999.2989165073295,1497.037037037037,3.5389431141755896,3.256214229349283
SONALILIFE,Sonali Life Insurance PLC,84.7,-0.3529411764705849,-0.23557126030624598,-5.363128491620109,1.9253910950661957,36.83360258481422,39.08045977011495,6.944444444444444,16.346153846153854,670.0,670.0,2.218820112617208,2.794686766998828
SONALIPAPR,Sonali Paper & Board Mills Ltd.,231.1,0.0,-0.772863890081585,-4.661716171617166,-2.6947368421052658,-2.0762711864406804,-2.283298097251588,-16.389290882778578,3.466882262458299,53.119132919036,53.119132919036,1.7693585601532396,2.5905291285458105
SONARBAINS,Sonar Bangla Insurance Ltd.,38.3,0.0,1.861702127659563,-3.037974683544311,-7.338709445766138,54.0804601243229,58.95256953435765,34.05000033512499,-56.0148435317924,310.29353724806435,84.00087019440261,6.564177162272738,4.623595243581645
SONARGAON,Sonargaon Textiles Limited.,100.6,-0.6910167818361331,-5.981308411214958,-1.4691478942213516,69.36026936026936,159.27835051546393,223.47266881028938,161.97916666666669,273.97769516728624,1173.417721518987,438.92857277589275,5.3295196820644195,5.5691493224168935
SOUTHEASTB,Southeast Bank PLC,11.6,-0.8547008547008517,2.6548672566371585,7.407407407407397,21.68627438692463,29.291666620875873,36.39560435063882,34.913043338948476,-16.893976030550537,13.856819907741679,-2.521045428981063,3.419025340491848,3.7607038710363203
SPCERAMICS,Shinepukur Ceramics PLC,20.7,5.0761421319796955,4.020100502512567,-12.288135593220348,-14.107883817427394,8.947368421052628,41.78082191780822,-0.4807692307692376,-44.6524064171123,140.69767441860466,-8.79310371385917,4.962414819412163,3.8915032498873354
SPCL,Shahjibazar Power Co Ltd,52.8,-0.3773584905660431,0.5714285714285661,-9.278350515463927,-4.86486486486487,11.864406779661005,11.1578947368421,6.024096385542169,-51.49116599923306,-57.99693332459974,103.33684504665467,2.5222391541130986,2.4112670015396143
SQUARETEXT,Square Textiles PLC,49.5,-0.2016129032258093,0.40567951318458995,-3.3203125000000053,5.5437100213219646,1.0204081632653061,2.0618556701030926,-12.389380530973451,-1.0,-14.728515197077044,-35.13336178643552,2.2843573454971753,2.560835570902091
SQURPHARMA,Square Pharmaceuticals PLC,217.6,0.276497695852532,-0.13767783386875235,-1.3151927437641748,2.06378986866792,0.6941230911614993,9.346733668341706,-3.5888347363757176,-5.185185185185187,16.726918335726783,107.88060026313961,0.7225223141035954,0.6003975341346741
SSSTEEL,S.S. Steel Ltd,6.7,-1.4705882352941124,4.687499999999997,-10.666666666666664,31.372549019607856,26.415094339622648,63.414634146341484,15.51724137931035,-70.34426242294195,-82.02577621087187,-82.02577621087187,5.040332024940232,4.03246704173308
STANCERAM,Standard Ceramic Industries Ltd.,68.6,-0.14556040756915362,-5.898491083676284,-6.155950752393982,-5.769230769230774,-3.516174402250352,-2.139800285306705,-28.242677824267783,-71.65289256198348,29.433962264150935,179.99999999999997,6.677681077278335,4.246401294043401
STANDARINS,Standard Insurance PLC,50.4,0.3984063745019835,0.5988023952095751,-1.1764705882352968,1.2048192771084367,31.592689295039172,28.900255754475698,16.129032258064516,-50.588235294117645,412.4349977730429,93.09700172136209,4.625338242251658,3.9152499624838715
STANDBANKL,Standard Islami Bank PLC,4.5,2.2727272727272645,-4.255319148936174,-10.0,2.2727272727272645,-29.687500000000004,-6.2499999999999964,-30.76923076923077,-53.17647290823395,-22.079787440586383,-50.324865773978885,5.108019017270783,3.5734959439199625
STYLECRAFT,Stylecraft Limited,54.1,-0.5514705882352889,-2.697841726618705,-10.132890365448507,-1.6363636363636338,9.292929292929296,14.618644067796607,-36.42773207990599,-72.39795918367346,8.221434012556234,120.28298339528085,3.3440216512256833,2.789519965895295
SUMITPOWER,Summit Power Ltd.,15.7,0.0,0.0,-8.187134502923989,9.02777777777777,10.563380281690142,26.61290322580644,3.2894736842105265,-66.45299145299145,-51.09034267912773,-65.80410963705587,3.2744003308519503,2.9288608880813425
SUNLIFEINS,Sunlife Insurance Co. Ltd.,50.1,0.6024096385542255,-7.050092764378474,-26.323529411764703,-28.12051649928264,-2.718446601941745,-4.933586337760913,-12.412587412587413,31.8421052631579,204.17857041826406,-45.831880381194054,4.21779765715194,5.6547555658136295
TAKAFULINS,Takaful Islami Insurance PLC,54.1,4.238921001926787,2.07547169811321,-2.346570397111908,56.35838150289017,72.84345047923323,59.117647058823536,53.693181818181806,-13.439999999999998,334.1911407732735,76.19598892267348,5.727250843139219,4.48209028867769
TALLUSPIN,Tallu Spinning Mills Limited,7.7,-2.531645569620255,-1.2820512820512775,-6.097560975609746,-6.097560975609746,-7.228915662650609,22.22222222222223,30.50847457627118,-48.666666666666664,-45.39007092198582,-66.52173915954631,3.5452836637047165,3.8160409373178084
TAMIJTEX,Tamijuddin Textile Mills PLC,122.5,0.2454991816693921,-2.7777777777777777,-7.825432656132434,-6.488549618320611,6.152512998266893,-2.7777777777777777,-2.847873206889705,7.28503173609033,829.3103435457788,829.3103435457788,4.027351163192339,2.9694894753043886
TECHNODRUG,Techno Drugs Ltd.,44.5,3.729603729603733,-0.6696428571428509,-5.319148936170213,-3.6796536796536854,49.831649831649834,52.397260273972606,19.94609164420485,68.56060606060608,68.56060606060608,68.56060606060608,3.49218439545257,3.612578397988026
TILIL,Trust Islami Life Insurance Ltd.,47.2,3.964757709251111,3.964757709251111,-12.430426716140994,1.5053763440860277,10.798122065727702,6.3063063063063165,-45.747126436781606,329.0909090909091,329.0909090909091,329.0909090909091,3.125879159726313,3.6432678044150353
TITASGAS,Titas Gas Transmission and Distribution PLC,18.1,-0.5494505494505377,1.1173184357542059,-12.135922330097086,7.738095238095241,6.470588235294126,16.025641025641036,-21.982758620689648,-60.48034934497816,-61.1587982832618,-71.63009404388715,2.125133959692441,2.370630175662671
TOSRIFA,Tosrifa Industries PLC,21.1,-2.764976958525336,0.0,-12.448132780082986,5.500000000000007,25.5952380952381,24.117647058823536,-1.860465116279063,7.599502035216023,15.273476960166702,-51.40300760751599,4.694968352223785,3.765515227192584
TRUSTB1MF,Trust Bank 1st Mutual Fund Units,3.7,-5.1282051282051215,2.7777777777777803,-13.953488372093016,19.35483870967742,32.14285714285715,54.16666666666668,8.823529411764714,-50.666666666666664,0.3343473999277213,-43.35670045493066,6.962301753323426,5.419220914058874
TRUSTBANK,Trust Bank PLC,14.7,-0.6756756756756852,-2.000000000000005,-5.1612903225806495,-7.018072056701813,-14.723756717621566,-11.293103226508618,-18.763157691644736,-31.396988666243978,47.89861720829586,54.86914241208175,1.9082564532662452,1.6284841994447328
TUNGHAI,Tung Hai Knitting & Dyeing Ltd,4.2,-6.6666666666666625,-2.325581395348829,35.483870967741936,31.25,7.6923076923077,162.5,75.00000000000001,-47.5,-56.000000067047615,-83.06000003433175,9.54581529581529,8.49551686794372
UCB,United Commercial Bank PLC,9.1,-1.0869565217391266,-1.0869565217391266,-8.080808080808088,3.4090909090908967,-9.000000000000004,-13.333333333333336,-7.142857142857154,-34.30937474955449,-20.805092160863506,-28.239303055190547,2.5274725274725416,2.544552941485242
UNILEVERCL,Unilever Consumer Care Limited,2002.1,0.18013510132598995,-0.5365393213771266,-1.9107344079172996,-3.745192307692312,-7.417341040462432,-7.31018518518519,-20.551587301587304,12.794366197183095,103.51715374841167,498.7588785046729,2.0903782200244487,0.830151128048251
UNIONCAP,Union Capital Limited,4.4,-4.347826086956506,-4.347826086956506,-11.999999999999993,-4.347826086956506,-27.868852459016384,57.14285714285717,0.0,-69.23076923076923,-50.12990632366468,-76.73855661738281,4.499999999999992,4.48106381402967
UNIONINS,Union Insurance PLC,50.4,0.3984063745019835,3.4907597535934203,-6.319702602230482,36.21621621621621,54.128440366972455,36.956521739130444,36.21621621621621,358.1818181818182,358.1818181818182,358.1818181818182,4.884946786069031,4.829303426426413
UNIQUEHRL,Unique Hotel & Resorts PLC,43.4,0.6960556844547497,0.0,-5.446623093681917,11.28205128205128,15.425531914893611,13.315926892950396,-1.5873015873015937,-2.471910112359554,0.4629629629629531,-65.74585635359118,2.3172843831809695,2.46096380070112
UNITEDFIN,United Finance PLC,17.7,-0.5617977528089967,1.724137931034487,-7.3298429319371845,35.11450381679389,37.20930232558138,52.58620689655172,34.09090909090909,-32.95454545454545,3.2500004990416604,-24.076390447956147,4.772427473797378,4.145013745139022
UNITEDINS,United Insurance Company Limited,64.9,2.204724409448828,5.186385737439227,8.166666666666677,51.635514018691616,59.06862745098042,55.26315789473687,46.50112866817158,-11.580381471389645,213.97968186293693,69.99309833783228,4.300140415826132,4.682324353898925
UPGDCL,United Power Generation & Distribution Co. Ltd.,113.0,-1.8245004344048605,-5.121746431570105,-9.9601593625498,-6.765676567656768,-5.042016806722689,-2.670111972437549,-24.161073825503355,-61.499148211243615,30.407225569948558,102.58363264633297,2.9440364889874666,2.1826452537111805
USMANIAGL,Usmania Glass Sheet Factory Limited,59.5,-1.976935749588143,-0.8333333333333334,-20.666666666666668,54.145077720207254,68.55524079320115,75.0,51.01522842639595,-21.710526315789473,-26.60380003439644,22.69570374695638,6.0006470371522465,5.6468225380251535
UTTARABANK,Uttara Bank PLC,20.8,0.0,-1.421800947867302,-1.886792452830182,-1.421800947867302,4.417670682730918,13.537117903930135,20.930232558139544,53.648529561854474,138.36276127705773,60.50178525016851,1.230728335991496,1.0965632481417091
UTTARAFIN,Uttara Finance and Investments Limited,12.9,0.0,-0.7692307692307665,-4.444444444444442,-4.444444444444442,-13.422818791946309,30.3030303030303,-8.510638297872335,-70.94594594594595,-75.37272721115909,-81.76315786742623,4.591904852867084,2.772758357886104
VAMLRBBF,Vanguard AML Rupali Bank Balanced Fund Units,8.1,1.2499999999999956,1.2499999999999956,-4.705882352941181,37.288135593220325,34.99999999999999,42.105263157894726,42.105263157894726,-10.000000000000004,-26.36363636363637,-26.36363636363637,2.254053367713698,2.197124487662501
VFSTDL,VFS Thread Dyeing Ltd.,14.7,-3.289473684210526,5.755395683453229,-16.000000000000004,-7.547169811320762,30.088495575221227,14.843749999999988,72.94117647058822,-44.27797821060616,-37.94632116417676,-37.94632116417676,4.970093980365442,4.755967847229276
WALTONHIL,Walton Hi-Tech Industries PLC,392.2,-0.8845084660096033,2.40208877284595,-0.3050330452465655,7.187756217545781,-0.7088607594936738,3.210526315789471,-13.36947799827711,-69.12915924387246,14.132275018142856,14.132275018142856,2.7405415709573426,1.5589869456185506
WATACHEM,Wata Chemicals Ltd.,136.6,-0.9427121102248088,-5.138888888888893,-2.3588277340957906,-1.7972681524083394,9.983896940418672,-3.8028169014084545,-4.5422781271837875,-57.82648965730164,35.50799439556196,547.4270836064667,3.397821610035656,3.466820693367554
WMSHIPYARD,Western Marine Shipyard Limited,9.1,-2.1505376344086136,-1.0869565217391266,-14.150943396226415,4.5977011494252915,7.058823529411761,10.975609756097565,3.4090909090908967,-44.1717791411043,-33.0875848660823,-73.56959605028224,3.814772862159286,3.1204666483518033
YPL,Yeakin Polymer Ltd.,21.4,-3.603603603603607,-8.547008547008547,-17.692307692307697,-15.748031496062993,29.69696969696969,20.903954802259886,13.829787234042541,29.69696969696969,-14.596052686544358,-14.596052686544358,6.581604313062115,4.48965136775076
ZAHEENSPIN,Zaheen Spinning PLC,5.5,-3.5087719298245648,1.8518518518518452,-3.5087719298245643,-6.7796610169491585,-8.333333333333334,37.5,-23.611111111111114,-52.99145299145299,-54.90509265537055,-61.35456654070122,6.16453064479381,6.196966531876354
ZAHINTEX,Zahintex Industries Ltd.,8.0,-4.761904761904765,-9.090909090909099,-13.04347826086956,-8.045977011494246,2.5641025641025665,37.931034482758626,45.45454545454545,-24.52830188679245,-52.48000026810783,-66.27612925031444,8.60816366710676,4.9498656894443815
ZEALBANGLA,Zeal Bangla Sugar Milla Limited,182.5,0.10970927043334538,-0.054764512595834786,-16.28440366972477,45.883293365307765,39.20671243325707,27.622377622377623,72.16981132075472,4.285714285714286,1026.5432098765432,1997.7011494252874,6.812311520648888,6.875669278153844
