Symbol,Name,Price,Change %,Perf % 1W,Perf % 1M,Perf % 3M,Perf % 6M,Perf % YTD,Perf % 1Y,Perf % 5Y,Perf % 10Y,Perf % All Time,Volatility 1W,Volatility 1M
1JANATAMF,First Janata Bank Mutual Fund Units,4.0,0.0,2.5641025641025665,21.212121212121218,17.647058823529413,48.14814814814813,53.84615384615385,17.647058823529413,-55.0561797752809,-10.307692666806515,-26.42704237624497,4.539712320200131,5.681492064156492
1STPRIMFMF,Prime Finance First Mutual Fund 2009 Units,25.6,-1.9157088122605364,5.349794238683129,8.936170212765964,31.282051282051288,31.958762886597953,28.000000000000007,15.837104072398189,22.488038277511976,212.19512195121956,-16.33986928104575,4.283077321436954,4.072508396253792
AAMRANET,aamra networks ltd,21.5,2.8708133971291936,3.8647342995169116,2.380952380952381,34.375,31.097560975609767,20.78651685393258,16.216216216216218,-47.892843282189,-64.31270157802452,-64.31270157802452,2.669514695830481,3.1087090619980726
AAMRATECH,Aamra Technologies Limited,23.6,7.27272727272728,20.408163265306122,27.567567567567572,84.375,105.21739130434784,91.86991869918698,87.30158730158732,-20.584127299269333,11.773616861226296,-19.74033350680791,6.9017284225362605,4.966979633778068
ABB1STMF,AB Bank 1st Mutual Fund 2011 Units,4.1,0.0,0.0,13.888888888888877,13.888888888888877,51.851851851851826,51.851851851851826,10.810810810810795,-47.43589743589744,-3.4860006761770963,-38.84163934824627,3.802990708478514,6.227368075479205
ABBANK,AB Bank PLC,5.0,2.0408163265306047,0.0,2.0408163265306047,8.695652173913052,-1.9607843137254835,21.95121951219513,-25.373134328358212,-61.23956647813271,-60.61825933413553,-78.27377530164324,1.8367346938775433,2.826385575875366
ACFL,Aman Cotton Fibrous PLC,23.7,-0.8368200836820056,-2.4691358024691414,-1.659751037344407,26.063829787234035,31.66666666666666,31.66666666666666,24.736842105263154,-49.358974358974365,-60.49999999999999,-60.49999999999999,1.9149924388564048,2.660818067554678
ACI,Advanced Chemical Industries PLC,200.1,-1.0385756676557836,-1.4285714285714313,0.3007518796992453,5.59366754617414,0.7045797684952219,2.6153846153846123,-0.39820806371329587,-19.459750039243243,-21.959450987424066,221.31259155313342,1.4831381948815796,1.8490939473750412
ACIFORMULA,ACI Formulations PLC,171.7,0.8220786846740911,-1.0374639769452516,13.034891375905188,22.29344729344728,25.78754578754578,33.10077519379844,22.90622763063708,10.401102538221945,9.263636636795452,149.0124315617576,3.1137265883777334,4.118138119226858
ACMELAB,ACME Laboratories Ltd.,82.4,-0.36275695284159265,-1.904761904761898,-1.904761904761898,7.994757536041952,8.994708994709011,15.56802244039272,-1.904761904761898,-8.748615725359901,-27.71929824561403,-38.962962962962955,0.9738058296934899,1.6847758302661744
ACMEPL,ACME Pesticides Ltd,25.5,-1.9230769230769231,6.25,8.51063829787234,8.974358974358982,46.551724137931046,60.37735849056604,74.65753424657534,131.8181818181818,131.8181818181818,131.8181818181818,5.248842121757264,3.974597648560162
ACTIVEFINE,Active Fine Chemicals Ltd.,6.9,0.0,0.0,0.0,4.5454545454545565,6.1538461538461595,27.777777777777775,-26.595744680851062,-71.48760330578511,-72.42827860518793,-76.59999983558957,2.619352088661545,3.200195697809929
ADNTEL,ADN Telecom Ltd.,66.5,-0.29985007496252297,-2.061855670103101,-5.0,11.764705882352942,6.913183279742761,14.853195164075995,-13.071895424836601,7.605177993527513,64.19753086419753,64.19753086419753,1.6424759958189603,2.360532161351709
ADVENT,Advent Pharma Ltd.,16.3,-0.6097560975609627,3.1645569620253164,3.8216560509554234,20.740740740740744,13.986013986013985,21.641791044776124,7.236842105263167,-39.97833953782945,-55.741588280073245,-55.741588280073245,3.2324517471667855,2.4537671496945195
AFCAGRO,AFC Agro Biotech Ltd.,7.2,-1.3698630136986254,0.0,-8.860759493670887,4.347826086956519,24.137931034482765,44.00000000000001,-14.285714285714286,-79.06976744186046,-77.5419177158211,-68.57739996771957,3.013497652582162,4.323301922144376
AFTABAUTO,Aftab Automobiles Ltd.,30.3,-0.3289473684210456,-3.1948881789137378,0.3311258278145742,14.772727272727282,8.214285714285717,-11.40350877192983,-14.647887323943658,-0.28134279674667506,-33.18849967162147,-55.4589996370354,1.3354991389693178,2.3928232044339994
AGNISYSL,Agni Systems PLC,31.4,-3.975535168195731,-3.9755351681957314,-0.6329113924050722,16.29629629629629,48.11320754716981,50.961538461538446,19.391634980988584,24.6031746031746,100.82555394297752,69.42528714173382,3.595150116194459,3.93606961309593
AGRANINS,Agrani Insurance PLC,30.9,-1.9047619047619095,1.3114754098360608,8.421052631578942,28.21576763485476,26.639344262295083,29.831932773109234,18.846153846153843,-32.9678625502247,270.2822682222006,87.29116103634544,3.384515452695652,4.360650054811051
AIBL1STIMF,AIBL 1st ISLAMIC Mutual Fund 2010- Units,6.4,-1.538461538461533,-3.0303030303030196,23.07692307692308,39.13043478260871,72.97297297297297,88.23529411764707,14.285714285714299,-33.33333333333333,-9.859154929577455,-16.88311688311688,3.9588970057720076,7.108516981981433
AIL,Alif Industries Ltd.,37.1,0.0,-3.8860103626943006,1.0899182561307863,22.039473684210535,32.974910394265244,-8.845208845208848,-20.895522388059696,1.51741283936166,-66.41023086466706,-66.41023086466706,2.3014783880922813,3.0462730091252372
AL-HAJTEX,Alhaj Textile Mills Limited,97.3,0.0,-4.4204322200392925,-4.137931034482762,1.5657620041753655,-31.236749116607776,-29.08163265306122,-23.984375000000004,106.14406779661014,39.70474608000129,320.2269304632743,2.5215504590796805,4.0654339237402235
ALARABANK,Al-Arafah Islami Bank PLC,16.3,0.6172839506172928,-5.232558139534875,1.8750000000000044,20.740740740740744,0.6172839506172928,8.66666666666667,-10.439560439560433,-23.354565322495517,39.85236971071818,-8.90557349193947,2.8283534045292757,2.8163917739533018
ALIF,Alif Manufacturing Company Ltd.,5.5,0.0,-1.7857142857142796,-3.5087719298245643,3.773584905660381,37.5,37.5,-6.7796610169491585,-61.80555555555556,-34.03825570091766,-67.43067173166543,2.8181818181818183,3.409183628288425
ALLTEX,Alltex Industries Limited,22.4,-1.75438596491229,6.66666666666666,24.44444444444444,32.544378698224854,46.40522875816992,67.1641791044776,105.50458715596328,23.75690607734805,11.442786069651726,193.13580147030268,4.483833173961687,3.7215453007961945
AMANFEED,Aman Feed PLC,38.9,0.2577319587628903,1.5665796344647558,15.773809523809517,36.49122807017543,63.44537815126049,69.13043478260869,51.953124999999986,-49.0170380078637,-34.31893920059254,16.00064993404766,2.562336195181526,3.6616033902490597
AMBEEPHA,Ambee Pharmaceuticals PLC,810.5,0.3466633651108028,0.5458379853616149,7.067371202113606,6.100274905092292,1.4392991239048811,12.569444444444445,-1.7813863305865298,62.457406293846475,108.8917525773196,333.6156950000876,0.8789812583687804,2.0011952941546176
AMCLPRAN,Agricultural Marketing Co. Ltd.,233.0,1.9247594050743684,-0.42735042735042733,3.0973451327433628,6.005459508644217,10.478899952584161,15.175481957488872,-1.271186440677966,5.860972285324855,4.954954954954955,89.4308943089431,1.7524974160883668,2.5940379001764917
ANLIMAYARN,Anlima Yarn Dyeing Ltd.,35.3,-1.671309192200561,2.0231213872832248,5.3731343283582005,80.10204081632651,80.10204081632651,69.71153846153844,60.454545454545446,-19.772727272727277,8.615384615384606,76.49999999999999,4.58143686910221,4.728600498027053
ANWARGALV,Anwar Galvanizing Ltd.,111.8,1.3599274705349047,-1.843722563652334,-2.6132404181184667,15.020576131687237,26.042841037204052,29.099307159353355,55.27777777777777,-35.29260501926688,220.1545433517122,1283.5249915777918,2.00227189382266,2.560142396871404
AOL,Associated Oxygen Ltd,18.6,-0.5347593582887586,5.084745762711877,6.285714285714294,16.250000000000007,16.250000000000007,22.368421052631597,23.17880794701988,-62.80000002975999,43.294399223000454,43.294399223000454,3.1952118501473565,2.34816919855252
APEXFOODS,Apex Foods Limited,283.6,1.2857142857142938,1.1051693404634662,-5.466666666666659,-5.150501672240795,9.076923076923086,15.378356387306756,26.10048910626946,66.72545561434453,114.68584405753221,296.0893854748604,1.5635042620221808,2.6375695565736663
APEXFOOT,Apex Footwear Ltd.,217.0,0.4629629629629629,-0.91324200913242,1.9736842105263104,6.112469437652812,14.330874604847201,21.026213050752922,22.019793072424648,66.26554268059257,13.498633923747247,62.837387160118844,1.4210131442091267,2.0664204937227897
APEXSPINN,Apex Spinning and Knitting Mills Ltd.,348.8,2.22743259085581,-4.070407040704073,-19.44572748267898,-15.931549771029156,53.656387665198245,93.77777777777777,135.04043126684635,155.3440702781845,259.58762886597935,398.2857142857143,2.5533044790038115,3.6383640554579455
APEXTANRY,Apex Tannery Limited.,107.8,5.273437499999992,2.666666666666664,2.666666666666664,-2.0000000000000027,58.06451612903225,80.87248322147651,50.98039215686273,-5.604203152364278,-28.133333333333333,47.46922024623804,2.8867094047066413,3.6929918293376987
APOLOISPAT,Appollo Ispat Complex Ltd.,3.3,-2.941176470588238,0.0,0.0,3.124999999999989,49.999999999999986,94.11764705882354,0.0,-72.95081967213115,-72.9421712138019,-86.45198591382432,5.492424242424243,6.257480490150632
ARAMIT,Aramit Limited,204.0,-0.14684287812041671,-3.7735849056603774,-0.874635568513125,20.353982300884955,21.35633551457466,12.272977435332972,2.0,-39.92932862190813,-57.93814432989691,-3.7735849056603774,3.2495100304779068,3.9344169934551636
ARAMITCEM,Aramit Cement Limited,12.8,0.7874015748031609,1.5873015873015959,5.785123966942158,20.754716981132088,7.563025210084036,45.45454545454545,1.5873015873015959,-78.80794701986754,-65.86666666666666,-64.58232809748633,3.7639111726949817,4.66817633441784
ARGONDENIM,Argon Denims Ltd.,23.4,-1.680672268907572,-8.949416342412453,6.363636363636357,27.86885245901638,32.95454545454544,32.95454545454544,29.999999999999993,-7.8625001929129015,48.745790181072465,-39.311717349350836,3.940803926732987,3.9243531391793085
ASIAINS,Asia Insurance PLC,43.8,-1.7937219730941798,0.921658986175112,0.22883295194506706,14.65968586387433,10.606060606060595,59.272727272727266,59.272727272727266,-55.30612244897959,261.98347107438013,32.536023366042805,3.140906965874693,3.2841618226090437
ASIAPACINS,Asia Pacific General Insurance PLC,51.5,-3.013182674199626,5.5327868852459074,9.574468085106384,19.212962962962955,29.722921914357674,62.97468354430379,49.27536231884058,-25.36231884057971,270.50359712230215,51.91740412979352,4.415767440925043,4.021767139430015
ASIATICLAB,Asiatic Laboratories Ltd,117.9,0.0,-5.528846153846147,-16.97183098591549,11.016949152542376,75.97014925373135,144.6058091286307,150.85106382978725,105.75916230366494,105.75916230366494,105.75916230366494,3.0132789780895384,3.6347984193293414
ATLASBANG,Atlas Bangladesh Limited,95.0,0.635593220338977,2.0408163265306185,17.28395061728395,25.0,83.04431599229288,67.5485008818342,39.911634756995575,-24.060751398880893,-1.0676229052013049,-15.542461874446177,2.630274441266584,5.639503676026265
AZIZPIPES,Aziz Pipes Limited.,82.9,1.9680196801968124,9.946949602122015,8.792650918635173,29.127725856697822,89.2694063926941,77.13675213675216,50.727272727272734,-30.336134453781508,88.17081025483131,433.15062889399894,3.401199769164946,4.173479364944676
BANGAS,Bangas Limited,138.1,1.9188191881918777,0.07246376811593791,2.144970414201188,2.4480712166171976,12.459283387622149,5.904907975460114,20.296167247386755,-4.758620689655176,-16.830049918265576,-1.505335474057308,1.3261424818744758,2.274084400099566
BANKASIA,Bank Asia PLC,17.9,0.0,-0.5555555555555635,-2.1857923497267877,-2.404523012765404,-4.796569042799286,5.551629971846913,1.6832456455366953,8.9982137549319,76.6506807307504,53.986065439630266,1.0368219892731894,1.980867841737321
BARKAPOWER,Baraka Power Ltd.,9.5,-3.0612244897959253,6.741573033707861,14.457831325301195,21.7948717948718,21.7948717948718,39.705882352941174,-15.929203539823012,-68.54304635761589,-58.63220204756761,-58.132666564581776,5.241811904861283,4.013364699464317
BATASHOE,Bata Shoe Co. (Bangladesh) Ltd.,903.6,0.044286979627986854,0.4000000000000025,4.23347560272235,7.9440927009915185,9.421167352869954,12.374082825519213,4.462427745664742,37.05445169118764,-25.44554455445544,75.45631067961165,0.9449337734125837,1.2686993673575189
BATBC,British American Tobacco Bangladesh Co Ltd,238.2,-1.1618257261410836,-5.849802371541506,8.767123287671227,8.420573509330906,-12.394262596542845,-3.951612903225811,-20.387700534759357,-58.063380281690144,-18.6413645961187,155.8233941348948,2.341384866044109,2.4330304444187636
BAYLEASING,Bay Leasing and Investment Ltd.,5.3,-3.63636363636364,0.0,17.777777777777775,20.45454545454544,10.416666666666668,60.60606060606061,12.765957446808503,-81.00682589448682,-62.56667965569922,-79.8013755921011,5.109290491643433,5.394893207705326
BBS,Bangladesh Building Systems PLC,15.5,-0.6410256410256387,-1.2738853503184668,-0.6410256410256387,26.01626016260162,70.32967032967034,68.47826086956523,42.20183486238531,-33.476394849785414,-37.29413824880198,-28.51531731212661,3.4501545320169775,3.0992581155390346
BBSCABLES,BBS Cables PLC,22.5,-1.3157894736842135,-1.7467248908296882,-3.0172413793103416,10.294117647058831,52.02702702702702,48.02631578947369,35.542168674698786,-62.975746081808566,-22.165526900154315,-22.165526900154315,2.384534716405922,2.3323632768400344
BDAUTOCA,Bangladesh Autocars Limited,218.5,1.2042612320518733,1.2511584800741373,5.965082444228909,-2.629233511586455,72.3186119873817,72.04724409448819,95.78853046594982,39.17197452229299,628.2121049513736,912.0914003763291,2.5930528211959425,3.4232806639688675
BDCOM,BDCOM Online Ltd.,32.6,-0.9118541033434565,-1.8072289156626546,-6.321839080459759,15.602836879432633,26.356589147286826,25.38461538461539,43.823529771323535,32.6254619356027,93.40331570217292,171.09383793203574,2.2171921409726365,3.974369262954348
BDFINANCE,Bangladesh Finance PLC,13.7,-1.438848920863317,-2.142857142857148,6.20155038759689,17.094017094017094,0.7352941176470562,5.384615384615379,21.238938053097332,-70.24180338918411,79.72376053954572,-15.676546004178153,2.5640084024723793,3.91181120798901
BDLAMPS,Bangladesh Lamps PLC,195.0,4.501607717041804,5.691056910569106,4.838709677419355,4.278074866310161,40.7942238267148,44.98141263940521,34.66850828729281,8.389610302898708,6.18320602192367,73.8749998609,3.937043863077052,2.9807845026708026
BDTHAI,Bangladesh Thai Aluminium Ltd.,18.8,0.0,-1.570680628272255,0.5347593582887776,51.61290322580645,69.36936936936938,67.85714285714288,45.73643410852713,-34.26573426573427,-7.52759075172889,18.003623608825556,2.118843599465385,3.7062693338649004
BDTHAIFOOD,BD Thai Food & Beverage Ltd.,25.3,0.0,3.688524590163943,3.2653061224489823,8.583690987124463,63.22580645161291,75.69444444444444,69.79865771812081,109.0909090909091,109.0909090909091,109.0909090909091,2.473046471600693,4.5595625070977945
BDWELDING,Bangladesh Welding Electrodes Ltd.,13.9,-0.7142857142857117,0.0,-2.7972027972027997,-18.235294117647054,-12.578616352201257,-23.204419889502766,37.62376237623763,-42.561983471074385,44.73195870320332,-36.7341200120836,2.094207845402509,3.358757632351035
BEACHHATCH,Beach Hatchery Ltd,32.8,-0.6060606060606146,-3.5294117647058907,-1.2048192771084507,13.103448275862059,5.806451612903216,-29.914529914529915,-29.310344827586214,34.42622950819672,238.14432989690724,45.316456027303296,1.7415985071667486,2.701699781320604
BEACONPHAR,Beacon Pharmaceuticals PLC,107.7,0.0,-1.6438356164383536,-5.026455026455028,5.175781249999997,2.5714285714285743,2.865329512893983,-5.8566433566433584,-51.156462585034014,537.2781065088759,599.3506493506493,1.5050040957953197,1.9466224595339092
BENGALWTL,Bengal Windsor Thermoplastics PLC,24.4,-1.2145748987854281,-0.40816326530612823,-3.557312252964435,-0.40816326530612823,36.312849162011176,40.229885057471265,26.42487046632123,-22.539682539682545,-42.030237634831536,-50.711185407014284,2.276090484665531,2.8408319427688733
BERGERPBL,Berger Paints Bangladesh Ltd.,1476.0,0.14247913698350695,0.06779661016949153,5.889949063777882,7.345454545454546,2.857142857142857,6.879073135409124,-5.686900958466453,-16.89189189189189,37.232113802240725,462.2857142857143,1.0864573852406387,1.2294921132453123
BESTHLDNG,Best Holdings PLC,15.3,-0.649350649350647,-2.5477707006369337,9.28571428571429,14.179104477611942,27.500000000000004,13.333333333333337,-6.134969325153374,-47.95918367346938,-47.95918367346938,-47.95918367346938,2.213766836157728,3.094256755682964
BEXIMCO,Bangladesh Export Import Company Ltd.,24.6,4.6808510638297935,4.6808510638297935,-11.191335740072194,-77.65667574931881,-77.65667574931881,-77.65667574931881,-77.65667574931881,-70.84650105578443,21.18117114095573,-38.05659047611935,5.234789880797193,5.058355193531189
BGIC,Bangladesh General Insurance Company PLC,42.0,-2.7777777777777843,2.9411764705882426,0.9615384615384581,14.130434782608702,20.6896551724138,35.92233009708739,29.629629629629633,-19.847328244274806,195.77464788732397,34.185303514377,3.866690715009665,4.129803254412984
BIFC,Bangladesh Industrial Finance Company Ltd.,4.9,-3.9215686274509665,-1.999999999999993,8.888888888888896,13.953488372093037,75.00000000000003,188.23529411764707,-16.94915254237288,-28.98550724637681,-34.66666666666666,-75.94688758615922,6.250054369573917,7.378741289835935
BNICL,Bangladesh National Insurance Company Ltd,112.9,-1.9965277777777752,-1.9965277777777752,-1.1383537653239906,31.431897555296853,109.07407407407409,150.8888888888889,180.14888337468986,-9.679999999999996,796.0317460317463,205.13513513513516,5.1070457757756005,4.8738255620493955
BPML,Bashundhara Paper Mill Ltd.,28.6,-0.3484320557491215,0.0,0.0,8.333333333333345,18.18181818181819,10.424710424710437,-17.101449275362317,-42.57028112449799,-81.54838709677419,-81.54838709677419,0.9808612440191375,2.359180534223462
BPPL,Baraka Patenga Power Ltd.,21.2,-2.3041474654377883,1.9230769230769162,0.952380952380949,33.33333333333333,31.677018633540357,42.28187919463086,42.28187919463086,-51.59817351598174,-33.542319749216304,-33.542319749216304,2.9944324591445914,2.7394862888164995
BRACBANK,BRAC Bank PLC,63.7,0.3149606299212643,0.47318611987382375,2.247191011235964,0.7634353065272788,-4.241807219832986,15.909837775296827,4.949881760612928,132.80204402065837,256.1543899311945,867.6273127838398,1.0647074018793086,1.5987297617465799
BSC,Bangladesh Shipping Corporation,119.9,-0.9909165978530046,-2.520325203252028,1.95578231292518,16.407766990291268,6.01237842617154,6.767586821015146,-3.617363344051447,140.76305220883538,205.20000097664004,140.0872480183036,1.5615362194367466,2.646096642381322
BSCPLC,Bangladesh Submarine Cables PLC,155.5,-0.38436899423446147,0.19329896907217228,-0.2565747273893558,10.992148465381874,5.352303523035235,21.200311769290717,-1.4575411913815026,-16.844919786096256,34.05172413793103,255.26616403929626,1.7292244018113812,2.2758915231220023
BSRMLTD,Bangladesh Steel Re-Rolling Mills Ltd.,101.0,-0.3944773175542462,-5.430711610486889,-3.99239543726236,19.103773584905664,19.952494061757715,32.372214941022285,9.071274298056162,10.02178649237473,-24.14028568634567,124.05166599118824,4.255245488794931,3.682615446728003
BSRMSTEEL,BSRM Steels Limited,96.0,0.10427528675703264,-3.903903903903909,8.10810810810811,34.078212290502805,31.868131868131876,51.181102362204726,43.71257485029941,47.91987673343604,1.44092208983271,70.58461564849665,2.316117840632364,3.2672712892326237
BXPHARMA,Beximco Pharmaceuticals Plc,146.6,0.5486968449931295,-0.33990482664853844,-5.3582956746288,20.361247947454842,23.50463352990732,42.33009708737863,23.193277310924366,-22.760800842992634,85.14351302040937,233.5631345179129,1.9969390694133282,2.1130869824586314
CAPITECGBF,CAPITEC GRAMEEN BDT10 (MUTUAL FUND) Units,10.5,-2.7777777777777843,5.0,34.61538461538461,38.15789473684212,50.0,54.411764705882355,40.0,-27.083333333333336,-27.083333333333336,-27.083333333333336,4.97575150281904,5.232429107889696
CAPMBDBLMF,CAPM BDBL Mutual Fund 01 Units,11.1,-2.631578947368427,7.7669902912621245,6.730769230769224,-4.310344827586207,5.714285714285711,9.900990099009901,29.069767441860467,-18.38235294117647,2.777777777777768,2.777777777777768,5.891998192883151,4.3472612400660475
CAPMIBBLMF,CAPM IBBL Islamic Mutual Fund Units,13.9,-0.7142857142857117,-2.112676056338021,6.923076923076925,44.79166666666667,73.75,85.33333333333333,59.77011494252876,-37.66816143497758,39.00000000000001,39.00000000000001,3.9525447053263347,5.918966767409016
CENTRALINS,Central Insurance PLC,47.7,-2.453987730061341,10.930232558139542,12.50000000000001,16.341463414634152,11.188811188811199,17.1990171990172,15.496368038740934,-24.881889763779522,284.5812510912493,81.17542782120778,4.978286446595322,3.784252760238915
CENTRALPHL,Central Pharmaceuticals Ltd.,11.2,-2.6086956521739193,-1.75438596491229,4.672897196261682,31.764705882352935,24.44444444444444,27.272727272727256,1.8181818181818117,-51.30434782608695,-9.365605021706122,-67.27192008139048,3.8072756178799896,4.120845901085903
CITYBANK,City Bank PLC,31.3,-0.6349206349206327,-0.6349206349206327,3.6423841059602697,16.356877323420083,34.30970106655506,47.52049134681159,45.14112856991335,86.54750790632889,157.26462851123674,208.31143585015076,0.8788682491244623,1.9025236000138557
CITYGENINS,City Insurance PLC,115.0,0.0,2.7703306523681808,7.4766355140186915,11.43410852713178,33.876600698486605,32.64129181084198,118.63117870722434,172.51184834123222,1188.4259237188999,379.690881256294,1.275318214628458,1.4689816048899147
CLICL,Chartered Life Insurance PLC,52.3,-1.1342155009451822,2.148437499999989,-4.562043795620438,-0.38095238095238637,-11.50592216582065,-6.272401433691757,10.805084745762699,375.45454545454544,375.45454545454544,375.45454545454544,2.385934967562072,4.959651460815163
CNATEX,C & A Textiles Ltd,3.2,0.0,-3.0303030303030196,0.0,-3.0303030303030196,23.07692307692308,33.33333333333335,-3.0303030303030196,-45.762711864406775,-54.87179492965154,-81.31563977047212,4.884072580645154,5.562255376293129
CONFIDCEM,Confidence Cement PLC,66.7,-1.185185185185181,-3.333333333333329,-0.7440476190476191,14.802065404475044,8.455284552845532,35.02024291497977,9.344262295081972,-48.46758909109955,47.31071715828354,24.382979094565382,1.3587594064583843,2.867884295214794
CONTININS,Continental Insurance PLC,35.4,-2.7472527472527473,1.724137931034487,-2.7472527472527473,10.280373831775691,36.67953667953668,46.28099173553719,45.679012345679,-25.65999981415,298.19985319923717,54.17800602347859,3.4571500642383306,4.316135387797808
COPPERTECH,Coppertech Industries Ltd,28.3,-0.7017543859649098,-1.3937282229965107,2.909090909090912,7.604562737642586,42.21105527638193,49.73544973544975,32.24299065420562,-31.689655009882273,9.202625825681054,9.202625825681054,2.427659953725612,2.9070064157008835
CROWNCEMNT,Crown Cement PLC,68.0,0.29498525073746734,-2.0172910662824286,2.409638554216859,39.91769547325102,39.63039014373716,45.29914529914531,32.29571984435798,-14.141414141414144,-11.688311688311689,-15.84158415841584,2.3058960355268523,3.1149062653469444
CRYSTALINS,Crystal Insurance Company Ltd,69.1,-1.8465909090909252,0.728862973760933,-4.293628808864278,-1.2857142857142938,-17.046818727491,20.173913043478255,52.20264317180616,32.88461525684171,406.73333282659996,406.73333282659996,2.7273144163862764,3.038272899494615
CVOPRL,CVO Petrochemical Refinery PLC,176.5,1.4951121334100026,-0.6752954417557618,4.499703966844283,11.21613106490234,10.450563204004998,19.661016949152543,22.569444444444443,40.68840566762734,-26.107089862941955,47.34598153604166,1.412654395524485,2.409354465601772
DACCADYE,Dacca Dyeing and Manufacturing Company Limited,17.0,0.0,-0.5847953216374352,-4.494382022471914,9.67741935483871,-12.820512820512821,-12.37113402061855,1.796407185628747,-39.285714285714285,93.18181818181816,-39.482200709921344,2.682561782109296,3.391792171465651
DAFODILCOM,Daffodil Computers PLC.,165.0,-1.2567324955116663,-1.1976047904191616,-2.9411764705882355,26.825518831667953,285.51401869158883,357.0637119113573,204.99075785582255,179.66101694915255,650.0,950.955414012739,3.238253483175412,3.219177026182683
DBH,DBH Finance PLC,42.8,-0.46511627906977404,-2.7272727272727337,3.3816425120772915,11.74934725848564,12.04188481675391,22.285714285714278,7.5376884422110555,-41.40905300527818,-38.887984327934376,24.80307052317905,1.7081068680896716,2.618980756683428
DBH1STMF,DBH First Mutual Fund Units,5.8,-1.6949152542372972,0.0,18.367346938775498,11.538461538461531,20.833333333333336,-10.769230769230772,-6.451612903225812,-41.41414141414142,-4.918032786885243,-21.621621621621628,3.3908045977011523,5.682199590866557
DELTALIFE,Delta Life Insurance Company Ltd.,81.8,-0.4866180048661869,2.5062656641604013,1.2376237623762376,11.292517006802719,9.212283044058733,20.64896755162242,6.37191157347203,-44.6923597025017,-12.79317697228145,-97.57016230602885,2.534355775370565,3.217272957194828
DELTASPINN,Delta Spinners Limited,7.9,0.0,-1.2499999999999956,8.219178082191789,21.538461538461544,38.59649122807018,58.000000000000014,36.20689655172415,-35.245901639344254,24.142856823632663,-49.57671725318256,2.048036351833822,3.723609781863462
DESCO,Dhaka Electric Supply Co. Ltd.,26.4,2.325581395348829,1.1494252873563109,1.9305019305019306,22.7906976744186,12.820512820512821,28.780487804878042,4.761904761904759,-30.52631578947369,-50.0,-60.286532852005735,2.041216640181779,2.6385500832761037
DESHBANDHU,Deshbandhu Polymer Limited,22.5,-0.44247787610620093,-5.063291139240503,6.635071090047386,19.680851063829785,43.312101910828034,32.35294117647059,16.58031088082901,27.118644067796616,133.49056570732466,3.912317552432763,3.036775605777012,3.813696820690492
DGIC,Desh General Insurance Company Ltd,33.8,-1.7441860465116321,-0.8797653958944406,10.81967213114753,40.83333333333332,54.33789954337899,71.5736040609137,45.68965517241379,-26.361655773420484,125.33333333333331,125.33333333333331,3.265139036726827,5.156728777192203
DHAKABANK,Dhaka Bank PLC,12.0,0.0,-2.439024390243908,-0.8264462809917327,-1.6393442622950762,-9.774436090225567,6.194690265486719,-1.6393442622950762,-1.2408449193349396,27.364503837772183,-6.300482006171394,1.2916666666666627,1.8103035903275038
DHAKAINS,Dhaka Insurance Limited,47.3,-1.86721991701246,6.772009029345373,7.499999999999994,18.84422110552764,21.282051282051277,31.388888888888882,22.53886010362693,-40.72681704260652,228.47222222222223,-0.7627451774290236,3.7181457652860397,3.732528402622595
DOMINAGE,Dominage Steel Building Systems Ltd,84.6,0.0,-0.47058823529412436,3.931203931203917,14.324324324324317,148.82352941176467,192.73356401384083,560.9375,197.0903016939055,539.5759989127207,539.5759989127207,2.4601602569423107,4.340649185627825
DOREENPWR,Doreen Power Generations & Systems Ltd.,34.5,-1.7094017094017133,9.177215189873413,10.22364217252396,21.478873239436624,21.05263157894737,22.3404255319149,29.21348314606742,-35.214370843353564,40.22895397552696,-13.213858476352845,4.081950229315628,3.0064972125178913
DSHGARME,Desh Garments Limited.,165.3,1.411042944785283,-2.7074749852854585,10.939597315436249,34.39024390243903,35.49180327868853,42.01030927835052,34.49959316517494,-7.700507706512682,47.29957212858713,1520.2953002005647,2.606015886095334,4.980288351131698
DSSL,Dragon Sweater & Spinning Ltd.,13.7,0.0,-4.195804195804206,2.2388059701492455,48.913043478260875,67.07317073170732,61.17647058823528,24.54545454545454,-18.794354408778172,151.11894569635282,50.85876904860365,2.8942380478384497,4.143559303638445
DULAMIACOT,Dulamia Cotton Spinning Mills Limited,214.8,-0.18587360594794483,2.775119617224886,12.519643792561553,62.60408781226345,59.82142857142858,59.11111111111112,119.85670419651996,309.14285714285717,2726.315789473684,2234.782608695653,4.654946143561566,6.313987710868138
DUTCHBANGL,Dutch-Bangla Bank PLC,48.5,-0.6147540983606499,-3.0,4.077253218884117,20.390071208018963,24.511002740282823,31.930052143296635,11.923077189970414,-7.781033588563137,121.75336032902959,112.19502576183241,1.5730531568769373,3.222547139313283
EASTERNINS,Eastern Insurance PLC,62.9,-2.782071097372495,5.714285714285713,7.89022298456261,10.54481546572935,8.448275862068964,25.548902195608775,36.7391304347826,-44.63028169014085,184.61538461538458,72.32876712328768,4.052776329599896,3.410307934055294
EASTLAND,Eastland Insurance PLC,29.2,-1.6835016835016834,0.34364261168384147,6.9597069597069545,26.406926406926395,31.53153153153153,56.149732620320854,49.74358974358974,-24.35233160621762,115.1033579296067,-17.80787497831525,3.791509432556058,4.782821800074774
EASTRNLUB,Eastern Lubricants Blenders PLC,2060.8,-0.06304252946024573,-3.2488262910798036,10.126649922513772,25.27659574468086,28.961201501877355,24.0698374473209,19.351350754594613,184.53576535984968,216.49132054684765,1614.3279862274103,1.6070511528528282,2.6725394111505447
EBL,Eastern Bank PLC,24.1,0.0,-0.41322314049585895,-1.632653061224484,0.0,-4.526923430173449,1.7336061637847462,-4.526923430173449,3.402004996112002,78.28331778930897,82.31725932586069,1.0165975103734355,1.1638695348002328
EBL1STMF,EBL First Mutual Fund Units,5.0,-1.9607843137254832,0.0,13.636363636363628,13.636363636363628,42.857142857142854,61.29032258064516,11.11111111111111,-46.23655913978495,26.95294089344021,-27.0755581445353,4.428971298243532,5.453740485979162
EBLNRBMF,EBL NRB Mutual Fund,3.9,-2.500000000000002,0.0,21.87499999999999,5.405405405405397,56.0,69.56521739130436,11.428571428571427,-50.0,-1.6364285824593467,-43.23329013891306,4.597840755735494,5.548008705088712
ECABLES,Eastern Cables Ltd.,141.1,2.02458423716557,-0.7037297677691766,1.4378145219266716,16.227347611202624,22.16450216450216,25.869759143621767,16.51527663088357,-9.66709346991037,-11.077604345761937,240.10159293513243,2.240385783580543,4.03808860739325
EGEN,eGeneration PLC,27.0,-0.7352941176470562,1.1235955056179803,-3.225806451612898,15.38461538461539,33.00492610837438,36.36363636363636,28.571428571428573,-60.46852122986823,80.0,80.0,2.01685268820762,2.4433333956027377
EHL,Eastern Housing Ltd.,94.2,-0.9463722397476252,-0.8421052631578917,-2.4844720496894324,14.598540145985401,17.750000000000004,28.688524590163933,8.400460299194473,65.5536028119508,186.6956528470246,140.96403830360975,1.925044524820701,2.8608865131681984
EIL,Express Insurance Ltd.,33.5,-2.3323615160349775,1.5151515151515151,2.1341463414634236,19.217081850533802,14.726027397260276,18.794326241134755,-2.046783625731002,-9.946236559139791,123.33333333333333,123.33333333333333,3.026315688981494,3.4577106254204972
EMERALDOIL,Emerald Oil Industries Ltd.,30.1,3.4364261168384878,-0.6600660066006577,4.513888888888891,103.37837837837837,100.66666666666669,109.02777777777777,39.35185185185185,-18.428184281842814,-14.88431885358938,-29.95961552873694,4.341438161810473,5.572765042196977
ENVOYTEX,Envoy Textiles Ltd.,55.1,-1.9572953736654828,-5.81196581196581,-7.082630691399656,11.538461538461544,6.165703275529871,13.608247422680416,21.098901098901102,62.05882352941177,76.6932056216478,22.97030064684306,2.865743644146418,2.780399043620141
EPGL,Energypac Power Generation PLC,20.6,-1.4354066985645797,0.980392156862759,0.4878048780487874,15.730337078651688,39.18918918918919,32.051282051282065,14.44444444444445,-61.92236598890943,-55.69892473118279,-55.69892473118279,2.3757640209612108,2.910125217961084
ESQUIRENIT,Esquire Knit Composite PLC,26.2,-0.7575757575757549,-2.6022304832713727,-3.6764705882352944,18.55203619909501,30.999999999999993,27.184466019417464,12.446351931330467,-34.5,-44.60887949260042,-44.60887949260042,1.9043488318297515,2.604923077494656
ETL,Evince Textiles Ltd.,14.1,-0.7042253521126736,-4.729729729729737,-0.7042253521126736,33.0188679245283,38.235294117647065,40.99999999999999,51.612903225806434,19.491525423728802,38.68941997815369,8.024422621144584,2.4835962753895906,3.2457051342528556
EXIM1STMF,EXIM Bank 1st Mutual Fund 2013- Units,6.9,-1.4285714285714235,2.985074626865674,91.66666666666667,68.29268292682929,115.625,146.42857142857144,43.750000000000014,-26.595744680851062,-3.480499618394059,-11.493439612831967,4.6553372986266055,6.473099501645583
FAMILYTEX,Familytex (BD) Ltd.,2.8,0.0,3.7037037037036904,11.999999999999993,3.7037037037036904,86.66666666666664,115.38461538461536,21.73913043478261,-46.15384615384616,-61.866470289520784,-91.44967620326868,7.484228734228735,7.212238340602725
FARCHEM,FAR Chemicals Industries Ltd,23.9,-2.0491803278688527,1.702127659574462,20.707070707070695,40.58823529411764,74.45255474452554,64.82758620689654,3.9130434782608634,33.5195530726257,45.14479098993414,6.036333460576929,3.797512756362371,6.570238245145176
FAREASTFIN,Fareast Finance & Investment Ltd.,2.3,-8.000000000000007,21.052631578947366,76.9230769230769,4.545454545454529,109.09090909090905,283.3333333333333,-36.11111111111112,-70.88607594936708,-69.73684210526316,-87.78497414342179,4.257246376811599,6.593687097984924
FAREASTLIF,Fareast Islami Life Insurance Company Limited,22.3,-0.44642857142856196,-1.327433628318587,-3.0434782608695623,4.2056074766355245,-2.6200873362445325,7.211538461538462,-23.103448275862064,-61.88034188034189,-58.31775684573325,-71.64161841187077,1.727276203173063,3.615045825480392
FASFIN,FAS Finance & Investment Limited,2.7,-6.896551724137923,12.500000000000012,107.6923076923077,22.727272727272727,125.00000000000003,285.7142857142857,-6.896551724137922,-66.25,-56.91546036205598,-85.70044765161725,7.407407407407403,6.6971428697434865
FBFIF,First Bangladesh Fixed Income Fund Units,3.9,-2.500000000000002,5.405405405405397,18.181818181818183,11.428571428571427,49.999999999999986,49.999999999999986,8.333333333333329,-44.285714285714285,-31.468760918541985,-48.00360189448957,5.597840755735492,6.272115981053575
FEDERALINS,Federal Insurance PLC,28.6,-1.7182130584192439,-2.054794520547938,5.925925925925931,17.695473251028808,33.644859813084125,48.95833333333335,28.251121076233186,-26.478149100257063,304.22650127570705,48.16169160799431,3.658163770989936,3.7880498854798828
FEKDIL,Far East Knitting & Dyeing Industries PLC.,25.3,-1.937984496124031,-5.24344569288389,12.444444444444446,79.43262411347519,74.48275862068965,78.16901408450707,44.57142857142858,40.555555555555564,62.51940192592866,6.346029000879047,3.191287378490526,3.783323456361541
FINEFOODS,Fine Foods Limited,465.0,2.468047598060817,-4.478225143796222,-10.179640718562883,-18.463966333508676,-1.0427750585230853,22.304050499736984,79.25983037779493,669.8675496688742,5849.017381608702,2916.8576203674065,3.3062844773162756,3.100398878872671
FIRSTFIN,First Finance Ltd.,5.2,-3.703703703703707,18.181818181818176,23.80952380952381,13.043478260869579,30.000000000000004,108.0,73.33333333333334,-26.760563380281685,-11.60000013259999,-84.73195819696713,7.909887359199004,5.918334487617467
FORTUNE,Fortune Shoes Ltd.,18.8,-2.5906735751295336,-5.9999999999999964,8.670520231213873,42.424242424242436,23.6842105263158,35.251798561151084,17.500000000000004,-66.94258356388374,-28.364724057316256,-28.364724057316256,2.3935208120319396,4.901934348530813
FUWANGCER,Fu-Wang Ceramic Industry Ltd.,17.2,-1.7142857142857182,-1.7142857142857184,10.256410256410255,38.709677419354826,54.95495495495496,49.56521739130434,29.32330827067668,-39.00709219858156,51.61059554023171,12.926098170128952,3.3249539667249897,4.054067772480458
FUWANGFOOD,Fu-Wang Foods Limited,12.4,-1.5873015873015817,-4.615384615384612,0.8130081300812979,29.166666666666675,29.166666666666675,10.714285714285726,-18.954248366013076,-38.61386138613861,25.987785898697577,-25.568392588139908,1.8282258064516101,2.812885507024706
GBBPOWER,GBB POWER Ltd.,12.1,0.8333333333333304,27.36842105263157,39.08045977011495,49.382716049382715,47.560975609756106,89.06249999999997,63.5135135135135,-66.20111731843575,-6.580882119393381,-54.19827587646277,6.440133070772163,4.64255507096915
GEMINISEA,Gemini Sea Food PLC,122.0,-0.6514657980456003,-1.2944983818770182,2.3489932885906017,10.70780399274047,4.184457728437239,-10.753474762253102,-19.68400263331139,39.42348124457938,-7.67956158565095,588.5607617170691,1.374781052290656,2.8176692700818387
GENEXIL,Genex Infosys PLC,39.2,-1.0101010101010066,-3.4482758620689618,-7.764705882352935,46.268656716417915,46.268656716417915,45.724907063197044,64.70588235294119,-59.93895968371863,17.155790628091584,17.155790628091584,2.60610144226895,3.8584904545874643
GENNEXT,Generation Next Fashions Ltd.,3.1,0.0,3.333333333333336,3.333333333333336,0.0,24.000000000000004,14.814814814814811,19.23076923076923,-58.10810810810811,-44.01492544750256,-86.08500008133765,6.856321839080458,6.600929144443101
GHAIL,Golden Harvest Agro Industries Ltd.,15.8,-1.2499999999999956,-2.4691358024691272,1.2820512820512888,24.409448818897648,43.63636363636364,47.66355140186917,24.409448818897648,-31.89655172413793,10.196099580599647,-57.170449341226735,3.033412155303861,2.70080505802752
GHCL,Global Heavy Chemicals Ltd.,23.9,-0.829875518672211,-8.42911877394637,14.354066985645934,29.189189189189182,28.494623655913966,20.100502512562816,17.15686274509804,-47.587719298245624,-34.8773841961853,-71.03030303030303,3.7108941437430643,4.647335654044048
GLDNJMF,ICB AMCL CMSF GOLDEN JUBILEE MUTUAL FUND,9.4,-3.0927835051546286,6.818181818181814,34.28571428571429,44.61538461538463,51.61290322580645,54.098360655737714,23.6842105263158,-14.545454545454543,-14.545454545454543,-14.545454545454543,5.620721306710741,5.474556280886077
GLOBALINS,Global Insurance PLC,44.3,-1.773835920177393,0.6818181818181753,7.52427184466018,38.43749999999999,56.537102473498216,73.72549019607843,54.3554006968641,-27.377049180327873,437.9664999881295,87.03049377341416,3.9881584372745094,4.409085770067401
GOLDENSON,Golden Son Limited,16.5,0.0,-2.9411764705882355,-2.9411764705882355,14.58333333333333,71.875,63.366336633663366,41.025641025641036,-18.7192118226601,-25.67567567567567,-58.33333333333333,2.934929460320504,2.814065625075995
GP,Grameenphone Ltd.,257.3,0.038880248833601375,-1.038461538461534,-0.733024691358016,6.41025641025641,-3.0885122410546098,-1.038461538461534,-18.858404288867867,-28.72576177285318,-6.436363636363632,49.94172494172496,0.6176113181820037,0.7052558549531359
GPHISPAT,GPH Ispat Limited,19.0,-0.5235602094240912,-2.5641025641025643,-1.5544041450777237,19.496855345911946,17.283950617283956,18.01242236024844,-5.472636815920405,-61.02361107134436,-5.6292068354519715,1.460316357527744,2.1567401259552064,2.76078130803615
GQBALLPEN,G.Q. Ball Pen Industries Limited,572.5,0.4209787756533901,-4.583333333333333,-8.4,-14.679582712369598,14.729458917835672,27.875809693991517,137.45333886354211,294.01238816242255,729.7101449275362,322.03525514415065,3.3685226264249346,4.314803818338762
GRAMEENS2,Grameen Mutual Fund One - Grameen Two Units,13.9,-2.112676056338021,5.303030303030312,6.106870229007639,11.200000000000003,11.200000000000003,27.522935779816514,-2.7972027972027997,-31.862745098039206,29.071428801913267,-24.089497802718906,3.090833902221286,2.736092306053403
GREENDELMF,Green Delta Mutual Fund 2010 Units,5.3,-1.8518518518518614,5.9999999999999964,29.268292682926834,32.49999999999999,65.62499999999999,76.66666666666666,26.190476190476183,-44.79166666666667,-8.620689655172415,-26.388888888888893,5.030149096186834,6.531306694980425
GREENDELT,Green Delta Insurance PLC,68.7,-3.1029619181946444,0.8810572687224796,2.690582959641251,12.071778140293647,19.270833333333336,28.17164179104478,37.400000000000006,-41.08061749571183,89.9769208570201,31.783147617158868,3.8357573736299817,2.9630954583661597
GSPFINANCE,GSP Finance Company PLC,4.5,-8.163265306122454,4.651162790697679,28.571428571428573,12.5,24.999999999999996,181.25,-11.764705882352935,-78.00188585237426,-50.102044423914776,-69.06326752293084,5.494080721267268,6.401624531618774
HAKKANIPUL,Hakkani Pulp & Paper Mills PLC,81.7,1.364764267990085,1.490683229813668,1.2391573729863692,2.76729559748428,16.71428571428572,20.6794682422452,13.472222222222225,5.4193548387096815,55.61904761904763,339.247311827957,2.7285987144372625,2.8792529908714766
HAMI,Hami Industries PLC,164.0,-0.7263922518159738,4.259376986649706,12.32876712328767,-15.85428424833248,24.14837244511734,52.41635687732343,66.49746192893402,-6.232132647226989,-6.232132647226989,-6.232132647226989,3.614228297363053,3.3288310718440877
HEIDELBCEM,Heidelberg Materials Bangladesh PLC,222.0,1.0468821119708747,-1.9001325673884273,-2.503293807641629,10.557768924302783,-6.683480453972259,1.4161717679305592,-11.2,-32.68647665251668,-59.67302452316076,-15.909090909090908,1.6600022173434452,3.05612564685217
HFL,Hamid Fabrics PLC,16.1,6.622516556291402,6.622516556291402,12.58741258741259,7.333333333333343,140.2985074626866,147.6923076923077,91.66666666666667,-20.68965517241379,-1.8292682926829096,-71.87188013180403,3.96335540838852,4.5947878599782275
HRTEX,H.R. Textile Mills Ltd.,20.5,0.4901960784313796,-2.380952380952381,-5.092592592592599,9.625668449197864,10.81081081081081,12.021857923497263,-25.72463768115942,-65.09287929425064,-13.26923085596154,-27.369631785765577,2.2773034943420316,3.017366302181739
HWAWELLTEX,Hwa Well Textiles (BD)PLC,50.9,-0.1960784313725518,3.0364372469635628,6.041666666666664,23.54368932038834,20.616113744075818,14.125560538116586,20.047169811320757,13.616071428571432,66.33986928104574,27.249999999999993,2.2839320917304744,2.4841397199266515
IBNSINA,BN SINA Pharmaceutical Industry PLC,325.0,1.8170426065162943,0.6503561474140672,1.8170426065162943,6.105125693764279,-7.670454545454546,3.1746031746031744,3.1418597270707638,27.95275590551181,72.83905408759051,442.56420757628126,1.2828977063145532,1.8304030490615582
IBP,Indo-Bangla Pharmaceuticals Ltd.,19.3,-1.025641025641022,-8.095238095238093,9.03954802259888,47.32824427480917,55.64516129032258,72.32142857142858,45.11278195488722,-17.514523130298333,-26.328426376588308,-26.328426376588308,3.4749192683482533,4.111665707864533
ICB,Investment Corporation of Bangladesh,45.6,-0.8695652173913012,-1.2987012987013018,-0.2188183807439856,27.37430167597767,23.913043478260885,24.93150684931507,-6.365503080082138,-59.70689661320586,-41.32015150520743,-58.30951390990543,2.2573381357787636,2.5929140495294396
ICB3RDNRB,ICB AMCL Third NRB Mutual Fund 2010 Units,6.6,-1.4925373134328437,4.761904761904759,24.52830188679245,22.222222222222207,49.999999999999986,60.97560975609757,37.49999999999999,-14.285714285714294,34.69387755102039,-7.042253521126761,5.137337786591515,4.758957997851876
ICBAGRANI1,ICB AMCL First Agrani Bank Mutual Fund Units,8.9,-2.19780219780219,3.4883720930232642,14.10256410256411,23.611111111111114,36.92307692307693,39.0625,18.66666666666667,-6.315789473684207,3.4883720930232642,3.4883720930232642,6.159218132759262,5.311569546612137
ICBAMCL2ND,ICB AMCL Second Mutual Fund Units,8.7,-3.333333333333341,7.407407407407403,31.818181818181817,40.322580645161274,61.111111111111086,55.35714285714285,40.322580645161274,-24.347826086956527,70.58823529411764,14.473684210526313,5.047843261387096,4.439344064795433
ICBEPMF1S1,ICB Employees Provident Mutual Fund One Scheme One Units,6.9,-2.8169014084506943,4.5454545454545565,4.5454545454545565,16.94915254237288,53.33333333333334,102.94117647058826,35.29411764705884,-17.857142857142858,7.8125,-16.867469879518076,4.4156970810369405,4.911922131954547
ICBIBANK,ICB Islamic Bank Limited,2.8,0.0,3.7037037037036904,3.7037037037036904,3.7037037037036904,0.0,16.666666666666664,-6.666666666666672,-44.00000000000001,-30.000000000000004,-62.666666666666664,3.5185185185185053,4.010560589507945
ICBSONALI1,ICB AMCL Sonali Bank Ltd 1st Mutual Fund 2013- Units,7.1,-2.739726027397263,10.937499999999988,18.33333333333333,33.96226415094339,54.34782608695652,69.04761904761904,24.561403508771917,-23.655913978494635,12.698412698412696,-40.833333333333336,5.349367224367226,5.114469772201551
ICICL,Islami Commercial Insurance PLC.,36.6,-1.6129032258064553,7.964601769911513,16.932907348242814,38.113207547169814,59.82532751091704,63.39285714285716,66.36363636363637,150.68493150684932,150.68493150684932,150.68493150684932,3.423091781487908,3.7358467228669614
IDLC,IDLC Finance PLC.,45.0,-0.8810572687224639,-5.063291139240503,6.382978723404262,21.293800539083556,14.13043506793479,31.983240553421776,18.4210529432133,-11.70656713248829,22.621032883414276,-4.823037378220362,1.6870933225368054,2.919909116313803
IFADAUTOS,IFAD Autos PLC,26.0,-0.7633587786259515,-2.2556390977443663,-1.1406844106463905,19.266055045871557,26.213592233009702,19.81566820276498,7.438016528925623,-48.618579218920246,-44.502394332774394,47.90111897987602,2.5316793893129774,2.8243984970825857
IFIC,IFIC Bank PLC,4.9,0.0,-1.999999999999993,-1.999999999999993,8.888888888888896,-7.547169811320744,4.255319148936174,-26.86567164179104,-63.5703535766393,-20.825735869241917,-53.88143595220322,1.8367346938775442,2.839926230232342
IFIC1STMF,IFIC Bank 1st Mutual Fund Units,4.5,-4.255319148936174,-4.255319148936174,21.621621621621617,9.756097560975618,73.07692307692308,80.0,18.421052631578952,-40.78947368421052,8.281250152270506,-30.2774390384623,5.720269297975129,6.105727431437057
IFILISLMF1,IFIL Islamic Mutual Fund - 1 Units,5.9,-1.6666666666666607,3.5087719298245643,25.531914893617024,25.531914893617024,47.50000000000001,73.5294117647059,22.91666666666668,-20.27027027027027,-15.71428571428571,-6.34920634920634,4.11919977771603,5.110643345668801
ILFSL,International Leasing and Financial Services Ltd.,2.3,-8.000000000000007,14.999999999999991,76.9230769230769,4.545454545454529,91.66666666666666,283.3333333333333,-20.689655172413797,-71.95121951219512,-63.935999771498494,-86.00965505578255,7.9917184265010395,8.364952107236203
INDEXAGRO,Index Agro Industries Ltd,73.9,-0.40431266846360797,-1.3351134846461947,-1.989389920424403,2.9247910863509867,9.48148148148149,10.46337817638266,-0.5192305205288472,-44.1360689769225,3.4600002586500023,3.4600002586500023,1.6691493429044004,2.2805616319099133
INTECH,Intech Ltd.,26.8,0.7518796992481176,0.0,-5.300353356890459,-22.766570605187326,-7.266435986159162,-15.457413249211353,31.372549019607856,-26.37362637362637,192.16785723233352,119.96993293366262,2.2853634672923917,3.2152625230647396
INTRACO,Intraco Refueling Station PLC,23.9,6.696428571428571,7.657657657657655,8.63636363636363,37.356321839080465,18.316831683168314,16.58536585365853,9.132420091324201,1.6220468055993587,-48.59851725975268,-48.59851725975268,4.149610136452241,3.2283127206109676
IPDC,IPDC Finance PLC,31.0,-1.2738853503184668,-4.907975460122704,-11.17478510028653,73.13829830518617,58.78048816116597,70.41884854674352,69.53125042382813,31.882429774829006,147.45004702153554,493.05067315163626,2.98139252302828,4.260656611131902
ISLAMIBANK,Islami Bank Bangladesh PLC,29.7,-1.9801980198019846,-4.8076923076923075,-5.714285714285716,-8.895705521472399,-38.88888888888889,-10.000000000000002,-36.53846153846153,2.4137931034482736,-5.4140127388535015,-24.023255889930237,1.826065405425173,1.9879491768787434
ISLAMICFIN,Islamic Finance & Investment PLC,12.4,0.8130081300812979,0.8130081300812979,9.73451327433628,16.981132075471702,19.23076923076923,30.52631578947369,39.32584269662921,-48.11715481171547,13.254960638745334,-32.00583988023101,1.7146474743435962,2.761110128391324
ISLAMIINS,Islami Insurance Bangladesh Limited,63.7,-2.8963414634146214,5.115511551155118,0.9508716323296378,44.77272727272728,59.250000000000014,69.86666666666667,56.89655172413793,3.4090909090909114,502.6765444362031,238.23238500367322,3.9319977507566515,3.201065996571494
ISNLTD,Information Services Network Ltd.,60.1,1.0084033613445402,0.16666666666666904,-3.6858974358974312,-1.4754098360655714,-19.866666666666664,-23.34183673469388,43.0952380952381,25.20833333333334,420.8666675000533,297.7527288492745,1.4149169582616707,2.3503969248377694
ITC,IT Consultants PLC,48.4,-1.425661914460291,-7.809523809523812,-5.098039215686277,27.03412073490813,22.53164556962025,25.71428571428571,18.918918918918905,2.109704641350211,63.34436738597039,64.7464649815753,2.9363624831582356,3.0457655422952072
JAMUNABANK,Jamuna Bank PLC,24.1,0.0,-0.41322314049585895,2.11864406779661,-2.8225806451612874,0.0,14.218009478672984,13.145539906103288,39.88539391668594,207.1883254853748,105.94597705286516,0.7493084370677701,1.1698356523845819
JAMUNAOIL,JAMUNA OIL PLC,182.9,-0.4354926510615041,-0.054644808743166295,-0.054644808743166295,8.288928359976317,7.588235294117649,8.096926713948001,-5.915637860082304,4.21652421652422,-3.380876914949818,13.92412219354323,0.727443662423505,1.0741414999363943
JANATAINS,Janata Insurance PLC,34.9,-1.6901408450704265,2.0467836257309817,0.0,-1.6901408450704265,31.203007518796984,43.621399176954725,37.40157480314961,-7.7220335310700605,341.1801534721137,-81.3346858273465,2.9725528772176566,3.2141932151713917
JHRML,JMI Hospital Requisite Manufacturing Ltd,51.0,-0.39062500000000555,2.2044088176352736,-3.0418250950570367,8.050847457627112,17.511520737327192,20.853080568720372,-5.730129390018487,131.8181818181818,131.8181818181818,131.8181818181818,2.3673055143926884,2.2560548141118204
JMISMDL,JMI Syringes & Medical Devices Ltd.,144.7,0.34674063800277394,0.4861111111111032,-9.050911376492776,18.12244897959183,20.382695507487508,22.62711864406779,-1.36332651670075,-47.938624505220744,21.928128480141975,317.81740845356734,2.298287689108526,2.7928834571610537
JUTESPINN,Jute Spinners Limited,224.5,-1.0141093474426857,2.0454545454545454,4.662004662004662,5.946201038225576,14.540816326530612,15.01024590163935,11.359126984126986,61.39468008626887,245.9167950693374,237.593984962406,2.8035409585513253,5.234077219140171
KARNAPHULI,Karnaphuli Insurance PLC,53.6,0.0,4.077669902912624,20.993227990970666,70.70063694267517,71.24600638977635,88.0701754385965,64.92307692307692,28.846153846153847,485.08911162054875,96.35664703413173,5.225509592187534,5.22763625354893
KAY&QUE,Kay and Que (Bangladesh) Ltd.,423.3,1.0021474588403694,-1.0981308411214927,-0.8432888264230419,-11.646837820914216,-2.8013777267508586,12.162162162162172,52.101016371168676,87.80332007246223,1814.7135368806837,2031.1594144598985,1.8398330324669685,2.1378239105270977
KBPPWBIL,Khan Brothers PP Woven Bag Industries Ltd,39.0,-0.25575447570332843,-2.9850746268656785,-9.090909090909088,-19.421487603305785,-17.894736842105264,-18.75,-67.11635750421584,172.72727272727272,94.36326526272785,16.514574103460173,1.4053480924142208,3.01437414625762
KDSALTD,KDS Accessories Ltd.,50.1,0.20000000000000281,-1.5717092337917429,-7.5645756457564595,10.352422907488993,19.28571428571429,21.8978102189781,21.014492753623195,-6.062499765156245,12.481320237251323,-3.9859451429864667,2.234965041110187,2.2979641878669548
KEYACOSMET,Keya Cosmetic Ltd.,5.6,0.0,1.8181818181818117,7.692307692307681,24.44444444444444,3.7037037037036904,24.44444444444444,14.28571428571427,-42.2680412371134,-23.301627815024066,-64.17310924849195,3.133116883116886,3.7039983307490334
KOHINOOR,Kohinoor Chemical Company (Bangladesh) PLC,550.5,-0.8822470291681631,1.9444444444444444,8.366141732283465,9.946075494307971,8.966745843230406,10.12202440488098,17.105008585522754,86.44786640261262,303.8295959439734,1091.7445531066785,2.6177153819965437,2.6727306094065435
KPCL,Khulna Power Company Ltd.,11.0,0.9174311926605472,2.8037383177570163,3.773584905660381,2.8037383177570163,-1.7857142857142796,4.761904761904762,0.9174311926605472,-71.05263157894737,-80.29315962741515,-74.5390781189121,2.2726296488629822,2.581400648888833
KPPL,Khulna Printing & Packaging Ltd,15.6,4.6979865771812035,1.298701298701294,1.9607843137254832,3.999999999999998,-5.454545454545456,-2.500000000000002,-13.333333333333336,-6.024096385542179,71.42857142857143,-54.722955191709886,3.0972968199566617,3.305426399485194
KTL,Kattali Textile Ltd.,11.4,-1.7241379310344769,-4.201680672268908,6.542056074766366,22.580645161290317,22.580645161290317,-1.7241379310344767,-11.627906976744185,-63.10679611650486,-40.40992037726718,-40.40992037726718,3.110550560927401,3.9471108286373973
LANKABAFIN,LankaBangla Finance PLC,17.3,-2.2598870056497096,-4.945054945054937,2.3668639053254568,29.1044776119403,23.571428571428577,40.65040650406504,-2.8089887640449436,-52.73224043715847,-5.467377395199284,-39.580928831105176,1.9372326181378843,3.59664605896942
LEGACYFOOT,Legacy Footwear Ltd.,75.3,1.073825503355701,-2.2077922077922114,10.898379970544905,2.032520325203252,44.52975047984644,38.92988929889298,25.919732441471574,7.725321888412004,215.4122504211348,380.8520425391679,2.546306993624854,3.2212150243340303
LHB,LafargeHolcim Bangladesh PLC,57.8,-0.5163511187607647,-2.0338983050847506,3.7701974865349985,16.06425702811245,9.0566037735849,22.717622080679394,-3.6666666666666714,-9.828393135725426,-25.8974358974359,695.2762473154971,1.253701169001351,2.391894556142741
LIBRAINFU,Libra Infusions Ltd.,635.1,-0.11009751494179489,-0.31392246115209543,-1.0747663551401834,1.7299375300336488,-8.487031700288181,-0.14150943396226057,-16.882606988614054,34.21386238781308,52.42399984879539,439.2358484970194,0.7004709063611386,1.584177736849711
LINDEBD,Linde Bangladesh Limited,715.2,-0.45929018789143417,-1.2427506213753106,0.02797202797203433,8.841880992238627,-12.929145361577785,-5.770750988142287,-25.188284518828446,-48.323699421965316,-49.276595744680854,38.73908826382154,0.8054839427469607,1.4229881045925779
LOVELLO,Taufika Foods and Lovello Ice-cream PLC,68.7,-0.434782608695648,-1.5759312320916825,-4.5833333333333295,-10.779220779220775,-1.857142857142853,0.7331378299120235,-22.01621602568286,126.71000032192822,428.99000069297693,428.99000069297693,2.476537045533069,3.3620825823110674
LRBDL,Lub-rref (Bangladesh) Ltd,15.8,-0.6289308176100606,1.9354838709677464,6.756756756756756,62.88659793814435,66.31578947368422,59.59595959595959,11.267605633802827,-69.78967495219885,-60.98765432098765,-60.98765432098765,3.238713295677606,4.141187852793911
LRGLOBMF1,LR Global Bangladesh Mutual Fund One Units,4.9,-1.9999999999999927,4.255319148936174,32.432432432432435,32.432432432432435,63.33333333333334,75.00000000000003,28.947368421052648,-45.55555555555555,-22.222222222222214,-46.7391304347826,4.559823929571824,5.719112219896383
MAGURAPLEX,Magura Multiplex PLC,92.7,1.2008733624454242,-0.6430868167202511,1.9801980198019768,12.773722627737225,9.834123222748811,10.488676996424312,-1.592356687898089,-39.68915689187373,418.7357489838719,418.7357489838719,1.5852305919138234,2.1843398251669246
MAKSONSPIN,Maksons Spinning Mills PLC,6.4,0.0,-1.538461538461533,10.344827586206907,14.285714285714299,28.000000000000007,36.17021276595745,-14.666666666666663,-69.81132075471699,-5.3521125094227315,-60.35955037383966,3.1584821428571375,4.138528133913615
MALEKSPIN,Malek Spinning Mills PLC,45.9,-0.21739130434782916,3.146067415730334,12.500000000000004,63.92857142857142,52.99999999999999,58.82352941176471,49.99999999999999,30.028328611898026,173.2142857142857,83.6,3.1298468754547626,4.3564571371225504
MARICO,Marico Bangladesh Limited.,2726.6,0.22422348832934788,0.022010271460011336,-0.12454212454212787,-0.8545143812952256,-2.690935046395435,2.770344125739701,-8.717777033813192,15.902231668437828,116.63753376767838,626.1251664447403,0.4824017766733488,0.5584299873805872
MATINSPINN,Matin Spinning PLC,60.7,0.16501650165016735,-2.0967741935483826,3.2312925170068127,29.424307036247345,29.700854700854713,30.537634408602155,17.408123791102515,7.243816254416963,56.44329896907218,34.88888888888889,3.4169435215946806,3.210025187207041
MBL1STMF,MBL 1st Mutual Fund 2010- Units,7.6,-1.2987012987013056,-2.5641025641025665,76.74418604651163,72.7272727272727,94.87179487179488,123.52941176470587,58.333333333333336,-11.627906976744187,24.59016393442623,10.144927536231874,3.5616769195716556,5.283285542397995
MEGCONMILK,Meghna Condensed Milk Industries Ltd.,34.2,0.29325513196481356,-6.8119891008174385,-14.713216957605981,-7.816711590296492,26.666666666666675,137.50000000000003,93.22033898305088,131.0810810810811,338.46153846153845,260.00000000000006,3.7792366482820414,5.633551366330652
MEGHNACEM,Meghna Cement Mills PLC,32.8,3.4700315457413184,2.180685358255438,1.2345679012345636,11.186440677966091,-4.9275362318840665,11.945392491467565,-14.360313315926893,-53.86379066512075,-50.21811967291082,-55.59475476714253,1.7143262970406976,4.068436875823913
MEGHNAINS,Meghna Insurance PLC,38.6,-2.525252525252525,-2.2784810126582244,11.560693641618496,28.66666666666667,32.19178082191782,37.36654804270462,48.46153846153847,250.9090909090909,250.9090909090909,250.9090909090909,2.8174223438165686,5.79732176180742
MEGHNALIFE,Meghna Life Insurance PLC,61.8,-1.5923566878980893,0.6514657980456003,-0.3225806451612949,12.773722627737227,12.979890310786095,21.653543307086615,5.821917808219176,-4.89416095840639,70.67354966175006,-5.11176925004505,2.4381567495983916,2.768912955242973
MEGHNAPET,Meghna Pet Industries Ltd.,80.9,-0.2466091245375939,-5.820721769499418,-9.304932735426005,58.00781250000001,224.89959839357434,271.10091743119267,201.86567164179107,399.38271604938274,829.8850574712644,1164.0625,4.680392768079802,6.464292157037994
MERCANBANK,Mercantile Bank PLC,7.4,1.3698630136986376,1.3698630136986374,-1.3333333333333286,5.71428571428572,-9.756097560975597,0.0,-24.48979591836735,-52.227848260304754,17.800611264824827,-28.47642863044449,2.4828767123287694,2.190512539893107
MERCINS,Mercantile Islami Insurance PLC,44.7,-1.5418502202643078,-0.22321428571427304,2.758620689655179,66.17100371747215,75.29411764705883,75.29411764705883,67.41573033707867,-21.164021164021165,313.8888888888889,62.01941797070011,3.4001358589582087,4.1827135075879545
METROSPIN,Metro Spinning Ltd.,9.6,2.1276595744680775,-2.040816326530623,1.0526315789473646,6.6666666666666625,14.285714285714276,12.941176470588232,-16.521739130434785,-56.73819732648603,28.519999973814052,-36.12023657745286,4.464326567964176,3.408483106307399
MHSML,Mozaffar Hossain Spinning Mills Ltd.,22.8,-0.8695652173913012,-2.1459227467811157,-4.999999999999997,-9.523809523809518,23.913043478260885,68.8888888888889,40.74074074074075,17.5257731958763,53.53137753792191,-7.857184502404648,2.170426056482734,2.497452004589536
MIDASFIN,MIDAS Financing PLC,6.4,0.0,3.225806451612906,10.344827586206907,12.280701754385968,3.225806451612906,42.22222222222223,-15.789473684210519,-65.31099490911099,-53.872753023328414,-73.98541345304128,2.491375185716807,4.052155887176056
MIDLANDBNK,Midland Bank PLC,18.0,-0.5524861878453117,-3.7433155080213867,11.111111111111114,20.0,-1.098901098901095,5.263157894736834,-6.2499999999999964,105.9999992378,105.9999992378,105.9999992378,2.075735603703362,4.094854681141514
MIRACLEIND,Miracle Industries Limited,30.2,0.0,1.6835016835016836,6.338028169014087,12.6865671641791,-6.211180124223612,-5.031446540880507,-0.9836065573770515,-18.378378378378383,31.099301905941264,227.67655957354725,2.3949998058388973,3.219458888361618
MIRAKHTER,Mir Akhter Hossain Ltd,41.2,-2.1377672209026097,-2.830188679245273,-1.4354066985645797,8.994708994709011,43.055555555555564,49.275362318840585,39.66101694915255,-55.21739130434783,-49.1358024691358,-49.1358024691358,2.477960933753172,3.1278673791751594
MITHUNKNIT,Mithun Knitting & Dyeing (CEPZ) Ltd.,14.0,-0.7092198581560258,-5.40540540540541,-6.666666666666667,-6.04026845637584,0.0,-4.109589041095888,-7.894736842105259,-17.159763313609464,-73.70892008411029,-73.18417436905112,3.6419031223496323,4.745534621396676
MJLBD,MJL Bangladesh PLC,93.1,-0.5341880341880342,-0.42780748663102214,-2.513089005235608,3.79041248606465,4.606741573033702,3.444444444444438,-9.523809523809534,2.4202420242024076,-11.212533842210581,63.571527540485455,1.008033099919784,1.2909422272470592
MLDYEING,M.L. Dyeing & Textile Ind. PLC,17.9,1.1299435028248548,-1.1049723756906233,33.58208955223879,115.6626506024096,118.29268292682926,113.09523809523806,80.80808080808079,-44.58204334365325,159.37100109506432,159.37100109506432,5.017196152624867,6.928289487205421
MONNOAGML,Monno Agro & General Machinery Ltd.,348.6,0.02869440459111126,-0.7968127490039711,-2.3529411764705817,-2.21598877980364,-10.339506172839503,-5.656292286874148,-6.5415549597855165,15.416414264719771,769.6534769475461,2703.2338984373837,1.773181189916001,1.9939271611853286
MONNOCERA,Monno Ceramic Industries Limited.,93.9,-0.3184713375796148,-0.1063829787233982,-3.6923076923076863,-12.242990654205602,6.8259385665529,14.792176039119816,10.340775558166877,-32.88062902072909,257.5854902318564,448.29775164708644,2.1979781989038463,2.642199024138363
MONNOFABR,Monno Fabrics Ltd.,24.0,-1.6393442622950762,3.448275862068969,4.3478260869565215,3.448275862068969,4.803493449781666,12.14953271028038,65.51724137931035,1.694915254237282,1.694915254237282,1.694915254237282,4.04228532789714,2.612096035053297
MONOSPOOL,Monospool Bangladesh PLC,118.6,1.9776440240756639,-1.2489592006661117,-1.98347107438017,19.43605236656596,24.31865828092242,25.237592397043283,21.885611785546583,-14.269143198841565,147.981817178619,147.981817178619,1.8616606012561951,2.2629993155133463
MPETROLEUM,Meghna Petroleum PLC,214.5,-0.5102040816326504,-0.1861330851558891,0.09332711152589296,6.451612903225806,7.897384305835004,11.312921639854702,-0.23255813953488372,6.398809523809526,18.968386023294503,50.28662405353503,0.6233897894337274,0.9235474283654707
MTB,Mutual Trust Bank PLC,13.3,0.7575757575757683,-0.7462686567164153,0.0,33.46816079542752,20.025324477116474,35.63837486735217,25.44000084506949,5.7417390637818935,128.39732690706373,173.82183912565898,1.3590795169742556,2.370679044758398
NAHEEACP,Nahee Aluminum Composite Panel PLC,36.3,0.8333333333333255,-1.6260162601626056,-4.473684210526323,45.783132530120476,103.9325842696629,96.21621621621621,65.75342465753424,-31.11954459203037,-42.40488986864148,-42.40488986864148,2.125199432434902,3.7324411971174074
NATLIFEINS,National Life Insurance PLC,103.4,-1.6175071360608837,-0.09661835748791721,-2.819548872180451,5.295315682281061,-1.241642788920723,10.23454157782517,-4.259259259259254,-56.808688387635755,-15.414536253397902,-23.881612130835936,2.3648464523314865,2.653588710936732
NAVANACNG,Navana CNG Limited,22.8,-0.4366812227074143,-1.2987012987013018,1.7857142857142954,12.871287128712877,6.0465116279069795,7.04225352112676,3.1674208144796347,-40.00715960872265,-44.63215831871325,-61.32769196019186,1.9023622190455889,2.2031358286901273
NAVANAPHAR,Navana Pharmaceuticals PLC,70.0,-0.28490028490028896,-1.960784313725498,-3.047091412742386,19.86301369863014,19.453924914675763,33.58778625954199,22.377622377622373,165.15151515151516,165.15151515151516,165.15151515151516,1.3404989795392743,2.3457806974987045
NBL,National Bank PLC,3.8,2.7027027027026933,-2.5641025641025665,0.0,-7.317073170731704,-7.317073170731704,18.74999999999999,0.0,-50.124999875312504,-30.407226163473652,-64.38589816000999,2.972972972972964,3.3731903468745554
NCCBANK,National Credit and Commerce Bank PLC,15.3,0.0,-0.649350649350647,0.6578947368421146,-3.5635920800378384,22.400056206105823,30.426289444422068,22.400056206105823,14.315210897622139,119.83870195919445,38.889382995181535,1.43836083077569,2.2109588275026826
NCCBLMF1,NCCBL Mutual Fund-1 2012- Dividend Units,6.9,-4.166666666666664,-5.479452054794513,40.816326530612244,40.816326530612244,64.28571428571428,72.50000000000001,25.45454545454546,-21.590909090909093,9.523809523809533,-42.49999999999999,5.486891861284733,7.169340772610649
NEWLINE,New Line Clothings Ltd.,6.8,0.0,-1.4492753623188481,21.428571428571434,28.30188679245283,51.11111111111111,70.0,-5.555555555555561,-76.94915254237289,-72.75137997119862,-72.75137997119862,6.15691727696919,6.2508028067736605
NFML,National Feed Mill Ltd,20.2,-0.9803921568627416,-3.3492822966507148,-6.0465116279069795,26.249999999999996,34.66666666666666,43.262411347517734,94.23076923076921,-40.518950438011444,42.79971777855538,-27.582414928590048,3.2287835232410877,3.9621646037701463
NHFIL,National Housing Finance PLC,29.2,-0.6802721088435351,-4.88599348534202,-7.886435331230284,27.510917030567693,15.415019762845844,29.77777777777777,15.873015873015873,-32.66247386654536,9.0493824885266,-4.385051509180788,2.3587443172196148,2.5439400971898722
NITOLINS,Nitol Insurance PLC,46.7,9.36768149882904,24.53333333333334,26.21621621621622,60.481099656357394,56.71140939597316,66.19217081850535,64.43661971830988,-12.593582677364234,185.82302034555647,96.04566531563009,7.656317399785177,5.567627942983877
NORTHERN,Northern Jute Manufacturing Co. Ltd.,116.0,3.111111111111111,-3.171953255425707,2.6548672566371683,3.0195381882770924,31.668558456299667,35.99062133645956,2.6548672566371683,-63.73866833385432,-59.999999839999994,673.3333384888889,2.7261825184619317,5.755113045603024
NORTHRNINS,Northern Islami Insurance PLC,39.6,-0.9999999999999963,2.3255813953488333,1.0204081632653024,25.619335641555846,30.344827933520705,49.568345697661876,30.344827933520705,-26.666666490123458,213.27397311556493,29.538428058162747,3.107030623975826,4.455534378756442
NPOLYMER,National Polymer Industries PLC,36.2,-1.3623978201634876,0.5555555555555635,4.9275362318840665,26.132404181184683,32.1167883211679,36.090225563909776,12.074303405572774,-40.849673202614376,-14.173322965075597,150.83022639620967,3.08837360844198,3.3706067696934117
NRBBANK,NRB Bank PLC,6.8,1.4925373134328304,-1.4492753623188481,13.33333333333333,19.298245614035082,-5.555555555555561,11.475409836065577,-29.166666666666668,-24.444444444444446,-24.444444444444446,-24.444444444444446,2.3134328358208944,3.404939425736832
NRBCBANK,NRBC Bank PLC,8.8,1.1494252873563382,1.1494252873563382,18.918918918918923,17.33333333333334,44.26229508196723,72.54901960784316,20.547945205479465,-65.79342570251464,-30.800100040093547,-30.800100040093547,1.5604875944691576,2.8713031215913234
NTC,National Tea Company Limited,167.1,-0.8308605341246325,-1.7636684303350971,2.9574861367837233,5.759493670886072,3.148148148148145,-3.8550057537399405,-5.056818181818185,-66.58,-71.03986135181975,-78.2987012987013,1.6676492009696569,4.243163596293398
NTLTUBES,National Tubes Limited,68.1,-0.5839416058394243,-4.084507042253529,-4.755244755244763,11.639344262295072,13.879598662207355,8.95999999999999,-18.928571428571434,-39.14209115281502,-10.738397850976892,189.00060869681653,1.9836989678353096,2.634067498938303
NURANI,Nurani Dyeing & Sweater Ltd.,3.1,0.0,3.333333333333336,3.333333333333336,10.714285714285726,40.9090909090909,55.00000000000001,0.0,-71.81818181818181,-81.68011603809774,-81.68011603809774,3.829440118650357,4.560852051370613
OAL,Olympic Accessories Ltd,6.9,-1.4285714285714235,2.985074626865674,1.4705882352941255,16.94915254237288,15.000000000000005,21.05263157894737,-6.756756756756756,-57.668711656441715,-60.0389743011026,-71.41302398440203,3.896713615023472,3.425275853867293
OIMEX,Oimex Electrode Ltd.,16.3,0.0,-1.2121212121212077,3.8216560509554234,18.97810218978103,25.38461538461539,6.5359477124183005,-32.36514522821577,-43.205574912891976,-67.3101217885098,-67.3101217885098,1.560361625801296,2.8393017891458125
OLYMPIC,Olympic Industries PLC.,150.6,-0.725115359261697,-2.2077922077922114,-4.137492043284532,4.510756419153366,-0.06635700066356624,9.447674418604652,-12.390924956369988,-16.74958540630183,-52.655688504393716,103.81955019317631,1.4521099605460943,1.7370930892144367
ONEBANKPLC,One Bank PLC,8.0,0.0,-2.439024390243894,1.265822784810122,23.076923076923077,2.5641025641025665,14.285714285714286,-5.882352941176471,-12.842104870488646,-12.842104870488646,-12.842104870488646,1.3813291139240453,2.1316252438539953
ORIONINFU,Orion Infusion Ltd.,262.1,0.0,-7.841068917018268,-9.807295251204405,-17.16182048040454,-27.83590308370043,-22.934431049691266,-30.844327176780997,213.51674641148333,265.5509065550907,469.78260869565224,3.3462443826313018,2.8795933601418398
ORIONPHARM,Orion Pharma Ltd.,28.7,0.3496503496503422,0.0,-4.333333333333335,11.673151750972764,2.4999999999999973,5.514705882352941,-9.177215189873424,-58.345428156748916,-22.432432432432435,-57.999999832,1.136363636363632,2.2396141556287588
PADMALIFE,Padma Islami Life Insurance Ltd.,18.1,-2.1621621621621547,2.2598870056497296,-3.723404255319145,5.847953216374268,5.847953216374268,8.383233532934145,-12.560386473429942,-47.53623188405796,-8.354430008524268,-63.05889765268806,2.8807852536666068,3.701264351276194
PADMAOIL,Padma Oil PLC,200.1,-0.3982080637132958,-0.9405940594059434,-2.2471910112359526,14.539210074413283,15.999999999999998,18.05309734513274,-1.4771048744460857,-10.269058295964127,6.210191082802542,17.705882235235297,0.4819275217148057,1.095493740724632
PARAMOUNT,Paramount Insurance PLC.,62.5,-2.03761755485893,-0.9508716323296378,-0.9508716323296378,25.250501002004015,11.806797853309483,43.67816091954023,54.70297029702971,-34.48637316561845,864.4470439009875,374.9340954852795,3.2731888143246852,4.486009629601588
PDL,Pacific Denims Ltd.,5.7,-1.7241379310344769,-1.7241379310344767,-1.7241379310344767,5.555555555555552,39.02439024390246,23.913043478260885,-17.39130434782609,-66.91379309907481,-71.06648729851533,-71.06648729851533,3.5964912280701764,4.172471654685645
PENINSULA,The Peninsula Chittagong PLC,24.7,-0.8032128514056196,-1.5936254980079765,-3.8910505836575875,24.74747474747474,16.50943396226415,34.972677595628404,124.54545454545455,2.4896265560165887,66.89189189189189,-31.749999829374996,1.7573503361702225,2.4678200035587863
PEOPLESINS,Peoples Insurance PLC,62.2,-2.0472440944881845,-1.8927444794952615,0.0,25.91093117408908,64.1160949868074,71.34986225895318,75.21126760563382,13.503649635036508,338.02816901408454,135.60606060606062,3.5336826432839787,4.040097478108376
PF1STMF,Phoenix Finance 1st Mutual Fund Units,14.0,-1.4084507042253471,-2.7777777777777803,21.73913043478261,89.18918918918918,169.23076923076925,180.0,159.25925925925924,23.893805309734507,197.87234042553195,77.21518987341771,3.20281662868463,4.08816921052592
PHARMAID,Pharma Aids Limited.,613.0,2.7144772117962543,-2.372989329511065,5.689655172413793,11.454545454545455,5.326460481099656,24.34077079107505,0.6237688772160135,39.794754846066134,137.22910216718267,337.5446109921485,2.2873857248039853,3.0787918438252766
PHENIXINS,Phoenix Insurance PLC,49.3,-2.376237623762382,5.5674518201284675,10.786516853932579,28.38541666666666,53.58255451713394,83.95522388059699,77.33812949640286,-22.605965463108326,144.05940594059408,10.044642857142858,3.66690944002825,3.7821106030904676
PHOENIXFIN,Phoenix Finance and Investments Ltd.,4.1,-2.380952380952394,2.499999999999991,13.888888888888877,5.128205128205121,2.499999999999991,70.83333333333333,17.14285714285713,-85.95890410958904,-68.90195566347269,-84.9727570434382,5.370708748615731,6.235888697626746
PHPMF1,PHP First Mutual Fund Units 2010-,4.0,-2.439024390243894,0.0,17.647058823529413,11.111111111111109,53.84615384615385,66.66666666666667,17.647058823529413,-48.05194805194805,-2.8333338313125047,-28.37428621260627,4.80182926829269,6.1026765980272435
PIONEERINS,Pioneer Insurance PLC,68.5,-1.5804597701149343,-1.721664275466288,-2.142857142857143,13.976705490848584,36.221591249644895,49.53222488973401,59.83333373291666,-37.017911041840314,215.1059061497392,70.9503128615706,3.0978240944393303,2.783619154027143
PLFSL,Peoples Leasing and Financial Services Ltd.,2.2,-8.333333333333323,10.000000000000009,69.23076923076924,0.0,83.33333333333336,315.09433962264154,4.761904761904766,-26.66666666666666,-66.15384615384616,-92.5077399448073,8.135822510822509,6.463801966621517
POPULAR1MF,Popular Life First Mutual Fund Units 2010-,4.0,-2.439024390243894,0.0,21.212121212121218,17.647058823529413,60.0,66.66666666666667,11.111111111111109,-44.44444444444444,1.3661221247331545,-23.794893154772446,4.939024390243905,6.117849096154348
POPULARLIF,Popular Life Insurance Co. Ltd.,60.3,-1.6313213703099512,2.2033898305084696,-1.7915309446254095,11.873840445269014,29.399141630901276,41.882352941176464,22.312373225152133,-35.16129032258065,-9.323308270676694,-45.88461505992308,2.4908655076626527,2.989669958293848
POWERGRID,Power Grid Co. of Bangladesh Ltd.,40.3,-1.7073170731707388,-0.7389162561576459,5.221932114882507,26.332288401253916,20.298507462686562,49.81412639405204,15.472779369627505,-23.674242424242426,-32.7212020033389,-25.78268876611418,2.4436189411269726,2.965604640991226
PRAGATIINS,Pragati Insurance PLC,80.0,-1.4778325123152742,1.2658227848101267,-1.9607843137254835,13.769436158222165,4.303797082430389,14.603615711127151,59.07335849111373,5.379518860735068,424.012418766817,101.14345594347732,3.607786455120419,3.294298190440009
PRAGATILIF,Pragati Life Insurance PLC,172.6,2.0697811945594324,2.7380952380952346,-1.6269431035544144,2.4056093930128584,-21.545454623909094,28.457374700483026,59.9494522366147,101.25159903898337,280.89824754127443,160.6296265421456,2.937928418039648,2.9819415012787136
PREMIERBAN,The Premier Bank PLC,5.6,-1.75438596491229,-3.448275862068969,14.28571428571427,39.99999999999999,27.272727272727256,39.99999999999999,-26.315789473684212,-53.035461136965694,46.76342552177443,-23.417010251007888,2.41071428571429,5.2680544464059365
PREMIERCEM,Premier Cement Mills PLC,49.0,0.6160164271047169,-2.9702970297029703,-4.854368932038835,29.287598944591036,23.115577889447245,24.999999999999993,1.0309278350515463,-34.49197860962566,-50.753768844221106,-53.333333333333336,1.9258014796861915,3.1111285343342123
PREMIERLEA,Premier Leasing & Finance Limited,2.7,-6.896551724137923,0.0,12.500000000000012,17.391304347826104,145.45454545454544,400.0,-6.896551724137922,-76.31578947368419,-59.97723285620804,-80.08115455524175,7.259259259259261,8.118219864532417
PRIME1ICBA,Prime Bank 1st ICB AMCL Mutual Fund Units,6.9,-1.4285714285714235,4.5454545454545565,32.69230769230769,40.816326530612244,53.33333333333334,60.46511627906978,35.29411764705884,-15.853658536585353,40.816326530612244,-4.166666666666664,4.568779685787354,5.106212610903933
PRIMEBANK,Prime Bank PLC,30.0,-0.33222591362126713,-2.280130293159607,0.33444816053512183,3.4482758620689653,-5.405405154005353,9.375000273437502,12.500000281250005,42.86504404241912,129.13709622206554,5.588850966144677,1.1166725926584369,1.4528183764699156
PRIMEFIN,Prime Finance and Investment Ltd.,3.5,-7.894736842105258,-2.7777777777777803,12.90322580645161,6.060606060606066,59.09090909090907,218.18181818181816,-18.604651162790695,-74.26470588235294,-52.054794520547944,-87.11656436659264,5.5817428185849245,6.189585671910429
PRIMEINSUR,Prime Islami Insurance PLC,58.9,-2.644628099173556,14.368932038834949,27.213822894168473,57.06666666666667,75.82089552238806,96.98996655518395,58.760107816711574,-0.674536256323775,346.21212121212125,64.92000038921121,5.651864750311395,5.257394824374488
PRIMELIFE,Prime Life Insurance Company Limited,43.0,-1.601830663615567,5.6511056511056434,-1.1494252873563218,5.3921568627451055,17.80821917808219,30.303030303030305,6.699751861042191,-31.63751987281399,-28.21939568101195,-52.699999927631,3.706741700822927,3.5167023944357334
PRIMETEX,Prime Textile Spining Mills Ltd.,17.0,0.0,-3.9548022598870016,-4.494382022471914,-7.103825136612024,18.881118881118876,23.188405797101446,18.05555555555555,-32.53968253968254,-16.66666666666666,-15.84158415841584,2.8324687853364208,3.836432726269428
PROGRESLIF,Progressive Life Insurance Co. Ltd.,41.7,1.4598540145985435,3.2178217821782287,-1.4184397163120435,1.9559902200489103,-7.126948775055669,-8.552631578947366,-18.5546875,-61.74311926605505,4.540930719573014,-44.26192497168295,3.4586757155939027,4.254406660239581
PROVATIINS,Provati Insurance PLC,59.0,-1.502504173622702,-2.479338842975207,-11.544227886056975,60.762942779291535,83.8006230529595,105.57491289198606,69.54022988505749,-61.333333534400005,664.6782676326346,215.8893112759685,2.8321082182802404,4.669445551257677
PTL,Paramount Textile PLC,63.5,0.6339144215530881,-2.9051987767584184,-5.78635014836796,9.861591695501735,25.000000000000007,22.58687258687259,31.46997929606626,28.671052815781724,506.6541341157714,148.5386147656939,2.2500061256467756,2.2669519468663895
PUBALIBANK,Pubali Bank PLC,38.0,-1.041666666666663,-4.5226130653266265,5.555555555555555,15.915146998550178,8.436750437204857,41.423981944421065,42.81049155517386,122.11978135842737,254.32914670570514,117.97765126079555,2.574076579623865,2.2990329627585284
PURABIGEN,Purabi General Insurance Co. Ltd.,31.4,-2.180685358255461,-0.9463722397476363,-4.5592705167173255,6.802721088435375,46.04651162790697,61.85567010309279,72.52747252747253,-23.1781475545289,350.55889147222393,6.069006450559262,2.5282275832748624,3.767893972382127
QUASEMIND,Quasem Industries Limited.,45.1,-0.44150110375275003,-2.8017241379310285,-2.591792656587464,13.03258145363409,8.674698795180726,19.25480756043939,13.264840063694454,2.0886051256153912,14.270229681446347,183.81116491110092,1.6244664758336727,3.343602723643483
QUEENSOUTH,Queen South Textile Mills Ltd.,18.8,0.0,5.617977528089887,13.939393939393943,56.66666666666668,63.478260869565226,57.983193277310924,42.424242424242436,-35.08794812716069,-22.578105085482534,-22.578105085482534,7.2668012501434,5.382894660377035
RAHIMAFOOD,Rahima Food Corporation Ltd.,84.0,1.2048192771084338,-3.3371691599539766,-9.18918918918919,-12.953367875647668,-37.77777777777778,-47.5,-47.76119402985075,-74.91039426523297,44.32989690721649,388.37209302325584,2.3274485407709418,4.062048200315492
RAHIMTEXT,Rahim Textile Mills Ltd.,214.9,2.138783269961977,3.8164251207729496,-1.8721461187214585,12.513089005235605,-6.524575902566333,0.7501172058134057,29.45783132530121,-29.954367666232073,42.15507315009735,432.8230636856117,2.0924943215183935,3.714819622955614
RAKCERAMIC,RAK Ceramics (Baneladesh) Limited,30.2,-0.3300330033003347,-4.126984126984129,-1.6286644951140066,30.17241379310345,28.510638297872337,36.03603603603604,30.17241379310345,-33.9168490153173,-32.32962959391471,-24.76647063450391,2.0417667674533537,2.6277737761043145
RANFOUNDRY,Rangpur Foundry Limited,162.8,0.9925558312655229,0.3699136868064259,1.1180124223602554,7.814569536423849,7.105263157894744,13.925822253324005,0.7425742574257531,14.809590973201692,46.93140794223829,162.58064516129036,1.3561803236503647,3.0269339838969156
RDFOOD,Rangpur Dairy and Food Products Limited,27.5,-1.0791366906474844,-2.826855123674914,-5.498281786941585,36.81592039800994,32.21153846153845,37.5,15.546218487394954,-34.58429585871558,204.0502060260228,69.97014648055656,1.716784760573558,2.951779299638607
RECKITTBEN,Reckitt Benckiser (Bangladesh) PLC,3315.0,0.4271562301190556,-0.0030165002563997782,0.1510574018126888,-1.6028495102404274,-5.823863636363637,-3.0701754385964914,-2.1835349660666865,-26.193921852387845,116.66666666666667,348.57916102841676,0.5284989195910735,0.6231555459674312
REGENTTEX,Regent Textile Mills Ltd.,7.2,1.4084507042253596,-5.2631578947368345,12.499999999999996,60.0,80.0,80.0,84.61538461538461,-47.826086956521735,-32.62705848302854,-71.93916979151358,5.008748141020033,5.530939612007406
RELIANCE1,Reliance Insurance Mutual Fund Reliance One Units,12.0,-1.6393442622950762,-0.8264462809917327,-0.8264462809917327,7.1428571428571495,-9.090909090909086,-23.56687898089172,-27.272727272727273,-12.408759124087588,53.84615384615385,31.868131868131876,3.132055787079339,3.2309257141103505
RELIANCINS,Reliance Insurance PLC,109.7,-2.228163992869875,-6.95504664970314,-7.033898305084744,23.67531003382187,48.24324324324325,67.73700305810397,77.22132471728595,2.8116213683223994,253.5368028171625,127.17546941041002,3.0021404156899862,4.44563902792645
RENATA,Renata PLC,468.4,-0.8467400508044031,-0.382815823054022,1.95907705703091,13.68932038834951,2.1146718988445583,19.489795918367342,-7.430830039525696,-59.84947935278531,-28.27637629754623,50.78729076996649,0.8658212972287254,1.199583624208781
RENWICKJA,Renwick Janeswar and Co. (BD) Limited,891.0,2.6497695852534564,5.070754716981132,22.054794520547944,65.0,85.66367993331944,82.28314238952537,27.90697674418604,-1.2414098869430332,16.623036649214658,1035.031847133758,4.710253934606964,7.219284033209354
REPUBLIC,Republic Insurance PLC,37.7,-2.0779220779220706,2.168021680216814,-0.26455026455024955,16.35802469135804,10.23391812865497,37.591240875912426,28.23129251700682,-28.583762526387684,449.6288107339982,83.81756399906037,3.389386714910063,4.3714456685806775
RINGSHINE,Ring Shine Textiles Ltd.,4.7,2.1739130434782727,-2.083333333333326,27.027027027027025,34.28571428571429,56.66666666666668,46.875,51.61290322580645,-54.80769230769231,-68.35333333649798,-68.35333333649798,6.100481203890745,5.772301883479556
ROBI,Robi Axiata PLc,31.8,0.0,-0.6249999999999978,-1.5479876160990604,7.796610169491528,4.9504950495049505,12.367491166077738,14.388489208633093,-25.87412587412587,112.0,112.0,0.9166234077386871,1.573670882871135
RSRMSTEEL,Ratanpur Steel Re-Rolling Mills Ltd,7.9,-1.2499999999999956,2.5974025974025996,-2.4691358024691272,3.947368421052641,-1.2499999999999956,17.910447761194032,-24.038461538461537,-74.18300653594773,-76.46458323066008,-82.57034270907444,2.7913015254787363,3.173972028521376
RUNNERAUTO,Runner Automobiles PLC,46.7,1.5217391304347887,-1.8907563025210055,9.624413145539908,19.132653061224488,43.6923076923077,26.21621621621622,56.71140939597316,-26.91705790297339,-49.60431642349257,-49.60431642349257,3.09818928148353,2.798474209436124
RUPALIBANK,Rupali Bank PLC,17.5,0.0,0.0,4.1666666666666625,6.707317073170741,-12.060301507537682,1.1560693641618456,-23.91304347826087,-40.50000004879001,30.441929206019505,-41.63742781562411,1.4959328758411914,3.0227124012515305
RUPALIINS,Rupali Insurance Company Ltd.,30.0,-0.9900990099009923,-1.315789473684206,6.382978723404258,28.571428865306114,32.352941507352945,47.19626205023365,43.18181853977272,-26.40186897488318,189.4062520206887,-4.278881716849379,3.1881247659631717,4.080930429318522
RUPALILIFE,Rupali Life Insurance Co. Ltd.,91.9,0.0,2.5669642857142985,-1.5005359056805911,7.863849765258219,3.724604966139968,16.921119592875336,5.632183908045984,29.293792689708145,221.80346252016616,-8.696997654989474,2.4673614350898663,2.965022125944319
SAFKOSPINN,Safko Spinning Mills Limited,20.8,-0.47846889952152094,-2.8037383177569994,-0.47846889952152094,0.9708737864077635,47.51773049645391,50.724637681159415,46.47887323943663,-27.558620696899304,93.99801335588276,5.336793537612846,1.8250828119249158,3.179554713290406
SAIFPOWER,SAIF Powertec Ltd.,9.7,-1.0204081632653206,-2.020202020202031,-6.7307692307692415,59.01639344262294,70.1754385964912,93.99999999999999,40.57971014492752,-63.92280716134629,-28.05942458253621,-29.4324004180026,2.315379760151488,4.379892635722445
SAIHAMCOT,Saiham Cotton Mills Ltd.,22.0,-1.345291479820631,-4.3478260869565215,-0.9009009009008977,9.452736318407952,10.0,12.244897959183666,49.659863945578245,11.111111111111107,70.54263565891473,-14.788732466375722,3.1361535058243035,4.003933988772059
SAIHAMTEX,Saiham Textile Mills Ltd.,26.4,0.0,6.882591093117407,33.33333333333332,44.262295081967196,15.283842794759826,52.601156069364144,79.59183673469389,3.937007874015748,105.33333376681479,12.643109502524453,4.2503788961986615,4.204998001156842
SALAMCRST,S. Alam Cold Rolled Steels Limited,12.4,-2.3622047244094406,-1.5873015873015817,-16.216216216216218,-19.48051948051948,1.639344262295091,-16.778523489932887,-37.68844221105527,-65.65096952908588,-50.7936507936508,-73.94957983193278,2.7628683745739586,3.480016982392754
SALVO,Salvo Organic Industries PLC,37.2,-0.7999999999999924,-2.362204724409445,-1.5873015873015723,8.139534883720943,22.77227722772278,22.77227722772278,45.31250000000001,-20.682302771855003,279.75000183545836,117.29364817348032,1.6326266514001717,2.3044613368373805
SAMATALETH,Samata Leather Complex (Pvt.) Ltd.,109.8,0.0911577028258836,3.098591549295772,13.429752066115704,-8.500000000000002,22.135706340378185,30.714285714285708,23.094170403587437,22.956326987681972,314.79999867263996,646.6399976107521,4.583436431653083,4.958712760343952
SAMORITA,Samorita Hospital Ltd.,94.8,0.7438894792773676,-2.268041237113405,-0.21052631578947667,39.41176470588235,35.816618911174785,30.398899587345248,39.00293255131964,39.80902675087602,69.28102232966411,141.48995819413983,1.7875677323795205,2.9501007079538946
SANDHANINS,Shandhani Life Insurance Co.Ltd,29.0,-1.3605442176870701,1.7543859649122806,13.72549019607843,26.637554585152845,36.15023474178403,50.25906735751295,28.318584070796454,-28.571428571428577,46.218488599110245,-31.8887694151098,2.8521509362364315,3.4258008104057693
SAPORTL,Summit Alliance Port Limited,58.0,-0.3436426116838536,4.882459312839065,18.367346938775512,20.58212058212058,32.118451025056956,37.76722090261282,123.93822393822394,87.09677419354838,47.192344265086014,175.21102283236198,2.5866933667943477,3.3604576715755154
SBACBANK,SBAC Bank PLC.,6.9,-1.4285714285714235,-5.479452054794513,9.523809523809533,25.45454545454546,1.4705882352941255,11.290322580645164,-18.823529411764703,-34.11127262496551,-34.11127262496551,-34.11127262496551,2.7510959476666743,4.088529591185529
SEAPEARL,Sea Pearl Beach Resort & Spa Ltd.,38.8,-1.272264631043257,-2.512562814070352,-13.585746102449892,12.138728323699409,23.174603174603167,17.575757575757567,-24.660194174757287,-9.345794392523365,61.66666707083333,61.66666707083333,1.6504499601822809,3.2838369002543537
SEMLFBSLGF,SEML FBLSL Growth Fund Units,7.6,-2.5641025641025665,-1.2987012987013056,15.151515151515152,31.034482758620687,46.15384615384614,55.102040816326515,35.714285714285715,-42.85714285714286,24.59016393442623,24.59016393442623,4.22241882035353,4.261126601193833
SEMLIBBLSF,SEML IBBL Shariah Fund Units,8.2,0.0,1.2345679012345636,6.493506493506482,22.388059701492523,34.42622950819672,41.37931034482758,18.84057971014491,-36.92307692307693,-40.14598540145985,-40.14598540145985,2.1813943086839513,2.84637768577918
SHAHJABANK,Shahjalal Islami Bank PLC,17.3,-0.5747126436781487,-1.7045454545454584,-0.5747126436781487,8.125000000000004,-4.419889502762435,5.487804878048794,-5.978260869565206,-13.917874701789184,142.96898390811927,6.341706540590857,1.1853226162829351,1.461543239982791
SHARPIND,Sharp Industries PLC,40.6,3.8363171355498724,13.725490196078427,70.58823529411764,155.34591194968556,202.9850746268657,214.72868217054267,126.8156424581006,149.079754601227,149.079754601227,149.079754601227,7.433145341367278,6.803379389893922
SHASHADNIM,Shasha Denims PLC,28.7,0.7017543859649098,-1.0344827586206922,10.384615384615383,40.68627450980393,58.563535911602195,80.50314465408805,53.475935828877006,6.691449814126397,-1.4063932443045097,-14.018159031670319,3.1073050242661493,2.7360593648084
SHEPHERD,Shepherd Industries PLC,17.4,0.0,-3.8674033149171425,-0.5714285714285795,10.828025477707003,37.00787401574803,29.850746268656703,-4.918032786885258,-5.634920991910222,-52.04366695986103,-52.04366695986103,3.2750919600630506,3.410573101519887
SHURWID,Shurwid Industries Ltd,6.4,0.0,1.5873015873015959,-3.0303030303030196,3.225806451612906,23.07692307692308,39.13043478260871,-8.571428571428566,-71.55555555555557,-25.89473695911357,-78.69473692600876,4.734906670390542,4.487928050796283
SHYAMPSUG,Shyampur Sugar Mills Ltd.,317.2,-0.18879798615482152,2.9870129870129833,0.3797468354430344,114.32432432432432,84.52588714368818,108.6842105263158,147.8125,373.43283582089555,2072.6027397260273,3865.0,3.9786899597292136,7.102192042500018
SICL,"Sikder Insurance Co., Ltd.",36.6,-1.0810810810810774,-3.1746031746031638,-6.870229007633577,8.605341246290797,78.53658536585367,97.83783783783785,70.23255813953489,35.55555555555556,35.55555555555556,35.55555555555556,2.8631770539054293,3.922099474861918
SILCOPHL,Silco Pharmaceuticals Ltd.,20.8,0.0,-3.255813953488369,0.0,33.33333333333334,47.51773049645391,51.82481751824819,35.947712418300654,-39.002932551319645,-14.626865764023165,-14.626865764023165,2.4889593527887848,3.3263018936674493
SILVAPHL,Silva Pharmaceuticals Ltd.,16.5,-1.1976047904191574,-3.508771929824569,3.773584905660375,52.777777777777764,66.66666666666666,71.875,52.777777777777764,-33.46774193548387,-54.40789462286184,-54.40789462286184,3.149184862417813,4.044396096629079
SIMTEX,Simtex Industries PLC,27.3,-1.4440433212996338,-3.873239436619711,-5.536332179930788,12.809917355371907,9.200000000000003,21.333333333333336,58.720930232558146,10.975609756097558,65.85851719388387,1.3327378937520156,2.025893770498085,2.6644833022427554
SINGERBD,Singer Bangladesh Limited,78.2,0.0,-1.0126582278480976,0.9032258064516165,-3.3374536464771354,-8.430913348946138,-7.999999999999997,-26.847521047708142,-56.26398210290827,-41.90857148666286,-22.938144408173805,1.4692547720522195,2.5554249655732275
SINOBANGLA,Sinobangla Industries Ltd.,56.5,-1.0507880910683036,-3.7478705281090336,-3.4188034188034186,10.351562499999995,17.708333333333332,23.36244541484717,27.539503386004522,27.689510140135425,127.31104747151885,210.62929229927053,1.4433714742694947,1.9302800792790562
SIPLC,Sena Insurance PLC,116.7,-2.5876460767946527,-4.344262295081966,12.971926427879966,60.08230452674896,95.80536912751677,118.94934333958726,140.61855670103094,144.14225941422598,144.14225941422598,144.14225941422598,8.282728497905033,5.952986147915166
SKTRIMS,SK Trims & Industries Ltd.,14.6,0.0,-5.806451612903228,4.285714285714283,60.439560439560445,92.10526315789474,78.04878048780489,44.554455445544555,-67.69911504424779,-60.74222230178465,-60.74222230178465,2.8340338931471933,4.376950503908314
SONALIANSH,Sonali Aansh Industries Limited.,223.3,2.056672760511883,5.082352941176476,9.193154034229835,31.352941176470594,21.358695652173918,16.06029106029106,15.699481865284978,269.8550724637681,1027.0662460567823,1554.0740740740741,2.4827907094961073,2.923125954409907
SONALILIFE,Sonali Life Insurance PLC,90.0,-1.639344262295082,7.398568019093082,8.433734939759036,22.282608695652183,38.46153846153846,47.783251231527096,42.18009478672987,31.386861313868614,718.1818181818181,718.1818181818181,4.1609141801738385,3.061949201922815
SONALIPAPR,Sonali Paper & Board Mills Ltd.,252.1,3.2773453502662844,5.481171548117153,9.561060408518037,19.990480723465016,6.371308016877635,6.596194503171246,40.445682451253475,12.082936359984831,67.03303076109466,67.03303076109466,2.9997928549828305,3.5891326910361983
SONARBAINS,Sonar Bangla Insurance Ltd.,41.2,-1.6706443914081044,3.000000000000007,-10.04366812227073,20.16666696708334,46.64406813712267,70.98814268447875,53.95017829205559,-46.30851036712728,366.0763178861354,97.93305096630257,3.3955986162743867,4.493204961290665
SONARGAON,Sonargaon Textiles Limited.,115.3,5.876951331496778,10.75888568683958,18.988648090815264,236.1516034985423,263.7223974763407,270.73954983922823,237.13450292397656,357.53968253968253,1195.5056179775281,517.6785729727678,6.226127833367126,6.717700628252187
SOUTHEASTB,Southeast Bank PLC,10.7,-1.8348623853211108,0.943396226415091,3.883495145631054,16.826530544294776,20.51578937727156,25.81318677170994,11.15533973999538,-23.795455670620797,3.718466377734024,-10.084067766387708,2.7290116148342225,3.184878034735898
SPCERAMICS,Shinepukur Ceramics PLC,22.8,0.4405286343612398,-2.1459227467811157,-6.557377049180319,11.764705882352953,52.00000000000001,56.164383561643845,12.31527093596059,-34.857142857142854,168.23529411764707,0.459769822415994,2.3396748664769382,3.5811480337092694
SPCL,Shahjibazar Power Co Ltd,57.5,-0.8620689655172413,1.0544815465729376,-0.17361111111111358,9.108159392789368,15.0,21.05263157894737,30.681818181818183,-27.07317061502439,-47.96296641932809,121.43690511709552,1.6934909857020692,1.9921756851264962
SQUARETEXT,Square Textiles PLC,50.5,-0.3944773175542462,-1.7509727626459117,-0.9803921568627451,8.602150537634408,2.0202020202020203,4.123711340206185,-9.821428571428571,1.0,-14.939062161377723,-33.822924650807956,1.1137452241332897,1.8759403363951026
SQURPHARMA,Square Pharmaceuticals PLC,220.0,0.0,0.04547521600727345,-1.345291479820628,4.6622264509990545,-0.13617793917385898,10.552763819095478,-4.513888888888891,-5.579399141630901,15.104166762695806,110.173401001336,0.37302976126750315,0.8564277850022628
SSSTEEL,S.S. Steel Ltd,7.3,0.0,-2.666666666666669,7.352941176470589,48.97959183673468,78.04878048780489,78.04878048780489,23.728813559322024,-66.59322048903044,-80.41614422975591,-80.41614422975591,3.0327245053272445,3.5322988560805904
STANCERAM,Standard Ceramic Industries Ltd.,73.8,0.1356852103120683,11.818181818181815,3.651685393258419,8.529411764705879,3.651685393258419,5.278174037089876,5.428571428571424,-67.19999999999999,42.19653179190752,201.22448979591837,3.4668838773219823,4.201037441566986
STANDARINS,Standard Insurance PLC,51.2,-2.1032504780114616,0.589390962671914,-3.0303030303030196,13.777777777777782,21.90476190476191,30.946291560102306,9.401709401709414,-42.85714285714285,476.63015123197886,96.16203349471704,3.057712293952747,3.797811085991973
STANDBANKL,Standard Islami Bank PLC,5.0,0.0,-1.9607843137254835,6.382978723404252,16.279069767441865,-5.660377358490563,4.1666666666666705,-30.555555555555557,-42.43916289790347,-5.368217263187065,-44.8054064155321,2.2367346938775423,3.4233459324958035
STYLECRAFT,Stylecraft Limited,60.2,-0.9868421052631486,1.346801346801354,3.9723661485319592,16.44100580270793,32.89183222958059,27.54237288135593,-16.735822959889344,-64.4208037825059,32.613350516780926,145.12080592229034,1.6858018240930797,3.741859755880697
SUMITPOWER,Summit Power Ltd.,16.8,-0.5917159763313483,-2.325581395348829,0.5988023952095893,21.73913043478261,21.73913043478261,35.483870967741936,12.000000000000004,-63.94849785407725,-47.5,-63.40821922946106,2.0264827487881387,2.994157898564536
SUNLIFEINS,Sunlife Insurance Co. Ltd.,66.7,-0.29895366218236596,-4.0287769784172625,-12.121212121212123,0.0,23.977695167286257,26.56546489563567,26.325757575757585,101.51057401812689,312.3272714078254,-27.883960507497868,3.5413095006053625,4.372189580964004
TAKAFULINS,Takaful Islami Insurance PLC,53.6,-3.2490974729241824,-3.0741410488245857,9.387755102040819,62.917933130699105,60.96096096096098,57.64705882352942,54.02298850574714,-9.91596638655462,382.7191423753786,74.56756018956189,2.5020782157743575,3.8698902224241083
TALLUSPIN,Tallu Spinning Mills Limited,8.2,0.0,-1.2048192771084507,0.0,5.128205128205121,5.128205128205121,30.15873015873015,46.42857142857142,-17.171717171717184,-43.055555555555564,-64.34782611795842,1.9135802469135876,2.5664552350263787
TAMIJTEX,Tamijuddin Textile Mills PLC,131.2,0.22918258212374557,-2.0164301717699904,-0.152207001522083,10.252100840336125,4.959999999999991,4.126984126984118,13.906866497175264,82.22222204506173,895.3103434547444,895.3103434547444,1.6178145744941315,2.566836120761459
TECHNODRUG,Techno Drugs Ltd.,45.8,-0.6507592190889464,-6.3394683026584895,5.529953917050688,19.270833333333332,49.673202614379065,56.84931506849314,44.02515723270439,73.48484848484848,73.48484848484848,73.48484848484848,2.521892243253787,4.060858896838004
TILIL,Trust Islami Life Insurance Ltd.,52.5,-1.1299435028248614,0.7677543186180394,-0.5681818181818128,15.131578947368418,9.832635983263605,18.243243243243246,-9.326424870466319,377.27272727272725,377.27272727272725,377.27272727272725,3.084268114192113,3.0631448541805852
TITASGAS,Titas Gas Transmission and Distribution PLC,20.0,-1.4778325123152742,-3.8461538461538494,0.5025125628140775,21.95121951219513,15.606936416184967,28.205128205128208,-16.31799163179916,-51.338199513381994,-58.15899581589957,-68.65203761755487,1.8072660098522144,2.9717900876573538
TOSRIFA,Tosrifa Industries PLC,23.1,-0.4310344827586115,-4.545454545454537,-5.714285714285708,33.52601156069365,32.75862068965519,35.88235294117648,16.080402010050268,12.215639339759061,21.274999793832507,-46.796657617707076,2.4618051031094486,4.695314088684118
TRUSTB1MF,Trust Bank 1st Mutual Fund Units,4.0,-2.439024390243894,0.0,24.999999999999993,11.111111111111109,53.84615384615385,66.66666666666667,8.108108108108103,-49.367088607594944,-4.046154183653042,-38.76400049181693,4.283536585365857,6.467658988498842
TRUSTBANK,Trust Bank PLC,15.5,0.649350649350647,-0.6410256410256387,-1.2738853503184668,2.358490788136351,-13.430850847406917,-6.465517007543095,-22.867298404559083,-29.507765038942566,67.19373701235679,63.29739506035831,1.300823359646884,1.6218811557031796
TUNGHAI,Tung Hai Knitting & Dyeing Ltd,3.9,8.333333333333329,39.28571428571429,34.48275862068966,25.80645161290322,95.0,143.74999999999997,34.48275862068966,-41.7910447761194,-55.31250006516927,-84.27000003187948,4.899159663865546,5.764157950867117
UCB,United Commercial Bank PLC,9.4,0.0,-5.05050505050505,3.2967032967033045,4.444444444444448,-5.05050505050505,-10.476190476190473,-12.962962962962965,-29.630555287272042,-17.21456168734478,-25.873565793273748,2.992642897566491,2.647464293204714
UNILEVERCL,Unilever Consumer Care Limited,2040.0,-0.0783699059561084,-0.07347538574577517,-0.7782101167315175,0.3937007874015748,-7.377979568671964,-5.555555555555555,-19.047619047619047,13.333333333333334,104.37042138876714,510.0934579439252,0.43132810367824725,0.8252896088042647
UNIONCAP,Union Capital Limited,5.0,0.0,2.0408163265306047,8.695652173913052,19.047619047619044,19.047619047619044,78.57142857142858,-1.9607843137254835,-45.65217391304348,-43.32943900416441,-73.5665416106623,4.175000000000001,5.0398873778835025
UNIONINS,Union Insurance PLC,52.8,-1.3084112149532763,-0.3773584905660431,21.37931034482758,53.043478260869556,43.08943089430894,43.47826086956522,47.89915966386553,380.0,380.0,380.0,3.5400196818107297,5.336425033560307
UNIQUEHRL,Unique Hotel & Resorts PLC,44.1,0.0,-2.433628318584074,-9.999999999999998,19.836956521739143,13.07692307692308,15.143603133159282,8.888888888888891,-3.076923076923074,2.7972027972028037,-65.19337016574586,2.0897899850455857,2.7798908988448394
UNITEDFIN,United Finance PLC,18.9,-2.072538860103638,3.278688524590152,15.243902439024392,43.18181818181817,49.99999999999999,62.93103448275861,41.04477611940297,-0.5263157894736917,19.070000622736092,-18.929027088495545,3.672167692341465,4.144092503892069
UNITEDINS,United Insurance Company Limited,67.0,-0.8875739644970331,9.477124183006532,48.888888888888886,53.6697247706422,51.583710407239806,60.287081339712934,63.017031630170315,5.015673981191227,238.03095404237453,75.49364543350943,6.717343073593073,5.5331062341500825
UPGDCL,United Power Generation & Distribution Co. Ltd.,119.3,-0.9958506224066414,-5.467511885895409,-14.602720114531133,2.4034334763948473,-3.7126715092816855,2.7562446167097354,-16.979819067501733,-58.576388888888886,32.41553870285347,113.87811836024355,3.691071890637327,2.2625811074753437
USMANIAGL,Usmania Glass Sheet Factory Limited,71.4,0.4219409282700582,8.18181818181819,11.562500000000009,96.15384615384619,116.36363636363637,110.00000000000001,110.00000000000001,-5.680317040951119,-17.218292929108653,47.23484449634766,4.895229978461654,7.893736922210905
UTTARABANK,Uttara Bank PLC,21.2,0.0,-1.3953488372093057,-1.3953488372093057,1.9230769230769162,6.854838709677416,15.720524017467243,22.119815668202765,61.67548095713965,125.45450101332543,63.58835804344097,0.9697755521774066,1.0367264957818663
UTTARAFIN,Uttara Finance and Investments Limited,13.6,-0.7299270072992675,-1.4492753623188481,3.030303030303033,9.677419354838703,-5.555555555555561,37.37373737373737,-20.000000000000004,-64.67532467532467,-74.03636357145454,-80.7735617827129,1.810217702337986,2.470923802957795
VAMLRBBF,Vanguard AML Rupali Bank Balanced Fund Units,8.2,0.0,1.2345679012345636,9.333333333333323,28.124999999999982,43.859649122807,43.859649122807,36.66666666666666,-15.463917525773198,-25.45454545454546,-25.45454545454546,2.738095238095244,3.2657066476059127
VFSTDL,VFS Thread Dyeing Ltd.,16.8,0.0,-3.4482758620689538,-2.325581395348829,46.08695652173914,47.368421052631575,31.25,127.02702702702702,-43.64217239252008,-29.081509901916295,-29.081509901916295,3.1277438322946107,3.4514501197447833
WALTONHIL,Walton Hi-Tech Industries PLC,391.5,-0.07656967840735358,-0.8860759493670886,-1.8304914744232725,9.35754189944134,-5.662650602409639,3.026315789473684,-4.554521371575837,-70.80338985970508,13.92857131464286,13.92857131464286,0.5267011456071444,1.7372804032203941
WATACHEM,Wata Chemicals Ltd.,143.1,2.5806451612903185,2.2873481057898415,2.2142857142857104,2.2873481057898415,0.7746478873239396,0.7746478873239396,6.7114093959731544,-52.3,55.02500023124563,578.2343752861302,1.5315797826171083,2.523382699031446
WMSHIPYARD,Western Marine Shipyard Limited,10.2,0.0,0.9900990099009866,0.9900990099009866,22.891566265060224,25.925925925925924,24.390243902439025,10.869565217391305,-40.697674418604656,-24.360966854250435,-70.37471205636034,3.9488609055080293,3.31265172263145
YPL,Yeakin Polymer Ltd.,24.5,-0.40650406504065617,-7.547169811320755,-5.4054054054054,9.865470852017934,40.80459770114943,38.418079096045204,67.8082191780822,51.23456790123458,-2.224452842071804,-2.224452842071804,3.325268043171615,3.7640186343587034
ZAHEENSPIN,Zaheen Spinning PLC,5.6,0.0,-3.448275862068969,-1.75438596491229,1.8181818181818117,16.666666666666664,39.99999999999999,-20.000000000000004,-47.16981132075472,-58.90497244388338,-60.6519222959867,2.321428571428577,3.0858517033565493
ZAHINTEX,Zahintex Industries Ltd.,9.0,0.0,1.1235955056179734,-7.216494845360818,8.433734939759027,45.16129032258064,55.17241379310345,104.54545454545452,-3.2258064516129106,-49.08571455425078,-62.06064540660374,1.497557997557992,4.311992950866709
ZEALBANGLA,Zeal Bangla Sugar Milla Limited,226.0,3.055175558595526,4.147465437788019,22.82608695652174,79.93630573248409,53.84615384615384,58.04195804195804,137.39495798319328,55.6473829201102,1108.5561497326203,2497.7011494252874,5.135985723222183,8.194458177072834
