Symbol,Name,Price,Change %,Perf % 1W,Perf % 1M,Perf % 3M,Perf % 6M,Perf % YTD,Perf % 1Y,Perf % 5Y,Perf % 10Y,Perf % All Time,Volatility 1W,Volatility 1M
1JANATAMF,First Janata Bank Mutual Fund Units,3.7,5.71428571428572,2.7777777777777803,0.0,23.33333333333334,8.823529411764714,42.307692307692314,15.625,-55.42168674698795,-4.128889411279919,-31.94501419802659,4.638655462184876,5.599602201327109
1STPRIMFMF,Prime Finance First Mutual Fund 2009 Units,28.4,15.447154471544703,14.056224899598394,21.36752136752137,29.680365296803654,47.916666666666664,41.99999999999999,23.47826086956521,37.19806763285024,242.16867469879514,-7.18954248366014,5.061560502699393,5.271486601577815
AAMRANET,aamra networks ltd,18.7,0.0,3.314917127071811,-9.223300970873797,-3.608247422680409,8.720930232558139,5.05617977528089,-11.3744075829384,-57.66798430988967,-68.96034974460737,-68.96034974460737,3.099922624784493,5.285206874139765
AAMRATECH,Aamra Technologies Limited,16.7,1.8292682926829311,3.726708074534148,-20.095693779904305,15.172413793103445,14.383561643835614,35.77235772357722,28.461538461538456,-54.49357344142598,-19.88318976743955,-43.206083456088656,3.7077411782194787,6.4644062967867395
ABB1STMF,AB Bank 1st Mutual Fund 2011 Units,3.8,2.7027027027026933,5.555555555555547,0.0,18.74999999999999,8.571428571428566,40.740740740740726,15.151515151515152,-41.53846153846154,-5.950000456142506,-43.31664134715508,6.27536780477957,5.464672798153559
ABBANK,AB Bank PLC,4.5,-4.255319148936174,0.0,-6.2499999999999964,-8.163265306122456,-29.687500000000004,9.756097560975618,-21.05263157894737,-68.06039600254137,-68.28733514538514,-80.44639777147891,6.3241106719367535,4.366392189415843
ACFL,Aman Cotton Fibrous PLC,22.0,-0.4524886877828118,1.3824884792626762,-1.345291479820631,-2.2222222222222223,24.293785310734467,22.22222222222222,15.183246073298422,-47.743467933491694,-63.333333333333336,-63.333333333333336,4.648543119334775,5.352355936393148
ACI,Advanced Chemical Industries PLC,189.8,1.6604177825388446,4.86187845303868,-3.409669211195923,0.37017451084083397,-8.309178743961347,-2.6666666666666607,5.444444444444451,-26.022111077461663,-25.035055755567704,204.77326275254737,2.479045034184519,2.3496823916713225
ACIFORMULA,ACI Formulations PLC,156.0,-0.5102040816326603,2.02746893394375,-7.6923076923076925,8.408617095205,12.149532710280377,20.930232558139537,9.550561797752806,-3.985931764654162,-1.7985609055755425,126.24309448825967,2.6236343090291414,3.713791706653221
ACMELAB,ACME Laboratories Ltd.,78.6,-0.1270648030495661,3.42105263157894,-3.4398034398034536,-2.7227722772277265,1.4193548387096702,10.238429172510516,-1.1320754716981203,-15.574650912996779,-30.992098331870068,-41.777777777777786,1.448842363649332,1.527360686240223
ACMEPL,ACME Pesticides Ltd,24.8,-2.3622047244094406,2.4793388429752126,0.0,6.437768240343347,33.33333333333332,55.9748427672956,48.50299401197606,125.45454545454545,125.45454545454545,125.45454545454545,3.4400982137983065,4.395214966866037
ACTIVEFINE,Active Fine Chemicals Ltd.,5.7,1.7857142857142954,0.0,-14.925373134328359,-19.71830985915492,-26.92307692307692,5.555555555555552,-35.955056179775276,-77.29083665338646,-77.03512390170103,-80.66956508157399,2.85087719298246,4.093142912226961
ADNTEL,ADN Telecom Ltd.,57.8,-1.1965811965812014,2.3008849557522075,-8.83280757097792,-11.07692307692308,-0.34482758620690146,-0.1727115716753047,-23.947368421052634,-22.933333333333337,42.716049382716044,42.716049382716044,2.5410663467386705,3.093343785564729
ADVENT,Advent Pharma Ltd.,14.0,-0.7092198581560258,4.477611940298504,-8.496732026143794,-11.392405063291143,-4.109589041095888,4.477611940298504,-11.392405063291143,-43.107569912419166,-61.986640240553704,-61.986640240553704,3.378141655434006,4.3477852600791325
AFCAGRO,AFC Agro Biotech Ltd.,6.3,1.6129032258064457,3.278688524590167,-11.267605633802816,-19.23076923076923,-21.250000000000004,25.999999999999993,-21.250000000000004,-81.8443804034582,-80.44960810195201,-72.50522497175461,3.623655913978496,3.984729870475474
AFTABAUTO,Aftab Automobiles Ltd.,26.3,0.0,3.137254901960787,-7.719298245614033,-16.242038216560502,-10.238907849829351,-23.09941520467837,-26.536312849162005,-19.45624959426085,-43.69757253760224,-61.33899968495152,2.495331601366909,2.9019233984198256
AGNISYSL,Agni Systems PLC,29.2,-2.013422818791951,2.8169014084507067,-4.88599348534202,3.914590747330953,37.735849056603776,40.38461538461538,10.188679245283017,21.66666666666666,83.71005576922025,57.554725622249286,3.9276240587270896,4.3317861588064765
AGRANINS,Agrani Insurance PLC,29.3,5.017921146953412,9.328358208955224,-6.687898089171967,11.406844106463877,42.23300970873785,23.10924369747899,8.51851851851852,-37.596354131097605,223.32346578438748,77.59323684028874,5.121757035460389,4.574113013594018
AIBL1STIMF,AIBL 1st ISLAMIC Mutual Fund 2010- Units,6.3,1.6129032258064457,1.6129032258064457,12.500000000000004,53.658536585365866,49.99999999999999,85.29411764705883,39.99999999999999,-30.0,-23.170731707317067,-18.181818181818183,6.488948487669145,7.391407806385921
AIL,Alif Industries Ltd.,32.0,-1.5384615384615385,2.5641025641025665,-14.209115281501335,-0.621118012422369,-1.5384615384615385,-21.37592137592138,-41.923774954627945,-45.67901240184423,-71.02769239000932,-71.02769239000932,5.71467412600655,5.7291067917125185
AL-HAJTEX,Alhaj Textile Mills Limited,80.7,-3.353293413173649,20.627802690582953,-12.567713976164676,-19.461077844311376,-33.743842364532014,-41.1807580174927,-53.37954939072094,20.98950524737631,2.199523958138036,248.53353842123573,8.296385806129662,6.0968132927856304
ALARABANK,Al-Arafah Islami Bank PLC,15.5,0.649350649350647,-3.72670807453417,-9.356725146198839,4.7297297297297245,-11.428571428571429,3.3333333333333335,-8.823529411764707,-36.018129836683684,22.968772072398746,-13.37646559049459,5.8135275317937865,6.129773394319276
ALIF,Alif Manufacturing Company Ltd.,5.3,-1.8518518518518614,0.0,-5.357142857142854,-1.8518518518518616,-1.8518518518518616,32.49999999999999,-7.017543859649129,-74.76190476190476,-41.66123188756955,-68.61501094142304,3.8171262699564625,3.9227025479678463
ALLTEX,Alltex Industries Limited,23.9,-1.2396694214876063,1.271186440677954,1.702127659574462,41.42011834319527,64.82758620689654,78.35820895522386,75.73529411764706,25.78947368421052,15.45893719806763,212.76543103304616,3.9613389720394574,4.130910184274565
AMANFEED,Aman Feed PLC,31.7,-0.9375000000000022,1.6025641025641026,-17.87564766839379,-4.2296072507552935,37.826086956521735,37.826086956521735,20.07575757575758,-54.71428571428571,-45.60060730287623,-5.469907380223371,2.5719982458861916,4.964505083331949
AMBEEPHA,Ambee Pharmaceuticals PLC,761.0,0.3163722646981251,-1.1431540659911608,-4.264687382060634,0.9953550099535501,-1.3609850939727803,5.694444444444445,-7.947260191121331,35.892857142857146,51.29224652087475,307.13330523759,2.8358352201629984,3.2350915560933253
AMCLPRAN,Agricultural Marketing Co. Ltd.,213.7,-1.5207373271889453,1.2796208530805633,-8.636169303121,-1.6114180478821363,2.053486150907346,5.635195254572405,-7.569204152249135,-30.70687418936446,-0.37296037296037826,73.73983739837396,2.3062126200181186,2.3320849344203896
ANLIMAYARN,Anlima Yarn Dyeing Ltd.,26.4,-2.583025830258313,-0.3773584905660431,-21.893491124260354,-14.838709677419358,31.343283582089537,26.923076923076913,18.385650224215237,-40.54054054054054,-11.40939597315437,31.999999999999993,9.838161277695935,8.966844364425604
ANWARGALV,Anwar Galvanizing Ltd.,115.2,2.1276595744680904,2.85714285714286,3.4111310592459576,3.225806451612911,17.311608961303463,33.025404157043894,45.822784810126585,-53.95069990240678,211.8499979810149,1325.5999913216604,2.745234597108848,3.745502489656848
AOL,Associated Oxygen Ltd,15.8,-1.2499999999999956,3.947368421052641,-13.66120218579235,-14.594594594594591,-5.9523809523809526,3.947368421052641,-2.4691358024691272,-70.9018933085704,21.723199339968126,21.723199339968126,3.6242558895461103,4.071021758619088
APEXFOODS,Apex Foods Limited,263.2,-1.9008572493477534,6.861550954120981,-8.06845965770172,-2.446256486286146,16.977777777777774,7.07892595606183,7.516339869281036,53.023255813953476,46.62952646239553,267.59776536312853,5.201728698159213,3.9609933031495648
APEXFOOT,Apex Footwear Ltd.,215.4,-0.04640371229698112,3.7572254335260173,0.2793296089385448,6.898263027295288,14.696485623003191,20.13385387618516,14.818763326226017,30.204268967761333,7.511524948352809,61.63674283082766,2.267614201886211,1.9937469113731434
APEXSPINN,Apex Spinning and Knitting Mills Ltd.,328.3,-3.4411764705882324,17.250000000000004,-2.3207378756322554,-6.838819523269002,71.97485594552121,82.3888888888889,109.10828025477707,129.2597765363129,210.00944287063265,369.0,6.864289595257477,6.29405699802472
APEXTANRY,Apex Tannery Limited.,93.1,-2.716823406478588,1.1956521739130372,-13.071895424836603,-5.673758865248236,38.33580980683506,56.208053691275154,20.59585492227978,-26.808176100628938,-36.145404663923195,27.359781121751027,5.5588388951666206,5.078184379454588
APOLOISPAT,Appollo Ispat Complex Ltd.,2.9,0.0,-3.333333333333336,-12.12121212121212,-14.705882352941178,-35.55555555555556,70.58823529411765,0.0,-76.22950819672131,-77.96176842086884,-88.09416943942136,4.92610837438424,5.0040166096686765
ARAMIT,Aramit Limited,180.2,-2.7522935779816633,1.2928611579538971,-22.159827213822897,0.11111111111110479,5.999999999999993,-0.825536598789213,-22.958529286019672,-57.6,-57.033857892227,-15.000000000000004,5.357782559974143,5.793752931522115
ARAMITCEM,Aramit Cement Limited,11.0,-2.6548672566371745,0.9174311926605472,-16.030534351145036,-7.563025210084036,-12.0,24.999999999999993,-14.062500000000004,-81.48148148148148,-68.20809248554913,-69.56293820877731,5.798873692678997,8.174779295210643
ARGONDENIM,Argon Denims Ltd.,21.0,-2.3255813953488373,-0.47393364928910625,-10.25641025641025,10.526315789473685,24.999999999999996,19.31818181818181,8.24742268041238,-10.644153379981313,22.921868333564785,-45.536156595571256,2.892243044755527,4.799826484485999
ASIAINS,Asia Insurance PLC,41.8,0.23980815347720458,6.0913705583756315,-7.111111111111118,4.499999999999993,12.064343163538874,51.99999999999999,49.28571428571428,-54.810810810810814,202.89855072463763,26.48415015298149,4.501258716189948,4.642248791326812
ASIAPACINS,Asia Pacific General Insurance PLC,48.2,1.473684210526322,3.2119914346895073,-3.792415169660676,5.7017543859649145,36.93181818181818,52.53164556962026,38.505747126436795,-34.599728629579374,234.72222222222226,42.182890855457245,3.768575499873688,4.503829948016159
ASIATICLAB,Asiatic Laboratories Ltd,108.1,-2.96229802513466,5.360623781676414,-9.006734006734009,-9.159663865546221,52.46826516220027,124.2738589211618,68.90624999999999,88.6561954624782,88.6561954624782,88.6561954624782,4.302338482888642,5.663086033387946
ATLASBANG,Atlas Bangladesh Limited,82.5,-3.7339556592765493,0.2430133657351189,-4.5138888888888955,16.361071932299005,23.134328358208954,45.50264550264549,36.36363636363637,-31.874483897605284,-16.01262014648814,-26.655295838334837,2.624636533364272,4.160611310336724
AZIZPIPES,Aziz Pipes Limited.,74.1,-0.1347708894878821,-6.2025316455696275,-8.518518518518526,3.927068723702661,53.099173553719,58.33333333333333,33.51351351351351,-52.50000000000001,52.90554928824734,376.5556284806431,4.198019976328858,5.104250456365299
BANGAS,Bangas Limited,119.4,-1.7283950617283903,1.7035775127768313,-10.828976848394325,-8.575803981623269,-5.537974683544303,-8.43558282208589,-5.238095238095234,-22.417153996101362,-24.118157933157008,-14.842411698786687,3.4861142778671605,3.438085817926776
BANKASIA,Bank Asia PLC,17.0,0.5917159763313694,1.796407185628747,-2.857142857142857,-8.108108108108109,-15.77625605311836,0.2445647777317136,-0.8333337217361035,-0.54166716405584,41.278992049984296,46.243749300207526,1.3152779166026052,1.6858310453092025
BARKAPOWER,Baraka Power Ltd.,9.7,-2.020202020202031,-3.000000000000007,-12.612612612612615,18.29268292682927,18.29268292682927,42.647058823529406,-13.392857142857144,-66.78082191780823,-56.596095543962456,-57.25124901857297,3.0929150010519706,5.083979193541723
BATASHOE,Bata Shoe Co. (Bangladesh) Ltd.,887.4,-0.2921348314606767,0.8409090909090883,-3.0057929828396546,1.2089416058394187,6.148325358851673,10.359408033826634,1.9765571133072777,-1.1804008908685995,-25.240101095197982,72.31067961165049,1.4460803427027353,1.8801855481584506
BATBC,British American Tobacco Bangladesh Co Ltd,228.2,-1.1265164644714136,0.35180299032541024,-5.70247933884298,6.386946386946382,1.3771657041314946,-7.98387096774194,-19.647887323943664,-64.78938435426632,-17.81512440573605,145.0835371183165,2.2111445268124466,2.060159112302169
BAYLEASING,Bay Leasing and Investment Ltd.,4.5,-4.255319148936174,-4.255319148936174,-11.764705882352935,-8.163265306122456,-16.66666666666667,36.36363636363637,9.756097560975618,-86.30434779393194,-70.77424566387792,-82.85022455933111,3.990338164251212,4.600990139756115
BBS,Bangladesh Building Systems PLC,12.3,-0.8064516129032229,3.3613445378151288,-12.765957446808503,-22.151898734177212,6.956521739130441,33.69565217391306,4.23728813559322,-39.40886699507389,-49.44157361025543,-43.27344535091337,4.508642051010464,4.667379869358076
BBSCABLES,BBS Cables PLC,16.8,-1.17647058823529,5.000000000000004,-15.999999999999996,-28.205128205128197,-11.1111111111111,10.526315789473694,-12.953367875647668,-73.53999986578165,-41.883593418781885,-41.883593418781885,3.830491339462001,4.66768998046018
BDAUTOCA,Bangladesh Autocars Limited,178.8,-3.6118598382749263,5.1146384479717915,-16.48762260625875,-11.485148514851481,1.5909090909090973,40.787401574803155,35.66009104704097,-2.2950819672131084,419.82835577031045,728.201109323971,5.314858115999054,5.3667742666645095
BDCOM,BDCOM Online Ltd.,28.5,-1.7241379310344827,3.6363636363636362,-5.315614617940204,-9.523809523809524,1.7857142857142858,9.615384615384615,5.742049714703328,15.096154412781065,57.46343106985182,136.99921414303736,4.31854179636513,4.017281694114772
BDFINANCE,Bangladesh Finance PLC,12.0,-1.6393442622950762,2.5641025641025705,-8.396946564885495,-4.0,-14.285714285714286,-7.6923076923076925,-0.8264462809917327,-80.98654715835669,24.625965283144257,-26.140040295630495,2.7579714844176335,3.487810233506226
BDLAMPS,Bangladesh Lamps PLC,219.8,-3.8074398249452903,0.36529680365297323,-1.6994633273702966,32.012012012012015,55.22598870056499,63.420074349442395,40.897435897435905,-4.975353611373253,27.8184781586148,95.98833317654267,2.8218663017798327,3.7665512521877345
BDTHAI,Bangladesh Thai Aluminium Ltd.,14.8,-2.631578947368412,-0.671140939597313,-8.641975308641968,-24.1025641025641,30.973451327433626,32.14285714285715,13.84615384615385,-45.58823529411764,-23.184531487239767,-7.103530350499032,4.566670638057991,5.135943255030249
BDTHAIFOOD,BD Thai Food & Beverage Ltd.,20.8,-4.1474654377880125,-14.75409836065573,-11.864406779661019,-18.431372549019606,26.829268292682944,44.44444444444444,30.817610062893085,71.900826446281,71.900826446281,71.900826446281,6.91148885756132,4.886526510540353
BDWELDING,Bangladesh Welding Electrodes Ltd.,12.4,0.0,3.333333333333336,-10.144927536231886,-17.88079470198675,-22.499999999999996,-31.491712707182323,25.252525252525253,-43.378995433789946,24.000000000000004,-43.56137324818969,4.882968439235819,4.498118511178424
BEACHHATCH,Beach Hatchery Ltd,27.9,1.08695652173912,6.488549618320609,-9.120521172638439,-12.812500000000004,-12.264150943396233,-40.38461538461538,-48.52398523985241,13.87755102040816,160.74766355140187,23.607595218346404,3.637066176118503,3.866200635331879
BEACONPHAR,Beacon Pharmaceuticals PLC,101.7,1.093439363817106,4.62962962962963,-5.571030640668524,-4.953271028037381,-1.357904946653726,-2.865329512893983,-20.109976433621362,-53.32721431849472,443.85026737967917,560.3896103896104,2.537272595107548,2.6639373858597755
BENGALWTL,Bengal Windsor Thermoplastics PLC,21.5,-1.8264840182648339,3.8647342995169116,-16.342412451361866,-10.788381742738594,19.444444444444443,23.563218390804607,8.040201005025134,-22.3826714801444,-51.13636368078513,-56.569282223393735,4.155970867160298,4.772655171392604
BERGERPBL,Berger Paints Bangladesh Ltd.,1463.8,-0.7256697185486637,0.6532352334456439,-2.5432756324900163,3.8156028368794295,3.992611537368574,5.995655322230265,1.6527777777777746,-21.721925133689844,31.282511210762326,457.6380952380952,1.3700413595209944,0.9892188448639339
BESTHLDNG,Best Holdings PLC,15.0,-1.315789473684206,4.89510489510489,0.0,4.166666666666664,10.294117647058826,11.11111111111111,-15.730337078651688,-48.97959183673469,-48.97959183673469,-48.97959183673469,3.4805757577049103,3.930002726158693
BEXIMCO,Bangladesh Export Import Company Ltd.,22.4,9.268292682926822,5.164319248826281,-12.156862745098044,-35.816618911174785,-79.6548592188919,-79.6548592188919,-79.6548592188919,-82.95652169652173,13.731579793434092,-43.5962449863851,4.193421173459631,4.647322255128011
BGIC,Bangladesh General Insurance Company PLC,41.6,1.21654501216545,0.9708737864077635,-1.187648456057007,8.90052356020942,30.000000000000004,34.62783171521036,25.301204819277103,-31.353135313531354,184.93150684931507,32.9073482428115,4.672809264107283,5.598309527546708
BIFC,Bangladesh Industrial Finance Company Ltd.,3.6,-5.263157894736835,-9.999999999999998,-14.285714285714286,-9.999999999999998,-40.0,111.76470588235294,9.0909090909091,-52.63157894736842,-55.55555555555556,-82.32832557350474,6.474632527264104,6.455508081470855
BNICL,Bangladesh National Insurance Company Ltd,153.7,1.788079470198668,21.694378463974658,34.00174367916302,44.31924882629107,183.05709023941068,241.55555555555551,260.7981220657277,2.4666666666666592,1082.3076923076922,315.40540540540536,9.918054125096011,7.2681976426767205
BPML,Bashundhara Paper Mill Ltd.,25.6,1.185770750988145,1.5873015873015959,-8.571428571428566,-7.913669064748199,-10.801393728222989,-1.1583011583011473,-28.888888888888882,-51.05162523900573,-83.48387096774194,-83.48387096774194,3.333458161565277,3.5189588712604607
BPPL,Baraka Patenga Power Ltd.,19.2,-1.0309278350515427,2.1276595744680775,-8.571428571428575,0.0,27.152317880794698,28.859060402684555,36.170212765957444,-58.35140997830803,-39.81191222570533,-39.81191222570533,3.432571471944603,3.5151225397178947
BRACBANK,BRAC Bank PLC,63.5,-0.9360374414976511,2.584814216478193,0.7936507936507936,-3.4954407294832786,3.28856776931145,15.54591363785476,2.8521372062910615,137.83685327930968,260.7625558700613,864.5892364485686,1.7154852768914846,1.399276677825573
BSC,Bangladesh Shipping Corporation,111.7,-0.2678571428571403,1.6378525932666033,-3.7068965517241357,2.4770642201834887,2.0091324200913268,-0.5342831700801375,-2.869565217391302,127.95918367346938,163.8768200646461,123.66760303289834,2.44573135939804,2.4409626852149877
BSCPLC,Bangladesh Submarine Cables PLC,148.9,-0.33467202141900937,3.0449826989619417,-3.311688311688308,1.01763907734057,6.205420827389457,16.05611847233047,6.357142857142861,-31.79111314704535,27.811158798283266,240.18734292894675,1.9495812352649482,2.3145378605237075
BSRMLTD,Bangladesh Steel Re-Rolling Mills Ltd.,96.7,0.7291666666666696,0.6243496357960547,-0.4119464469618862,5.337690631808285,17.496962332928316,26.736566186107478,10.514285714285716,-6.750241080038573,-36.95743547138825,114.5128326866129,2.5424259183728024,2.7258742090758816
BSRMSTEEL,BSRM Steels Limited,86.5,0.6984866123399235,3.592814371257485,-7.4866310160427805,10.755441741357242,25.36231884057971,36.22047244094488,29.104477611940297,22.347949080622342,-6.348425294557741,53.70384639161417,2.581809243108719,2.7874467295915006
BXPHARMA,Beximco Pharmaceuticals Plc,146.4,-0.4081632653061186,-1.0810810810810771,-0.4081632653061186,0.2739726027397299,25.12820512820513,42.135922330097095,22.000000000000004,-40.82457558609539,97.83783765069394,233.10806885008492,1.8207576624717863,2.255937745347816
CAPITECGBF,CAPITEC GRAMEEN BDT10 (MUTUAL FUND) Units,9.1,4.597701149425292,4.5977011494252915,-12.500000000000005,26.38888888888888,26.38888888888888,33.8235294117647,18.181818181818173,-36.805555555555564,-36.805555555555564,-36.805555555555564,4.97830781730007,4.880114007492947
CAPMBDBLMF,CAPM BDBL Mutual Fund 01 Units,7.2,-8.860759493670887,-5.2631578947368345,-29.411764705882344,-28.0,-33.333333333333336,-28.71287128712871,-39.49579831932773,-40.983606557377044,-33.333333333333336,-33.333333333333336,8.090607544610037,6.690843608005435
CAPMIBBLMF,CAPM IBBL Islamic Mutual Fund Units,14.0,2.1897810218978155,6.060606060606066,11.111111111111114,52.17391304347827,66.66666666666666,86.66666666666667,57.303370786516844,-24.731182795698928,40.0,40.0,4.314473498168328,5.448812189631405
CENTRALINS,Central Insurance PLC,43.9,3.0516431924882563,4.773269689737471,-1.5695067264574054,4.52380952380952,10.579345088161197,7.862407862407851,3.2941176470588203,-31.29890453834116,244.56775759654798,66.7421652274847,3.1671960686555662,3.734608796056618
CENTRALPHL,Central Pharmaceuticals Ltd.,9.4,-1.0526315789473648,0.0,-12.149532710280363,4.444444444444448,2.1739130434782727,6.818181818181814,-8.737864077669904,-48.06629834254144,-27.1786584948685,-72.53179006830987,3.8880964459431255,4.495505509813471
CITYBANK,City Bank PLC,29.9,-0.9933774834437109,0.673400673400671,-4.166666666666669,-0.6644518272425344,10.208333018956989,40.92213071149094,33.27519337486177,67.21838078445423,140.5286995863882,194.5211479846488,1.2087908392172166,1.412909418017162
CITYGENINS,City Insurance PLC,128.2,-0.07794232268123362,0.7861635220125675,1.826846703733108,20.715630885122398,30.41709053916581,47.86620530565165,91.91616766467065,155.88822355289417,1093.2461519461388,434.7510519744077,0.9527493922015395,1.1139262776527166
CLICL,Chartered Life Insurance PLC,42.4,-1.624129930394438,0.952380952380949,-11.850311850311854,-20.45028142589118,-28.378378378378386,-24.014336917562723,-26.896551724137936,285.45454545454544,285.45454545454544,285.45454545454544,4.456360429971805,4.383583904851686
CNATEX,C & A Textiles Ltd,2.9,-3.333333333333336,-3.333333333333336,-14.705882352941178,-9.375000000000009,-40.81632653061225,20.833333333333336,-6.451612903225812,-62.82051282051283,-61.097561004074954,-83.06729854199035,5.665024630541877,6.9218771842206825
CONFIDCEM,Confidence Cement PLC,62.1,1.305057096247968,5.254237288135595,-4.46153846153846,-2.6645768025078302,-2.968749999999998,25.708502024291505,1.8032786885245924,-54.957072144421396,36.83606688085276,15.80484260528501,3.0669278421056996,3.207425707579786
CONTININS,Continental Insurance PLC,33.6,3.7037037037037126,5.329153605015683,-7.182320441988953,7.348242811501599,39.419087136929456,38.842975206611584,20.000000000000004,-37.66784436713781,167.0561888891985,46.33844639516612,3.7429461049506405,4.326744682038617
COPPERTECH,Coppertech Industries Ltd,22.8,-1.2987012987013018,7.04225352112676,-10.937500000000002,-12.977099236641218,20.000000000000004,20.634920634920647,0.8849557522123862,-43.670588101428926,-12.020499334786996,-12.020499334786996,4.582641235530118,4.59147413419379
CROWNCEMNT,Crown Cement PLC,59.8,0.0,3.2815198618307404,-7.858243451463803,2.047781569965863,21.29817444219067,27.77777777777778,-3.7037037037037104,-27.95180722891567,-23.529411764705888,-25.99009900990099,5.546851481820159,5.949348100260951
CRYSTALINS,Crystal Insurance Company Ltd,68.4,12.131147540983616,14.95798319327732,-0.43668122270741944,-3.6619718309859075,-12.082262210796904,18.956521739130444,18.956521739130444,15.753846038092314,401.59999949840005,401.59999949840005,5.252233682234446,4.9298830599804555
CVOPRL,CVO Petrochemical Refinery PLC,154.6,-2.7061044682190127,4.60081190798375,-11.098332374928125,-5.385556915544682,0.1944264419961004,4.813559322033894,-6.303030303030305,-34.59230775771539,-29.34370701811969,29.063392325620622,4.377014308339523,3.408088875823864
DACCADYE,Dacca Dyeing and Manufacturing Company Limited,15.8,-1.863354037267085,2.5974025974025996,-5.389221556886219,-2.4691358024691272,-9.714285714285712,-18.556701030927826,-24.401913875598076,-44.169611307420496,73.62637362637363,-43.7540453656916,4.239132105561478,4.4793083875479685
DAFODILCOM,Daffodil Computers PLC.,165.3,0.7926829268292752,1.9740900678593567,-0.36166365280288987,4.81927710843375,140.96209912536446,357.8947368421053,181.12244897959187,148.5714285714286,612.5000000000001,952.8662420382167,2.518933089922118,3.030450388567917
DBH,DBH Finance PLC,40.3,-1.4669926650366782,0.7499999999999929,-8.616780045351485,1.256281407035176,8.625336927223707,15.142857142857137,5.221932114882507,-50.672800316838476,-42.302091439330226,17.513171544021393,2.561167605291982,3.132797109651208
DBH1STMF,DBH First Mutual Fund Units,5.7,1.7857142857142954,3.63636363636364,7.547169811320762,23.913043478260885,9.615384615384615,-12.307692307692305,-1.7241379310344767,-30.487804878048774,-9.523809523809518,-22.972972972972975,5.625777847753433,5.438770296796886
DELTALIFE,Delta Life Insurance Company Ltd.,71.8,-0.13908205841447638,4.057971014492749,-7.593307593307601,-7.948717948717952,2.571428571428567,5.899705014749263,-10.58530510585305,-54.871150219987435,-28.200000000000003,-97.86720847888596,3.0101100192241232,3.0615489642156772
DELTASPINN,Delta Spinners Limited,6.9,-2.8169014084506943,-1.4285714285714235,-9.210526315789465,2.985074626865674,11.290322580645164,38.00000000000001,21.05263157894737,-39.99999999999999,5.683544139252212,-55.959411271767046,4.062842528315673,5.328459561454419
DESCO,Dhaka Electric Supply Co. Ltd.,22.5,0.0,2.739726027397267,-10.0,-4.25531914893617,0.0,9.75609756097561,-6.25,-43.75,-58.5635359116022,-66.15329504432307,2.011642163791726,4.03700655515891
DESHBANDHU,Deshbandhu Polymer Limited,17.3,-1.7045454545454586,2.9761904761904763,-13.499999999999996,-15.609756097560973,5.487804878048794,1.7647058823529453,-26.06837606837606,-27.310924369747898,66.92982445890274,-20.102973615240582,4.8362706732259335,4.444506172587427
DGIC,Desh General Insurance Company Ltd,35.7,12.264150943396233,22.260273972602754,-0.5571030640668405,32.713754646840165,77.61194029850746,81.21827411167516,57.26872246696038,-26.239669421487594,138.00000000000003,138.00000000000003,5.055941411322435,4.680429249847037
DHAKABANK,Dhaka Bank PLC,11.5,-0.8620689655172384,-1.7094017094017033,-5.737704918032781,-4.166666666666667,-10.852713178294575,1.7699115044247724,0.0,-8.57499991131775,7.86489955472357,-10.204628589247587,1.3838337241635636,1.6601693950284822
DHAKAINS,Dhaka Insurance Limited,45.0,0.0,4.651162790697675,-4.458598726114652,4.8951048951048985,18.110236220472437,25.0,18.42105263157895,-45.65217391304348,176.07361963190183,-5.588235369647056,4.2407509150120335,3.7585787175720258
DOMINAGE,Dominage Steel Building Systems Ltd,60.1,-2.117263843648204,-4.603174603174601,-7.395993836671809,-10.298507462686565,52.151898734177216,107.95847750865055,230.2197802197803,63.484456367260364,354.3559992275948,354.3559992275948,2.4887288698448984,3.528033188962366
DOREENPWR,Doreen Power Generations & Systems Ltd.,30.1,-2.903225806451608,3.0821917808219252,-9.880239520958076,3.4364261168384878,13.584905660377363,6.737588652482278,-0.9868421052631486,-55.31663876599489,-7.910827480647776,-24.282235946035378,4.669482505052828,3.9721719023166338
DSHGARME,Desh Garments Limited.,148.3,-6.729559748427666,0.13504388926402233,-21.409644939056694,0.2704530087897266,37.442075996292864,27.405498281786944,15.050426687354541,-41.780870864328755,44.98764674404427,1353.6587599500529,5.122501577119132,5.944746673309381
DSSL,Dragon Sweater & Spinning Ltd.,11.4,0.0,4.587155963302752,-8.799999999999997,6.542056074766366,32.55813953488373,34.117647058823536,3.63636363636364,-38.987863763427775,117.23594543506398,25.532114390808886,4.071172553379499,5.465248969502755
DULAMIACOT,Dulamia Cotton Spinning Mills Limited,187.3,0.1604278074866371,4.055555555555562,-10.38277511961722,10.111699000587901,47.480314960629926,38.74074074074075,47.59653270291569,185.08371385083714,2465.753424657534,1935.869565217392,4.540735996619775,6.185416808238774
DUTCHBANGL,Dutch-Bangla Bank PLC,46.3,-1.4893617021276655,7.925407925407923,-3.340292275574116,7.925407925407923,13.321678591114468,25.945596169786263,17.99757311052791,-10.154477261756652,115.57874672869085,102.56968438706889,2.9445655953426195,2.64559290654421
EASTERNINS,Eastern Insurance PLC,60.7,1.8456375838926196,8.00711743772242,-6.471494607087831,5.0173010380622936,18.32358674463939,21.157684630738526,17.864077669902915,-56.95035460992908,170.9821428571429,66.3013698630137,3.8532204140503854,4.256261109351661
EASTLAND,Eastland Insurance PLC,28.4,1.0676156583629792,5.970149253731335,-2.739726027397263,12.252964426877462,41.293532338308445,51.87165775401069,32.09302325581395,-35.60090702947846,97.84000029230162,-20.059714020005245,2.641437055196397,3.513762433692638
EASTRNLUB,Eastern Lubricants Blenders PLC,1987.5,0.5107717204409784,-2.0453425332676196,-1.2176938369781312,9.806629834254144,19.01197604790419,19.656833232992174,19.05950419703474,51.85777720085313,227.93749737600814,1553.3515492172837,1.4617039651515646,2.7230615917058647
EBL,Eastern Bank PLC,23.0,0.4366812227074298,1.3215859030837036,-4.166666666666667,-7.258064516129035,-12.2592595839,-2.9098364412012856,-6.7322838247859496,-13.013281800041488,64.86551474108872,73.99572466783385,1.7571078399112294,1.986727863617689
EBL1STMF,EBL First Mutual Fund Units,4.6,0.0,-2.127659574468096,0.0,21.052631578947366,12.195121951219512,48.38709677419353,6.976744186046508,-47.727272727272734,16.27233972690831,-32.90951349297248,7.0014094432699014,6.249085566707295
EBLNRBMF,EBL NRB Mutual Fund,3.6,0.0,2.85714285714286,0.0,16.129032258064516,12.499999999999996,56.5217391304348,12.499999999999996,-49.29577464788732,-9.846808767478981,-47.59996012822744,4.689075630252105,5.514010069737626
ECABLES,Eastern Cables Ltd.,121.0,-2.4193548387096775,-2.8112449799196786,-15.384615384615385,-1.865369018653688,5.217391304347826,7.939339875111513,-10.898379970544926,-24.51653150343107,-11.21285645534391,191.65338586216177,5.716567928656833,4.906186286970473
EGEN,eGeneration PLC,23.0,-0.8620689655172384,4.072398190045242,-13.533834586466169,-10.852713178294575,5.990783410138252,16.16161616161616,-14.814814814814815,-63.25878594249201,53.333333333333336,53.333333333333336,4.502671579613574,4.1982009247460095
EHL,Eastern Housing Ltd.,85.2,0.23529411764706218,7.16981132075472,-8.189655172413786,-1.9562715765247443,12.401055408970985,16.39344262295082,-0.8149010477299218,40.826446280991746,147.81163493252052,117.94199642746871,2.9699373809621723,3.3305258221128717
EIL,Express Insurance Ltd.,32.2,3.205128205128217,4.885993485342031,-3.880597014925365,9.897610921501714,18.81918819188192,14.184397163120579,-2.4242424242424154,-17.43589743589743,114.66666666666669,114.66666666666669,3.221178454232131,3.8642785464047043
EMERALDOIL,Emerald Oil Industries Ltd.,26.7,-1.1111111111111138,-1.1111111111111138,-5.985915492957745,22.47706422018348,62.804878048780495,85.41666666666667,45.10869565217392,-34.8780487804878,-23.515625067720542,-37.871153973995895,5.21604751803781,5.5218041681117125
ENVOYTEX,Envoy Textiles Ltd.,72.3,1.4025245441795233,1.8309859154929538,10.381679389312973,40.93567251461989,41.48727984344422,49.0721649484536,17.75244299674267,57.17391304347825,107.69869442384652,61.35667398850731,4.620592214451426,5.678655308622848
EPGL,Energypac Power Generation PLC,16.9,-0.5882352941176554,1.8072289156626333,-12.88659793814433,-11.052631578947375,2.4242424242424154,8.333333333333327,-14.21319796954315,-67.74809160305344,-63.655913978494624,-63.655913978494624,2.8927614357810323,3.7034188864907454
ESQUIRENIT,Esquire Knit Composite PLC,23.6,-1.6666666666666607,0.0,-8.527131782945734,-0.4219409282700332,16.256157635467982,14.563106796116504,-16.607773851590103,-37.89473684210526,-50.10570824524312,-50.10570824524312,3.7613757439340567,4.2618547562142925
ETL,Evince Textiles Ltd.,14.5,0.0,10.687022900763361,8.208955223880595,11.538461538461538,54.25531914893616,45.0,36.79245283018869,23.93162393162394,46.40198744918378,11.088945248694788,4.69363288620481,5.304895586365821
EXIM1STMF,EXIM Bank 1st Mutual Fund 2013- Units,7.3,-1.3513513513513586,-5.194805194805199,8.955223880597009,114.70588235294117,121.21212121212122,160.71428571428572,78.04878048780489,-1.3513513513513584,26.850724925393305,-6.362624517923683,8.330697377223673,7.066115621546924
FAMILYTEX,Familytex (BD) Ltd.,2.4,4.347826086956526,0.0,-14.285714285714285,-11.111111111111121,-42.85714285714286,84.6153846153846,19.999999999999996,-59.322033898305094,-66.11829240570113,-92.67115103137316,6.166007905138342,7.339611297677663
FARCHEM,FAR Chemicals Industries Ltd,16.1,0.0,10.273972602739738,-15.263157894736835,-11.538461538461526,11.0344827586207,11.0344827586207,-27.477477477477468,4.545454545454553,-0.7145944958611842,-28.569666580950262,5.5800905096829325,7.20528275597739
FAREASTLIF,Fareast Islami Life Insurance Company Limited,17.9,3.468208092485537,-3.7634408602150686,-17.511520737327192,-23.17596566523606,-21.49122807017545,-13.942307692307702,-39.322033898305094,-74.78873239436619,-64.72906390041011,-77.23699415123258,6.767954183824502,6.4130690603439735
FBFIF,First Bangladesh Fixed Income Fund Units,3.6,2.85714285714286,2.85714285714286,-2.702702702702705,12.499999999999996,12.499999999999996,38.46153846153846,12.499999999999996,-38.983050847457626,-32.742857219508934,-52.00332482568267,4.691112808759872,5.437699162599656
FEDERALINS,Federal Insurance PLC,28.2,1.8050541516245486,5.617977528089888,-6.312292358803994,11.023622047244098,44.615384615384606,46.875,29.35779816513761,-29.850746268656724,223.37053373046214,46.0895001169734,3.938230091344146,3.922302153440238
FEKDIL,Far East Knitting & Dyeing Industries PLC.,22.2,-3.4782608695652204,4.716981132075472,-5.128205128205125,38.74999999999999,58.57142857142856,56.33802816901409,13.846153846153843,29.069767441860467,29.74345929821502,-6.684512101995467,4.110081896108097,5.751577191361108
FINEFOODS,Fine Foods Limited,437.2,-0.4100227790432827,1.1568718186024989,0.4595588235294118,-10.409836065573773,-6.561231032271851,14.992109416096792,43.39127582814038,712.639405204461,5493.355697288869,2736.494949730387,3.561942852505533,3.5440222631268483
FIRSTFIN,First Finance Ltd.,4.6,2.2222222222222143,0.0,-14.814814814814827,2.2222222222222143,-11.538461538461549,83.99999999999999,91.66666666666666,-43.90243902439024,-25.354545503065008,-86.49365532808629,6.004228329809715,8.799414585399594
FORTUNE,Fortune Shoes Ltd.,15.5,-1.8987341772151944,-1.2738853503184668,-11.428571428571429,-3.72670807453417,1.3071895424836555,11.510791366906473,-2.5157232704402537,-77.63252606691235,-40.93900121746819,-40.93900121746819,3.7023877200531197,4.733072512313448
FUWANGCER,Fu-Wang Ceramic Industry Ltd.,12.8,-3.0303030303030196,2.4000000000000057,-17.419354838709673,-16.33986928104575,9.401709401709414,11.304347826086962,-7.913669064748199,-43.859649122807014,9.210256075414975,-15.96197345478775,4.4774271671884565,5.0511870643030505
FUWANGFOOD,Fu-Wang Foods Limited,9.7,0.0,4.301075268817189,-14.912280701754396,-16.37931034482759,-6.7307692307692415,-13.392857142857144,-34.89932885906041,-51.74129353233832,-5.068382610652604,-41.77527484717397,3.156072141859367,4.741157118849327
GBBPOWER,GBB POWER Ltd.,13.5,-2.8776978417266212,-1.459854014598535,-10.0,64.63414634146343,50.0,110.9375,95.65217391304347,-72.16494845360825,2.717391561141308,-48.89890283737582,4.933313170549119,7.348650152504674
GEMINISEA,Gemini Sea Food PLC,108.1,-2.612612612612618,3.9423076923076867,-10.955518945634276,-8.77637130801688,-11.393442622950824,-20.921726408193123,-38.228571428571435,20.497749481813795,-12.422138380589356,510.10998640668174,3.782257716318659,4.076333829240372
GENEXIL,Genex Infosys PLC,34.7,-1.6997167138810036,-0.5730659025787843,-9.635416666666655,1.1661807580175094,27.57352941176472,28.99628252788106,35.546875,-69.17105538978285,3.7067840508871965,3.7067840508871965,3.574760802739577,3.8529203296305106
GENNEXT,Generation Next Fashions Ltd.,2.9,0.0,0.0,-9.375000000000009,-3.333333333333336,-32.55813953488372,7.407407407407397,-12.12121212121212,-60.81081081081081,-47.62686574121208,-86.98274201157395,4.261083743842369,5.512222376217045
GHAIL,Golden Harvest Agro Industries Ltd.,12.8,-0.7751937984496096,1.5873015873015959,-12.925170068027201,-19.999999999999996,14.285714285714299,19.62616822429908,-1.538461538461533,-35.67839195979899,-10.727210466349653,-65.30264250428495,3.7673042687369187,4.520830207359713
GHCL,Global Heavy Chemicals Ltd.,19.8,-1.9801980198019733,-3.41463414634146,-12.775330396475766,4.210526315789477,2.061855670103104,-0.5025125628140596,-13.157894736842104,-51.824817518248175,-49.23076923076923,-76.0,5.76108445450817,5.817108436148265
GLDNJMF,ICB AMCL CMSF GOLDEN JUBILEE MUTUAL FUND,9.2,2.2222222222222143,0.0,3.3707865168539204,43.74999999999998,43.74999999999998,50.819672131147534,27.777777777777764,-16.36363636363637,-16.36363636363637,-16.36363636363637,6.053513392852457,5.810429146897578
GLOBALINS,Global Insurance PLC,46.1,4.063205417607233,1.3186813186813218,-2.9473684210526288,29.49438202247191,73.30827067669172,80.7843137254902,64.64285714285715,-21.996615905245346,375.85140613533116,94.62992692899309,3.2367711887021273,4.187592354173791
GOLDENSON,Golden Son Limited,12.5,0.8064516129032229,3.3057851239669453,-16.666666666666668,-23.312883435582826,9.649122807017541,23.762376237623766,-1.5748031496062938,-29.37853107344632,-43.69369369369369,-68.43434343434343,4.134465849762538,4.881351429260477
GP,Grameenphone Ltd.,241.9,0.37344398340249196,1.425576519916145,-3.1625300240192176,-4.913522012578616,-3.6638789326961327,-6.96153846153846,-19.66124211225507,-36.93952033368092,-7.671755725190838,40.96736596736597,0.8616073111725435,1.1535492603253632
GPHISPAT,GPH Ispat Limited,16.5,1.8518518518518563,5.09554140127389,-8.83977900552487,-5.17241379310344,-1.1976047904191576,2.484472049689432,-22.169811320754715,-66.21464876684358,-28.604853615476525,-11.88972526846275,4.060881311896355,3.9364036550278354
GQBALLPEN,G.Q. Ball Pen Industries Limited,600.8,0.4178505766337958,6.148409893992925,11.901657664369527,2.003395585738532,15.316698656429933,34.19700692427964,23.621399176954725,349.36424831712793,770.7246376811593,342.89743456874356,4.071208881949877,4.6041357071444065
GRAMEENS2,Grameen Mutual Fund One - Grameen Two Units,12.3,4.23728813559322,3.3613445378151288,-6.818181818181808,-1.5999999999999943,-5.384615384615379,12.84403669724771,-4.651162790697671,-28.90173410404624,29.212121473155808,-32.82739733621889,2.738139839250307,2.627402450799046
GREENDELMF,Green Delta Mutual Fund 2010 Units,4.9,4.255319148936174,6.521739130434798,4.255319148936174,36.11111111111112,36.11111111111112,63.33333333333334,32.432432432432435,-40.96385542168675,-20.967741935483865,-31.94444444444444,6.308484235683425,7.070566133785037
GREENDELT,Green Delta Insurance PLC,65.8,1.2307692307692264,5.448717948717947,-4.2212518195051025,5.617977528089888,26.295585412667936,22.76119402985074,30.815109343936385,-42.78260869565217,67.41582981830801,26.220249100568452,3.899437015162366,4.384154682461069
GSPFINANCE,GSP Finance Company PLC,3.5,-5.40540540540541,2.941176470588238,-12.5,-2.7777777777777803,-32.69230769230769,118.75,29.629629629629623,-85.24509806872548,-66.94931115286873,-75.93809696227954,5.194211017740433,6.183413010591249
HAKKANIPUL,Hakkani Pulp & Paper Mills PLC,71.5,0.42134831460673755,7.357357357357366,-8.097686375321334,-6.779661016949155,-4.666666666666667,5.612998522895121,-8.333333333333334,-14.982164090368604,41.86507936507937,284.4086021505376,4.552802296852827,3.906928248624726
HAMI,Hami Industries PLC,152.9,-3.227848101265819,5.230557467309011,-4.197994987468665,-0.39087947882735785,3.1713900134952886,42.10037174721191,21.34920634920635,-12.578616352201257,-12.578616352201257,-12.578616352201257,4.720499520814569,4.715771867518809
HEIDELBCEM,Heidelberg Materials Bangladesh PLC,209.4,-1.22641509433962,3.1019202363367855,-5.505415162454868,-6.933333333333331,-16.24,-4.339881224303335,-14.215485456780005,-42.63013698630137,-61.64835164835165,-20.68181818181818,2.45711702868076,3.065479351183744
HFL,Hamid Fabrics PLC,12.1,-4.724409448818895,-5.468750000000009,-23.899371069182394,-18.791946308724835,17.475728155339795,86.15384615384616,47.560975609756106,-41.82692307692308,-27.97619047619048,-78.86023289408874,5.73453305676752,6.650595804699541
HRTEX,H.R. Textile Mills Ltd.,17.1,0.0,1.7857142857142898,-17.391304347826075,-17.391304347826075,-16.990291262135923,-6.557377049180324,-31.04838709677419,-76.4875000235125,-17.500000090460524,-39.415644074955665,5.3795072766540795,5.107496667368354
HWAWELLTEX,Hwa Well Textiles (BD)PLC,45.5,-2.3605150214592303,-5.010438413361166,-8.266129032258066,5.080831408775988,6.807511737089199,2.0179372197309386,-10.07905138339921,-3.1914893617021276,37.878787878787875,13.75,3.7666208589593655,4.062826058979156
IBNSINA,BN SINA Pharmaceutical Industry PLC,315.5,-0.6299212598425197,0.7987220447284346,-0.6299212598425197,0.0951776649746229,-1.40625,0.15873015873015872,-0.6299212598425197,8.793103448275861,67.08743234680574,426.70463843174383,1.2836256174148946,1.5400989946535997
IBP,Indo-Bangla Pharmaceuticals Ltd.,15.5,1.3071895424836555,2.6490066225165587,-9.883720930232554,4.02684563758389,19.23076923076923,38.39285714285715,14.814814814814815,-25.046948645007276,-40.83371030244139,-40.83371030244139,4.815380717944643,5.197612344943279
ICB,Investment Corporation of Bangladesh,40.2,1.2594458438287153,-1.711491442542777,-8.63636363636363,-8.009153318077802,4.415584415584423,10.136986301369872,-23.719165085388994,-68.87392091046313,-48.0250671620567,-63.24654515741663,3.1849430731869726,4.005877151329877
ICB3RDNRB,ICB AMCL Third NRB Mutual Fund 2010 Units,6.2,0.0,6.896551724137938,6.896551724137938,31.914893617021274,24.000000000000004,51.21951219512197,31.914893617021274,-12.676056338028161,40.9090909090909,-12.676056338028161,4.509580583351081,4.793483948402275
ICBAGRANI1,ICB AMCL First Agrani Bank Mutual Fund Units,8.5,4.938271604938276,6.25,3.6585365853658627,23.188405797101446,18.05555555555555,32.81249999999999,16.438356164383563,-6.5934065934065895,-1.1627906976744145,-1.1627906976744145,5.446584837384467,4.400814675452176
ICBAMCL2ND,ICB AMCL Second Mutual Fund Units,8.8,8.641975308641989,11.392405063291143,11.392405063291143,44.26229508196723,44.26229508196723,57.14285714285717,46.66666666666668,-40.136054421768705,91.30434782608698,15.789473684210542,6.370082203415534,6.116201511353447
ICBEPMF1S1,ICB Employees Provident Mutual Fund One Scheme One Units,6.6,6.451612903225798,6.451612903225797,3.124999999999989,8.196721311475411,19.999999999999996,94.11764705882354,40.425531914893604,-14.285714285714294,17.857142857142858,-20.481927710843387,7.034774521781944,7.8402457887865955
ICBIBANK,ICB Islamic Bank Limited,2.5,-3.8461538461538494,-3.8461538461538494,-7.407407407407414,-13.79310344827586,-28.571428571428573,4.1666666666666705,8.695652173913052,-63.23529411764706,-35.8974358974359,-66.66666666666667,4.738461538461543,5.395700790437638
ICBSONALI1,ICB AMCL Sonali Bank Ltd 1st Mutual Fund 2013- Units,8.2,5.1282051282051215,20.588235294117638,34.42622950819672,60.784313725490186,60.784313725490186,95.23809523809521,57.692307692307665,-4.651162790697679,36.66666666666666,-31.66666666666667,6.340696465696464,6.715635537686993
ICICL,Islami Commercial Insurance PLC.,36.6,3.3898305084745846,2.234636871508392,-0.5434782608695536,32.608695652173914,74.28571428571429,63.39285714285716,60.526315789473685,150.68493150684932,150.68493150684932,150.68493150684932,3.325157883052614,3.551485043708078
IDLC,IDLC Finance PLC.,43.0,0.23310023310023645,0.23310023310023642,-5.286343612334798,6.435643564356439,9.05797128713769,26.117318751047478,9.05797128713769,-30.380593881456424,5.766790117770671,-9.053124605855013,2.5840561202657777,2.769137937215155
IFADAUTOS,IFAD Autos PLC,23.2,-0.42918454935622924,-0.8547008547008517,-7.936507936507937,-8.300395256917001,6.912442396313364,6.912442396313364,-3.333333333333336,-54.98254337322022,-51.83016469156442,31.973306166658602,2.6482945824404864,3.7225036400254807
IFIC,IFIC Bank PLC,5.0,-1.9607843137254832,11.11111111111111,4.1666666666666705,0.0,-15.254237288135597,6.382978723404252,-13.79310344827586,-64.68554684499927,-31.178833115257863,-52.94024076755431,6.66466046177953,4.597234698191169
IFIC1STMF,IFIC Bank 1st Mutual Fund Units,4.1,0.0,0.0,-6.818181818181833,17.14285714285713,13.888888888888877,63.999999999999986,24.24242424242424,-35.93750000000001,2.945652243289452,-36.47500001282121,5.052532833020638,6.377144834647711
IFILISLMF1,IFIL Islamic Mutual Fund - 1 Units,6.0,0.0,11.111111111111104,11.111111111111104,36.36363636363635,36.36363636363635,76.47058823529412,39.53488372093024,-9.090909090909086,-6.250000000000005,-4.761904761904759,4.375728976425906,3.6972681790980055
INDEXAGRO,Index Agro Industries Ltd,67.4,-1.1730205278592334,0.44709388971685754,-9.530201342281872,-3.9886039886039844,4.173106646058737,0.7473841554559043,-15.143884679946039,-43.96674570547644,-5.639999764099997,-5.639999764099997,3.4653938783462395,3.9797033375078295
INTECH,Intech Ltd.,24.4,-2.0080321285140563,9.909909909909908,-7.224334600760464,-27.810650887573964,-41.90476190476191,-23.02839116719243,-32.033426183844014,-41.20481927710844,146.21818181594347,100.271132969454,5.563503560771213,5.136197970816614
INTRACO,Intraco Refueling Station PLC,22.0,-1.345291479820631,-3.5087719298245643,-4.3478260869565215,8.3743842364532,17.647058823529417,7.317073170731708,-15.708812260536401,-2.2222226567901266,-52.68482760311963,-52.68482760311963,2.1635392188373666,2.2893623270242323
IPDC,IPDC Finance PLC,33.5,0.6006006006006092,9.120521172638439,-4.011461318051572,22.710622710622705,83.2031254580078,84.16230407470671,64.36915928942757,-8.837030115353746,122.83808000871684,540.8773403412844,3.8561667835928173,4.312056358034443
ISLAMIBANK,Islami Bank Bangladesh PLC,26.9,-1.102941176470591,-2.5362318840579814,-5.281690140845071,-23.142857142857146,-35.02415458937198,-18.484848484848488,-37.14953271028037,-10.333333333333337,-12.944983818770227,-31.186046580441865,2.9664342769349186,2.7747045200384566
ISLAMICFIN,Islamic Finance & Investment PLC,10.9,-0.909090909090906,1.8691588785046829,-6.034482758620683,2.83018867924529,-4.385964912280701,14.736842105263161,39.74358974358975,-67.46268656716418,-15.144597338993584,-40.23093989471919,2.231780451963935,3.146000780868354
ISLAMIINS,Islami Insurance Bangladesh Limited,63.7,1.5948963317384368,9.075342465753433,0.15723270440251796,11.169284467713798,68.07387862796836,69.86666666666667,57.28395061728396,-16.949152542372882,402.82480939282993,238.23238500367322,3.7743321817395064,4.1413643084803935
ISNLTD,Information Services Network Ltd.,51.4,-7.052441229656417,18.98148148148147,-14.90066225165563,-12.436115843270876,-36.62145499383477,-34.43877551020409,-52.84403669724771,8.438818565400844,327.64800068423676,240.17454680287366,7.135706597610116,6.017491743506902
ITC,IT Consultants PLC,44.8,-1.75438596491229,2.517162471395868,-3.6559139784946297,7.177033492822967,16.666666666666664,16.363636363636356,0.448430493273533,6.16113744075828,36.920134078699,52.492595685425066,2.6962409520056947,2.8857307784674333
JAMUNABANK,Jamuna Bank PLC,23.3,0.4310344827586268,3.555555555555559,-3.719008264462804,-2.100840336134454,-0.851063829787231,10.426540284360186,8.878504672897208,23.25843625795851,172.0530101992452,99.10959607185718,2.535247489460647,1.7989766845827078
JAMUNAOIL,JAMUNA OIL PLC,179.6,1.0692177827799696,2.161547212741742,0.3351955307262538,2.6285714285714255,3.8150289017341006,6.146572104018916,-2.971366828741221,-2.4443237370994026,-4.973544973544977,11.86862955691833,1.0214811994061703,1.0882500331365286
JANATAINS,Janata Insurance PLC,33.1,2.7950310559006164,2.1604938271605025,-4.610951008645537,-4.057971014492749,30.31496062992127,36.21399176954733,24.43609022556391,-35.22365564916166,291.0522209517304,-82.29736678754068,3.8572820743340386,4.47922398611175
JHRML,JMI Hospital Requisite Manufacturing Ltd,43.2,-1.5945330296127467,3.8461538461538494,-14.45544554455445,-14.115308151093428,-1.3698630136986172,2.3696682464454977,-23.94366197183098,96.36363636363639,96.36363636363639,96.36363636363639,3.3082174883020263,3.67048172223407
JMISMDL,JMI Syringes & Medical Devices Ltd.,131.0,-0.38022813688212925,4.1335453100159,-9.655172413793103,-5.755395683453237,7.113654946852005,11.016949152542374,-9.717436250861471,-54.153371222044505,8.172434387232894,278.2590221659801,4.740757145317258,4.572667315355802
JUTESPINN,Jute Spinners Limited,206.5,0.04844961240309802,0.633528265107218,-4.442387783433593,-0.24154589371980675,-4.882542607093503,5.788934426229514,-4.838709677419355,20.760233918128655,244.74123539232053,210.52631578947367,1.350694426187943,3.219529651127049
KARNAPHULI,Karnaphuli Insurance PLC,55.0,1.2891344383057144,1.8518518518518519,-3.339191564147625,58.50144092219019,88.35616438356165,92.98245614035088,75.71884984025559,14.822546972860128,446.2837865447316,101.48536542681425,3.1093482291848415,4.501179450255818
KAY&QUE,Kay and Que (Bangladesh) Ltd.,389.5,-0.1282051282051282,12.539728402195891,-7.261904761904762,-7.701421800947867,-13.789287295263392,3.2061473237943887,15.005570593619508,33.83603617797496,1408.4529828492803,1860.988877704064,4.700596478831549,3.7431670193268416
KBPPWBIL,Khan Brothers PP Woven Bag Industries Ltd,37.9,3.551912568306003,29.351535836177465,-1.0443864229764976,-9.546539379474941,-23.43434343434344,-21.041666666666668,-76.89024390243902,161.3793103448276,90.43580248559321,13.228265603106166,7.949520903299922,5.608912447877621
KDSALTD,KDS Accessories Ltd.,45.0,-0.8810572687224639,2.505694760820049,-7.975460122699384,-10.0,13.350125944584375,9.489051094890508,-9.819639278557112,-35.006877421302804,-26.130508400958302,-13.759830966754313,3.1081907245190754,3.235956484118348
KEYACOSMET,Keya Cosmetic Ltd.,5.3,0.0,5.9999999999999964,-5.357142857142854,8.163265306122437,-5.357142857142854,17.777777777777775,10.416666666666668,-39.77272727272728,-28.0308925628394,-66.09240696732275,4.323344432112468,5.439416579725891
KOHINOOR,Kohinoor Chemical Company (Bangladesh) PLC,523.8,-0.8517887563884158,0.3832886163280951,-4.065934065934075,4.155895804334853,1.119691119691111,4.780956191238244,5.818181711294757,51.51147484581114,314.6032756199584,1033.9433186508231,1.8383178131374383,2.1154464514305493
KPCL,Khulna Power Company Ltd.,10.6,0.0,-0.9345794392523332,-9.4017094017094,-0.9345794392523332,-5.357142857142854,0.952380952380949,-7.826086956521742,-78.84231536926147,-81.07142859170918,-75.46492982367894,3.434135047342597,4.278580953369647
KPPL,Khulna Printing & Packaging Ltd,13.1,0.0,6.504065040650397,-12.666666666666668,-13.245033112582782,-17.610062893081764,-18.125000000000004,-14.935064935064938,-14.379084967320269,43.956043956043956,-61.9788918597051,5.701848539057838,4.835034594433938
KTL,Kattali Textile Ltd.,12.9,0.0,3.200000000000003,4.878048780487802,26.47058823529413,32.989690721649495,11.206896551724142,-5.147058823529407,-54.89510489510489,-32.569120426907595,-32.569120426907595,3.176955271047724,4.9099328214694085
LANKABAFIN,LankaBangla Finance PLC,14.7,-0.6756756756756852,0.6849315068493127,-15.517241379310343,-5.1612903225806495,-3.9215686274509896,19.51219512195121,-13.017751479289938,-66.5909090909091,-23.385997314078804,-48.66125166573677,2.7860474994628373,3.398626011439112
LEGACYFOOT,Legacy Footwear Ltd.,70.4,0.7153075822603718,0.8595988538682071,-3.0303030303030147,6.828528072837632,18.319327731092443,29.889298892988933,8.978328173374631,-9.511568123393305,176.57142742563266,349.561537778983,3.433033884775507,3.3185293595549354
LHB,LafargeHolcim Bangladesh PLC,53.7,0.9398496240601504,7.400000000000006,-3.5906642728904847,-1.286764705882345,1.7045454545454655,14.012738853503187,-0.5555555555555503,-32.452830188679236,-32.0253164556962,638.8639183536714,2.3433267954869286,2.4183966709885527
LIBRAINFU,Libra Infusions Ltd.,573.7,-0.156630699617121,-0.829732065687114,-7.765273311897099,-9.653543307086608,-12.25145304374425,-9.795597484276723,-25.599792504214754,-12.634518203324866,56.46363620859514,387.10377307942065,1.7204021613627254,2.8372865768245905
LINDEBD,Linde Bangladesh Limited,680.9,-0.8879184861717645,0.13235294117646723,-3.281250000000003,-2.3098995695839344,-14.02777777777778,-10.289855072463771,-26.784946236559144,-58.103618016244155,-53.196315644762166,32.08535402521823,1.5100575185207792,1.2216409032019429
LOVELLO,Taufika Foods and Lovello Ice-cream PLC,53.0,-0.9345794392523363,20.728929384965834,-18.209876543209873,-22.965116279069765,-23.07692307692308,-22.287390029325515,-43.787878647348485,77.95058165554983,308.100000534611,308.100000534611,6.287414780601107,6.797615764541289
LRBDL,Lub-rref (Bangladesh) Ltd,13.8,-2.8169014084506943,12.195121951219512,-12.101910828025469,16.94915254237288,30.18867924528303,39.3939393939394,-5.479452054794513,-72.1774193548387,-65.92592592592592,-65.92592592592592,6.7172209927449975,5.089812324626409
LRGLOBMF1,LR Global Bangladesh Mutual Fund One Units,4.7,6.818181818181814,6.818181818181814,6.818181818181814,38.235294117647065,34.28571428571429,67.85714285714288,34.28571428571429,-47.77777777777778,-25.396825396825392,-48.91304347826086,4.69097587985847,6.100049304156071
MAGURAPLEX,Magura Multiplex PLC,82.2,-1.083032490974719,1.481481481481485,-8.258928571428562,-4.307334109429572,-0.7246376811594134,-2.026221692491064,-20.194174757281548,-50.59766298835885,359.97927256175046,359.97927256175046,2.9292658712664297,3.373264120660794
MAKSONSPIN,Maksons Spinning Mills PLC,5.8,-1.6949152542372972,-3.333333333333336,-7.936507936507937,1.7543859649122744,-15.942028985507253,23.40425531914893,-17.142857142857146,-80.06872852233677,-11.73913028128545,-64.07584252629219,4.198632173654472,5.209774391763841
MALEKSPIN,Malek Spinning Mills PLC,47.2,-3.0800821355236137,6.0674157303370855,-5.788423153692612,57.33333333333334,72.8937728937729,63.32179930795849,40.059347181008896,30.027548209366405,182.63473053892218,88.80000000000001,3.5662111491082067,5.378695187214423
MARICO,Marico Bangladesh Limited.,2654.2,-0.5470623501199177,0.10560458625630713,-3.1313868613138753,-4.135514862570882,-4.901469007524192,0.041460932494060125,-8.159169550173017,12.752761257434146,116.66938775510202,606.8442077230359,0.9532872635867673,0.9365974705896677
MATINSPINN,Matin Spinning PLC,60.5,-5.172413793103444,-6.923076923076923,-11.029411764705882,17.475728155339805,27.36842105263158,30.107526881720432,6.701940035273363,0.49833887043188896,53.55329949238579,34.44444444444444,4.3235213849025405,4.285559657683808
MBL1STMF,MBL 1st Mutual Fund 2010- Units,10.5,0.9615384615384581,16.666666666666668,24.999999999999996,169.23076923076923,144.18604651162792,208.82352941176472,133.33333333333334,26.506024096385534,66.66666666666667,52.17391304347825,6.212577208473246,6.312502266207734
MEGCONMILK,Meghna Condensed Milk Industries Ltd.,32.8,-2.67062314540061,2.180685358255438,-4.9275362318840665,-6.285714285714294,5.466237942122173,127.77777777777776,72.63157894736841,37.238493723849366,361.97183098591546,245.2631578947368,7.243358887914009,6.84619008205139
MEGHNACEM,Meghna Cement Mills PLC,29.0,-3.3333333333333335,-4.290429042904292,-7.936507936507937,-3.010033444816049,-11.585365853658528,-1.0238907849829375,-42.57425742574257,-63.10865357097278,-64.62781727876903,-60.73926488558334,6.944902689217199,5.774549980045618
MEGHNAINS,Meghna Insurance PLC,36.2,3.4285714285714364,5.232558139534897,-7.416879795396416,10.703363914373087,34.07407407407408,28.825622775800714,39.23076923076924,229.09090909090912,229.09090909090912,229.09090909090912,3.7815372560280793,4.50638619055516
MEGHNALIFE,Meghna Life Insurance PLC,51.5,0.19455252918288216,-4.452690166975879,-9.490333919156413,-13.445378151260504,-3.37711069418386,1.3779527559055176,-16.801292407108235,-46.20355100001682,34.12720568139882,-20.926474375037536,6.343382863606019,5.070528237685465
MEGHNAPET,Meghna Pet Industries Ltd.,76.8,-0.25974025974026343,23.87096774193548,-8.353221957040573,10.822510822510823,195.3846153846154,252.29357798165137,187.6404494382022,140.7523510971787,1201.694915254237,1099.9999999999998,8.224477411119214,8.015850210303737
MERCANBANK,Mercantile Bank PLC,6.6,-2.941176470588238,-1.4925373134328437,-8.333333333333341,-10.81081081081082,-26.66666666666667,-10.81081081081082,-29.03225806451614,-58.18633554812669,-4.232413792946349,-36.20870661634239,2.419719583898691,3.100403615358616
MERCINS,Mercantile Islami Insurance PLC,49.7,1.4285714285714344,3.5416666666666727,12.95454545454546,30.44619422572179,110.59322033898304,94.90196078431374,89.69465648854964,-8.974358974358973,314.1666666666667,80.14239537234442,5.163529440920652,5.21970188037871
METROSPIN,Metro Spinning Ltd.,9.8,0.0,-1.999999999999993,-5.769230769230766,8.888888888888896,-5.769230769230766,15.29411764705883,-18.33333333333333,-66.26229500343025,32.85822779176266,-34.78940817281645,5.198719545078973,5.7156181012998575
MHSML,Mozaffar Hossain Spinning Mills Ltd.,20.3,-2.8708133971291767,10.326086956521753,-3.7914691943127994,-8.558558558558552,14.689265536723171,50.37037037037038,14.044943820224718,-10.176991150442479,24.74516414171794,-17.96056339468484,5.103583281754519,5.063629774585267
MIDASFIN,MIDAS Financing PLC,4.5,-6.2499999999999964,-8.163265306122456,-22.41379310344827,-21.05263157894737,-32.83582089552239,0.0,-28.57142857142857,-80.3246753257826,-69.23477365366652,-81.70849383416963,5.209374036386066,4.568046833599593
MIDLANDBNK,Midland Bank PLC,17.2,1.17647058823529,6.172839506172839,-4.9723756906077465,6.8322981366459485,6.172839506172839,0.5847953216374144,-15.68627450980392,96.84444371612,96.84444371612,96.84444371612,3.3971223947923623,3.0132321760805603
MIRACLEIND,Miracle Industries Limited,26.6,-2.2058823529411686,0.0,-9.830508474576268,-3.2727272727272676,-10.135135135135135,-16.35220125786163,-21.301775147928982,-33.83084577114428,15.086665310244845,188.6157776376277,2.5666118410578225,3.481760905502664
MIRAKHTER,Mir Akhter Hossain Ltd,34.0,-2.5787965616045803,7.936507936507937,-11.227154046997383,-18.072289156626507,22.743682310469318,23.188405797101446,4.938271604938276,-62.5962596259626,-58.02469135802469,-58.02469135802469,5.594125352775979,4.524560112804933
MITHUNKNIT,Mithun Knitting & Dyeing (CEPZ) Ltd.,13.5,-2.173913043478266,3.0534351145038197,-13.46153846153846,-11.764705882352944,-16.14906832298137,-7.534246575342464,-23.29545454545455,-30.76923076923077,-78.22580636381373,-74.1418824272993,5.257950427189375,5.641814302170153
MJLBD,MJL Bangladesh PLC,91.4,-0.10928961748633259,0.9944751381215532,-0.8676789587852464,0.21929824561403818,2.008928571428584,1.5555555555555618,-6.44831115660184,-5.870236869206992,-15.070796247853979,60.58472198926286,1.5584495319934744,1.5794940628700478
MLDYEING,M.L. Dyeing & Textile Ind. PLC,11.8,-1.6666666666666607,6.3063063063063165,-18.05555555555555,12.380952380952387,32.58426966292135,40.47619047619048,24.21052631578948,-60.92715231788079,70.98200072188601,70.98200072188601,5.766146971754454,7.074400285911354
MONNOAGML,Monno Agro & General Machinery Ltd.,307.9,-0.9649404953361209,-1.6293929712460136,-9.91808074897602,-10.753623188405804,-13.994413407821234,-16.67117726657646,-19.608355091383817,-23.12047892786747,714.2062072856787,2375.9487014597544,4.573773099850178,4.278755975651429
MONNOCERA,Monno Ceramic Industries Limited.,82.3,-2.8335301062573857,2.7465667915106153,-9.161147902869756,-11.314655172413794,0.48840048840047795,0.6112469437652812,-8.453837597330377,-51.07015457788348,223.57137879445676,380.56341811027914,3.9045024655700553,3.468967282129287
MONNOFABR,Monno Fabrics Ltd.,19.3,-2.030456852791871,-0.5154639175257623,-13.839285714285705,-8.96226415094339,-12.669683257918553,-9.813084112149523,-3.9800995024875654,-18.220338983050848,-18.220338983050848,-18.220338983050848,4.04258801412369,4.917046675287048
MONOSPOOL,Monospool Bangladesh PLC,104.6,-1.2275731822474139,2.0487804878048723,-6.856634016028497,-3.9485766758494134,10.570824524312897,10.454065469904954,9.653600404898876,-28.82248549328475,118.70909002431323,118.70909002431323,3.8867529605715077,3.392900233318877
MPETROLEUM,Meghna Petroleum PLC,205.2,-0.7256894049346879,-0.24307243558580457,-2.7488151658767825,-2.005730659025796,3.1155778894472306,6.486766995329528,-0.2915451895043842,1.4335145823034983,13.999999999999995,43.770700493171965,0.9947461701999611,1.1349579556721134
MTB,Mutual Trust Bank PLC,13.4,1.5151515151515234,7.200000000000002,-0.7407407407407381,6.349206349206355,30.302016395990247,36.65821227236985,32.354016596431165,8.080801116578558,114.53392374584762,175.8806499461527,3.7832072116688984,3.3480581103891875
NAHEEACP,Nahee Aluminum Composite Panel PLC,34.1,-4.213483146067416,4.2813455657492305,1.4880952380952381,4.923076923076928,58.60465116279071,84.32432432432434,36.947791164658646,-32.206759443339955,-45.89550260387533,-45.89550260387533,7.164465507966834,6.6811312363565705
NATLIFEINS,National Life Insurance PLC,94.6,-0.10559662090813993,2.0496224379719434,-6.336633663366342,-7.707317073170738,-6.336633663366342,0.8528784648187603,-16.20903454384412,-60.50104384133612,-26.102481245863533,-30.359772800552033,2.5546512725012374,2.767949099383477
NAVANACNG,Navana CNG Limited,19.6,0.5128205128205201,-0.5076142131979587,-9.25925925925926,-9.6774193548387,-5.769230769230766,-7.981220657276992,-15.15151515151515,-42.83333304035416,-51.221218711923065,-66.75538431665616,2.2919719169719235,3.2398585704794134
NAVANAPHAR,Navana Pharmaceuticals PLC,64.5,1.574803149606299,4.032258064516129,-3.7313432835820897,-7.857142857142857,12.565445026178015,23.09160305343512,9.507640067911717,144.3181818181818,144.3181818181818,144.3181818181818,2.992678485113416,3.1083743663189187
NBL,National Bank PLC,3.4,-2.85714285714286,3.030303030303033,-5.555555555555561,-12.820512820512821,-33.33333333333333,6.249999999999991,-8.108108108108116,-60.465116279069754,-39.76323414767547,-68.13475098527209,5.383244206773624,4.483923752914248
NCCBANK,National Credit and Commerce Bank PLC,14.5,0.694444444444442,2.1126760563380333,-5.844155844155845,-7.051282051282049,16.89927846750135,23.606614179354246,21.612959050077656,4.887691937875552,99.57149467599614,31.62719303464916,2.244780741184701,2.3730069902755107
NCCBLMF1,NCCBL Mutual Fund-1 2012- Dividend Units,7.0,2.941176470588238,0.0,7.6923076923076925,66.66666666666666,52.17391304347827,75.0,42.85714285714285,-21.348314606741575,11.111111111111114,-41.666666666666664,4.245305578905323,6.252563406700505
NEWLINE,New Line Clothings Ltd.,5.7,3.63636363636364,7.547169811320762,-14.925373134328359,0.0,-14.925373134328359,42.50000000000001,-4.999999999999997,-82.13166144200628,-77.15924497585766,-77.15924497585766,4.487870619946094,5.946065604740128
NFML,National Feed Mill Ltd,16.2,0.0,8.724832214765092,-12.432432432432435,-27.678571428571423,3.1847133757961785,14.893617021276594,63.636363636363626,-46.35409837490269,12.886509533007542,-41.92253078431479,5.6688534602964555,6.0137511620687425
NHFIL,National Housing Finance PLC,26.7,0.7547169811320728,2.6923076923076894,-9.183673469387754,0.7547169811320728,13.135593220338972,18.666666666666664,5.533596837944658,-66.43428574574159,-16.94858627175827,-12.571262852572845,2.000694000605627,3.598487555637096
NITOLINS,Nitol Insurance PLC,58.8,4.255319148936168,6.329113924050633,26.4516129032258,85.48895899053628,104.8780487804878,109.25266903914589,115.38461538461536,-10.521738906739133,269.92310988993336,146.8412231383094,4.012824724238378,4.517325110031434
NORTHERN,Northern Jute Manufacturing Co. Ltd.,96.2,-1.8367346938775482,-1.8367346938775482,-13.95348837209302,-9.756097560975602,-17.068965517241377,12.778429073856982,-11.090573012939002,-72.97752808988764,-63.58359606884543,541.3333376088889,4.013121682425238,5.0044830125655215
NORTHRNINS,Northern Islami Insurance PLC,37.3,2.1917808219178005,6.267806267806256,-7.21393034825872,-1.8421050048476493,27.990196398406848,40.881295316232,27.15909122698863,-36.52350065708269,162.69207352472526,22.01473147902702,4.014832335129597,4.41509909500705
NPOLYMER,National Polymer Industries PLC,30.9,-2.5236593059936934,2.999999999999995,-9.117647058823533,-3.7383177570093546,14.444444444444441,16.165413533834574,-7.485029940119761,-51.49136577708007,-26.249613464140175,114.1064639680353,3.258937994786266,3.3868678702423582
NRBBANK,NRB Bank PLC,6.6,0.0,3.124999999999989,-2.941176470588238,9.999999999999995,-7.042253521126761,8.196721311475411,-24.137931034482758,-26.66666666666667,-26.66666666666667,-26.66666666666667,3.716949716949718,3.1406227207150925
NRBCBANK,NRBC Bank PLC,9.0,-2.173913043478253,0.0,-5.2631578947368425,21.621621621621617,32.352941176470594,76.47058823529413,38.46153846153846,-64.40008812861028,-29.22737504100477,-29.22737504100477,3.61634164191312,4.191254359685369
NTC,National Tea Company Limited,156.3,0.32092426187419765,4.408817635270557,-6.5191387559808485,-2.312499999999993,-4.051565377532225,-10.06904487917146,-17.736842105263154,-72.0992502677615,-70.67542213883678,-79.70129870129871,1.7082930911592205,3.532934462991915
NTLTUBES,National Tubes Limited,60.5,-1.3050570962479562,-2.2617124394184147,-8.333333333333334,-5.3208137715179955,0.1655629139072871,-3.2,-24.185463659147867,-49.03117101937658,-34.86908114202895,156.74797101552716,2.927854986380413,2.8618757113809448
NURANI,Nurani Dyeing & Sweater Ltd.,3.0,0.0,0.0,-25.0,0.0,-23.076923076923073,50.0,15.384615384615381,-68.75,-82.27108003686878,-82.27108003686878,5.59277504105091,8.003775207495629
OAL,Olympic Accessories Ltd,6.3,0.0,1.6129032258064457,-8.695652173913052,0.0,-7.352941176470589,10.526315789473678,-11.267605633802816,-55.63380281690141,-63.82305080998075,-73.89884798575837,4.624582097177535,3.9750211517718204
OIMEX,Oimex Electrode Ltd.,14.1,2.173913043478253,8.46153846153846,-11.320754716981135,-7.236842105263157,2.919708029197083,-7.843137254901968,-44.04761904761905,-46.18320610687023,-71.72225259006062,-71.72225259006062,3.2995226007796816,5.363552620924067
OLYMPIC,Olympic Industries PLC.,144.8,-0.8219178082191704,1.4716187806587406,-2.7535258562793783,-2.8839704896042813,-4.105960264900655,5.232558139534897,-9.669369931378665,-26.009197751660697,-48.05602993598465,95.96992608215093,1.609504529995268,1.9002085751136732
ONEBANKPLC,One Bank PLC,7.7,-1.2820512820512775,2.666666666666669,-4.938271604938265,-2.531645569620255,0.0,10.000000000000002,1.3157894736842175,-16.11052593784532,-16.11052593784532,-16.11052593784532,2.6528138528138525,2.5666224701153815
ORIONINFU,Orion Infusion Ltd.,252.6,8.738699956952209,48.67569158328427,8.226221079691511,-17.80019524894241,-28.664219147133586,-25.72772713907675,-52.60787992495309,211.08374384236447,253.28671328671328,449.1304347826087,7.987504403921163,6.098632684430376
ORIONPHARM,Orion Pharma Ltd.,25.0,-0.3984063745019977,2.880658436213989,-8.759124087591236,-7.749077490774913,-15.824915824915823,-8.088235294117645,-32.97587131367292,-64.53900709219859,-33.86243386243386,-63.41463400000001,4.55158344131239,3.7451533881718246
PADMALIFE,Padma Islami Life Insurance Ltd.,15.8,0.6369426751592447,-4.242424242424238,-10.22727272727273,-15.053763440860218,-5.9523809523809526,-5.389221556886219,-23.300970873786408,-70.18867924528303,-20.999999683999995,-67.75307087914207,2.9614207760389855,3.5128202047581514
PADMAOIL,Padma Oil PLC,193.9,-0.257201646090535,0.466321243523319,-2.464788732394369,4.584681769147789,9.796149490373733,14.395280235988203,-0.6659836065573683,-17.838983050847453,3.1382978723404285,14.05882341535295,0.954581595741339,0.8814715725699287
PARAMOUNT,Paramount Insurance PLC.,62.5,4.166666666666666,10.619469026548673,-1.419558359621449,7.204116638078908,25.0,43.67816091954023,42.69406392694065,-28.81548974943052,796.1676064793085,374.9340954852795,4.983717086764237,4.903559810636465
PDL,Pacific Denims Ltd.,5.3,-3.63636363636364,-1.8518518518518616,-11.66666666666667,-8.620689655172415,-14.51612903225807,15.21739130434783,-18.461538461538463,-64.54966887534603,-73.09690924247917,-73.09690924247917,3.361285814115997,3.868487191719661
PENINSULA,The Peninsula Chittagong PLC,20.6,-1.4354066985645797,-1.4354066985645797,-8.849557522123893,-12.340425531914889,0.0,12.568306010928964,48.20143884892087,-29.452054794520542,34.640522875817,-43.078947226118416,3.545247949219089,4.735560449024618
PEOPLESINS,Peoples Insurance PLC,62.0,2.1416803953871453,17.42424242424243,-2.2082018927444773,5.6218057921635385,58.97435897435897,70.79889807162536,82.89085545722715,15.027829313543602,307.89473684210526,134.84848484848484,5.021902627613983,4.667807112129193
PF1STMF,Phoenix Finance 1st Mutual Fund Units,18.4,3.9548022598870016,3.9548022598870016,27.777777777777764,113.95348837209302,222.80701754385964,267.99999999999994,283.3333333333333,91.66666666666666,318.18181818181813,132.91139240506325,5.608044677746429,5.81046341003274
PHARMAID,Pharma Aids Limited.,550.3,-0.685796787583481,2.8790428117405082,-8.633571309978416,-1.9073083778966213,-0.054486015256096657,11.622718052738328,-9.281239696669976,-14.57621856566285,103.8148148148148,292.79086366880796,2.8789516825565586,2.717183554740361
PHENIXINS,Phoenix Insurance PLC,47.9,1.9148936170212734,5.739514348785875,-8.761904761904765,14.047619047619046,66.31944444444443,78.73134328358209,68.07017543859648,-27.752639517345397,135.96059113300493,6.91964285714286,3.436046802744757,4.922095690683012
PHOENIXFIN,Phoenix Finance and Investments Ltd.,3.6,0.0,0.0,-5.2631578947368345,0.0,-14.285714285714286,50.00000000000001,9.0909090909091,-88.99082568807339,-76.37015392987803,-86.80534764789695,5.111111111111114,5.6934705919668325
PHPMF1,PHP First Mutual Fund Units 2010-,3.8,2.7027027027026933,5.555555555555547,2.702702702702693,22.580645161290313,15.151515151515152,58.333333333333336,22.580645161290313,-40.62500000000001,3.0418599719531345,-31.955571901975958,4.019607843137257,5.538680969463814
PIONEERINS,Pioneer Insurance PLC,67.7,0.744047619047619,7.460317460317465,-3.4236804564907155,1.804511278195493,36.17816125998563,47.785863139196984,57.96666706158334,-37.847709816909806,206.14743313144723,68.95381285734788,3.7927952034767314,4.0188322084796315
PLFSL,Peoples Leasing and Financial Services Ltd.,1.8,0.0,0.0,-9.999999999999998,38.46153846153846,-45.454545454545446,239.62264150943395,50.00000000000001,-40.0,-74.28571428571429,-93.86996904575143,7.908496732026134,8.838412250095484
POPULAR1MF,Popular Life First Mutual Fund Units 2010-,3.8,5.555555555555548,5.555555555555547,0.0,22.580645161290313,18.74999999999999,58.333333333333336,22.580645161290313,-39.682539682539684,0.2249998496624989,-27.60514849703383,5.162464985994401,5.387592782993052
POPULARLIF,Popular Life Insurance Co. Ltd.,55.3,-1.250000000000005,-2.8119507908611623,-13.186813186813195,-8.443708609271525,15.448851774530269,30.117647058823525,7.170542635658906,-43.16546762589928,-21.337126600284495,-50.37179457402564,5.365682322853848,4.4316715906761885
POWERGRID,Power Grid Co. of Bangladesh Ltd.,37.8,-0.7874015748031606,-1.3054830287206267,-3.816793893129771,7.999999999999992,22.727272727272716,40.52044609665427,6.179775280898864,-32.50000000000001,-34.602076124567475,-30.386740331491715,1.9173692923603218,2.8135442920794507
PRAGATIINS,Pragati Insurance PLC,75.5,2.4423337856173637,7.396870554765295,-5.506883604505639,1.206434316353895,13.360057896413899,8.157162327376248,30.041805543391913,-1.6984167625905517,353.8341093339579,89.82913654665671,3.065082534720431,4.130852014547565
PRAGATILIF,Pragati Life Insurance PLC,144.0,-1.098901098901095,1.408450704225352,-7.216494845360818,-15.248796232922558,-23.699422043235653,7.171853747795808,-21.584158494257434,42.2915247436959,185.9681408244295,117.44302562033006,3.957359290166445,4.701043993842083
PREMIERBAN,The Premier Bank PLC,5.7,0.0,0.0,-3.3898305084745792,32.55813953488373,7.547169811320762,42.50000000000001,-13.636363636363628,-55.0650001446158,37.43346481287506,-22.049456862633022,3.2597402597402643,2.765330123081929
PREMIERCEM,Premier Cement Mills PLC,42.3,-0.9367681498829171,0.7142857142857075,-13.849287169042778,-9.227467811158808,8.461538461538455,7.908163265306108,-14.02439024390245,-51.54639175257732,-55.56722689075631,-59.714285714285715,4.155472283184077,4.098553903237375
PREMIERLEA,Premier Leasing & Finance Limited,2.1,0.0,5.000000000000004,-12.499999999999993,-8.695652173913032,-36.36363636363636,288.88888888888886,31.25,-83.2,-72.55308440634676,-84.50756465407693,8.000000000000007,8.680533418700344
PRIME1ICBA,Prime Bank 1st ICB AMCL Mutual Fund Units,6.5,4.838709677419352,8.333333333333334,12.068965517241383,38.29787234042553,35.41666666666667,51.162790697674424,38.29787234042553,-14.473684210526313,41.30434782608697,-9.722222222222223,5.787560588043531,5.33083662212114
PRIMEBANK,Prime Bank PLC,28.2,-1.7421602787456445,-0.35335689045936897,-6.000000000000002,-5.685618729096988,-1.953642138990073,2.8125002570312505,5.000000262499994,33.701541626329075,108.657968197415,-0.7464800918240061,1.7728115234604083,1.539781282685425
PRIMEFIN,Prime Finance and Investment Ltd.,2.9,-3.333333333333336,7.407407407407397,-6.451612903225812,-6.451612903225812,-39.583333333333336,163.6363636363636,31.818181818181802,-81.98757763975155,-62.337662337662344,-89.32515333231962,5.028279511038133,5.863097788081273
PRIMEINSUR,Prime Islami Insurance PLC,53.1,2.7079303675048325,5.14851485148515,-8.762886597938145,35.114503816793906,67.50788643533123,77.59197324414717,59.45945945945948,-1.4842300556586219,214.2011834319527,48.68000035088481,4.892567350423022,5.576194665362057
PRIMELIFE,Prime Life Insurance Company Limited,35.8,-1.3774104683195594,2.5787965616045807,-9.823677581863993,-5.789473684210534,-5.540897097625334,8.484848484848476,-20.089285714285715,-51.94630872483222,-37.302977232924704,-60.61999993974861,3.2231924319173055,4.408006675297335
PRIMETEX,Prime Textile Spining Mills Ltd.,14.8,0.680272108843547,2.7777777777777803,-12.426035502958568,-19.12568306010929,-29.857819905213272,7.246376811594202,1.3698630136986374,-41.269841269841265,-27.80487804878048,-26.732673267326728,8.225490699928857,8.284008132611103
PROGRESLIF,Progressive Life Insurance Co. Ltd.,35.9,-0.8287292817679676,0.8426966292134751,-8.651399491094145,-6.994818652849748,-14.523809523809527,-21.271929824561408,-38.209982788296045,-68.78260869565217,-9.118903690490244,-52.01446298521387,3.97058849243267,4.6851849647288555
PROVATIINS,Provati Insurance PLC,54.2,4.230769230769236,2.4574669187145637,-7.032590051457967,4.431599229287099,74.83870967741937,88.8501742160279,62.275449101796426,-63.0599296857934,523.7908326861369,190.1898418840253,4.663389686913345,4.804229923629398
PTL,Paramount Textile PLC,76.5,-2.4234693877551092,-3.286978508217439,14.008941877794346,27.5,39.85374771480804,47.68339768339769,33.50785340314137,37.62850488191245,635.1501669912344,199.4205358988281,2.8719501673485035,2.1877493614528403
PUBALIBANK,Pubali Bank PLC,39.9,1.2690355329949239,6.117021276595737,0.25125628140703876,7.837837837837835,23.01611514160635,48.495181041642105,56.071465818892506,131.36739778918997,233.61835879854803,128.87653382383533,2.3045490695568773,2.239028255080007
PURABIGEN,Purabi General Insurance Co. Ltd.,28.8,1.76678445229682,7.462686567164179,-7.692307692307688,-9.148264984227126,41.87192118226601,48.45360824742269,47.6923076923077,-37.9414228210845,277.00133860477723,-2.713777523053919,3.3688881283301577,4.65125411750638
QUASEMIND,Quasem Industries Limited.,39.7,-2.933985330073339,2.05655526992289,-8.31408775981523,-9.772727272727266,-0.5012531328320695,4.97596142238235,-1.4221219873971274,-3.926000279959625,-4.530219817006975,149.82934028759882,3.7875936859421255,3.3168626011552256
QUEENSOUTH,Queen South Textile Mills Ltd.,14.5,0.0,4.316546762589925,-12.650602409638562,0.694444444444442,25.000000000000007,21.848739495798313,5.072463768115937,-50.737179681072895,-40.28630445422855,-40.28630445422855,4.046327382523175,5.460210075529393
RAHIMAFOOD,Rahima Food Corporation Ltd.,74.0,-3.014416775884662,8.823529411764707,-11.05769230769231,-25.628140703517587,-38.84297520661157,-53.75,-47.06723891273248,-78.13884785819793,32.142857142857146,330.2325581395349,5.8993725881067824,5.845618464635658
RAHIMTEXT,Rahim Textile Mills Ltd.,180.7,-3.8829787234042614,12.937499999999995,-15.48175865294669,-7.333333333333339,-10.144206862257587,-15.283638068448205,3.9102932719953896,-43.5135979993748,3.2321613937612015,348.0275830990695,5.898471360952534,5.483744963071984
RAKCERAMIC,RAK Ceramics (Baneladesh) Limited,27.3,-1.086956521739133,3.802281368821293,-8.999999999999998,-4.545454545454548,16.170212765957448,22.97297297297298,11.42857142857143,-41.54175588865097,-39.67886953789454,-31.99088239476678,2.5277599705366067,3.2028498135579424
RANFOUNDRY,Rangpur Foundry Limited,151.2,-2.072538860103638,2.2312373225152013,-7.239263803680989,-0.8524590163934501,-0.19801980198020552,5.8082575227431645,-17.377049180327873,-12.246082414393513,39.48339483394832,143.87096774193546,3.696840290735064,3.7295014819777843
RDFOOD,Rangpur Dairy and Food Products Limited,23.5,-2.4896265560166033,3.9823008849557455,-3.688524590163929,-12.639405204460964,19.89795918367346,17.5,-9.266409266409262,-54.15719713752678,134.61784553771002,45.2472160833847,4.697896072397244,4.93294921736596
RECKITTBEN,Reckitt Benckiser (Bangladesh) PLC,3268.0,-0.30202263644406757,-0.21374045801526717,-0.9726977970364508,-2.0677255019478573,-6.868053576517527,-4.444444444444445,-3.0899709388529693,-30.690759474878586,110.83870967741936,342.2192151556157,0.8332026457446438,0.7393336601694345
REGENTTEX,Regent Textile Mills Ltd.,6.0,-1.6393442622950762,-4.761904761904759,-14.285714285714286,5.263157894736839,22.44897959183673,50.0,81.81818181818183,-61.78343949044586,-42.403879048061526,-76.61597482626132,4.378531073446323,6.7613195371011825
RELIANCE1,Reliance Insurance Mutual Fund Reliance One Units,12.9,4.878048780487801,1.5748031496063077,-3.7313432835820897,24.038461538461537,-0.7692307692307665,-17.83439490445859,-13.422818791946309,10.256410256410266,74.32432432432432,41.758241758241766,3.4742620538073528,4.902133683117359
RELIANCINS,Reliance Insurance PLC,108.4,-6.309420916162487,5.550146056475173,-3.985828166519043,-1.3648771610555048,54.85714285714286,65.74923547400611,66.00306278713632,7.008884501480759,240.28396128382818,124.48332619953004,8.49754176821094,7.667757334699394
RENATA,Renata PLC,448.3,-0.15590200445434044,-2.2672770874209673,-4.0659105499679,0.06696428571428825,3.199815837937393,14.362244897959187,-8.75228984327295,-63.76285289140641,-30.66592706478385,44.31670036758322,1.37524676702927,1.1264333017211028
RENWICKJA,Renwick Janeswar and Co. (BD) Limited,733.4,-1.2654819601507779,-1.9256485691361298,-8.860444886293037,33.34545454545454,45.805168986083494,50.040916530278224,12.312404287901987,-44.65323371820995,19.058441558441555,834.2675159235669,2.3361500877747985,3.075691731474461
REPUBLIC,Republic Insurance PLC,39.2,1.5544041450777237,3.157894736842113,-3.685503685503685,17.717717717717736,21.362229102167202,43.06569343065695,24.05063291139241,-28.32835785380619,382.9554910720448,91.13126017939435,5.213240079943806,4.735782536857488
RINGSHINE,Ring Shine Textiles Ltd.,3.9,-2.500000000000002,5.405405405405397,-17.021276595744688,5.405405405405397,-4.8780487804877986,21.87499999999999,34.48275862068966,-72.53521126760563,-73.740000002626,-73.740000002626,5.832147937411095,6.975811658898951
ROBI,Robi Axiata PLc,30.0,-0.33222591362126713,0.0,-4.153354632587861,-6.542056074766359,0.0,6.0070671378091856,0.671140939597313,-29.24528301886792,100.0,100.0,1.482246515578459,1.7637399601213888
RSRMSTEEL,Ratanpur Steel Re-Rolling Mills Ltd,6.7,-4.285714285714283,-8.219178082191776,-14.102564102564099,-14.102564102564099,-25.555555555555554,0.0,-21.17647058823529,-80.17751479289942,-80.92278752347207,-85.21788558870868,5.058374715587371,4.081268561599775
RUNNERAUTO,Runner Automobiles PLC,46.9,0.6437768240343286,6.108597285067862,-11.0056925996205,14.66992665036675,20.565552699228792,26.756756756756754,47.02194357366771,-27.623456790123456,-49.38848908483515,-49.38848908483515,3.4926015251910987,3.8553137235105095
RUPALIBANK,Rupali Bank PLC,17.0,0.0,0.5917159763313694,-3.4090909090909167,1.1904761904761862,-6.07734806629835,-1.7341040462427786,-25.438596491228076,-52.70909093763741,13.496543936101778,-43.30492987803485,1.8900681626330562,2.6203608762567128
RUPALIINS,Rupali Insurance Company Ltd.,28.5,2.8880866425992804,5.1660516605166,-6.557377049180328,5.947955390334578,31.25000032812499,39.83644894772196,25.735294431985295,-44.37732328101766,145.2131350238096,-9.06493763100691,3.6485058776337267,3.946407327831189
RUPALILIFE,Rupali Life Insurance PLC,76.9,-0.9020618556700885,5.342465753424666,-12.613636363636358,-16.954643628509707,-4.5905707196029635,-2.162849872773523,-29.707495429616085,-7.502358788783665,151.3807552990162,-23.59955516505648,2.9170915046226797,4.0021176007599975
SAFKOSPINN,Safko Spinning Mills Limited,20.6,-1.4354066985645797,-1.4354066985645797,0.0,0.980392156862759,22.61904761904762,49.275362318840585,39.18918918918919,-21.189393935214582,93.80336653231417,4.323939753597342,2.5546335891685565,4.150180499606377
SAIFPOWER,SAIF Powertec Ltd.,7.9,-1.2499999999999956,-1.2499999999999956,-20.999999999999996,-7.058823529411761,0.0,58.000000000000014,19.696969696969706,-77.54959794117741,-51.13871255138881,-42.52741889713613,4.35956448614676,5.197939510055667
SAIHAMCOT,Saiham Cotton Mills Ltd.,22.6,-3.004291845493559,1.345291479820631,1.8018018018018114,17.098445595854926,17.708333333333346,15.306122448979592,24.86187845303867,15.897435897435903,62.58992805755396,-12.464788806367782,3.1033420572079082,6.448086426793626
SAIHAMTEX,Saiham Textile Mills Ltd.,35.3,-2.486187845303883,3.5190615835777,11.356466876971602,95.02762430939224,81.02564102564101,104.04624277456644,126.28205128205126,50.854700854700845,176.6044783034515,50.61749111511792,8.46996215774901,7.467331766418784
SALAMCRST,S. Alam Cold Rolled Steels Limited,11.9,0.8474576271186409,7.2072072072072135,-10.526315789473685,-17.36111111111111,-27.439024390243894,-20.13422818791946,-45.16129032258064,-65.70605187319886,-55.925925925925924,-75.00000000000001,4.9403092199702385,4.547708235580227
SALVO,Salvo Organic Industries PLC,30.7,0.0,6.2283737024221475,-12.034383954154727,-18.567639257294438,0.0,1.3201320132013155,-6.686930091185409,-42.075471698113205,194.31956669218826,79.32567201413563,2.96887545689493,3.944097537142925
SAMATALETH,Samata Leather Complex (Pvt.) Ltd.,79.8,-6.007067137809196,4.4502617801047,-22.297955209347617,-22.448979591836743,-2.919708029197087,-5.0000000000000036,-24.144486692015214,-22.5242718446602,205.99999897386462,442.63999826355206,7.096781515105167,6.031453289055232
SAMORITA,Samorita Hospital Ltd.,97.3,1.3541666666666639,15.147928994082838,-11.625794732061761,34.20689655172413,43.08823529411764,33.83768913342503,33.83768913342503,15.82175016555892,84.1743333046998,147.8583642646604,7.261567199273298,7.52061828259571
SANDHANINS,Shandhani Life Insurance Co.Ltd,24.2,-0.8196721311475381,-1.2244897959183703,-14.788732394366196,-0.4115226337448618,20.398009950248742,25.388601036269424,2.9787234042553163,-41.82692307692308,19.342466682007142,-43.16235240847094,2.2584644965133425,3.098097282170947
SAPORTL,Summit Alliance Port Limited,61.5,0.49019607843136787,2.1594684385382013,-0.8064516129032258,15.81920903954802,23.99193548387096,46.08076009501187,62.69841269841272,108.47457627118644,57.58260845850178,191.81858455500452,2.141815055916097,2.8617605583466843
SBACBANK,SBAC Bank PLC.,6.9,2.9850746268656745,4.5454545454545565,-1.4285714285714235,7.8125,-1.4285714285714235,11.290322580645164,-11.538461538461531,-65.65042648617157,-34.11127262496551,-34.11127262496551,3.6094926437332093,3.7453049260945126
SEAPEARL,Sea Pearl Beach Resort & Spa Ltd.,34.3,-2.2792022792022912,5.538461538461529,-8.04289544235925,-3.380281690140853,-16.949152542372882,3.9393939393939306,-33.91136801541426,-21.867881548974946,42.916667023958325,42.916667023958325,4.952003570418864,5.091033193648212
SEMLFBSLGF,SEML FBLSL Growth Fund Units,7.0,0.0,1.4492753623188352,2.941176470588238,29.629629629629623,22.807017543859644,42.85714285714285,40.0,-33.96226415094339,14.754098360655743,14.754098360655743,3.280632411067195,4.050890587020679
SEMLIBBLSF,SEML IBBL Shariah Fund Units,8.0,1.265822784810122,1.265822784810122,3.896103896103894,24.999999999999993,19.402985074626862,37.931034482758626,23.076923076923077,-25.23364485981308,-41.60583941605839,-41.60583941605839,1.7358485396460104,2.133839077995669
SHAHJABANK,Shahjalal Islami Bank PLC,17.5,-0.5681818181818262,1.1560693641618456,0.5747126436781691,1.7441860465116321,-3.8461538461538423,6.707317073170741,-3.3149171270718307,-16.935484166478368,120.4198392602051,7.571090431233522,1.8612867608918784,1.4039433959004646
SHARPIND,Sharp Industries PLC,19.6,-4.390243902439018,11.363636363636363,-37.77777777777777,4.255319148936174,13.294797687861275,51.93798449612404,13.294797687861275,20.245398773006137,20.245398773006137,20.245398773006137,6.915013986799594,9.893288012875534
SHASHADNIM,Shasha Denims PLC,27.2,-1.0909090909090935,-0.3663003663003715,-5.555555555555561,16.239316239316242,40.93264248704662,71.06918238993711,34.65346534653465,-13.650793650793652,-1.9815861288777485,-18.511983472523788,4.0556289508078995,4.571893002601051
SHEPHERD,Shepherd Industries PLC,13.1,-1.5037593984962485,1.5503875968992193,-18.633540372670815,-19.631901840490805,-5.7553956834532425,-2.238805970149259,-25.98870056497175,-33.52722798191738,-63.89494466518272,-63.89494466518272,4.800314309346565,5.1563381043712875
SHURWID,Shurwid Industries Ltd,5.8,-3.333333333333336,-1.6949152542372972,-7.936507936507937,-9.375000000000009,-17.142857142857146,26.086956521739136,0.0,-74.3362831858407,-35.5555556271605,-80.69210533919544,3.8235565535697793,4.085036830850347
SHYAMPSUG,Shyampur Sugar Mills Ltd.,292.3,0.793103448275866,-0.20484807101398633,1.1418685121107306,76.40313820156912,76.40313820156912,92.30263157894738,43.0739109153206,154.17391304347825,1875.0,3553.75,3.1198916632158338,4.376999140446766
SICL,"Sikder Insurance Co., Ltd.",37.0,1.9283746556473909,8.187134502923968,-1.3333333333333333,-4.639175257731952,87.81725888324874,100.0,57.4468085106383,37.03703703703704,37.03703703703704,37.03703703703704,4.829940637267729,5.783957710477381
SILCOPHL,Silco Pharmaceuticals Ltd.,17.5,-1.68539325842697,6.0606060606060606,-6.91489361702128,-13.366336633663364,25.0,27.73722627737227,8.024691358024695,-44.267515923566876,-28.171641868769495,-28.171641868769495,5.625421868028979,5.391316523661033
SILVAPHL,Silva Pharmaceuticals Ltd.,13.4,2.290076335877868,6.349206349206355,-11.25827814569536,2.290076335877868,38.14432989690723,39.58333333333334,9.836065573770501,-37.674418604651166,-62.97368411796053,-62.97368411796053,4.173657446095896,5.602182405597998
SIMTEX,Simtex Industries PLC,24.0,-1.6393442622950762,0.41841004184101016,-8.045977011494259,-9.774436090225567,0.8403361344537785,6.666666666666667,24.352331606217614,7.1428571428571495,36.619999367825095,-10.91627437911911,2.5351773357942475,3.8389719057013822
SINGERBD,Singer Bangladesh Limited,77.7,2.9139072847682157,8.066759388038939,3.6000000000000036,-2.9962546816479296,-11.604095563139934,-8.588235294117645,-28.387096774193544,-59.740932642487046,-49.495000050505,-23.430867270014126,2.818665606647258,2.261232255772547
SINOBANGLA,Sinobangla Industries Ltd.,49.3,-1.7928286852589754,-0.4040404040404098,-9.375000000000002,-15.000000000000004,4.2283298097251585,7.641921397379913,-8.70370370370371,6.420438915394104,108.0035851548567,171.04467451954045,3.432794458652359,3.210026784607891
SIPLC,Sena Insurance PLC,138.8,0.3615328994938539,-1.5602836879432544,-5.770536320434487,40.06054490413725,132.88590604026848,160.41275797373362,185.01026694045174,190.37656903765696,190.37656903765696,190.37656903765696,6.37120487782608,7.0575010626086945
SKTRIMS,SK Trims & Industries Ltd.,12.0,-1.6393442622950762,0.0,-16.083916083916087,-13.669064748201441,29.03225806451612,46.341463414634156,25.000000000000004,-71.42857142857143,-67.73333339872711,-67.73333339872711,7.468902321843503,6.496126309008678
SONALIANSH,Sonali Aansh Industries Limited.,212.5,0.2358490566037736,6.303151575787892,0.047080979284366435,16.120218579234972,31.987577639751553,10.446985446985444,-4.921700223713646,233.85703063629222,911.9047619047619,1474.0740740740741,3.1035962555135033,3.585537613412976
SONALILIFE,Sonali Life Insurance PLC,82.9,1.468788249694006,1.2210012210012209,-2.0094562647754004,4.9367088607595,40.5084745762712,36.124794745484415,16.432584269662925,12.330623306233075,653.6363636363637,653.6363636363637,2.548446717506061,2.762034411411264
SONALIPAPR,Sonali Paper & Board Mills Ltd.,221.7,-0.5829596412556105,3.2122905027932855,-5.659574468085111,-2.763157894736847,-5.2159042325780325,-6.25792811839324,-17.276119402985078,-9.283898986211804,46.891007218304985,46.891007218304985,3.3693107170142236,2.996934392681927
SONARBAINS,Sonar Bangla Insurance Ltd.,37.8,3.2786885245901525,6.779661016949149,-2.577319587628866,-8.915662650602416,52.65384653548076,56.87747071537126,35.92465787405821,-51.98790298787554,317.5915131087113,81.59877006131642,3.9793628867223036,4.816593112917481
SONARGAON,Sonargaon Textiles Limited.,100.8,-2.8901734104046244,16.129032258064516,-12.727272727272728,33.33333333333334,165.96306068601584,224.1157556270096,186.36363636363632,293.74999999999994,1114.4578313253012,440.00000135,7.55288427747996,7.348732508363515
SOUTHEASTB,Southeast Bank PLC,12.0,0.0,-6.976744186046513,3.448275862068969,21.212121212121207,33.74999995263022,41.09890105238499,39.56521724718808,-12.992446880839289,14.89253881591287,0.8402978320885585,2.4594140838288303,3.1170590836715624
SPCERAMICS,Shinepukur Ceramics PLC,21.3,0.0,5.445544554455453,-2.739726027397251,-10.126582278481006,-4.910714285714277,45.89041095890412,2.4038461538461537,-40.833333333333336,139.3258426966292,-6.14942556063769,4.212873054712144,4.967817320388335
SPCL,Shahjibazar Power Co Ltd,50.1,-0.3976143141152997,4.375000000000003,-7.734806629834246,-4.5714285714285685,4.592901878914411,5.473684210526319,2.6639344262295173,-53.0594593843546,-61.456922189722505,92.93893819767803,2.9722235158991523,3.2733423738868845
SQUARETEXT,Square Textiles PLC,48.7,-0.40899795501021624,-1.0162601626016259,-4.8828125,-0.40899795501021624,-0.40899795501021624,0.4123711340206244,-12.880143112701244,-6.704980842911877,-18.027862182868464,-36.181711494937566,2.1542855305741884,2.9012508566522826
SQURPHARMA,Square Pharmaceuticals PLC,215.8,0.0,1.4574518100611298,-1.461187214611867,-2.0426690876078073,0.8411214953271081,8.442211055276388,-1.9090909090909038,-10.826446280991732,13.365693997951494,106.16099970949233,0.9267426778923413,0.7958471769709435
SSSTEEL,S.S. Steel Ltd,6.0,-3.2258064516129057,-1.6393442622950762,-13.043478260869568,-4.761904761904759,0.0,46.341463414634156,11.111111111111104,-74.080000114048,-83.90368018884048,-83.90368018884048,4.723163841807908,5.044368838080165
STANCERAM,Standard Ceramic Industries Ltd.,66.6,2.1472392638036677,5.546751188589529,-8.390646492434675,-4.584527220630377,-4.857142857142866,-4.992867332382311,-23.44827586206897,-71.05606258148632,29.069767441860453,171.8367346938775,6.349467655159076,5.899704489201182
STANDARINS,Standard Insurance PLC,53.5,3.6821705426356557,9.406952965235176,5.108055009823185,9.183673469387756,44.5945945945946,36.82864450127877,39.68668407310706,-47.49754661432778,475.9511006448679,104.97399984311254,3.8680457344833354,4.2096252805437535
STANDBANKL,Standard Islami Bank PLC,4.5,-2.173913043478253,2.2727272727272645,-8.163265306122456,-4.255319148936174,-19.64285714285714,-6.2499999999999964,-22.41379310344827,-52.721875536813556,-25.260204232205375,-50.324865773978885,3.5959595959595916,3.9762967501379483
STYLECRAFT,Stylecraft Limited,53.5,0.18726591760299893,6.150793650793653,-7.917383820998281,2.8846153846153846,1.1342155009451822,13.347457627118638,-30.69948186528498,-69.80812641083521,2.707794475209813,117.83991888442745,4.941087298663456,4.994407858064225
SUMITPOWER,Summit Power Ltd.,15.5,-0.6410256410256387,1.9736842105263206,-7.738095238095241,1.9736842105263206,10.714285714285714,24.999999999999996,-0.6410256410256387,-67.36842105263158,-51.71339563862929,-66.23972607480039,3.2905845228339263,3.419348730221677
SUNLIFEINS,Sunlife Insurance Co. Ltd.,50.3,-2.3300970873786464,6.794055201698504,-16.4451827242525,-19.520000000000003,-3.454894433781198,-4.554079696394697,-12.673611111111118,26.381909547738694,193.177141918976,-45.615640382715796,5.512515300474595,5.663092767523221
TAKAFULINS,Takaful Islami Insurance PLC,54.4,-0.9107468123861567,-3.2028469750889754,3.6190476190476164,47.02702702702702,73.2484076433121,59.99999999999999,47.42547425474255,-11.974110032362459,361.72684674482764,77.17304616254042,3.8595513205683942,5.145358747983902
TALLUSPIN,Tallu Spinning Mills Limited,7.1,0.0,1.4285714285714235,-14.457831325301218,-12.345679012345679,-14.457831325301218,12.698412698412696,2.8985507246376705,-47.01492537313433,-50.0,-69.1304348094518,4.298136645962731,4.587233516899483
TAMIJTEX,Tamijuddin Textile Mills PLC,114.4,-2.6382978723404205,2.6929982046678633,-13.595166163141993,-8.479999999999997,0.527240773286475,-9.206349206349202,-12.61111119849999,-26.2800235080684,767.8620677684661,767.8620677684661,3.871803083768582,4.074199330069721
TECHNODRUG,Techno Drugs Ltd.,40.1,-2.4330900243309,1.0075566750629685,-10.690423162583514,-3.373493975903611,33.66666666666667,37.32876712328768,-3.140096618357481,51.893939393939405,51.893939393939405,51.893939393939405,3.9529883315305936,4.351892192495423
TILIL,Trust Islami Life Insurance Ltd.,43.7,-0.6818181818181753,0.9237875288683735,-8.385744234800837,-15.79961464354527,4.796163069544364,-1.5765765765765671,-38.70967741935483,297.2727272727273,297.2727272727273,297.2727272727273,2.809114395555616,3.8510067977167415
TITASGAS,Titas Gas Transmission and Distribution PLC,17.5,0.5747126436781691,4.790419161676652,-6.91489361702128,1.1560693641618456,1.7441860465116321,12.179487179487182,-19.354838709677416,-59.30232558139535,-63.1578947368421,-72.5705329153605,3.447546684686765,2.9930434660034733
TOSRIFA,Tosrifa Industries PLC,18.7,-0.5319148936170288,2.185792349726768,-11.3744075829384,-6.500000000000003,13.33333333333333,9.999999999999996,-11.3744075829384,-6.041667023616213,2.161801855692753,-56.93062759528668,3.9663020794784924,4.94943363304926
TRUSTB1MF,Trust Bank 1st Mutual Fund Units,3.8,2.7027027027026933,2.702702702702693,2.702702702702693,18.74999999999999,15.151515151515152,58.333333333333336,15.151515151515152,-43.28358208955225,-1.8608700200709316,-41.82580046722609,5.62076362076362,5.650913265574921
TRUSTBANK,Trust Bank PLC,13.8,-0.7194244604316521,-3.4965034965034962,-9.80392156862745,-12.101910828025469,-19.0502791034924,-16.724137722844816,-21.249999803124997,-36.701221505013066,29.548630791133586,45.38735818277063,1.5994922246905738,1.9089320741297122
TUNGHAI,Tung Hai Knitting & Dyeing Ltd,4.1,0.0,0.0,-22.641509433962266,36.66666666666666,7.894736842105259,156.24999999999994,86.36363636363633,-41.42857142857144,-59.73214288950096,-83.46333336684765,5.414634146341475,8.887686816390463
UCB,United Commercial Bank PLC,9.0,-3.2258064516129106,-2.173913043478253,-4.255319148936174,0.0,-8.163265306122456,-14.285714285714286,-20.353982300884958,-33.84999972349299,-27.26998257410602,-29.027882142496143,2.8337299273523824,3.3656226171549197
UNILEVERCL,Unilever Consumer Care Limited,1987.1,0.816844241501771,-0.14572864321608497,-2.0698831994480313,-3.082475735258268,-8.973889143380672,-8.004629629629633,-18.594838181073335,9.125107259310104,103.1410133537793,494.2728971962617,0.906614269400198,1.1037213541382198
UNIONCAP,Union Capital Limited,4.3,-4.444444444444448,0.0,-8.510638297872347,-10.416666666666668,-25.862068965517242,53.57142857142858,-2.2727272727272845,-70.1388888888889,-56.54312483432066,-77.26722578516957,4.695962951776905,4.8619255276013424
UNIONINS,Union Insurance PLC,47.8,-0.41666666666667257,1.702127659574462,-5.905511811023622,24.15584415584415,50.31446540880501,29.89130434782609,42.261904761904745,334.5454545454545,334.5454545454545,334.5454545454545,4.57506659345818,4.69012141558768
UNIQUEHRL,Unique Hotel & Resorts PLC,40.1,-0.9876543209876508,2.557544757033248,-9.276018099547514,-0.9876543209876508,2.8205128205128243,4.699738903394267,-6.526806526806521,-22.736030828516373,-12.445414847161564,-68.35043409629044,2.390396375858564,2.818767510139266
UNITEDFIN,United Finance PLC,16.5,-1.7857142857142898,0.6097560975609844,-11.290322580645167,12.244897959183678,28.906249999999993,42.24137931034483,18.705035971223015,-36.04651162790698,-6.711537987202512,-29.223753807416742,3.5933149811024014,4.493496478687452
UNITEDINS,United Insurance Company Limited,62.5,3.135313531353133,3.6484245439469367,-1.2638230647709277,48.80952380952381,53.562653562653544,49.521531100478484,48.80952380952381,-13.793103448275861,187.90761011071808,63.70675879991552,3.89477390599518,4.526250920134001
UPGDCL,United Power Generation & Distribution Co. Ltd.,115.3,0.26086956521738885,3.873873873873871,-6.9410815173527105,-5.4918032786885265,-2.7824620573355796,-0.6890611541774309,-19.930555555555557,-61.69435215946844,25.36226016856172,106.7070163196654,1.9790461057268367,2.4315213427570828
USMANIAGL,Usmania Glass Sheet Factory Limited,57.2,1.2389380530973502,4.379562043795631,-12.671755725190836,46.66666666666667,58.8888888888889,68.23529411764707,50.923482849604234,-21.536351165980797,-27.767362643176064,17.952844610519417,6.806057174168153,6.687751514398173
UTTARABANK,Uttara Bank PLC,20.7,-0.9569377990430589,0.0,-1.8957345971564081,-1.8957345971564081,1.4705882352941213,12.991266375545845,20.911214953271017,51.13181344707152,121.91247766735,59.73014205185038,0.870503259697011,0.9918446208238564
UTTARAFIN,Uttara Finance and Investments Limited,12.0,-6.976744186046514,-1.6393442622950762,-10.447761194029853,-7.6923076923076925,-12.408759124087588,21.212121212121207,-12.408759124087588,-76.47058823529412,-77.8947367868421,-83.03549569062905,6.4997907208860575,4.098246362700095
VAMLRBBF,Vanguard AML Rupali Bank Balanced Fund Units,8.0,0.0,0.0,-1.2345679012345636,17.647058823529413,31.147540983606564,40.35087719298245,40.35087719298245,-12.087912087912086,-27.272727272727273,-27.272727272727273,1.5126582278480956,1.84470374149939
VFSTDL,VFS Thread Dyeing Ltd.,13.8,0.7299270072992805,2.2222222222222276,-9.80392156862745,-13.207547169811319,26.605504587155966,7.8125,68.29268292682929,-45.52631565328947,-41.74552599085981,-41.74552599085981,3.8440723815035134,6.119892116112714
WALTONHIL,Walton Hi-Tech Industries PLC,347.4,-3.1576280756211528,-1.7887433515959068,-1.5103093768402056,0.8817316831152585,-1.1280725452983098,0.5631577941736762,-11.541666842969038,-66.06490682489121,11.204761682234693,1.095237994142851,2.870812898970855,1.9888884666861064
WATACHEM,Wata Chemicals Ltd.,129.9,-2.036199095022616,0.5417956656346882,-9.477351916376303,-0.9908536585365725,-1.962264150943392,-8.521126760563376,-8.132956152758133,-60.09216589861751,28.190789667657125,515.6718752597366,3.1237218920469485,3.9804171272315614
WMSHIPYARD,Western Marine Shipyard Limited,8.8,0.0,2.32558139534885,-11.111111111111107,-2.2222222222222143,1.1494252873563382,7.317073170731725,-3.296703296703285,-40.93959731543624,-34.7427949330788,-74.4409280486246,2.320361023318718,3.4209156194623533
YPL,Yeakin Polymer Ltd.,20.4,3.030303030303019,7.368421052631572,-9.33333333333334,-16.734693877551024,24.390243902439025,15.25423728813559,9.677419354838694,40.68965517241379,-18.58689134605163,-18.58689134605163,6.326278935362793,6.478619850540072
ZAHEENSPIN,Zaheen Spinning PLC,5.3,1.9230769230769162,3.9215686274509842,-10.169491525423737,-8.620689655172415,-14.51612903225807,32.49999999999999,-23.188405797101456,-49.523809523809526,-56.54490746790253,-62.759855030130275,4.793418906023945,5.693734667900601
ZAHINTEX,Zahintex Industries Ltd.,7.8,-1.2658227848101333,-1.2658227848101333,-15.21739130434782,-9.302325581395348,5.405405405405397,34.48275862068966,27.8688524590164,-20.40816326530613,-51.22947394870079,-67.11922601905657,4.722233041220376,6.346861591552278
ZEALBANGLA,Zeal Bangla Sugar Milla Limited,170.0,-1.3348810214741795,2.719033232628399,-9.23651895355046,40.37985136251033,25.461254612546124,18.88111888111888,54.54545454545455,10.461338531513967,844.4444444444445,1854.0229885057474,6.036951326143374,7.126801837406988
