Symbol,Name,Price,Change %,Perf % 1W,Perf % 1M,Perf % 3M,Perf % 6M,Perf % YTD,Perf % 1Y,Perf % 5Y,Perf % 10Y,Perf % All Time,Volatility 1W,Volatility 1M
1JANATAMF,First Janata Bank Mutual Fund Units,3.4,0.0,0.0,-10.526315789473683,13.33333333333333,17.24137931034483,30.769230769230763,6.249999999999991,-64.94845360824742,-9.900000342379995,-37.46298601980823,4.67226890756303,5.461747059270285
1STPRIMFMF,Prime Finance First Mutual Fund 2009 Units,23.5,2.620087336244548,7.798165137614676,-5.622489959839352,12.980769230769228,29.120879120879128,17.5,-2.0833333333333335,15.196078431372555,193.75,-23.20261437908497,5.441486889838544,5.148469142931921
AAMRANET,aamra networks ltd,18.1,4.022988505747143,4.0229885057471435,-12.135922330097086,-1.6304347826086802,1.1173184357542059,1.6853932584269702,-15.813953488372087,-58.35818021347466,-69.95627435173226,-69.95627435173226,4.2500814349764715,5.509488956744018
AAMRATECH,Aamra Technologies Limited,16.3,1.242236024844716,-6.857142857142853,-27.232142857142847,10.884353741496609,5.844155844155845,32.52032520325203,12.41379310344828,-45.14920656686822,-23.127542483727524,-44.56641678648173,6.390569758558819,7.237526999262885
ABB1STMF,AB Bank 1st Mutual Fund 2011 Units,3.5,0.0,-2.7777777777777803,-12.5,6.060606060606066,20.689655172413797,29.629629629629623,6.060606060606066,-50.70422535211267,-13.375000420131252,-47.791643346063886,3.3809523809523827,5.05361047532653
ABBANK,AB Bank PLC,4.4,0.0,-2.2222222222222143,-10.204081632653061,-11.999999999999993,-33.33333333333333,7.317073170731725,-24.13793103448275,-69.9412837956363,-68.99206103104325,-80.88092226544605,2.7484143763213473,3.44326338585226
ACFL,Aman Cotton Fibrous PLC,22.4,3.2258064516129004,-0.44444444444445075,-6.666666666666672,-7.053941908713704,21.73913043478261,24.44444444444444,17.27748691099475,-48.50574712643678,-62.666666666666664,-62.666666666666664,6.810730871004555,5.687437430175125
ACI,Advanced Chemical Industries PLC,180.2,1.235955056179769,-4.656084656084662,-9.173387096774203,-5.357142857142866,-13.7799043062201,-7.589743589743596,-0.44198895027624935,-29.353409127436596,-28.599721545919344,189.35796600637,2.915321092346416,2.1206219642380324
ACIFORMULA,ACI Formulations PLC,152.0,1.5364061456245903,-0.6535947712418301,-13.192461450599655,6.293706293706293,9.352517985611511,17.829457364341085,3.8251366120218537,-11.33333311166667,-4.8300534263587265,120.44198950138122,3.6421787225694686,3.7618448381234
ACMELAB,ACME Laboratories Ltd.,77.6,2.1052631578947296,-1.7721518987341844,-7.06586826347306,-2.512562814070352,-0.8939974457215873,8.835904628330994,-3.000000000000007,-19.16666666666667,-28.148148148148152,-42.518518518518526,1.4128618218421156,1.6819342557326038
ACMEPL,ACME Pesticides Ltd,24.6,0.40816326530612823,-2.3809523809523725,-4.280155642023338,2.5000000000000058,44.70588235294118,54.716981132075475,31.550802139037447,123.63636363636365,123.63636363636365,123.63636363636365,3.75893685430669,4.879579231802644
ACTIVEFINE,Active Fine Chemicals Ltd.,5.7,1.7857142857142954,-4.999999999999997,-16.17647058823529,-19.71830985915492,-19.71830985915492,5.555555555555552,-36.666666666666664,-76.15062761506276,-76.84374992908398,-80.66956508157399,3.195488721804513,4.363116847193601
ADNTEL,ADN Telecom Ltd.,56.9,2.52252252252252,-6.414473684210525,-14.947683109118096,-15.327380952380958,-3.722504230118448,-1.7271157167530224,-28.15656565656566,-23.315363881401623,40.49382716049382,40.49382716049382,3.7109419872593032,3.2208747381720815
ADVENT,Advent Pharma Ltd.,13.5,3.0534351145038197,-4.929577464788728,-17.17791411042945,-11.184210526315786,0.0,0.7462686567164153,-13.46153846153846,-47.64258572293571,-63.3442602319625,-63.3442602319625,5.544681084058727,4.280599364048706
AFCAGRO,AFC Agro Biotech Ltd.,6.4,8.47457627118644,-4.477611940298504,-9.859154929577455,-17.948717948717942,-8.571428571428566,28.000000000000007,-20.987654320987648,-80.95238095238096,-80.34023601029986,-72.06879997130628,5.259955349006738,4.05075728230279
AFTABAUTO,Aftab Automobiles Ltd.,26.0,3.5856573705179224,-6.810035842293902,-14.191419141914192,-18.49529780564263,-12.457912457912457,-23.976608187134506,-24.418604651162788,-22.52702665086433,-43.57283436930947,-61.77999968854521,3.710748544003665,3.080663522094073
AGNISYSL,Agni Systems PLC,28.3,3.284671532846723,-9.872611464968147,-12.923076923076922,-3.41296928327645,35.40669856459331,36.05769230769231,3.663003663003663,20.425531914893618,78.04775952975798,52.698586818823806,5.406077832811323,4.396065657965146
AGRANINS,Agrani Insurance PLC,28.1,8.076923076923084,-3.103448275862064,-13.538461538461535,1.4440433212996466,34.44976076555025,18.067226890756306,4.46096654275094,-40.83778961033121,207.86668108812077,70.31979369324621,4.952799701519218,4.775581514723966
AIBL1STIMF,AIBL 1st ISLAMIC Mutual Fund 2010- Units,5.9,0.0,0.0,-6.34920634920634,40.47619047619048,55.26315789473686,73.5294117647059,31.111111111111118,-34.444444444444436,-19.178082191780813,-23.37662337662337,5.483363581367216,7.542517348488484
AIL,Alif Industries Ltd.,31.7,7.094594594594588,-5.934718100890217,-17.232375979112266,-7.309941520467846,3.9344262295081944,-22.11302211302212,-41.40480591497227,-39.67128033944157,-71.29930777385299,-71.29930777385299,5.7982936291804545,5.504837455660853
AL-HAJTEX,Alhaj Textile Mills Limited,70.6,9.968847352024907,-10.063694267515931,-27.885597548518906,-35.22935779816514,-43.52000000000001,-48.542274052478135,-59.70319634703197,10.312499999999991,-11.35037763057801,204.91286013059778,7.1887638378046805,5.291328147992479
ALARABANK,Al-Arafah Islami Bank PLC,15.1,-3.821656050955412,-9.580838323353293,-7.361963190184055,4.861111111111106,-12.716763005780352,0.6666666666666643,-12.209302325581394,-38.37490572192106,24.929472245414026,-15.611911639772153,8.004416129562694,6.363752881683182
ALIF,Alif Manufacturing Company Ltd.,5.4,3.8461538461538494,-1.8181818181818117,-3.571428571428559,-1.8181818181818117,-5.263157894736839,35.00000000000001,-5.263157894736839,-68.23529411764706,-38.88614830988658,-68.02284133654422,3.8400194781992827,4.519250561097326
ALLTEX,Alltex Industries Limited,24.0,3.004291845493559,-1.2345679012345707,-3.6144578313252955,44.578313253012034,64.38356164383562,79.1044776119403,72.66187050359711,25.000000000000004,21.212121212121207,214.07407300389573,3.600881463753008,4.222871908897428
AMANFEED,Aman Feed PLC,31.0,2.6490066225165587,-5.198776758409794,-19.48051948051948,-10.919540229885051,33.04721030042918,34.78260869565217,16.9811320754717,-55.587392550143264,-45.70921090804433,-7.557322674666386,4.408631729180721,5.265834461632311
AMBEEPHA,Ambee Pharmaceuticals PLC,744.1,1.6668943844787603,-1.0899906952013734,-7.908415841584156,-2.3618947644666055,-4.565858663588562,3.3472222222222254,-10.360197566558245,22.56629879756218,52.01225740551584,298.0918428742322,5.170257045095839,3.2569310690060282
AMCLPRAN,Agricultural Marketing Co. Ltd.,208.9,0.577756379393364,-3.865623561895999,-13.855670103092782,-4.30600091617041,-0.04784688995215039,3.2624814631735015,-10.111876075731498,-31.508196721311474,-2.8823802882380236,69.83739837398375,2.3359379556438498,2.3484462239155253
ANLIMAYARN,Anlima Yarn Dyeing Ltd.,27.8,4.5112781954887184,-6.7114093959731544,-20.57142857142857,-18.235294117647054,39.69849246231157,33.65384615384615,18.297872340425535,-39.56521739130435,-7.333333333333331,39.00000000000001,9.953471103918906,7.818910042080355
ANWARGALV,Anwar Galvanizing Ltd.,113.3,-0.08818342151676237,5.887850467289717,-3.162393162393165,-4.549283909014327,19.894179894179892,30.831408775981533,43.964421855146114,-54.170786883487644,224.0037117499177,1302.0874914647925,3.3688264384733344,3.834196267024918
AOL,Associated Oxygen Ltd,15.6,3.3112582781456954,-2.500000000000002,-19.587628865979376,-11.864406779661016,-3.105590062111812,2.6315789473684235,-9.302325581395348,-71.61224491963623,20.18239934832295,20.18239934832295,3.560963379215775,3.9889676177519333
APEXFOODS,Apex Foods Limited,256.4,5.0389184760344055,-2.025219717233478,-15.934426229508203,-6.0461707585196045,7.73109243697478,4.312449145646854,4.824202780049053,40.109289617486326,46.59805603201828,258.1005586592179,4.416948486722594,3.635786570895753
APEXFOOT,Apex Footwear Ltd.,209.9,2.3902439024390274,1.4499758337361044,-3.67140890316659,3.144963144963148,12.245989304812836,17.066369213608475,13.729952319029044,18.74422962196937,11.453550478255647,57.50952794888916,1.7550966244328563,1.8864802460583932
APEXSPINN,Apex Spinning and Knitting Mills Ltd.,281.7,3.1490296594653846,-0.8796622097114708,-21.114533744049293,-20.647887323943664,48.263157894736835,56.49999999999999,93.20987654320986,88.42809364548494,169.82758620689654,302.42857142857144,5.503868740080519,5.909037744723324
APEXTANRY,Apex Tannery Limited.,92.0,6.113033448673583,-7.7231695085255785,-19.439579684763576,-11.538461538461538,41.53846153846154,54.36241610738255,19.79166666666667,-29.176289453425714,-37.414965986394556,25.85499316005473,6.979087644248189,5.029782720973698
APOLOISPAT,Appollo Ispat Complex Ltd.,3.0,3.448275862068969,0.0,-11.76470588235294,-11.76470588235294,-26.829268292682922,76.47058823529412,0.0,-75.0,-76.18535044626955,-87.6836235580221,4.926108374384239,5.363136342100023
ARAMIT,Aramit Limited,176.8,5.1754907792980465,-11.599999999999996,-14.42400774443368,-7.868681605002603,4.000000000000007,-2.696752889378083,-21.596452328159643,-57.38732224632441,-57.397590361445786,-16.603773584905657,6.410129677328215,6.342460887708284
ARAMITCEM,Aramit Cement Limited,11.5,2.678571428571435,-0.8620689655172383,-8.730158730158728,-9.448818897637791,-9.448818897637791,30.681818181818173,-12.213740458015266,-80.27444253859349,-67.96657381615599,-68.17943540008537,7.8408943703061365,8.39724403678028
ARGONDENIM,Argon Denims Ltd.,21.1,2.4271844660194173,-7.45614035087719,-11.715481171548106,7.106598984771585,24.85207100591718,19.886363636363633,12.834224598930493,-11.643750166772412,22.994732499345037,-45.27680496031207,4.620589371950961,5.04636220910246
ASIAINS,Asia Insurance PLC,40.2,4.687500000000011,-5.411764705882346,-13.548387096774189,-7.15935334872978,5.511811023622051,46.18181818181819,48.339483394833955,-56.0655737704918,214.0625,21.642651582532455,5.292595925574676,5.213439122266548
ASIAPACINS,Asia Pacific General Insurance PLC,47.4,3.719912472647693,-4.819277108433733,-12.222222222222225,1.2820512820512853,28.45528455284553,49.99999999999999,38.192419825072896,-30.49853372434018,231.46853146853144,39.823008849557525,3.241651851670868,4.844081512369493
ASIATICLAB,Asiatic Laboratories Ltd,108.3,2.9467680608364963,2.751423149905115,-7.75127768313459,-11.229508196721314,55.380200860832126,124.6887966804979,80.5,89.00523560209425,89.00523560209425,89.00523560209425,6.6237243053066335,5.902166981373919
ATLASBANG,Atlas Bangladesh Limited,81.2,-0.8547008547008581,-5.471478463329456,-11.06243154435925,18.887262079062964,23.780487804878064,43.20987654320987,32.89689034369886,-36.512900703674745,-17.534292522024852,-27.811030570579256,3.814671428365232,4.813310231670389
AZIZPIPES,Aziz Pipes Limited.,73.0,0.0,-5.562742561448897,-8.75,-9.203980099502495,40.65510597302505,55.982905982906,34.93530499075785,-52.193844138834315,56.49375117653959,369.4812534289737,7.3105181073200045,4.9531045131658855
BANGAS,Bangas Limited,116.2,2.1089630931458747,-6.591639871382638,-18.16901408450704,-14.053254437869814,-2.9239766081871346,-10.88957055214724,-11.969696969696969,-23.803278688524586,-27.674484572133395,-17.124692122269796,4.7954380042166465,3.222540014423286
BANKASIA,Bank Asia PLC,16.9,1.1976047904191574,-0.5882352941176554,-5.5865921787709505,-8.648648648648656,-16.652273073165798,-0.34510913272554017,-1.943850657244646,-1.126716180737873,45.02776321392958,45.383491951382766,1.2034024581099025,1.8965655174278075
BARKAPOWER,Baraka Power Ltd.,9.9,1.0204081632653024,-4.8076923076923075,-13.157894736842104,16.47058823529412,16.47058823529412,45.58823529411766,-13.157894736842104,-66.3265306122449,-55.238115706268836,-56.36983147256415,4.279912527335206,6.264243506404843
BATASHOE,Bata Shoe Co. (Bangladesh) Ltd.,880.0,0.0,-2.869757174392936,-3.877662479519388,2.5521500990560515,6.408706166868198,9.4391244870041,0.19355573266538148,0.34207525655644244,-25.738396624472575,70.87378640776699,1.9200898728644464,1.8094348887633576
BATBC,British American Tobacco Bangladesh Co Ltd,231.0,2.712316585148953,-1.239846088071828,-8.114558472553702,8.705882352941176,1.3157894736842106,-6.854838709677419,-19.060967063770143,-64.59770114942529,-16.16597275669069,148.09069708295846,2.1211348235421017,2.159168222349007
BAYLEASING,Bay Leasing and Investment Ltd.,4.5,-2.173913043478253,-6.2499999999999964,-13.461538461538463,-6.2499999999999964,-28.57142857142857,36.36363636363637,0.0,-86.42241375915948,-68.80195549010209,-82.85022455933111,4.464646464646464,4.637916839086906
BBS,Bangladesh Building Systems PLC,11.5,2.678571428571435,-10.852713178294575,-24.342105263157894,-23.333333333333332,2.678571428571435,25.000000000000007,-7.258064516129035,-45.75471698113207,-53.47629612007889,-46.96297736061006,4.853175712536317,4.830608809543108
BBSCABLES,BBS Cables PLC,16.1,4.545454545454552,-10.555555555555548,-27.477477477477468,-34.28571428571428,-7.999999999999992,5.921052631578962,-24.766355140186906,-74.64249987137408,-44.305110359665974,-44.305110359665974,5.760944858857564,4.913756400713145
BDAUTOCA,Bangladesh Autocars Limited,173.5,4.770531400966187,-8.539799683711117,-25.21551724137931,-20.81241442263806,22.183098591549296,36.61417322834646,19.655172413793103,2.662721893491124,393.91083226081537,703.6515238686183,5.893351969932541,5.0811812157634995
BDCOM,BDCOM Online Ltd.,27.3,2.2471910112359605,-8.999999999999998,-16.257668711656443,-10.491803278688522,2.2471910112359605,5.000000000000002,-0.4687497511718696,13.151316338108682,49.12584404906813,127.02029986333055,5.4151321853401315,3.968778221339053
BDFINANCE,Bangladesh Finance PLC,11.6,2.6548672566371585,-9.375000000000009,-16.54676258992806,-15.942028985507253,-14.074074074074076,-10.769230769230772,7.407407407407397,-81.7295691633261,32.426979945915726,-28.60203895244282,4.28474706880896,3.8505543544674494
BDLAMPS,Bangladesh Lamps PLC,220.5,1.7066420664206587,-6.1302681992337185,-1.869158878504668,25.070901871809408,61.89427312775332,63.940520446096656,37.041640770665005,-9.638069775902153,22.246113891840427,96.61249984271,2.8293682298719927,3.9811718309259128
BDTHAI,Bangladesh Thai Aluminium Ltd.,14.7,4.999999999999995,-11.976047904191617,-19.23076923076923,-30.000000000000007,30.088495575221227,31.250000000000004,9.701492537313424,-48.056537102473506,-24.71187800372942,-7.731209199482155,6.765392564398036,5.403258167791358
BDTHAIFOOD,BD Thai Food & Beverage Ltd.,23.3,1.7467248908297035,-8.267716535433062,-2.916666666666664,-24.595469255663424,42.073170731707336,61.80555555555556,49.358974358974365,92.56198347107438,92.56198347107438,92.56198347107438,5.030958423445775,4.3713469675152155
BDWELDING,Bangladesh Welding Electrodes Ltd.,12.2,6.086956521739125,-4.687500000000011,-11.594202898550733,-25.609756097560975,-24.691358024691358,-32.59668508287294,21.999999999999993,-47.863247863247864,16.245282962938592,-44.4716736796705,6.746051708502305,4.22577014580767
BEACHHATCH,Beach Hatchery Ltd,26.5,2.316602316602322,-7.9861111111111125,-18.711656441717793,-19.45288753799392,-14.79099678456592,-43.376068376068375,-50.0,0.37878787878788417,140.9090909090909,17.405063558644443,4.252895573026387,4.035035920507353
BEACONPHAR,Beacon Pharmaceuticals PLC,99.7,1.7346938775510232,-5.047619047619046,-7.685185185185183,-8.27966881324747,-2.254901960784311,-4.775549188156638,-24.009146341463406,-55.66918630502445,447.80219780219784,547.4025974025974,3.886449165703465,2.647537308175715
BENGALWTL,Bengal Windsor Thermoplastics PLC,20.7,2.9850746268656607,-7.589285714285713,-18.823529411764707,-18.181818181818187,14.999999999999996,18.965517241379317,2.4752475247524752,-25.539568345323744,-49.62389385323391,-58.185308931360474,4.813228115263795,4.938034815370752
BERGERPBL,Berger Paints Bangladesh Ltd.,1443.2,0.5083919493000874,-3.4648829431438095,-3.4648829431438095,0.5714285714285746,1.9569056870363861,4.503982621288924,-0.4689655172413762,-22.782236490101656,31.200000000000006,449.79047619047617,1.24469409226352,0.8765981793327158
BESTHLDNG,Best Holdings PLC,15.0,2.040816326530617,2.739726027397263,-0.6622516556291367,0.0,11.940298507462684,11.11111111111111,-18.91891891891892,-48.97959183673469,-48.97959183673469,-48.97959183673469,4.755809364655078,3.776002115928344
BEXIMCO,Bangladesh Export Import Company Ltd.,20.3,4.102564102564106,-6.4516129032258,-25.64102564102564,-61.553030303030305,-81.56221616712081,-81.56221616712081,-81.56221616712081,-83.24292448640921,3.0692441877996566,-48.88409701891149,5.193289369420116,5.387783754669316
BGIC,Bangladesh General Insurance Company PLC,40.5,4.113110539845763,-4.028436018957352,-8.371040723981906,0.0,22.727272727272727,31.067961165048548,19.46902654867257,-30.76923076923077,179.31034482758622,29.392971246006386,6.804040893673609,5.6424346710311015
BIFC,Bangladesh Industrial Finance Company Ltd.,3.8,2.7027027027026933,-9.523809523809533,-15.555555555555559,-13.636363636363647,-47.945205479452056,123.52941176470587,-2.5641025641025665,-53.086419753086425,-51.898734177215196,-81.3465658831439,6.874822190611662,6.983200637404753
BNICL,Bangladesh National Insurance Company Ltd,138.8,4.126031507876969,16.7367535744323,18.835616438356176,30.81998114985864,154.67889908256885,208.44444444444449,223.54312354312356,-2.2535211267605555,959.5419847328246,275.13513513513516,7.064213417406502,6.288405236525949
BPML,Bashundhara Paper Mill Ltd.,25.0,2.459016393442629,-2.7237354085603087,-13.194444444444446,-13.194444444444446,-13.194444444444446,-3.4749034749034697,-33.15508021390374,-53.78927911275416,-83.87096774193549,-83.87096774193549,3.335053972254956,3.2704187027059617
BPPL,Baraka Patenga Power Ltd.,18.9,4.419889502762415,-6.435643564356439,-12.500000000000012,-8.695652173913047,27.702702702702688,26.845637583892607,30.34482758620689,-59.52890792291221,-40.75235109717868,-40.75235109717868,4.317683511231895,3.6027515337860625
BRACBANK,BRAC Bank PLC,62.4,0.8077544426494345,-0.16000000000000228,-3.2558139534883743,-6.165413533834588,-5.2047330099159375,13.544330881923415,-0.8839542550781502,131.32220496032164,256.81515901572783,847.8798166045776,0.9713705777240306,1.2454445497729794
BSC,Bangladesh Shipping Corporation,109.9,2.8063610851262863,-2.570921985815595,-7.257383966244721,1.7592592592592646,-0.09090909090908574,-2.1371326803205624,-3.4270650263620315,116.76528599605523,188.12734175202064,120.06329071902888,2.571226585269471,2.536998535991618
BSCPLC,Bangladesh Submarine Cables PLC,144.8,1.68539325842697,-2.0297699594046006,-7.946598855689764,-1.5635622025832652,3.281027104136964,12.860483242400623,2.6950354609929157,-34.121929026387626,32.966023875114786,230.82019648160838,1.7066636570955447,2.3056333826941833
BSRMLTD,Bangladesh Steel Re-Rolling Mills Ltd.,96.5,2.6595744680851063,-0.5154639175257731,-3.5,5.46448087431694,17.682926829268293,26.47444298820446,11.303344867358705,-8.962264150943396,-36.124179559907084,114.0691660212838,2.2955589249768376,2.702477546472821
BSRMSTEEL,BSRM Steels Limited,85.5,4.395604395604388,-5.315614617940196,-9.23566878980892,9.475032010243286,22.142857142857142,34.645669291338585,29.545454545454547,20.422535211267604,-8.422590162679699,51.92692331194233,3.5183390315909406,2.8125337656221387
BXPHARMA,Beximco Pharmaceuticals Plc,149.7,1.4227642276422725,-0.46542553191490493,1.285520974289565,13.409090909090901,26.86440677966101,45.339805825242706,21.707317073170724,-35.6958762886598,103.04562248774783,240.61665236924665,1.9531940606492781,2.3693243065438385
CAPITECGBF,CAPITEC GRAMEEN BDT10 (MUTUAL FUND) Units,8.4,1.2048192771084292,2.4390243902439157,-19.23076923076923,10.526315789473694,27.272727272727284,23.52941176470589,7.6923076923077,-41.666666666666664,-41.666666666666664,-41.666666666666664,4.337567781385454,4.704238227046551
CAPMBDBLMF,CAPM BDBL Mutual Fund 01 Units,7.2,-8.860759493670887,-8.860759493670887,-33.333333333333336,-28.0,-33.333333333333336,-28.71287128712871,-44.18604651162791,-40.49586776859504,-33.333333333333336,-33.333333333333336,8.090607544610037,6.690843608005435
CAPMIBBLMF,CAPM IBBL Islamic Mutual Fund Units,12.9,1.574803149606308,2.3809523809523867,-4.444444444444442,35.789473684210535,67.53246753246754,72.0,40.21739130434784,-32.10526315789474,29.000000000000007,29.000000000000007,6.8516122181587775,6.4113422614263875
CENTRALINS,Central Insurance PLC,42.4,3.163017031630163,-2.0785219399538075,-10.736842105263161,-3.63636363636364,5.735660847880292,4.176904176904166,-1.8518518518518616,-27.27272727272727,226.31136468185784,61.04482472996245,3.662704368618046,4.357842435112044
CENTRALPHL,Central Pharmaceuticals Ltd.,9.3,4.494382022471914,-8.823529411764692,-18.421052631578945,0.0,4.494382022471914,5.681818181818182,-10.576923076923073,-49.45652173913042,-25.217405005050633,-72.82400506758317,5.443764568764571,4.742856514189963
CITYBANK,City Bank PLC,30.0,1.694915254237288,0.0,-4.153354632587861,-1.639344262295082,8.832807260272268,41.39344218544241,32.692307294230766,68.93472677671107,145.51207245956888,195.50616854647038,1.5246349599938198,1.3938104883829885
CITYGENINS,City Insurance PLC,128.3,0.46985121378230893,0.23437500000000888,3.7186742118027554,20.923656927426975,29.595959595959606,47.98154555940024,102.0472440944882,164.53608247422682,1112.835934827971,435.168174479848,0.9737758231021321,1.3246568881277438
CLICL,Chartered Life Insurance PLC,41.5,3.491271820448874,-5.681818181818182,-17.821782178217823,-26.936619718309856,-30.016863406408092,-25.62724014336917,-29.301533219761502,277.27272727272725,277.27272727272725,277.27272727272725,5.061524073655242,4.358552715940093
CNATEX,C & A Textiles Ltd,2.9,0.0,-6.451612903225812,-23.684210526315788,-12.12121212121212,-29.268292682926823,20.833333333333336,-6.451612903225812,-60.81081081081081,-60.12500003987499,-83.06729854199035,6.996715927750417,7.182468359039618
CONFIDCEM,Confidence Cement PLC,57.7,1.943462897526504,-7.679999999999995,-14.771048744460856,-10.819165378670787,-9.843749999999996,16.80161943319839,-7.085346215780996,-59.06418898520162,26.99478679049054,7.59966857206031,4.357889908039333,3.228382291545946
CONTININS,Continental Insurance PLC,32.3,3.5256410256410184,-7.714285714285722,-11.5068493150685,-3.0030030030030033,35.146443514644346,33.471074380165284,15.357142857142847,-38.89189174490212,155.1955408297352,40.676542219162656,4.777340402488356,4.833655612073177
COPPERTECH,Coppertech Industries Ltd,21.6,4.854368932038835,-9.243697478991594,-22.857142857142854,-21.73913043478261,13.684210526315795,14.285714285714302,-3.999999999999994,-46.6352939908274,-16.650999369798203,-16.650999369798203,4.968592212237908,4.635411451784524
CROWNCEMNT,Crown Cement PLC,60.0,3.2702237521514603,1.694915254237288,-11.764705882352942,6.951871657754008,22.199592668024433,28.20512820512821,7.526881720430113,-27.797833935018048,-23.857868020304565,-25.742574257425737,4.371091964439347,5.563312990336522
CRYSTALINS,Crystal Insurance Company Ltd,59.9,4.355400696864112,-2.1241830065359544,-14.42857142857143,-18.281036834924965,-21.49410222804718,4.173913043478258,2.393162393162391,5.762439707223363,339.2666662274,339.2666662274,4.198396082534855,4.522861598971579
CVOPRL,CVO Petrochemical Refinery PLC,149.5,4.399441340782132,-5.737704918032784,-18.395196506550214,-10.31793641271745,-3.734707018673542,1.3559322033898304,-7.142857142857143,-24.90867587417809,-29.432478205771275,24.80580305744039,3.939804540365733,3.084794682285528
DACCADYE,Dacca Dyeing and Manufacturing Company Limited,15.9,4.605263157894744,0.0,-7.558139534883715,-9.14285714285714,-8.092485549132949,-18.041237113402055,-27.727272727272727,-39.772727272727266,72.82608695652176,-43.39805831104408,5.731368458100947,4.486251001031492
DAFODILCOM,Daffodil Computers PLC.,166.3,2.3384615384615457,1.2172854534388313,-2.291421856639235,5.52030456852793,147.4702380952381,360.6648199445984,190.73426573426573,151.588502269289,632.5991189427314,959.2356687898091,3.0252537769685657,3.1015114007067357
DBH,DBH Finance PLC,39.8,1.272264631043257,-4.326923076923087,-10.15801354401806,-2.92682926829269,6.702412868632709,13.714285714285706,1.5306122448979447,-52.6766631619376,-42.342680485854984,16.05519174818986,3.2228498427035737,2.9776667624194317
DBH1STMF,DBH First Mutual Fund Units,5.3,0.0,0.0,-7.017543859649129,12.765957446808503,17.777777777777775,-18.461538461538463,-5.357142857142854,-36.14457831325302,-14.51612903225807,-28.378378378378386,6.840059722412662,5.507302618024621
DELTALIFE,Delta Life Insurance Company Ltd.,68.8,2.0771513353115596,-9.473684210526319,-14.534161490683232,-17.899761336515514,-3.0985915492957785,1.4749262536873158,-14.534161490683232,-57.0,-29.795918367346943,-97.95632233074309,3.527776328401314,3.043370067556664
DELTASPINN,Delta Spinners Limited,7.1,4.411764705882351,-2.739726027397263,-8.974358974358976,2.8985507246376705,14.516129032258055,41.99999999999999,24.561403508771917,-39.31623931623931,10.141025499819193,-54.68287246805014,4.9755424557882835,5.1324697836808975
DESCO,Dhaka Electric Supply Co. Ltd.,21.8,0.9259259259259226,-5.627705627705629,-15.175097276264587,-10.288065843621398,-3.5398230088495604,6.341463414634149,-9.543568464730292,-46.829268292682926,-59.62962962962964,-67.20630364294414,3.6934243362622516,4.267880361001761
DESHBANDHU,Deshbandhu Polymer Limited,17.0,6.9182389937106885,-8.602150537634415,-22.727272727272727,-22.018348623853214,3.6585365853658627,0.0,-31.726907630522085,-34.86590038314176,64.03508761857495,-21.488471182606357,6.560733125561752,4.719555577536674
DGIC,Desh General Insurance Company Ltd,29.9,2.3972602739726003,-1.967213114754103,-14.571428571428575,1.3559322033898258,47.290640394088655,51.77664974619289,29.999999999999996,-37.708333333333336,99.33333333333331,99.33333333333331,3.0593727344664385,4.590234260253815
DHAKABANK,Dhaka Bank PLC,11.7,0.0,-2.5000000000000058,-4.878048780487816,-2.5000000000000058,-10.000000000000004,3.539823008849545,2.6315789473684115,-7.613479650040123,11.688872557621016,-8.642969956017115,1.54438100376149,1.7219110409957141
DHAKAINS,Dhaka Insurance Limited,43.4,5.853658536585363,-3.7694013303769465,-11.967545638945232,-4.194260485651212,15.425531914893611,20.555555555555554,10.99744245524296,-47.073170731707314,166.25766871165644,-8.94509811205961,4.666868618926063,4.13455617163071
DOMINAGE,Dominage Steel Building Systems Ltd,62.9,0.8012820512820514,1.6155088852988693,-20.37974683544304,-21.375000000000004,61.282051282051285,117.64705882352942,227.60416666666669,63.88337507818515,375.5239991916092,375.5239991916092,3.9244119498006738,4.839401605444928
DOREENPWR,Doreen Power Generations & Systems Ltd.,30.1,7.117437722419928,-2.903225806451608,-14.488636363636365,-7.098765432098757,12.734082397003753,6.737588652482278,1.346801346801354,-54.72728987659172,-7.031394727997925,-24.282235946035378,5.531826680868521,3.928428890634816
DSHGARME,Desh Garments Limited.,152.5,3.6709721278042187,-7.519708914493635,-18.882978723404257,5.099931082012409,40.42357274401474,31.013745704467347,16.501145912910616,-35.72796941293103,48.70691595045306,1394.827787541356,5.956918789136695,5.8348854499312575
DSSL,Dragon Sweater & Spinning Ltd.,10.9,3.809523809523813,-7.6271186440677985,-18.045112781954888,-2.678571428571419,22.47191011235955,28.23529411764706,0.0,-41.37926801401998,105.67169977959334,20.026319899983935,5.250236751881201,5.522176900958958
DULAMIACOT,Dulamia Cotton Spinning Mills Limited,174.1,2.6533018867924527,-1.6939582156973463,-21.221719457013577,-5.122615803814717,36.01562499999999,28.96296296296296,33.92307692307691,142.4791086350975,2318.0555555555557,1792.3913043478262,5.892514536405025,6.366510402578002
DUTCHBANGL,Dutch-Bangla Bank PLC,44.7,2.2883295194508007,0.9029345372460625,-9.514170040485821,4.195804195804206,12.016706709920358,21.593264552687835,13.919903197421128,-13.468556029859323,112.01920187997266,95.5694361145136,2.1306920199256836,2.4297025011854423
EASTERNINS,Eastern Insurance PLC,57.9,4.512635379061372,-2.5252525252525255,-10.648148148148147,-1.8644067796610193,14.426877470355727,15.568862275449098,15.338645418326683,-50.30042918454936,151.7391304347826,58.63013698630137,3.732825245120272,4.467867506390423
EASTLAND,Eastland Insurance PLC,27.3,3.409090909090917,-5.862068965517239,-10.491803278688522,4.597701149425284,33.17073170731708,45.989304812834234,28.773584905660385,-36.51162790697674,92.26704250962405,-23.15599270232898,3.813520774813149,3.8360450906969517
EASTRNLUB,Eastern Lubricants Blenders PLC,1984.0,0.28812616893292453,-2.7450980392156863,-5.47879942829919,8.108108108108105,23.621409433609564,19.446116797110175,19.130538613932156,65.04399867955928,233.2258743432153,1550.4399867406746,2.7273811015639002,2.980350710680359
EBL,Eastern Bank PLC,23.1,-0.8583690987124433,-3.3472803347280218,-4.545454545454537,-6.854838709677417,-10.552631896048368,-2.487705295293459,-5.956522098577241,-14.740257510310268,66.15527059418353,74.75222781856357,3.4449219642512867,1.8685357295470133
EBL1STMF,EBL First Mutual Fund Units,4.5,0.0,7.142857142857138,-4.255319148936174,18.421052631578952,24.999999999999996,45.16129032258064,4.651162790697679,-54.54545454545455,16.21739076570548,-34.36800233008177,6.099778270509979,5.794548501705114
EBLNRBMF,EBL NRB Mutual Fund,3.5,2.941176470588238,0.0,-10.256410256410255,12.90322580645161,25.000000000000007,52.17391304347827,6.060606060606066,-51.388888888888886,-10.445652370543238,-49.05551679133223,4.72370766488414,5.3800231416330515
ECABLES,Eastern Cables Ltd.,124.2,4.107292539815596,-8.609271523178808,-18.823529411764703,0.16129032258064746,10.400000000000002,10.79393398751116,-7.9318013343217215,-22.857142857142854,-12.525029279577128,199.3665332568636,5.246622724527435,4.583939864925156
EGEN,eGeneration PLC,22.3,5.188679245283026,-8.979591836734691,-17.71217712177122,-14.885496183206103,6.698564593301446,12.626262626262626,-21.201413427561835,-64.03225806451614,48.66666666666667,48.66666666666667,5.296651806511422,3.777364889733499
EHL,Eastern Housing Ltd.,81.6,2.7707808564231593,-7.061503416856495,-13.006396588486144,-9.03010033444817,6.527415143603133,11.47540983606556,-5.116279069767448,42.90718038528895,141.35211324374367,108.73317967701226,4.294528816196193,3.259688302294542
EIL,Express Insurance Ltd.,30.9,4.391891891891882,-3.134796238244514,-10.174418604651164,0.0,15.730337078651683,9.574468085106382,-6.927710843373506,-20.155038759689933,105.99999999999999,105.99999999999999,4.324550222390686,4.3418321569849425
EMERALDOIL,Emerald Oil Industries Ltd.,26.9,6.7460317460317425,-8.19112627986349,-9.12162162162163,12.552301255230127,54.59770114942529,86.80555555555554,39.378238341968895,-36.10451306413302,-23.737113482648933,-37.40576935956891,6.607731740737843,5.269222675314534
ENVOYTEX,Envoy Textiles Ltd.,71.2,1.569186875891596,9.370199692780353,28.98550724637681,35.61904761904762,40.71146245059288,46.80412371134022,39.6078431372549,58.222222222222236,112.27798824237604,58.90173150735438,7.27793620814647,6.13954015983823
EPGL,Energypac Power Generation PLC,16.5,1.8518518518518563,-7.303370786516857,-19.51219512195122,-19.902912621359228,-2.9411764705882355,5.769230769230771,-19.902912621359228,-68.57142857142857,-64.51612903225806,-64.51612903225806,4.011525645305099,3.9264830065687426
ESQUIRENIT,Esquire Knit Composite PLC,23.1,4.054054054054064,-7.96812749003984,-11.494252873563218,-8.333333333333325,12.135922330097086,12.135922330097086,-14.760147601476014,-40.76923076923077,-51.16279069767441,-51.16279069767441,5.259224015991324,4.068581766035301
ETL,Evince Textiles Ltd.,13.8,6.153846153846159,0.7299270072992805,-4.827586206896547,1.4705882352941255,45.26315789473685,38.00000000000001,32.69230769230769,14.049586776859513,35.73858125521426,5.726030650481943,3.7988864932177773,5.24947552369545
EXIM1STMF,EXIM Bank 1st Mutual Fund 2013- Units,7.4,2.77777777777778,7.246376811594202,8.823529411764714,111.42857142857144,155.17241379310346,164.2857142857143,76.19047619047619,-6.329113924050633,38.63437537842852,-5.0799207441966026,7.093909335311023,6.375754403093686
FAMILYTEX,Familytex (BD) Ltd.,2.3,0.0,-4.1666666666666705,-20.689655172413797,-20.689655172413797,-47.727272727272734,76.9230769230769,9.52380952380951,-61.666666666666664,-67.53003022213024,-92.97651973839928,7.984189723320157,8.100059116096492
FARCHEM,FAR Chemicals Industries Ltd,15.1,4.137931034482756,-5.031446540880507,-32.28699551569507,-20.52631578947369,4.861111111111106,4.137931034482756,-33.771929824561404,-0.657894736842103,-9.331879626740893,-33.006333252940934,5.650227137506978,7.369637632922791
FAREASTLIF,Fareast Islami Life Insurance Company Limited,18.0,1.1235955056179736,-9.090909090909093,-18.181818181818183,-25.0,-21.39737991266375,-13.461538461538463,-37.282229965156795,-73.56828193832598,-64.23841045155915,-77.10982652079254,5.451207614310527,5.902001792373575
FBFIF,First Bangladesh Fixed Income Fund Units,3.4,0.0,-2.85714285714286,-10.526315789473683,6.249999999999991,17.24137931034483,30.769230769230763,3.030303030303033,-45.16129032258064,-35.45483887270601,-54.66980677981142,5.953654188948314,6.027168283581379
FEDERALINS,Federal Insurance PLC,27.1,3.4351145038168025,-5.902777777777776,-10.56105610561056,-5.574912891986055,36.180904522613076,41.14583333333335,22.62443438914027,-31.21827411167512,205.00203426227634,40.39097351666594,4.523685707425212,4.451527303254757
FEKDIL,Far East Knitting & Dyeing Industries PLC.,22.2,2.3041474654377883,-3.4782608695652204,-13.953488372093027,28.32369942196531,57.4468085106383,56.33802816901409,18.085106382978715,32.14285714285713,22.535489309353412,-6.684512101995467,5.1802625262792406,6.382965393176466
FINEFOODS,Fine Foods Limited,428.4,0.2339728591483388,-4.438991746598267,-3.076923076923082,-20.178870877585254,-7.870967741935488,12.677538137822197,41.854304635761586,659.5744680851064,5319.190432606002,2679.4017302481648,3.0153847896782717,3.84362043796066
FIRSTFIN,First Finance Ltd.,4.5,7.142857142857138,-2.173913043478253,-16.66666666666667,2.2727272727272645,-25.0,80.0,60.71428571428573,-48.275862068965516,-26.977272774737504,-86.78727151660617,7.056277056277043,9.086068358959759
FORTUNE,Fortune Shoes Ltd.,15.3,4.081632653061234,-10.526315789473687,-17.297297297297295,-2.5477707006369337,6.9930069930069925,10.071942446043167,-5.555555555555547,-76.17478801507905,-41.70107862111376,-41.70107862111376,6.307967068567196,4.932225758571433
FUWANGCER,Fu-Wang Ceramic Industry Ltd.,12.6,4.132231404958678,-10.638297872340425,-25.000000000000007,-13.698630136986301,8.620689655172415,9.565217391304346,-13.698630136986301,-45.21739130434783,12.55436204845497,-17.275067619556697,5.472718375336437,4.95027874393829
FUWANGFOOD,Fu-Wang Foods Limited,9.5,2.1505376344085945,-5.0,-22.764227642276428,-15.178571428571425,-9.523809523809524,-15.178571428571425,-37.90849673202615,-55.60747663551401,-6.337037294020459,-42.975784644139445,3.420563658856189,4.886139205742379
GBBPOWER,GBB POWER Ltd.,14.7,5.755395683453229,4.999999999999995,-3.9215686274509896,65.16853932584269,68.96551724137932,129.68749999999997,95.99999999999999,-71.06299212598425,9.4680853392938,-44.356583089587005,5.537704254238837,8.357889976107359
GEMINISEA,Gemini Sea Food PLC,105.2,1.7408123791102486,-7.2310405643739,-15.161290322580644,-11.966527196652718,-9.699570815450642,-23.043160204828084,-40.86565486228218,12.153334732638799,-13.543980071199044,493.7425584642268,5.202118166975213,4.0562947412726365
GENEXIL,Genex Infosys PLC,33.8,2.735562310030391,-6.111111111111119,-15.500000000000005,-4.51977401129944,27.547169811320746,25.650557620817843,29.999999999999993,-69.5886006220084,1.0169827354463015,1.0169827354463015,4.199472947318891,4.093627736030073
GENNEXT,Generation Next Fashions Ltd.,2.9,3.5714285714285747,-3.333333333333336,-17.142857142857146,-6.451612903225812,-30.952380952380956,7.407407407407397,-14.705882352941178,-60.81081081081081,-46.833333483972226,-86.98274201157395,6.330049261083749,5.873720980107992
GHAIL,Golden Harvest Agro Industries Ltd.,12.5,5.042016806722685,-8.088235294117645,-19.87179487179487,-18.300653594771244,9.649122807017541,16.822429906542062,-7.407407407407407,-40.19138755980861,-13.795442148204673,-66.11586182059077,5.7697698179503085,4.906814976140132
GHCL,Global Heavy Chemicals Ltd.,19.6,4.255319148936174,-5.769230769230766,-17.99163179916317,-4.854368932038835,-1.0101010101010064,-1.507537688442197,-20.64777327935222,-52.99760191846522,-50.99999999999999,-76.24242424242425,7.562970071274493,5.8871713761548605
GLDNJMF,ICB AMCL CMSF GOLDEN JUBILEE MUTUAL FUND,8.6,0.0,4.878048780487809,-10.416666666666668,28.358208955223873,45.76271186440677,40.98360655737705,16.216216216216207,-21.81818181818182,-21.81818181818182,-21.81818181818182,5.994004655160447,5.667695839224666
GLOBALINS,Global Insurance PLC,44.6,3.480278422273782,-2.1929824561403506,-0.8888888888888857,15.844155844155846,64.57564575645756,74.90196078431373,59.85663082437277,-24.534686971235192,380.38417929843604,88.29706596601066,4.03625269015345,4.766446113399397
GOLDENSON,Golden Son Limited,12.2,3.3898305084745637,-11.594202898550733,-25.15337423312884,-27.380952380952387,15.094339622641508,20.79207920792079,-8.955223880597023,-32.22222222222223,-45.535714285714285,-69.19191919191918,5.136250585353853,5.025388153761644
GP,Grameenphone Ltd.,239.0,0.8438818565400843,-2.209492635024552,-4.970178926441352,-4.742925468314071,-6.237740290309927,-8.076923076923077,-20.30676892297432,-36.972573839662445,-10.150375939849624,39.27738927738928,1.2028165254199403,1.204638210502469
GPHISPAT,GPH Ispat Limited,16.2,5.194805194805188,-5.813953488372094,-12.903225806451625,-8.988764044943828,-1.219512195121947,0.621118012422347,-22.48803827751196,-66.14047166330498,-24.080932805506553,-13.49173026358161,4.870403820406737,4.027059672772388
GQBALLPEN,G.Q. Ball Pen Industries Limited,568.0,0.0,2.323905602594123,2.158273381294964,-12.615384615384615,7.575757575757576,26.870672325217786,13.736483780536648,312.19158200290275,686.7036011080332,318.7179474617949,4.886331366061432,5.0886185586246935
GRAMEENS2,Grameen Mutual Fund One - Grameen Two Units,11.7,0.8620689655172384,-2.5000000000000058,-10.687022900763361,-6.400000000000006,-7.142857142857145,7.339449541284393,-11.363636363636365,-35.35911602209946,24.163265478430638,-36.10410966128139,2.7295428774096218,2.60440635276839
GREENDELMF,Green Delta Mutual Fund 2010 Units,4.5,2.2727272727272645,0.0,-13.461538461538463,28.571428571428573,40.624999999999986,50.0,24.999999999999996,-45.12195121951219,-26.22950819672131,-37.5,7.322066541480094,6.7461092011057415
GREENDELT,Green Delta Insurance PLC,62.4,3.8269550748752033,-8.100147275405016,-15.447154471544714,-7.004470938897162,18.857142857142854,16.41791044776119,23.56435643564356,-46.437768240343345,61.07567558679941,19.698230150083155,4.388740071659335,4.763683581062087
GSPFINANCE,GSP Finance Company PLC,3.4,0.0,-8.108108108108116,-24.444444444444446,-10.526315789473683,-44.26229508196722,112.49999999999997,13.33333333333333,-85.55335971391543,-65.19937454882972,-76.62557990621443,6.457855869620579,6.8033331586313714
HAKKANIPUL,Hakkani Pulp & Paper Mills PLC,68.6,6.191950464396285,-4.589707927677345,-18.040621266427728,-13.164556962025323,-2.6950354609929157,1.3293943870014644,-15.308641975308648,-19.577960140679956,37.19999999999999,268.8172043010752,4.172765521865974,3.6968295606824118
HAMI,Hami Industries PLC,149.2,3.1098825155494128,3.4674063800277395,-9.024390243902445,-9.024390243902445,-3.4928848641655925,38.661710037174714,20.711974110032358,-14.694110920526025,-14.694110920526025,-14.694110920526025,4.801769898037977,4.61721299229574
HEIDELBCEM,Heidelberg Materials Bangladesh PLC,208.6,2.6574803149606328,-1.1374407582938415,-7.371225577264652,-9.38314509122502,-10.51051051051051,-4.705344906349937,-18.196078431372552,-41.568627450980394,-61.147327249022155,-20.984848484848488,2.9861491801656186,3.311944050554179
HFL,Hamid Fabrics PLC,12.7,4.0983606557377055,-8.633093525179865,-20.625000000000004,-14.189189189189198,39.560439560439555,95.38461538461537,56.79012345679012,-39.23444976076555,-25.730994152046794,-77.81197997974606,8.62810077940172,6.464029638660755
HRTEX,H.R. Textile Mills Ltd.,16.4,3.1446540880503036,-6.285714285714294,-21.5311004784689,-23.720930232558146,-23.720930232558146,-10.382513661202198,-34.920634920634924,-78.31730771341704,-19.82222232199902,-41.89570542861247,5.030520054353863,4.657726753318129
HWAWELLTEX,Hwa Well Textiles (BD)PLC,46.1,2.2172949002217295,-1.4957264957264866,-6.490872210953338,2.901785714285724,5.73394495412844,3.3632286995515694,-1.4957264957264866,-2.536997885835086,46.349206349206355,15.250000000000004,5.048405365553533,4.230100785835714
IBNSINA,BN SINA Pharmaceutical Industry PLC,310.6,0.9752925877763328,-1.01975780752071,-3.6600496277915493,-0.8617938078518955,-3.510406958682807,-1.3968253968253896,-2.937499999999993,13.648005854372487,61.861074735128966,418.5244396098246,1.7414846832887194,1.4799258172164211
IBP,Indo-Bangla Pharmaceuticals Ltd.,14.8,2.0689655172413843,-10.3030303030303,-23.3160621761658,-5.732484076433113,24.36974789915967,32.14285714285715,5.71428571428572,-27.753554773208233,-43.50573628878274,-43.50573628878274,5.234860218081698,5.287360385518162
ICB,Investment Corporation of Bangladesh,39.0,1.0362694300518096,-4.645476772616133,-12.751677852348998,-10.344827586206897,0.5154639175257806,6.8493150684931505,-28.30882352941176,-68.6763060176929,-48.258616803191074,-64.34366321241912,4.416632215508635,4.0740483722357315
ICB3RDNRB,ICB AMCL Third NRB Mutual Fund 2010 Units,5.6,0.0,1.8181818181818117,-15.151515151515152,19.148936170212753,27.272727272727256,36.58536585365854,19.148936170212753,-20.000000000000004,30.232558139534877,-21.126760563380284,5.496184849633125,4.9679105658084906
ICBAGRANI1,ICB AMCL First Agrani Bank Mutual Fund Units,7.7,1.3157894736842175,2.666666666666669,-15.38461538461538,13.235294117647063,18.461538461538463,20.312499999999993,6.944444444444445,-16.30434782608695,-10.465116279069761,-10.465116279069761,6.071265910506412,4.395987552851047
ICBAMCL2ND,ICB AMCL Second Mutual Fund Units,7.3,0.0,4.285714285714283,-18.888888888888893,17.741935483870964,30.357142857142865,30.357142857142865,17.741935483870964,-46.715328467153284,55.3191489361702,-3.9473684210526296,8.79617942117942,6.241988091964591
ICBEPMF1S1,ICB Employees Provident Mutual Fund One Scheme One Units,6.0,1.6949152542372818,3.448275862068969,-14.285714285714286,-11.76470588235294,20.0,76.47058823529412,27.6595744680851,-23.076923076923073,9.090909090909092,-27.71084337349398,7.514788419607529,7.386194167821495
ICBIBANK,ICB Islamic Bank Limited,2.6,0.0,0.0,-3.703703703703707,-10.344827586206891,-23.52941176470588,8.333333333333341,13.043478260869579,-62.31884057971015,-35.0,-65.33333333333334,6.338461538461544,5.615847310584159
ICBSONALI1,ICB AMCL Sonali Bank Ltd 1st Mutual Fund 2013- Units,6.6,0.0,6.451612903225797,-4.347826086956532,31.999999999999993,46.66666666666666,57.142857142857125,24.52830188679245,-23.255813953488374,13.79310344827586,-45.0,8.054745938141457,6.43408393100921
ICICL,Islami Commercial Insurance PLC.,35.7,1.7094017094017133,-3.2520325203251916,-7.272727272727265,21.428571428571445,67.60563380281691,59.37500000000002,57.26872246696038,144.5205479452055,144.5205479452055,144.5205479452055,3.3834223823131544,3.7967344406239953
IDLC,IDLC Finance PLC.,41.9,2.444987775061125,-2.558139534883724,-10.08583690987125,1.6990291262135817,6.525423981585744,22.891061759741607,4.007092445690605,-30.0079540213891,5.20823486147,-11.379672581054074,3.9744410530097714,2.7957622527513584
IFADAUTOS,IFAD Autos PLC,22.9,3.1531531531531503,-6.530612244897965,-10.894941634241247,-6.530612244897965,6.511627906976738,5.529953917050688,-8.764940239043835,-56.96788674222445,-52.84461360596649,30.26675479381387,4.547637520455905,3.9602243879193164
IFIC,IFIC Bank PLC,4.8,2.1276595744680775,2.1276595744680775,-2.040816326530623,-4.0000000000000036,-18.644067796610177,2.1276595744680775,-15.789473684210531,-66.7220858561089,-35.96455125628445,-54.822631136852145,4.850241545893727,3.809048136839173
IFIC1STMF,IFIC Bank 1st Mutual Fund Units,4.0,0.0,-2.439024390243894,-11.11111111111111,14.285714285714286,37.931034482758626,60.0,17.647058823529413,-42.857142857142854,2.666666827511111,-38.02439025641093,5.565353345841153,6.481058583343084
IFILISLMF1,IFIL Islamic Mutual Fund - 1 Units,5.3,0.0,0.0,-7.017543859649129,29.268292682926834,32.49999999999999,55.88235294117647,23.255813953488374,-22.058823529411764,-15.873015873015873,-15.873015873015873,3.7752464167558477,3.531507903039535
INDEXAGRO,Index Agro Industries Ltd,66.5,4.068857589984353,-3.6231884057971016,-2.4926686217008838,-7.766990291262129,2.3076923076923075,-0.5979073243647319,-12.499999781250006,-44.97635920277876,-6.899999767250005,-6.899999767250005,3.36984477270005,4.1892971473465215
INTECH,Intech Ltd.,23.1,5.000000000000006,-9.765625,-15.384615384615381,-34.560906515580726,-43.103448275862064,-27.12933753943217,-37.39837398373983,-43.65853658536585,125.64079994512416,89.6009496555077,5.132258023225103,5.161549169482909
INTRACO,Intraco Refueling Station PLC,22.4,0.44843049327353307,-1.3215859030837036,-4.273504273504273,10.344827586206884,21.73913043478261,9.268292682926822,-12.840466926070041,-3.6175302921195613,-51.824551741358164,-51.824551741358164,2.511557662256978,2.4998384360616384
IPDC,IPDC Finance PLC,31.9,2.2435897435897414,0.9493670886075859,-4.2042042042042,17.712177121771205,72.65463960689432,75.36649253681027,48.20796497228982,-9.525816993181836,120.09594741299274,510.26827333990957,4.141948010352569,4.564637876691654
ISLAMIBANK,Islami Bank Bangladesh PLC,26.5,-1.8518518518518516,-3.9855072463768164,-10.169491525423728,-22.51461988304094,-37.35224586288416,-19.696969696969695,-35.52311435523115,-11.666666666666666,-11.666666666666666,-32.20930239337209,3.1577447019470926,3.117054360546804
ISLAMICFIN,Islamic Finance & Investment PLC,10.9,2.8301886792452895,-3.5398230088495604,-9.91735537190082,-2.678571428571419,-6.034482758620683,14.736842105263161,43.42105263157896,-68.49710982658961,-13.400993158564841,-40.23093989471919,3.5733180199166017,3.5376336041202308
ISLAMIINS,Islami Insurance Bangladesh Limited,61.2,1.3245033112582854,4.081632653061234,-5.701078582434518,10.469314079422391,64.0750670241287,63.20000000000001,48.184019370460064,-14.285714285714288,413.4737750333862,224.9579585906562,3.61938325576896,3.8497643362504586
ISNLTD,Information Services Network Ltd.,42.9,5.147058823529416,-12.448979591836737,-32.96875,-29.20792079207921,-46.173149309912176,-45.280612244897966,-60.31452358926919,-11.546391752577321,271.80000059488,183.9200011253556,6.673955672082175,5.342772234287555
ITC,IT Consultants PLC,43.7,2.5821596244131486,-5.81896551724137,-8.958333333333327,5.555555555555566,13.506493506493513,13.506493506493513,1.1574074074074074,3.3096926713948127,30.05015899820842,48.74835784493474,3.1738750032537437,3.0236067097858554
JAMUNABANK,Jamuna Bank PLC,23.0,1.7699115044247724,-2.9535864978902926,-5.737704918032781,-3.3613445378151288,-3.7656903765690317,9.004739336492884,5.990783410138252,24.29364663676171,188.36126047155236,96.5459532039792,2.733110404871505,1.636456300303746
JAMUNAOIL,JAMUNA OIL PLC,175.2,0.2288329519450671,0.2862049227246709,-4.366812227074236,-0.39795338260376184,0.3436426116838456,3.546099290780142,-6.310160427807492,-6.410256410256411,-6.560000000000006,9.127972708085139,0.720662245210611,1.0699789673132098
JANATAINS,Janata Insurance PLC,31.3,2.2875816993464024,-4.573170731707307,-13.29639889196676,-11.830985915492956,25.200000000000003,28.806584362139915,18.113207547169814,-38.52589903215825,259.7014537233122,-83.26004774773483,6.660666420950486,4.655103605196481
JHRML,JMI Hospital Requisite Manufacturing Ltd,42.3,2.669902912621345,-10.000000000000005,-22.810218978102192,-15.904572564612327,-3.4246575342465757,0.23696682464453628,-26.17801047120419,92.27272727272727,92.27272727272727,92.27272727272727,4.544702191587136,3.729185549888185
JMISMDL,JMI Syringes & Medical Devices Ltd.,128.8,2.4661893396976997,-2.571860816944007,-12.618724559023063,1.7377567140600452,7.4228523769808215,9.152542372881365,-13.788487282463182,-57.79084350856328,10.725663366299552,271.906580572353,4.077600661092297,4.147219184820198
JUTESPINN,Jute Spinners Limited,206.0,0.9803921568627451,-7.332433648223127,-7.953529937444151,-2.830188679245283,-9.609477841158405,5.5327868852459074,-11.32156693930263,22.61904761904762,266.54804270462637,209.77443609022558,1.8563700474036275,3.6794826651877495
KARNAPHULI,Karnaphuli Insurance PLC,53.1,1.9193857965451053,-9.230769230769228,-8.448275862068964,40.47619047619049,78.7878787878788,86.3157894736842,69.64856230031948,17.477876106194685,422.70312750734155,94.52496189388796,3.755279950870807,4.855666698750192
KAY&QUE,Kay and Que (Bangladesh) Ltd.,368.0,8.267137393350993,-0.5136523384698506,-16.34462377813139,-16.306572663179438,-18.33111407012872,-2.490726020137779,8.055401251439333,28.044227861407844,1325.1879273133122,1752.7443055073056,4.195884279784701,3.5530912951623375
KBPPWBIL,Khan Brothers PP Woven Bag Industries Ltd,30.1,6.737588652482278,-4.44444444444444,-27.469879518072283,-35.82089552238806,-39.92015968063872,-37.291666666666664,-80.0925925925926,107.58620689655174,55.72923727540013,-10.07464921758586,4.682274328527063,4.8513144295368225
KDSALTD,KDS Accessories Ltd.,43.8,2.8169014084506943,-4.366812227074236,-13.095238095238098,-10.975609756097573,11.167512690355327,6.5693430656934195,-10.612244897959188,-26.999999817500004,-17.05490979874927,-16.05956880764087,3.4676092055051835,3.251994722669525
KEYACOSMET,Keya Cosmetic Ltd.,5.1,0.0,1.999999999999993,-7.27272727272728,4.0816326530612095,-3.773584905660381,13.333333333333325,6.2499999999999964,-46.31578947368422,-30.746707937826596,-67.3719387798766,4.45714285714285,5.290356536421355
KOHINOOR,Kohinoor Chemical Company (Bangladesh) PLC,527.5,1.2864823348694405,-1.9516728624535316,-5.142959899298691,3.797717434081073,2.2286821705426356,5.521104220844173,7.453703596249995,52.58171626797515,312.44008276599885,1041.9532275454549,1.8778586242931254,2.23534411822805
KPCL,Khulna Power Company Ltd.,10.8,3.8461538461538494,-0.9174311926605472,-6.896551724137922,-1.8181818181818117,-0.9174311926605472,2.857142857142864,-8.47457627118644,-77.0212765957447,-80.96153847923446,-75.00200397129554,4.238379743234108,4.718886059553972
KPPL,Khulna Printing & Packaging Ltd,13.1,9.166666666666663,0.7692307692307665,-13.815789473684209,-18.633540372670815,-20.12195121951219,-18.125000000000004,-20.60606060606061,-14.935064935064938,45.55555555555555,-61.9788918597051,4.6172052187528365,4.363348141192199
KTL,Kattali Textile Ltd.,12.8,4.918032786885258,6.666666666666672,12.280701754385968,21.90476190476191,33.33333333333335,10.344827586206907,-3.7593984962406015,-53.28467153284671,-33.091840423598235,-33.091840423598235,6.064316599355118,5.379320438460862
LANKABAFIN,LankaBangla Finance PLC,14.4,1.4084507042253596,-5.882352941176472,-17.71428571428571,-14.792899408284015,-8.860759493670887,17.073170731707314,-15.789473684210531,-66.11764705882354,-21.313886386755474,-49.708981223578874,3.193965241837578,3.5665536030323315
LEGACYFOOT,Legacy Footwear Ltd.,69.5,2.9629629629629632,-5.826558265582652,-7.579787234042556,0.0,27.757352941176475,28.228782287822874,6.269113149847086,-10.4381443298969,181.78685783817994,343.8143022107858,3.33788363663976,3.2790929047175688
LHB,LafargeHolcim Bangladesh PLC,51.4,1.5810276679841841,-3.2015065913371052,-10.763888888888893,-5.340699815837936,-3.9252336448598157,9.129511677282371,-4.814814814814817,-31.920529801324502,-36.149068322981364,607.2179777165494,2.3739344179325235,2.4523578670776627
LIBRAINFU,Libra Infusions Ltd.,566.4,1.66935918147549,-4.0000000000000036,-10.095238095238098,-13.128834355828223,-12.995391705069126,-10.943396226415096,-27.486877480476256,-15.881188539405944,55.88990809956063,380.9056598783054,2.7417969881043867,3.087373355261186
LINDEBD,Linde Bangladesh Limited,672.5,2.002123464280304,-1.8248175182481752,-6.98478561549101,-4.5422285308729595,-15.811216825237853,-11.396574440052701,-27.688172043010752,-58.63065944881889,-52.37252124645892,30.455868089233753,1.680793625506056,1.244350112328564
LOVELLO,Taufika Foods and Lovello Ice-cream PLC,44.4,4.470588235294114,-7.112970711297069,-35.27696793002915,-38.07531380753139,-37.110481586402265,-34.897360703812325,-55.173076811009615,45.27478773871315,241.88000044786276,241.88000044786276,4.307863152570268,6.150439079232883
LRBDL,Lub-rref (Bangladesh) Ltd,13.5,9.756097560975602,-3.5714285714285716,-16.14906832298137,14.406779661016943,27.35849056603774,36.36363636363636,-6.896551724137931,-73.37278106508876,-66.66666666666667,-66.66666666666667,7.190468421273252,4.6007004392945365
LRGLOBMF1,LR Global Bangladesh Mutual Fund One Units,4.2,0.0,0.0,-12.499999999999993,27.272727272727284,31.25,50.000000000000014,16.666666666666668,-53.84615384615384,-33.33333333333333,-54.347826086956516,5.760743321718936,6.118740446540591
MAGURAPLEX,Magura Multiplex PLC,79.9,2.4358974358974432,-4.767580452920143,-15.806111696522654,-8.266360505166462,-2.679658952496941,-4.767580452920143,-20.96933728981206,-56.418182009941816,347.1088062978572,347.1088062978572,3.1679804147496484,3.349232011640239
MAKSONSPIN,Maksons Spinning Mills PLC,5.8,1.7543859649122744,-4.918032786885243,-12.12121212121212,-4.918032786885243,-9.375000000000009,23.40425531914893,-19.444444444444446,-79.93079584775087,-12.9999997825,-64.07584252629219,5.193846685679719,5.422953692014634
MALEKSPIN,Malek Spinning Mills PLC,46.3,2.8888888888888826,-7.028112449799197,-4.53608247422681,50.32467532467531,66.54676258992804,60.2076124567474,40.3030303030303,31.1614730878187,175.59523809523807,85.19999999999999,4.963376229690689,5.485207926745195
MARICO,Marico Bangladesh Limited.,2659.4,0.6700230911912887,-1.5037037037037004,-2.2997795738427596,-3.188933381871129,-4.619467756975817,0.23745806792055263,-8.29655172413793,11.505241090146754,116.21138211382114,608.2290279627164,1.1166538592575304,0.8702067389087712
MATINSPINN,Matin Spinning PLC,64.2,1.102362204724414,-0.7727975270479134,-0.1555209953343613,25.146198830409368,38.36206896551725,38.06451612903226,23.22456813819578,5.940594059405942,64.19437340153452,42.66666666666667,3.966490944678525,4.290481440453598
MBL1STMF,MBL 1st Mutual Fund 2010- Units,9.2,1.098901098901095,-3.157894736842113,4.545454545454529,135.89743589743588,129.99999999999997,170.58823529411762,109.09090909090905,9.52380952380951,46.031746031746025,33.333333333333314,7.689005458051444,5.820326175222874
MEGCONMILK,Meghna Condensed Milk Industries Ltd.,30.5,0.0,-12.607449856733522,-8.4084084084084,-25.609756097560975,-12.857142857142858,111.80555555555557,59.685863874345536,12.546125461254608,317.8082191780822,221.05263157894737,6.842732033314594,6.326771123521836
MEGHNACEM,Meghna Cement Mills PLC,28.8,-1.0309278350515487,-5.2631578947368345,-11.656441717791413,-11.926605504587162,-15.044247787610614,-1.706484641638225,-42.51497005988024,-65.59380779152778,-63.96381429114761,-61.010028576027594,6.838419231733212,5.286131898485119
MEGHNAINS,Meghna Insurance PLC,34.0,3.9755351681957096,-9.090909090909088,-16.870415647921757,-2.857142857142857,23.636363636363637,20.996441281138786,28.787878787878793,209.0909090909091,209.0909090909091,209.0909090909091,4.72213716620237,4.848241040085289
MEGHNALIFE,Meghna Life Insurance PLC,51.1,5.5785123966942205,-6.921675774134785,-15.676567656765677,-17.179902755267427,-2.8517110266159693,0.5905511811023706,-18.759936406995227,-46.66542925452636,39.94551526176117,-21.54063768086249,7.204198706562304,5.280666723061465
MEGHNAPET,Meghna Pet Industries Ltd.,64.8,9.090909090909088,-1.6691957511381008,-22.580645161290327,-18.79699248120301,126.57342657342654,197.24770642201835,140.8921933085502,102.49999999999999,1017.2413793103449,912.5,8.18230821476412,7.244021568493358
MERCANBANK,Mercantile Bank PLC,6.6,0.0,-5.71428571428572,-9.589041095890414,-10.81081081081082,-27.472527472527474,-10.81081081081082,-27.472527472527474,-57.92500013464,-0.7180069226535899,-36.20870661634239,3.3432139999304207,3.0625310568397923
MERCINS,Mercantile Islami Insurance PLC,50.4,4.347826086956525,14.545454545454543,8.855291576673869,31.592689295039172,107.4074074074074,97.6470588235294,90.90909090909092,-8.029197080291969,296.85039370078744,82.67961220857461,5.903160066757912,5.28758806454677
METROSPIN,Metro Spinning Ltd.,9.6,2.1276595744680775,-8.571428571428575,-12.72727272727273,-2.040816326530623,-5.8823529411764675,12.941176470588232,-10.280373831775698,-68.20189267025047,33.527272609525944,-36.12023657745286,6.707270707654516,5.853857374918762
MHSML,Mozaffar Hossain Spinning Mills Ltd.,20.1,5.789473684210534,-7.798165137614676,-12.227074235807848,-10.267857142857132,14.857142857142863,48.8888888888889,9.836065573770494,-11.45374449339206,23.516147746233038,-18.76883370606725,5.179041972520232,5.020638764951883
MIDASFIN,MIDAS Financing PLC,4.8,2.1276595744680775,-11.111111111111121,-20.000000000000004,-18.644067796610177,-33.333333333333336,6.6666666666666625,-23.80952380952381,-77.55555556199793,-66.21857499565766,-80.48906008978095,4.9524277796224885,4.295247609578051
MIDLANDBNK,Midland Bank PLC,16.5,2.484472049689432,-2.9411764705882355,-11.290322580645167,0.6097560975609844,2.484472049689432,-3.508771929824569,-9.836065573770494,88.83333263464999,88.83333263464999,88.83333263464999,3.0905528631588823,2.7673084903484098
MIRACLEIND,Miracle Industries Limited,26.7,2.2988505747126355,-3.956834532374106,-12.745098039215693,-5.985915492957745,-11.881188118811885,-16.037735849056606,-23.71428571428572,-33.74689826302729,19.91625119080261,189.7007993580699,4.850963727833675,3.5977838903154593
MIRAKHTER,Mir Akhter Hossain Ltd,31.6,4.983388704318937,-5.9523809523809526,-22.92682926829268,-24.582338902147967,14.909090909090914,14.492753623188404,-5.9523809523809526,-66.0580021482277,-60.98765432098765,-60.98765432098765,4.647859616070676,4.250149076088805
MITHUNKNIT,Mithun Knitting & Dyeing (CEPZ) Ltd.,13.5,0.7462686567164152,-3.5714285714285716,-11.184210526315786,-14.556962025316459,-24.15730337078652,-7.534246575342464,-23.29545454545455,-35.714285714285715,-78.2550334718184,-74.1418824272993,4.678228929014747,6.549396102847726
MJLBD,MJL Bangladesh PLC,89.9,0.5592841163310961,-0.44296788482834054,-3.540772532188838,-2.176278563656148,-1.6411378555798686,-0.11111111111110479,-9.738955823293162,-7.319587628865974,-16.61219060425132,57.94930532641938,1.4062933016542114,1.4668513023861072
MLDYEING,M.L. Dyeing & Textile Ind. PLC,11.2,5.660377358490563,-12.50000000000001,-34.502923976608194,0.0,24.44444444444444,33.33333333333332,15.463917525773198,-63.39869281045752,62.28800068517992,62.28800068517992,7.455073555967343,7.801684466279649
MONNOAGML,Monno Agro & General Machinery Ltd.,301.7,2.063599458727999,-5.423197492163013,-14.167852062588908,-14.966178128523117,-16.426592797783936,-18.349120433017593,-21.082919173424017,-25.206638065961897,696.2797119303768,2326.091988406651,4.127551114927192,3.703952692500812
MONNOCERA,Monno Ceramic Industries Limited.,80.0,2.3017902813299194,-3.2648125755743687,-15.700737618545842,-16.75338189386056,-2.557856272837996,-2.200488997555009,-12.376779846659362,-51.21951219512195,201.73684301926775,367.13333473660185,3.2682797159519903,3.299590967066355
MONNOFABR,Monno Fabrics Ltd.,18.9,3.2786885245901525,-12.093023255813959,-19.230769230769234,-18.534482758620694,-15.246636771300459,-11.682242990654206,-9.569377990430622,-19.915254237288146,-19.915254237288146,-19.915254237288146,5.051673578679281,4.972354448627744
MONOSPOOL,Monospool Bangladesh PLC,102.2,4.605936540429887,-5.282669138090827,-14.833333333333332,-4.930232558139533,11.207834602829159,7.9197465681098205,5.882882565234235,-41.18152889888508,113.69090822643224,113.69090822643224,4.340158696231611,3.3226738930808417
MPETROLEUM,Meghna Petroleum PLC,206.8,0.7797270955165804,0.6326034063260396,-2.7281279397930307,-2.865194927195864,2.885572139303488,7.317073170731719,0.0,1.2732615083251826,15.208913649025074,44.89171960033121,0.8855474771429924,1.115659303551587
MTB,Mutual Trust Bank PLC,12.5,0.8064516129032229,-7.407407407407407,-7.407407407407407,2.1897813321967083,20.61538540869983,27.479675627210682,23.464567720551457,0.8216428326292493,108.82601271665885,157.35135256170958,3.360788824054483,2.9120739313035693
NAHEEACP,Nahee Aluminum Composite Panel PLC,32.8,7.189542483660116,-5.74712643678161,-10.869565217391305,-7.865168539325855,56.93779904306219,77.29729729729729,29.133858267716533,-36.80154142581889,-47.95813740196807,-47.95813740196807,8.216735065485743,6.493221737480388
NATLIFEINS,National Life Insurance PLC,90.2,2.7334851936218745,-6.91434468524252,-12.342079689018465,-12.5121241513094,-8.888888888888886,-3.837953091684429,-19.53612845673505,-63.83319967923014,-26.816258108476347,-33.598853135410074,3.2068032663399366,2.6642788180283627
NAVANACNG,Navana CNG Limited,19.3,2.116402116402128,-7.211538461538462,-13.452914798206278,-11.059907834101375,-8.095238095238093,-9.389671361502348,-16.450216450216452,-48.60326061202286,-52.81984454893173,-67.2642304750747,4.04142822634,3.352548035594653
NAVANAPHAR,Navana Pharmaceuticals PLC,61.2,1.4925373134328452,-8.383233532934124,-12.446351931330474,-13.437057991513436,4.974271012006871,16.793893129771,3.378378378378378,131.81818181818184,131.81818181818184,131.81818181818184,3.808946352048443,3.079140744198224
NBL,National Bank PLC,3.4,3.030303030303033,-2.85714285714286,-10.526315789473683,-19.047619047619055,-34.61538461538462,6.249999999999991,-5.555555555555561,-59.99999999999999,-39.76323414767547,-68.13475098527209,5.530303030303031,4.285005801895456
NCCBANK,National Credit and Commerce Bank PLC,14.4,2.1276595744680904,-2.702702702702705,-6.4935064935064934,-13.253012048192776,15.2000528998643,22.754154771220765,23.7686518971632,2.8540853725207582,104.65802430792428,30.719419289582614,2.3821616770461747,2.1783324645060556
NCCBLMF1,NCCBL Mutual Fund-1 2012- Dividend Units,6.7,3.0769230769230793,1.5151515151515234,-5.633802816901401,55.8139534883721,67.5,67.5,34.00000000000001,-23.863636363636367,6.349206349206355,-44.166666666666664,5.557208801634795,6.7159265385921705
NEWLINE,New Line Clothings Ltd.,5.4,3.8461538461538494,-8.47457627118644,-21.73913043478261,-3.571428571428559,-15.625,35.00000000000001,-9.999999999999995,-81.56996587030717,-78.36138997712831,-78.36138997712831,5.3465173376383195,6.482416525296767
NFML,National Feed Mill Ltd,14.6,4.285714285714283,-12.574850299401197,-27.363184079602,-30.143540669856456,-4.575163398692817,3.546099290780142,47.47474747474747,-52.88817891388853,3.211677206282607,-47.65857712660468,6.559318697519394,5.879836562356444
NHFIL,National Housing Finance PLC,26.0,2.362204724409455,-6.474820143884894,-12.751677852348996,-6.810035842293902,10.638297872340425,15.555555555555555,-2.985074626865674,-65.54216870915663,-4.954682985052708,-14.863402028722616,3.64600080518778,3.817056792891761
NITOLINS,Nitol Insurance PLC,57.1,1.9642857142857166,6.529850746268656,16.293279022403258,62.215909090909086,101.05633802816904,103.20284697508896,111.48148148148148,-6.7573870217849725,264.31146985337233,139.7046571632222,4.278644104569558,5.044705006622806
NORTHERN,Northern Jute Manufacturing Co. Ltd.,94.7,0.0,-7.24779627815866,-18.008658008658006,-16.120460584588134,-22.945484133441827,11.019929660023454,-13.039485766758496,-75.64926716379533,-62.395764244621105,531.3333375422222,6.565421126350014,5.244616711717041
NORTHRNINS,Northern Islami Insurance PLC,36.2,4.624277456647403,-8.585858585858583,-16.781609195402293,-8.409638336827689,33.36842136148478,36.72661904685253,18.411215229932754,-36.331658137885405,144.50877234591846,18.41644181074474,4.839929907916705,5.037342114118046
NPOLYMER,National Polymer Industries PLC,31.2,2.631578947368424,-3.4055727554179502,-13.09192200557103,-6.865671641791047,13.868613138686134,17.293233082706756,-9.302325581395348,-51.62790697674418,-28.860812850023873,116.18516750170555,3.497616309447838,3.53567853787124
NRBBANK,NRB Bank PLC,6.5,1.5624999999999944,-4.411764705882351,-7.142857142857143,4.838709677419351,-9.722222222222223,6.557377049180334,-25.287356321839077,-27.77777777777778,-27.77777777777778,-27.77777777777778,3.477182539682536,3.3374276822831943
NRBCBANK,NRBC Bank PLC,9.0,1.1235955056179736,0.0,-15.094339622641508,21.621621621621617,34.328358208955216,76.47058823529413,38.46153846153846,-65.72754247058836,-29.22737504100477,-29.22737504100477,4.404980032887002,4.395878581524179
NTC,National Tea Company Limited,150.5,1.8267929634641327,-2.903225806451613,-8.787878787878787,-8.175716900549117,-16.85082872928177,-13.406214039125436,-19.129500268672754,-74.49152542372882,-72.38025325747844,-80.45454545454545,3.476668741657585,3.760112265259761
NTLTUBES,National Tubes Limited,60.4,2.0270270270270196,-5.18053375196233,-12.96829971181557,-9.850746268656717,2.8960817717206058,-3.360000000000002,-25.707257072570727,-50.49180327868852,-30.96671377943863,156.32359420393124,3.5135334093907113,3.087892388010356
NURANI,Nurani Dyeing & Sweater Ltd.,2.9,3.5714285714285747,-3.333333333333336,-30.952380952380956,-6.451612903225812,-30.952380952380956,44.99999999999999,11.538461538461531,-71.0,-82.86204403563981,-82.86204403563981,8.432402846195956,9.390377558578143
OAL,Olympic Accessories Ltd,6.2,1.6393442622950907,-7.462686567164179,-11.428571428571427,-1.5873015873015817,-11.428571428571427,8.771929824561402,-12.676056338028161,-57.53424657534246,-63.78344822938001,-74.31315198598443,4.159970813163571,3.7246044307343134
OIMEX,Oimex Electrode Ltd.,13.6,2.255639097744353,-11.68831168831169,-16.04938271604938,-15.000000000000002,2.2556390977443526,-11.111111111111118,-48.091603053435115,-49.06367041198502,-72.72500959041308,-72.72500959041308,7.127863583808559,5.585025119632187
OLYMPIC,Olympic Industries PLC.,142.3,0.2112676056338108,-3.1972789115646183,-5.948446794448116,-4.045853000674309,-6.443129520052586,3.415697674418617,-11.17353308364543,-31.089588377723967,-50.55757763946476,92.58646741360552,1.9350186631802977,1.9476424363153246
ONEBANKPLC,One Bank PLC,7.5,1.3513513513513467,-2.5974025974025996,-6.25,-10.714285714285717,-3.846153846153844,7.142857142857143,0.0,-18.289473316083107,-18.289473316083107,-18.289473316083107,2.6777619724988146,2.4004910119204323
ORIONINFU,Orion Infusion Ltd.,176.7,9.956440572495334,-14.22330097087379,-32.55725190839696,-44.2938209331652,-50.67001675041876,-48.044692737430175,-65.21653543307086,104.51388888888886,149.5762711864407,284.13043478260863,8.459496382452972,5.649842369081614
ORIONPHARM,Orion Pharma Ltd.,24.6,3.797468354430389,-3.529411764705877,-13.986013986013985,-16.326530612244888,-14.878892733564005,-9.558823529411757,-33.87096774193549,-64.75644699140402,-34.74801061007958,-63.999999855999995,4.328455821850265,3.5414236537072186
PADMALIFE,Padma Islami Life Insurance Ltd.,15.5,1.3071895424836555,-4.320987654320984,-15.760869565217387,-20.512820512820515,-10.919540229885051,-7.185628742514966,-27.906976744186046,-72.80701754385964,-20.851063533399728,-68.36535434346216,4.80608439548068,3.7361128158491246
PADMAOIL,Padma Oil PLC,193.1,0.3638253638253579,-0.2067183462532329,-2.964824120603018,5.174291938997822,8.239910313901339,13.923303834808257,-1.979695431472084,-17.160017160017162,4.209390178089575,13.588235180529413,0.5724020175264936,0.9149936122236952
PARAMOUNT,Paramount Insurance PLC.,57.8,7.434944237918216,-2.199661590524542,-11.890243902439021,-10.38759689922481,13.333333333333329,32.8735632183908,31.065759637188197,-34.24345847554039,736.1755864976432,339.2190515047865,5.5950386906500515,5.105187752606691
PDL,Pacific Denims Ltd.,5.4,1.8867924528301987,-3.571428571428559,-8.47457627118644,-6.896551724137922,-11.475409836065563,17.391304347826104,-18.181818181818173,-63.88079470318276,-72.5893037564882,-72.5893037564882,4.937155498753719,4.7236246149081
PENINSULA,The Peninsula Chittagong PLC,20.9,5.025125628140704,-4.1284403669724865,-13.636363636363638,-9.91379310344828,2.450980392156863,14.207650273224031,54.81481481481481,-28.178694158075608,34.838709677419345,-42.249999855625,4.748883998727788,4.94837902800341
PEOPLESINS,Peoples Insurance PLC,59.8,6.595365418894823,-2.7642276422764276,-13.333333333333337,-0.993377483443711,46.568627450980394,64.73829201101928,72.33429394812678,11.152416356877325,298.6666666666667,126.51515151515152,6.196043396404916,4.834832352130293
PF1STMF,Phoenix Finance 1st Mutual Fund Units,17.5,4.790419161676651,15.131578947368425,21.527777777777775,108.33333333333333,250.0,250.0,257.1428571428571,76.76767676767676,297.7272727272727,121.51898734177215,8.27799477357188,5.374206852327851
PHARMAID,Pharma Aids Limited.,540.4,3.40604668962877,-4.201382733557888,-14.222222222222225,-6.6182823570070966,-1.9059720457433291,9.614604462474642,-11.045267489711938,-21.68115942028986,100.22230455724343,285.724482512491,3.127924442022781,2.6758016311100485
PHENIXINS,Phoenix Insurance PLC,47.9,3.6796536796536703,-1.6427104722792694,-12.750455373406194,8.863636363636362,68.07017543859648,78.73134328358209,71.68458781362007,-27.31411229135054,139.5,6.91964285714286,5.139773936075647,5.3848794859276214
PHOENIXFIN,Phoenix Finance and Investments Ltd.,3.6,0.0,-2.702702702702705,-14.285714285714286,-9.999999999999998,-32.075471698113205,50.00000000000001,2.85714285714286,-88.64353312302839,-74.4010000949019,-86.80534764789695,4.539682539682545,6.1919373723885
PHPMF1,PHP First Mutual Fund Units 2010-,3.4,-2.85714285714286,-2.85714285714286,-15.000000000000002,9.677419354838703,21.428571428571434,41.66666666666667,6.249999999999991,-52.77777777777778,-5.609524358786489,-39.11814328071533,5.815126050420173,5.683542217266237
PIONEERINS,Pioneer Insurance PLC,64.6,4.36187399030694,-2.2692889561270806,-8.368794326241142,-6.647398843930648,29.200000310079997,41.01871135586593,51.4062503785156,-42.351986522322804,177.99359756215966,61.21737534098481,3.4261889934579495,4.144774465405663
PLFSL,Peoples Leasing and Financial Services Ltd.,1.9,0.0,-5.000000000000004,-5.000000000000004,26.66666666666666,-54.761904761904766,258.49056603773585,58.333333333333336,-36.66666666666667,-72.46376811594203,-93.5294117705154,8.83040935672514,10.317870700142171
POPULAR1MF,Popular Life First Mutual Fund Units 2010-,3.4,-2.85714285714286,-2.85714285714286,-12.820512820512821,9.677419354838703,17.24137931034483,41.66666666666667,6.249999999999991,-51.42857142857143,-6.054762022081611,-35.22565918155659,5.2268907563025255,5.681932741198555
POPULARLIF,Popular Life Insurance Co. Ltd.,54.7,2.4344569288389595,-10.180623973727414,-6.97278911564625,-13.722397476340687,12.551440329218108,28.70588235294118,3.402646502835547,-46.89320388349515,-19.676945668135083,-50.91025611571794,5.5982273066906085,4.460342343411823
POWERGRID,Power Grid Co. of Bangladesh Ltd.,37.8,1.6129032258064364,-2.577319587628866,-7.579462102689489,-0.5263157894736917,23.127035830618887,40.52044609665427,15.59633027522934,-32.97872340425533,-34.2608695652174,-30.386740331491715,2.4035290493064227,2.8642060191593584
PRAGATIINS,Pragati Insurance PLC,72.3,3.138373751783171,-0.6868131868131868,-11.721611721611731,-4.238410596026494,5.182203003716749,3.5730176989311584,24.32220321493359,-5.4672272961822115,340.03124095218095,81.78339830891761,3.679908980450115,4.3170028879197
PRAGATILIF,Pragati Life Insurance PLC,138.0,3.4482758620689613,-9.744931327665142,-18.823529411764707,-19.809825752326315,-29.362494254340167,2.7063598416376498,-25.44204329817316,40.16376239768931,186.9299814914755,108.3828995528163,5.675955535993784,4.801628799376639
PREMIERBAN,The Premier Bank PLC,5.6,0.0,-5.084745762711876,-5.084745762711876,30.232558139534877,3.7037037037036904,39.99999999999999,-12.50000000000001,-56.1456954831678,38.72159381202604,-23.417010251007888,2.8452832708731135,2.7328226059685004
PREMIERCEM,Premier Cement Mills PLC,41.3,3.2499999999999933,-7.191011235955062,-15.195071868583174,-15.54192229038855,7.272727272727265,5.3571428571428426,-13.958333333333337,-52.52873563218391,-58.49246231155779,-60.666666666666664,4.405060403014831,4.21313987265819
PREMIERLEA,Premier Leasing & Finance Limited,2.1,5.000000000000004,-8.695652173913032,-15.999999999999996,-15.999999999999996,-52.27272727272727,288.88888888888886,23.52941176470589,-83.33333333333333,-70.66019367574998,-84.50756465407693,9.11027568922306,9.013476283107739
PRIME1ICBA,Prime Bank 1st ICB AMCL Mutual Fund Units,5.9,1.7241379310344922,0.0,-13.23529411764705,25.531914893617024,37.20930232558141,37.20930232558141,22.91666666666668,-23.37662337662337,25.531914893617024,-18.05555555555555,6.606096218499896,5.869392515885995
PRIMEBANK,Prime Bank PLC,28.3,0.7117437722419904,-1.3937282229965107,-6.2913907284768165,-5.666666666666665,-5.0638975421618015,3.1770835912760473,4.263158136188373,31.283943776796576,108.09728201742796,-0.3945172552701855,1.4931904594828795,1.4079312439143636
PRIMEFIN,Prime Finance and Investment Ltd.,2.9,7.407407407407398,-3.333333333333336,-9.375000000000009,-14.705882352941178,-52.459016393442624,163.6363636363636,7.407407407407397,-82.42424242424242,-60.81081081081081,-89.32515333231962,6.5608465608465565,6.067283466802147
PRIMEINSUR,Prime Islami Insurance PLC,52.2,6.74846625766872,-3.153988868274575,-16.87898089171974,23.11320754716982,65.71428571428572,74.58193979933112,56.75675675675677,0.19193857965451327,203.48837209302326,46.16000034493761,4.838596191012139,6.001886470742696
PRIMELIFE,Prime Life Insurance Company Limited,36.1,2.2662889518413722,-1.0958904109589003,-12.590799031476987,-19.777777777777775,3.4383954154727876,9.393939393939398,-16.820276497695847,-52.18543046357616,-36.99825479930191,-60.2899999392437,5.1922166920893025,5.025052029954914
PRIMETEX,Prime Textile Spining Mills Ltd.,14.3,2.8776978417266212,-8.91719745222929,-18.75,-15.882352941176467,-32.863849765258216,3.623188405797101,-1.3793103448275814,-42.105263157894726,-31.904761904761898,-29.207920792079204,8.763379035824858,7.393549598998259
PROGRESLIF,Progressive Life Insurance Co. Ltd.,35.8,1.9943019943019822,-7.731958762886599,-6.28272251308902,-21.49122807017545,-15.165876777251198,-21.49122807017545,-37.08260105448155,-70.65573770491804,-7.378239554022522,-52.14812743372302,4.841544984164064,4.765596039895559
PROVATIINS,Provati Insurance PLC,51.9,5.918367346938773,-9.265734265734274,-11.884550084889645,-5.46448087431694,65.28662420382166,80.8362369337979,56.32530120481926,-64.99767460061673,522.2083376118647,177.87551280038585,6.329925413076059,4.909276056532931
PTL,Paramount Textile PLC,80.3,0.8793969849246267,5.657894736842102,20.93373493975902,26.656151419558356,46.26593806921676,55.01930501930502,44.94584837545126,44.916406462506316,653.9279493592135,214.29371284543654,1.699723585273472,2.0816125165253037
PUBALIBANK,Pubali Bank PLC,37.8,1.0695187165775364,-3.076923076923084,-3.324808184143233,1.3404825737265416,15.920027629152184,40.67964519734515,49.381478932355186,119.19016632660102,231.6289311209052,116.8304004646861,2.297816730321528,2.2813336186754465
PURABIGEN,Purabi General Insurance Co. Ltd.,27.6,4.5454545454545565,-6.1224489795918275,-15.337423312883434,-14.551083591331256,38.00000000000001,42.268041237113415,49.18918918918919,-37.24503334905679,249.04573103962755,-6.767370126260003,5.286495461958951,4.760945200162855
QUASEMIND,Quasem Industries Limited.,38.8,4.021447721179626,-7.177033492822967,-13.199105145413881,-10.804597701149431,1.041666666666663,2.5961537327061612,-0.5128206148586613,-8.108897078614502,-8.416773090251318,144.16570285034842,4.149808982785899,3.048080995510333
QUEENSOUTH,Queen South Textile Mills Ltd.,13.9,3.731343283582089,-9.74025974025974,-25.66844919786096,-8.552631578947361,17.796610169491522,16.80672268907563,1.459854014598548,-53.07643329616057,-42.75721599405358,-42.75721599405358,4.958835024624498,5.884800122453777
RAHIMAFOOD,Rahima Food Corporation Ltd.,69.8,4.491017964071856,-3.0555555555555594,-17.003567181926275,-32.625482625482626,-43.11328443357784,-56.375,-49.78417266187051,-79.57272461223295,16.33333333333333,305.8139534883721,6.312554843081163,5.404468797896083
RAHIMTEXT,Rahim Textile Mills Ltd.,174.6,3.9904705181655675,-9.627329192546583,-21.983914209115287,-11.81818181818182,-12.700000000000003,-18.14345991561182,2.4647887323943594,-46.111111111111114,-5.517149906722599,332.9032429944523,6.552696945757088,5.313417394038513
RAKCERAMIC,RAK Ceramics (Baneladesh) Limited,27.1,2.6515151515151625,-7.191780821917801,-13.141025641025633,-7.823129251700671,17.316017316017316,22.072072072072082,10.16260162601626,-41.21475054229935,-40.32833619590525,-32.48911768857801,3.607811532760888,3.4171269659473404
RANFOUNDRY,Rangpur Foundry Limited,148.7,0.6770480704129994,-0.8666666666666742,-12.374779021803183,-5.226258763543669,1.0190217391304348,4.0587823652904005,-15.511363636363642,-12.167749556999421,36.67279411764705,139.83870967741933,2.826923437933498,3.6030148459024396
RDFOOD,Rangpur Dairy and Food Products Limited,22.6,5.116279069767449,-5.833333333333328,-17.51824817518247,-22.068965517241374,15.306122448979592,13.000000000000005,-16.29629629629629,-54.17716552201702,141.8780199748413,39.684556744021044,5.1600418391214475,4.974947115018378
RECKITTBEN,Reckitt Benckiser (Bangladesh) PLC,3259.4,0.23988190429327663,-0.44593769089798135,-1.2392812774596276,-3.422323624403686,-7.070764668985573,-4.695906432748536,-3.5709002692227987,-34.61584754262788,112.20052083333333,341.05548037889037,1.1681086735782986,0.647174086867964
REGENTTEX,Regent Textile Mills Ltd.,6.0,1.6949152542372818,-4.761904761904759,-14.285714285714286,-20.0,15.384615384615381,50.0,76.47058823529412,-61.78343949044586,-43.38008445107645,-76.61597482626132,6.146711452919215,7.284722412001987
RELIANCE1,Reliance Insurance Mutual Fund Reliance One Units,12.1,0.8333333333333304,3.418803418803422,2.542372881355923,12.037037037037026,0.0,-22.929936305732483,-19.333333333333336,-6.201550387596905,63.5135135135135,32.96703296703297,7.424718436209337,5.291815111949275
RELIANCINS,Reliance Insurance PLC,109.4,6.940371456500498,4.3893129770992445,-4.03508771929824,-2.1466905187835343,57.41007194244605,67.2782874617737,72.28346456692915,6.213592233009714,245.87030778212423,126.55420559251463,9.198573214855658,7.033149760811518
RENATA,Renata PLC,449.7,0.8522090154743243,-2.8935435111207153,-5.06649778340722,3.142201834862383,3.4268629254829754,14.719387755102039,-9.352953033662574,-63.52443670000962,-30.12752645236925,44.76738825630643,1.3385573645897986,1.1254608824522112
RENWICKJA,Renwick Janeswar and Co. (BD) Limited,721.6,-1.1506849315068461,-2.4864864864864833,-16.09302325581395,33.62962962962963,41.49019607843138,47.62684124386252,7.8141341700283995,-40.165837479270316,13.834989746016728,819.2356687898089,2.161631295125639,3.8196697114443627
REPUBLIC,Republic Insurance PLC,38.4,4.918032786885238,-3.7593984962406015,-14.476614699331849,11.627906976744187,22.29299363057325,40.14598540145985,19.999999999999996,-28.24406743588459,401.3439883414127,87.23062221654953,5.163130900085341,5.004961436405562
RINGSHINE,Ring Shine Textiles Ltd.,4.0,8.108108108108103,2.5641025641025665,-18.367346938775515,8.108108108108103,0.0,24.999999999999993,37.931034482758626,-70.14925373134328,-73.06666666936,-73.06666666936,5.421210684368575,6.9134687132608095
ROBI,Robi Axiata PLc,29.8,1.7064846416382253,0.0,-6.289308176100628,-4.180064308681674,-7.453416149068329,5.300353356890459,-4.792332268370607,-29.047619047619047,98.66666666666667,98.66666666666667,2.23813401429341,1.7190005197255047
RSRMSTEEL,Ratanpur Steel Re-Rolling Mills Ltd,6.9,0.0,-7.999999999999996,-12.658227848101266,-17.857142857142858,-17.857142857142858,2.985074626865674,-24.99999999999999,-80.56338028169014,-79.39605559294648,-84.77662844210299,3.789915966386554,3.442990502742365
RUNNERAUTO,Runner Automobiles PLC,45.6,4.587155963302751,-0.6535947712418239,-3.594080338266376,9.352517985611508,37.764350453172206,23.243243243243246,47.572815533980595,-30.487804878048774,-50.79136678610838,-50.79136678610838,2.932283372443387,4.35862523864368
RUPALIBANK,Rupali Bank PLC,17.2,1.17647058823529,-1.7142857142857184,-3.3707865168539404,0.5847953216374144,-6.52173913043478,-0.578034682080933,-23.55555555555556,-54.5155555911345,25.189175218675242,-42.637929053070565,2.007731359958075,2.5754297704402465
RUPALIINS,Rupali Insurance Company Ltd.,27.1,3.4351145038168025,-6.228373702422136,-15.312499999999996,-1.8115942028985506,26.466666953324445,32.967290052044405,18.562500296406267,-37.185430313819566,137.99173427307085,-13.531923150887266,4.250513732625499,4.232382147134715
RUPALILIFE,Rupali Life Insurance PLC,74.9,4.027777777777786,-8.210784313725476,-16.499442586399105,-23.571428571428566,-8.323133414932677,-4.7073791348600365,-34.18277680140597,-11.88235322107958,161.42902588227005,-25.58656283306541,4.660090569549094,3.958230595388265
SAFKOSPINN,Safko Spinning Mills Limited,20.4,1.4925373134328215,-2.857142857142864,-2.3923444976076556,-2.857142857142864,35.09933774834436,47.82608695652172,38.77551020408163,-27.19434628923813,87.04241311412305,3.311085969581819,3.6030726002775664,4.32631666478586
SAIFPOWER,SAIF Powertec Ltd.,7.9,5.3333333333333375,-13.186813186813179,-25.47169811320754,-9.195402298850562,2.5974025974025996,58.000000000000014,19.696969696969706,-75.65697683518933,-49.28790623572659,-42.52741889713613,7.069636742065759,5.160451249533054
SAIHAMCOT,Saiham Cotton Mills Ltd.,22.8,1.7857142857142954,-7.317073170731709,-0.4366812227074143,14.000000000000004,17.5257731958763,16.326530612244895,26.66666666666667,13.43283582089552,72.72727272727273,-11.690140919698473,4.903264559560437,6.5875697678601535
SAIHAMTEX,Saiham Textile Mills Ltd.,35.0,2.941176470588235,9.375,20.274914089347075,86.17021276595744,75.87939698492464,102.31213872832369,118.75,43.44262295081968,172.22222279691354,49.337455779861976,6.746841062964646,6.4594627909825695
SALAMCRST,S. Alam Cold Rolled Steels Limited,11.3,2.7272727272727337,-8.870967741935482,-11.023622047244084,-25.165562913907277,-30.674846625766868,-24.16107382550335,-52.916666666666664,-69.6236559139785,-58.148148148148145,-76.26050420168066,4.116774148810764,5.140353236376187
SALVO,Salvo Organic Industries PLC,29.6,3.8596491228070224,-8.92307692307692,-19.999999999999996,-20.21563342318059,-4.207119741100315,-2.310231023102308,-7.210031347962373,-41.035856573705175,181.32758754684042,72.90032220255424,4.994855282178098,4.313474737849757
SAMATALETH,Samata Leather Complex (Pvt.) Ltd.,79.0,9.874826147426974,-8.775981524249417,-26.85185185185185,-27.522935779816514,-6.949352179034164,-5.9523809523809526,-26.16822429906542,-28.116469517743404,209.9230759313231,437.19999828095996,6.810211268942008,5.6320435500895565
SAMORITA,Samorita Hospital Ltd.,92.1,9.904534606205248,-0.8611410118407011,-14.722222222222227,23.624161073825498,36.444444444444436,26.685006877579077,27.91666666666666,14.418802076251033,71.70009276191657,134.6120796379776,7.0191177809679814,7.970369875560528
SANDHANINS,Shandhani Life Insurance Co.Ltd,24.2,2.109704641350211,-2.811244979919676,-14.487632508833926,-5.836575875486382,19.801980198019802,25.388601036269424,4.310344827586207,-41.68674698795181,20.5813158669085,-43.16235240847094,2.751311270908561,3.1616153546919255
SAPORTL,Summit Alliance Port Limited,60.9,3.7478705281090217,4.639175257731951,-1.4563106796116483,-0.16393442622951052,24.28571428571428,44.655581947743464,74.49856733524355,102.32558139534882,54.922589696052604,188.97157397398007,3.701328620202456,2.9394857680214685
SBACBANK,SBAC Bank PLC.,6.6,0.0,0.0,-9.589041095890414,0.0,-2.941176470588238,6.451612903225797,-12.000000000000004,-69.05071423633912,-36.97599990214093,-36.97599990214093,3.0303030303030356,3.643119163582322
SEAPEARL,Sea Pearl Beach Resort & Spa Ltd.,33.0,3.773584905660375,-5.714285714285714,-16.455696202531644,-10.326086956521733,-14.948453608247418,0.0,-36.781609195402304,-23.4338747099768,37.50000034375001,37.50000034375001,4.1336333024291205,4.789060628774688
SEMLFBSLGF,SEML FBLSL Growth Fund Units,6.7,1.5151515151515234,-2.8985507246376834,-10.666666666666664,24.074074074074066,31.372549019607856,36.73469387755101,28.846153846153847,-37.38317757009345,9.836065573770501,9.836065573770501,3.8727369893152233,4.441598912511613
SEMLIBBLSF,SEML IBBL Shariah Fund Units,7.8,0.0,-1.2658227848101333,-1.2658227848101333,25.80645161290322,29.999999999999996,34.48275862068966,14.705882352941178,-27.102803738317753,-43.065693430656935,-43.065693430656935,1.5384615384615445,2.335549603756828
SHAHJABANK,Shahjalal Islami Bank PLC,17.2,0.0,-2.2727272727272845,-2.824858757062147,0.5847953216374144,-5.4945054945054945,4.878048780487809,-6.52173913043478,-18.73394524713358,120.13542654649714,5.727014595269514,1.6293851678287616,1.2875013745973791
SHARPIND,Sharp Industries PLC,18.3,3.977272727272723,-11.165048543689322,-58.219178082191775,4.571428571428576,7.017543859649118,41.860465116279066,1.6666666666666705,12.269938650306749,12.269938650306749,12.269938650306749,8.168476269611066,10.953120643492325
SHASHADNIM,Shasha Denims PLC,27.9,2.9520295202951923,-2.1052631578947416,-7.000000000000004,16.249999999999996,43.81443298969072,75.47169811320754,43.07692307692307,-11.70886075949368,-0.3208329761690034,-16.414865400125507,4.594754984173141,4.5829087391560455
SHEPHERD,Shepherd Industries PLC,12.6,4.9999999999999964,-12.500000000000004,-27.58620689655172,-23.170731707317067,-6.666666666666669,-5.970149253731348,-29.60893854748603,-36.37931060573509,-65.27300021231315,-65.27300021231315,6.093295533093502,5.3448613534234894
SHURWID,Shurwid Industries Ltd,5.8,-1.6949152542372972,-6.451612903225812,-7.936507936507937,-15.942028985507253,-22.66666666666667,26.086956521739136,-1.6949152542372972,-75.2136752136752,-35.5555556271605,-80.69210533919544,3.7878741271647804,4.191864597193282
SHYAMPSUG,Shyampur Sugar Mills Ltd.,295.1,0.06781959986437622,-2.0252324037184484,-0.3040540540540464,50.94629156010231,82.61138613861388,94.14473684210527,57.13525026624069,152.22222222222226,1963.6363636363635,3588.7500000000005,4.219873074750219,5.146235183533297
SICL,"Sikder Insurance Co., Ltd.",35.6,8.868501529051983,-6.561679790026247,-7.049608355091372,-10.552763819095468,75.36945812807882,92.43243243243245,54.782608695652186,31.851851851851855,31.851851851851855,31.851851851851855,6.386971420530584,6.212742030990855
SILCOPHL,Silco Pharmaceuticals Ltd.,16.7,4.374999999999996,-4.571428571428576,-17.733990147783256,-16.500000000000004,20.143884892086323,21.897810218978105,3.726708074534148,-46.30225080385853,-31.455223954768602,-31.455223954768602,4.068406939560611,5.144054755978375
SILVAPHL,Silva Pharmaceuticals Ltd.,12.3,2.500000000000006,-6.818181818181808,-24.07407407407407,-9.558823529411757,26.80412371134022,28.125000000000014,-6.818181818181808,-44.59459459459459,-66.01315780976972,-66.01315780976972,5.10468220338983,5.6865249580161406
SIMTEX,Simtex Industries PLC,23.8,3.0303030303030267,-5.928853754940711,-13.768115942028986,-7.751937984496124,-2.4590163934426146,5.77777777777778,26.595744680851062,6.726457399103139,35.48149937309322,-11.658638759293115,3.2973482635651954,4.028894478493182
SINGERBD,Singer Bangladesh Limited,71.7,0.13966480446928564,-2.7137042062415198,-6.88311688311688,-13.40579710144927,-15.448113207547165,-15.64705882352941,-33.48794063079777,-63.969849246231156,-50.94210531221579,-29.34354161209798,2.2087464521689464,2.0990858589743198
SINOBANGLA,Sinobangla Industries Ltd.,47.4,1.7167381974248865,-9.369024856596557,-16.254416961130747,-12.54612546125462,0.0,3.493449781659392,-13.66120218579235,-1.129913793953697,101.29432582750914,160.59873371655615,4.269566978037258,3.246525716549482
SIPLC,Sena Insurance PLC,136.0,1.0401188707280875,17.24137931034483,-7.482993197278912,30.76923076923077,126.66666666666667,155.1594746716698,173.09236947791166,184.51882845188285,184.51882845188285,184.51882845188285,7.67969123237466,6.828391104364343
SKTRIMS,SK Trims & Industries Ltd.,12.0,0.8403361344537785,-16.083916083916087,-17.808219178082187,-14.285714285714286,30.43478260869566,46.341463414634156,23.711340206185575,-71.76470588235294,-67.73333339872711,-67.73333339872711,8.448441775630837,6.436339234013802
SONALIANSH,Sonali Aansh Industries Limited.,202.9,4.158110882956876,-3.7476280834914637,-11.782608695652172,9.794372294372291,26.338729763387303,5.457380457380458,-8.479927830401436,203.97003745318352,945.8762886597939,1402.962962962963,4.002476716471421,3.861152558757574
SONALILIFE,Sonali Life Insurance PLC,82.8,2.8571428571428537,-3.2710280373831746,-4.6082949308755765,-1.428571428571432,37.99999999999999,35.960591133004925,14.999999999999996,7.532467532467529,652.7272727272727,652.7272727272727,3.7460840605615857,2.9553990577221434
SONALIPAPR,Sonali Paper & Board Mills Ltd.,215.5,3.357314148681055,-4.051647373107745,-13.349416968234818,-6.385751520417024,-7.905982905982906,-8.879492600422832,-18.185269552012144,-19.738593755960178,42.783094522078144,42.783094522078144,3.488890067535923,3.0043794331921356
SONARBAINS,Sonar Bangla Insurance Ltd.,36.4,5.202312138728315,-1.6216216216216255,-10.565110565110576,-20.524017467248907,42.08178476955127,51.06719402220936,32.70833366510416,-52.28180713551417,289.9395497605625,74.87288968867507,4.46380066496698,5.118780447784687
SONARGAON,Sonargaon Textiles Limited.,94.9,8.581235697940503,1.4973262032085621,-22.213114754098356,12.976190476190482,139.04282115869017,205.14469453376205,169.60227272727272,282.66129032258067,1016.4705882352941,408.3928584138393,7.478047118791055,7.134514710058502
SOUTHEASTB,Southeast Bank PLC,12.6,1.6129032258064457,4.132231404958678,9.565217391304346,25.999999999999993,41.915789360151564,48.15384610500424,56.76744181307029,-8.642069224881258,22.135764145742876,5.882312723692983,3.7604767616762826,3.7952587695521096
SPCERAMICS,Shinepukur Ceramics PLC,21.2,7.070707070707064,0.952380952380949,-7.826086956521742,-10.169491525423737,5.472636815920387,45.205479452054796,-4.072398190045258,-42.547425474254744,140.90909090909088,-6.590038586174607,5.192366496177748,5.143768875882636
SPCL,Shahjibazar Power Co Ltd,48.5,2.972399150743097,-7.265774378585081,-14.912280701754385,-10.845588235294116,0.8316008316008286,2.1052631578947367,1.4644351464435206,-53.51152066294562,-62.86250080655757,86.77721562050667,3.7437822826618863,3.1967319299482453
SQUARETEXT,Square Textiles PLC,48.3,1.0460251046025106,-0.4123711340206244,-6.213592233009714,-1.8292682926829382,-0.821355236139642,-0.4123711340206244,-10.88560885608857,-6.213592233009714,-16.140550755829306,-36.7058863491886,3.137825589577407,3.1680644380987317
SQURPHARMA,Square Pharmaceuticals PLC,213.2,0.23507287259050308,-1.3419713095789014,-2.737226277372263,-1.7511520737327242,-1.7511520737327242,7.135678391959793,-3.7037037037037113,-12.082474226804127,14.756370002407387,103.67713224311287,1.0558460654759085,0.731471672820561
SSSTEEL,S.S. Steel Ltd,6.1,3.3898305084745637,-7.575757575757576,-14.084507042253522,-6.1538461538461595,5.172413793103446,48.78048780487805,7.017543859649113,-73.00000011640984,-83.6354081919878,-83.6354081919878,5.348692520880074,4.852369161069636
STANCERAM,Standard Ceramic Industries Ltd.,63.7,-0.46874999999999556,-3.630862329803316,-13.33333333333333,-14.953271028037385,-5.489614243323446,-9.129814550641928,-24.61538461538461,-73.91482391482391,26.138613861386144,160.00000000000003,6.518218965809268,5.5432166923908035
STANDARINS,Standard Insurance PLC,53.1,2.312138728323705,6.841046277665994,0.7590132827324451,-0.18796992481203273,40.84880636604774,35.80562659846547,31.111111111111118,-43.69034994697773,493.46343281177514,103.44148395643505,4.05611147858704,4.356956896609139
STANDBANKL,Standard Islami Bank PLC,4.4,0.0,-2.2222222222222143,-10.204081632653061,-8.333333333333321,-25.423728813559322,-8.333333333333321,-22.807017543859644,-53.77250052488436,-26.167697754623937,-51.42875764566825,3.22410147991543,3.7170571235513843
STYLECRAFT,Stylecraft Limited,51.2,-0.19493177387913124,-3.3962264150943344,-15.789473684210519,-3.0303030303030196,-1.538461538461533,8.47457627118644,-35.189873417721515,-72.50268528464018,-2.8162407997622827,108.47483825948945,6.889290183855123,4.726958218125944
SUMITPOWER,Summit Power Ltd.,15.4,1.9867549668874218,-0.6451612903225784,-9.941520467836263,4.054054054054052,10.000000000000002,24.193548387096772,-2.531645569620255,-67.3036093418259,-52.02492211838007,-66.45753429367264,2.9166143836412237,3.2190303099782684
SUNLIFEINS,Sunlife Insurance Co. Ltd.,46.5,1.9736842105263126,-4.907975460122697,-30.803571428571434,-35.416666666666664,-11.931818181818178,-11.764705882352946,-23.01324503311258,11.244019138755988,174.16184880133582,-49.724200353802864,5.044648780006543,5.425239338683726
TAKAFULINS,Takaful Islami Insurance PLC,55.7,2.389705882352949,1.0889292196007285,0.5415162454873723,46.57894736842106,77.38853503184716,63.82352941176472,46.96569920844328,-9.724473257698541,372.76076036189164,81.40696086863055,5.07054883728331,5.297346789624414
TALLUSPIN,Tallu Spinning Mills Limited,7.1,2.898550724637671,-7.792207792207799,-13.414634146341461,-17.441860465116278,-17.441860465116278,12.698412698412696,7.575757575757576,-49.645390070921984,-49.645390070921984,-69.1304348094518,4.855235012891882,4.692057695349174
TAMIJTEX,Tamijuddin Textile Mills PLC,114.4,4.570383912248629,-5.45454545454545,-17.341040462427745,-12.671755725190836,0.3508771929824611,-9.206349206349202,-23.501519835895078,-24.646706662179643,767.8620677684661,767.8620677684661,4.843922045651708,3.9510977614553786
TECHNODRUG,Techno Drugs Ltd.,40.5,4.92227979274611,-6.682027649769583,-10.989010989010989,-4.929577464788736,35.0,38.6986301369863,12.188365650969525,53.40909090909092,53.40909090909092,53.40909090909092,4.573740534377258,4.329791439391276
TILIL,Trust Islami Life Insurance Ltd.,42.5,2.1634615384615348,-10.714285714285717,-16.17357001972387,-22.727272727272727,0.4728132387706923,-4.279279279279276,-36.75595238095239,286.3636363636364,286.3636363636364,286.3636363636364,4.208641732548724,4.232366253811486
TITASGAS,Titas Gas Transmission and Distribution PLC,17.3,4.848484848484853,-3.3519553072625583,-13.499999999999996,-3.888888888888885,2.9761904761904763,10.897435897435905,-18.396226415094336,-59.9537037037037,-63.347457627118644,-72.88401253918495,3.7007462509458247,2.884838308120404
TOSRIFA,Tosrifa Industries PLC,18.2,3.409090909090897,-9.000000000000004,-21.888412017167386,-13.744075829383895,8.333333333333325,7.058823529411761,-15.348837209302328,-7.648515211518795,-1.569095645498509,-58.082215092738906,5.195271610308032,5.325505068768815
TRUSTB1MF,Trust Bank 1st Mutual Fund Units,3.6,2.85714285714286,-2.702702702702705,-9.999999999999998,16.129032258064516,20.000000000000004,50.00000000000001,5.882352941176476,-51.35135135135135,-2.8000004276799966,-44.88760044263523,5.670325787972846,5.660106131910642
TRUSTBANK,Trust Bank PLC,13.9,0.7246376811594177,-4.794520547945201,-9.74025974025974,-12.578616352201257,-18.916666463958332,-16.120689445474127,-20.679347627785326,-37.84091127059335,36.78283316479556,46.4408897638052,2.4289730327598633,1.912548187889509
TUNGHAI,Tung Hai Knitting & Dyeing Ltd,4.3,7.499999999999996,-4.444444444444448,-21.81818181818182,43.33333333333332,2.3809523809523725,168.75,86.95652173913044,-40.277777777777786,-57.76785717679369,-82.65666670181581,6.867015098722421,10.02633921293382
UCB,United Commercial Bank PLC,9.5,3.2608695652173996,5.555555555555555,-1.041666666666663,7.954545454545446,-5.0,-9.523809523809524,-1.041666666666663,-32.22867621221006,-20.15860313633715,-25.08498670596815,5.477444994693901,3.378437360320237
UNILEVERCL,Unilever Consumer Care Limited,1975.1,0.07600324280502635,-0.8035759128120135,-3.5831095923846763,-4.436810528353022,-8.348027842227381,-8.560185185185189,-19.48226661231146,5.338666666666662,101.27125660785936,490.6841121495327,0.9681716705991938,1.0106042809170865
UNIONCAP,Union Capital Limited,4.3,2.3809523809523725,-4.444444444444448,-12.244897959183684,-14.000000000000004,-39.43661971830986,53.57142857142858,-2.2727272727272845,-71.71052631578947,-54.653695455380806,-77.26722578516957,3.798449612403104,4.68330704020023
UNIONINS,Union Insurance PLC,46.5,1.3071895424836633,-5.679513184584173,-14.835164835164838,12.048192771084338,43.96284829721363,26.35869565217392,33.62068965517242,322.72727272727275,322.72727272727275,322.72727272727275,4.379567323681352,4.783268177002457
UNIQUEHRL,Unique Hotel & Resorts PLC,39.8,3.91644908616188,-6.572769953051654,-8.924485125858135,-4.326923076923087,3.64583333333333,3.9164490861618804,-7.226107226107229,-15.498938428874744,-11.55555555555556,-68.58721389108129,3.9505881881344926,3.08682991390119
UNITEDFIN,United Finance PLC,16.4,2.499999999999991,-5.2023121387283355,-14.136125654450275,4.458598726114645,27.131782945736422,41.37931034482758,15.49295774647887,-35.93750000000001,-6.798968584420895,-29.652700754038463,4.463487333032485,4.619012080916237
UNITEDINS,United Insurance Company Limited,60.9,3.395585738539898,0.0,-9.239940387481365,37.78280542986424,50.37037037037037,45.693779904306226,42.62295081967212,-10.441176470588237,207.25500151015834,59.51586577463768,4.563009876937658,4.666074876691576
UPGDCL,United Power Generation & Distribution Co. Ltd.,111.9,1.7272727272727324,-1.8421052631578898,-8.203445447087777,-10.479999999999997,-5.9663865546218435,-3.617571059431515,-21.25263898662913,-62.79920212765957,18.44047725423286,100.61157958517397,1.7546816944392922,2.461085599688022
USMANIAGL,Usmania Glass Sheet Factory Limited,52.8,3.937007874015748,-4.86486486486487,-22.35294117647059,18.918918918918916,45.05494505494505,55.29411764705882,34.35114503816794,-31.25,-34.50438043994569,8.87954887124868,6.72094462118203,6.595961895045452
UTTARABANK,Uttara Bank PLC,20.8,0.9708737864077635,-0.47846889952152094,-1.886792452830182,-4.587155963302752,2.362204724409451,13.537117903930135,22.065727699530527,50.69375015790694,127.57267736133448,60.50178525016851,1.067970316680789,1.0099194836192158
UTTARAFIN,Uttara Finance and Investments Limited,11.7,-1.680672268907572,-7.142857142857145,-13.333333333333337,-15.217391304347835,-18.750000000000007,18.18181818181817,-13.333333333333337,-77.62906309751433,-77.90467620375449,-83.4596082983633,4.932730153661881,3.3559797590889544
VAMLRBBF,Vanguard AML Rupali Bank Balanced Fund Units,8.0,0.0,-1.2345679012345636,-3.6144578313253093,17.647058823529413,40.35087719298245,40.35087719298245,35.593220338983045,-11.11111111111111,-27.272727272727273,-27.272727272727273,2.0001562744178747,2.0387435468261157
VFSTDL,VFS Thread Dyeing Ltd.,13.2,3.937007874015748,-9.589041095890414,-19.51219512195122,-24.571428571428573,24.52830188679245,3.124999999999989,62.96296296296296,-47.300380106907724,-44.27832920864853,-44.27832920864853,6.299222618813415,6.5150110026277375
WALTONHIL,Walton Hi-Tech Industries PLC,391.8,0.6939090208172677,0.46153846153846445,0.07662835249042436,3.7880794701986784,0.487304437035146,3.10526315789474,-6.28832364253334,-65.93043481667826,14.015872901857147,14.015872901857147,0.9721536056170124,1.6357310522342572
WATACHEM,Wata Chemicals Ltd.,128.9,3.5341365461847434,-3.8777032065622588,-13.721552878179384,-3.8777032065622588,0.0,-9.225352112676052,-12.905405405405402,-62.088235294117645,27.498913231261987,510.9322919244038,4.185164221487111,4.099507495050397
WMSHIPYARD,Western Marine Shipyard Limited,8.6,2.3809523809523725,-4.444444444444448,-14.851485148514852,-3.3707865168539404,2.3809523809523725,4.878048780487809,-9.473684210526319,-43.79084967320262,-36.49614241866592,-75.0218160475195,3.755114872175401,3.5105214609210282
YPL,Yeakin Polymer Ltd.,18.7,9.999999999999996,-10.952380952380954,-22.08333333333334,-24.899598393574294,14.024390243902443,5.649717514124294,-1.0582010582010546,24.666666666666664,-25.371317067213994,-25.371317067213994,8.853676295320188,6.397653662828008
ZAHEENSPIN,Zaheen Spinning PLC,5.1,1.9999999999999927,-10.526315789473694,-15.000000000000005,-13.559322033898317,-13.559322033898317,27.499999999999993,-27.142857142857146,-51.42857142857143,-58.694664712299065,-64.16514351955931,5.104228358009866,6.614121423211155
ZAHINTEX,Zahintex Industries Ltd.,7.6,-2.5641025641025665,-8.433734939759049,-16.483516483516485,-12.643678160919539,5.555555555555547,31.034482758620687,26.66666666666666,-22.448979591836746,-53.93469413354251,-67.96232278779873,6.404499079604561,6.271414277642822
ZEALBANGLA,Zeal Bangla Sugar Milla Limited,171.7,5.402087170042961,-4.611111111111118,-18.003820439350534,30.174374526156164,24.872727272727268,20.069930069930063,63.52380952380952,7.312499999999993,909.9999999999999,1873.5632183908046,6.440732447883683,7.707814227429119
