Symbol,Name,Price,Change %,Perf % 1W,Perf % 1M,Perf % 3M,Perf % 6M,Perf % YTD,Perf % 1Y,Perf % 5Y,Perf % 10Y,Perf % All Time,Volatility 1W,Volatility 1M
1JANATAMF,First Janata Bank Mutual Fund Units,4.0,-2.439024390243894,2.5641025641025665,24.999999999999993,29.032258064516125,73.91304347826089,53.84615384615385,14.285714285714286,-54.02298850574712,-6.720000532442244,-26.42704237624497,4.968085494401282,5.77397054042415
1STPRIMFMF,Prime Finance First Mutual Fund 2009 Units,23.8,2.1459227467811157,-2.4590163934426146,2.1459227467811157,22.680412371134032,23.3160621761658,19.000000000000004,3.4782608695652204,10.185185185185182,180.0,-22.222222222222225,3.4519827740340476,4.330527731066991
AAMRANET,aamra networks ltd,21.1,-0.4716981132075371,0.47619047619048294,2.92682926829269,27.878787878787886,30.24691358024693,18.53932584269663,9.895833333333346,-42.12491159593961,-64.97665131610778,-64.97665131610778,2.3313336617990568,3.3805848036935164
AAMRATECH,Aamra Technologies Limited,20.0,2.0408163265306047,14.285714285714286,20.481927710843365,52.67175572519084,76.99115044247786,62.60162601626015,53.84615384615385,-30.49180355489814,-2.7947599584859484,-31.98333348034569,4.686917967090388,5.095410593869505
ABB1STMF,AB Bank 1st Mutual Fund 2011 Units,4.0,0.0,0.0,24.999999999999993,24.999999999999993,60.0,48.14814814814813,8.108108108108103,-48.71794871794872,-5.840000659684963,-40.33330668121587,5.352564102564102,6.319712100989739
ABBANK,AB Bank PLC,5.1,0.0,1.999999999999993,1.999999999999993,-7.27272727272728,15.909090909090892,24.390243902439025,-28.169014084507044,-59.604887323892456,-61.588034699923355,-77.8392508076761,3.1999999999999984,3.442698118208321
ACFL,Aman Cotton Fibrous PLC,24.6,4.23728813559322,3.3613445378151288,2.928870292887041,28.795811518324605,40.57142857142858,36.66666666666667,24.242424242424246,-48.21052631578947,-59.0,-59.0,3.3693299797095366,3.5224804562777243
ACI,Advanced Chemical Industries PLC,203.0,0.7444168734491315,-1.4563106796116505,2.1640664318067495,1.5,-2.7311931001437415,4.102564102564102,5.619146722164419,-13.689260607196653,-23.305227645150527,225.96929577854115,1.6043249982277519,2.2287827162940412
ACIFORMULA,ACI Formulations PLC,169.0,-1.5151515151515118,-3.5938391329150092,12.666666666666666,19.014084507042252,26.781695423855954,31.007751937984494,24.264705882352942,13.604353677096661,8.003652122918334,145.09668569561464,3.492130763416352,3.806842584205529
ACMELAB,ACME Laboratories Ltd.,83.4,-0.5959475566150179,-1.4184397163120435,1.8315018315018314,9.019607843137262,12.096774193548386,16.970546984572245,5.1702395964691155,11.646586345381529,-27.54126846220677,-38.222222222222214,1.6225632048552998,2.1974523078167287
ACMEPL,ACME Pesticides Ltd,24.0,3.004291845493559,6.666666666666667,2.127659574468085,2.127659574468085,54.83870967741935,50.943396226415096,58.94039735099338,118.18181818181819,118.18181818181819,118.18181818181819,5.356483278821797,3.3212187696374813
ACTIVEFINE,Active Fine Chemicals Ltd.,6.9,0.0,2.985074626865674,-4.166666666666664,4.5454545454545565,23.214285714285726,27.777777777777775,-22.47191011235955,-72.72727272727272,-71.55391111546581,-76.59999983558957,2.977214601255522,3.5576707036225312
ADNTEL,ADN Telecom Ltd.,68.0,-0.8746355685131112,-0.7299270072992701,-0.43923865300146,15.059221658206427,11.658456486042695,17.44386873920553,-14.786967418546364,24.087591240875916,67.90123456790124,67.90123456790124,2.5230917263810166,2.738413669468496
ADVENT,Advent Pharma Ltd.,15.8,0.0,0.0,0.6369426751592447,17.910447761194032,17.910447761194032,17.910447761194032,-1.2499999999999956,-40.750000185156246,-57.09920827148204,-57.09920827148204,2.7451017640266513,2.337542186503083
AFCAGRO,AFC Agro Biotech Ltd.,7.3,-1.3513513513513586,0.0,-9.876543209876543,10.606060606060609,43.137254901960794,45.99999999999999,-8.750000000000002,-74.3859649122807,-76.83331001510781,-68.14097496727122,3.738239266379911,4.241486889048418
AFTABAUTO,Aftab Automobiles Ltd.,31.1,0.3225806451612949,-0.9554140127388445,-0.6389776357827454,11.870503597122305,0.3225806451612949,-9.064327485380119,-13.12849162011172,15.446970254963395,-29.738216865873245,-54.28299962745216,2.986422545122161,2.68318648899487
AGNISYSL,Agni Systems PLC,33.0,-0.6024096385542254,-5.17241379310344,10.738255033557046,34.14634146341463,46.666666666666664,58.65384615384615,25.000000000000007,30.434782608695645,113.4169010108194,78.05842279226805,3.376244768990762,3.8549517579768238
AGRANINS,Agrani Insurance PLC,30.8,3.3557046979865772,8.450704225352121,15.355805243445698,33.913043478260875,23.200000000000003,29.41176470588235,16.666666666666675,-37.20853162383816,263.405729284352,86.68504077409192,3.534061978210912,4.538446149618927
AIBL1STIMF,AIBL 1st ISLAMIC Mutual Fund 2010- Units,6.5,-1.5151515151515098,-4.411764705882351,58.53658536585367,62.5,85.71428571428571,91.17647058823529,12.068965517241383,-32.98969072164948,-7.142857142857143,-15.584415584415586,6.652644230769228,7.463192180797728
AIL,Alif Industries Ltd.,38.4,-0.518134715025914,0.5235602094240726,12.609970674486794,23.87096774193548,40.14598540145985,-5.651105651105661,-18.12366737739872,9.714285588897946,-65.23323086801118,-65.23323086801118,2.9334702351794726,3.606734310397758
AL-HAJTEX,Alhaj Textile Mills Limited,103.0,1.477832512315271,-5.67765567765568,0.0,4.568527918781726,-17.6,-24.927113702623902,-23.53377876763177,121.98275857284854,49.17627811611109,344.84454098373334,4.95430940635674,4.033260596102453
ALARABANK,Al-Arafah Islami Bank PLC,17.5,0.0,2.339181286549699,16.666666666666668,19.04761904761905,34.61538461538461,16.666666666666668,0.0,-16.990131694833515,51.26875906679549,-2.1992353441067967,1.617168294465487,3.163010746499636
ALIF,Alif Manufacturing Company Ltd.,5.7,0.0,1.7857142857142954,3.63636363636364,1.7857142857142954,50.00000000000001,42.50000000000001,-3.3898305084745792,-59.85915492957747,-32.644946170402264,-66.2463325219078,4.055355894978534,3.8656936886945856
ALLTEX,Alltex Industries Limited,19.3,0.5208333333333408,-0.5154639175257623,7.821229050279343,28.66666666666667,41.91176470588236,44.02985074626866,75.45454545454547,33.10344827586207,6.043956043956052,152.56790037396618,2.5287124526397013,3.402558886390235
AMANFEED,Aman Feed PLC,38.8,0.2583979328165228,-0.5128205128205201,14.117647058823522,44.77611940298506,63.025210084033596,68.69565217391303,56.45161290322579,-49.47916666666667,-33.500163780527046,15.702447749127225,3.397588495341525,3.681949482353771
AMBEEPHA,Ambee Pharmaceuticals PLC,815.1,-1.3554399128645689,-2.148859543817524,6.688481675392673,8.651026392961874,14.802816901408454,13.208333333333336,-1.0200364298724927,89.6022330774599,147.75075987841944,336.0766847557945,2.052500494772854,2.2193707790076482
AMCLPRAN,Agricultural Marketing Co. Ltd.,229.1,-1.673819742489273,-3.6990332072299332,3.618272274988693,7.811764705882351,7.407407407407399,13.247652001977253,4.04178019981835,14.492753623188406,11.810639336261586,86.26016260162602,2.175062931544344,2.529522301413794
ANLIMAYARN,Anlima Yarn Dyeing Ltd.,34.1,-0.8720930232558057,-1.1594202898550683,3.3333333333333375,68.81188118811883,87.36263736263737,63.94230769230769,52.91479820627803,-12.339331619537269,-3.943661971830982,70.50000000000001,3.56590048923976,4.493738037807411
ANWARGALV,Anwar Galvanizing Ltd.,115.0,0.34904013961606084,-1.7094017094017093,-2.9535864978902953,12.745098039215685,29.50450450450451,32.7944572748268,64.75644699140402,-27.64767621852826,244.5028795887304,1323.124991336727,2.351811475392467,2.8249576330338293
AOL,Associated Oxygen Ltd,17.6,0.5714285714285796,-1.6759776536312692,-10.204081632653061,12.101910828025492,23.07692307692308,15.789473684210542,14.285714285714294,-65.12592595382519,35.590399264774625,35.590399264774625,2.8039260226332656,2.8566490611865656
APEXFOODS,Apex Foods Limited,285.0,0.7423117709438045,-2.995234853641937,6.70160988393859,9.153581003446945,19.546979865771807,15.947925142392185,26.948775055679288,108.02919708029196,134.95465787304204,298.0446927374302,2.377050592383687,3.2355323217628467
APEXFOOT,Apex Footwear Ltd.,218.0,-0.45662100456621,-1.535682023486904,6.393362615910197,7.974244675581969,21.043864519711274,21.583937534857775,25.172255397335785,67.03174333810682,13.68130591460661,63.58778986592584,2.160464179655528,2.2192748250526813
APEXSPINN,Apex Spinning and Knitting Mills Ltd.,371.8,-0.9325872635225153,-5.24974515800203,1.3079019073569513,4.702900591382706,86.83417085427136,106.55555555555556,170.99125364431492,201.7857142857143,287.6955161626694,431.14285714285717,3.7291772962567276,4.849862883094485
APEXTANRY,Apex Tannery Limited.,104.3,0.09596928982724982,-4.31192660550459,3.5749751737835096,2.254901960784311,39.43850267379679,75.0,43.07270233196157,-8.347978910369068,-33.77777777777778,42.68125854993161,3.2720106920070946,4.138257792414564
APOLOISPAT,Appollo Ispat Complex Ltd.,3.4,3.030303030303033,13.33333333333333,3.030303030303033,3.030303030303033,88.88888888888889,100.0,0.0,-66.33663366336633,-72.48428586265437,-86.04144003242504,6.3760997067448635,6.173117404962764
ARAMIT,Aramit Limited,205.0,0.0,-0.04875670404680366,-4.205607476635514,14.589155953046392,18.497109826589597,12.823335167859113,8.465608465608465,-35.73667711598746,-52.046783625730995,-3.30188679245283,3.6975075561108204,4.790093507856442
ARAMITCEM,Aramit Cement Limited,12.4,0.8130081300812979,0.0,3.333333333333336,8.771929824561402,27.835051546391767,40.9090909090909,-4.615384615384612,-78.01418439716312,-63.31360946745563,-65.68913034443987,5.38708021845457,5.2117329422959555
ARGONDENIM,Argon Denims Ltd.,25.5,9.91379310344828,18.6046511627907,30.10204081632652,50.88757396449705,45.714285714285715,44.886363636363626,43.25842696629213,6.781249798450394,56.432071978717524,-33.86533300890795,4.658770474808209,3.9117344010848636
ASIAINS,Asia Insurance PLC,43.6,3.809523809523813,3.5629453681710213,3.317535545023693,9.547738693467348,11.794871794871797,58.545454545454554,52.44755244755245,-55.736040609137056,248.8,31.930836044736687,2.78409861347778,3.4995155245719474
ASIAPACINS,Asia Pacific General Insurance PLC,46.4,5.4545454545454515,7.407407407407397,1.0893246187363834,22.105263157894733,11.004784688995219,46.83544303797468,34.883720930232556,-35.10489510489511,226.76056338028172,36.873156342182895,2.8079271648903346,3.9165735731574944
ASIATICLAB,Asiatic Laboratories Ltd,126.3,-0.07911392405063965,-3.2183908045977034,2.599512591389117,14.71389645776567,120.03484320557493,162.03319502074686,183.82022471910113,120.41884816753927,120.41884816753927,120.41884816753927,4.069483309828739,4.264036485136799
ATLASBANG,Atlas Bangladesh Limited,94.7,1.1752136752136844,-2.5720164609053495,34.32624113475178,35.28571428571429,85.68627450980392,67.01940035273368,72.18181818181819,-18.712446351931327,-2.970685437500345,-15.8091698895795,4.700648601590975,6.24971248948435
AZIZPIPES,Aziz Pipes Limited.,74.5,1.085481682496604,-4.118404118404122,-9.146341463414634,33.035714285714285,81.26520681265207,59.1880341880342,40.56603773584906,-27.599611273080665,62.722760650092305,379.128128499432,4.08193792319747,4.587873471013799
BANGAS,Bangas Limited,137.8,-0.21723388848659156,-0.8633093525179775,1.026392961876837,2.4535315985130195,16.582064297800347,5.674846625766875,31.363203050524312,11.129032258064525,-5.0807188156517125,-1.7192992637588367,1.7990409184874239,2.6322412862693083
BANKASIA,Bank Asia PLC,18.1,0.0,-2.1621621621621543,-3.723404255319145,-5.128019702471926,-1.8075004074988728,6.730977792761421,6.154053644643691,12.512239008319613,80.8855002019142,55.7065801372798,1.4310593322123355,2.3533307245085218
BARKAPOWER,Baraka Power Ltd.,8.1,0.0,1.2499999999999956,-2.40963855421688,0.0,3.846153846153844,19.117647058823525,-27.678571428571423,-70.32967032967034,-62.19099178954282,-64.3025893866434,2.2595718080950062,2.8674606324248595
BATASHOE,Bata Shoe Co. (Bangladesh) Ltd.,912.5,0.24167856750522304,2.1836506159014557,2.9909706546275396,9.412470023980815,11.730133463940243,13.480910334535503,1.3888888888888888,40.38461538461539,-23.319327731092436,77.18446601941747,1.4359694003278047,1.7602143692249752
BATBC,British American Tobacco Bangladesh Co Ltd,253.4,4.92753623188406,13.276709879302647,13.632286995515697,12.372505543237253,-6.078576723498889,2.177419354838712,-12.620689655172413,-55.77661431064573,-16.978520364201064,172.14797680009383,4.0830201106966335,2.007261897003161
BAYLEASING,Bay Leasing and Investment Ltd.,5.4,-1.818181818181812,12.500000000000012,14.893617021276599,12.500000000000012,42.105263157894754,63.636363636363654,8.000000000000007,-80.03521121769366,-60.6300805937756,-79.42026947119734,6.540706590651094,4.955024011539143
BBS,Bangladesh Building Systems PLC,15.7,2.614379084967311,3.2894736842105265,-4.848484848484853,33.05084745762711,78.40909090909089,70.65217391304348,40.17857142857143,-22.66009852216749,-34.41389003323655,-27.592934309702436,3.6347650603210284,3.264689769721794
BBSCABLES,BBS Cables PLC,22.8,-0.4366812227074143,0.0,-5.394190871369297,15.736040609137062,55.10204081632654,50.00000000000001,36.52694610778444,-59.71634595044276,-21.127733925489704,-21.127733925489704,2.527981825111888,2.221167849580563
BDAUTOCA,Bangladesh Autocars Limited,214.8,0.4677268475210477,-0.5555555555555503,2.775119617224886,-4.745011086474496,69.80237154150198,69.13385826771655,104.57142857142858,54.7550432276657,717.5797716836703,894.9530105301395,3.8938489962560405,3.7023547722493335
BDCOM,BDCOM Online Ltd.,33.0,0.30395136778115933,-4.069767441860461,-0.6024096385542254,17.857142857142858,24.528301886792452,26.923076923076923,44.37500036093751,37.8125006980673,93.39851198411287,174.42014269193803,2.7860789648258453,4.713709702546052
BDFINANCE,Bangladesh Finance PLC,13.8,-0.7194244604316521,2.2222222222222276,2.2222222222222276,15.000000000000005,14.049586776859513,6.1538461538461595,30.18867924528303,-69.46137798863785,73.42907451040995,-15.061046339975068,5.207077032161556,4.30855759671694
BDLAMPS,Bangladesh Lamps PLC,185.0,0.16242555495398558,0.8724100327153731,7.871720116618076,-2.6315789473684212,33.57400722021661,37.54646840148699,36.733185513673305,11.145423832901184,3.6387433725863874,64.95833320136666,2.5880081426213155,3.1786996200893567
BDTHAI,Bangladesh Thai Aluminium Ltd.,19.5,0.0,1.5625000000000038,-11.363636363636363,53.543307086614185,80.55555555555554,74.10714285714288,48.85496183206107,-25.57251908396946,8.899729356193689,22.39737555170735,4.097952265515781,4.77000708159172
BDTHAIFOOD,BD Thai Food & Beverage Ltd.,24.8,0.8130081300812979,8.296943231441059,-4.2471042471042395,15.88785046728973,87.8787878787879,72.22222222222221,74.64788732394368,104.95867768595042,104.95867768595042,104.95867768595042,6.046051479725369,5.274672918251163
BDWELDING,Bangladesh Welding Electrodes Ltd.,13.8,0.0,-4.166666666666664,-10.967741935483867,-4.827586206896547,-5.479452054794513,-23.756906077348066,31.428571428571434,-33.65384615384615,42.22448975238026,-37.189270227824004,2.3315816329705483,4.20239639715125
BEACHHATCH,Beach Hatchery Ltd,34.1,0.0,-3.943661971830982,3.9634146341463548,11.074918566775253,10.000000000000004,-27.13675213675213,-28.0590717299578,60.8490566037736,244.44444444444449,51.07594971131229,2.9375713405141024,2.962078191152364
BEACONPHAR,Beacon Pharmaceuticals PLC,109.1,-0.8181818181818232,-2.327663384064466,-1.7117117117117169,5.717054263565882,5.207328833172604,4.202483285577833,-5.541125541125546,-45.175879396984925,561.2121212121212,608.4415584415583,2.096202722224283,2.3176840686494224
BENGALWTL,Bengal Windsor Thermoplastics PLC,24.6,0.40816326530612823,-1.2048192771084223,0.40816326530612823,0.8196721311475527,42.19653179190752,41.3793103448276,34.42622950819673,-11.510791366906473,-41.17391310230435,-50.30717873002259,2.7894876183877018,3.0218403470868043
BERGERPBL,Berger Paints Bangladesh Ltd.,1477.0,5.0423156247777605,5.5,3.322840153899965,6.320184278721563,4.433288552640886,6.951484431571325,-2.9693864144002133,-16.84026800292776,37.267657992565056,462.6666666666667,1.4288364416231472,1.2385137829747732
BESTHLDNG,Best Holdings PLC,15.6,-0.6369426751592334,-5.454545454545456,0.6451612903225784,24.799999999999997,32.20338983050846,15.555555555555554,-4.294478527607369,-46.93877551020408,-46.93877551020408,-46.93877551020408,4.7722704933766815,3.9787158071351865
BEXIMCO,Bangladesh Export Import Company Ltd.,22.3,-2.1929824561403506,-14.885496183206103,-34.98542274052477,-79.74568574023615,-79.74568574023615,-79.74568574023615,-79.74568574023615,-74.12707176002301,6.673709465875724,-43.84804746412445,5.0099815517009985,4.918385607755537
BGIC,Bangladesh General Insurance Company PLC,41.2,3.517587939698507,0.24330900243309347,5.1020408163265305,9.866666666666674,14.44444444444445,33.33333333333335,21.533923303834822,-22.26415094339622,178.37837837837836,31.629392971246013,3.952550399356058,4.0447268949473445
BIFC,Bangladesh Industrial Finance Company Ltd.,5.0,2.0408163265306047,19.047619047619044,11.11111111111111,16.279069767441865,194.11764705882354,194.11764705882354,-20.634920634920633,-27.536231884057973,-33.333333333333336,-75.4560077409788,7.185291396854765,8.042061013051846
BNICL,Bangladesh National Insurance Company Ltd,122.0,1.7514595496246825,14.232209737827718,1.7514595496246823,47.6997578692494,115.929203539823,171.11111111111111,190.47619047619048,3.389830508474576,838.4615384615385,229.72972972972974,5.94477297831324,4.8848988368111925
BPML,Bashundhara Paper Mill Ltd.,29.0,-0.6849315068493127,-2.684563758389264,2.1126760563380333,5.839416058394166,20.331950207468875,11.969111969111975,-13.432835820895523,-37.093275488069416,-81.29032258064517,-81.29032258064517,2.2960673330412096,2.790221770067158
BPPL,Baraka Patenga Power Ltd.,20.6,0.0,-2.830188679245273,1.9801980198019908,24.096385542168672,35.5263157894737,38.255033557046985,38.255033557046985,-54.52538631346578,-35.423197492163006,-35.423197492163006,2.5878724457811617,2.9299309780736853
BRACBANK,BRAC Bank PLC,64.4,0.46801872074884776,0.4680187207488477,-7.999999999999992,0.08110495042462075,0.35232745393782383,17.18357225634405,7.023146915860911,137.2777038546993,265.87572595325906,878.2605799572885,1.7310935106275005,2.0862599916275117
BSC,Bangladesh Shipping Corporation,123.3,0.6530612244897936,-0.8045052292839904,10.682226211849184,18.443804034582136,9.115044247787608,9.795191451469279,12.602739726027394,166.88311688311686,257.29883685875535,146.89539350005697,2.8715449737082137,3.177399489731328
BSCPLC,Bangladesh Submarine Cables PLC,159.7,-1.1757425742574292,-2.917933130699095,4.858831254103728,11.134307585247043,15.724637681159413,24.473889321901773,22.563315425940118,-11.86534216335541,42.58928571428571,264.8617774731551,2.275434728750051,2.7113055487626165
BSRMLTD,Bangladesh Steel Re-Rolling Mills Ltd.,106.6,0.946969696969697,-0.7448789571694705,10.926118626430801,25.411764705882348,28.588661037394438,39.71166448230668,29.683698296836972,20.861678004535136,-21.109480278705917,136.4743326204026,3.0241443940912283,4.298469047855881
BSRMSTEEL,BSRM Steels Limited,98.5,0.7157464212678966,-2.184707050645484,20.710784313725497,39.91477272727272,36.426592797783925,55.118110236220474,53.90625,66.38513513513513,12.747138286046011,75.02692334767626,2.94175163250409,4.3330555817460406
BXPHARMA,Beximco Pharmaceuticals Plc,147.9,-0.5379959650302508,-2.2471910112359588,4.081632653061233,28.608695652173918,25.87234042553192,43.59223300970875,36.6913123844732,-20.010816657652786,88.0809246554515,236.5210613587948,2.4790618645610145,2.7253852972041823
CAPITECGBF,CAPITEC GRAMEEN BDT10 (MUTUAL FUND) Units,9.7,1.041666666666663,12.790697674418603,32.87671232876712,34.72222222222221,38.57142857142856,42.647058823529406,29.333333333333325,-32.63888888888889,-32.63888888888889,-32.63888888888889,6.395942343301115,4.410313757127075
CAPMBDBLMF,CAPM BDBL Mutual Fund 01 Units,10.1,0.0,0.0,4.12371134020619,-17.21311475409836,-1.9417475728155442,0.0,8.602150537634396,-27.338129496402882,-6.481481481481492,-6.481481481481492,2.245049504950495,3.922737945058593
CAPMIBBLMF,CAPM IBBL Islamic Mutual Fund Units,13.3,3.90625,-8.904109589041088,34.343434343434346,47.777777777777786,72.72727272727272,77.33333333333334,47.777777777777786,-42.17391304347826,33.00000000000001,33.00000000000001,6.304002308424192,6.737299134887463
CENTRALINS,Central Insurance PLC,43.2,3.8461538461538494,2.857142857142864,0.9345794392523498,3.102625298329366,-3.78619153674832,6.142506142506142,5.109489051094894,-35.61847988077495,239.07351089227504,64.083406328641,2.5864471026302955,3.4202826261135786
CENTRALPHL,Central Pharmaceuticals Ltd.,11.4,-0.8695652173913012,4.587155963302752,3.63636363636364,32.55813953488373,39.02439024390246,29.545454545454536,1.7857142857142954,-31.325301204819283,-10.039130374156803,-66.68749008284388,4.063443838518316,4.504864257856556
CITYBANK,City Bank PLC,31.7,-0.6269592476489007,0.0,2.25806451612903,11.483180109367668,39.14122098105152,49.40573724261748,48.1910564798512,91.73048688599306,149.69600712351675,212.25151809743704,1.3297484373826567,2.3233404112788607
CITYGENINS,City Insurance PLC,111.5,3.3364226135310417,3.9142590866728826,4.400749063670415,10.834990059642152,29.802095459837012,28.60438292964244,126.6260162601626,166.7464114832536,1149.2129608231073,365.09159356588503,2.3600781653025953,0.9583287411144006
CLICL,Chartered Life Insurance PLC,51.2,-1.1583011583011473,-10.175438596491224,-5.709023941068129,-11.724137931034479,-12.776831345826235,-8.243727598566299,3.643724696356284,365.4545454545455,365.4545454545455,365.4545454545455,6.368789852480717,4.756638020413127
CNATEX,C & A Textiles Ltd,3.3,0.0,9.999999999999995,0.0,0.0,57.142857142857125,37.49999999999999,3.124999999999989,-44.0677966101695,-55.18518522391404,-80.73175351329935,5.775693531533351,5.96149110919822
CONFIDCEM,Confidence Cement PLC,69.2,0.14471780028944795,-2.2598870056497096,3.283582089552243,10.015898251192377,32.061068702290086,40.08097165991904,27.675276752767527,-45.11294936790584,57.17804507593225,29.045009795261233,2.9062917478957377,3.314576219854698
CONTININS,Continental Insurance PLC,34.7,3.892215568862288,2.9673590504451037,4.8338368580060465,20.905923344947748,28.518518518518526,43.38842975206614,39.91935483870969,-28.69862996605836,290.32584480264217,51.129288390245975,4.971507551403256,5.515932420256457
COPPERTECH,Coppertech Industries Ltd,27.2,-0.7299270072992675,2.2556390977443526,-1.8050541516245489,24.770642201834857,40.93264248704662,43.915343915343925,24.20091324200914,-21.32231386427157,4.958000793587439,4.958000793587439,2.5004854698134467,2.598724532386237
CROWNCEMNT,Crown Cement PLC,69.2,-0.43165467625898873,0.28985507246377223,12.887438825448623,40.08097165991904,44.467640918580386,47.86324786324788,38.9558232931727,-7.733333333333331,-8.34437086092715,-14.356435643564351,2.939502271964681,3.842478391785634
CRYSTALINS,Crystal Insurance Company Ltd,69.5,2.2058823529411766,2.2058823529411766,-7.0855614973262,-16.36582430806257,-19.186046511627907,20.869565217391305,52.41228070175438,26.36363622578513,409.666666157,409.666666157,2.9823042819572727,3.318399193106128
CVOPRL,CVO Petrochemical Refinery PLC,177.0,-0.673400673400667,-2.2099447513812156,6.1787642471505775,10.625,12.167300380228129,20.0,21.649484536082475,68.42560537752256,-26.446666975394525,47.763392248608355,2.2191258372719913,2.603864377429769
DACCADYE,Dacca Dyeing and Manufacturing Company Limited,17.1,0.5882352941176554,-2.2857142857142776,1.7857142857142898,13.245033112582792,2.395209580838336,-11.85567010309277,1.1834319526627388,-23.660714285714278,94.31818181818183,-39.126213655273816,2.8242988257277317,3.2461540429803404
DAFODILCOM,Daffodil Computers PLC.,163.0,-0.6703229737964621,-3.149138443256097,12.413793103448276,52.90806754221389,278.1902552204176,351.5235457063712,196.36363636363637,178.63247863247864,640.9090909090909,938.2165605095543,2.1966763172256747,3.1223548982486213
DBH,DBH Finance PLC,43.3,-0.6880733944954226,-1.5909090909090973,5.609756097560969,12.467532467532461,14.854111405835528,23.714285714285708,11.886304909560709,-42.095990088660756,-38.505565295550504,26.26105031901058,2.5149671687419923,2.918317964382618
DBH1STMF,DBH First Mutual Fund Units,5.7,-1.7241379310344769,-3.3898305084745792,21.27659574468085,26.66666666666667,-12.307692307692305,-12.307692307692305,-4.999999999999997,-42.42424242424242,-1.7241379310344767,-22.972972972972975,4.9765037593985015,5.586884871185078
DELTALIFE,Delta Life Insurance Company Ltd.,81.8,0.6150061500615006,-0.6075334143377886,0.49140049140048087,7.068062827225118,8.48806366047744,20.64896755162242,12.51719394773039,-43.58620689655172,-13.530655391120506,-97.57016230602885,3.5243258709784815,3.1395700964211892
DELTASPINN,Delta Spinners Limited,8.0,0.0,5.263157894736847,15.94202898550724,21.212121212121218,50.943396226415096,60.0,40.35087719298245,-25.92592592592593,22.531645378843137,-48.938447851324106,4.983840802828135,3.9849052579641793
DESCO,Dhaka Electric Supply Co. Ltd.,25.9,-0.3846153846153901,-2.2641509433962317,3.1872509960159245,8.823529411764696,11.637931034482756,26.34146341463414,2.777777777777775,-26.000000000000004,-49.70873786407767,-61.038681851020776,2.964607947642049,2.975953291593925
DESHBANDHU,Deshbandhu Polymer Limited,23.1,-2.941176470588232,7.943925233644873,7.441860465116286,35.88235294117648,50.00000000000001,35.88235294117648,19.072164948453626,47.13375796178346,144.32692293596523,6.683312687164309,4.973656162591224,3.6285309669884183
DGIC,Desh General Insurance Company Ltd,35.2,3.834808259587033,6.344410876132935,23.943661971831002,53.711790393013125,56.44444444444446,78.6802030456853,47.280334728033495,-26.970954356846473,134.66666666666669,134.66666666666669,3.97324772652753,5.736164193358205
DHAKABANK,Dhaka Bank PLC,12.3,0.0,-1.5999999999999943,-1.5999999999999943,-3.1496062992125875,-0.8064516129032229,8.849557522123893,-1.5999999999999943,0.5202448974562975,30.548616433716493,-3.9579940563256732,2.1433410107031645,2.0104757777820526
DHAKAINS,Dhaka Insurance Limited,42.9,2.8776978417266084,0.7042253521126693,0.46838407494144196,3.124999999999993,7.788944723618094,19.166666666666664,13.492063492063496,-46.9715698393078,193.83561643835614,-9.994117719063532,3.244328757297612,3.764695807080988
DOMINAGE,Dominage Steel Building Systems Ltd,84.0,-2.55220417633411,10.526315789473685,5.263157894736846,31.045241809672397,223.07692307692307,190.6574394463668,536.3636363636364,235.36121750149633,535.039998920432,535.039998920432,5.609490837240487,4.19834378237937
DOREENPWR,Doreen Power Generations & Systems Ltd.,31.7,0.3164556962025249,-1.857585139318879,2.588996763754048,6.020066889632109,11.619718309859158,12.411347517730496,25.793650793650794,-39.2908698458079,18.429646410148862,-20.257371411605366,1.8691713028389625,2.6165577954408596
DSHGARME,Desh Garments Limited.,170.6,-1.044083526682141,-2.458547741566616,8.248730964467006,26.276831976313844,83.44086021505376,46.5635738831615,39.72153972153972,7.541547167005851,68.83965653470828,1572.2466921610182,5.0016195600240065,5.46217413888875
DSSL,Dragon Sweater & Spinning Ltd.,14.5,2.8368794326241162,4.316546762589925,34.25925925925925,55.91397849462364,81.25,70.58823529411765,35.514018691588795,-9.68220294704369,158.3999690718404,59.66804023392358,3.9496500534306356,5.48297105245622
DULAMIACOT,Dulamia Cotton Spinning Mills Limited,210.0,0.5747126436781554,-8.296943231441048,1.4983083615273052,59.09090909090909,70.59301380991064,55.55555555555556,134.8993288590604,303.84615384615387,2943.478260869565,2182.608695652174,6.39970050003789,6.771929103638968
DUTCHBANGL,Dutch-Bangla Bank PLC,49.9,-1.188118811881191,-0.20000000000000284,11.1358574610245,16.43333362441666,29.370370677026052,35.73834230825777,10.305263421466263,-3.5186411098900474,134.9271632458647,118.3202430003183,3.907730591341836,3.3325076557279356
EASTERNINS,Eastern Insurance PLC,60.0,3.4482758620689653,2.739726027397263,1.694915254237288,0.0,1.522842639593906,19.760479041916163,25.26096033402923,-48.275862068965516,157.51072961373393,64.38356164383562,2.7409376032437116,3.4487220733792836
EASTLAND,Eastland Insurance PLC,28.8,4.72727272727273,5.4945054945054945,11.627906976744185,26.872246696035248,26.31578947368421,54.01069518716579,45.45454545454545,-25.964010282776346,109.74586461302665,-18.933794499160243,3.5596247481005885,4.569251738321067
EASTRNLUB,Eastern Lubricants Blenders PLC,2104.0,-1.0441162637569288,-2.13953488372093,16.623247048389782,26.366366366366368,30.278637770897834,26.67068031306442,15.986768990077179,206.36977364187746,264.9553402605481,1650.2649859386993,3.005323946470373,2.6881883377548244
EBL,Eastern Bank PLC,24.4,0.0,-0.40816326530612823,-2.0080321285140563,-8.942029308829035,-1.0551184923816217,2.9999996015081956,-3.708812620613794,4.689166884030397,77.34697206945236,84.58676877804982,1.154984185287215,1.1796801905142686
EBL1STMF,EBL First Mutual Fund Units,5.0,0.0,2.0408163265306047,25.0,31.57894736842106,61.29032258064516,61.29032258064516,6.382978723404252,-46.808510638297875,24.511538123154416,-27.0755581445353,5.379486901143434,6.08117038451446
EBLNRBMF,EBL NRB Mutual Fund,3.9,0.0,2.6315789473684235,21.87499999999999,21.87499999999999,69.56521739130436,69.56521739130436,8.333333333333329,-50.63291139240506,-1.6364285824593467,-43.23329013891306,5.746799431009957,6.053799814735599
ECABLES,Eastern Cables Ltd.,139.0,-0.6433166547533994,-7.333333333333333,12.916328188464668,14.87603305785124,21.92982456140351,23.996431757359506,19.82758620689655,-1.5580736543909268,-4.977401321223453,235.0398399573594,3.903795226038635,5.026747387771083
EGEN,eGeneration PLC,26.6,-0.37453183520598454,-3.9711191335739997,0.7575757575757683,14.163090128755368,36.410256410256416,34.343434343434346,29.756097560975615,-57.1658615136876,77.33333333333334,77.33333333333334,2.5961675306678553,2.7588060139806987
EHL,Eastern Housing Ltd.,95.3,-0.41797283176594113,-1.8537590113285245,5.303867403314914,14.543269230769225,21.09275730622617,30.191256830601084,21.09275730622617,70.17857142857142,190.04347894184122,143.77784342180476,2.718926827460078,3.4830728029198657
EIL,Express Insurance Ltd.,32.6,3.164556962025316,3.4920634920634965,5.1612903225806495,13.986013986013985,7.947019867549677,15.602836879432633,-11.653116531165304,-17.048346055979632,117.33333333333334,117.33333333333334,2.7257899435377597,3.7501888041586193
EMERALDOIL,Emerald Oil Industries Ltd.,27.0,-0.3690036900369056,-5.2631578947368425,22.17194570135746,90.14084507042254,109.30232558139535,87.5,21.0762331838565,-17.17791411042945,-27.56097568219512,-37.1730770523554,3.3241809603109296,5.551710775324135
ENVOYTEX,Envoy Textiles Ltd.,58.5,0.6884681583476739,1.036269430051816,7.933579335793352,17.234468937875754,17.469879518072293,20.61855670103093,33.561643835616444,67.14285714285714,90.92634528340447,30.558304679497624,3.46641391689676,3.219530897493841
EPGL,Energypac Power Generation PLC,20.4,0.49261083743841316,0.9900990099009866,3.5532994923857832,17.24137931034483,29.113924050632896,30.769230769230763,15.909090909090892,-60.38834951456311,-56.12903225806452,-56.12903225806452,3.8020163816760126,3.53517948984617
ESQUIRENIT,Esquire Knit Composite PLC,27.1,2.6515151515151625,2.2641509433962317,9.71659919028341,13.865546218487397,38.97435897435898,31.553398058252426,25.462962962962962,-27.34584450402144,-42.7061310782241,-42.7061310782241,3.448177120054761,3.183340781011488
ETL,Evince Textiles Ltd.,15.0,2.040816326530617,2.040816326530617,13.636363636363642,35.135135135135144,56.25,50.0,66.66666666666667,42.857142857142854,40.30061406314448,14.91959853313254,3.2180623669985358,3.7108278402439394
EXIM1STMF,EXIM Bank 1st Mutual Fund 2013- Units,6.1,5.172413793103446,27.08333333333333,79.41176470588235,64.86486486486484,103.33333333333331,117.85714285714286,32.608695652173914,-35.10638297872341,-9.651823157336722,-21.75506980264856,8.675622682042029,6.506875716079514
FAMILYTEX,Familytex (BD) Ltd.,2.9,3.5714285714285747,26.086956521739136,11.538461538461531,-3.333333333333336,141.66666666666669,123.07692307692307,26.086956521739136,-43.13725490196078,-59.5528611196537,-91.14430749624256,5.36550406115624,6.992490084104988
FARCHEM,FAR Chemicals Industries Ltd,25.4,-1.5503875968992331,5.3941908713692825,34.39153439153439,67.10526315789473,75.17241379310343,75.17241379310343,8.085106382978717,58.74999999999999,45.93122314080539,12.691333468562929,7.228363147952371,6.366982478756822
FAREASTFIN,Fareast Finance & Investment Ltd.,2.1,5.000000000000004,31.25,61.53846153846153,-4.545454545454549,213.43283582089555,250.0,-44.73684210526315,-70.83333333333333,-75.58139534883722,-88.84715030486338,3.3788515406162487,7.644278308907792
FAREASTLIF,Fareast Islami Life Insurance Company Limited,22.2,2.7777777777777675,-3.896103896103905,-5.5319148936170235,5.714285714285711,2.777777777777768,6.730769230769224,-24.232081911262803,-62.37288135593219,-59.6363634749091,-71.7687860423108,5.866179034694781,3.9864529801435635
FASFIN,FAS Finance & Investment Limited,2.4,9.09090909090908,49.999999999999986,100.0,4.347826086956526,287.09677419354836,242.85714285714286,-17.24137931034483,-69.62025316455696,-66.15581382445743,-87.28928680143757,1.1764705882352968,9.725111489817369
FBFIF,First Bangladesh Fixed Income Fund Units,3.8,0.0,2.702702702702693,22.580645161290313,22.580645161290313,58.333333333333336,46.15384615384614,5.555555555555547,-45.714285714285715,-35.05539757496171,-49.33684287155394,6.372095779990515,5.274578865598041
FEDERALINS,Federal Insurance PLC,28.4,3.649635036496351,4.029304029304021,5.970149253731335,29.090909090909086,30.875576036866356,47.916666666666664,38.536585365853654,-28.82205513784461,306.1220920526716,47.12559586248384,3.295389509120941,3.7214840247597873
FEKDIL,Far East Knitting & Dyeing Industries PLC.,26.9,0.37313432835820104,3.461538461538456,52.84090909090907,86.80555555555554,92.14285714285712,89.43661971830987,65.03067484662574,51.12359550561796,69.86854078859878,13.07146957010459,3.946739739985459,5.122777710949902
FINEFOODS,Fine Foods Limited,480.0,-1.1735639283508315,-3.6144578313253013,-6.176700547302584,-9.519321394910461,9.090909090909092,26.249342451341406,88.01410105757931,824.8554913294798,5904.456259752167,3014.1756081211934,3.5211241183840296,2.829602286433146
FIRSTFIN,First Finance Ltd.,4.7,4.444444444444448,17.500000000000004,11.904761904761905,6.818181818181814,67.85714285714288,88.00000000000001,46.875,-35.61643835616437,-21.34843759499634,-86.20003913956644,6.164233699117421,5.9987580286487665
FORTUNE,Fortune Shoes Ltd.,20.4,-0.9708737864077808,-2.857142857142864,13.333333333333325,51.1111111111111,54.54545454545454,46.76258992805754,24.390243902439025,-60.192920157553736,-22.26810482815169,-22.26810482815169,4.777348747611873,5.04575965074734
FUWANGCER,Fu-Wang Ceramic Industry Ltd.,16.9,1.807228915662633,1.1976047904191576,5.624999999999991,35.19999999999999,55.04587155963301,46.95652173913042,29.007633587786252,-36.466165413533844,46.06428525835646,10.956456922975535,4.452481878577893,4.134628893358265
FUWANGFOOD,Fu-Wang Foods Limited,13.0,1.5624999999999944,-0.7633587786259515,5.6910569105691,34.02061855670104,39.78494623655913,16.071428571428577,-14.473684210526313,-38.388625592417064,32.08396908734423,-21.966863197243452,3.0038527190149624,3.409760332085541
GBBPOWER,GBB POWER Ltd.,8.4,2.4390243902439157,0.0,2.4390243902439157,-2.325581395348829,13.513513513513512,31.25,10.526315789473694,-76.79558011049724,-36.08695636195652,-68.20376176547828,3.197831978319794,3.3008378736381996
GEMINISEA,Gemini Sea Food PLC,125.2,-0.07980845969672332,-5.007587253414271,3.4710743801652915,7.00854700854701,4.769874476987449,-8.412582297000723,-18.11641595814258,81.17884605742067,18.840867093246054,606.6213718604677,2.7339493489117053,3.0180138436374166
GENEXIL,Genex Infosys PLC,40.4,-0.4926108374384306,-5.827505827505828,13.802816901408448,50.18587360594796,54.78927203065133,50.18587360594796,62.9032258064516,-55.26480183692344,20.742192382012746,20.742192382012746,3.8822140387749537,4.59339381119431
GENNEXT,Generation Next Fashions Ltd.,3.1,0.0,10.714285714285726,0.0,3.333333333333336,24.000000000000004,14.814814814814811,14.814814814814811,-53.731343283582085,-46.41428583523632,-86.08500008133765,6.222222222222224,6.648000846687218
GHAIL,Golden Harvest Agro Industries Ltd.,16.1,2.5477707006369563,2.5477707006369563,1.8987341772151942,30.894308943089435,56.31067961165049,50.467289719626194,23.846153846153854,-16.58031088082901,7.0375327567343815,-56.3572300249209,3.3835012360788745,2.9088110232893634
GHCL,Global Heavy Chemicals Ltd.,25.0,0.0,3.3057851239669453,26.903553299492394,35.13513513513514,32.97872340425531,25.628140703517595,26.903553299492394,-44.81236203090508,-32.24932249322493,-69.6969696969697,5.769456455715324,4.293698336137482
GLDNJMF,ICB AMCL CMSF GOLDEN JUBILEE MUTUAL FUND,8.3,1.2195121951219685,0.0,25.757575757575776,31.74603174603176,36.065573770491824,36.065573770491824,7.792207792207799,-24.54545454545454,-24.54545454545454,-24.54545454545454,4.25359976491332,4.9572133807020125
GLOBALINS,Global Insurance PLC,44.5,4.215456674473061,7.228915662650603,15.284974093264244,38.629283489096565,52.920962199312704,74.50980392156863,46.38157894736843,-32.67776096822995,430.0030264840237,87.87487523514515,4.704836081602396,4.889445844692348
GOLDENSON,Golden Son Limited,17.1,2.3952095808383365,1.7857142857142898,2.395209580838336,18.750000000000007,83.87096774193549,69.30693069306933,41.322314049586794,-5.524861878453038,-26.609442060085833,-56.81818181818181,3.188056458638785,3.3040088605971465
GP,Grameenphone Ltd.,259.9,0.11556240369797939,0.6974041069352788,0.15414258188823787,5.222672064777319,-4.2725598526703585,-0.03846153846154721,-18.781250000000007,-31.605263157894743,-8.485915492957755,51.45687645687645,0.5574093262890161,0.9001566713756908
GPHISPAT,GPH Ispat Limited,19.6,0.5128205128205201,-0.5076142131979587,9.497206703910631,20.245398773006137,24.05063291139241,21.739130434782606,3.703703703703719,-54.00021182339192,-0.9044363114086104,4.66432634776547,2.8465562619531926,3.4720188394904117
GQBALLPEN,G.Q. Ball Pen Industries Limited,628.6,0.22321428571428206,4.418604651162794,-2.5124069478908084,1.2890750886239124,36.71161374510657,40.406522224704055,178.26471890216914,394.96062992125985,882.1875,363.3910242508526,3.934380600075404,3.8935157121615687
GRAMEENS2,Grameen Mutual Fund One - Grameen Two Units,13.6,0.740740740740738,1.4925373134328306,3.030303030303033,10.569105691056901,19.298245614035082,24.770642201834857,-4.225352112676054,-30.612244897959194,25.16814177014957,-25.72785396525016,1.8986043051243326,2.50717958447351
GREENDELMF,Green Delta Mutual Fund 2010 Units,5.0,-1.9607843137254832,-5.660377358490563,38.888888888888886,47.05882352941177,66.66666666666667,66.66666666666667,21.95121951219513,-47.36842105263158,-9.090909090909092,-30.555555555555557,6.623724489795915,6.369607258889229
GREENDELT,Green Delta Insurance PLC,67.6,1.3493253373313217,1.960784313725486,0.2967359050444935,7.987220447284334,16.95501730103806,26.119402985074615,37.678207739307524,-44.590163934426236,86.10609748885949,29.673082662590076,2.5808495368021593,3.320033718811594
GSPFINANCE,GSP Finance Company PLC,4.4,0.0,10.000000000000009,25.714285714285722,10.000000000000009,120.00000000000001,175.0,-15.384615384615381,-77.31750007889256,-51.577723288018596,-69.75075046686571,5.880119880119878,6.728772810313561
HAKKANIPUL,Hakkani Pulp & Paper Mills PLC,81.0,-0.8567931456548381,-2.4096385542168677,2.272727272727269,3.053435114503824,12.188365650969525,19.645494830132936,15.384615384615381,12.5,57.28155339805825,335.4838709677419,2.4059677987530517,2.9646514609716896
HAMI,Hami Industries PLC,156.0,-0.3831417624521037,-1.7632241813602085,-3.1055900621118013,-16.532905296950243,34.94809688581316,44.981412639405214,52.19512195121951,-10.806174957118355,-10.806174957118355,-10.806174957118355,2.7858131443532503,3.815883200090486
HEIDELBCEM,Heidelberg Materials Bangladesh PLC,224.5,-0.8830022075055187,-6.730369754881591,-10.164065626250501,10.864197530864198,-2.6452732003469186,2.5582457743261737,-8.739837398373984,-31.96969696969697,-57.416540212443095,-14.962121212121213,2.534898704680148,3.3058763749467293
HFL,Hamid Fabrics PLC,15.5,-0.6410256410256387,7.638888888888887,4.7297297297297245,0.649350649350647,154.0983606557377,138.46153846153845,80.23255813953489,-16.216216216216218,-7.738095238095241,-72.92013304614674,4.424393094172384,4.880032785569096
HRTEX,H.R. Textile Mills Ltd.,21.5,0.0,-1.376146788990829,-1.376146788990829,11.398963730569944,31.097560975609767,17.486338797814202,-22.10144927536232,-61.356209187581435,-0.6302522093955258,-23.826686994827313,2.9404620963334325,3.2411409730718113
HWAWELLTEX,Hwa Well Textiles (BD)PLC,50.6,5.197505197505197,6.976744186046521,11.208791208791212,20.476190476190478,24.32432432432432,13.452914798206278,17.40139211136891,19.621749408983465,66.44736842105264,26.500000000000007,3.518501206038896,2.691046409898117
IBNSINA,BN SINA Pharmaceutical Industry PLC,322.0,-0.7398273736128167,-0.9230769230769231,0.46801872074882994,3.4704370179948625,-3.8805970149253732,2.2222222222222223,4.240854645516356,27.172195892575044,81.33909583536244,437.5559225832694,1.543276253998964,1.8828793439212796
IBP,Indo-Bangla Pharmaceuticals Ltd.,20.3,-1.4563106796116538,7.978723404255319,18.713450292397656,57.36434108527131,70.58823529411764,81.25000000000001,49.26470588235295,-6.656250362540459,-22.511246396100656,-22.511246396100656,5.735778430760367,4.528680412092067
ICB,Investment Corporation of Bangladesh,47.0,-0.6342494714587678,-4.081632653061225,-0.423728813559328,33.9031339031339,31.284916201117326,28.767123287671232,-2.8925619834710714,-56.950000063855974,-38.82933022316416,-57.02954284573586,2.0591075210155525,2.789577019710371
ICB3RDNRB,ICB AMCL Third NRB Mutual Fund 2010 Units,6.1,0.0,-1.6129032258064602,27.08333333333333,32.608695652173914,45.23809523809522,48.78048780487805,29.787234042553177,-19.736842105263158,27.08333333333333,-14.084507042253522,3.0934518847828127,4.203386390869241
ICBAGRANI1,ICB AMCL First Agrani Bank Mutual Fund Units,8.4,0.0,-8.695652173913032,18.309859154929587,23.52941176470589,33.33333333333334,31.25,23.52941176470589,-12.499999999999993,-2.325581395348829,-2.325581395348829,3.634090985791899,4.852844984852936
ICBAMCL2ND,ICB AMCL Second Mutual Fund Units,8.0,0.0,2.5641025641025665,23.076923076923077,31.147540983606564,56.862745098039234,42.85714285714287,26.984126984126988,-30.434782608695652,53.84615384615385,5.263157894736847,3.3052964690206514,3.9648407264530623
ICBEPMF1S1,ICB Employees Provident Mutual Fund One Scheme One Units,6.4,0.0,-4.477611940298504,1.5873015873015959,10.344827586206907,68.42105263157896,88.23529411764707,25.490196078431385,-22.89156626506024,0.0,-22.89156626506024,4.783596611721616,4.95033243161615
ICBIBANK,ICB Islamic Bank Limited,2.8,3.7037037037036904,0.0,0.0,-3.448275862068969,21.73913043478261,16.666666666666664,-6.666666666666672,-44.00000000000001,-28.205128205128208,-62.666666666666664,4.743589743589734,4.672611339277993
ICBSONALI1,ICB AMCL Sonali Bank Ltd 1st Mutual Fund 2013- Units,6.3,0.0,-4.545454545454543,18.867924528301888,34.042553191489354,53.658536585365866,49.99999999999999,10.526315789473678,-32.25806451612904,1.6129032258064457,-47.5,3.6507936507936534,4.7657279735066185
ICICL,Islami Commercial Insurance PLC.,33.3,1.2158054711246158,9.539473684210524,15.624999999999988,46.69603524229074,41.70212765957446,48.66071428571428,47.99999999999999,128.0821917808219,128.0821917808219,128.0821917808219,4.368012075720035,3.806158541274129
IDLC,IDLC Finance PLC.,47.1,-1.2578616352201286,1.2903225806451644,14.878048780487807,26.27345844504023,25.520304882328684,38.1424584459148,20.62195152106708,-10.174402131080916,22.995708289598532,-0.3814457892039762,2.885503046872614,3.1590214434618207
IFADAUTOS,IFAD Autos PLC,26.0,0.7751937984496096,-3.345724907063192,-1.5151515151515098,18.72146118721462,30.0,19.81566820276498,10.638297872340425,-47.652763042013795,-44.56999189676387,47.90111897987602,3.596829558696861,2.8903163650806922
IFIC,IFIC Bank PLC,5.0,0.0,-1.9607843137254835,-1.9607843137254835,2.0408163265306047,6.382978723404252,6.382978723404252,-26.470588235294112,-58.14583329339748,-20.687801602578794,-52.94024076755431,2.8326530612244794,3.0397672055835216
IFIC1STMF,IFIC Bank 1st Mutual Fund Units,4.6,-2.1276595744680966,0.0,27.777777777777764,21.052631578947366,83.99999999999999,83.99999999999999,21.052631578947366,-39.473684210526315,10.687500155654286,-28.728048794872578,5.915239350021956,5.59724740788814
IFILISLMF1,IFIL Islamic Mutual Fund - 1 Units,5.7,0.0,1.7857142857142954,32.55813953488373,39.02439024390246,58.33333333333333,67.64705882352942,14.000000000000004,-22.972972972972975,-17.39130434782609,-9.523809523809518,4.24025974025974,5.1696366203254716
ILFSL,International Leasing and Financial Services Ltd.,2.2,10.000000000000009,37.5,83.33333333333336,-4.347826086956506,272.88135593220346,266.6666666666667,-26.66666666666666,-72.5,-67.25063274159315,-86.61793092292245,4.426470588235298,9.13272492722454
INDEXAGRO,Index Agro Industries Ltd,74.4,-0.2680965147452931,-1.846965699208432,2.6206896551724217,5.9829059829059865,11.210762331838565,11.210762331838565,13.711790668602811,-37.45396301680037,4.160000260400002,4.160000260400002,2.098320910703254,2.915597807395589
INTECH,Intech Ltd.,26.7,1.9083969465648856,-2.909090909090912,-21.929824561403517,-24.7887323943662,-8.873720136518775,-15.772870662460567,24.1860465116279,-26.648351648351646,191.07767866057108,119.1491496018206,2.531158472395792,3.485918485383916
INTRACO,Intraco Refueling Station PLC,22.2,1.3698630136986336,0.4524886877827958,10.44776119402984,24.022346368715088,11.557788944723622,8.292682926829265,2.777777777777768,-0.10000043956000214,-52.2546896722389,-52.2546896722389,3.932619117023182,2.990056134101418
IPDC,IPDC Finance PLC,32.5,-0.9146341463414549,-2.985074626865672,4.838709677419355,77.73437544433594,68.10344865264567,78.66492186352143,79.60526360690791,43.52647507222709,203.28279436935503,521.7466734654251,4.508941320214802,4.94728917202478
ISLAMIBANK,Islami Bank Bangladesh PLC,32.0,0.0,-0.928792569659434,-0.31152647975078324,-7.780979827089345,-26.605504587155966,-3.0303030303030303,-28.41163310961969,11.498257839721257,4.234527687296419,-18.139534965581394,1.450310497391031,1.930564591062825
ISLAMICFIN,Islamic Finance & Investment PLC,12.4,0.0,-1.5873015873015817,16.981132075471702,19.23076923076923,27.835051546391767,30.52631578947369,40.9090909090909,-47.234042553191486,13.254960638745334,-32.00583988023101,2.4966183462276548,3.0312068158709127
ISLAMIINS,Islami Insurance Bangladesh Limited,60.5,1.5100671140939574,2.542372881355932,0.8333333333333334,46.84466019417475,45.78313253012048,61.333333333333336,54.73145780051151,-3.9682539682539684,472.400799660758,221.24111919501144,3.4566246629732054,3.316500193310469
ISNLTD,Information Services Network Ltd.,60.4,1.0033444816053536,-2.106969205834691,0.16583747927031744,-5.625000000000002,-20.000000000000004,-22.959183673469393,41.121495327102814,37.272727272727266,398.5396831727488,299.7381834025986,2.103329085154283,2.969495805735516
ITC,IT Consultants PLC,52.7,-1.1257035647279443,1.5414258188824745,10.714285714285717,35.12820512820513,31.750000000000007,36.88311688311689,32.7455919395466,19.772727272727277,69.21557179526782,79.38303108531031,3.026464711592597,3.486566398213147
JAMUNABANK,Jamuna Bank PLC,24.2,0.0,1.2552301255230156,0.41493775933609073,-6.563706563706562,6.607929515418502,14.691943127962073,26.041666666666668,41.11916067697419,205.91368507588012,106.80052467549113,1.3340422576780853,1.3210569512049544
JAMUNAOIL,JAMUNA OIL PLC,183.0,0.49423393739703775,-0.8667388949079059,2.2346368715083798,7.647058823529412,7.080163838502045,8.156028368794333,-3.6842105263157894,8.66983372921615,-2.1390374331550803,13.986409849198525,1.3120468855521126,1.530095684802551
JANATAINS,Janata Insurance PLC,34.7,4.8338368580060465,0.8720930232558264,0.5797101449275445,-2.2535211267605555,25.72463768115942,42.79835390946503,42.164848972172365,-10.631131712178806,343.0827279301636,-81.44165037847918,3.174117388681703,3.3668843420445835
JHRML,JMI Hospital Requisite Manufacturing Ltd,50.6,0.0,-3.065134099616861,-0.7843137254901933,16.58986175115208,18.50117096018735,19.905213270142177,-0.7843137254901933,130.0,130.0,130.0,2.5257190470208934,2.430037668662594
JMISMDL,JMI Syringes & Medical Devices Ltd.,146.3,0.0,-2.1404682274247415,7.179487179487188,21.815154038301433,19.918032786885252,23.983050847457633,3.7588652482269582,-45.48821935251988,30.556430026083518,322.4373659762053,3.6915920573950483,3.619418018144318
JUTESPINN,Jute Spinners Limited,223.0,-0.6681514476614699,-2.4070021881838075,6.647537063605933,7.418111753371871,12.229491696024162,14.241803278688531,10.66997518610422,58.156028368794324,272.9096989966555,235.33834586466165,4.944074422505921,5.089216718637322
KARNAPHULI,Karnaphuli Insurance PLC,50.5,6.315789473684211,11.47902869757175,33.59788359788361,43.46590909090908,58.80503144654088,77.19298245614036,65.57377049180327,19.385342789598116,445.8455912013227,85.00019916462035,4.391220799650775,6.049209341296732
KAY&QUE,Kay and Que (Bangladesh) Ltd.,437.0,2.509969505043394,0.6680488366735723,0.25235145675614196,-8.958333333333334,17.158176943699733,15.792262851086386,83.09090839516365,113.60522942840315,2053.3225038687633,2100.1338627899254,2.0588917163587688,2.328251848411984
KBPPWBIL,Khan Brothers PP Woven Bag Industries Ltd,40.3,0.0,-2.8915662650602476,-3.3573141486810685,-20.51282051282052,-20.51282051282052,-16.04166666666667,-68.3921568627451,183.80281690140845,91.46420231935791,20.39839324024217,2.959676941148486,4.191117448832978
KDSALTD,KDS Accessories Ltd.,51.5,0.0,-4.096834264432035,-4.98154981549816,9.110169491525417,25.609756097560975,25.304136253041356,25.304136253041356,9.908536860137195,16.828932829039474,-1.3029176619521592,3.102673838727367,2.540943729746593
KEYACOSMET,Keya Cosmetic Ltd.,5.6,-1.75438596491229,9.803921568627452,11.999999999999993,14.28571428571427,33.33333333333332,24.44444444444444,16.666666666666664,-37.07865168539326,-23.301627815024066,-64.17310924849195,5.288130170483113,4.188541306188369
KOHINOOR,Kohinoor Chemical Company (Bangladesh) PLC,525.6,-1.035586518546413,-1.38836772983114,2.0582524271844704,4.28571428571429,5.1200000000000045,5.141028205641137,12.877782003967857,84.84482337250918,345.74431696565745,1037.8400310860495,2.6533574808699503,2.211655108479171
KPCL,Khulna Power Company Ltd.,10.6,0.952380952380949,0.952380952380949,-0.9345794392523332,-5.357142857142854,-1.8518518518518616,0.952380952380949,-7.826086956521742,-71.35135135135135,-81.43312103832558,-75.46492982367894,1.7439830301052428,2.5212421545024077
KPPL,Khulna Printing & Packaging Ltd,15.2,0.0,-3.7974683544303884,-7.317073170731704,6.2937062937062835,16.92307692307692,-5.000000000000004,-20.833333333333336,-1.9354838709677464,67.03296703296704,-55.88390505858913,3.0829298118955455,3.629891400468601
KTL,Kattali Textile Ltd.,12.0,-1.6393442622950762,10.091743119266052,17.64705882352942,27.6595744680851,34.8314606741573,3.448275862068969,7.1428571428571495,-57.74647887323943,-37.273600397123346,-37.273600397123346,5.139758318786448,4.067844814611325
LANKABAFIN,LankaBangla Finance PLC,18.4,-0.5405405405405482,-3.157894736842113,13.580246913580243,32.37410071942445,44.88188976377952,49.59349593495933,10.843373493975886,-49.03047091412743,0.5433673947013279,-35.73925378568413,3.566773696468017,3.9665771644743
LEGACYFOOT,Legacy Footwear Ltd.,75.2,-1.4416775884665718,1.6216216216216255,8.513708513708522,1.2113055181695904,38.48987108655618,38.745387453874535,23.88797364085667,16.77018633540372,217.09333212679323,380.2134608093682,3.5193796313357097,3.2524664596019974
LHB,LafargeHolcim Bangladesh PLC,59.1,-0.8389261744966443,-3.2733224222585924,6.486486486486489,17.49502982107357,14.75728155339806,25.477707006369425,6.104129263913822,-5.439999999999999,-19.918699186991866,713.1630833277835,2.5736316772975645,2.6270129631431622
LIBRAINFU,Libra Infusions Ltd.,643.3,0.17128620367485348,-1.636085626911322,-3.9850746268656785,4.07701019252547,3.0929487179487105,1.1477987421383575,-17.567913890312663,51.459738685988754,84.09220967487225,446.19811264073775,1.1247815349801003,1.6993526550877256
LINDEBD,Linde Bangladesh Limited,726.3,0.09647188533626402,-2.8361204013377987,2.3822948970961346,13.13084112149532,-12.599277978339355,-4.308300395256923,-24.343750000000004,-47.06268221574344,-48.602363597763784,40.892337536372445,1.7080149161518527,1.4040739562882911
LOVELLO,Taufika Foods and Lovello Ice-cream PLC,70.4,-0.5649717514124173,-4.864864864864857,-3.296703296703285,-18.987341772151897,3.3773861967694736,3.2258064516129075,-22.99999980749999,165.72549063244136,442.0800007101248,442.0800007101248,2.9180342331953195,3.3417898079355326
LRBDL,Lub-rref (Bangladesh) Ltd,15.7,-1.2578616352201324,5.369127516778516,21.705426356589136,53.92156862745098,74.44444444444443,58.585858585858574,6.802721088435375,-68.28282828282828,-61.23456790123457,-61.23456790123457,5.127097542170307,4.730007304431088
LRGLOBMF1,LR Global Bangladesh Mutual Fund One Units,4.6,0.0,0.0,31.42857142857142,39.39393939393939,58.620689655172406,64.28571428571428,17.948717948717942,-48.88888888888889,-23.33333333333334,-50.0,4.7222222222222285,5.752226455964703
MAGURAPLEX,Magura Multiplex PLC,91.8,-0.8639308855291546,-2.1321961620469083,0.32786885245901326,11.40776699029125,10.602409638554214,9.415971394517271,1.5486725663716718,-18.734426587076722,413.6994795762614,413.6994795762614,2.3829695746389503,2.669383491430714
MAKSONSPIN,Maksons Spinning Mills PLC,6.5,-2.9850746268656745,8.333333333333334,12.068965517241383,16.071428571428577,32.65306122448979,38.29787234042553,1.5624999999999944,-69.19431279620854,0.3676473097426514,-59.740168348430906,4.892897599760613,4.409592261281755
MALEKSPIN,Malek Spinning Mills PLC,44.2,-0.896860986547082,0.0,36.00000000000001,65.5430711610487,56.73758865248229,52.94117647058825,84.16666666666667,44.44444444444445,177.9874213836478,76.80000000000001,2.8118835123225487,5.757678969027159
MARICO,Marico Bangladesh Limited.,2760.0,0.20331106593087095,0.03624501631025734,-0.7194244604316546,-0.3250270855904659,-1.4285714285714286,4.029248803286725,0.3672860831302923,14.765686722940659,115.625,635.0199733688415,0.6140612209434031,0.6105981776542706
MATINSPINN,Matin Spinning PLC,60.4,3.6020583190394535,2.7210884353741522,9.818181818181817,31.01952277657266,26.62473794549265,29.892473118279565,28.784648187633262,5.2264808362369335,57.29166666666667,34.222222222222214,4.158144519434843,3.5023545939912473
MBL1STMF,MBL 1st Mutual Fund 2010- Units,7.1,-2.739726027397263,10.937499999999988,77.49999999999999,82.05128205128206,91.89189189189187,108.82352941176471,41.99999999999999,-22.82608695652174,22.41379310344827,2.8985507246376705,6.207198598502945,6.317464940732607
MEGCONMILK,Meghna Condensed Milk Industries Ltd.,36.3,-0.27472527472527863,-11.463414634146348,-6.9230769230769305,1.1142061281337008,49.99999999999999,152.08333333333334,105.08474576271186,146.9387755102041,418.5714285714285,282.1052631578947,5.947360583724218,5.748804235095985
MEGHNACEM,Meghna Cement Mills PLC,32.2,0.31152647975078324,-3.3033033033032866,-0.9230769230769144,5.573770491803288,1.2578616352201324,9.897610921501714,-24.235294117647054,-54.54204234306969,-50.1588826162367,-56.40704583847529,5.6563747393576485,4.022039723663995
MEGHNAINS,Meghna Insurance PLC,40.6,6.561679790026247,7.40740740740742,21.194029850746272,38.56655290102389,30.128205128205135,44.48398576512455,50.37037037037038,269.09090909090907,269.09090909090907,269.09090909090907,5.085953883549753,6.349869943891718
MEGHNALIFE,Meghna Life Insurance PLC,61.5,1.485148514851483,-2.380952380952381,-0.324149108589956,7.894736842105263,10.017889087656531,21.06299212598426,10.215053763440865,-8.040780505224193,62.446484544718516,-5.572391729413759,3.3135861063048138,2.7117272669741572
MEGHNAPET,Meghna Pet Industries Ltd.,86.7,0.9313154831199035,-14.158415841584157,26.569343065693435,99.3103448275862,241.33858267716536,297.70642201834863,242.68774703557315,455.76923076923083,1634.0,1254.6875,7.472412430626612,6.421645394063937
MERCANBANK,Mercantile Bank PLC,7.6,0.0,-1.2987012987013056,2.702702702702693,-17.391304347826086,-3.7974683544303884,2.702702702702693,-17.391304347826086,-49.333333502222224,17.560324417615035,-26.54335913397002,1.5999999999999965,2.1877001314276012
MERCINS,Mercantile Islami Insurance PLC,43.8,2.5761124121779724,3.301886792452827,4.5346062052505935,61.62361623616234,63.432835820895505,71.76470588235293,57.55395683453236,-27.841845140032955,301.8348623853211,58.75728203840412,4.012622744646016,4.726912451901941
METROSPIN,Metro Spinning Ltd.,9.7,-2.020202020202031,4.301075268817189,6.5934065934065895,10.22727272727271,18.29268292682927,14.117647058823522,-16.37931034482759,-42.45762699185579,29.85874997354128,-35.45482237513466,3.8844972232069064,3.472641256057236
MHSML,Mozaffar Hossain Spinning Mills Ltd.,23.7,1.282051282051285,0.851063829787231,3.0434782608695623,22.79792746113989,43.636363636363626,75.55555555555554,52.90322580645161,28.804347826086964,60.553223213635064,-4.219968101183785,2.7522513534989876,2.885155447097475
MIDASFIN,MIDAS Financing PLC,6.1,1.6666666666666607,0.0,1.6666666666666607,10.909090909090903,12.96296296296295,35.55555555555555,-20.779220779220786,-68.42487512872783,-56.034967725359905,-75.20484719742996,4.718274233264027,4.733907750916161
MIDLANDBNK,Midland Bank PLC,18.9,-0.5263157894736916,-3.571428571428586,11.83431952662722,18.124999999999993,10.526315789473667,10.526315789473667,-19.230769230769234,116.29999919968998,116.29999919968998,116.29999919968998,4.2460338946107585,3.976231568425529
MIRACLEIND,Miracle Industries Limited,30.2,0.6666666666666643,-0.9836065573770515,4.861111111111106,13.962264150943394,-1.307189542483667,-5.031446540880507,9.818181818181817,-15.406162464986004,35.16790095205581,227.67655957354725,3.440967890869101,3.2548930958543045
MIRAKHTER,Mir Akhter Hossain Ltd,42.2,0.23752969121140477,-3.6529680365296677,0.7159904534606307,24.117647058823536,50.71428571428572,52.89855072463769,54.014598540146004,-52.09988649262201,-47.90123456790123,-47.90123456790123,3.1298139496150466,3.3352047300270184
MITHUNKNIT,Mithun Knitting & Dyeing (CEPZ) Ltd.,14.5,-0.6849315068493127,0.694444444444442,-5.228758169934645,-5.228758169934645,3.5714285714285716,-0.6849315068493127,-3.3333333333333335,8.208955223880595,-70.25641014048652,-72.22646631080295,4.191345562402055,5.139832730339575
MJLBD,MJL Bangladesh PLC,94.4,0.10604453870626568,-0.631578947368415,0.6396588486140816,6.0674157303370855,1.724137931034492,4.8888888888888955,-1.6666666666666607,10.668229777256752,-4.416586072534353,65.85555531494983,1.6544447832851974,1.5182992457325104
MLDYEING,M.L. Dyeing & Textile Ind. PLC,17.7,-1.117318435754186,9.25925925925926,60.9090909090909,113.25301204819274,118.51851851851852,110.7142857142857,78.78787878787877,-43.63057324840764,156.473001082829,156.473001082829,8.340829901805513,7.108470146974169
MONNOAGML,Monno Agro & General Machinery Ltd.,348.0,0.259291270527219,-3.064066852367688,-2.3842917251051894,5.454545454545454,4.97737556561086,-5.818673883626523,-2.4663677130044874,15.904036854748917,786.4911973926909,2698.409055238696,1.775749112690257,2.1700371364831437
MONNOCERA,Monno Ceramic Industries Limited.,94.3,0.3191489361702098,-2.5826446280991737,-1.9750519750519808,17.874999999999996,19.367088607594933,15.28117359413203,7.1590909090909065,-19.88105352591334,283.1727395634925,450.6334183207694,2.2990973723841592,2.8918553288119626
MONNOFABR,Monno Fabrics Ltd.,23.4,2.183406113537118,1.7391304347826024,3.0837004405286312,6.849315068493151,18.78172588832487,9.345794392523365,67.14285714285714,-0.847457627118656,-0.847457627118656,-0.847457627118656,3.1346770710438663,2.3215766306476744
MONOSPOOL,Monospool Bangladesh PLC,120.6,-0.16556291390728714,-0.3305785123966989,3.9655172413793056,20.599999999999994,25.88726513569937,27.349524815205903,34.389534486542544,-3.504744215854843,152.16363534351981,152.16363534351981,2.2225284283038964,2.926741715824791
MPETROLEUM,Meghna Petroleum PLC,215.6,0.27906976744185785,-0.46168051708217916,0.5128205128205102,7.210343112879165,8.07017543859649,11.883757135443698,3.554274735830935,13.593256059009473,19.84435797665369,51.057324689706995,0.7384660457187228,1.13623403433099
MTB,Mutual Trust Bank PLC,13.6,-0.7299270072992675,-2.85714285714286,3.030303030303033,31.22953932466541,27.31223963049741,38.69788708240522,28.269474548341723,8.12689107273937,134.86122006469898,179.99827158714,1.9204793028322449,2.815346017599792
NAHEEACP,Nahee Aluminum Composite Panel PLC,37.0,-2.116402116402109,-0.8042895442359174,3.641456582633045,58.11965811965813,118.93491124260358,100.0,73.70892018779342,-14.942528735632184,-41.294240361976165,-41.294240361976165,3.5617931657568542,4.801717400056188
NATLIFEINS,National Life Insurance PLC,103.0,-0.5791505791505737,-2.2770398481973486,-0.7707129094412304,0.0,-2.738432483474982,9.808102345415781,-0.7707129094412304,-56.92179004600586,-18.26950016248023,-24.176073979459396,1.9277063966457517,2.8652653705287037
NAVANACNG,Navana CNG Limited,23.1,0.8733624454148596,0.4347826086956584,5.479452054794534,11.594202898550735,13.793103448275865,8.450704225352116,3.587443946188344,-30.033653494640227,-44.271881561750725,-60.818845801773335,2.816949763158627,2.1890882257408735
NAVANAPHAR,Navana Pharmaceuticals PLC,71.2,-1.793103448275858,-3.523035230352296,1.4245014245014245,19.06354515050168,25.131810193321627,35.877862595419856,28.752260397830028,169.69696969696972,169.69696969696972,169.69696969696972,2.780435995822209,2.565905717218185
NBL,National Bank PLC,3.9,2.631578947368424,0.0,0.0,-9.302325581395348,18.181818181818183,21.87499999999999,5.405405405405397,-48.16455686688432,-31.64784442258609,-63.44868495369446,2.631578947368423,3.5505816461495128
NCCBANK,National Credit and Commerce Bank PLC,15.5,-1.2738853503184668,-3.72670807453417,-4.320987654320984,-3.473009542976508,27.936566706099057,32.13120826068902,36.61023217478316,16.57647787624276,125.18699284538648,40.70493048531462,2.330197527540983,2.6797000599315894
NCCBLMF1,NCCBL Mutual Fund-1 2012- Dividend Units,7.2,-2.702702702702705,-3.999999999999998,71.42857142857143,71.42857142857143,80.0,80.0,28.571428571428584,-19.10112359550562,18.032786885245912,-40.0,6.2273170137620255,7.164068942331573
NEWLINE,New Line Clothings Ltd.,6.7,1.5151515151515234,11.66666666666667,13.559322033898303,17.543859649122805,76.31578947368423,67.5,-6.944444444444445,-77.66666666666667,-73.15209497162216,-73.15209497162216,7.1395282887949,6.011910347052152
NFML,National Feed Mill Ltd,20.9,-0.9478672985782125,0.4807692307692205,-9.523809523809536,46.15384615384614,38.41059602649006,48.22695035460992,97.16981132075472,-37.91470588856148,51.405357056797726,-25.072894653838215,3.869747693658037,4.951292493788035
NHFIL,National Housing Finance PLC,31.0,0.0,-4.907975460122704,11.913357400722024,35.37117903930132,26.01626016260162,37.77777777777778,17.42424242424243,-22.500000077500005,18.702531415301735,1.5090206580614947,3.058612465325186,3.8422298189140616
NITOLINS,Nitol Insurance PLC,37.0,6.017191977077369,-0.8042895442359174,9.467455621301784,15.625,27.586206896551722,31.672597864768676,35.531135531135526,-32.90155424248302,119.50250172073498,55.325259457779715,4.073380941832054,5.277302318325503
NORTHERN,Northern Jute Manufacturing Co. Ltd.,118.9,0.3375527426160385,-6.745098039215682,10.092592592592597,10.092592592592597,26.489361702127663,39.39038686987106,13.238095238095243,-59.294762067785,-48.22931764532746,692.6666719511111,4.668918222507468,5.747935167698208
NORTHRNINS,Northern Islami Insurance PLC,39.5,3.6745406824146944,-1.25,-0.2525252525252561,29.609375324023436,25.681818496022732,49.190647854991,36.881188437297816,-33.21256022515111,208.2601357089572,29.211310815591624,3.1518126194835245,4.298368853911749
NPOLYMER,National Polymer Industries PLC,36.5,1.3888888888888888,-6.1696658097686345,10.942249240121585,29.893238434163695,30.357142857142858,37.21804511278195,22.07357859531773,-36.077057793345006,-10.593937324332666,152.9089299298799,3.3401085138716864,3.547105767885689
NRBBANK,NRB Bank PLC,6.7,-2.898550724637684,9.836065573770501,9.836065573770501,6.349206349206355,-2.8985507246376834,9.836065573770501,-41.73913043478261,-25.555555555555554,-25.555555555555554,-25.555555555555554,5.255994005993999,3.336649773829805
NRBCBANK,NRBC Bank PLC,8.2,0.0,2.499999999999991,9.333333333333323,15.49295774647887,46.42857142857142,60.784313725490186,15.49295774647887,-69.29441675459466,-35.51827503735991,-35.51827503735991,4.04843304843305,3.0623182901899697
NTC,National Tea Company Limited,174.0,0.9866511897852516,-5.537459283387617,9.227871939736339,11.82519280205656,9.090909090909092,0.11507479861909586,5.199516324062874,-65.54455445544555,-67.29323308270676,-77.40259740259741,4.634249146295811,4.678663326915995
NTLTUBES,National Tubes Limited,70.5,-0.2828854314002869,-1.8105849582172664,6.818181818181818,16.915422885572145,21.551724137931036,12.8,-17.54385964912281,-27.39443872296601,0.21266950776530763,199.18565217511843,2.788792065588189,3.8200066226332376
NURANI,Nurani Dyeing & Sweater Ltd.,3.0,-3.2258064516129057,7.1428571428571495,-3.225806451612906,0.0,50.0,50.0,-3.225806451612906,-69.69696969696969,-82.27108003686878,-82.27108003686878,5.4814814814814845,4.7531326242327845
OAL,Olympic Accessories Ltd,6.9,1.4705882352941255,2.985074626865674,-4.166666666666664,16.94915254237288,27.777777777777775,21.05263157894737,-11.538461538461531,-54.0,-61.03799994695973,-71.41302398440203,3.0357877416700965,3.6700841561512645
OIMEX,Oimex Electrode Ltd.,16.7,-0.5952380952381037,-1.1834319526627177,3.0864197530864197,25.56390977443608,34.6774193548387,9.150326797385611,-32.388663967611336,-35.27131782945737,-66.50791618822782,-66.50791618822782,3.341104433931438,3.203637804071451
OLYMPIC,Olympic Industries PLC.,157.0,0.964630225080386,0.3194888178913738,0.6410256410256411,11.268603827073001,7.607950651130908,14.09883720930233,-2.9066171923314714,-9.66628308400461,-50.79104465309702,112.48120438465261,1.6265451280582583,1.6936944408654915
ONEBANKPLC,One Bank PLC,8.0,0.0,1.265822784810122,0.0,11.111111111111109,11.111111111111109,14.285714285714286,-3.6144578313253093,-12.842104870488646,-12.842104870488646,-12.842104870488646,2.2849724115546843,2.424930326882596
ORIONINFU,Orion Infusion Ltd.,290.0,0.9749303621169957,-0.3436426116838488,-6.1792300226464,-7.348242811501597,-21.174232128295728,-14.730961481917088,-14.226560189293114,313.6947218259629,306.16246498599435,530.4347826086956,2.2661259294360874,3.1005232151353463
ORIONPHARM,Orion Pharma Ltd.,29.0,-1.3605442176870701,-2.0270270270270316,1.3986013986013937,11.111111111111105,7.011070110701102,6.617647058823532,-9.090909090909088,-49.65277777777778,-22.872340425531917,-57.56097544,3.296611024620885,2.640557091402855
PADMALIFE,Padma Islami Life Insurance Ltd.,17.7,0.0,-1.6666666666666705,-5.347593582887701,2.906976744186047,2.312138728323691,5.9880239520958085,-17.674418604651166,-48.843930635838156,-11.867219551316262,-63.875275605114844,4.241265308665124,4.3832347803620175
PADMAOIL,Padma Oil PLC,201.7,0.04960317460317178,-1.320939334637973,5.49163179916318,14.928774928774924,16.58959537572254,18.99705014749262,2.646310432569969,-4.723665564478035,8.73315363881401,18.64705870488235,0.7276890795937544,1.8820938465187944
PARAMOUNT,Paramount Insurance PLC.,65.1,3.993610223642161,5.169628432956374,-0.610687022900772,17.934782608695635,14.814814814814799,49.655172413793096,52.10280373831775,-33.57142857142858,904.5680409272685,394.6913538574671,4.1429135625376405,4.943707424018596
PDL,Pacific Denims Ltd.,5.9,-1.6666666666666607,5.35714285714287,-3.2786885245901525,7.27272727272728,51.2820512820513,28.260869565217405,-14.492753623188404,-56.81884059034898,-70.05127632653341,-70.05127632653341,4.652999618516856,4.690831351712349
PENINSULA,The Peninsula Chittagong PLC,25.3,0.0,-1.937984496124031,7.203389830508471,24.63054187192118,22.81553398058252,38.25136612021858,125.89285714285717,11.946902654867253,68.66666666666667,-30.09210508838815,2.604057267049092,3.165445047094836
PEOPLESINS,Peoples Insurance PLC,62.6,3.6423841059602697,20.38461538461539,2.1207177814029436,16.141001855287573,59.69387755102041,72.45179063360884,70.10869565217394,9.824561403508774,334.72222222222223,137.12121212121215,4.358435418389987,4.1517345675515465
PF1STMF,Phoenix Finance 1st Mutual Fund Units,13.2,3.937007874015748,7.317073170731695,53.48837209302325,83.33333333333331,153.8461538461538,163.99999999999997,144.4444444444444,17.857142857142858,174.99999999999997,67.08860759493669,3.5497271825396837,4.914557410374493
PHARMAID,Pharma Aids Limited.,623.4,0.20896961903230257,-2.441314553990614,6.056481796529436,9.90832157968969,20.743753631609536,26.450304259634883,0.5483870967741898,42.65446224256292,171.63398692810458,344.96788008565306,2.0775522524899035,3.139290334668295
PHENIXINS,Phoenix Insurance PLC,45.9,4.081632653061218,4.318181818181815,5.517241379310342,11.40776699029125,34.21052631578946,71.2686567164179,67.51824817518249,-27.142857142857146,134.1836734693877,2.4553571428571463,3.056257207314722,3.9064580759448866
PHOENIXFIN,Phoenix Finance and Investments Ltd.,4.3,4.87804878048781,16.216216216216207,13.157894736842106,10.256410256410255,16.216216216216207,79.16666666666667,7.499999999999996,-85.85526315789474,-67.20277106075486,-84.23972080165468,7.762845262845259,5.992748417560447
PHPMF1,PHP First Mutual Fund Units 2010-,3.9,-2.500000000000002,0.0,25.80645161290322,21.87499999999999,69.56521739130436,62.5,14.705882352941178,-48.0,-3.2468088564795017,-30.16492905729111,6.150472334682861,6.428489689066119
PIONEERINS,Pioneer Insurance PLC,69.3,2.971768202080238,3.5874439461883276,-2.3943661971831025,9.651898734177205,34.005525183935916,51.27858664027104,63.88513554484796,-38.877399753492554,218.78597512667045,72.9468128657933,2.3939706971054084,3.159333111451666
PLFSL,Peoples Leasing and Financial Services Ltd.,2.2,10.000000000000009,29.411764705882366,83.33333333333336,0.0,254.83870967741936,315.09433962264154,-4.347826086956506,-26.66666666666666,-74.4186046511628,-92.5077399448073,7.836257309941522,8.273429122711418
POPULAR1MF,Popular Life First Mutual Fund Units 2010-,3.9,-2.500000000000002,0.0,25.80645161290322,29.999999999999996,69.56521739130436,62.5,11.428571428571427,-45.833333333333336,0.8909684006408456,-25.70002082590314,6.6767881241565465,6.131184247655158
POPULARLIF,Popular Life Insurance Co. Ltd.,60.4,-0.4942339373970416,-3.6682615629984117,-2.4232633279483036,8.438061041292631,30.453563714902813,42.11764705882352,18.897637795275593,-37.279335410176536,-12.209302325581394,-45.79487146964102,3.6145200648354705,3.090911346982603
POWERGRID,Power Grid Co. of Bangladesh Ltd.,41.2,0.0,0.980392156862759,4.834605597964392,22.98507462686568,35.5263157894737,53.15985130111526,22.61904761904762,-16.767676767676765,-29.452054794520542,-24.125230202578262,4.132137881307291,3.0489332691422146
PRAGATIINS,Pragati Insurance PLC,79.2,3.1250000000000075,4.347826086956518,-7.151230949589677,7.904761511394805,3.130214534900839,13.457579554015885,60.89940769850217,5.4475056415707055,402.98357248856894,99.13202138404256,2.9841809882345127,3.402859407601524
PRAGATILIF,Pragati Life Insurance PLC,166.7,-1.3025458851391456,-3.081395348837216,-3.285865077861509,-7.060314333655849,-14.632216101139717,24.06630569276083,72.66478325840735,94.5667658292237,179.3015278058966,151.72050257575708,3.9577544200257773,2.9330630540199176
PREMIERBAN,The Premier Bank PLC,5.6,-1.75438596491229,-1.75438596491229,30.232558139534877,19.148936170212753,36.58536585365854,39.99999999999999,-23.28767123287672,-51.66423370744881,44.66680501635452,-23.417010251007888,7.398101436114759,5.723699147871306
PREMIERCEM,Premier Cement Mills PLC,49.7,-0.7984031936127716,-3.118908382066266,0.6072874493927212,24.8743718592965,32.887700534759375,26.785714285714285,1.2219959266802474,-30.683403068340304,-45.20396912899669,-52.666666666666664,3.441519292248249,4.027588416370646
PREMIERLEA,Premier Leasing & Finance Limited,3.1,3.333333333333336,24.000000000000004,34.782608695652186,34.782608695652186,443.8596491228071,474.074074074074,3.333333333333336,-67.0212765957447,-54.047934020090715,-77.13021448935164,6.724022214344793,7.668317808532009
PRIME1ICBA,Prime Bank 1st ICB AMCL Mutual Fund Units,6.5,-1.5151515151515098,1.5624999999999944,35.41666666666667,44.44444444444444,47.72727272727272,51.162790697674424,24.999999999999993,-22.61904761904762,24.999999999999993,-9.722222222222223,3.9723557692307647,5.266777177060356
PRIMEBANK,Prime Bank PLC,30.6,0.32786885245902103,-1.9230769230769162,1.6611295681063123,2.684563758389264,3.311897346948957,11.562500278906258,12.73684236633796,47.023437288653824,141.51049947954488,7.700627985467576,1.1827190433604597,1.413018986089315
PRIMEFIN,Prime Finance and Investment Ltd.,3.8,-2.5641025641025665,15.151515151515152,22.580645161290313,8.571428571428566,153.33333333333331,245.45454545454544,-19.14893617021277,-70.54263565891473,-51.898734177215196,-86.01226988372916,7.199710989184669,6.4325012530391055
PRIMEINSUR,Prime Islami Insurance PLC,50.0,7.991360691144715,5.2631578947368425,13.636363636363637,33.68983957219252,41.643059490084994,67.22408026755853,31.57894736842105,-29.478138222849086,275.9398496240602,40.000000330400006,4.3249928653306,4.958725470660358
PRIMELIFE,Prime Life Insurance Company Limited,40.7,-0.24509803921567236,0.0,-4.235294117647052,5.989583333333345,7.387862796833786,23.33333333333334,5.167958656330749,-36.70295489891135,-32.91208774989735,-55.2299999315019,3.1434413213234165,3.2919528426008178
PRIMETEX,Prime Textile Spining Mills Ltd.,18.0,-1.098901098901095,6.50887573964498,0.0,-1.6393442622950858,38.46153846153846,30.434782608695645,33.333333333333336,-21.05263157894737,9.756097560975618,-10.891089108910888,4.106728026629673,4.072533631227224
PROGRESLIF,Progressive Life Insurance Co. Ltd.,40.1,0.0,-5.424528301886786,-4.750593824228028,0.25000000000000355,-7.175925925925928,-12.06140350877193,-22.58687258687258,-64.26024955436719,-5.855970516625511,-46.400556147829406,6.747208363658292,4.0298258526562964
PROVATIINS,Provati Insurance PLC,59.8,4.728546409807348,2.3972602739726003,1.3559322033898258,67.50700280112044,72.83236994219652,108.3623693379791,67.0391061452514,-64.0766444132386,682.0926664300648,220.1725561746257,4.404500349802721,5.666981838367738
PTL,Paramount Textile PLC,64.7,0.4658385093167658,-0.9188361408881996,-2.1180030257185956,3.685897435897443,27.865612648221347,24.903474903474912,32.04081632653062,35.870000197011514,544.5015690435525,153.23540748567555,2.1879707051907213,2.6474016488444048
PUBALIBANK,Pubali Bank PLC,39.0,2.362204724409445,4.278074866310164,5.121293800539079,12.125026741818878,12.125026741818878,45.145665679800565,67.35078616745703,129.81090948591387,259.88516695505683,123.71390524134281,2.7809270958736114,2.200390979631605
PURABIGEN,Purabi General Insurance Co. Ltd.,31.6,3.2679738562091507,-0.6289308176100606,0.317460317460322,12.857142857142861,40.44444444444445,62.88659793814435,67.19576719576722,-25.689497988348865,349.1103248822164,6.744605217760285,3.513149646325939,4.060767240537139
QUASEMIND,Quasem Industries Limited.,46.5,0.0,0.2155172413793134,1.9736842105263126,17.12846347607052,20.46632124352331,22.95673063326899,32.85714270530611,19.94476709076633,20.342079862036826,192.62126759126812,2.409211300209449,3.519400335404962
QUEENSOUTH,Queen South Textile Mills Ltd.,18.3,-1.6129032258064553,3.3898305084745846,20.39473684210527,57.75862068965518,66.36363636363637,53.78151260504202,40.76923076923078,-37.019480750136445,-24.63719803533672,-24.63719803533672,5.749300677061928,4.499409504747912
RAHIMAFOOD,Rahima Food Corporation Ltd.,88.5,0.3401360544217655,-6.842105263157895,-9.323770491803273,-11.764705882352938,-34.9264705882353,-44.6875,-34.05365126676602,-68.94736842105263,62.38532110091743,414.5348837209302,3.714849260988657,4.959431866760959
RAHIMTEXT,Rahim Textile Mills Ltd.,214.0,0.8958038661008985,-2.2831050228310503,3.2818532818532877,5.263157894736836,-15.41501976284585,0.3281762775433608,38.064516129032256,-28.380187416332,59.42386249567778,430.59160367017637,3.820125023547306,4.393115506129935
RAKCERAMIC,RAK Ceramics (Baneladesh) Limited,31.7,0.3164556962025249,-2.461538461538464,7.094594594594587,34.89361702127659,32.635983263598334,42.792792792792795,47.44186046511627,-22.682926829268297,-32.53793966676156,-21.02970593091967,2.9147726175041457,2.9395246386893548
RANFOUNDRY,Rangpur Foundry Limited,164.8,1.4778325123152742,-0.6031363088057901,7.712418300653602,8.278580814717493,6.048906048906052,15.325402379286217,8.85072655217966,25.80152671755726,54.01869158878505,165.80645161290326,2.565951949097233,4.563401434627892
RDFOOD,Rangpur Dairy and Food Products Limited,28.3,-0.7017543859649098,-0.7017543859649098,-1.3937282229965107,41.50000000000001,40.796019900497505,41.50000000000001,18.907563025210084,-34.93526809489055,210.3305873561342,74.91473255999094,3.225972887247983,3.4122405473792594
RECKITTBEN,Reckitt Benckiser (Bangladesh) PLC,3310.4,0.10886657796056334,-1.034379671150969,-0.6780678067806754,-5.4171428571428555,-5.146131805157591,-3.204678362573097,-4.873563218390802,-26.56610470275066,117.78947368421052,347.95669824086605,0.8622330147296442,0.711162181223784
REGENTTEX,Regent Textile Mills Ltd.,7.4,5.71428571428572,23.33333333333334,15.625,85.00000000000001,117.64705882352942,85.00000000000001,100.0,-34.51327433628319,-31.900123642779693,-71.15970228572228,7.132670492083394,5.817086939928426
RELIANCE1,Reliance Insurance Mutual Fund Reliance One Units,12.0,-0.8264462809917326,-4.0,10.091743119266052,2.5641025641025705,-22.077922077922082,-23.56687898089172,-32.20338983050847,-11.76470588235294,51.89873417721518,31.868131868131876,2.8719876380304203,3.3695386865709755
RELIANCINS,Reliance Insurance PLC,115.7,1.3134851138353765,3.488372093023261,4.140414041404148,23.08510638297873,59.36639118457302,76.91131498470948,93.15525876460768,8.638497652582162,284.0316696266984,139.60074576831758,4.791647584071916,4.886953123268496
RENATA,Renata PLC,480.7,0.33395950740971947,1.8432203389830484,5.904384225600355,14.725536992840093,14.725536992840093,22.62755102040816,-6.660194174757283,-58.70190518381356,-27.232417887155737,54.74690579232045,1.279705273039101,1.2539656547752287
RENWICKJA,Renwick Janeswar and Co. (BD) Limited,880.0,-2.0262747717657588,-17.91044776119403,54.4672634720028,79.18957442476074,90.06479481641469,80.03273322422258,29.41176470588235,-7.7181208053691295,44.38063986874487,1021.0191082802547,7.541387373485113,6.743276703282068
REPUBLIC,Republic Insurance PLC,38.0,4.10958904109589,3.260869565217399,10.144927536231885,13.095238095238091,4.683195592286509,38.68613138686133,33.802816901408455,-29.588234944129752,449.423981512126,85.28030323512716,3.6170048133636716,4.761348590912794
RINGSHINE,Ring Shine Textiles Ltd.,4.9,2.0833333333333446,28.947368421052648,36.11111111111112,32.432432432432435,81.48148148148148,53.12500000000001,53.12500000000001,-51.485148514851474,-67.006666669966,-67.006666669966,6.541687238734738,5.601048360997011
ROBI,Robi Axiata PLc,32.3,-0.9202453987730193,-2.12121212121213,-2.12121212121213,12.543554006968634,6.953642384105953,14.134275618374545,15.357142857142847,-25.40415704387991,115.33333333333331,115.33333333333331,1.6714633546508604,1.7334415846229623
RSRMSTEEL,Ratanpur Steel Re-Rolling Mills Ltd,7.8,1.298701298701294,2.6315789473684235,-7.1428571428571495,2.6315789473684235,18.181818181818183,16.41791044776119,-29.72972972972973,-70.22900763358778,-76.1553443074493,-82.7909712823773,2.611073137388928,3.6603815855373028
RUNNERAUTO,Runner Automobiles PLC,45.7,2.0089285714285845,8.809523809523816,8.551068883610453,13.965087281795514,36.4179104477612,23.51351351351352,65.57971014492755,-28.593749999999996,-50.68345311677967,-50.68345311677967,3.5949092335593864,2.545222666777413
RUPALIBANK,Rupali Bank PLC,17.5,-0.5681818181818262,-3.8461538461538423,2.9411764705882355,-1.1299435028248548,-11.61616161616162,1.1560693641618456,-21.874999999999996,-40.688291184493835,28.88904909756775,-41.63742781562411,3.7189132706374073,3.0193275736357523
RUPALIINS,Rupali Insurance Company Ltd.,29.9,3.103448275862064,3.4602076124567476,9.124087591240876,31.35983293552765,28.14285743575509,46.70560784339953,40.784753682046194,-27.993119086037844,192.8791270318968,-4.597952111126552,3.0071010860484537,4.337166970857218
RUPALILIFE,Rupali Life Insurance Co. Ltd.,90.7,-0.6571741511500486,-2.3681377825618974,-4.3248945147679265,0.889877641824246,-2.157497303128371,15.394402035623422,3.775743707093818,21.568987777917453,201.96569452907437,-9.889202255794839,2.7409873599266055,3.1629787600130905
SAFKOSPINN,Safko Spinning Mills Limited,21.5,3.365384615384612,2.8708133971291936,2.380952380952381,2.380952380952381,59.25925925925926,55.79710144927535,69.29133858267718,-20.748175178721635,97.12803342910027,8.88178178166712,5.021060727031595,4.474754622669799
SAIFPOWER,SAIF Powertec Ltd.,9.9,-1.9801980198019733,0.0,-13.157894736842104,62.29508196721313,110.63829787234042,98.00000000000001,33.78378378378378,-63.68858145685778,-28.148359684968383,-27.977398364765534,4.844300389291898,5.30265543944651
SAIHAMCOT,Saiham Cotton Mills Ltd.,23.8,1.7094017094017186,11.737089201877934,19.000000000000004,4.845814977973575,31.491712707182312,21.428571428571423,70.00000000000001,27.95698924731182,87.40157480314963,-7.816901486351915,5.188039382597381,3.9771755763805725
SAIHAMTEX,Saiham Textile Mills Ltd.,23.2,9.95260663507108,18.367346938775498,25.405405405405403,24.064171122994654,7.906976744186044,34.10404624277456,58.9041095890411,-1.6949152542372972,84.54545500681819,-1.0106007402057808,5.477959511287201,3.5153112204063257
SALAMCRST,S. Alam Cold Rolled Steels Limited,14.1,-1.398601398601406,1.4388489208633042,-3.4246575342465753,-9.615384615384615,25.89285714285715,-5.369127516778528,-32.21153846153847,-56.34674922600618,-44.04761904761905,-70.3781512605042,4.743217550690483,3.4545390698180545
SALVO,Salvo Organic Industries PLC,38.3,0.0,-3.526448362720417,0.7894736842105189,17.84615384615384,36.29893238434162,26.40264026402639,66.52173913043477,-13.738738738738741,280.4121640847858,123.71899798506169,2.3277303893105294,2.4172405651602586
SAMATALETH,Samata Leather Complex (Pvt.) Ltd.,104.1,0.4826254826254826,-5.363636363636369,-1.5137180700094688,-8.684210526315795,13.152173913043473,23.928571428571423,45.79831932773108,20.207852193995382,308.3923063854523,607.879997734784,3.8800254397233527,4.817324760156902
SAMORITA,Samorita Hospital Ltd.,96.1,0.10416666666666075,0.7337526205450614,21.338383838383827,37.48211731044348,39.27536231884057,32.18707015130673,47.84615384615384,52.31719450608077,92.47294707958584,144.80152935081048,2.976565952526956,4.145928709641548
SANDHANINS,Shandhani Life Insurance Co.Ltd,28.4,2.5270758122743655,-1.3888888888888962,11.372549019607838,26.78571428571429,33.96226415094339,47.1502590673575,33.33333333333332,-35.45454545454546,42.000001135999995,-33.297967289279946,2.5693615610495404,3.227218211843237
SAPORTL,Summit Alliance Port Limited,54.1,0.1851851851851878,2.07547169811321,3.639846743295016,5.870841487279844,20.758928571428584,28.50356294536817,129.23728813559322,81.54362416107382,43.47319976625347,156.70545405570314,3.555612188497749,3.748823730312507
SBACBANK,SBAC Bank PLC.,7.8,0.0,14.705882352941178,18.181818181818183,21.87499999999999,19.999999999999996,25.80645161290322,-9.302325581395348,-25.517090793439273,-25.517090793439273,-25.517090793439273,5.467478660210649,3.4010333361809657
SEAPEARL,Sea Pearl Beach Resort & Spa Ltd.,40.7,-0.24509803921567236,-2.863961813842472,8.823529411764719,17.291066282420747,29.617834394904474,23.33333333333334,-23.062381852551976,-2.863961813842472,69.58333375729168,69.58333375729168,3.704580996483476,4.400419602708284
SEMLFBSLGF,SEML FBLSL Growth Fund Units,7.4,0.0,0.0,29.824561403508778,37.03703703703704,48.00000000000001,51.0204081632653,27.586206896551733,-42.63565891472868,21.311475409836078,21.311475409836078,4.2510504426865605,4.126718217393216
SEMLIBBLSF,SEML IBBL Shariah Fund Units,8.0,0.0,-2.439024390243894,15.94202898550724,29.032258064516125,35.593220338983045,37.931034482758626,14.285714285714286,-39.84962406015038,-41.60583941605839,-41.60583941605839,2.5870253164556907,3.10879931330977
SHAHJABANK,Shahjalal Islami Bank PLC,17.5,0.0,-2.234636871508372,-1.1299435028248548,0.0,-0.5681818181818262,6.707317073170741,-3.3149171270718307,-12.922705623197157,147.972319011565,7.571090431233522,1.7355494243548624,1.4597606696116452
SHARPIND,Sharp Industries PLC,36.7,0.5479452054794599,18.387096774193555,66.81818181818183,143.04635761589404,188.97637795275594,184.49612403100778,109.71428571428572,125.15337423312884,125.15337423312884,125.15337423312884,5.21270861283712,7.383421162645812
SHASHADNIM,Shasha Denims PLC,29.0,0.0,5.072463768115937,17.88617886178861,50.25906735751295,81.25,82.38993710691824,59.34065934065934,13.72549019607843,2.7286388558647023,-13.119394143499624,2.6816734730044205,2.530484502689673
SHEPHERD,Shepherd Industries PLC,18.2,5.202312138728315,5.202312138728315,8.333333333333325,20.529801324503307,50.413223140495866,35.82089552238805,-2.1505376344086136,8.459301904671008,-49.83877808445234,-49.83877808445234,3.760010098444214,3.7059755841296194
SHURWID,Shurwid Industries Ltd,6.1,0.0,0.0,-11.594202898550733,-1.6129032258064602,38.63636363636362,32.608695652173914,-12.857142857142861,-69.95073891625616,-32.22222229753088,-79.6934211326021,3.0348532319003017,4.176967420810957
SHYAMPSUG,Shyampur Sugar Mills Ltd.,293.1,-0.6777363605557437,-16.041248925809224,29.977827050997792,97.37373737373738,85.85922637920105,92.82894736842107,128.98437500000003,344.0909090909091,3308.139534883721,3563.7500000000005,7.799707865569303,8.241341514857858
SICL,"Sikder Insurance Co., Ltd.",39.0,3.174603174603182,-1.7632241813602085,2.0942408376963275,51.16279069767442,83.9622641509434,110.8108108108108,74.10714285714288,44.44444444444444,44.44444444444444,44.44444444444444,3.8044323124968313,4.110994881464531
SILCOPHL,Silco Pharmaceuticals Ltd.,21.6,0.46511627906977404,-0.4608294930875478,1.4084507042253553,51.048951048951054,56.52173913043479,57.66423357664235,43.04635761589405,-36.28318584070796,-11.343283678024052,-11.343283678024052,3.7185806944793973,3.6990363339691377
SILVAPHL,Silva Pharmaceuticals Ltd.,17.1,-0.5813953488371969,-0.5813953488371969,23.021582733812956,66.01941747572816,76.28865979381446,78.12500000000003,69.30693069306933,-22.972972972972965,-52.74999988187499,-52.74999988187499,4.024139599811,5.020537443519312
SIMTEX,Simtex Industries PLC,28.4,0.3533568904593564,-0.3508771929824611,4.797047970479694,17.355371900826444,37.8640776699029,26.222222222222218,77.49999999999999,44.89795918367346,76.49883408070802,5.415741984709049,2.936492065341609,3.274581117822319
SINGERBD,Singer Bangladesh Limited,78.9,-0.3787878787878752,0.6377551020408163,-0.3787878787878752,-6.95754716981131,-10.544217687074827,-7.176470588235287,-27.614678899082566,-56.408839779005525,-39.629193702304605,-22.248332401597352,2.6932070443997023,3.034243846867461
SINOBANGLA,Sinobangla Industries Ltd.,58.3,0.8650519031141869,-1.018675721561972,-0.5119453924914749,10.207939508506614,25.3763440860215,27.292576419213976,34.95370370370369,38.24919593425818,142.0465154946264,220.525446744203,1.8985232178791305,2.283871135843195
SIPLC,Sena Insurance PLC,120.1,1.952461799660439,8.4914182475158,18.325123152709356,60.13333333333332,103.55932203389828,125.328330206379,145.1020408163265,151.255230125523,151.255230125523,151.255230125523,4.356853601870327,4.683689372043506
SKTRIMS,SK Trims & Industries Ltd.,15.2,1.3333333333333286,3.4013605442176873,5.555555555555547,59.999999999999986,102.66666666666666,85.3658536585366,49.01960784313726,-63.28502415458937,-59.12888897172101,-59.12888897172101,3.600996454919998,5.074314375784491
SONALIANSH,Sonali Aansh Industries Limited.,213.7,0.09367681498828508,-0.6970260223048328,12.237394957983183,34.487098804279405,16.07821835958718,11.070686070686062,17.031763417305584,277.06219673577414,1123.765211166786,1482.962962962963,2.831270865763534,3.3858774573797827
SONALILIFE,Sonali Life Insurance PLC,83.7,-1.0638297872340325,-3.460207612456747,-0.35714285714285376,18.05359661495063,18.723404255319153,37.438423645320206,45.56521739130436,20.431654676258997,660.9090909090909,660.9090909090909,3.1440268118906376,3.355754295428685
SONALIPAPR,Sonali Paper & Board Mills Ltd.,241.4,-0.4536082474226781,-2.1086780210867757,3.250641573994865,3.5162950257289953,1.5993265993266041,2.0718816067653303,56.44847699287103,29.986996682401003,59.94356852728382,59.94356852728382,3.00429742921345,3.5950619110345015
SONARBAINS,Sonar Bangla Insurance Ltd.,40.8,7.086614173228336,-0.7299270072992804,-6.6361556064073355,24.897959515035403,32.63157930050512,69.32806362928962,65.40540578539078,-49.57174862433742,340.4115507773685,96.01137085983359,4.641912088490001,5.584587684985327
SONARGAON,Sonargaon Textiles Limited.,104.1,5.257836198179968,12.784398699891655,10.862619808306697,206.17647058823528,235.8064516129032,234.7266881028939,197.42857142857142,314.74103585657366,1288.0,457.67857282276776,5.635928205841114,6.837795267663516
SOUTHEASTB,Southeast Bank PLC,10.8,0.0,-1.8181818181818117,3.8461538461538494,6.999999935601865,24.25806444531529,26.9890109471465,39.22891558716506,-23.982874656474824,5.3420966005929,-9.243731951120292,2.6380834823790287,3.1860211352283727
SPCERAMICS,Shinepukur Ceramics PLC,23.1,0.4347826086956583,-3.7499999999999942,-4.938271604938269,14.356435643564367,52.98013245033114,58.219178082191796,8.450704225352116,-30.42168674698795,165.51724137931038,1.7816088990267338,4.572821430430215,3.9311267014107867
SPCL,Shahjibazar Power Co Ltd,57.2,0.17513134851138604,-1.3793103448275814,4.379562043795631,1.779359430604982,13.267326732673272,20.421052631578952,29.705215419501137,-18.509588910711233,-50.29683594167385,120.28158213387592,2.1793523695496457,2.6568294937110513
SQUARETEXT,Square Textiles PLC,51.4,1.1811023622047274,0.3906249999999917,2.799999999999997,7.5313807531380785,2.799999999999997,5.9793814432989665,-1.9083969465648856,5.761316872427978,-11.329515997462606,-32.64353122874315,1.7113813351118754,2.05751112726267
SQURPHARMA,Square Pharmaceuticals PLC,218.6,0.18331805682860022,-1.9291161956034146,-3.487858719646802,2.292934019653723,-0.7266121707538575,9.849246231155776,-0.6363636363636389,-2.0170327207530256,15.950697781125712,108.83593390405477,1.0536023517551236,1.1349178532613418
SSSTEEL,S.S. Steel Ltd,7.3,-1.3513513513513586,-1.3513513513513584,2.8169014084507067,48.97959183673468,92.10526315789474,78.04878048780489,23.728813559322024,-63.83486253728104,-80.41614422975591,-80.41614422975591,3.6154522262953708,4.628367927644653
STANCERAM,Standard Ceramic Industries Ltd.,72.2,-0.41379310344827197,-1.366120218579235,-0.8241758241758164,3.5868005738880915,12.461059190031152,2.995720399429399,5.555555555555551,-67.71019677996422,42.687747035573125,194.69387755102042,3.592238990081472,4.195477447599085
STANDARINS,Standard Insurance PLC,50.6,2.222222222222225,1.6064257028112536,-1.1718750000000027,12.444444444444446,19.058823529411768,29.41176470588235,12.694877505567934,-39.18269230769231,585.9579599819041,93.86325966470082,3.98807559941917,4.117981302814877
STANDBANKL,Standard Islami Bank PLC,5.1,-1.9230769230769333,1.999999999999993,6.2499999999999964,6.2499999999999964,4.0816326530612095,6.2499999999999964,-22.72727272727273,-41.28794615586155,-3.475581608450813,-43.70151454384275,4.345098039215691,4.027200151237977
STYLECRAFT,Stylecraft Limited,59.9,0.0,-2.2838499184339294,9.50639853747714,10.925925925925924,32.5221238938053,26.906779661016937,-17.036011080332415,-60.5921052631579,37.470499714336306,143.89927366686362,4.3158659006047655,4.116847829032043
SUMITPOWER,Summit Power Ltd.,17.0,-1.1627906976744147,-2.2988505747126355,11.111111111111107,23.188405797101446,37.096774193548384,37.096774193548384,14.093959731543622,-61.45124716553288,-47.204968944099384,-62.972602791716554,2.645786535555955,3.449727473360786
SUNLIFEINS,Sunlife Insurance Co. Ltd.,69.5,2.9629629629629632,-3.4722222222222223,-2.112676056338028,-3.606102635228841,31.37996219281664,31.8785578747628,25.67811934900543,106.2314540059347,196.61087776256787,-24.856600528802133,2.6223409339297232,4.790637524849241
TAKAFULINS,Takaful Islami Insurance PLC,53.3,3.0947775628626584,9.670781893004106,33.24999999999999,58.630952380952365,56.764705882352935,56.764705882352935,48.05555555555555,-10.118043844856661,383.70979749929484,73.59050294969492,5.062178815877367,5.197599854031254
TALLUSPIN,Tallu Spinning Mills Limited,8.3,0.0,2.469135802469149,0.0,3.750000000000009,9.210526315789489,31.74603174603176,53.70370370370371,3.750000000000009,-37.59398496240601,-63.91304350964083,2.4667187267588875,2.739746909056774
TAMIJTEX,Tamijuddin Textile Mills PLC,134.8,1.429646350639583,-1.6058394160583858,3.37423312883436,13.277310924369758,13.851351351351354,6.984126984126993,25.661016823491526,89.37420160660197,922.6206882446612,922.6206882446612,2.3560842558845065,2.9809461499541205
TECHNODRUG,Techno Drugs Ltd.,47.7,1.4893617021276655,-1.6494845360824684,10.416666666666666,33.240223463687165,56.39344262295083,63.35616438356166,49.52978056426334,80.6818181818182,80.6818181818182,80.6818181818182,3.1657935495435416,3.816306256870428
TILIL,Trust Islami Life Insurance Ltd.,53.1,0.7590132827324451,1.3358778625954253,-0.37523452157597703,10.165975103734437,5.566600397614324,19.5945945945946,-2.0295202952029547,382.72727272727275,382.72727272727275,382.72727272727275,2.2428579139655573,3.276050492142762
TITASGAS,Titas Gas Transmission and Distribution PLC,20.6,-0.9615384615384581,-2.830188679245273,14.44444444444445,24.096385542168672,26.38036809815951,32.051282051282065,0.4878048780487874,-45.50264550264549,-57.873210633946826,-67.7115987460815,3.405423331864538,4.0074765014141125
TOSRIFA,Tosrifa Industries PLC,24.2,0.41493775933609073,-0.4115226337448618,17.475728155339795,42.35294117647058,48.46625766871165,42.35294117647058,21.60804020100503,36.29120826139544,26.433252245436652,-44.26316512331217,4.652604265032808,5.425678927799545
TRUSTB1MF,Trust Bank 1st Mutual Fund Units,3.9,-2.500000000000002,2.6315789473684235,25.80645161290322,29.999999999999996,62.5,62.5,5.405405405405397,-51.24999999999999,-4.610588503506694,-40.294900479521516,6.730130940657258,6.158737127448786
TRUSTBANK,Trust Bank PLC,15.7,0.0,-3.0864197530864197,-0.6329113924050722,-10.407608471671201,-10.891891694409061,-5.25862045280172,-18.391088904888615,-27.986172291935166,72.67168488270087,65.40445822242745,1.5335929892891973,1.7050705475273722
TUNGHAI,Tung Hai Knitting & Dyeing Ltd,2.9,0.0,7.407407407407397,-3.333333333333336,-6.451612903225812,81.24999999999997,81.24999999999997,7.407407407407397,-55.38461538461539,-67.44897963169512,-88.30333335703858,5.035998484274346,6.26203061671042
UCB,United Commercial Bank PLC,9.8,-1.0101010101010066,-1.0101010101010064,10.1123595505618,11.363636363636363,-1.999999999999993,-6.66666666666666,-6.66666666666666,-26.180434473368905,-14.713176173237613,-22.71924944405135,2.474226804123721,2.5195588938506166
UNILEVERCL,Unilever Consumer Care Limited,2047.1,-1.0202108113335224,-1.0584823586273606,-2.0526315789473726,-1.5817307692307736,-6.057546693589097,-5.226851851851856,-17.455645161290324,12.339141171628476,100.19314222847012,512.2168224299065,0.9045892876852951,1.091016113221764
UNIONCAP,Union Capital Limited,5.0,-1.9607843137254832,6.382978723404252,8.695652173913052,16.279069767441865,38.888888888888886,78.57142857142858,-7.407407407407414,-42.5287356321839,-45.85937479358886,-73.5665416106623,6.353792784458834,5.101379388235249
UNIONINS,Union Insurance PLC,52.1,3.3730158730158792,-0.9505703422053232,30.250000000000007,48.85714285714286,40.43126684636118,41.576086956521756,42.73972602739727,373.6363636363636,373.6363636363636,373.6363636363636,4.399420223192523,5.75179162883091
UNIQUEHRL,Unique Hotel & Resorts PLC,45.3,-0.2202643171806199,-2.370689655172417,8.373205741626794,22.76422764227642,19.525065963060683,18.276762402088774,13.533834586466163,1.342281879194618,4.137931034482752,-64.24625098658248,3.386561203954573,3.880603217598624
UNITEDFIN,United Finance PLC,17.6,0.0,-4.347826086956506,15.032679738562095,28.46715328467155,44.26229508196723,51.724137931034505,30.370370370370377,-0.5649717514124174,12.813954063100162,-24.505337394577854,4.156190231698048,4.556110231643754
UNITEDINS,United Insurance Company Limited,54.6,6.640624999999997,7.69230769230769,23.80952380952381,11.20162932790224,18.43817787418655,30.622009569378005,40.35989717223651,-17.397881996974274,182.18878180184103,43.01422448760619,4.78273998735286,4.22062541187091
UPGDCL,United Power Generation & Distribution Co. Ltd.,126.7,0.39619651347068147,-0.7830853563038371,1.3600000000000023,7.372881355932205,5.058043117744618,9.130060292850999,-5.306427503736927,-54.75000000000001,33.574415973709094,127.14465713531314,1.73481764398973,2.521686586003245
USMANIAGL,Usmania Glass Sheet Factory Limited,64.6,-0.46224961479200516,-11.5068493150685,53.4441805225653,78.9473684210526,98.76923076923076,89.99999999999999,89.99999999999999,14.134275618374545,-7.146220577999118,33.21247835383834,8.11595199898548,9.028073827994401
UTTARABANK,Uttara Bank PLC,21.4,0.0,0.0,-1.3824884792626762,0.943396226415091,8.739837398373979,16.8122270742358,25.586854460093896,65.8871529867207,165.86615675492453,65.1316444400772,0.9398612328765994,1.1466303406185778
UTTARAFIN,Uttara Finance and Investments Limited,13.8,-0.7194244604316521,-2.8169014084506943,2.985074626865674,7.8125,35.29411764705884,39.3939393939394,-17.857142857142858,-63.874345549738216,-72.6603772901415,-80.49082004422341,2.86186804723342,2.7102635928991208
VAMLRBBF,Vanguard AML Rupali Bank Balanced Fund Units,8.2,1.2345679012345634,1.2345679012345636,12.328767123287664,38.983050847457605,49.09090909090908,43.859649122807,34.42622950819672,-18.000000000000007,-25.45454545454546,-25.45454545454546,2.4189814814814854,3.9355142382261423
VFSTDL,VFS Thread Dyeing Ltd.,17.7,1.7241379310344869,4.733727810650892,5.9880239520958085,52.58620689655172,59.45945945945946,38.281249999999986,135.99999999999997,-30.131578772697374,-25.282305075233243,-25.282305075233243,4.117643354838977,3.738512094080988
WALTONHIL,Walton Hi-Tech Industries PLC,395.4,-0.1262945188178833,-0.6782215523737868,2.4883359253499133,8.925619834710737,2.7012987012986955,4.052631578947363,-4.198237981264328,-68.93285717392429,15.063491948428565,15.063491948428565,2.243129748915872,2.2308775132140126
WATACHEM,Wata Chemicals Ltd.,141.3,-0.35260930888575454,-0.7724719101123555,3.89705882352942,-1.8068102849200793,4.666666666666675,-0.49295774647886526,13.768115942028993,-52.24738087191618,56.45238504894692,569.7031252825311,2.5401335588194933,3.052661787182038
WMSHIPYARD,Western Marine Shipyard Limited,10.2,-0.9708737864077808,1.999999999999993,-7.27272727272728,15.909090909090892,25.925925925925924,24.390243902439025,14.606741573033695,-31.543624161073833,-23.711704806253174,-70.37471205636034,3.21730166803886,3.6932954053187794
YPL,Yeakin Polymer Ltd.,24.9,0.8097165991902806,-4.230769230769236,-5.6818181818181825,11.160714285714286,64.90066225165562,40.67796610169491,68.24324324324323,63.815789473684205,-0.6281173782689004,-0.6281173782689004,3.5517215077882796,4.037910133697949
ZAHEENSPIN,Zaheen Spinning PLC,5.7,0.0,3.63636363636364,-4.999999999999997,1.7857142857142954,42.50000000000001,42.50000000000001,-20.833333333333332,-46.72897196261682,-52.68109383090794,-59.94927805127217,3.6637806637806563,4.010745224225409
ZAHINTEX,Zahintex Industries Ltd.,8.9,-2.19780219780219,-2.19780219780219,1.1363636363636322,7.228915662650597,56.14035087719298,53.448275862068975,102.27272727272727,-1.1111111111111072,-50.82232585953513,-62.48219379097481,3.1385767790262102,4.8275714580489195
ZEALBANGLA,Zeal Bangla Sugar Milla Limited,212.0,-1.8518518518518516,-10.09329940627651,48.66760168302946,57.15344699777612,50.354609929078016,48.25174825174825,150.29515938606846,47.941381716678286,1681.5126050420167,2336.7816091954023,8.084712948926093,10.148380913781162
