Symbol,Name,Price,Change %,Perf % 1W,Perf % 1M,Perf % 3M,Perf % 6M,Perf % YTD,Perf % 1Y,Perf % 5Y,Perf % 10Y,Perf % All Time,Volatility 1W,Volatility 1M
1JANATAMF,First Janata Bank Mutual Fund Units,3.6,5.882352941176476,0.0,-9.999999999999998,16.129032258064516,28.571428571428584,38.46153846153846,12.499999999999996,-60.439560439560445,-4.600000362519991,-33.78433813862047,5.329768270944747,5.431722750608204
1STPRIMFMF,Prime Finance First Mutual Fund 2009 Units,22.1,1.8433179723502402,0.9132420091324331,-11.599999999999996,15.104166666666679,22.777777777777786,10.500000000000007,-6.3559322033898304,7.804878048780495,172.83950617283955,-27.777777777777775,4.218386361623141,4.472313957736762
AAMRANET,aamra networks ltd,18.2,1.6759776536312891,-8.542713567839193,-14.953271028037381,-2.1505376344086136,12.345679012345679,2.247191011235947,-18.01801801801802,-57.82248071645498,-69.79028691721146,-69.79028691721146,7.103166553977912,5.347899194765143
AAMRATECH,Aamra Technologies Limited,17.0,-1.7341040462427786,-4.494382022471914,-24.107142857142854,11.111111111111107,37.096774193548384,38.21138211382113,13.333333333333334,-45.22796373926368,-20.832636099762183,-42.18583345829384,6.872546368313988,6.900055059997964
ABB1STMF,AB Bank 1st Mutual Fund 2011 Units,3.7,2.77777777777778,-2.631578947368412,-9.756097560975597,8.823529411764714,27.586206896551733,37.03703703703704,12.121212121212132,-47.142857142857146,-6.476596306617215,-44.80830868012468,4.589169000933713,5.165347548876029
ABBANK,AB Bank PLC,4.5,0.0,-6.2499999999999964,-8.163265306122456,2.2727272727272645,-30.76923076923077,9.756097560975618,-23.728813559322038,-69.82393242273253,-68.28733514538514,-80.44639777147891,3.616161616161607,3.498182791447983
ACFL,Aman Cotton Fibrous PLC,22.1,-0.896860986547082,-7.531380753138063,-6.3559322033898304,-7.531380753138063,26.285714285714292,22.777777777777786,12.755102040816325,-50.77951002227171,-63.166666666666664,-63.166666666666664,9.206870396436582,5.333994312063091
ACI,Advanced Chemical Industries PLC,186.7,0.26852846401718583,-1.4775725593667606,-6.789815277084385,-2.1488469601677265,-11.010486177311735,-4.256410256410263,-0.42666666666667274,-27.99736509446697,-24.493113603697996,199.79540651159422,1.402422931768018,1.8508038163836165
ACIFORMULA,ACI Formulations PLC,153.2,0.32743942370661433,-3.2828282828282935,-10.878417684700418,6.834030683403056,8.268551236749108,18.759689922480614,3.3041132838840035,-16.43636342973356,-4.078711742882619,122.18232099744475,5.066242152116731,3.8577469342412876
ACMELAB,ACME Laboratories Ltd.,77.5,0.0,-3.125,-6.626506024096385,-1.6497461928933974,-0.3856041131105362,8.695652173913047,-4.791154791154797,-20.512820512820515,-28.24074074074074,-42.592592592592595,1.6010352977544993,1.589924677897363
ACMEPL,ACME Pesticides Ltd,24.0,-2.0408163265306123,-9.774436090225567,-3.6144578313252955,-1.6393442622950762,42.011834319526635,50.943396226415096,42.85714285714285,118.18181818181819,118.18181818181819,118.18181818181819,4.881014927264849,5.030842247162946
ACTIVEFINE,Active Fine Chemicals Ltd.,5.7,0.0,-9.523809523809518,-16.17647058823529,-17.39130434782609,-12.307692307692305,5.555555555555552,-37.36263736263736,-77.2,-76.9398339521754,-80.66956508157399,4.174228675136117,4.417907420139197
ADNTEL,ADN Telecom Ltd.,58.3,-0.1712328767123312,-5.967741935483875,-12.066365007541478,-8.477237048665629,-0.6814310051107422,0.6908462867012065,-28.024691358024697,-25.25641025641026,43.95061728395061,43.95061728395061,4.131781703128879,2.944463553043598
ADVENT,Advent Pharma Ltd.,13.8,0.0,-6.756756756756756,-13.749999999999996,-10.967741935483867,4.5454545454545565,2.985074626865674,-14.285714285714288,-47.67286261304183,-62.52968823711722,-62.52968823711722,4.673193527208131,3.906686858516391
AFCAGRO,AFC Agro Biotech Ltd.,6.2,-4.615384615384613,-10.144927536231886,-13.88888888888889,-18.42105263157894,-8.823529411764701,24.000000000000004,-27.05882352941176,-82.53521126760563,-80.52772406100077,-72.94164997220297,5.016284119106696,3.720003320815275
AFTABAUTO,Aftab Automobiles Ltd.,26.7,0.7547169811320728,-6.643356643356651,-12.745098039215693,-18.59756097560975,-4.982206405693958,-21.929824561403517,-27.83783783783784,-24.521153462372943,-42.618420762955274,-60.75099968015989,3.466189741536673,2.6401260657146426
AGNISYSL,Agni Systems PLC,29.3,-2.333333333333331,-2.333333333333331,-7.861635220125786,-1.6778523489932886,41.54589371980677,40.86538461538461,0.3424657534246624,20.081967213114766,84.33919979582717,58.09429660040769,5.657984717031844,4.099707160323464
AGRANINS,Agrani Insurance PLC,28.6,0.0,-5.610561056105609,-12.538226299694191,6.319702602230494,33.02325581395349,20.16806722689076,2.142857142857148,-37.64183836727918,208.93142949565515,73.35039500451394,3.7579589428586564,4.33455406223394
AIBL1STIMF,AIBL 1st ISLAMIC Mutual Fund 2010- Units,6.1,5.172413793103446,1.6666666666666607,-7.575757575757576,48.78048780487805,69.44444444444443,79.41176470588235,38.63636363636362,-32.96703296703297,-16.438356164383563,-20.779220779220786,7.983049538437688,7.5545552296206795
AIL,Alif Industries Ltd.,31.6,-1.2499999999999956,-11.97771587743732,-15.053763440860218,-7.8717201166180635,6.756756756756756,-22.35872235872236,-44.366197183098585,-26.199575443626745,-71.38984623513421,-71.38984623513421,6.870235237623542,4.892064550647018
AL-HAJTEX,Alhaj Textile Mills Limited,70.0,-3.978052126200282,-19.261822376009228,-28.352098259979535,-30.278884462151396,-44.881889763779526,-48.97959183673469,-54.83870967741935,9.375,-13.006536210902166,202.32153270739158,6.960014010202209,4.215251850635332
ALARABANK,Al-Arafah Islami Bank PLC,15.4,-2.531645569620255,-10.465116279069761,-3.749999999999998,4.054054054054052,-11.494252873563209,2.666666666666669,-9.411764705882351,-36.43091609580185,27.411514740356033,-13.935327102813979,5.572191380916441,5.504674904761949
ALIF,Alif Manufacturing Company Ltd.,5.4,0.0,-3.571428571428559,-3.571428571428559,1.8867924528301987,10.204081632653061,35.00000000000001,-9.999999999999995,-69.49152542372882,-36.189949003538985,-68.02284133654422,3.3612858141159974,4.56830339901571
ALLTEX,Alltex Industries Limited,24.1,-0.8230452674897091,-1.2295081967213,3.8793103448275956,45.18072289156626,68.53146853146853,79.85074626865672,88.28125,11.574074074074073,22.335025380710672,215.3827149747453,3.5018754636357863,4.2414832150886275
AMANFEED,Aman Feed PLC,31.3,-2.4922118380062326,-11.830985915492956,-19.537275064267348,-8.479532163742697,36.68122270742359,36.08695652173913,13.405797101449272,-57.12328767123287,-45.18381617489637,-6.662716119905092,7.979513919072594,5.20406825399523
AMBEEPHA,Ambee Pharmaceuticals PLC,756.0,0.46511627906976744,-1.1764705882352942,-4.315909378559679,-3.1266017426960504,-1.8181818181818181,5.0,-8.99241603466956,28.135593220338983,54.443309499489274,304.45831637269123,4.236500140979064,2.7548642617426653
AMCLPRAN,Agricultural Marketing Co. Ltd.,212.8,-1.6635859519408478,-6.131451257168054,-8.669527896995703,-1.115241635687722,3.250849102377495,5.190311418685121,-13.811259619279058,-32.09955328653477,-1.0692701069270028,73.00813008130083,2.1441206427201154,2.4414149345103295
ANLIMAYARN,Anlima Yarn Dyeing Ltd.,26.4,-2.2222222222222276,-12.000000000000004,-25.423728813559322,-17.24137931034483,25.714285714285708,26.923076923076913,12.340425531914889,-43.468950749464675,-12.000000000000004,31.999999999999993,10.823853297135747,7.113635158443318
ANWARGALV,Anwar Galvanizing Ltd.,110.7,3.943661971830988,4.928909952606637,-2.035398230088493,-6.974789915966385,17.019027484143773,27.829099307159364,37.00495049504951,-53.1152944927247,211.84999796042496,1269.912491660658,4.102868679577721,3.9222078489855576
AOL,Associated Oxygen Ltd,15.7,-0.6329113924050722,-10.285714285714288,-16.0427807486631,-15.591397849462377,0.6410256410256387,3.2894736842105265,-7.647058823529415,-72.77309564671289,20.95279934414553,20.95279934414553,3.543251291019925,3.8294723782486146
APEXFOODS,Apex Foods Limited,259.0,0.5044625533566206,-7.5,-11.934716082964984,-5.954974582425555,14.298323036187115,5.370219690805528,5.714285714285714,37.765957446808514,54.35041716328961,261.731843575419,4.338125867666412,3.402404389474413
APEXFOOT,Apex Footwear Ltd.,209.1,1.0144927536231858,-0.2861230329041461,-3.773584905660385,3.514851485148512,13.703099510603584,16.620189626324585,12.516142918639686,25.960217607134624,11.26549834293818,56.90920578424355,2.169079780506318,1.7320384808153515
APEXSPINN,Apex Spinning and Knitting Mills Ltd.,281.9,1.4393666786613892,-12.72445820433437,-20.367231638418083,-23.810810810810814,51.07181136120042,56.6111111111111,88.68808567603746,77.29559748427671,165.94339622641505,302.71428571428567,6.975148581400462,5.783652335084684
APEXTANRY,Apex Tannery Limited.,93.4,-2.0964360587002093,-10.192307692307688,-11.886792452830184,-15.013648771610555,47.31861198738172,56.71140939597316,21.298701298701303,-33.23802716225875,-36.84922244759973,27.770177838577307,6.020286423954175,4.593516217034401
APOLOISPAT,Appollo Ispat Complex Ltd.,3.0,3.448275862068969,-3.225806451612906,-9.090909090909086,-11.76470588235294,-21.052631578947366,76.47058823529412,3.448275862068969,-76.74418604651163,-76.33607608860233,-87.6836235580221,4.827586206896554,5.3906813203839175
ARAMIT,Aramit Limited,184.6,-1.388888888888886,-10.126582278481017,-8.749382105783498,1.5401540154015307,13.251533742331285,1.596037424325815,-24.344262295081972,-57.16937354988399,-56.859079224117785,-12.924528301886795,5.697807489846817,5.84386425725145
ARAMITCEM,Aramit Cement Limited,11.3,0.0,-9.599999999999994,-15.671641791044774,-15.037593984962406,2.7272727272727337,28.409090909090907,-8.870967741935482,-80.74957410562182,-68.87052341597796,-68.73283652356214,8.004758368055988,8.584420174805418
ARGONDENIM,Argon Denims Ltd.,22.1,-2.2123893805309733,-9.053497942386828,-5.150214592274675,19.459459459459467,30.769230769230784,25.568181818181817,12.18274111675128,-9.608430387327425,26.72061988763938,-42.68328860772022,5.604982212458846,4.799000811934241
ASIAINS,Asia Insurance PLC,41.6,-0.47846889952152094,-5.239179954441907,-8.971553610503284,-6.516853932584267,9.473684210526319,51.27272727272728,42.955326460481096,-55.744680851063826,215.15151515151516,25.87896283167537,4.111846794374043,4.67163005768068
ASIAPACINS,Asia Pacific General Insurance PLC,47.7,0.0,-2.851323828920567,-12.316176470588227,3.6956521739130497,28.918918918918926,50.9493670886076,32.13296398891967,-31.661891117478504,233.56643356643357,40.70796460176992,4.125981729767575,4.793808277244431
ASIATICLAB,Asiatic Laboratories Ltd,104.5,-1.4150943396226416,-4.913557779799823,-7.522123893805309,-21.250941974378293,50.57636887608068,116.80497925311202,92.44935543278085,82.37347294938918,82.37347294938918,82.37347294938918,7.407801020041071,5.610608750557944
ATLASBANG,Atlas Bangladesh Limited,85.1,1.6726403823177916,1.3095238095238027,-8.494623655913985,20.709219858156022,33.59497645211929,50.08818342151674,34.86529318541995,-37.334315169366725,-12.877074898302585,-24.343826373846,5.127483521347768,4.8664923087268885
AZIZPIPES,Aziz Pipes Limited.,75.0,-1.0554089709762495,-5.897114178168134,-10.501193317422432,9.970674486803516,51.515151515151516,60.25641025641027,29.53367875647669,-50.98039215686274,56.71818709504464,382.3437535229182,5.911744617989784,4.017337443859602
BANGAS,Bangas Limited,123.3,-2.7602523659305995,-2.375296912114014,-10.131195335276962,-8.666666666666668,5.294619982920583,-5.444785276073627,-7.916355489171029,-23.511166253101734,-22.857642525647798,-12.060882432666661,3.8374539394729963,3.0045191471822115
BANKASIA,Bank Asia PLC,16.7,-0.5952380952381037,-2.33918128654972,-7.222222222222225,-7.222222222222225,-19.10937535136866,-1.5244569536400268,-2.5833337148819413,-1.8155177380573595,55.113578392891775,43.662977253733274,1.1940404904476727,1.8551196453758507
BARKAPOWER,Baraka Power Ltd.,10.1,0.9999999999999963,-5.607476635514016,4.12371134020619,20.23809523809523,27.848101265822777,48.529411764705884,-15.126050420168072,-67.62820512820512,-54.3338352154864,-55.48841392655536,5.271284271284266,6.660322084258914
BATASHOE,Bata Shoe Co. (Bangladesh) Ltd.,888.0,0.35032207029043083,-4.207119741100324,-2.929602098819409,2.245250431778929,5.338078291814947,10.434025618704139,1.1389521640091116,-8.97908979089791,-25.265106884362904,72.42718446601941,2.552666584428521,1.6418865013929935
BATBC,British American Tobacco Bangladesh Co Ltd,228.0,-0.7832898172323809,-2.1459227467811157,-5.236907730673315,5.800464037122969,3.6363636363636362,-8.064516129032258,-21.10726643598616,-65.50680786686839,-15.90163766263971,144.86873997798497,2.3872652626725164,2.161219550455213
BAYLEASING,Bay Leasing and Investment Ltd.,4.6,0.0,-8.000000000000007,-9.803921568627452,4.545454545454529,-24.59016393442623,39.39393939393939,-4.1666666666666705,-86.35593216927965,-68.49522723787155,-82.46911843842737,4.850241545893721,4.77237202385169
BBS,Bangladesh Building Systems PLC,12.3,-0.8064516129032229,-8.888888888888884,-20.129870129870127,-15.75342465753424,20.588235294117663,33.69565217391306,0.0,-44.090909090909086,-50.2398645458235,-43.27344535091337,4.703007685814563,4.4279108650942325
BBSCABLES,BBS Cables PLC,17.2,-1.7142857142857182,-10.880829015544048,-23.89380530973452,-29.50819672131147,7.499999999999996,13.157894736842106,-20.37037037037038,-74.37432419608339,-40.49986945256241,-40.49986945256241,5.321815036922826,4.368727192342755
BDAUTOCA,Bangladesh Autocars Limited,181.2,-2.2653721682847987,-6.113989637305705,-14.12322274881517,-19.32324131789849,32.26277372262773,42.677165354330704,31.019522776572654,5.348837209302319,405.3036351640558,739.3179027377154,5.982813931948128,4.81159082068046
BDCOM,BDCOM Online Ltd.,29.2,-1.3513513513513586,-0.3412969283276499,-10.153846153846155,-1.0169491525423753,9.363295880149813,12.307692307692305,-4.782608457608693,15.802158829689864,59.50456579607286,142.82024747286638,3.277932756489909,3.431030816608801
BDFINANCE,Bangladesh Finance PLC,12.3,-0.8064516129032229,-6.818181818181808,-9.558823529411757,-12.142857142857139,-11.510791366906473,-5.384615384615379,13.888888888888888,-80.54029858140954,40.4182632185141,-24.293541303021254,4.08564746144553,3.5930381519528827
BDLAMPS,Bangladesh Lamps PLC,224.3,1.493212669683263,0.0,13.915693245302185,24.128389596015506,63.72262773722629,66.76579925650559,34.311377245508986,7.239052640882091,28.8250133176361,100.00083317333267,3.876829077931534,4.485467190151722
BDTHAI,Bangladesh Thai Aluminium Ltd.,15.8,-1.863354037267085,-2.4691358024691272,-14.594594594594591,-4.819277108433739,42.342342342342356,41.071428571428584,14.492753623188404,-44.947735191637626,-19.078072956389438,-0.8267418606678852,5.03618137351911,4.687409600749489
BDTHAIFOOD,BD Thai Food & Beverage Ltd.,25.1,-0.39682539682538837,-0.39682539682538837,1.2096774193548416,-8.394160583941597,47.64705882352942,74.30555555555556,55.90062111801242,107.43801652892564,107.43801652892564,107.43801652892564,4.188341085382405,4.21715139731957
BDWELDING,Bangladesh Welding Electrodes Ltd.,12.0,-2.439024390243908,-8.396946564885495,-12.408759124087588,-27.272727272727273,-27.272727272727273,-33.70165745856354,18.811881188118814,-50.0,15.428571361512915,-45.381974111151315,5.2349109722502165,3.441490412545488
BEACHHATCH,Beach Hatchery Ltd,26.6,1.5267175572519165,-13.915857605177985,-17.901234567901227,-20.59701492537313,-12.786885245901635,-43.16239316239316,-51.19266055045872,-4.999999999999995,141.81818181818184,17.848101534337445,6.538226543295043,3.7815089435079976
BEACONPHAR,Beacon Pharmaceuticals PLC,102.3,-0.48638132295719844,-3.2166508987701095,-5.2777777777777795,-4.303086997193646,0.29411764705882076,-2.2922636103151914,-18.160000000000004,-53.5,455.97826086956525,564.2857142857142,2.4161998861407854,2.047979814446397
BENGALWTL,Bengal Windsor Thermoplastics PLC,21.8,-2.678571428571419,-9.543568464730292,-11.382113821138214,-17.424242424242415,23.163841807909613,25.287356321839095,1.8691588785046829,-24.041811846689892,-46.946902705338125,-55.9632722079062,4.974266702651891,4.522161221132244
BERGERPBL,Berger Paints Bangladesh Ltd.,1475.4,-0.3646677471636861,-1.0927130119997288,-0.14213197969542532,4.2317202401978165,5.010676156583636,6.83562635771181,-0.04065040650405888,-20.698736898683144,34.12727272727273,462.05714285714294,0.7524069160338926,0.7678597643162506
BESTHLDNG,Best Holdings PLC,15.0,-0.6622516556291367,2.739726027397263,-1.9607843137254948,0.0,14.503816793893133,11.11111111111111,-22.680412371134015,-48.97959183673469,-48.97959183673469,-48.97959183673469,3.748812046684386,3.362238665353302
BEXIMCO,Bangladesh Export Import Company Ltd.,21.5,-0.4629629629629695,-6.926406926406933,-21.818181818181817,-73.22540473225405,-80.47229791099001,-80.47229791099001,-80.47229791099001,-80.78723399537972,9.162007391019337,-45.86246728603927,4.628018174646321,4.993833542614381
BGIC,Bangladesh General Insurance Company PLC,41.5,-0.7177033492822898,-5.895691609977327,-8.388520971302423,0.9732360097323566,26.91131498470947,34.30420711974111,16.901408450704224,-31.291390728476816,186.20689655172413,32.587859424920126,6.795562221486092,5.327058759698683
BIFC,Bangladesh Industrial Finance Company Ltd.,3.9,-2.500000000000002,-9.302325581395348,-18.749999999999996,-15.21739130434782,-45.833333333333336,129.41176470588238,0.0,-54.11764705882352,-50.0,-80.85568603796348,5.604588394062078,6.980358073974673
BNICL,Bangladesh National Insurance Company Ltd,122.4,3.816793893129771,11.17166212534061,7.746478873239447,8.60692102928128,118.57142857142858,172.00000000000003,169.01098901098902,-21.38728323699421,834.351145038168,230.8108108108108,7.317187783144748,5.980667359410271
BPML,Bashundhara Paper Mill Ltd.,25.0,-1.5748031496062938,-9.090909090909092,-12.58741258741259,-10.714285714285714,-10.071942446043167,-3.4749034749034697,-31.129476584022036,-53.78927911275416,-83.87096774193549,-83.87096774193549,4.997515876585661,2.9391404889812334
BPPL,Baraka Patenga Power Ltd.,19.2,-2.5380710659898478,-6.796116504854379,-10.697674418604654,0.5235602094240726,35.21126760563381,28.859060402684555,27.152317880794698,-61.52304609218437,-39.81191222570533,-39.81191222570533,3.9258527977231887,3.3689694584477583
BRACBANK,BRAC Bank PLC,62.3,0.0,-0.4792332268370675,-3.2608695652174045,-6.736526946107785,-6.954523263199267,13.36236881320238,-1.8561409762512675,123.17689152669884,256.24333985063845,846.360778436942,0.901151332849282,1.2309849503787191
BSC,Bangladesh Shipping Corporation,110.5,-0.45045045045045046,-3.5776614310645676,-9.426229508196721,3.658536585365859,0.91324200913242,-1.602849510240425,-6.3559322033898304,114.14728682170542,188.21611644433355,121.26472815698537,3.1875363101774,2.5372736189556817
BSCPLC,Bangladesh Submarine Cables PLC,147.0,0.13623978201634102,-2.9062087186261594,-6.010230179028136,2.0833333333333335,2.941176470588227,14.575214341387364,0.6160164271047267,-33.69418132611637,34.9862258953168,235.8464701850582,1.8748567674674512,2.1930778025824154
BSRMLTD,Bangladesh Steel Re-Rolling Mills Ltd.,97.1,0.6217616580310822,-3.4791252485089466,-2.5100401606425704,6.352683461117194,19.28746928746927,27.260812581913495,12.775842044134729,-12.758310871518422,-35.7270241996578,115.40016601727105,2.905573647373156,2.7115537952312243
BSRMSTEEL,BSRM Steels Limited,85.8,0.0,-6.1269146608315195,-10.062893081761015,12.156862745098037,21.35785007072135,35.11811023622047,25.25547445255474,16.260162601626018,-7.470588327823528,52.46000023584388,3.581558878005677,2.610592455747448
BXPHARMA,Beximco Pharmaceuticals Plc,150.9,-0.13236267372600174,1.61616161616162,3.0034129692832803,19.857029388403493,27.341772151898738,46.50485436893205,20.047732696897377,-30.268022181146026,102.67399246859657,243.3470463762146,2.1928886065318025,2.3551595152545493
CAPITECGBF,CAPITEC GRAMEEN BDT10 (MUTUAL FUND) Units,8.6,2.3809523809523725,-1.1494252873563178,-22.52252252252252,16.216216216216207,32.30769230769231,26.470588235294112,10.256410256410255,-40.277777777777786,-40.277777777777786,-40.277777777777786,4.672097977968517,4.730310747125613
CAPMBDBLMF,CAPM BDBL Mutual Fund 01 Units,7.9,9.722222222222223,-1.2499999999999956,-30.08849557522124,-22.549019607843128,-22.549019607843128,-21.782178217821777,-27.522935779816514,-37.79527559055117,-26.851851851851855,-26.851851851851855,5.782324578099225,6.151729181966941
CAPMIBBLMF,CAPM IBBL Islamic Mutual Fund Units,13.2,5.599999999999994,-3.6496350364963503,-5.71428571428572,43.47826086956522,62.96296296296296,75.99999999999999,51.724137931034484,-31.25,31.999999999999993,31.999999999999993,7.349641558746986,6.104965740293185
CENTRALINS,Central Insurance PLC,43.0,-0.2320185614849221,-4.444444444444445,-12.244897959183673,0.9389671361502314,7.7694235588972465,5.6511056511056434,-1.601830663615567,-28.807947019867548,237.5037261196256,63.32376092897135,3.684060554050827,4.399891619269671
CENTRALPHL,Central Pharmaceuticals Ltd.,9.7,-1.0204081632653206,-9.345794392523365,-14.912280701754396,8.988764044943807,12.790697674418603,10.22727272727271,-8.490566037735851,-50.25641025641026,-22.000949306343145,-71.65514507048997,4.711734693877547,4.44435661635581
CITYBANK,City Bank PLC,29.8,-0.33444816053510995,-0.33444816053510995,-4.792332268370607,1.706484641638225,8.793650467269838,40.45081923753947,31.30268160999985,66.65912198584402,141.78197469456308,193.53612742282726,1.2617959820323401,1.3203076467853743
CITYGENINS,City Insurance PLC,127.9,0.5503144654088072,0.4713275726630075,6.05306799336651,21.347248576850095,31.314168377823407,47.52018454440599,104.96794871794872,163.71134020618558,1109.0546848363017,433.49968445808696,1.026065859414637,1.519987404145649
CLICL,Chartered Life Insurance PLC,42.1,-3.881278538812776,-7.268722466960346,-20.56603773584905,-27.036395147313694,-26.78260869565217,-24.551971326164868,-31.544715447154466,282.72727272727275,282.72727272727275,282.72727272727275,5.234193997893972,4.186732784419173
CNATEX,C & A Textiles Ltd,3.0,0.0,-6.250000000000005,-6.250000000000005,-9.090909090909086,-14.285714285714286,25.000000000000004,-9.090909090909086,-62.025316455696206,-58.75000004125,-82.4834122848176,6.09195402298851,7.092242613569015
CONFIDCEM,Confidence Cement PLC,61.2,-0.3257328990227944,-5.116279069767438,-8.656716417910445,-4.672897196261682,-3.317535545023688,23.88663967611337,-4.524180967238677,-57.1599997849432,34.69811007934179,14.126511553034504,3.512323235326233,2.7357526862479244
CONTININS,Continental Insurance PLC,33.6,-1.4662756598240467,-6.6666666666666625,-8.943089430894302,-2.890173410404624,40.58577405857742,38.842975206611584,17.894736842105267,-35.02762415324319,165.46656878882672,46.33844639516612,4.883846629660604,4.61700350978464
COPPERTECH,Coppertech Industries Ltd,22.6,-2.1645021645021645,-9.9601593625498,-19.28571428571428,-21.527777777777775,21.50537634408602,19.576719576719594,-4.23728813559322,-46.312217060350676,-12.792249340622194,-12.792249340622194,4.393104702112168,4.215856991127505
CROWNCEMNT,Crown Cement PLC,59.7,0.5050505050505122,-5.6872037914691855,-13.478260869565213,1.1864406779661065,21.836734693877556,27.564102564102576,8.743169398907112,-30.500582072176954,-24.62121212121212,-26.11386138613861,7.303777063038665,5.5555323300134605
CRYSTALINS,Crystal Insurance Company Ltd,61.5,-0.16233766233766464,-6.392694063926944,-13.986013986013987,-15.983606557377051,-21.656050955414013,6.956521739130435,0.0,4.237288029589203,350.999999549,350.999999549,4.97603678161951,4.2891783745956245
CVOPRL,CVO Petrochemical Refinery PLC,153.1,-1.7329910141206784,-8.433014354066984,-13.159387407827577,-10.099823840281866,-0.584415584415588,3.7966101694915215,-4.906832298136649,-25.11783022198031,-27.733193400023964,27.811160187920553,3.7544173470773603,2.9153223961888957
DACCADYE,Dacca Dyeing and Manufacturing Company Limited,15.7,-3.08641975308642,-7.100591715976328,-5.9880239520958085,-13.259668508287305,-11.299435028248588,-19.072164948453608,-26.976744186046517,-40.0763358778626,72.52747252747253,-44.110032420339124,4.586865874054458,3.911282143187783
DAFODILCOM,Daffodil Computers PLC.,168.8,0.6559332140727626,2.864107251675818,2.055622732769048,25.129725722757602,160.0924499229584,367.59002770083106,186.10169491525426,142.87769784172664,630.7359307359308,975.15923566879,2.7386050629735608,2.9038868360685983
DBH,DBH Finance PLC,40.3,0.0,-4.0476190476190546,-7.356321839080466,3.0690537084398866,8.91891891891891,15.142857142857137,1.7676767676767569,-51.75130065162197,-41.08125252590372,17.513171544021393,3.078728112550751,2.7890391012742612
DBH1STMF,DBH First Mutual Fund Units,5.6,3.7037037037036904,3.7037037037036904,-5.084745762711876,19.148936170212753,24.44444444444444,-13.84615384615385,-1.75438596491229,-32.530120481927725,-9.677419354838719,-24.32432432432433,4.573995741587307,5.0466295478314285
DELTALIFE,Delta Life Insurance Company Ltd.,71.6,-1.6483516483516523,-6.649282920469372,-13.00121506682868,-7.253886010362706,0.5617977528089768,5.604719764011795,-18.543799772468727,-51.849361129791525,-28.184553660982957,-97.8731494023431,2.930669603897354,2.9620442650192587
DELTASPINN,Delta Spinners Limited,7.1,0.0,-7.792207792207799,-8.974358974358976,0.0,22.41379310344827,41.99999999999999,22.41379310344827,-43.2,10.141025499819193,-54.68287246805014,4.589300508935973,4.709530594436679
DESCO,Dhaka Electric Supply Co. Ltd.,21.9,-0.9049773755656236,-4.78260869565218,-15.769230769230774,-7.594936708860762,0.45871559633026543,6.82926829268292,-11.693548387096783,-47.35576923076923,-59.81651376146789,-67.05587384314113,3.7844310249546154,4.03577125885967
DESHBANDHU,Deshbandhu Polymer Limited,17.5,-1.68539325842697,-9.326424870466324,-21.17117117117117,-17.452830188679243,8.024691358024695,2.9411764705882355,-14.634146341463415,-32.69230769230769,68.85964901912126,-19.179308570330075,3.817604738015432,3.951257719426957
DGIC,Desh General Insurance Company Ltd,30.4,0.6622516556291367,-7.8787878787878824,-15.789473684210533,10.144927536231874,50.495049504950494,54.31472081218274,25.102880658436202,-37.95918367346939,102.66666666666666,102.66666666666666,4.805510571932507,4.642026378689038
DHAKABANK,Dhaka Bank PLC,11.8,0.0,-2.479338842975198,-2.479338842975198,1.724137931034492,-9.923664122137396,4.424778761061947,0.8547008547008669,-6.823851270980626,12.643478305976766,-7.862140639401865,1.5283210198464405,1.8256723728347788
DHAKAINS,Dhaka Insurance Limited,44.3,-1.336302895322943,-6.342494714587739,-16.098484848484848,-2.207505518763797,18.766756032171582,23.05555555555555,9.113300492610826,-46.562123039807005,165.2694610778443,-7.056862819452554,3.69873344618431,4.0350444612104415
DOMINAGE,Dominage Steel Building Systems Ltd,63.7,1.9200000000000046,0.15723270440251796,-19.367088607594933,-21.358024691358022,74.04371584699453,120.41522491349482,213.7931034482759,73.72727313790084,381.5719991813276,381.5719991813276,7.148566315998109,4.958273032586289
DOREENPWR,Doreen Power Generations & Systems Ltd.,30.4,-3.4920634920634965,-7.033639143730899,-13.390313390313398,-3.7974683544303884,14.285714285714274,7.80141843971631,-2.875399361022371,-57.9097569027557,-4.542047782737153,-23.527573845829757,3.999365078667915,3.4290900638639767
DSHGARME,Desh Garments Limited.,150.8,-4.918032786885235,-11.709601873536299,-9.047044632086852,-1.1147540983606483,40.14869888475838,29.553264604810998,15.467075038284854,-32.29387761872653,47.04919951034966,1378.1641335163047,8.256762818392435,6.067897628267812
DSSL,Dragon Sweater & Spinning Ltd.,11.1,-1.7699115044247882,-9.756097560975618,-18.38235294117647,12.121212121212114,30.58823529411764,30.58823529411764,-0.8928571428571398,-42.81425204477456,109.44549243609961,22.228637696313907,6.167671633267963,5.254703544541394
DULAMIACOT,Dulamia Cotton Spinning Mills Limited,180.0,0.3344481605351139,-5.709795704557362,-15.054270882491743,2.857142857142857,48.148148148148145,33.333333333333336,39.96889580093313,146.23803009575926,2435.211267605634,1856.521739130435,7.1875287984568805,5.7969884899558535
DUTCHBANGL,Dutch-Bangla Bank PLC,43.4,0.0,-3.34075723830735,-11.247443762781186,8.499999999999996,9.807229176289445,18.056995113795335,9.543269504627395,-16.38856319574571,110.17443881797676,89.8817343930624,2.1161549226600105,2.455721957063408
EASTERNINS,Eastern Insurance PLC,57.7,-0.17301038062282756,-7.679999999999995,-11.503067484662576,-6.9354838709677376,10.114503816793903,15.169660678642716,6.851851851851857,-57.25925925925926,150.8695652173913,58.08219178082193,5.792211573402467,4.480638906293859
EASTLAND,Eastland Insurance PLC,27.6,-1.4285714285714235,-6.1224489795918275,-10.679611650485429,5.747126436781609,32.0574162679426,47.59358288770055,22.66666666666667,-37.83783783783783,92.26704253758892,-22.311553061695232,4.50221993990491,3.8267577317568673
EASTRNLUB,Eastern Lubricants Blenders PLC,2057.9,1.2297702789118992,7.182291666666671,-1.5358851674641105,8.883597883597888,34.06514657980456,23.895243829018668,23.94996725674718,68.9390344219965,245.2602787506751,1611.9155487467915,3.825169575358446,2.9036660276450537
EBL,Eastern Bank PLC,23.2,-1.276595744680854,-2.9288702928870265,-4.132231404958678,-6.451612903225812,-9.82641541045759,-2.065574149385647,-5.549407475627366,-5.9895095306451385,66.87455747987262,75.50873096929327,1.5375579714024092,1.3988200879442294
EBL1STMF,EBL First Mutual Fund Units,4.3,4.87804878048781,0.0,-14.000000000000004,10.256410256410255,22.857142857142854,38.709677419354826,0.0,-54.255319148936174,8.68936104906647,-37.28498000430036,5.939024390243909,5.456063133672301
EBLNRBMF,EBL NRB Mutual Fund,3.6,5.882352941176476,0.0,-7.692307692307688,16.129032258064516,33.33333333333333,56.5217391304348,9.0909090909091,-48.57142857142857,-9.846808767478981,-47.59996012822744,5.3832442067736235,5.49918033509365
ECABLES,Eastern Cables Ltd.,128.9,-0.6168080185042274,-6.5264684554024655,-8.516678495386799,3.617363344051447,9.515717926932881,14.986619090098138,-3.155522163786618,-24.61988304093567,-4.372164508095049,210.69521849283183,4.777458515947848,4.331436690285129
EGEN,eGeneration PLC,23.3,-0.8510638297872309,-6.425702811244971,-13.059701492537313,-8.627450980392155,12.560386473429958,17.676767676767675,-28.307692307692303,-63.30708661417324,55.33333333333334,55.33333333333334,4.36308980888137,3.056624455354515
EHL,Eastern Housing Ltd.,83.5,-3.5796766743648902,-8.03964757709251,-10.790598290598286,-6.390134529147985,8.582574772431721,14.071038251366117,-7.427937915742796,35.55194805194805,146.97183156682107,113.59338851753095,4.235577408109093,2.8848220848325106
EIL,Express Insurance Ltd.,31.0,-1.2738853503184668,-6.906906906906899,-11.428571428571429,2.310231023102308,15.241635687732346,9.9290780141844,-9.356725146198839,-22.11055276381909,106.66666666666667,106.66666666666667,4.1488911487164115,4.1444557465147005
EMERALDOIL,Emerald Oil Industries Ltd.,28.3,-1.0489510489510514,-2.4137931034482736,-3.741496598639449,23.580786026200883,64.53488372093025,96.52777777777777,45.87628865979383,-20.505617977528093,-19.768041321894597,-34.14807705857992,3.1771871279150115,4.289427129337132
ENVOYTEX,Envoy Textiles Ltd.,74.5,0.5398110661268632,17.693522906793053,33.273703041144906,46.65354330708663,47.817460317460316,53.608247422680414,41.904761904761905,69.31818181818181,120.92253937120623,66.2665589508132,8.272038711116306,5.9145752855971025
EPGL,Energypac Power Generation PLC,17.0,-0.5847953216374352,-9.090909090909088,-17.874396135265698,-8.602150537634415,1.796407185628747,8.974358974358976,-24.444444444444443,-69.1470054446461,-63.44086021505376,-63.44086021505376,4.432505904630772,3.9211510671394167
ESQUIRENIT,Esquire Knit Composite PLC,24.1,-1.2295081967212997,-9.737827715355797,-7.307692307692302,2.553191489361708,17.560975609756103,16.990291262135923,-12.36363636363636,-43.69158878504672,-49.04862579281183,-49.04862579281183,5.713414634146337,3.442016980215664
ETL,Evince Textiles Ltd.,13.5,-0.7352941176470562,-3.5714285714285716,-4.929577464788728,18.421052631578945,42.10526315789474,35.0,22.727272727272727,8.0,34.52353003278862,3.427638679819286,6.259590719697655,5.109220574767893
EXIM1STMF,EXIM Bank 1st Mutual Fund 2013- Units,7.4,8.823529411764714,13.84615384615385,4.225352112676067,105.55555555555556,146.66666666666669,164.2857142857143,76.19047619047619,-3.896103896103894,40.834920872775186,-5.0799207441966026,5.389365123304127,5.841492308625104
FAMILYTEX,Familytex (BD) Ltd.,2.4,0.0,-7.692307692307699,-11.111111111111121,-14.285714285714285,-35.135135135135144,84.6153846153846,14.285714285714276,-63.63636363636363,-66.11829240570113,-92.67115103137316,6.92028985507247,8.006958634797256
FARCHEM,FAR Chemicals Industries Ltd,14.8,-2.631578947368412,-13.45029239766082,-38.33333333333333,-22.91666666666666,8.029197080291981,2.0689655172413843,-36.48068669527897,-8.641975308641968,-11.133233011640073,-34.33733325453813,8.484551786900122,7.7831803498587675
FAREASTLIF,Fareast Islami Life Insurance Company Limited,18.9,-1.0471204188481824,-4.0609137055837605,-14.479638009049786,-17.826086956521745,-17.467248908296945,-9.134615384615396,-38.63636363636364,-70.0,-62.4503309741371,-75.96531784683216,4.571189577409552,5.3867595361003895
FBFIF,First Bangladesh Fixed Income Fund Units,3.5,2.941176470588238,-5.40540540540541,-10.256410256410255,9.374999999999995,20.689655172413797,34.615384615384606,2.941176470588238,-41.666666666666664,-34.61111118563369,-53.336565802747046,5.329768270944747,6.1293601582190735
FEDERALINS,Federal Insurance PLC,27.7,-1.773049645390071,-7.357859531772574,-7.666666666666669,-3.4843205574912894,37.12871287128713,44.270833333333336,20.960698689956335,-31.604938271604937,200.62074504775373,43.49926075319728,4.342392379802449,4.284383330805924
FEKDIL,Far East Knitting & Dyeing Industries PLC.,21.7,-2.690582959641262,-5.24017467248908,-9.583333333333336,36.47798742138364,54.99999999999999,52.816901408450704,12.435233160621754,27.64705882352941,19.775680991575182,-8.786212279878452,8.438651249188005,6.44577462653593
FINEFOODS,Fine Foods Limited,443.4,-0.5606638259699485,-4.890604890604893,-4.50139995692441,-22.12855637513172,-5.053533190578164,16.622830089426614,51.43442622950818,646.4646464646465,5508.937996772879,2776.719718001952,3.6756753533228346,3.971561100581018
FIRSTFIN,First Finance Ltd.,4.2,-4.545454545454549,-4.545454545454549,-12.499999999999993,-4.545454545454549,-26.31578947368421,68.00000000000001,50.000000000000014,-52.80898876404494,-31.845454589755,-87.66812008216576,7.813852813852806,9.43830953973968
FORTUNE,Fortune Shoes Ltd.,16.2,-2.9940119760479043,-9.497206703910612,-14.736842105263161,2.531645569620244,14.084507042253522,16.54676258992805,-3.5714285714285796,-71.19274178979813,-38.27173030470869,-38.27173030470869,4.551298051180815,4.284445476960213
FUWANGCER,Fu-Wang Ceramic Industry Ltd.,13.5,-0.7352941176470562,-8.163265306122444,-21.052631578947373,-6.250000000000002,18.421052631578945,17.391304347826086,-8.163265306122444,-44.89795918367347,22.23469347085042,-11.366143878096457,4.712117341537949,4.443034309526167
FUWANGFOOD,Fu-Wang Foods Limited,9.6,0.0,-6.796116504854379,-21.311475409836063,-14.285714285714285,-7.692307692307699,-14.285714285714285,-38.853503184713375,-56.75675675675676,-5.351111370799625,-42.3755297456567,4.422172762744838,4.858764887686381
GBBPOWER,GBB POWER Ltd.,13.5,4.651162790697672,-4.2553191489361675,3.8461538461538463,48.35164835164836,58.8235294117647,110.9375,77.63157894736842,-71.69811320754718,1.2500002531250036,-48.89890283737582,7.1253892707194115,8.947448282307406
GEMINISEA,Gemini Sea Food PLC,108.8,1.115241635687735,-6.368330464716012,-12.890312249799846,-11.68831168831169,-5.391304347826089,-20.409656181419162,-39.55555555555556,12.22437784473589,-19.431745835642545,514.0607448755502,5.554765046746969,3.9097734819906367
GENEXIL,Genex Infosys PLC,35.7,-0.5571030640668405,-2.1917808219178005,-8.69565217391304,5.309734513274349,34.71698113207548,32.713754646840165,31.250000000000014,-67.12625012172875,6.695452179154839,6.695452179154839,4.262476784812389,3.8286862904383914
GENNEXT,Generation Next Fashions Ltd.,3.0,0.0,-6.250000000000005,-6.250000000000005,-6.250000000000005,-11.76470588235294,11.111111111111104,-11.76470588235294,-61.53846153846154,-45.820895594357324,-86.5338710464558,6.873563218390809,5.744161580590608
GHAIL,Golden Harvest Agro Industries Ltd.,12.9,-2.272727272727265,-8.510638297872335,-16.774193548387093,-9.154929577464781,16.21621621621622,20.560747663551414,-7.194244604316546,-41.89189189189189,-10.029766798118011,-65.03156939884967,5.148051884001879,4.434727084531335
GHCL,Global Heavy Chemicals Ltd.,20.8,-0.952380952380949,-2.347417840375587,-13.33333333333333,0.9708737864077635,8.333333333333341,4.522613065326644,-5.882352941176473,-51.627906976744185,-48.0,-74.78787878787878,6.577947360253071,5.134866153038922
GLDNJMF,ICB AMCL CMSF GOLDEN JUBILEE MUTUAL FUND,8.7,6.097560975609757,3.5714285714285587,-13.000000000000005,38.09523809523809,47.45762711864405,42.62295081967213,14.473684210526313,-20.909090909090914,-20.909090909090914,-20.909090909090914,6.037010869134988,5.870193313523666
GLOBALINS,Global Insurance PLC,45.4,-0.2197802197802229,-4.219409282700422,0.0,16.41025641025641,60.424028268551226,78.0392156862745,55.47945205479452,-25.32894736842105,372.56392968966935,91.67459181293461,4.198491317693481,4.924458052765867
GOLDENSON,Golden Son Limited,12.9,0.0,-11.643835616438352,-21.818181818181813,-22.289156626506028,21.698113207547177,27.72277227722773,-3.0075187969924837,-31.382978723404253,-42.92035398230089,-67.42424242424244,5.34099718111346,4.569723475502894
GP,Grameenphone Ltd.,239.1,-1.1166253101737043,-2.5672371638141853,-7.325581395348839,-4.741035856573707,-4.360000000000002,-8.03846153846154,-20.56478405315615,-37.78298204527713,-10.11278195488722,39.33566433566434,1.2409536746674488,1.2522931367169368
GPHISPAT,GPH Ispat Limited,16.2,-0.6134969325153461,-8.474576271186441,-13.82978723404256,-10.000000000000004,0.0,0.621118012422347,-22.48803827751196,-68.06841633678174,-22.00805727827641,-13.49173026358161,5.063967580669597,3.524311392653485
GQBALLPEN,G.Q. Ball Pen Industries Limited,592.1,-0.4037005887300214,4.3531899894254575,4.2429577464788775,-14.81801179686376,15.644531250000004,32.25374134465044,34.56818181818182,322.92857142857144,721.2205270457698,336.48397304952243,6.7151960801080826,4.878008645490186
GRAMEENS2,Grameen Mutual Fund One - Grameen Two Units,12.1,0.8333333333333304,-1.6260162601626102,-12.318840579710152,-2.4193548387096833,-3.200000000000003,11.009174311926598,-9.022556390977451,-32.402234636871505,22.17475745236081,-33.919634777906396,2.9293973999856355,2.8174999802228617
GREENDELMF,Green Delta Mutual Fund 2010 Units,4.7,4.444444444444448,2.1739130434782727,-12.962962962962965,27.027027027027025,46.875,56.66666666666668,23.6842105263158,-42.68292682926828,-22.95081967213114,-34.72222222222222,6.982683982683979,6.573185051934603
GREENDELT,Green Delta Insurance PLC,64.2,-1.2307692307692264,-7.22543352601156,-9.57746478873239,3.215434083601286,18.45018450184502,19.776119402985078,21.361058601134225,-44.892703862660944,60.064909562017164,23.151063712104794,6.338989572288233,4.686394775640782
GSPFINANCE,GSP Finance Company PLC,3.5,-2.77777777777778,-5.40540540540541,-20.45454545454546,-10.256410256410255,-41.666666666666664,118.75,9.374999999999995,-85.24509806872548,-63.40816589580026,-75.93809696227954,6.793650793650785,7.360249938647147
HAKKANIPUL,Hakkani Pulp & Paper Mills PLC,69.6,-0.4291845493562394,-8.179419525065967,-15.431348724179832,-12.56281407035176,0.43290043290042884,2.80649926144755,-7.200000000000007,-23.8512035010941,37.821782178217816,274.1935483870967,4.607656258452107,3.4322360251795656
HAMI,Hami Industries PLC,145.6,0.41379310344827197,-8.943089430894316,-9.000000000000004,-13.846153846153848,-4.712041884816765,35.31598513011153,42.187499999999986,-16.752429959977135,-16.752429959977135,-16.752429959977135,5.48473967620385,4.379782688361281
HEIDELBCEM,Heidelberg Materials Bangladesh PLC,206.9,-1.0521281683405015,-1.9431279620853055,-5.004591368227734,-13.249475890985323,-9.134826526130867,-5.481955230698949,-19.71284439270469,-44.75300400534045,-61.10902255639098,-21.628787878787875,3.662245375255891,3.0814637265903118
HFL,Hamid Fabrics PLC,12.8,-1.538461538461533,-13.513513513513512,-18.987341772151897,-15.789473684210519,58.02469135802471,96.92307692307693,64.10256410256412,-41.28440366972477,-26.011560693641616,-77.63727116068893,6.941456876456876,5.473980151187862
HRTEX,H.R. Textile Mills Ltd.,17.2,-1.7142857142857182,-10.880829015544048,-14.851485148514852,-21.100917431192666,-22.171945701357476,-6.010928961748641,-32.81250000000001,-77.74117649284706,-15.911111215755067,-39.06134959586185,5.458138681130477,4.104654597106348
HWAWELLTEX,Hwa Well Textiles (BD)PLC,48.3,-2.028397565922921,0.6249999999999941,-4.921259842519685,12.064965197215766,10.273972602739727,8.295964125560527,1.2578616352201137,-5.294117647058829,58.36065573770491,20.749999999999993,4.420401992927826,3.742251589996858
IBNSINA,BN SINA Pharmaceutical Industry PLC,313.4,0.15979546180888463,0.32010243277848915,-2.6405716060888476,1.0641728474685437,-1.384518565135316,-0.5079365079365151,-2.062500000000007,13.140794223826706,66.60029297350458,423.1988389366355,1.2362881103491437,1.306544210875618
IBP,Indo-Bangla Pharmaceuticals Ltd.,15.8,-1.2499999999999956,-14.130434782608685,-17.277486910994767,-6.508875739644958,21.538461538461544,41.071428571428584,6.04026845637584,-28.622807275190475,-39.68855630829509,-39.68855630829509,6.494136138123484,5.127298395226719
ICB,Investment Corporation of Bangladesh,39.6,-2.2222222222222188,-7.906976744186044,-13.347921225382933,-7.259953161592508,4.761904761904773,8.49315068493151,-31.958762886597942,-70.19615389123999,-47.46259552324016,-63.79510418491788,5.028923782699793,3.7679486525613566
ICB3RDNRB,ICB AMCL Third NRB Mutual Fund 2010 Units,5.7,3.63636363636364,-1.7241379310344767,-12.307692307692305,21.27659574468085,32.55813953488373,39.02439024390246,21.27659574468085,-21.917808219178077,32.55813953488373,-19.71830985915492,5.390317229939868,5.151466203816443
ICBAGRANI1,ICB AMCL First Agrani Bank Mutual Fund Units,8.0,2.5641025641025665,1.265822784810122,-13.04347826086956,17.647058823529413,23.076923076923077,24.999999999999993,11.111111111111109,-13.04347826086956,-6.976744186046508,-6.976744186046508,4.43347193347193,4.579500012537185
ICBAMCL2ND,ICB AMCL Second Mutual Fund Units,7.3,5.797101449275354,-1.3513513513513584,-17.977528089887645,15.873015873015873,30.357142857142865,30.357142857142865,17.741935483870964,-48.22695035460993,55.3191489361702,-3.9473684210526296,7.63512080067888,5.826802506113371
ICBEPMF1S1,ICB Employees Provident Mutual Fund One Scheme One Units,6.3,3.2786885245901667,3.278688524590167,-11.267605633802816,-5.970149253731348,28.57142857142856,85.29411764705883,34.042553191489354,-23.170731707317067,16.666666666666654,-24.096385542168683,8.025143117356231,7.129734378813725
ICBIBANK,ICB Islamic Bank Limited,2.7,3.8461538461538494,0.0,0.0,0.0,-20.588235294117638,12.500000000000012,8.000000000000007,-62.5,-32.49999999999999,-64.0,6.3384615384615435,5.451108540582229
ICBSONALI1,ICB AMCL Sonali Bank Ltd 1st Mutual Fund 2013- Units,6.9,4.5454545454545565,6.1538461538461595,-5.479452054794513,38.00000000000001,53.33333333333334,64.28571428571428,30.18867924528303,-18.823529411764703,21.05263157894737,-42.49999999999999,7.734091351858739,6.432353830469993
ICICL,Islami Commercial Insurance PLC.,36.8,-0.27100271002710413,-2.6455026455026456,-4.909560723514226,18.709677419354833,72.76995305164317,64.28571428571428,53.97489539748953,152.05479452054792,152.05479452054792,152.05479452054792,4.113278938850518,3.7048524882366136
IDLC,IDLC Finance PLC.,42.2,-1.631701631701622,-3.432494279176201,-7.048458149779726,2.92682926829269,8.07317100189025,23.77095003009776,3.0465118855232705,-29.302785286430197,7.687273361351732,-10.745159496908867,3.023772931222479,2.576670280580748
IFADAUTOS,IFAD Autos PLC,24.1,-1.632653061224484,1.687763713080178,-7.307692307692302,-2.4291497975708416,14.218009478672984,11.059907834101393,-5.490196078431367,-57.12021502015156,-51.064443901461466,37.09296028519278,4.155153199632088,3.630732285937212
IFIC,IFIC Bank PLC,4.6,0.0,-4.1666666666666705,-6.122448979591851,2.2222222222222143,-22.033898305084755,-2.127659574468096,-22.033898305084755,-69.05781246122558,-38.31636861381821,-56.70502150614997,3.48833384726077,3.3615033839483672
IFIC1STMF,IFIC Bank 1st Mutual Fund Units,4.1,2.499999999999991,-2.3809523809523934,-10.869565217391305,7.894736842105259,41.37931034482758,63.999999999999986,17.14285714285713,-40.579710144927546,5.2333334981988795,-36.47500001282121,6.128205128205131,6.5611998756451655
IFILISLMF1,IFIL Islamic Mutual Fund - 1 Units,5.5,3.7735849056603805,1.8518518518518452,-8.333333333333334,30.952380952380945,44.736842105263165,61.76470588235294,22.22222222222222,-21.428571428571427,-12.698412698412696,-12.698412698412696,3.5356330889072316,3.676185518225317
INDEXAGRO,Index Agro Industries Ltd,68.3,-0.14619883040936918,-1.1577424023154808,-7.702702702702706,-7.452574525745257,5.564142194744968,2.0926756352765192,-13.700360789629087,-46.798961291329746,-4.379999760950009,-4.379999760950009,2.6116281268944745,4.270976750867504
INTECH,Intech Ltd.,23.1,-0.4310344827586115,-8.333333333333325,-13.80597014925373,-36.885245901639344,-39.210526315789465,-27.12933753943217,-47.73755656108597,-45.13064133016627,125.64079994512416,89.6009496555077,5.689102313178665,4.600848747267612
INTRACO,Intraco Refueling Station PLC,22.8,0.4405286343612398,-0.8695652173913012,-4.999999999999997,23.913043478260885,22.580645161290317,11.219512195121954,-18.279569892473113,-8.80000040127999,-50.964275879596705,-50.964275879596705,2.5731596268543298,2.6194844648695628
IPDC,IPDC Finance PLC,31.7,-0.3144654088050359,-1.857585139318879,6.375838926174492,48.826291079812194,72.4611402806129,74.26701609457321,44.7173916661413,0.39237231283628426,119.2992783013638,506.44213996473775,3.5982069127593457,4.378929148986677
ISLAMIBANK,Islami Bank Bangladesh PLC,27.7,0.7272727272727246,-0.35971223021583243,-7.666666666666669,15.899581589958162,-36.613272311212825,-16.060606060606062,-32.27383863080685,-7.666666666666669,-12.063492063492065,-29.139534954581396,2.1924547471992755,2.7935958827608056
ISLAMICFIN,Islamic Finance & Investment PLC,10.9,0.0,-5.217391304347823,-9.91735537190082,-1.8018018018017954,0.0,14.736842105263161,37.974683544303794,-65.17571884984025,-13.990102031442998,-40.23093989471919,3.1109875513545266,3.3255765866757137
ISLAMIINS,Islami Insurance Bangladesh Limited,59.0,-1.1725293132328356,-5.448717948717947,-10.334346504559267,4.056437389770718,57.333333333333336,57.333333333333336,40.476190476190474,-21.333333333333332,382.8679463388,213.27646334720123,5.268866285654533,3.6947299771468196
ISNLTD,Information Services Network Ltd.,44.1,-3.289473684210526,-21.390374331550802,-26.986754966887414,-30.660377358490564,-44.875,-43.75,-66.36155606407323,-15.19230769230769,266.9120005870592,191.8618193386523,7.428396399096985,4.8856933474058915
ITC,IT Consultants PLC,45.5,-0.4376367614879712,-3.6016949152542432,-7.707910750507094,9.374999999999996,18.489583333333336,18.181818181818183,0.4415011037527657,4.357798165137611,35.40691611941608,54.875292493009844,2.7865931874977283,2.9482191818010004
JAMUNABANK,Jamuna Bank PLC,23.0,-0.8620689655172384,-4.95867768595041,-4.564315352697101,-3.3613445378151288,-2.9535864978902926,9.004739336492884,6.481481481481475,27.031392130177714,188.36126047155236,96.5459532039792,2.1496689447213453,1.4484868426386415
JAMUNAOIL,JAMUNA OIL PLC,175.9,0.34227039361094935,-0.5090497737556593,-3.8272279934390374,0.28506271379703535,1.1500862564692351,3.959810874704502,-5.784681306909471,-9.329896907216492,-6.9312169312169285,9.563986297672248,0.9751783708860917,1.130116105913247
JANATAINS,Janata Insurance PLC,32.6,0.0,-6.321839080459759,-9.944751381215472,-9.944751381215472,30.400000000000006,34.15637860082305,18.115942028985508,-36.543315244150165,274.64113071501527,-82.56477816537239,4.037404922982843,3.8023806378217118
JHRML,JMI Hospital Requisite Manufacturing Ltd,44.1,-2.433628318584074,-9.25925925925926,-16.792452830188676,-12.151394422310759,3.52112676056338,4.502369668246442,-23.965517241379306,100.45454545454545,100.45454545454545,100.45454545454545,4.002254754055653,3.680157108085272
JMISMDL,JMI Syringes & Medical Devices Ltd.,129.7,-0.7651109410864576,-2.3343373493976074,-13.705921490352642,0.620636152055844,8.354218880534658,9.915254237288126,-16.268560361523576,-58.671040432685736,10.590595257395346,274.5053066788368,4.887247805843755,4.057709966106677
JUTESPINN,Jute Spinners Limited,209.0,0.336053768602971,-1.4150943396226414,-6.696428571428571,-2.8358902835890256,-2.7454630060493277,7.069672131147547,0.04786979415988239,16.17565314063368,257.87671232876716,214.28571428571428,3.5471163138746826,4.0896260530810284
KARNAPHULI,Karnaphuli Insurance PLC,55.4,-1.2477718360071353,-4.974271012006859,-2.464788732394364,56.940509915014175,90.37800687285221,94.3859649122807,69.4189602446483,15.416666666666664,426.5387956113162,102.95071353900926,4.868990207690286,5.009659986364297
KAY&QUE,Kay and Que (Bangladesh) Ltd.,355.1,-1.579822616407979,-8.808423215202865,-16.818927149215263,-22.804347826086953,-20.381165919282505,-5.908850026497074,6.029858752016117,20.231999811751706,1275.2288939917314,1687.797562189251,4.853209305210836,3.3783455911082854
KBPPWBIL,Khan Brothers PP Woven Bag Industries Ltd,29.9,-0.6644518272425343,-14.571428571428575,-23.724489795918377,-37.83783783783784,-41.372549019607845,-37.708333333333336,-79.76995940460081,96.71052631578948,54.69449151277286,-10.67215985401387,6.586304426477966,4.602176507911989
KDSALTD,KDS Accessories Ltd.,44.6,-0.8888888888888857,-6.1052631578947345,-11.683168316831681,-9.898989898989896,14.066496163682864,8.51581508515815,-13.733075435203096,-25.071999818973953,-15.53993098228806,-14.52641024704983,4.396048909278341,2.9977380175392567
KEYACOSMET,Keya Cosmetic Ltd.,5.0,0.0,-5.660377358490563,-10.714285714285708,4.1666666666666705,-5.660377358490563,11.11111111111111,-1.9607843137254835,-48.45360824742268,-32.68000027585043,-68.01170468615354,5.681632653061221,5.138965725166595
KOHINOOR,Kohinoor Chemical Company (Bangladesh) PLC,528.0,-0.018935807612198964,-1.7857142857142898,-3.455842018650572,2.8237585199610518,3.2459913961673883,5.621124224844974,5.236455774242149,47.49001170831328,312.8310212330756,1043.035647666351,1.7879036417596716,2.1711023271443475
KPCL,Khulna Power Company Ltd.,10.6,-0.9345794392523332,-8.620689655172415,-3.63636363636364,-3.63636363636364,2.9126213592232904,0.952380952380949,-9.4017094017094,-78.8,-81.22383254662392,-75.46492982367894,5.14928393446677,5.013423480777535
KPPL,Khulna Printing & Packaging Ltd,12.4,-1.5873015873015817,-12.676056338028161,-18.954248366013076,-23.92638036809816,-18.954248366013076,-22.499999999999996,-24.848484848484844,-25.301204819277114,37.777777777777786,-64.01055412674376,6.097768021352821,3.983809683370199
KTL,Kattali Textile Ltd.,13.0,4.0,4.0,13.043478260869565,26.213592233009702,39.78494623655913,12.068965517241383,-5.109489051094886,-58.73015873015873,-32.046400430216956,-32.046400430216956,6.215871333247694,4.926737030798308
LANKABAFIN,LankaBangla Finance PLC,14.9,0.0,-6.874999999999998,-14.857142857142854,0.0,-2.6143790849673225,21.138211382113816,-15.340909090909095,-63.9225181598063,-18.299027334347873,-47.962765293842025,3.6338041752175823,3.559086392470407
LEGACYFOOT,Legacy Footwear Ltd.,71.0,-1.6620498614958488,-0.5602240896358622,-8.974358974358974,-1.6620498614958488,30.996309963099627,30.996309963099627,0.0,-11.138923654568217,187.86858858288886,353.39302815778115,3.3215399325635775,3.1759625245417746
LHB,LafargeHolcim Bangladesh PLC,51.1,-0.9689922480620154,-3.4026465028355335,-11.130434782608694,-5.194805194805189,-3.4026465028355335,8.492569002123142,-8.422939068100352,-35.804020100502505,-36.52173913043478,603.0902463290988,2.2746278953538317,2.3041349507154734
LIBRAINFU,Libra Infusions Ltd.,577.8,0.2602811035918793,-3.394081257314842,-9.179503300848804,-10.418604651162799,-10.279503105590068,-9.150943396226422,-25.827984595635435,-15.443902861804874,57.605697674420085,390.5849051512798,3.050891806657182,2.874428618558163
LINDEBD,Linde Bangladesh Limited,679.2,-0.11764705882352272,-2.273381294964022,-5.666666666666661,-2.1325648414985525,-14.3289606458123,-10.513833992094856,-27.744680851063826,-53.22314049586777,-51.727078891257996,31.755577109602335,0.8508308894627348,1.0155211656598713
LOVELLO,Taufika Foods and Lovello Ice-cream PLC,45.8,-1.0799136069114472,-12.927756653992404,-32.94289897510981,-37.17421124828533,-35.67415730337079,-32.84457478005866,-53.401162674200584,48.592696834154516,252.66000046198457,252.66000046198457,6.323212628485321,5.879687135838746
LRBDL,Lub-rref (Bangladesh) Ltd,13.6,-2.158273381294969,-6.8493150684931505,-13.375796178343947,19.298245614035082,33.33333333333334,37.37373737373737,-8.724832214765105,-74.33962264150944,-66.41975308641975,-66.41975308641975,4.887996218414897,3.8254312320993646
LRGLOBMF1,LR Global Bangladesh Mutual Fund One Units,4.4,4.761904761904765,2.32558139534885,-10.204081632653061,25.714285714285722,46.66666666666668,57.14285714285717,22.22222222222223,-52.68817204301075,-30.15873015873015,-52.17391304347825,5.3559814169570314,6.1696772107285796
MAGURAPLEX,Magura Multiplex PLC,81.6,-0.12239902080784398,-4.225352112676066,-11.207834602829173,-7.482993197278922,-0.7299270072992804,-2.7413587604290957,-22.873345935727794,-61.68347842946226,356.62175962334345,356.62175962334345,3.5635191736923066,3.207494136574366
MAKSONSPIN,Maksons Spinning Mills PLC,6.0,0.0,-6.250000000000005,-4.761904761904759,3.448275862068969,0.0,27.6595744680851,-15.49295774647887,-79.16666666666667,-9.999999774999997,-62.837078475474684,5.000000000000003,5.165960681424265
MALEKSPIN,Malek Spinning Mills PLC,46.4,-2.9288702928870265,-10.424710424710423,1.978021978021975,57.823129251700685,69.34306569343066,60.55363321799308,38.92215568862276,25.405405405405403,176.19047619047618,85.6,8.175743869525508,5.53568369280858
MARICO,Marico Bangladesh Limited.,2671.7,-0.19798281658573708,-3.7606714455531174,-1.7757352941176539,-2.847272727272734,-4.164574216227862,0.7010666767177984,-7.8056523689568404,12.634907251264748,117.47659747659745,611.5046604527296,0.6461881385077778,0.7264541239106981
MATINSPINN,Matin Spinning PLC,66.2,-1.1940298507462643,5.920000000000004,9.421487603305788,29.803921568627455,40.851063829787236,42.365591397849464,23.97003745318353,8.52459016393443,66.3316582914573,47.11111111111112,5.132747332220754,4.17143986811806
MBL1STMF,MBL 1st Mutual Fund 2010- Units,9.7,3.1914893617021165,11.49425287356322,16.867469879518055,148.7179487179487,148.7179487179487,185.29411764705878,110.8695652173913,12.790697674418603,56.45161290322579,40.57971014492752,5.907968505394333,5.452036475945646
MEGCONMILK,Meghna Condensed Milk Industries Ltd.,33.6,-2.608695652173909,-9.677419354838712,2.4390243902439157,-23.287671232876704,3.067484662576687,133.33333333333334,75.91623036649214,44.82758620689656,373.23943661971833,253.68421052631578,4.4907517731358,5.542543733507654
MEGHNACEM,Meghna Cement Mills PLC,28.4,-3.0716723549488125,-10.9717868338558,-11.250000000000004,-14.714714714714713,-13.414634146341461,-3.0716723549488125,-43.538767395626245,-67.70476400104654,-65.35965554196692,-61.5515559569161,5.672188417356488,4.77309862611244
MEGHNAINS,Meghna Insurance PLC,35.0,-1.4084507042253522,-9.090909090909092,-15.662650602409638,5.7401812688821705,26.353790613718417,24.55516014234875,27.272727272727273,218.1818181818182,218.1818181818182,218.1818181818182,5.834896158043187,4.617626452625613
MEGHNALIFE,Meghna Life Insurance PLC,52.7,-1.1257035647279443,-7.21830985915492,-15.814696485623001,-13.464696223316906,-0.5660377358490513,3.740157480314972,-22.499999999999996,-37.048631032086256,44.327370925534524,-19.083984457562682,5.052977733871035,4.4151286167983255
MEGHNAPET,Meghna Pet Industries Ltd.,62.9,-2.480620155038762,-21.177944862155385,-18.52331606217617,-30.033370411568416,111.7845117845118,188.53211009174308,140.99616858237545,116.15120274914088,984.4827586206897,882.8125,7.926856885753367,6.445858439581566
MERCANBANK,Mercantile Bank PLC,6.8,0.0,-4.225352112676054,-8.108108108108116,-5.555555555555561,-20.000000000000004,-8.108108108108116,-26.086956521739125,-56.91925480716084,4.202510861862858,-34.275637119867916,3.863951574376435,2.947089899145113
MERCINS,Mercantile Islami Insurance PLC,48.3,7.333333333333327,12.850467289719626,6.153846153846148,20.749999999999993,97.95081967213115,89.41176470588233,82.2641509433962,-11.7001828153565,280.31496062992125,75.06796169988398,7.356296962813522,5.182835690598178
METROSPIN,Metro Spinning Ltd.,9.7,-3.960396039603964,-14.159292035398241,1.041666666666663,0.0,3.191489361702116,14.117647058823522,-15.652173913043484,-64.75778538542463,34.9181816992085,-35.45482237513466,5.83733378840812,5.732894730221518
MHSML,Mozaffar Hossain Spinning Mills Ltd.,19.8,-0.9999999999999963,-8.755760368663589,-11.999999999999998,-11.210762331838565,9.392265193370163,46.66666666666668,2.5906735751295336,-13.157894736842104,21.01135888582745,-19.981239173140878,5.920463623770732,4.559772264263169
MIDASFIN,MIDAS Financing PLC,5.1,-1.9230769230769333,-10.526315789473694,-13.559322033898317,-13.559322033898317,-30.136986301369866,13.333333333333325,-23.88059701492538,-75.47142857388144,-63.019576419644345,-79.26962634539225,5.301582171330072,4.234739153389641
MIDLANDBNK,Midland Bank PLC,16.6,0.0,-3.4883720930232434,-9.289617486338795,6.410256410256421,4.402515723270447,-2.923976608187134,-10.75268817204301,89.97777707486,89.97777707486,89.97777707486,2.6603067516660484,2.6960852644057054
MIRACLEIND,Miracle Industries Limited,27.2,-1.8050541516245486,-4.561403508771932,-12.820512820512821,-5.555555555555561,-8.417508417508417,-14.46540880503145,-24.233983286908074,-36.44859813084112,22.161873872278314,195.12590796028095,4.2369492543568095,3.5676833409358535
MIRAKHTER,Mir Akhter Hossain Ltd,32.4,-2.40963855421688,-10.743801652892559,-21.73913043478261,-26.02739726027397,19.117647058823525,17.391304347826075,-1.219512195121947,-66.70092497430628,-60.0,-60.0,4.565430970394713,3.9138679957684377
MITHUNKNIT,Mithun Knitting & Dyeing (CEPZ) Ltd.,13.8,0.7299270072992805,1.4705882352941255,1.4705882352941255,-17.365269461077837,-17.857142857142858,-5.479452054794513,-24.17582417582417,-39.473684210526315,-78.21052622863158,-73.56725759235039,3.8280761579994325,7.0810918998178725
MJLBD,MJL Bangladesh PLC,90.3,0.11086474501108017,-1.954397394136805,-2.4838012958963254,-1.203501094091913,-1.6339869281045751,0.33333333333333015,-11.902439024390246,-13.00578034682081,-17.19213953476848,58.65208310317763,1.3756849430928422,1.4509226559599326
MLDYEING,M.L. Dyeing & Textile Ind. PLC,11.8,-1.6666666666666607,-13.23529411764705,-36.55913978494624,19.191919191919194,38.82352941176471,40.47619047619048,18.000000000000007,-62.65822784810126,70.98200072188601,70.98200072188601,7.897189403007709,7.87039453932726
MONNOAGML,Monno Agro & General Machinery Ltd.,310.8,0.35518243461415006,-5.531914893617018,-11.402508551881413,-15.543478260869563,-14.615384615384613,-15.88633288227334,-22.70579457846307,-25.968477236594914,732.9272281573436,2399.268776920077,4.018346343897057,3.2431241778564357
MONNOCERA,Monno Ceramic Industries Limited.,82.5,2.3573200992555905,-4.292343387471001,-12.7906976744186,-16.582406471183017,-0.12106537530265657,0.8557457212713971,-14.0625,-54.166666666666664,219.57601446526704,381.7312514471207,3.309537945584175,3.0996483892754316
MONNOFABR,Monno Fabrics Ltd.,20.5,-1.4423076923076956,-9.292035398230095,-15.63786008230453,-11.637931034482756,-10.48034934497816,-4.205607476635508,-10.087719298245617,-13.135593220338986,-13.135593220338986,-13.135593220338986,4.980704014444073,4.538703303523585
MONOSPOOL,Monospool Bangladesh PLC,106.4,0.3773584905660431,-0.8387698042870377,-10.210970464135018,-2.3853211009174258,15.526601520086876,12.354804646251322,7.427567717690234,-41.45454568816702,122.47272637272398,122.47272637272398,2.918666916998404,2.910588201947075
MPETROLEUM,Meghna Petroleum PLC,206.0,0.0,0.0,-3.7383177570093458,-2.738432483474982,2.9485257371314373,6.901920083030624,-0.9615384615384616,-1.764425369575579,13.812154696132596,44.331210046751586,1.3748663861259973,1.1347464213307263
MTB,Mutual Trust Bank PLC,12.9,0.0,-3.7313432835820897,-4.444444444444442,13.763779871537736,25.440000858826433,31.559025247281426,25.440000858826433,3.547704992386205,117.87666997527309,165.58659584368428,2.9402723740435572,2.7598134714588687
NAHEEACP,Nahee Aluminum Composite Panel PLC,34.0,-1.1627906976744147,-4.494382022471914,-6.07734806629835,-6.8493150684931505,61.904761904761905,83.78378378378379,38.775510204081634,-36.80297397769517,-46.05416681911323,-46.05416681911323,5.927906015476651,5.40893233008009
NATLIFEINS,National Life Insurance PLC,93.6,-0.7423117709437994,-4.684317718940945,-10.772163965681612,-7.7832512315271,-5.358948432760375,-0.21321961620469387,-21.344537815126053,-60.33898305084746,-23.964373917796607,-31.09592742211068,2.8539820674702767,2.5349267506466475
NAVANACNG,Navana CNG Limited,20.2,-1.4634146341463448,-5.607476635514016,-10.619469026548682,-10.222222222222225,-0.9803921568627417,-5.164319248826297,-13.675213675213673,-47.22630305429235,-50.50999975675665,-65.73769199981912,3.956623489897705,2.906717350402977
NAVANAPHAR,Navana Pharmaceuticals PLC,63.7,-4.210526315789469,-4.925373134328354,-7.681159420289852,-11.650485436893192,7.966101694915259,21.564885496183216,1.594896331738437,141.2878787878788,141.2878787878788,141.2878787878788,3.848949217333126,2.8873975560443994
NBL,National Bank PLC,3.3,0.0,-8.333333333333341,-10.81081081081082,-13.157894736842106,-35.29411764705882,3.124999999999989,-10.81081081081082,-62.06896551724139,-41.53490373156737,-69.07196419158763,3.582887700534763,3.7788218582115105
NCCBANK,National Credit and Commerce Bank PLC,14.6,-0.6802721088435351,-3.9473684210526296,-5.194805194805199,-13.095238095238102,18.625054434071853,24.459073587487715,27.596697225562927,4.282614336027986,107.50049686775657,32.5349667797157,2.4611454406987203,2.0930328786626125
NCCBLMF1,NCCBL Mutual Fund-1 2012- Dividend Units,6.7,6.349206349206354,1.5151515151515234,-8.219178082191776,55.8139534883721,63.414634146341484,67.5,34.00000000000001,-24.719101123595507,6.349206349206355,-44.166666666666664,5.761786600496273,6.422343716447294
NEWLINE,New Line Clothings Ltd.,5.6,0.0,-9.677419354838719,-21.126760563380284,-1.75438596491229,-5.084745762711876,39.99999999999999,-12.50000000000001,-80.55555555555557,-77.5599599762812,-77.5599599762812,5.81818181818182,6.322530019641876
NFML,National Feed Mill Ltd,15.6,-3.105590062111812,-11.864406779661016,-22.77227722772277,-5.454545454545456,2.6315789473684235,10.638297872340425,52.94117647058824,-51.66871166726437,10.280970165617031,-44.0735481626735,5.9879131313842855,5.410059051849434
NHFIL,National Housing Finance PLC,26.8,-1.8315018315018317,-3.9426523297490963,-10.06711409395973,1.9011406844106464,14.52991452991454,19.111111111111114,-5.300353356890459,-53.50157733033765,-2.910179833735451,-12.243814398837157,4.393835053507263,3.7263828580185243
NITOLINS,Nitol Insurance PLC,56.8,3.2727272727272676,8.812260536398457,17.84232365145227,57.777777777777764,96.53979238754326,102.13523131672596,100.7067137809187,-2.2295079522950827,254.04722859256347,138.4452631676186,5.555085126266252,5.134487308962608
NORTHERN,Northern Jute Manufacturing Co. Ltd.,100.8,-1.1764705882352968,-5.794392523364488,-12.802768166089963,-11.965065502183409,-14.648602878916172,18.171160609613132,-11.423550087873462,-75.35452322738386,-57.853658368000005,572.00000448,4.480220487565438,4.615341548730673
NORTHRNINS,Northern Islami Insurance PLC,37.4,-1.0582010582010546,-7.425742574257426,-16.888888888888893,-10.74999977687501,35.41379344198275,41.25899315890287,21.203704006712957,-35.41118404905428,158.66467099634067,22.341848721598144,4.651787456448509,4.843012929723309
NPOLYMER,National Polymer Industries PLC,31.2,-0.6369426751592334,-4.294478527607369,-13.333333333333336,-5.740181268882182,14.285714285714281,17.293233082706756,-13.333333333333336,-53.223388305847074,-28.860812850023873,116.18516750170555,3.763612855306774,3.3927268187623816
NRBBANK,NRB Bank PLC,6.5,1.5624999999999944,-4.411764705882351,-4.411764705882351,14.035087719298243,-7.142857142857143,6.557377049180334,-26.966292134831463,-27.77777777777778,-27.77777777777778,-27.77777777777778,4.039502164502162,3.3023131231745273
NRBCBANK,NRBC Bank PLC,9.0,1.1235955056179736,0.0,-2.173913043478253,21.621621621621617,32.352941176470594,76.47058823529413,38.46153846153846,-63.63174470630465,-29.22737504100477,-29.22737504100477,4.394115506087601,4.9731733571053685
NTC,National Tea Company Limited,151.7,-2.3180940115904844,-5.187500000000007,-8.060606060606068,-5.305867665418227,-5.2467207995003164,-12.715765247410829,-22.20512820512821,-74.9587322548696,-72.1651376146789,-80.29870129870129,4.474524965405033,4.003049320029659
NTLTUBES,National Tubes Limited,62.8,-0.317460317460322,-4.414003044140039,-10.285714285714288,-3.2357473035439264,7.534246575342464,0.47999999999999543,-25.238095238095244,-48.099173553719005,-28.22366929385341,166.50863768223314,2.6064041698564138,2.7556633226224307
NURANI,Nurani Dyeing & Sweater Ltd.,3.0,-3.2258064516129057,-6.250000000000005,-3.225806451612906,-9.090909090909086,-16.666666666666668,50.0,3.448275862068969,-71.42857142857143,-82.27108003686878,-82.27108003686878,7.448275862068975,8.703689936387091
OAL,Olympic Accessories Ltd,6.5,-1.5151515151515098,-7.142857142857143,-7.142857142857143,3.1746031746031775,-2.985074626865674,14.035087719298243,-13.333333333333334,-56.08108108108109,-61.53362440311081,-73.07023998530626,3.991113053613056,3.5898522335778886
OIMEX,Oimex Electrode Ltd.,14.2,-2.0689655172413843,-10.12658227848102,-13.414634146341461,-7.792207792207799,5.970149253731335,-7.18954248366014,-44.74708171206226,-49.285714285714285,-71.52170118999013,-71.52170118999013,7.650152664237173,4.723847164328893
OLYMPIC,Olympic Industries PLC.,142.5,-0.6968641114982579,-2.862985685071567,-5.3784860557768885,-3.061224489795918,-6.740837696335086,3.5610465116279113,-12.68382352941176,-32.464454976303315,-50.781249876953126,92.85714410708914,2.0862545792930653,1.9579264187850811
ONEBANKPLC,One Bank PLC,7.7,1.3157894736842175,-2.531645569620255,-2.531645569620255,-12.500000000000005,-1.2820512820512775,10.000000000000002,-1.2820512820512775,-16.11052593784532,-16.11052593784532,-16.11052593784532,2.3754385964912315,2.302871567078765
ORIONINFU,Orion Infusion Ltd.,188.6,-3.480040941658143,-16.474756421612053,-29.88847583643123,-38.885288399222304,-48.46994535519126,-44.54572184651574,-63.01960784313725,106.12021857923497,166.38418079096047,310.0,7.097601457059471,4.6711689873092315
ORIONPHARM,Orion Pharma Ltd.,25.0,-0.3984063745019977,-6.716417910447763,-14.383561643835614,-7.407407407407407,-14.675767918088738,-8.088235294117645,-34.21052631578947,-64.8876404494382,-33.6870026525199,-63.41463400000001,4.266950706808503,3.023104778108164
PADMALIFE,Padma Islami Life Insurance Ltd.,16.2,0.621118012422347,-1.8181818181818226,-9.497206703910612,-16.062176165803113,-6.358381502890182,-2.9940119760479043,-23.58490566037736,-71.62872154115587,-15.844155494417276,-66.93669292671528,2.487691955950153,3.535956219570776
PADMAOIL,Padma Oil PLC,192.9,0.1557632398753953,-0.4130098089829546,-3.7425149700598803,5.989010989010992,8.492688413948253,13.805309734513276,-1.5816326530612217,-19.28870292887029,4.101457096600105,13.470588121823539,0.6863417661309377,0.9634197101567435
PARAMOUNT,Paramount Insurance PLC.,57.6,-1.3698630136986254,-6.645056726094005,-9.859154929577462,-17.71428571428571,12.720156555772993,32.41379310344828,25.21739130434783,-35.928809788654064,733.2822453678937,337.6992623992336,5.247963091182452,4.881977497699853
PDL,Pacific Denims Ltd.,5.5,0.0,-3.5087719298245643,-6.7796610169491585,-1.7857142857142796,7.8431372549019684,19.565217391304355,-20.289855072463773,-65.06289308747398,-72.08169827049724,-72.08169827049724,3.319865319865311,4.3828697111505965
PENINSULA,The Peninsula Chittagong PLC,21.1,-1.4018691588784915,-0.9389671361502314,-15.261044176706816,-12.083333333333329,2.92682926829269,15.300546448087434,51.79856115107914,-20.97378277153557,37.01298701298702,-41.69736827529604,5.762826865933112,4.747858150512273
PEOPLESINS,Peoples Insurance PLC,59.7,0.0,-4.479999999999995,-8.012326656394455,-3.2414910858995136,46.68304668304668,64.46280991735539,69.60227272727272,8.152173913043478,298.0,126.13636363636365,4.586417624165941,4.4149310142735425
PF1STMF,Phoenix Finance 1st Mutual Fund Units,17.8,9.202453987730062,22.758620689655178,25.352112676056347,106.97674418604653,256.0,256.0,256.0,71.15384615384615,313.95348837209303,125.31645569620252,5.655392539791032,4.965650983983149
PHARMAID,Pharma Aids Limited.,549.3,-0.6870367022238416,-3.8171948870600714,-10.6829268292683,-5.4561101549053435,-2.4333925399644842,11.419878296146035,-11.38893369898371,-4.469565217391312,105.19237952932386,292.0770877944325,2.8513704887047764,2.5484056914837234
PHENIXINS,Phoenix Insurance PLC,48.1,-0.8247422680412342,-7.3217726396917095,-5.500982318271115,7.8475336322869955,71.78571428571429,79.4776119402985,71.17437722419929,-27.669172932330824,140.5,7.3660714285714395,5.850595349869318,5.232399044730242
PHOENIXFIN,Phoenix Finance and Investments Ltd.,3.6,0.0,-5.2631578947368345,-12.195121951219503,0.0,-30.769230769230766,50.00000000000001,9.0909090909091,-88.75,-74.92342865456816,-86.80534764789695,6.176319176319176,6.261948225110704
PHPMF1,PHP First Mutual Fund Units 2010-,3.6,2.85714285714286,-2.702702702702705,-9.999999999999998,12.499999999999996,28.571428571428584,50.00000000000001,9.0909090909091,-51.35135135135135,-0.05714343871509997,-35.536857591345644,5.243697478991601,5.648961758537169
PIONEERINS,Pioneer Insurance PLC,63.6,-1.3953488372093001,-7.8260869565217375,-8.751793400286946,-7.8260869565217375,27.68642480622092,38.83575916769465,40.29411799779412,-45.063461319525345,181.87372181180902,58.72175033570642,5.108287271076048,4.1770036633432515
PLFSL,Peoples Leasing and Financial Services Ltd.,1.9,0.0,-5.000000000000004,5.555555555555547,46.15384615384614,-47.22222222222223,258.49056603773585,58.333333333333336,-36.66666666666667,-72.46376811594203,-93.5294117705154,8.771929824561399,10.389463510858333
POPULAR1MF,Popular Life First Mutual Fund Units 2010-,3.6,2.85714285714286,-2.702702702702705,-9.999999999999998,12.499999999999996,28.571428571428584,50.00000000000001,12.499999999999996,-47.826086956521735,-2.8418607300416694,-31.4154038392952,5.260504201680677,5.497618060713107
POPULARLIF,Popular Life Insurance Co. Ltd.,57.1,-1.7211703958691909,-6.3934426229508174,-7.154471544715445,-7.003257328990223,18.958333333333336,34.352941176470594,-0.3490401396160484,-42.0892494929006,-15.905743740795293,-48.75640994894872,5.125543143409207,3.9828885693376455
POWERGRID,Power Grid Co. of Bangladesh Ltd.,38.2,0.2624671916010536,-1.2919896640826873,-7.281553398058252,4.945054945054957,28.187919463087255,42.007434944237936,13.690476190476193,-34.36426116838488,-34.7008547008547,-29.6500920810313,2.4805767700090104,2.993420242285056
PRAGATIINS,Pragati Insurance PLC,72.4,-1.092896174863384,-7.179487179487173,-6.338939197930132,-4.73684210526315,4.005578420219495,3.7162722185700794,22.249179875546893,-7.390127384905354,331.64720937476744,82.03482762884698,4.8307102568968805,4.194171539977065
PRAGATILIF,Pragati Life Insurance PLC,144.4,-2.6298044504383045,1.8335684062059197,-16.96377228292122,-14.60215062303225,-26.258124491919844,7.469553341539689,-24.397905834368576,53.76292162937416,211.49576214675093,118.04703402483098,5.543508654431716,4.544806096390154
PREMIERBAN,The Premier Bank PLC,5.8,0.0,-1.6949152542372972,3.5714285714285747,41.46341463414635,9.433962264150944,44.99999999999999,-12.12121212121212,-53.969798792951146,47.72314582765665,-20.681903474258167,2.0810647307925065,2.7997587738250718
PREMIERCEM,Premier Cement Mills PLC,43.3,-1.3667425968109372,-7.081545064377692,-10.537190082644631,-12.52525252525253,15.466666666666661,10.459183673469372,-14.257425742574261,-52.04872646733112,-56.482412060301506,-58.76190476190476,4.204668361808167,3.7776709796032173
PREMIERLEA,Premier Leasing & Finance Limited,2.1,0.0,-4.545454545454549,-8.695652173913032,-19.23076923076923,-43.24324324324324,288.88888888888886,10.526315789473694,-83.84615384615384,-71.9498555046896,-84.50756465407693,9.666666666666657,9.134314706397085
PRIME1ICBA,Prime Bank 1st ICB AMCL Mutual Fund Units,6.2,3.333333333333336,3.333333333333336,-10.144927536231886,29.166666666666675,44.186046511627914,44.186046511627914,24.000000000000004,-17.33333333333333,31.914893617021274,-13.88888888888889,5.394736842105258,6.088792161114382
PRIMEBANK,Prime Bank PLC,28.4,-0.6993006993007091,-1.7301038062283738,-5.333333333333338,-4.377104377104379,-3.181817939772731,3.541666925520831,5.371024978862259,29.51483032229701,108.83260810229517,-0.04255441871637741,1.1934818332149684,1.2763911330702604
PRIMEFIN,Prime Finance and Investment Ltd.,2.9,0.0,-9.375000000000009,-14.705882352941178,-9.375000000000009,-48.214285714285715,163.6363636363636,0.0,-81.98757763975155,-60.81081081081081,-89.32515333231962,6.9490968801313695,6.248361722477177
PRIMEINSUR,Prime Islami Insurance PLC,50.9,-0.3913894324853284,-7.956600361663651,-15.307820299500836,23.244552058111385,61.0759493670886,70.23411371237458,43.78531073446328,-7.622504537205087,195.93023255813958,42.5200003363472,6.589305301947752,6.247494655751101
PRIMELIFE,Prime Life Insurance Company Limited,36.6,-1.6129032258064553,-4.935064935064931,-15.862068965517238,-13.882352941176467,1.3850415512465373,10.909090909090912,-24.5360824742268,-50.87248322147651,-36.34782608695652,-59.7399999384022,5.99352954019828,4.820695220986412
PRIMETEX,Prime Textile Spining Mills Ltd.,14.1,-2.083333333333338,-16.568047337278102,-17.058823529411768,-24.193548387096783,-34.112149532710276,2.173913043478253,-9.032258064516132,-45.13618677042802,-32.857142857142854,-30.198019801980198,11.63659425303261,6.45779810541837
PROGRESLIF,Progressive Life Insurance Co. Ltd.,36.3,-4.221635883905018,-8.793969849246231,-12.949640287769798,-15.777262180974487,-14.988290398126477,-20.39473684210527,-37.413793103448285,-68.18580192813322,-4.363176742117321,-51.47980519117725,5.294431132334779,4.908570481052845
PROVATIINS,Provati Insurance PLC,54.3,-1.8083182640144666,-4.736842105263163,-8.121827411167521,6.470588235294112,79.2079207920792,89.19860627177701,56.93641618497108,-64.81117336733945,540.3091581477915,190.72524749635744,4.415014247735166,4.4413954069995905
PTL,Paramount Textile PLC,78.1,0.0,5.683355886332866,23.186119873817027,24.16534181240063,43.8305709023941,50.77220077220077,36.06271777003484,48.36430943795318,633.2723891027968,205.68292619213688,1.9580984584328531,2.1761246477947442
PUBALIBANK,Pubali Bank PLC,37.7,0.0,-1.0498687664041957,-1.5665796344647371,9.275362318840587,14.695794543735346,40.30747682380722,48.98628983465056,119.48473933756279,230.7516059062997,116.2567750666314,2.6900766334218194,2.396930196772248
PURABIGEN,Purabi General Insurance Co. Ltd.,28.5,-0.3496503496503546,-7.766990291262132,-12.57668711656442,-14.925373134328359,42.5,46.90721649484537,42.5,-39.349173783289906,276.37578373538327,-3.727175673855443,5.863073275591048,4.1157094701899535
QUASEMIND,Quasem Industries Limited.,39.2,-2.9702970297029596,-7.109004739336492,-12.888888888888884,-10.297482837528603,1.2919896640826873,3.6538460392289203,-4.177777873599992,-11.417317761301364,-7.472616111800288,146.68287504468194,3.4015094822623144,2.7210135179337094
QUEENSOUTH,Queen South Textile Mills Ltd.,14.5,-0.6849315068493127,-13.173652694610775,-21.19565217391304,3.5714285714285716,22.881355932203384,21.848739495798313,1.3986013986013937,-52.70769247969079,-40.28630445422855,-40.28630445422855,7.334725702416855,5.884497995256485
RAHIMAFOOD,Rahima Food Corporation Ltd.,69.6,-0.7132667617689016,-7.569721115537852,-16.74641148325359,-30.469530469530472,-41.216216216216225,-56.5,-50.28571428571429,-80.94716671229128,17.76649746192892,304.65116279069764,4.589912746094798,4.825137360297078
RAHIMTEXT,Rahim Textile Mills Ltd.,182.7,-0.2184598580010954,-7.25888324873097,-14.225352112676061,-8.329152032112404,-12.12121212121213,-14.345991561181444,1.5564202334630255,-45.57640750670242,3.9783436637596172,352.98638313337017,5.725174957650286,4.750128781402963
RAKCERAMIC,RAK Ceramics (Baneladesh) Limited,27.5,-1.4336917562723963,-9.836065573770492,-9.240924092409243,0.0,19.04761904761904,23.87387387387388,4.562737642585549,-44.779116465863446,-39.552335614422006,-31.492647100955548,3.389537396454782,3.3610607542302104
RANFOUNDRY,Rangpur Foundry Limited,148.1,-1.3981358189081188,-6.855345911949688,-8.297213622291025,5.710206995003569,2.2084195997239395,3.6389083275017415,-17.813540510543838,-24.012314007183175,36.12132352941176,138.8709677419355,3.5865127408559565,3.7160859438067835
RDFOOD,Rangpur Dairy and Food Products Limited,23.9,-0.41666666666667257,-6.274509803921574,-12.132352941176473,-20.333333333333336,22.56410256410256,19.499999999999993,-11.481481481481486,-49.243299162261586,157.85419091446832,47.71950912310188,3.4054740684621687,4.370982518241679
RECKITTBEN,Reckitt Benckiser (Bangladesh) PLC,3295.4,0.5584205547587863,-0.1424199266688833,-0.1514967882680887,-0.740963855421684,-5.711015736766807,-3.643274853801167,-2.8507414286135377,-28.438653637350704,116.66009204470743,345.9269282814614,1.1815430019586706,0.5756527021223992
REGENTTEX,Regent Textile Mills Ltd.,6.3,1.6129032258064457,-3.0769230769230798,-8.695652173913052,-21.250000000000004,34.042553191489354,57.49999999999999,90.90909090909092,-60.62499999999999,-40.54908867363027,-75.44677356757437,6.3568583865888675,6.828269197968519
RELIANCE1,Reliance Insurance Mutual Fund Reliance One Units,12.5,2.459016393442629,-2.3437500000000053,4.166666666666667,16.822429906542062,3.3057851239669453,-20.38216560509554,-14.383561643835614,-3.8461538461538463,71.23287671232877,37.36263736263737,5.612541277210146,4.83489625346144
RELIANCINS,Reliance Insurance PLC,97.2,-6.17760617760617,-14.511873350923482,-14.36123348017621,-13.368983957219251,36.90140845070423,48.62385321100916,50.697674418604656,-5.813953488372093,207.29976157607382,101.28947699810259,11.725985473547096,6.553719305177994
RENATA,Renata PLC,459.0,-0.47701647875108166,-0.9495036685368963,-2.2572402044293063,8.382526564344746,6.496519721577727,17.091836734693878,-8.016032064128256,-63.08807057759507,-28.940461362397514,47.76124351711064,1.152027660473444,1.0981819491898919
RENWICKJA,Renwick Janeswar and Co. (BD) Limited,746.0,-0.5731040916966487,-4.579176259913016,-11.882825419324359,41.39499620924942,45.334112604714605,52.61865793780687,12.146722790138297,-45.94202898550725,20.55591467356174,850.3184713375796,1.7017363705436734,4.328438883008419
REPUBLIC,Republic Insurance PLC,39.3,-0.5063291139240579,-7.529411764705889,-6.205250596658714,11.3314447592068,22.42990654205606,43.43065693430656,13.913043478260862,-28.026162430619266,387.6214745122489,91.61883992474992,4.9714923475888355,4.777532048874706
RINGSHINE,Ring Shine Textiles Ltd.,3.8,0.0,-11.627906976744187,-20.833333333333336,5.555555555555547,5.555555555555547,18.74999999999999,26.66666666666666,-73.23943661971829,-74.413333335892,-74.413333335892,7.030188082819659,6.818282341478693
ROBI,Robi Axiata PLc,30.0,0.33444816053512183,-2.280130293159607,-5.362776025236592,-3.5369774919614194,-4.761904761904762,6.0070671378091856,-5.6603773584905674,-29.5774647887324,100.0,100.0,1.8230055799323088,1.5581851251912107
RSRMSTEEL,Ratanpur Steel Re-Rolling Mills Ltd,7.0,-1.4084507042253471,-7.894736842105259,-12.5,-13.580246913580243,-13.580246913580243,4.477611940298504,-24.731182795698928,-80.22598870056497,-79.19399528574395,-84.55599986880013,3.987927565392355,3.1765954020211287
RUNNERAUTO,Runner Automobiles PLC,44.6,-0.6681514476614636,-8.04123711340206,-6.889352818371602,2.293577981651376,38.509316770186324,20.540540540540544,38.509316770186324,-33.63095238095238,-51.870503479395474,-51.870503479395474,4.0237580224704566,4.411241707380609
RUPALIBANK,Rupali Bank PLC,17.0,-1.7341040462427786,-2.857142857142857,-4.494382022471914,3.0303030303030303,-6.07734806629835,-1.7341040462427786,-20.930232558139537,-52.70909093763741,20.889039156650984,-43.30492987803485,2.8263709511625663,2.620269059206661
RUPALIINS,Rupali Insurance Company Ltd.,28.1,0.3571428571428622,-6.020066889632098,-10.79365079365079,1.4440433212996466,29.9779738631659,37.87383212038553,18.020000295050004,-36.13636347670454,143.41625156060246,-10.34121920811558,4.334128353536805,4.082050574386066
RUPALILIFE,Rupali Life Insurance PLC,79.0,-0.2525252525252561,-2.948402948402955,-14.594594594594595,-15.68836712913554,-3.658536585365854,0.5089058524173101,-35.77235772357724,0.7249996776799941,172.22695407611542,-21.513197113647102,3.432185270968093,3.531464752516802
SAFKOSPINN,Safko Spinning Mills Limited,20.8,-0.47846889952152094,-8.771929824561402,-3.703703703703707,1.463414634146345,33.33333333333334,50.724637681159415,40.54054054054054,-33.30793652529761,93.99801335588276,5.336793537612846,4.236725176631964,4.400932836040688
SAIFPOWER,SAIF Powertec Ltd.,8.7,-1.1363636363636525,-10.309278350515465,-13.861386138613865,26.08695652173911,27.94117647058823,73.99999999999999,24.285714285714278,-72.5535715345996,-43.18405063453081,-36.7074106841879,5.006054708351456,4.891662280226656
SAIHAMCOT,Saiham Cotton Mills Ltd.,22.7,-3.813559322033907,-14.339622641509436,1.3392857142857175,16.41025641025641,12.376237623762377,15.816326530612232,22.702702702702698,9.134615384615378,68.14814814814814,-12.077464863033136,9.017907885732841,6.754632975034079
SAIHAMTEX,Saiham Textile Mills Ltd.,32.3,2.5396825396825307,-15.000000000000005,19.1881918819188,78.45303867403312,59.90099009900989,86.7052023121387,96.95121951219511,29.199999999999992,155.00000053684207,37.817137762558325,9.981009925045658,6.559535283686727
SALAMCRST,S. Alam Cold Rolled Steels Limited,11.5,0.0,-8.0,-9.448818897637791,-24.836601307189547,-28.571428571428577,-22.81879194630873,-44.71153846153847,-69.73684210526316,-58.029197080291965,-75.84033613445378,5.516380970977494,4.997205356581031
SALVO,Salvo Organic Industries PLC,31.1,-1.2698412698412653,-9.064327485380119,-17.066666666666663,-19.638242894056848,-1.8927444794952615,2.6402640264026425,-5.471124620060782,-40.874524714828894,200.76973842510392,81.6621628547107,5.366317058943567,3.8992897922313885
SAMATALETH,Samata Leather Complex (Pvt.) Ltd.,79.5,-3.75302663438256,-14.516129032258064,-24.85822306238185,-30.92962641181581,-3.519417475728162,-5.357142857142857,-27.595628415300542,-32.6271186440678,210.68965412963934,440.59999827007994,7.571490743437759,5.267288755723152
SAMORITA,Samorita Hospital Ltd.,88.2,-1.7817371937639135,-8.22060353798126,-12.67326732673267,25.820256776034253,31.05497771173849,21.320495185694636,17.6,10.992136084463022,64.22283518947832,124.67736616796553,6.703655160367662,7.876292917549828
SANDHANINS,Shandhani Life Insurance Co.Ltd,24.5,-0.8097165991902806,-3.9215686274509802,-16.666666666666664,-2.3904382470119576,21.890547263681587,26.943005181347143,-2.777777777777775,-40.24390243902439,22.076125567737947,-42.457753471385864,3.976790091658612,3.1707361677964307
SAPORTL,Summit Alliance Port Limited,60.1,-0.6611570247933861,0.5016722408026827,0.6700167504187581,9.471766848816033,25.20833333333334,42.75534441805225,91.40127388535034,93.87096774193549,48.95813059733134,185.1755598659475,3.055679199931496,2.7289459001712615
SBACBANK,SBAC Bank PLC.,6.7,0.0,-4.285714285714283,-6.944444444444445,4.687499999999997,-2.8985507246376834,8.064516129032258,-12.987012987012987,-67.86447483244402,-36.02109080974911,-36.02109080974911,3.972027972027977,3.7504127567914076
SEAPEARL,Sea Pearl Beach Resort & Spa Ltd.,33.7,-0.29585798816566367,-6.6481994459833755,-13.810741687979537,-3.714285714285706,-14.898989898989896,2.12121212121213,-38.16513761467889,-23.23462414578587,40.416667017708356,40.416667017708356,7.396154596358629,4.641094796479204
SEMLFBSLGF,SEML FBLSL Growth Fund Units,7.0,1.4492753623188355,0.0,-10.256410256410255,27.272727272727273,37.25490196078432,42.85714285714285,29.629629629629623,-37.5,14.754098360655743,14.754098360655743,4.157409881538597,4.553306913893688
SEMLIBBLSF,SEML IBBL Shariah Fund Units,7.8,0.0,-4.8780487804877986,-1.2658227848101333,27.8688524590164,29.999999999999996,34.48275862068966,16.41791044776119,-30.973451327433636,-43.065693430656935,-43.065693430656935,2.314352314352318,2.5886281929446766
SHAHJABANK,Shahjalal Islami Bank PLC,17.4,-0.5714285714285796,-1.6949152542372923,0.0,0.5780346820809125,-4.3956043956043995,6.097560975609756,-3.8674033149171425,-18.536363937779093,124.50567054422753,6.956398485912178,1.4989037273270969,1.1725771952659232
SHARPIND,Sharp Industries PLC,19.0,-3.0612244897959253,-20.16806722689076,-55.294117647058826,9.195402298850583,16.564417177914105,47.286821705426355,5.555555555555555,16.564417177914105,16.564417177914105,16.564417177914105,11.22111928298311,11.076135364411554
SHASHADNIM,Shasha Denims PLC,27.3,-2.4999999999999973,-4.210526315789471,-5.862068965517239,16.66666666666668,42.18750000000001,71.69811320754717,33.17073170731708,-15.217391304347831,-2.4644709766814903,-18.212395176466885,4.949617030452065,4.345915719571443
SHEPHERD,Shepherd Industries PLC,13.5,-2.173913043478266,-13.46153846153846,-23.29545454545455,-17.17791411042945,-0.7352941176470562,0.7462686567164153,-25.82417582417582,-31.497525019533168,-62.79250022747838,-62.79250022747838,6.656182930615439,4.7677647846351086
SHURWID,Shurwid Industries Ltd,5.9,0.0,-4.838709677419351,-9.230769230769225,-14.492753623188404,-19.178082191780813,28.260869565217405,-3.2786885245901525,-77.22007722007723,-34.444444517283955,-80.35921060366432,3.40190921488408,4.224302189576344
SHYAMPSUG,Shyampur Sugar Mills Ltd.,300.1,2.844413982179579,-2.024159320927192,3.518454639530889,36.59535730541649,98.0858085808581,97.4342105263158,68.31183398766125,148.01652892561987,1775.6250000000002,3651.2500000000005,5.356356941288425,5.124952713260582
SICL,"Sikder Insurance Co., Ltd.",36.3,-2.941176470588239,-8.564231738035279,-3.2000000000000077,-7.868020304568531,84.26395939086294,96.21621621621621,48.77049180327868,34.444444444444436,34.444444444444436,34.444444444444436,5.356204862483145,5.529202237743674
SILCOPHL,Silco Pharmaceuticals Ltd.,16.8,-1.17647058823529,-7.6923076923076845,-18.446601941747574,-23.98190045248869,20.000000000000004,22.627737226277382,1.2048192771084294,-48.466257668711656,-31.04477619401871,-31.04477619401871,6.727879644437828,5.007352171298192
SILVAPHL,Silva Pharmaceuticals Ltd.,12.6,-3.0769230769230793,-9.352517985611515,-23.63636363636364,-5.970149253731348,34.042553191489354,31.25,-9.352517985611515,-46.15384615384615,-65.18421043927631,-65.18421043927631,5.577193940253354,5.48988882052475
SIMTEX,Simtex Industries PLC,24.4,-1.2145748987854281,-7.924528301886798,-10.948905109489052,-3.937007874015748,-2.4000000000000057,8.444444444444438,25.12820512820512,5.627705627705615,38.89699935728884,-9.4315456187711,5.173509928109868,3.902978050437404
SINGERBD,Singer Bangladesh Limited,72.3,-0.5502063273727726,-3.8563829787234116,-7.188703465982039,-11.505507955936359,-14.840989399293296,-14.941176470588237,-33.85178408051235,-64.73170731707316,-51.02136534240742,-28.752274177889596,2.0362212503567596,2.12937609871176
SINOBANGLA,Sinobangla Industries Ltd.,50.6,-1.3645224171539878,-3.6190476190476164,-11.999999999999998,-8.66425992779783,6.526315789473687,10.480349344978176,-15.100671140939596,8.326932051932092,114.88381617873341,178.19189717421395,2.919257853250838,2.701380309986722
SIPLC,Sena Insurance PLC,138.7,8.52895148669796,-9.346405228758178,5.075757575757567,36.78500986193292,139.13793103448273,160.2251407129456,164.19047619047615,190.1673640167364,190.1673640167364,190.1673640167364,10.387908922375251,6.662331556633338
SKTRIMS,SK Trims & Industries Ltd.,12.9,0.0,-7.857142857142855,-12.837837837837839,-15.686274509803923,43.33333333333334,57.317073170731724,26.47058823529413,-71.01123595505618,-65.31333340363165,-65.31333340363165,6.685680024332201,5.517529530775583
SONALIANSH,Sonali Aansh Industries Limited.,208.5,-0.23923444976076555,-3.3379694019471438,-5.270331667423896,10.14263074484944,30.231105559025615,8.367983367983365,-9.426585577758468,213.2394366197183,984.5253576072821,1444.4444444444443,4.108089537892336,3.7733059590907296
SONALILIFE,Sonali Life Insurance PLC,84.2,-0.8244994110718525,-1.6355140186915789,-6.131549609810479,-3.329506314580932,40.80267558528429,38.25944170771758,5.5137844611528894,19.94301994301994,665.4545454545455,665.4545454545455,2.1399977107313024,2.662339268483708
SONALIPAPR,Sonali Paper & Board Mills Ltd.,219.7,-0.5432322317790932,-5.505376344086026,-12.049639711769425,-6.111111111111116,-6.74872665534805,-7.103594080338271,-21.814946619217086,-12.758064144984138,45.56587409048987,45.56587409048987,3.6086446223750386,2.7880000440089736
SONARBAINS,Sonar Bangla Insurance Ltd.,37.0,0.8174386920980847,-4.639175257731952,-15.717539863325738,-15.54347804972826,35.36585397218917,53.55731260499304,26.13636395170455,-54.77549866642082,296.36712475661574,77.75540984837852,4.787776921917641,4.88588636878799
SONARGAON,Sonargaon Textiles Limited.,88.0,-3.9301310043668063,-14.396887159533073,-21.498661909009808,7.975460122699387,127.39018087855297,182.95819935691318,138.48238482384824,223.52941176470588,1000.0,371.4285726071429,11.226907532295144,6.829163780258052
SOUTHEASTB,Southeast Bank PLC,12.6,2.4390243902438935,7.692307692307695,15.596330275229352,27.272727272727266,40.437499950261724,48.15384610500424,53.20454536923836,-8.642069224881258,21.381839647382048,5.882312723692983,3.362482712497676,3.7606652885009284
SPCERAMICS,Shinepukur Ceramics PLC,21.0,0.0,6.060606060606057,-11.016949152542377,-8.296943231441043,2.4390243902439024,43.83561643835616,-1.4084507042253553,-42.30769230769231,138.63636363636363,-7.47126463724843,6.42476506759988,4.781155782633215
SPCL,Shahjibazar Power Co Ltd,49.9,-1.3833992094861716,-5.849056603773587,-12.914485165794066,-8.775137111517376,4.831932773109237,5.0526315789473655,-2.539062500000008,-55.64444437347556,-61.790490520561285,92.1687228755316,4.213505560852491,3.07226145366917
SQUARETEXT,Square Textiles PLC,50.5,2.851323828920567,2.0202020202020203,-2.8846153846153846,5.648535564853563,3.6960985626283307,4.123711340206185,-7.169117647058822,-7.339449541284404,-13.68023212945148,-33.822924650807956,3.3121993490201316,2.9701033682216837
SQURPHARMA,Square Pharmaceuticals PLC,214.4,-0.1397298556124746,-1.1981566820276472,-2.5454545454545427,-0.7407407407407381,-0.8325624421831559,7.738693467336685,-2.5454545454545427,-13.895582329317268,15.402278276342146,104.82353261221108,0.7907309671973414,0.6696293406939245
SSSTEEL,S.S. Steel Ltd,6.2,-1.5873015873015817,-10.144927536231886,-15.068493150684928,12.72727272727273,26.530612244897952,51.21951219512197,3.333333333333336,-73.63779538934243,-83.36713619513516,-83.36713619513516,4.788451691677499,4.438727364841263
STANCERAM,Standard Ceramic Industries Ltd.,67.3,-1.1747430249632853,-2.037845705967985,-5.477528089887648,-6.136680613668069,1.6616314199395683,-3.994293865905845,-15.875000000000004,-73.20859872611464,28.190476190476186,174.69387755102042,5.4740245668514405,4.80877577623057
STANDARINS,Standard Insurance PLC,48.9,1.6632016632016573,-3.550295857988174,-8.255159474671668,-8.255159474671668,28.684210526315784,25.063938618925825,14.519906323185,-50.60606060606061,446.52282230688894,87.35006714632155,4.107673046871463,4.2082183697941185
STANDBANKL,Standard Islami Bank PLC,4.5,2.2727272727272645,2.2727272727272645,-8.163265306122456,-2.173913043478253,-23.728813559322038,-6.2499999999999964,-25.0,-54.05993567633494,-24.48969088541085,-50.324865773978885,2.7272727272727177,3.5444886700147293
STYLECRAFT,Stylecraft Limited,53.2,0.18832391713747915,-2.2058823529411686,-10.887772194304857,-0.9310986964618249,9.690721649484543,12.711864406779661,-31.53153153153153,-73.19899244332494,2.1318629174049035,116.61838662900075,6.77727737700686,3.994135730069836
SUMITPOWER,Summit Power Ltd.,15.4,0.0,-2.531645569620255,-7.784431137724544,6.944444444444445,9.219858156028373,24.193548387096772,-2.531645569620255,-68.24742268041237,-52.02492211838007,-66.45753429367264,3.429904523677717,3.295182976985334
SUNLIFEINS,Sunlife Insurance Co. Ltd.,48.9,-2.200000000000003,-3.550295857988174,-26.132930513595173,-40.72727272727273,-12.36559139784946,-7.2106261859582625,-22.009569377990438,13.720930232558137,188.31213777172735,-47.12932037206365,6.739894037673071,6.246248652305056
TAKAFULINS,Takaful Islami Insurance PLC,57.9,3.5778175313059033,9.245283018867923,5.656934306569346,52.770448548812666,86.7741935483871,70.29411764705883,51.570680628272235,-4.2975206611570265,398.60774937920837,88.57204729432151,3.9169014594398237,4.869779134738785
TALLUSPIN,Tallu Spinning Mills Limited,7.3,-2.6666666666666687,-8.750000000000002,-10.975609756097555,-18.888888888888893,-9.876543209876543,15.873015873015873,8.955223880597009,-51.00671140939597,-48.22695035460993,-68.26086959281663,4.861952363322225,4.565770923881886
TAMIJTEX,Tamijuddin Textile Mills PLC,117.7,-1.9983347210657716,-4.308943089430892,-10.630220197418366,-9.39183987682833,2.884615384615382,-6.587301587301585,-10.463347256853126,-35.90594065815347,792.8965504925565,792.8965504925565,4.033859315204669,3.5995089021582025
TECHNODRUG,Techno Drugs Ltd.,41.7,-1.650943396226405,-4.576659038901601,-10.70663811563169,-4.794520547945193,39.00000000000001,42.80821917808221,14.876033057851256,57.954545454545475,57.954545454545475,57.954545454545475,4.498673237034189,4.055159962469103
TILIL,Trust Islami Life Insurance Ltd.,45.6,-2.1459227467811157,0.2197802197802229,-14.446529080675415,-13.14285714285714,7.547169811320762,2.7027027027027093,-39.602649006622514,314.54545454545456,314.54545454545456,314.54545454545456,4.467412078224426,4.085402442702103
TITASGAS,Titas Gas Transmission and Distribution PLC,17.2,-1.1494252873563178,-5.4945054945054945,-15.270935960591139,-1.7142857142857184,2.9940119760479043,10.256410256410255,-22.869955156950677,-62.11453744493392,-64.01673640167364,-73.04075235109717,3.1202205900106668,2.6861639268409223
TOSRIFA,Tosrifa Industries PLC,19.0,-1.5544041450777237,-13.242009132420087,-17.391304347826086,-5.0,13.095238095238091,11.764705882352942,-10.798122065727702,-10.253456571705977,2.7575375129411213,-56.23967509681534,6.421691909504548,4.793561939306667
TRUSTB1MF,Trust Bank 1st Mutual Fund Units,3.8,2.7027027027026933,-5.000000000000004,-7.317073170731704,18.74999999999999,35.714285714285715,58.333333333333336,11.76470588235294,-48.64864864864865,0.31999941413119765,-41.82580046722609,3.8738738738738703,5.334581121139234
TRUSTBANK,Trust Bank PLC,14.6,0.0,-1.3513513513513584,-5.194805194805199,-9.28994062980638,-14.357541660216604,-11.896551503879303,-17.13513495148868,-34.160405835727424,43.67117728100828,53.81561083104718,1.6580459770114908,1.7114239464997625
TUNGHAI,Tung Hai Knitting & Dyeing Ltd,4.2,-2.3255813953488293,-8.695652173913032,-8.695652173913032,40.00000000000001,16.666666666666668,162.5,75.00000000000001,-45.45454545454545,-58.750000033147316,-83.06000003433175,10.398105959081569,10.51742916347766
UCB,United Commercial Bank PLC,9.6,1.0526315789473648,4.347826086956526,2.1276595744680775,9.090909090909078,0.0,-8.571428571428575,0.0,-30.69999973579375,-21.121113307255435,-24.296407618662556,4.434616304087967,3.010840640636415
UNILEVERCL,Unilever Consumer Care Limited,1994.6,-0.17017017017017472,-2.07187745483111,-2.3308197042405316,-4.996427720885929,-6.576112412177991,-7.657407407407411,-18.59440045710554,6.698762955533262,103.2583911852748,496.51588785046727,0.8514660399313587,0.9416231511013864
UNIONCAP,Union Capital Limited,4.3,0.0,-6.52173913043478,-12.244897959183684,-12.244897959183684,-34.848484848484844,53.57142857142858,-6.52173913043478,-70.54794520547945,-54.255920878232274,-77.26722578516957,5.171650055370987,4.718888648730168
UNIONINS,Union Insurance PLC,48.4,-1.0224948875255624,-7.2796934865900464,-7.2796934865900464,11.520737327188941,46.66666666666666,31.521739130434792,36.72316384180791,340.0,340.0,340.0,3.733492434915093,4.598825741625621
UNIQUEHRL,Unique Hotel & Resorts PLC,41.7,-0.4773269689737369,-3.695150115473428,-4.357798165137611,4.250000000000007,11.796246648793582,8.877284595300276,-3.2482598607888598,-10.897435897435885,-8.951965065502172,-67.0876085240726,2.499071662410032,2.4982693924884205
UNITEDFIN,United Finance PLC,16.8,-1.17647058823529,-6.1452513966480335,-9.189189189189186,21.73913043478261,27.272727272727284,44.82758620689656,19.148936170212774,-34.883720930232556,-4.031087621082234,-27.936912967551585,5.05886576698619,4.431883623337801
UNITEDINS,United Insurance Company Limited,61.3,2.508361204013378,-3.616352201257868,-11.159420289855076,38.687782805429855,47.35576923076922,46.65071770334929,37.75280898876404,-12.177650429799428,192.55563201269243,60.563589030957125,5.093109054101738,4.6627724599318165
UPGDCL,United Power Generation & Distribution Co. Ltd.,111.7,-0.7992895204262803,-2.9539530842745365,-8.667211774325425,-7.685950413223138,-4.529914529914528,-3.789836347975876,-23.910081743869213,-63.85113268608414,18.228787393188654,100.25302448314507,2.465881951520385,2.3726071403783857
USMANIAGL,Usmania Glass Sheet Factory Limited,54.0,-0.7352941176470562,-14.556962025316459,-22.190201729106633,33.99503722084368,45.945945945945944,58.8235294117647,41.73228346456692,-32.58426966292134,-31.023032837541972,11.354084072867975,7.2561420530063545,6.387989763868988
UTTARABANK,Uttara Bank PLC,20.8,0.0,0.0,-0.952380952380949,-0.952380952380949,2.7667984189723436,13.537117903930135,21.49532710280374,53.648529561854474,127.57267736133448,60.50178525016851,0.7738849022090902,0.9818677899241135
UTTARAFIN,Uttara Finance and Investments Limited,12.3,-1.5999999999999945,-5.384615384615379,-8.888888888888884,-8.208955223880595,-7.518796992481203,24.242424242424246,-15.172413793103445,-73.37662337662339,-76.56079849172968,-82.61138308289478,3.3430218838353474,3.028523279890199
VAMLRBBF,Vanguard AML Rupali Bank Balanced Fund Units,8.1,-1.219512195121947,-1.219512195121947,-1.219512195121947,30.64516129032257,39.6551724137931,42.105263157894726,39.6551724137931,-14.736842105263161,-26.36363636363637,-26.36363636363637,1.734567901234567,1.9847993168613618
VFSTDL,VFS Thread Dyeing Ltd.,13.7,-3.5211267605633805,-11.038961038961046,-18.45238095238096,-12.179487179487182,28.037383177570096,7.0312499999999885,65.0602409638554,-47.49999986875,-42.16765986049127,-42.16765986049127,7.845279856266101,5.968204462159482
WALTONHIL,Walton Hi-Tech Industries PLC,390.0,0.0,-1.2908124525436655,0.0,3.77860564129856,0.0,2.6315789473684212,-7.563025302301921,-70.41379313303449,13.49206337857143,13.49206337857143,1.4885960421403805,1.6979810570309384
WATACHEM,Wata Chemicals Ltd.,131.5,-1.1278195488721803,-4.848046309696085,-8.170391061452507,-5.869720830350744,5.368589743589745,-7.394366197183099,-13.486842105263158,-61.2094395280236,30.07065236548449,523.2552085962692,4.878485890115089,4.0643715008027534
WMSHIPYARD,Western Marine Shipyard Limited,8.9,1.1363636363636322,-4.301075268817208,-12.745098039215677,1.1363636363636322,5.9523809523809526,8.536585365853673,-4.301075268817208,-44.375,-34.28089157280542,-74.15048404917715,3.409267021239118,3.264479999429532
YPL,Yeakin Polymer Ltd.,19.7,-2.9556650246305485,-12.831858407079656,-16.877637130801688,-19.918699186991876,20.1219512195122,11.299435028248588,-0.5050505050505122,23.899371069182383,-21.38047840770672,-21.38047840770672,6.168914173709689,5.331425289601525
ZAHEENSPIN,Zaheen Spinning PLC,5.5,0.0,-3.5087719298245643,-1.7857142857142796,-5.172413793103446,-1.7857142857142796,37.5,-25.675675675675677,-52.17391304347826,-55.45503057208722,-61.35456654070122,4.088050314465403,6.478976724937757
ZAHINTEX,Zahintex Industries Ltd.,8.4,-1.17647058823529,-1.17647058823529,-5.617977528089887,-3.4482758620689538,13.513513513513512,44.82758620689656,37.7049180327869,-16.831683168316825,-47.75287984944489,-64.58993571283015,6.352795508913653,5.874221652028981
ZEALBANGLA,Zeal Bangla Sugar Milla Limited,173.0,2.125147579693031,-8.947368421052632,-21.256258534365042,16.9709263015551,24.999999999999996,20.97902097902098,73.0,-0.5747126436781609,830.1075268817203,1888.505747126437,7.25219907186061,7.4265431829321615
