Symbol,Name,Price,Change %,Perf % 1W,Perf % 1M,Perf % 3M,Perf % 6M,Perf % YTD,Perf % 1Y,Perf % 5Y,Perf % 10Y,Perf % All Time,Volatility 1W,Volatility 1M
1JANATAMF,First Janata Bank Mutual Fund Units,3.9,0.0,-4.8780487804877986,14.705882352941178,25.80645161290322,44.44444444444443,49.999999999999986,14.705882352941178,-53.01204819277109,-12.550000350136354,-28.266366316838845,5.479082321187589,5.5407664485449395
1STPRIMFMF,Prime Finance First Mutual Fund 2009 Units,24.7,-0.4032258064516186,-1.5936254980079765,-2.37154150197629,34.972677595628404,27.31958762886599,23.499999999999996,16.50943396226415,22.88557213930347,201.21951219512198,-19.281045751633993,3.7093642598410623,3.9913854203282884
AAMRANET,aamra networks ltd,20.7,0.0,-3.2710280373831746,-3.720930232558143,28.571428571428555,26.219512195121958,16.292134831460668,15.642458100558663,-48.655895032770594,-65.64060105419105,-65.64060105419105,3.2396466801806554,2.8993202087558068
AAMRATECH,Aamra Technologies Limited,22.8,0.4405286343612398,4.587155963302752,28.813559322033907,68.8888888888889,98.26086956521739,85.36585365853658,79.52755905511812,-22.289389354878463,7.0734175660592395,-22.461000167594083,9.869524507369908,5.6600412700054905
ABB1STMF,AB Bank 1st Mutual Fund 2011 Units,4.0,2.5641025641025665,-4.761904761904766,11.111111111111109,21.212121212121218,48.14814814814813,48.14814814814813,8.108108108108103,-44.44444444444444,-7.552000572511967,-40.33330668121587,5.3525641025641,6.1168169724469
ABBANK,AB Bank PLC,5.0,0.0,0.0,2.0408163265306047,13.636363636363628,-1.9607843137254835,21.95121951219513,-23.076923076923077,-62.82162499158207,-60.87398490566541,-78.27377530164324,3.409863945578227,2.913646670789522
ACFL,Aman Cotton Fibrous PLC,24.0,1.2658227848101298,1.2658227848101296,0.0,29.72972972972973,33.333333333333336,33.333333333333336,33.333333333333336,-46.666666666666664,-60.0,-60.0,4.383505474321428,3.2350102566591388
ACI,Advanced Chemical Industries PLC,200.0,0.2506265664160401,-1.816396661757481,-0.5469915464942786,3.896103896103896,0.6542526421741376,2.5641025641025643,2.827763496143959,-16.145833375456952,-21.310202806443932,221.15201554536074,1.837768256368856,2.015922508683413
ACIFORMULA,ACI Formulations PLC,177.2,1.7805858701895432,0.8537279453614115,15.439739413680776,27.57379409647227,29.81684981684981,37.36434108527131,27.849927849927848,15.565217680217383,11.88214098573432,156.98895091871546,3.6049203288010756,4.371051994492835
ACMELAB,ACME Laboratories Ltd.,83.1,0.0,-0.3597122302158409,-5.028571428571435,9.055118110236208,9.920634920634921,16.54978962131837,3.229813664596266,-8.781558726673985,-26.001780943900272,-38.44444444444445,1.3682273261060462,1.6316990765661588
ACMEPL,ACME Pesticides Ltd,24.5,0.0,-7.196969696969692,6.060606060606054,0.823045267489709,40.80459770114943,54.088050314465406,61.1842105263158,122.72727272727273,122.72727272727273,122.72727272727273,3.9439709619613126,4.280031544871598
ACTIVEFINE,Active Fine Chemicals Ltd.,6.8,-1.4492753623188481,-2.85714285714286,-2.85714285714286,4.615384615384612,4.615384615384612,25.925925925925913,-25.274725274725274,-71.06382978723404,-72.88343549964243,-76.93913027275494,3.7115891132572445,3.110905817895169
ADNTEL,ADN Telecom Ltd.,66.7,-0.744047619047619,-1.9117647058823488,-6.713286713286709,10.066006600660067,7.234726688102894,15.198618307426607,-8.755129958960316,3.894080996884735,64.69135802469137,64.69135802469137,2.1428352901159373,2.230902669912871
ADVENT,Advent Pharma Ltd.,16.1,0.0,-3.012048192771084,0.0,20.14925373134329,12.58741258741259,20.14925373134329,7.333333333333343,-38.7238807977628,-56.28463627663676,-56.28463627663676,3.6007265908824486,2.8104075179728136
AFCAGRO,AFC Agro Biotech Ltd.,7.1,0.0,-1.3888888888888962,-1.3888888888888962,4.411764705882351,22.41379310344827,41.99999999999999,-12.345679012345679,-77.67295597484278,-77.92941970606273,-69.01382496816791,3.3098591549295833,3.9775235481969893
AFTABAUTO,Aftab Automobiles Ltd.,30.1,-0.33112582781456246,-2.5889967637540363,-4.44444444444444,7.500000000000005,7.500000000000005,-11.988304093567253,-17.759562841530055,-2.3963230307000285,-34.1562496769541,-55.752999639431195,2.0080136676403324,2.2599522721342296
AGNISYSL,Agni Systems PLC,32.1,0.9433962264150966,-3.021148036253776,0.31250000000000444,17.15328467153286,51.415094339622655,54.32692307692307,26.87747035573123,31.55737704918034,107.5964400741607,73.20228398884255,4.3231964895956985,3.9293703933079835
AGRANINS,Agrani Insurance PLC,32.2,0.31152647975078324,0.31152647975078324,-1.2269938650306704,30.894308943089435,31.96721311475412,35.29411764705883,27.777777777777793,-27.20142350463085,282.86931987487594,95.17072444564157,4.1829527890053795,4.154506948005539
AIBL1STIMF,AIBL 1st ISLAMIC Mutual Fund 2010- Units,6.4,0.0,-5.882352941176462,14.285714285714299,60.00000000000001,72.97297297297297,88.23529411764707,28.000000000000007,-31.182795698924735,-8.571428571428566,-16.88311688311688,5.2388952892985134,6.737238599433149
AIL,Alif Industries Ltd.,38.4,0.5235602094240727,1.0526315789473646,-2.784810126582282,25.901639344262293,37.634408602150536,-5.651105651105661,-18.9873417721519,-7.772925860849345,-65.23323086801118,-65.23323086801118,2.849204851548332,2.9797649255711782
AL-HAJTEX,Alhaj Textile Mills Limited,98.2,1.2371134020618586,0.1019367991845143,-8.566108007448792,-1.4056224899598309,-30.60070671378092,-28.425655976676378,-24.40338722675879,91.05058362041818,37.583368007868046,324.1139215980836,2.572173045792872,3.695603320826505
ALARABANK,Al-Arafah Islami Bank PLC,16.3,-1.2121212121212077,-2.395209580838315,1.8750000000000044,18.115942028985508,0.6172839506172928,8.66666666666667,-8.42696629213483,-28.04714294338349,37.81072930201401,-8.90557349193947,3.3450165967854635,3.0145424516955512
ALIF,Alif Manufacturing Company Ltd.,5.6,0.0,-1.75438596491229,0.0,7.692307692307681,39.99999999999999,39.99999999999999,0.0,-65.0,-34.78564832746982,-66.83850212678662,2.902597402597403,3.3080704557466816
ALLTEX,Alltex Industries Limited,24.4,0.8264462809917326,7.488986784140967,33.33333333333332,45.23809523809522,59.47712418300652,82.08955223880595,125.9259259259259,40.229885057471265,21.999999999999993,219.308640887294,5.3595063720341924,4.249443634047603
AMANFEED,Aman Feed PLC,37.6,0.2666666666666705,-2.083333333333326,9.302325581395358,23.27868852459017,57.983193277310924,63.478260869565226,53.46938775510205,-48.49315068493151,-36.51393609106116,12.124021530082064,2.6180992460963717,3.4563126448439796
AMBEEPHA,Ambee Pharmaceuticals PLC,792.4,-0.5397263712815449,-2.7491408934707877,2.5495017471204777,3.581699346405226,-0.8260325406758476,10.055555555555554,-7.429906542056077,65.11773286101271,88.66666666666667,323.9322353091541,1.6882171312186582,2.16956274260923
AMCLPRAN,Agricultural Marketing Co. Ltd.,238.0,2.4978466838932003,3.658536585365856,3.4782608695652173,8.626198083067095,12.849691797060215,17.647058823529406,-2.658486707566462,13.225499524262611,8.924485125858123,93.4959349593496,2.3909471373286975,2.726873343933695
ANLIMAYARN,Anlima Yarn Dyeing Ltd.,35.0,0.28653295128940237,-1.1299435028248548,-1.1299435028248548,67.4641148325359,78.57142857142856,68.26923076923077,58.371040723981885,-16.267942583732054,7.361963190184045,75.0,3.286515052099927,4.487248660969512
ANWARGALV,Anwar Galvanizing Ltd.,115.8,1.846965699208438,3.30062444246209,-4.2975206611570265,15.915915915915907,30.552423900789172,33.71824480369516,38.02145411203813,-32.54368986003883,227.5485693303889,1333.0249912764605,2.7063176954223698,2.509469002020474
AOL,Associated Oxygen Ltd,19.1,0.0,4.371584699453556,9.142857142857151,18.633540372670804,19.375000000000007,25.65789473684212,28.187919463087255,-61.36672971267127,47.14639920211337,47.14639920211337,2.161182554308226,2.423070177755141
APEXFOODS,Apex Foods Limited,308.0,3.321033210332095,10.59245960502693,0.9836065573770492,4.833219877467661,18.46153846153846,25.305126118795766,25.868410298324484,101.17570215545396,130.53892215568862,330.16759776536315,5.361534027461861,3.0039940070003666
APEXFOOT,Apex Footwear Ltd.,218.0,0.5071461502996746,-0.592795257637944,-0.5474452554744474,5.364910584823584,14.85774499473129,21.583937534857775,20.044052863436125,65.57929339548474,8.809249947729395,63.58778986592584,1.279772362023482,1.9252574194861176
APEXSPINN,Apex Spinning and Knitting Mills Ltd.,361.9,4.8985507246376745,6.378600823045265,-12.11753278290433,-16.9954128440367,59.427312775330385,101.05555555555553,140.94540612516644,162.62699564586353,245.324427480916,416.99999999999994,5.101344239842702,4.0604317639143925
APEXTANRY,Apex Tannery Limited.,114.9,5.703771849126038,10.268714011516316,9.428571428571434,-9.527559055118108,68.47507331378299,92.78523489932886,48.834196891191716,-6.585365853658532,-21.78352620830497,57.18194254445966,5.976920414847095,4.0726662294239135
APOLOISPAT,Appollo Ispat Complex Ltd.,3.4,0.0,-2.85714285714286,9.677419354838703,13.33333333333333,54.545454545454525,100.0,3.030303030303033,-76.87074829931973,-72.12223700815952,-86.04144003242504,7.064393939393937,6.439224033963141
ARAMIT,Aramit Limited,206.4,0.5358012664393542,-1.1967448539971277,-1.7142857142857115,22.274881516587673,22.784057108863777,13.593835993395718,-6.8592057761732805,-35.5,-53.76344086021505,-2.6415094339622613,2.6454065413441676,3.608066459073163
ARAMITCEM,Aramit Cement Limited,12.9,-0.7692307692307665,5.737704918032796,7.500000000000003,17.272727272727277,8.403361344537815,46.59090909090908,2.3809523809523867,-78.88707037643208,-65.96306068601584,-64.30562753574793,8.096191085861978,5.59235877613985
ARGONDENIM,Argon Denims Ltd.,24.2,0.41493775933609073,-3.200000000000003,12.558139534883718,35.19553072625699,37.499999999999986,37.499999999999986,36.72316384180791,-3.996052825481657,41.65281969867942,-37.23690426727735,4.301101802320879,4.21745562123864
ASIAINS,Asia Insurance PLC,45.6,2.013422818791943,-0.8695652173913012,-1.2987012987013018,16.326530612244895,15.15151515151515,65.81818181818183,70.14925373134328,-51.38592750533049,273.77049180327873,37.982709257798,4.2618838214646475,3.510792131540011
ASIAPACINS,Asia Pacific General Insurance PLC,53.8,1.701323251417767,-0.3703703703703756,6.746031746031744,23.96313364055299,35.51637279596976,70.253164556962,64.02439024390245,-18.85369532428356,271.03448275862064,58.70206489675516,5.109158549555802,4.3008444451049535
ASIATICLAB,Asiatic Laboratories Ltd,118.5,1.0230179028133017,-0.42016806722689076,-16.07648725212464,7.7272727272727275,76.86567164179104,145.850622406639,155.38793103448273,106.80628272251309,106.80628272251309,106.80628272251309,4.8943295620797524,4.087426527339303
ATLASBANG,Atlas Bangladesh Limited,92.0,0.0,-3.1578947368421053,-7.815631262525048,27.77777777777778,70.68645640074212,62.25749559082891,43.525741029641196,-25.203252032520325,-7.599999956290782,-18.209542025779456,2.650510207339711,4.433293489783913
AZIZPIPES,Aziz Pipes Limited.,80.8,-0.9803921568627416,-2.060606060606064,4.935064935064931,36.25632377740304,84.47488584474887,72.64957264957265,45.323741007194236,-32.61050875729775,90.89000143429976,419.6450037953572,3.1162095342824636,3.684464597178052
BANGAS,Bangas Limited,141.4,2.0202020202020283,3.589743589743594,-1.118881118881115,3.9705882352941217,15.146579804560268,8.43558282208589,26.250000000000004,3.9705882352941217,-18.500954694658287,0.848266212659651,2.609032991923336,2.2407692524816776
BANKASIA,Bank Asia PLC,18.0,0.5586592178771029,-0.5524861878453117,-2.173913043478253,2.251308470372104,-4.26470630002162,6.141303882304167,7.900552031932478,10.169230226209466,76.53421722472856,54.846322788455026,1.4300734417174072,1.3759342571843676
BARKAPOWER,Baraka Power Ltd.,11.2,7.692307692307682,11.999999999999993,36.58536585365854,39.99999999999999,43.589743589743584,64.70588235294117,4.672897196261682,-60.83916083916085,-51.55467985544947,-50.64061742350693,8.45263389948341,4.968937657014205
BATASHOE,Bata Shoe Co. (Bangladesh) Ltd.,916.0,0.09834990711397414,0.6593406593406593,4.090909090909091,7.5496066690149055,10.92274158391863,13.916179579654269,5.517797488768573,38.20156910078456,-24.26622571310459,77.86407766990291,1.1688577502555904,1.340443766445024
BATBC,British American Tobacco Bangladesh Co Ltd,246.9,-1.2004801920768309,-0.04048582995951187,10.124888492417494,13.778801843317975,-9.194556822361154,-0.4435483870967719,-14.449064449064455,-56.91099476439791,-14.53461367497894,165.16706973931792,2.6923724243786116,2.6855096145942174
BAYLEASING,Bay Leasing and Investment Ltd.,5.3,0.0,-7.017543859649129,17.777777777777775,26.190476190476183,10.416666666666668,60.60606060606061,23.255813953488374,-82.16346149387019,-61.6068509094539,-79.8013755921011,10.180585612171301,6.399304515825078
BBS,Bangladesh Building Systems PLC,15.2,0.0,-5.590062111801255,-1.9354838709677464,23.577235772357714,67.03296703296704,65.21739130434783,42.056074766355145,-32.74336283185841,-38.50780008914775,-29.898891815762866,2.8922365972065607,3.024735938440784
BBSCABLES,BBS Cables PLC,22.3,0.0,-4.700854700854692,-4.291845493562231,4.2056074766355245,50.67567567567567,46.71052631578949,40.25157232704402,-62.464503627884326,-22.857388883264054,-22.857388883264054,2.463621849222613,2.4223336539458766
BDAUTOCA,Bangladesh Autocars Limited,231.5,1.6242317822651398,10.712577714012436,7.374768089053806,0.6521739130434783,82.57097791798107,82.28346456692914,102.00698080279233,52.40289664252797,644.3074647314868,972.3073647007789,4.186861429956726,3.6497856014048615
BDCOM,BDCOM Online Ltd.,33.1,0.3030303030303073,-0.6006006006005878,-2.6470588235294077,14.137931034482763,28.294573643410857,27.307692307692314,49.80603485727371,35.15833398659862,95.56811560036752,175.2517188819136,2.123215531840534,3.9226336187494266
BDFINANCE,Bangladesh Finance PLC,13.7,-0.7246376811594305,-2.142857142857148,5.384615384615379,21.238938053097332,0.7352941176470562,5.384615384615379,25.6880733944954,-71.24356446872811,79.72376053954572,-15.676546004178153,3.652546797378809,4.130776477508894
BDLAMPS,Bangladesh Lamps PLC,226.9,1.9317160826594841,22.31805929919138,21.98924731182796,17.68672199170124,63.82671480144404,68.69888475836431,44.52229299363058,27.1781036146309,17.627422384079047,102.31916650481134,6.699432877961449,3.4842060528387853
BDTHAI,Bangladesh Thai Aluminium Ltd.,18.4,0.5464480874316823,-4.1666666666666705,-9.803921568627452,50.819672131147534,65.76576576576576,64.28571428571428,48.38709677419353,-33.09090909090909,-3.9539718368679035,15.492908212893083,2.9433798698358076,3.4576488280972764
BDTHAIFOOD,BD Thai Food & Beverage Ltd.,24.3,-0.40983606557376173,-5.813953488372093,-0.4098360655737618,8.482142857142868,56.7741935483871,68.75,68.75,100.82644628099173,100.82644628099173,100.82644628099173,4.172183138658347,4.819723526975871
BDWELDING,Bangladesh Welding Electrodes Ltd.,13.8,0.0,-1.4285714285714235,-0.7194244604316521,-14.814814814814806,-13.207547169811319,-23.756906077348066,38.00000000000001,-41.77215189873417,40.787878759436815,-37.189270227824004,1.896752353750138,2.5337557578022545
BEACHHATCH,Beach Hatchery Ltd,32.5,0.0,-2.402402402402394,-5.523255813953485,12.068965517241379,4.838709677419355,-30.555555555555554,-31.865828092243188,31.57894736842106,231.63265306122446,43.98734210022431,2.2210582700672674,2.5420123939642436
BEACONPHAR,Beacon Pharmaceuticals PLC,107.7,-0.5540166204986098,-1.1926605504587129,-6.102877070619006,4.563106796116507,2.5714285714285743,2.865329512893983,-1.0110294117647007,-49.625818521983156,537.2781065088759,599.3506493506493,1.1700921418734687,1.802696245421161
BENGALWTL,Bengal Windsor Thermoplastics PLC,25.2,1.2048192771084365,-0.7874015748031469,0.0,-1.5625000000000082,40.78212290502794,44.82758620689656,20.574162679425843,-16.55629139072848,-39.07692314521048,-49.09515869904754,2.620932210908754,2.8493352805004886
BERGERPBL,Berger Paints Bangladesh Ltd.,1491.9,-0.19400588707518487,-0.5399999999999939,6.4122681883024315,9.264684341584882,3.9651567944250936,8.030412744388132,-3.3117303953337593,-17.451446909754875,36.87155963302753,468.3428571428572,1.2747689658853263,1.3484784213455114
BESTHLDNG,Best Holdings PLC,15.2,-0.6535947712418394,-3.7974683544303884,-4.402515723270447,12.592592592592588,26.66666666666666,12.592592592592588,-5.000000000000004,-48.29931972789116,-48.29931972789116,-48.29931972789116,2.7064009117066155,3.2271834591328017
BEXIMCO,Bangladesh Export Import Company Ltd.,27.2,1.4925373134328304,19.298245614035082,0.3690036900368925,-75.29518619436875,-75.29518619436875,-75.29518619436875,-75.29518619436875,-73.55555548944444,36.30909190693543,-31.509726054896195,7.181609619092068,5.581577549739708
BGIC,Bangladesh General Insurance Company PLC,44.6,1.1337868480725624,4.694835680751174,-1.1086474501108647,18.302387267904503,28.1609195402299,44.33656957928804,39.37500000000001,-11.332007952286274,211.88811188811187,42.49201277955272,5.602868240719301,4.396187868982175
BIFC,Bangladesh Industrial Finance Company Ltd.,4.5,0.0,-11.764705882352935,0.0,7.142857142857138,60.71428571428573,164.7058823529412,-22.41379310344827,-37.5,-40.78947368421052,-77.91040696688093,10.953649232466221,8.123029209373026
BNICL,Bangladesh National Insurance Company Ltd,115.7,0.8718395815170008,-2.7731092436974767,0.7839721254355451,35.63892145369285,114.25925925925925,157.11111111111111,182.1951219512195,-3.583333333333331,825.6,212.7027027027027,4.7150817547094315,5.184681420248819
BPML,Bashundhara Paper Mill Ltd.,28.6,0.3508771929824611,-0.694444444444442,-1.0380622837370144,9.160305343511459,18.18181818181819,10.424710424710437,-14.114114114114102,-40.16736401673639,-81.54838709677419,-81.54838709677419,1.7314430152305413,2.4601894245227216
BPPL,Baraka Patenga Power Ltd.,21.7,0.46296296296295303,-0.45871559633028175,3.33333333333333,32.31707317073172,34.78260869565216,45.63758389261744,57.24637681159419,-50.904977375565615,-31.97492163009404,-31.97492163009404,3.3752893199603227,2.925971759261955
BRACBANK,BRAC Bank PLC,64.5,-0.15479876160989833,0.4672897196261638,0.6240249609984488,0.7812740300350232,-3.0391925538340323,17.36553432506507,7.50002563875611,143.0922049377806,259.4860611372616,879.779618124924,1.329674088496208,1.503336624431916
BSC,Bangladesh Shipping Corporation,120.3,-0.0830564784053227,-1.8760195758564415,-2.9838709677419377,17.137293086660172,6.366047745358093,7.123775601068567,6.084656084656077,149.58506224066386,201.62525284081573,140.88820631027454,2.6088042758842884,2.6002104958090757
BSCPLC,Bangladesh Submarine Cables PLC,156.8,-0.5707038681039805,0.3841229193342015,-4.3319097010372145,11.205673758865256,6.233062330623318,22.21356196414653,4.533333333333341,-14.457174031642117,44.51612903225807,258.2362348640621,1.8035132239890745,2.285851053944338
BSRMLTD,Bangladesh Steel Re-Rolling Mills Ltd.,100.0,0.20040080160320925,-3.194578896418197,-6.542056074766355,16.95906432748538,18.76484560570071,31.061598951507214,17.096018735362993,6.951871657754011,-30.057803609305353,121.83333266454281,7.0307746696120486,4.177083553601983
BSRMSTEEL,BSRM Steels Limited,94.5,-0.31645569620252867,-3.5714285714285716,1.0695187165775402,33.85269121813032,29.807692307692314,48.818897637795274,47.196261682242984,47.887323943661976,-0.048077023028848864,67.91923102898889,2.980744463292608,3.198821335374102
BXPHARMA,Beximco Pharmaceuticals Plc,147.7,1.7918676774638143,1.581843191196687,-4.090909090909098,18.159999999999993,24.4313395113732,43.39805825242718,31.75735950044603,-23.905203503348794,94.10991616621787,236.0659956909668,3.145903172941339,2.363154442289977
CAPITECGBF,CAPITEC GRAMEEN BDT10 (MUTUAL FUND) Units,10.6,0.952380952380949,-3.63636363636364,29.268292682926834,49.29577464788733,51.42857142857142,55.88235294117647,47.222222222222214,-26.388888888888893,-26.388888888888893,-26.388888888888893,5.390369064897365,5.470642324139214
CAPMBDBLMF,CAPM BDBL Mutual Fund 01 Units,10.6,-0.9345794392523332,-10.169491525423737,1.9230769230769162,-4.504504504504505,0.952380952380949,4.9504950495049505,17.777777777777775,-15.200000000000003,-1.8518518518518616,-1.8518518518518616,5.997751509563984,4.657800175722776
CAPMIBBLMF,CAPM IBBL Islamic Mutual Fund Units,13.4,-2.898550724637684,-4.285714285714283,-13.548387096774192,42.5531914893617,67.5,78.66666666666667,61.44578313253011,-37.38317757009345,34.00000000000001,34.00000000000001,5.023581284930723,5.568416114733024
CENTRALINS,Central Insurance PLC,47.6,1.492537313432842,-3.8383838383838356,3.4782608695652204,18.703241895261844,10.955710955710963,16.95331695331695,25.263157894736846,-19.4585448392555,266.330682991897,80.79560512137294,5.571315407716582,4.151821628092711
CENTRALPHL,Central Pharmaceuticals Ltd.,11.3,-0.8771929824561372,-3.4188034188034067,2.7272727272727337,32.94117647058824,25.55555555555556,28.409090909090907,4.62962962962963,-49.327354260089685,-11.378703647002482,-66.97970508211718,3.2627333401669683,4.037120704247306
CITYBANK,City Bank PLC,31.2,-0.31948881789137834,-0.9523809523809547,0.0,17.293233082706756,33.88059659030408,47.0491798728601,52.68085060578723,89.40785719679111,153.1408594117573,207.3264152883292,1.785939006060669,1.8935584305311157
CITYGENINS,City Insurance PLC,124.1,-0.6405124099279514,7.913043478260865,15.981308411214949,19.672131147540973,44.47031431897554,43.13725490196077,127.28937728937728,212.59445843828715,1290.3796272479608,417.6490292513572,4.816651789852657,2.3781088592405997
CLICL,Chartered Life Insurance PLC,50.6,0.5964214711729707,-5.597014925373134,-18.12297734627831,-8.828828828828827,-14.382402707275803,-9.318996415770602,13.96396396396397,360.0,360.0,360.0,2.9553831411198908,4.658570849411645
CNATEX,C & A Textiles Ltd,3.7,5.71428571428572,8.823529411764714,19.35483870967742,19.35483870967742,42.307692307692314,54.16666666666668,15.625,-40.32258064516129,-47.8205128874096,-78.39620848460838,6.275980956898883,5.5102898572547945
CONFIDCEM,Confidence Cement PLC,67.2,-0.14858841010400345,-1.466275659824047,-6.406685236768794,13.513513513513512,9.268292682926832,36.03238866396762,16.869565217391308,-47.82535185299695,49.44804639910294,25.31538523470455,2.451410604599602,2.7642256608852422
CONTININS,Continental Insurance PLC,36.5,1.3888888888888888,0.0,-5.194805194805195,7.988165680473382,40.926640926640935,50.82644628099174,46.586345381526115,-19.654087858292794,297.11187517998684,58.96884801855844,4.305880236891735,4.124164521448769
COPPERTECH,Coppertech Industries Ltd,27.9,0.35971223021581966,-2.7874564459930338,2.19780219780219,9.411764705882348,40.20100502512563,47.61904761904762,36.09756097560975,-34.89999983725001,7.659125814010642,7.659125814010642,3.1226775717594606,3.1412512072139633
CROWNCEMNT,Crown Cement PLC,67.8,2.262443438914027,1.1940298507462643,0.7429420505200595,38.367346938775505,39.21971252566734,44.871794871794876,36.41851106639838,-20.515826494724504,-11.71875,-16.08910891089109,4.76830637221679,3.8816833217329942
CRYSTALINS,Crystal Insurance Company Ltd,69.9,0.5755395683453319,-1.271186440677954,-4.11522633744856,1.4513788098693758,-16.08643457382952,21.565217391304355,58.863636363636374,46.178707065928045,412.59999948740005,412.59999948740005,2.8678593452449492,3.137952058488337
CVOPRL,CVO Petrochemical Refinery PLC,180.9,1.4013452914798206,4.20506912442397,2.2611644997173546,14.493670886075952,13.204005006257818,22.644067796610173,27.48414376321353,37.04545442086776,-22.53061101122933,51.01919580662854,3.050554780571867,2.4511669011491746
DACCADYE,Dacca Dyeing and Manufacturing Company Limited,16.8,0.0,-1.7543859649122846,-1.17647058823529,8.387096774193552,-13.846153846153843,-13.402061855670093,1.8181818181818226,-32.25806451612903,86.66666666666669,-40.194174819216386,2.631166238950674,3.2381882366362698
DAFODILCOM,Daffodil Computers PLC.,168.9,1.2589928057553923,1.1983223487118035,7.579617834394908,15.764222069910897,294.6261682242991,367.86703601108036,207.65027322404373,159.04907975460122,674.7706422018348,975.7961783439492,2.990808254271159,3.056755261594139
DBH,DBH Finance PLC,43.7,-1.1312217194570136,0.6912442396313463,3.3096926713948127,18.108108108108116,14.397905759162303,24.857142857142865,16.53333333333334,-42.44875985914311,-37.88197529221623,27.427434155675815,2.634276610214124,2.651582655016698
DBH1STMF,DBH First Mutual Fund Units,5.6,-1.75438596491229,-8.196721311475411,7.692307692307681,14.28571428571427,16.666666666666664,-13.84615384615385,-8.196721311475411,-41.66666666666667,-8.196721311475411,-24.32432432432433,4.522783251231538,5.572060980068338
DELTALIFE,Delta Life Insurance Company Ltd.,81.5,0.7416563658838001,-0.7308160779537081,-6.32183908045977,8.666666666666666,8.811748998664878,20.206489675516227,9.395973154362416,-41.744102930664766,-13.390010626992558,-97.57907369121456,2.5643263934562954,3.0680891786844
DELTASPINN,Delta Spinners Limited,7.8,0.0,-2.500000000000002,9.859154929577468,21.87499999999999,36.84210526315789,56.0,39.28571428571429,-37.09677419354839,15.09756070611302,-50.214986655041,2.975357975357979,3.6690310049506802
DESCO,Dhaka Electric Supply Co. Ltd.,25.7,0.0,-2.651515151515149,-5.860805860805866,17.889908256880727,9.829059829059831,25.36585365853658,3.212851405622493,-32.36842105263158,-51.69172932330827,-61.33954145062679,2.346676632715341,2.734215295257262
DESHBANDHU,Deshbandhu Polymer Limited,22.1,0.0,-3.070175438596488,3.755868544600942,22.09944751381215,40.7643312101911,30.000000000000007,9.405940594059418,27.745664739884397,107.77777751139602,2.0649874626117426,3.407665511661992,3.9731241738938907
DGIC,Desh General Insurance Company Ltd,35.0,1.7441860465116321,0.0,-1.408450704225352,39.4422310756972,59.81735159817353,77.66497461928934,56.250000000000014,-22.566371681415934,133.33333333333334,133.33333333333334,6.032221846891563,5.1830166774093005
DHAKABANK,Dhaka Bank PLC,12.3,-0.8064516129032229,1.65289256198348,-0.8064516129032229,2.5000000000000058,-7.518796992481203,8.849557522123893,7.8947368421052655,1.2281339576816928,28.02186904955264,-3.9579940563256732,3.0616086898573855,2.0854625743529405
DHAKAINS,Dhaka Insurance Limited,50.1,1.0080645161290323,7.051282051282062,6.8230277185501125,26.196473551637272,28.461538461538467,39.16666666666667,37.26027397260275,-33.2,245.51724137931035,5.111764621792946,7.176828426405683,4.556433474669929
DOMINAGE,Dominage Steel Building Systems Ltd,78.8,-0.12674271229405387,-5.628742514970063,2.337662337662334,7.210884353741494,131.76470588235293,172.6643598615917,475.18248175182475,158.56250064640622,495.7279989872624,495.7279989872624,5.441137341517965,4.514165219740265
DOREENPWR,Doreen Power Generations & Systems Ltd.,34.7,0.8720930232558264,-0.5730659025787843,8.099688473520253,19.65517241379311,21.754385964912288,23.049645390070935,38.24701195219124,-37.81759960044076,38.79916015404175,-12.710750409549084,3.3652034241939313,3.1063989672612893
DSHGARME,Desh Garments Limited.,181.9,9.975816203143893,9.710494571773218,0.7756232686980641,46.104417670682736,49.098360655737714,56.271477663230236,51.58333333333334,5.255128774891012,66.70427798670022,1683.0109806804765,4.4668859927546745,4.811750239632041
DSSL,Dragon Sweater & Spinning Ltd.,13.5,0.7462686567164152,-4.2553191489361675,1.5037593984962352,43.617021276595736,64.63414634146343,58.8235294117647,27.35849056603774,-21.664473271918283,142.82768631702953,48.656451252273676,3.15144203793064,3.970718878535034
DULAMIACOT,Dulamia Cotton Spinning Mills Limited,213.8,2.591170825335895,-1.0185185185185133,9.641025641025648,64.33512682551884,59.077380952380956,58.370370370370374,121.3250517598344,268.62068965517244,2329.5454545454545,2223.9130434782614,4.724632797937094,5.898452094114324
DUTCHBANGL,Dutch-Bangla Bank PLC,48.9,-1.0121457489878543,-0.20408163265306412,4.264392324093817,23.722891859920598,25.537897608243917,33.01813504757124,18.03448303946136,-5.338084784342759,125.40990185641348,113.94508782997124,2.0672229289845623,3.2308074822383817
EASTERNINS,Eastern Insurance PLC,64.4,0.31152647975078324,0.9404388714733677,4.038772213247184,13.58024691358025,11.0344827586207,28.542914171656694,44.394618834080724,-38.37320574162679,192.72727272727278,76.43835616438358,5.850785308908803,3.981654860189958
EASTLAND,Eastland Insurance PLC,30.3,0.6644518272425225,-0.32894736842104566,-2.25806451612903,26.250000000000004,36.48648648648649,62.03208556149734,59.473684210526315,-20.26315789473684,123.20656661873574,-14.711596295991507,4.8196260504582735,4.398081881267202
EASTRNLUB,Eastern Lubricants Blenders PLC,2075.8,0.2850379245374216,-1.1382578463589865,4.774883908742184,25.048192771084345,29.899874843554453,24.97290788681518,21.42021464778731,192.2661965338917,225.0458562207611,1626.8061111271634,1.7006511512414997,2.549441528517915
EBL,Eastern Bank PLC,24.2,0.0,-0.8196721311475381,-1.6260162601626102,0.8333333333333304,-4.13076958548538,2.1557373096925576,-1.478261246128547,2.396928284420742,79.02308259341397,83.07376247659039,1.332295988934992,1.2233355116315228
EBL1STMF,EBL First Mutual Fund Units,4.8,0.0,-9.433962264150944,6.6666666666666625,26.315789473684212,37.14285714285713,54.838709677419345,14.285714285714276,-44.82758620689655,19.531076598228235,-29.99253581875389,4.862181574757558,5.239707977933699
EBLNRBMF,EBL NRB Mutual Fund,3.8,0.0,-7.317073170731704,11.76470588235294,18.74999999999999,51.999999999999986,65.21739130434783,8.571428571428566,-48.64864864864865,-4.158571439319366,-44.688846802017856,6.301564722617352,5.905577817342523
ECABLES,Eastern Cables Ltd.,141.8,1.1412268188302588,0.7818052594172159,-8.516129032258057,13.530824659727784,22.77056277056278,26.494201605709208,16.420361247947465,-7.320261437908489,-8.24705900433667,241.7888439277235,2.323424099612926,3.5283495231466917
EGEN,eGeneration PLC,27.0,0.0,-1.459854014598535,-2.527075812274366,13.924050632911396,33.00492610837438,36.36363636363636,32.352941176470594,-58.778625954198475,80.0,80.0,1.9268642748684293,2.343896644306675
EHL,Eastern Housing Ltd.,94.4,0.2123142250530816,-2.277432712215309,-4.934541792547827,13.189448441247002,18.000000000000007,28.961748633879786,10.928319623971811,68.57142857142858,186.47398915549135,141.47563923419068,2.469746265985975,2.6197647443173055
EIL,Express Insurance Ltd.,34.3,-0.29069767441860883,-0.2906976744186088,-1.1527377521613995,21.631205673758856,17.465753424657528,21.631205673758856,2.3880597014925287,-5.248618784530402,128.66666666666666,128.66666666666666,3.7407374181953243,3.4721099436766028
EMERALDOIL,Emerald Oil Industries Ltd.,29.2,0.0,-1.6835016835016836,-7.886435331230284,76.96969696969697,94.66666666666667,102.77777777777777,35.813953488372086,-13.864306784660766,-17.002584069402875,-32.05384629365843,3.5223972276432765,4.248344914354023
ENVOYTEX,Envoy Textiles Ltd.,56.7,0.17667844522968448,-0.5263157894736792,-3.898305084745758,16.427104722792606,9.248554913294807,16.907216494845365,25.442477876106192,63.872832369942195,62.460962929989286,26.541126073974624,3.8535925409687777,2.886867053422546
EPGL,Energypac Power Generation PLC,20.6,-0.9615384615384581,-0.48309178743960324,-0.48309178743960324,15.730337078651688,39.18918918918919,32.051282051282065,22.61904761904762,-60.536398467432946,-55.69892473118279,-55.69892473118279,4.425014187567949,3.1638238970178643
ESQUIRENIT,Esquire Knit Composite PLC,26.1,0.0,-1.5094339622641455,-2.2471910112359472,14.977973568281948,30.500000000000007,26.699029126213592,13.973799126637568,-34.912718204488776,-44.82029598308667,-44.82029598308667,1.7954737742227687,2.520652194219172
ETL,Evince Textiles Ltd.,14.4,1.4084507042253596,0.0,2.85714285714286,33.33333333333333,41.17647058823531,44.00000000000001,63.63636363636363,17.073170731707314,41.64025870109313,10.32281459180724,2.973987533905743,3.167691949641113
EXIM1STMF,EXIM Bank 1st Mutual Fund 2013- Units,6.8,-1.4492753623188481,-1.4492753623188481,70.0,94.28571428571429,112.49999999999997,142.85714285714286,41.66666666666667,-25.274725274725274,14.14480051515832,-12.776143386559047,6.198117468921374,6.800682488962108
FAMILYTEX,Familytex (BD) Ltd.,3.0,3.448275862068969,0.0,36.36363636363635,7.1428571428571495,100.0,130.76923076923077,30.43478260869566,-43.39622641509433,-58.65624967144639,-90.83893878921644,9.06084656084656,7.467462374294668
FARCHEM,FAR Chemicals Industries Ltd,23.2,0.8695652173913012,-7.936507936507937,17.766497461928935,31.073446327683616,69.34306569343066,59.99999999999999,9.952606635071078,33.33333333333334,42.519384728040684,2.9306667901834653,4.306676600376806,6.185135042937605
FAREASTFIN,Fareast Finance & Investment Ltd.,2.1,-8.695652173913032,-4.545454545454549,61.53846153846153,0.0,90.9090909090909,250.0,-41.666666666666664,-75.86206896551725,-72.36842105263159,-88.84715030486338,4.257246376811599,6.593687097984924
FAREASTLIF,Fareast Islami Life Insurance Company Limited,22.0,-0.9009009009008978,-2.2222222222222223,-6.7796610169491585,5.769230769230766,-3.9301310043668063,5.769230769230766,-21.146953405017918,-62.13425129087779,-54.87179469591059,-72.02312130319088,3.3169389247993974,3.619637040724243
FASFIN,FAS Finance & Investment Limited,2.5,-7.407407407407414,-10.714285714285708,92.3076923076923,13.636363636363628,108.33333333333334,257.14285714285717,-13.79310344827586,-70.58823529411765,-59.02871606001319,-86.75967375149744,7.407407407407403,6.6971428697434865
FBFIF,First Bangladesh Fixed Income Fund Units,3.8,0.0,-7.317073170731704,8.571428571428566,22.580645161290313,46.15384615384614,46.15384615384614,11.76470588235294,-42.42424242424243,-28.167333772542207,-49.33684287155394,6.1166429587482245,6.46722967461928
FEDERALINS,Federal Insurance PLC,30.1,1.0067114093959755,1.346801346801354,0.0,18.039215686274513,40.65420560747665,56.77083333333335,44.71153846153847,-18.867924528301884,325.4271919020553,55.93240969932268,4.175141034051425,3.770900807980583
FEKDIL,Far East Knitting & Dyeing Industries PLC.,25.3,4.11522633744856,-3.065134099616861,3.688524590163943,78.16901408450707,74.48275862068965,78.16901408450707,45.40229885057473,46.24277456647398,63.93261407996099,6.346029000879047,7.35089524489098,4.489740954990012
FINEFOODS,Fine Foods Limited,447.0,-1.1936339522546369,-2.1881838074398248,-10.867397806580259,-21.37203166226913,-4.873377314322192,17.56970015781168,65.55555555555556,645.0,5088.128762396594,2800.0760350628616,4.692338989141771,3.4152184082016794
FIRSTFIN,First Finance Ltd.,4.9,2.0833333333333446,-10.909090909090903,19.512195121951237,19.512195121951237,22.500000000000007,96.00000000000001,58.06451612903226,-36.36363636363636,-16.700000124949987,-85.61280676252672,8.783080299649924,6.448278384813909
FORTUNE,Fortune Shoes Ltd.,18.7,-0.5319148936170288,-5.5555555555555625,-4.102564102564107,42.74809160305344,23.026315789473685,34.532374100719416,21.42857142857142,-67.11842088535244,-28.745762759139044,-28.745762759139044,3.6168521462639136,4.3030549995752665
FUWANGCER,Fu-Wang Ceramic Industry Ltd.,16.7,-0.5952380952381037,-1.7647058823529453,7.7419354838709635,35.77235772357722,50.450450450450454,45.217391304347814,28.461538461538456,-36.981132075471706,44.33571383518065,9.6433627582066,3.7240148251501353,4.153393988689913
FUWANGFOOD,Fu-Wang Foods Limited,12.3,0.0,-3.90625,0.8196721311475527,26.80412371134022,28.125000000000014,9.821428571428585,-16.326530612244888,-39.70588235294117,24.97175536725647,-26.168647486622646,3.0728810404212967,2.9217707057011144
GBBPOWER,GBB POWER Ltd.,14.9,7.194244604316546,30.70175438596491,77.38095238095238,86.25,81.70731707317076,132.8125,106.94444444444444,-59.40054495912808,14.197080621225162,-43.599529798288856,11.953439121927422,6.436749734082262
GEMINISEA,Gemini Sea Food PLC,120.0,-0.24937655860348892,-2.7552674230145913,-7.478797224363909,6.288751107174486,2.476515798462857,-12.216532553035838,-23.664122137404576,24.882978665014825,-11.76374445102934,577.2728803774451,2.2062143138789376,2.6042914020708703
GENEXIL,Genex Infosys PLC,40.5,0.0,-1.2195121951219512,0.0,47.8102189781022,51.11940298507463,50.557620817843876,73.81974248927038,-60.25679940512299,21.041059194839512,21.041059194839512,2.909228570833013,3.495014239434183
GENNEXT,Generation Next Fashions Ltd.,3.3,0.0,0.0,17.857142857142858,9.999999999999995,31.999999999999993,22.222222222222207,26.923076923076913,-62.06896551724139,-41.27941186142215,-85.18725815110137,6.567082111436949,6.589247242400217
GHAIL,Golden Harvest Agro Industries Ltd.,15.6,0.6451612903225784,-3.7037037037037015,0.6451612903225784,22.834645669291344,41.81818181818181,45.79439252336449,21.87499999999999,-26.41509433962264,6.786374959667862,-57.71259555209727,3.460829493087559,2.978178427757578
GHCL,Global Heavy Chemicals Ltd.,24.1,0.0,-1.632653061224484,15.865384615384617,26.178010471204185,29.569892473118276,21.10552763819097,26.8421052631579,-46.916299559471355,-33.79120879120879,-70.78787878787878,3.310320653464789,4.903804768953625
GLDNJMF,ICB AMCL CMSF GOLDEN JUBILEE MUTUAL FUND,9.6,0.0,-4.9504950495049505,23.076923076923073,57.37704918032787,54.838709677419345,57.37704918032787,33.33333333333332,-12.72727272727273,-12.72727272727273,-12.72727272727273,6.6109418051783955,5.766814881828767
GLOBALINS,Global Insurance PLC,45.0,0.896860986547082,-2.386117136659439,-5.857740585774053,37.614678899082556,59.01060070671378,76.47058823529412,65.44117647058823,-23.469387755102037,435.9581166692374,89.98582888947263,3.9966631955368075,4.218171691767463
GOLDENSON,Golden Son Limited,16.4,0.6134969325153243,-3.5294117647058907,-2.3809523809523934,11.564625850340132,70.83333333333333,62.376237623762364,45.13274336283184,-16.326530612244913,-26.12612612612613,-58.585858585858595,2.4002467103744025,2.7858795759068222
GP,Grameenphone Ltd.,250.5,-3.1696946269810544,-3.281853281853282,-3.5796766743649004,4.811715481171548,-5.649717514124294,-3.6538461538461537,-20.928030303030305,-31.538671768242686,-8.073394495412844,45.97902097902099,1.367434713433435,0.8018926330640329
GPHISPAT,GPH Ispat Limited,18.7,0.0,-3.1088082901554475,-3.608247422680409,19.10828025477707,15.4320987654321,16.14906832298135,-1.5789473684210564,-60.467700345864564,-4.772105568136419,-0.1416886375911188,2.370241208950879,2.605229098234635
GQBALLPEN,G.Q. Ball Pen Industries Limited,559.8,0.7740774077407659,-0.03571428571429384,-6.466165413533842,-16.335375878045145,12.18436873747494,25.039088675452305,110.37204058624573,313.1365313653136,723.235294117647,312.67307568505765,3.999323767112161,4.014224078143981
GRAMEENS2,Grameen Mutual Fund One - Grameen Two Units,13.7,0.7352941176470562,-5.51724137931035,4.580152671755722,11.3821138211382,9.599999999999994,25.6880733944954,0.0,-31.15577889447236,27.214285941454072,-25.18173524440641,3.5268660604338358,2.8239229867698783
GREENDELMF,Green Delta Mutual Fund 2010 Units,5.1,0.0,-7.27272727272728,24.390243902439025,45.71428571428571,59.37499999999998,69.99999999999999,30.769230769230763,-46.31578947368422,-12.068965517241383,-29.166666666666675,6.9423076923076925,6.993008439962016
GREENDELT,Green Delta Insurance PLC,71.9,0.7002801120448179,0.41899441340783716,1.267605633802825,21.864406779661024,24.826388888888896,34.14179104477613,47.63860369609857,-35.573476702508955,100.16331266217946,37.92151839408621,3.9441777212545746,3.1131469559852594
GSPFINANCE,GSP Finance Company PLC,4.1,2.499999999999991,-16.326530612244913,13.888888888888877,17.14285714285713,13.888888888888877,156.24999999999994,-14.583333333333337,-81.09791673676764,-54.87924215474461,-71.81319929867033,9.544715447154477,6.918611814336741
HAKKANIPUL,Hakkani Pulp & Paper Mills PLC,82.5,0.487210718635817,1.2269938650306749,-4.73441108545034,3.6432160804020173,17.857142857142858,21.861152141802062,0.2430133657351189,7.98429319371727,58.65384615384615,343.54838709677415,2.6956266495585433,2.7517589524863086
HAMI,Hami Industries PLC,164.2,0.921942224953903,-6.651506537805582,11.62474507138001,-15.360824742268045,24.299772899318697,52.60223048327137,61.13837095191362,-6.117781589479713,-6.117781589479713,-6.117781589479713,3.4908017413051473,3.4867918577971833
HEIDELBCEM,Heidelberg Materials Bangladesh PLC,222.0,-0.5821764442454148,-1.7699115044247788,-4.2277825711820585,10.447761194029852,-6.683480453972259,1.4161717679305592,-8.829568788501026,-31.39678615574784,-59.63636363636363,-15.909090909090908,2.74674655908889,2.6646575245829367
HFL,Hamid Fabrics PLC,16.1,0.0,6.622516556291402,15.00000000000001,4.545454545454553,140.2985074626866,147.6923076923077,91.66666666666667,-21.07843137254901,0.0,-71.87188013180403,5.10347467093502,4.116231063651467
HRTEX,H.R. Textile Mills Ltd.,20.6,-0.4830917874396033,-1.904761904761898,-5.069124423963124,5.6410256410256485,11.35135135135136,12.568306010928964,-25.899280575539564,-64.59375003540625,-9.360000090639998,-27.015337306671743,3.5861494354341774,3.138087383736013
HWAWELLTEX,Hwa Well Textiles (BD)PLC,49.5,-1.3944223107569775,-2.559055118110231,2.6970954356846413,18.705035971223015,17.298578199052127,10.98654708520179,11.738148984198652,9.513274336283178,61.76470588235293,23.75,3.3423568837390705,2.776681830925141
IBNSINA,BN SINA Pharmaceutical Industry PLC,322.0,0.2802865151043218,0.031065548306934684,-1.3782542113323124,4.715447154471545,-8.522727272727273,2.2222222222222223,4.954367666232069,24.324324324324323,59.80507820648809,437.5559225832694,1.3326475393767505,1.7241509871116976
IBP,Indo-Bangla Pharmaceuticals Ltd.,19.2,-0.518134715025914,-4.477611940298518,6.6666666666666625,42.222222222222214,54.838709677419345,71.42857142857143,42.222222222222214,-14.017391622483474,-26.71014437463708,-26.71014437463708,4.988341075842468,4.279516772851921
ICB,Investment Corporation of Bangladesh,45.2,0.22172949002217607,-2.1645021645021645,-4.8421052631578885,17.402597402597408,22.826086956521756,23.83561643835617,-6.611570247933875,-59.46125006191027,-43.42845175664625,-58.67521992823959,2.7627199009589987,2.6840575329633696
ICB3RDNRB,ICB AMCL Third NRB Mutual Fund 2010 Units,6.4,1.5873015873015959,-7.246376811594202,14.285714285714299,39.13043478260871,45.45454545454545,56.097560975609774,39.13043478260871,-13.513513513513512,36.17021276595745,-9.859154929577455,5.915178571428567,5.0610442522407615
ICBAGRANI1,ICB AMCL First Agrani Bank Mutual Fund Units,9.3,2.19780219780221,-3.124999999999989,4.494382022471914,43.07692307692309,43.07692307692309,45.31250000000001,38.80597014925374,2.1978021978022095,8.139534883720943,8.139534883720943,6.237484414809995,5.257228691628688
ICBAMCL2ND,ICB AMCL Second Mutual Fund Units,8.8,3.5294117647058907,-6.382978723404252,20.547945205479465,46.66666666666668,62.96296296296297,57.14285714285717,46.66666666666668,-20.72072072072071,72.54901960784316,15.789473684210542,5.755390528304347,4.845449273873693
ICBEPMF1S1,ICB Employees Provident Mutual Fund One Scheme One Units,6.8,1.4925373134328304,-6.8493150684931505,3.030303030303033,13.33333333333333,51.11111111111111,100.0,33.33333333333334,-13.924050632911399,4.615384615384612,-18.072289156626514,5.260096575943809,5.174854649574345
ICBIBANK,ICB Islamic Bank Limited,2.7,3.8461538461538494,-3.571428571428559,-3.571428571428559,0.0,-3.571428571428559,12.500000000000012,-9.999999999999995,-45.99999999999999,-32.49999999999999,-64.0,5.3490028490028445,4.434180179794202
ICBSONALI1,ICB AMCL Sonali Bank Ltd 1st Mutual Fund 2013- Units,6.9,0.0,-10.389610389610388,6.1538461538461595,46.808510638297875,50.000000000000014,64.28571428571428,32.69230769230769,-23.33333333333333,11.290322580645164,-42.49999999999999,6.16002922908294,5.160205226394055
ICICL,Islami Commercial Insurance PLC.,38.0,0.2638522427440671,1.3333333333333333,15.50151975683891,32.40418118466899,65.93886462882098,69.64285714285715,77.57009345794394,160.27397260273972,160.27397260273972,160.27397260273972,3.9586918150175094,3.863978588402564
IDLC,IDLC Finance PLC.,45.7,-1.0822510822510822,0.21929824561403818,3.1602708803611868,23.848238482384836,15.905797391213785,34.03631318425279,24.636363930958694,-13.414954335178589,24.745419745284117,-3.3425068485482288,3.9808322119469866,3.14917482699863
IFADAUTOS,IFAD Autos PLC,25.8,-0.3861003861003779,3.200000000000003,-3.7313432835820897,13.157894736842104,25.242718446601934,18.89400921658987,11.688311688311686,-49.5720637540907,-47.97468337024795,46.76341806464621,3.065764292635656,2.9871127639258392
IFIC,IFIC Bank PLC,5.0,0.0,0.0,0.0,13.636363636363628,-5.660377358490563,6.382978723404252,-18.032786885245898,-65.75568178029515,-19.209934560450943,-52.94024076755431,3.442656317846289,2.9425442784648075
IFIC1STMF,IFIC Bank 1st Mutual Fund Units,4.5,2.2727272727272645,-8.163265306122456,15.384615384615387,24.999999999999996,73.07692307692308,80.0,18.421052631578952,-36.619718309859145,8.281250152270506,-30.2774390384623,6.768774703557309,6.411509876807604
IFILISLMF1,IFIL Islamic Mutual Fund - 1 Units,5.8,0.0,-6.451612903225812,15.999999999999996,38.09523809523809,44.99999999999999,70.58823529411765,31.818181818181802,-14.705882352941178,-17.142857142857146,-7.936507936507937,4.828355224707004,5.23349210010216
ILFSL,International Leasing and Financial Services Ltd.,2.1,-8.695652173913032,0.0,61.53846153846153,0.0,75.00000000000001,250.0,-29.999999999999996,-74.6987951807229,-67.5052629868698,-87.22620679006234,6.086956521739136,8.364952107236203
INDEXAGRO,Index Agro Industries Ltd,76.2,0.793650793650805,1.7356475300400496,-1.2953367875647668,7.4753173483779936,12.888888888888893,13.901345291479815,-2.545675767468152,-40.99557507372787,6.680000266699998,6.680000266699998,1.787144684496822,2.09155910394876
INTECH,Intech Ltd.,27.0,1.8867924528301887,-1.0989010989011014,-3.5714285714285716,-23.943661971830984,-6.574394463667815,-14.826498422712932,26.760563380281685,-26.630434782608692,177.03361333479748,121.61149959734666,2.3217239706798805,2.4600330188963917
INTRACO,Intraco Refueling Station PLC,23.1,2.2123893805309733,3.587443946188344,3.587443946188344,32.00000000000001,14.356435643564367,12.682926829268299,11.594202898550735,2.6666662103703733,-50.3190689832756,-50.3190689832756,5.830232821708676,3.5699064838335772
IPDC,IPDC Finance PLC,32.2,-0.30959752321979667,1.2578616352201324,-0.30959752321979667,84.75409876953779,64.92682963837241,77.01570720016588,89.9438206995787,17.417905233152247,160.23160921942502,516.0074734026673,5.865480608322915,4.348246195013737
ISLAMIBANK,Islami Bank Bangladesh PLC,29.8,-0.33444816053510995,-1.9736842105263088,-8.307692307692307,-8.588957055214726,-38.68312757201646,-9.696969696969695,-34.36123348017621,2.0547945205479503,-1.6501650165016502,-23.767441936697672,1.9374526295667234,2.001088291651534
ISLAMICFIN,Islamic Finance & Investment PLC,12.0,0.0,-3.225806451612906,7.1428571428571495,17.64705882352942,13.207547169811324,26.31578947368421,53.84615384615385,-59.73154362416107,10.471428554410707,-34.199199884094526,3.3732136922565616,2.7460978831782334
ISLAMIINS,Islami Insurance Bangladesh Limited,64.1,-0.7739938080495357,0.15624999999999112,0.6279434850863288,53.717026378896854,60.249999999999986,70.93333333333332,67.80104712041881,11.67247386759581,502.19015997510405,240.3562932297559,4.167781829015276,3.4056826342076976
ISNLTD,Information Services Network Ltd.,65.0,0.6191950464396374,8.514190317195327,6.557377049180328,10.544217687074834,-13.333333333333334,-17.09183673469388,39.784946236559136,44.44444444444444,463.33333423466667,330.1818198869025,4.0004813301895465,2.6279426902423983
ITC,IT Consultants PLC,48.8,1.2448132780082868,-3.747534516765297,-4.8732943469785575,22.921914357682603,23.54430379746835,26.753246753246746,27.08333333333333,8.928571428571429,70.12380396577453,66.10800601448088,4.033632325610976,3.2765979818760242
JAMUNABANK,Jamuna Bank PLC,24.3,-0.40983606557376173,0.41322314049587366,3.4042553191489393,-1.619433198380561,0.8298755186721962,15.165876777251182,20.297029702970303,39.75226610384271,207.17779121255734,107.65507229811715,1.3271604938271553,1.1573210578176119
JAMUNAOIL,JAMUNA OIL PLC,182.4,-0.32786885245901326,-0.8156606851549755,-0.7616974972796549,7.610619469026552,7.294117647058826,7.801418439716324,-4.302203567681001,4.050199657729602,-3.999999999999997,13.612683915266732,1.2712586184018815,1.0885365525668003
JANATAINS,Janata Insurance PLC,35.7,0.5633802816901489,-0.8333333333333255,-5.053191489361698,-0.5571030640668405,34.21052631578948,46.91358024691359,45.121951219512205,0.7348841460470614,351.29316558608775,-80.90682762281575,4.058499978806233,3.3743368503577673
JHRML,JMI Hospital Requisite Manufacturing Ltd,55.0,-1.610017889087654,8.695652173913041,3.57815442561205,16.279069767441865,26.72811059907835,30.331753554502363,5.566218809980803,150.0,150.0,150.0,4.1001540249248825,2.69350728904103
JMISMDL,JMI Syringes & Medical Devices Ltd.,146.9,0.8236101578586255,3.7429378531073527,-4.980595084087962,20.016339869281044,22.212978369384363,24.491525423728817,-2.066666666666663,-46.8093718418163,19.559544801881042,324.16985004719453,5.2429564129936095,3.2453931453158047
JUTESPINN,Jute Spinners Limited,224.3,2.4200913242009183,-2.009611183923108,-6.502709462275947,-1.88101487314085,6.86040971891377,14.907786885245914,-6.541666666666662,31.94117647058824,239.84848484848487,237.2932330827068,3.319483745349122,4.963727772623696
KARNAPHULI,Karnaphuli Insurance PLC,56.9,2.707581227436823,4.021937842778786,17.31958762886598,72.42424242424242,81.78913738019169,99.64912280701755,80.63492063492063,40.84158415841584,509.05097401069463,108.44576895974056,8.373546284758266,5.328501150804654
KAY&QUE,Kay and Que (Bangladesh) Ltd.,426.0,0.18814675446848808,1.2116892373485444,-3.1598090475107927,-9.745762711864407,-2.1814006888633752,12.877583465818766,41.554858396260805,82.70117459095935,1790.0121510611484,2044.7529188753049,2.2732658411755886,2.136227915591522
KBPPWBIL,Khan Brothers PP Woven Bag Industries Ltd,41.8,1.951219512195115,5.28967254408059,5.822784810126575,-13.457556935817806,-12.000000000000005,-12.916666666666671,-63.493449781659386,161.24999999999997,96.29923080630113,24.87972301345218,3.0896785074269464,2.8248000273696503
KDSALTD,KDS Accessories Ltd.,50.7,0.0,0.0,-5.05617977528089,9.74025974025974,20.71428571428572,23.357664233576646,26.750000000000007,0.06578972384868775,10.046727442335625,-2.836076222543188,1.7509733703495642,2.2623590203056247
KEYACOSMET,Keya Cosmetic Ltd.,5.6,1.818181818181812,-1.75438596491229,7.692307692307681,30.232558139534877,3.7037037037036904,24.44444444444444,19.148936170212753,-41.05263157894738,-22.634685510853153,-64.17310924849195,3.3636363636363633,3.8338684606191635
KOHINOOR,Kohinoor Chemical Company (Bangladesh) PLC,552.8,0.7105119329568186,-1.9684341195247426,7.968749999999991,10.119521912350589,9.422011084718916,10.582116423284655,16.49042133944826,88.57693825194261,285.2409638561773,1096.7236856628008,2.03739004190063,2.8816558230384395
KPCL,Khulna Power Company Ltd.,11.6,1.7543859649122744,5.4545454545454515,10.476190476190473,6.422018348623847,3.5714285714285747,10.476190476190473,11.538461538461531,-70.85427135678391,-79.5184590884175,-73.15030056176185,6.014598913275535,3.254422639555407
KPPL,Khulna Printing & Packaging Ltd,15.2,0.6622516556291367,-0.6535947712418393,0.0,-0.6535947712418393,-7.8787878787878824,-5.000000000000004,-11.111111111111123,-10.059171597633133,67.03296703296704,-55.88390505858913,3.5533563082488775,3.1436845671076874
KTL,Kattali Textile Ltd.,11.5,-0.8620689655172384,-3.3613445378151288,8.490566037735851,25.000000000000007,23.655913978494617,-0.8620689655172383,-6.504065040650412,-62.171052631578945,-39.88720038057654,-39.88720038057654,4.262688878130628,4.194851388637949
LANKABAFIN,LankaBangla Finance PLC,17.4,-1.1363636363636525,-2.7932960893854752,4.191616766467062,28.888888888888882,24.285714285714278,41.46341463414632,2.958579881656805,-53.475935828877006,-3.5865031778642122,-39.23168564515781,4.4372113239842905,4.021892424413094
LEGACYFOOT,Legacy Footwear Ltd.,75.6,0.6657789613848203,-0.7874015748031608,3.8461538461538423,7.692307692307679,45.10556621880996,39.48339483394832,22.1324717285945,3.988995873452533,209.49514436854813,382.76778772856693,4.120689024271167,3.5300853557608134
LHB,LafargeHolcim Bangladesh PLC,57.5,0.0,-2.0442930153322023,-0.17361111111111358,16.869918699186986,8.49056603773585,22.080679405520165,3.6036036036036037,-13.922155688622752,-26.28205128205128,691.1485159280467,2.397846036098275,2.316376998796299
LIBRAINFU,Libra Infusions Ltd.,630.0,0.5586592178770949,-0.990099009900983,-1.30032899890333,0.6389776357827476,-9.221902017291066,-0.9433962264150944,-18.181818181818183,34.15672845982046,48.390473549633185,434.90565982226764,1.9804294315841349,1.852823105177862
LINDEBD,Linde Bangladesh Limited,721.0,-0.0415915707749833,-0.26283026698021544,-3.648269410664166,9.908536585365853,-12.223033844655465,-5.006587615283268,-24.34417628541448,-47.7536231884058,-48.64672364672364,39.86420950533463,0.7826630113189371,1.1188747338492089
LOVELLO,Taufika Foods and Lovello Ice-cream PLC,69.0,-0.8620689655172332,-1.4285714285714286,-9.921671018276756,-13.425345043914682,-1.4285714285714286,1.1730205278592334,-16.14583312369792,133.02631610732976,431.30000069600294,431.30000069600294,2.838161101547922,2.8700789945639773
LRBDL,Lub-rref (Bangladesh) Ltd,15.8,0.0,-3.067484662576687,1.9354838709677464,58.000000000000014,66.31578947368422,59.59595959595959,13.669064748201441,-68.8976377952756,-60.98765432098765,-60.98765432098765,3.2947153784334224,3.947377328731768
LRGLOBMF1,LR Global Bangladesh Mutual Fund One Units,4.8,2.1276595744680775,-7.692307692307699,23.076923076923073,45.45454545454546,59.99999999999999,71.42857142857143,33.33333333333332,-44.18604651162791,-23.80952380952381,-47.826086956521735,6.339557099435511,6.085766553915936
MAGURAPLEX,Magura Multiplex PLC,92.6,0.10810810810810198,-0.43010752688172654,-5.2200614124872144,11.970979443772661,9.715639810426525,10.369487485101297,0.652173913043472,-45.47001114441513,418.1761634941373,418.1761634941373,2.0632497339384046,2.052583569240753
MAKSONSPIN,Maksons Spinning Mills PLC,6.5,1.5624999999999944,1.5624999999999944,12.068965517241383,16.071428571428577,30.0,38.29787234042553,-4.411764705882351,-69.48356807511738,-6.5068491485738456,-59.740168348430906,4.367959549411159,4.206479249702319
MALEKSPIN,Malek Spinning Mills PLC,48.9,1.4522821576763396,7.947019867549672,11.899313501144153,67.46575342465754,62.99999999999999,69.20415224913495,69.79166666666666,27.012987012987008,187.64705882352942,95.6,4.108938772246496,4.323774000752866
MARICO,Marico Bangladesh Limited.,2729.8,0.08432630614116157,0.0036634062351307397,-0.09881061299175913,-1.4121131135107772,-2.576730906495354,2.8909577475406234,-4.422114071636138,16.221049046321525,117.16785998408912,626.977363515313,0.6150924219082632,0.5728858176568294
MATINSPINN,Matin Spinning PLC,63.0,0.6389776357827454,2.2727272727272703,6.779661016949152,33.474576271186436,34.61538461538462,35.483870967741936,22.807017543859654,2.2727272727272703,61.53846153846154,40.0,2.8372636077623428,3.1149613228186546
MBL1STMF,MBL 1st Mutual Fund 2010- Units,8.5,0.0,6.25,88.88888888888889,123.6842105263158,117.94871794871794,150.0,77.08333333333334,2.409638554216859,39.344262295081975,23.188405797101446,7.650402533006113,5.853514261162836
MEGCONMILK,Meghna Condensed Milk Industries Ltd.,33.5,-0.5934718100890292,-5.633802816901408,-13.436692506459954,-11.37566137566137,24.074074074074073,132.6388888888889,87.15083798882684,94.76744186046513,256.3829787234042,252.6315789473684,5.0489402238628305,5.363443533288751
MEGHNACEM,Meghna Cement Mills PLC,31.9,0.3144654088050247,-1.8461538461538505,-0.31250000000000444,7.77027027027026,-7.536231884057974,8.873720136518763,-24.22802850356295,-55.50814725644071,-51.8443865123558,-56.813191374141674,2.6422686979764483,3.8457347692708876
MEGHNAINS,Meghna Insurance PLC,40.0,0.0,0.5025125628140775,-11.308203991130823,26.182965299684547,36.986301369863014,42.348754448398566,53.2567049808429,263.6363636363636,263.6363636363636,263.6363636363636,5.511532285618569,5.525322474320951
MEGHNALIFE,Meghna Life Insurance PLC,60.3,-0.4950495049505021,-3.054662379421231,-10.66666666666667,11.049723756906078,10.237659963436919,18.700787401574804,6.725663716814155,-5.827778155222383,66.86140642642984,-7.414881646888618,2.8941143730998355,2.6926510841933555
MEGHNAPET,Meghna Pet Industries Ltd.,81.4,-0.6105006105006106,-0.8526187576126537,-2.9797377830750893,58.67446393762185,226.9076305220884,273.3944954128441,216.73151750972764,293.2367149758454,756.842105263158,1171.875,5.768435212441762,6.752738317774394
MERCANBANK,Mercantile Bank PLC,7.3,1.388888888888884,-1.3513513513513584,-5.194805194805199,5.797101449275353,-10.975609756097555,-1.3513513513513584,-19.780219780219777,-52.57324855324646,16.208711112597456,-29.442963378681732,2.212709284627097,2.2013014985912216
MERCINS,Mercantile Islami Insurance PLC,44.5,-0.8908685968819567,-5.1172707889125775,-2.412280701754389,61.231884057971,74.50980392156863,74.50980392156863,78.71485943775102,-17.28624535315985,315.8878504672897,61.29449887463433,4.781555266711413,4.601687817430072
METROSPIN,Metro Spinning Ltd.,10.8,2.857142857142864,16.129032258064516,13.684210526315795,18.681318681318693,28.571428571428573,27.05882352941177,-1.8181818181818117,-50.04405275009994,42.799999812773336,-28.135266149634457,4.643262135440157,3.7397852037486734
MHSML,Mozaffar Hossain Spinning Mills Ltd.,23.1,0.0,-2.5316455696202445,-0.8583690987124433,-7.599999999999994,25.543478260869584,71.11111111111111,50.98039215686275,11.594202898550735,57.437000331977394,-6.644779035331023,3.0763672371972537,2.5875222709827255
MIDASFIN,MIDAS Financing PLC,6.0,3.448275862068969,-4.761904761904759,3.448275862068969,7.1428571428571495,-3.225806451612906,33.333333333333336,-16.666666666666668,-68.78643228115664,-56.493619317228635,-75.61132511222618,6.912681647589867,4.796923739672246
MIDLANDBNK,Midland Bank PLC,18.6,0.0,-0.5347593582887586,5.681818181818182,20.000000000000007,2.1978021978022095,8.771929824561402,-4.123711340206171,112.86666587906001,112.86666587906001,112.86666587906001,4.220563436850845,4.162591329698703
MIRACLEIND,Miracle Industries Limited,31.2,0.32154340836012174,1.6286644951140066,9.859154929577468,6.484641638225251,-3.105590062111812,-1.8867924528301931,10.638297872340425,-32.17391304347826,35.44033839289296,238.52677677796936,3.9884239596837623,3.6046149811957635
MIRAKHTER,Mir Akhter Hossain Ltd,41.0,0.24449877750611593,-5.3117782909930655,-1.4423076923076956,9.042553191489358,42.36111111111111,48.55072463768115,45.907473309608534,-56.28997867803838,-49.382716049382715,-49.382716049382715,2.6947991290688615,3.123954483506962
MITHUNKNIT,Mithun Knitting & Dyeing (CEPZ) Ltd.,15.0,9.489051094890517,4.89510489510489,1.3513513513513464,-4.458598726114645,7.142857142857143,2.739726027397263,-16.666666666666668,-12.790697674418603,-72.00622072836069,-71.26875825255478,7.619631185807659,5.277834758391208
MJLBD,MJL Bangladesh PLC,93.5,0.5376344086021506,-0.9533898305084806,-2.6041666666666665,5.174353205849262,5.056179775280899,3.888888888888889,0.42964554242750347,-1.2671594508975743,-12.265415334377629,64.27430531724373,1.8234953084207541,1.474761522061836
MLDYEING,M.L. Dyeing & Textile Ind. PLC,17.6,1.1494252873563382,1.7341040462427786,40.80000000000001,93.40659340659343,114.63414634146345,109.52380952380953,85.26315789473685,-46.82779456193353,155.02400107671136,155.02400107671136,6.0010013272535785,7.216543396905342
MONNOAGML,Monno Agro & General Machinery Ltd.,351.7,0.1708914839077089,-0.5654509471303365,-2.033426183844014,0.6582713222667463,-9.542181069958854,-4.817320703653589,-4.064375340971095,12.644725334565702,792.2799731476042,2728.162254963935,1.872655711508218,1.9586951166805615
MONNOCERA,Monno Ceramic Industries Limited.,94.0,-0.2123142250530816,-1.5706806282722514,-6.930693069306931,-8.382066276803114,6.9397042093287755,14.914425427872864,12.980769230769228,-29.32330827067669,259.70400597162524,448.8816683155072,1.6826746179637628,2.3722779591669805
MONNOFABR,Monno Fabrics Ltd.,23.9,0.4201680672268818,-3.2388663967611366,4.8245614035087625,3.9130434782608634,4.366812227074236,11.682242990654206,68.30985915492957,1.271186440677954,1.271186440677954,1.271186440677954,3.392131849936713,2.9283493062127026
MONOSPOOL,Monospool Bangladesh PLC,120.3,1.0924369747899136,2.035623409669204,-3.7600000000000025,18.991097922848667,26.1006289308176,27.032734952481515,31.132701028402845,-14.983519892782338,151.53636261878472,151.53636261878472,2.349072456452287,2.1964342962016428
MPETROLEUM,Meghna Petroleum PLC,212.3,-0.5620608899297371,-1.3934045517882023,-1.1178388448998497,6.629834254143656,6.790744466800804,10.171250648676711,0.6161137440758347,8.316326530612251,17.94444444444445,48.74522278119108,0.9741813621581488,0.8805785738369777
MTB,Mutual Trust Bank PLC,13.6,0.740740740740738,1.4925373134328306,-2.1582733812949693,36.478720813369485,22.732662623216836,38.69788708240522,32.24682261085576,8.12689107273937,133.54914631098242,179.99827158714,2.176867712020895,2.2433342101039266
NAHEEACP,Nahee Aluminum Composite Panel PLC,36.5,-1.0840108401083972,0.0,-9.65346534653465,45.41832669322708,105.0561797752809,97.29729729729729,76.32850241545894,-31.77570093457944,-42.08756143816567,-42.08756143816567,2.365397466870732,3.4617410459365137
NATLIFEINS,National Life Insurance PLC,102.7,0.0,-2.1904761904761876,-6.636363636363634,4.582484725050916,-1.9102196752626552,9.488272921108749,-4.553903345724899,-56.648374841705355,-15.112031756953595,-24.396920365926988,2.512201273401789,2.4109824887177003
NAVANACNG,Navana CNG Limited,22.4,0.0,-3.862660944206018,-3.0303030303030423,9.268292682926822,4.1860465116279,5.164319248826281,0.9009009009008977,-38.2599996965479,-47.67796584111013,-62.00615350474991,1.351256147073075,2.074030832392419
NAVANAPHAR,Navana Pharmaceuticals PLC,69.4,0.0,-2.6647966339410822,-5.3206002728512845,12.479740680713132,18.43003412969284,32.442748091603065,25.497287522603997,162.87878787878793,162.87878787878793,162.87878787878793,2.9937561159442874,2.6305406419309207
NBL,National Bank PLC,3.8,2.7027027027026933,0.0,2.702702702702693,-5.000000000000004,-7.317073170731704,18.74999999999999,0.0,-50.124999875312504,-31.936737640749975,-64.38589816000999,4.534534534534525,3.3346555714976738
NCCBANK,National Credit and Commerce Bank PLC,15.5,-1.2738853503184668,0.0,-0.6410256410256387,-3.473009542976508,24.000056940826155,32.13120826068902,34.33339501922832,15.05260229471984,122.71241048153686,40.70493048531462,2.374149972834187,2.1942477675585406
NCCBLMF1,NCCBL Mutual Fund-1 2012- Dividend Units,6.9,0.0,-6.756756756756756,23.214285714285726,56.81818181818181,64.28571428571428,72.50000000000001,30.18867924528303,-19.76744186046511,11.290322580645164,-42.49999999999999,5.161197363207383,7.070028556859168
NEWLINE,New Line Clothings Ltd.,6.8,-1.4492753623188481,-4.225352112676054,30.769230769230763,33.33333333333334,51.11111111111111,70.0,-1.4492753623188481,-76.87074829931973,-72.75137997119862,-72.75137997119862,6.05607330537666,6.29314340230737
NFML,National Feed Mill Ltd,20.1,0.5000000000000071,-3.365384615384612,0.5000000000000071,28.846153846153857,34.00000000000001,42.55319148936172,91.42857142857144,-36.75700935012879,42.092788482621955,-27.940917824983156,3.575453022689205,3.7274169957379426
NHFIL,National Housing Finance PLC,29.6,-0.671140939597313,-1.6611295681063123,-7.210031347962373,29.25764192139739,16.996047430830043,31.55555555555556,23.84937238493725,-42.77680146430484,11.924999795736886,-3.075257694238052,4.412471958356809,2.9867289895444578
NITOLINS,Nitol Insurance PLC,48.1,0.0,28.609625668449205,24.61139896373057,54.16666666666668,61.40939597315436,71.17437722419929,72.40143369175628,-9.326750230696305,191.7513072237276,101.92283729511364,5.391495477363088,5.842739885257742
NORTHERN,Northern Jute Manufacturing Co. Ltd.,115.0,-0.6908462867012065,1.8600531443755484,0.0870322019147035,-5.582922824302133,30.53348467650398,34.81828839390388,0.0,-62.406015037593974,-60.057886961040964,666.6666717777778,3.850313984268165,5.229077541264473
NORTHRNINS,Northern Islami Insurance PLC,43.7,1.864801864801875,8.977556109725688,0.6912442396313463,32.61560726795521,43.8401257751226,65.05395724716726,51.4356439167067,-20.476602928011225,238.74832268419198,42.95023500357859,6.647545409164034,4.851293771446844
NPOLYMER,National Polymer Industries PLC,35.8,0.2801120448179112,-5.540897097625334,3.4682080924855367,23.875432525951556,30.65693430656934,34.58646616541351,17.76315789473684,-44.92307692307693,-18.110995066029403,148.05862168464932,3.0904332324196866,3.5492516962688745
NRBBANK,NRB Bank PLC,6.9,-1.4285714285714235,1.4705882352941255,15.000000000000005,18.96551724137932,-4.166666666666664,13.114754098360669,-23.33333333333333,-23.33333333333333,-23.33333333333333,-23.33333333333333,3.504119717617442,3.615149818777258
NRBCBANK,NRBC Bank PLC,10.0,-1.9607843137254832,16.279069767441865,35.13513513513512,33.333333333333336,63.93442622950821,96.07843137254903,40.84507042253522,-60.30477042990599,-21.363750045560856,-21.363750045560856,7.3067674253294435,4.001421295367746
NTC,National Tea Company Limited,169.5,1.2544802867383478,0.5934718100890207,1.4970059880239521,7.2784810126582276,4.62962962962963,-2.4741081703107084,-3.36374002280502,-66.89453125,-69.56912028725314,-77.98701298701299,4.0184958046601,4.133619428649212
NTLTUBES,National Tubes Limited,70.1,0.7183908045977012,1.4471780028943562,-5.906040268456383,16.252072968490875,17.224080267558527,12.159999999999991,-13.776137761377617,-34.54715219421102,-6.866234489467488,197.48814492873478,2.594612466699828,2.539014294490452
NURANI,Nurani Dyeing & Sweater Ltd.,3.9,8.333333333333329,21.87499999999999,34.48275862068966,44.44444444444443,77.27272727272725,95.0,29.999999999999996,-62.13592233009708,-76.9524040479294,-76.9524040479294,6.649022936848767,5.048714655382225
OAL,Olympic Accessories Ltd,6.9,0.0,-4.166666666666664,4.5454545454545565,23.214285714285726,15.000000000000005,21.05263157894737,-1.4285714285714235,-57.142857142857146,-60.20902122720751,-71.41302398440203,3.382352941176474,3.5442219830436015
OIMEX,Oimex Electrode Ltd.,16.1,-0.6172839506172708,-4.1666666666666625,-5.847953216374268,19.259259259259267,23.846153846153854,5.228758169934645,-29.385964912280695,-42.293906810035836,-67.71122458865078,-67.71122458865078,2.550465838509302,2.7861330514830853
OLYMPIC,Olympic Industries PLC.,151.8,-0.7843137254901886,-1.2361743656473503,-5.889646621202727,6.153846153846162,0.7299270072992852,10.31976744186048,-6.871165644171772,-16.593406593406588,-52.53424645667808,105.44361035407813,1.860056801202232,1.7406213546772438
ONEBANKPLC,One Bank PLC,8.1,0.0,1.2499999999999956,2.531645569620244,20.895522388059693,3.846153846153844,15.71428571428571,1.2499999999999956,-11.752631181369757,-11.752631181369757,-11.752631181369757,2.8925613377090102,2.29778604866509
ORIONINFU,Orion Infusion Ltd.,265.8,0.26405130139569544,-0.5611672278338945,-8.628394637332406,-16.177861873226114,-26.817180616740085,-21.846515730667452,-36.48745519713261,234.33962264150944,269.1666666666667,477.82608695652175,2.8766723886070125,3.0731575936666666
ORIONPHARM,Orion Pharma Ltd.,28.6,-0.3484320557491215,-0.3484320557491215,-4.666666666666662,10.000000000000004,2.142857142857148,5.14705882352942,-6.229508196721307,-59.43262411347518,-22.702702702702698,-58.146341295999996,2.3645179363959303,2.3402838463429076
PADMALIFE,Padma Islami Life Insurance Ltd.,18.0,0.0,1.6949152542372923,-9.54773869346733,8.433734939759027,5.263157894736834,7.784431137724555,-10.0,-47.36842105263158,-6.086956146086947,-63.26299214079476,5.864266501138017,3.869343954004408
PADMAOIL,Padma Oil PLC,199.5,-0.10015022533800132,-0.6968641114982607,0.15060240963855992,14.326647564469914,15.652173913043478,17.699115044247787,-1.090728805156167,-8.904109589041095,6.913183279742768,17.35294105911765,0.6688142571584221,0.9269721278990335
PARAMOUNT,Paramount Insurance PLC.,65.0,0.7751937984496124,0.9316770186335315,1.880877742946713,25.24084778420039,16.279069767441865,49.42528735632184,64.14141414141415,-28.01771871539313,893.5624262571279,393.9314593046907,3.818221784803193,4.694354288983006
PDL,Pacific Denims Ltd.,5.9,1.7241379310344922,0.0,5.35714285714287,18.000000000000007,43.90243902439026,28.260869565217405,-11.940298507462684,-64.7396449760475,-70.05127632653341,-70.05127632653341,4.1046581972171845,4.021419089155116
PENINSULA,The Peninsula Chittagong PLC,24.5,0.0,-3.162055335968382,0.0,23.115577889447245,15.56603773584906,33.87978142076502,128.97196261682245,-2.777777777777775,65.54054054054053,-32.30263140970394,2.5471106649400115,2.457197017073688
PEOPLESINS,Peoples Insurance PLC,67.5,0.8968609865470767,3.527607361963186,8.870967741935484,33.663366336633665,78.10026385224275,85.95041322314052,98.52941176470588,32.61296660117879,372.027972027972,155.6818181818182,4.35530888044109,4.492083871064319
PF1STMF,Phoenix Finance 1st Mutual Fund Units,14.3,2.8776978417266212,0.0,25.438596491228076,101.40845070422537,175.00000000000003,186.00000000000003,169.81132075471697,38.83495145631068,191.83673469387753,81.01265822784809,4.540067300861521,4.2076979071598934
PHARMAID,Pharma Aids Limited.,610.0,-0.1963350785340388,0.4942339373970346,-1.1184957043280885,10.909090909090908,4.810996563573883,23.732251521298174,-4.984423676012461,34.36123348017621,121.81818181818181,335.4032833690221,2.527001569355768,3.0305551485624687
PHENIXINS,Phoenix Insurance PLC,52.9,2.5193798449612346,2.321083172146994,10.20833333333333,29.656862745098046,64.79750778816198,97.38805970149254,112.44979919678715,-10.034013605442176,165.82914572864323,18.080357142857146,4.654693444670117,3.9717566330514
PHOENIXFIN,Phoenix Finance and Investments Ltd.,4.1,0.0,-4.651162790697679,10.810810810810795,17.14285714285713,2.499999999999991,70.83333333333333,17.14285714285713,-86.42384105960265,-69.41175967659636,-84.9727570434382,8.699241924851684,6.8279479669508225
PHPMF1,PHP First Mutual Fund Units 2010-,3.9,0.0,-7.1428571428571495,8.333333333333329,25.80645161290322,49.999999999999986,62.5,14.705882352941178,-45.833333333333336,-5.262500485529695,-30.16492905729111,5.418353576248311,5.945429304557038
PIONEERINS,Pioneer Insurance PLC,70.4,0.7153075822603718,-1.4005602240896358,-3.0303030303030147,15.980230642504122,40.000000350000015,53.67983404725949,77.26618747120752,-34.42580618939545,226.09500105099406,75.69200037159958,2.92773619443538,3.005154018009391
PLFSL,Peoples Leasing and Financial Services Ltd.,1.9,5.555555555555548,-29.629629629629637,46.15384615384614,5.555555555555547,58.333333333333336,258.49056603773585,-5.000000000000004,-36.66666666666667,-72.05882352941177,-93.5294117705154,14.903446226975637,7.622244830946737
POPULAR1MF,Popular Life First Mutual Fund Units 2010-,4.0,2.5641025641025665,-4.761904761904766,14.285714285714286,29.032258064516125,60.0,66.66666666666667,14.285714285714286,-40.298507462686565,-0.6612002925875258,-23.794893154772446,6.109986504723345,6.106208734994676
POPULARLIF,Popular Life Insurance Co. Ltd.,58.3,-1.851851851851854,-4.582651391162037,-11.128048780487802,7.366482504604052,25.107296137339045,37.17647058823529,26.19047619047618,-32.98850574712644,-12.855007473841567,-47.6794868655641,3.2873243855514267,2.9523341208535303
POWERGRID,Power Grid Co. of Bangladesh Ltd.,39.3,-0.7575757575757683,-6.428571428571435,-5.072463768115946,20.18348623853209,17.31343283582089,46.09665427509293,17.66467065868263,-23.68932038834952,-32.47422680412372,-27.624309392265197,3.642699333961912,3.0329125688066276
PRAGATIINS,Pragati Insurance PLC,81.8,0.7389162561576285,0.9876543209876508,-2.3866348448687353,13.296398891966751,6.650632516785069,17.182197064627506,66.50988082039606,16.420143151847572,419.4956594642037,105.66918370220554,5.027240437844228,3.807857203966618
PRAGATILIF,Pragati Life Insurance PLC,167.7,0.9632751354605624,0.9025270758122744,-6.122137495830399,-1.247323440386815,-23.772727348954554,24.810554677120525,34.64963490184671,99.73258332037209,259.5109465448312,153.23052358700937,3.1660975339335256,3.2845112741856908
PREMIERBAN,The Premier Bank PLC,5.9,0.0,3.5087719298245643,18.000000000000007,43.90243902439026,34.090909090909086,47.50000000000001,-18.05555555555555,-50.16607156650463,52.416812427944954,-19.314350085883298,4.094331636300787,5.423608607918162
PREMIERCEM,Premier Cement Mills PLC,48.5,0.4140786749482461,-1.0204081632653061,-8.834586466165419,25.974025974025974,21.859296482412066,23.72448979591836,2.754237288135587,-42.806603773584904,-52.31071779744346,-53.80952380952381,2.819866360988427,2.829404726545863
PREMIERLEA,Premier Leasing & Finance Limited,2.4,4.347826086956526,-22.580645161290327,4.347826086956526,-4.0000000000000036,118.18181818181814,344.4444444444444,-11.111111111111121,-79.66101694915254,-64.42420698329605,-82.29435960465933,11.621578099838976,8.752548958488848
PRIME1ICBA,Prime Bank 1st ICB AMCL Mutual Fund Units,6.9,1.4705882352941255,-4.166666666666664,13.114754098360669,53.33333333333334,53.33333333333334,60.46511627906978,40.816326530612244,-11.538461538461531,32.69230769230769,-4.166666666666664,5.7901668129938555,5.094543556989443
PRIMEBANK,Prime Bank PLC,30.2,-0.3300330033003347,-0.9836065573770515,0.6666666666666643,3.4246575342465753,-4.774774521698725,10.104166941927083,15.729927296624082,44.45666642446098,127.72627324577674,6.292776639252306,0.8998929617736492,1.3698339281489322
PRIMEFIN,Prime Finance and Investment Ltd.,3.2,0.0,-21.95121951219511,-3.0303030303030196,3.225806451612906,45.45454545454545,190.9090909090909,-19.999999999999996,-78.0821917808219,-55.55555555555556,-88.22085884945614,10.12312788018433,7.062281524444995
PRIMEINSUR,Prime Islami Insurance PLC,64.3,-1.5313935681470139,5.23731587561374,26.5748031496063,71.01063829787232,91.94029850746267,115.05016722408027,83.71428571428571,22.709923664122133,387.12121212121207,80.04000042489439,8.33904034982735,5.769625792335684
PRIMELIFE,Prime Life Insurance Company Limited,41.6,-0.952380952380949,-5.4545454545454515,-8.57142857142857,6.66666666666667,13.97260273972603,26.060606060606062,-0.7159904534606137,-33.226324237560185,-27.01754385964912,-54.2399999299872,3.3661636643046187,3.4553342259922544
PRIMETEX,Prime Textile Spining Mills Ltd.,17.1,1.1834319526627388,-2.2857142857142776,1.1834319526627388,-8.064516129032258,19.580419580419584,23.91304347826087,20.422535211267622,-29.04564315352697,-11.85567010309277,-15.346534653465335,3.0262716077466703,3.566285741390822
PROGRESLIF,Progressive Life Insurance Co. Ltd.,40.1,-0.24875621890547614,-3.836930455635495,-8.237986270022885,1.5189873417721556,-10.690423162583514,-12.06140350877193,-13.948497854077253,-61.10572259941804,1.7124710614735075,-46.400556147829406,3.7270314404328455,4.427553526685816
PROVATIINS,Provati Insurance PLC,58.8,-0.33898305084746244,-2.163061564059907,-9.39907550077043,61.98347107438017,83.17757009345793,104.8780487804878,79.26829268292684,-61.289444014123404,662.0861379118459,214.8185000513042,3.2489517356824185,4.240651991648205
PTL,Paramount Textile PLC,66.3,0.7598784194528876,4.905063291139231,1.687116564417169,11.804384485666105,30.511811023622048,27.992277992277995,45.07658643326038,35.533628533998574,533.404237667333,159.49779777898434,2.2968554329665687,2.274582304132748
PUBALIBANK,Pubali Bank PLC,39.5,0.50890585241731,1.2820512820512822,5.614973262032089,16.474386753500223,12.717148480778732,47.006507547490315,59.38600289368558,128.13900467739137,272.2133457505967,126.58203223161644,2.6430267573325485,2.3206948696311467
PURABIGEN,Purabi General Insurance Co. Ltd.,32.4,-0.3076923076923121,0.30959752321981865,-6.086956521739134,5.882352941176461,50.69767441860464,67.01030927835052,82.02247191011234,-12.638743783445141,356.1360536942188,9.447000286564334,4.3711134599854296,3.9172582791206336
QUASEMIND,Quasem Industries Limited.,44.6,0.0,-3.4632034632034663,-10.441767068273084,12.911392405063294,7.469879518072292,17.932692177285958,20.245097912486788,5.815685949593411,15.150708259410589,180.66469966818406,2.182854628339997,3.1112754920752033
QUEENSOUTH,Queen South Textile Mills Ltd.,18.8,-1.0526315789473648,-3.0927835051546286,17.500000000000004,45.73643410852713,63.478260869565226,57.983193277310924,48.03149606299214,-34.87581724544781,-22.578105085482534,-22.578105085482534,5.552872334105624,5.853655093098849
RAHIMAFOOD,Rahima Food Corporation Ltd.,83.1,0.3623188405797067,-2.004716981132079,-4.372842347525904,-24.45454545454546,-38.44444444444445,-48.06250000000001,-49.66686856450636,-74.79526842584168,36.0065466448445,383.1395348837209,2.95853334354543,3.484083961830707
RAHIMTEXT,Rahim Textile Mills Ltd.,221.0,3.561387066541703,4.245283018867925,-3.9130434782608696,12.182741116751268,-3.8712483688560266,3.609939052977022,7.804878048780488,-33.03030303030303,45.99189570515219,447.94740379022886,4.120596556807126,3.7801366588750938
RAKCERAMIC,RAK Ceramics (Baneladesh) Limited,31.2,0.0,-0.31948881789137834,3.65448504983388,31.645569620253166,32.76595744680851,40.54054054054054,43.77880184331797,-29.251700680272112,-30.578633941457852,-22.27529416544775,2.7395978245264674,2.7920334683038077
RANFOUNDRY,Rangpur Foundry Limited,171.3,3.0066145520144314,4.070473876063194,2.5748502994012044,11.960784313725497,12.697368421052639,19.874037788663404,6.3975155279503175,22.357142857142865,56.010928961748654,176.29032258064518,2.855773303047963,2.92587088106198
RDFOOD,Rangpur Dairy and Food Products Limited,27.2,-0.7299270072992675,-2.85714285714286,-11.68831168831169,-2.5089605734767,30.769230769230763,35.99999999999999,18.260869565217387,-36.03652991402181,191.10982935025146,68.11592670076867,2.337212205347651,2.8487729270104953
RECKITTBEN,Reckitt Benckiser (Bangladesh) PLC,3309.0,-0.06945912481503283,0.18165304268846502,-0.3913305237808549,-1.9555555555555555,-5.994318181818182,-3.245614035087719,-2.3029229406554474,-26.871312073194982,110.79118359026629,347.7672530446549,0.6344873034230463,0.6377529266969566
REGENTTEX,Regent Textile Mills Ltd.,7.0,0.0,-5.40540540540541,14.754098360655743,55.55555555555556,75.0,75.0,105.88235294117648,-47.76119402985074,-34.4985290807222,-72.71863729730487,4.676348800389721,5.378620398210706
RELIANCE1,Reliance Insurance Mutual Fund Reliance One Units,11.9,0.0,-4.799999999999997,-1.6528925619834653,13.333333333333336,-9.84848484848484,-24.20382165605095,-24.20382165605095,-9.160305343511444,52.56410256410257,30.769230769230777,3.498789346246969,3.194800906699605
RELIANCINS,Reliance Insurance PLC,111.5,-1.762114537444934,-4.4558697514995735,-10.513643659711072,25.98870056497175,50.67567567567568,70.48929663608561,91.5807560137457,15.544041450777202,249.1917637032501,130.90305231778225,4.257552331249578,4.404933540006573
RENATA,Renata PLC,470.4,0.3841229193341772,-0.6127192055778647,1.7961480199091007,14.341273699562471,2.5506867233485915,19.999999999999996,-4.506699147381251,-60.452800071263205,-28.595918288121055,51.43113061099965,1.6128826083741825,1.321587664379411
RENWICKJA,Renwick Janeswar and Co. (BD) Limited,889.0,1.229788203142787,2.6440364853942935,-0.6703910614525139,73.93856388182351,85.24692644300896,81.87397708674304,33.263378803777535,-6.322444678609062,8.679706601466993,1032.4840764331211,6.513795794380127,7.38750840280216
REPUBLIC,Republic Insurance PLC,44.0,2.8037383177570163,13.40206185567011,4.761904761904762,37.07165109034267,28.65497076023391,60.58394160583943,52.249134948096895,-14.444444014290118,541.4765960821198,114.53508795646303,6.3402799365407665,4.778849504147677
RINGSHINE,Ring Shine Textiles Ltd.,4.8,2.1276595744680775,-2.040816326530623,26.315789473684212,33.33333333333332,59.99999999999999,49.999999999999986,59.99999999999999,-54.285714285714285,-67.68000000323201,-67.68000000323201,6.452358926919528,6.081043623766164
ROBI,Robi Axiata PLc,31.8,-0.6249999999999978,0.31545741324921583,-1.8518518518518454,9.278350515463915,4.9504950495049505,12.367491166077738,16.91176470588236,-25.526932084309138,112.0,112.0,1.5316445030234822,1.6204701645609647
RSRMSTEEL,Ratanpur Steel Re-Rolling Mills Ltd,7.9,0.0,-3.658536585365841,-1.2499999999999956,6.756756756756756,-1.2499999999999956,17.910447761194032,-19.387755102040817,-75.3125,-76.13309848322382,-82.57034270907444,3.2465108730931433,3.144032463628923
RUNNERAUTO,Runner Automobiles PLC,46.7,0.21459227467811462,1.9650655021834187,9.36768149882904,16.16915422885572,43.6923076923077,26.21621621621622,61.59169550173012,-28.04314329738059,-49.60431642349257,-49.60431642349257,4.1375980200747,3.291642544807012
RUPALIBANK,Rupali Bank PLC,17.6,-1.1235955056179736,0.0,-4.864864864864857,6.666666666666675,-11.557788944723605,1.7341040462427786,-21.0762331838565,-42.17914113554612,31.187311658625337,-41.30392740314196,2.9855197572212573,3.0200916460394502
RUPALIINS,Rupali Insurance Company Ltd.,32.0,0.3134796238244559,4.575163398692806,-0.621118012422369,33.333333666666675,41.176470941176476,57.00934618691589,57.74647922872446,-17.848410563112363,208.7000021554013,2.1025261686939962,5.5678791000251175,4.102083743699984
RUPALILIFE,Rupali Life Insurance Co. Ltd.,90.2,0.11098779134296176,-3.735325506937033,-8.519269776876259,6.242638398115427,1.805869074492109,14.758269720101794,2.500000000000003,28.67692266515694,216.87611280141388,-10.38595417279707,2.767389871587385,2.909739320317579
SAFKOSPINN,Safko Spinning Mills Limited,20.8,2.9702970297029774,-0.47846889952152094,-3.255813953488369,1.463414634146345,47.51773049645391,50.724637681159415,45.45454545454545,-27.80756014217064,97.40148730024745,5.336793537612846,7.320144841856343,4.198049840349416
SAIFPOWER,SAIF Powertec Ltd.,10.6,1.9230769230769162,5.9999999999999964,3.9215686274509842,76.66666666666666,85.96491228070174,112.0,55.88235294117647,-60.01423502286567,-24.04382305100545,-22.884891178435826,6.061928789032752,4.5565119863620716
SAIHAMCOT,Saiham Cotton Mills Ltd.,23.1,-0.4310344827586115,4.054054054054064,14.356435643564367,19.072164948453626,15.500000000000005,17.857142857142854,45.28301886792453,9.47867298578199,77.69230769230771,-10.528169089694504,3.6780144637480587,4.077546466976872
SAIHAMTEX,Saiham Textile Mills Ltd.,29.1,0.34482758620690146,12.790697674418606,48.46938775510204,66.28571428571429,27.074235807860273,68.20809248554913,92.71523178807949,18.29268292682927,124.66911820873163,24.163427519828105,5.317157034472411,4.793467567770993
SALAMCRST,S. Alam Cold Rolled Steels Limited,12.5,0.0,-3.8461538461538463,-14.96598639455782,-19.35483870967742,2.459016393442629,-16.107382550335572,-34.554973821989535,-63.556851311953345,-51.73745173745173,-73.73949579831933,2.9735593111836587,3.4273038918288887
SALVO,Salvo Organic Industries PLC,37.2,0.0,-1.0638297872340388,-1.5873015873015723,5.681818181818182,22.77227722772278,22.77227722772278,48.80000000000001,-17.880794701986744,279.75000183545836,117.29364817348032,1.782708687894071,2.3310006517981967
SAMATALETH,Samata Leather Complex (Pvt.) Ltd.,108.6,3.428571428571423,4.222648752399224,5.744888023369027,-5.235602094240838,20.80088987764181,29.28571428571428,8.383233532934122,21.612541993281074,308.75276615812726,638.4799976368639,5.4096885314783005,5.105503830351354
SAMORITA,Samorita Hospital Ltd.,106.2,2.2136669874879664,12.025316455696208,14.193548387096776,47.09141274238227,52.148997134670495,46.07977991746905,54.13642960812771,54.85951272596906,93.12786354577206,170.52988987571356,7.114749332636966,3.717692258120921
SANDHANINS,Shandhani Life Insurance Co.Ltd,28.5,0.35211267605634305,-1.0416666666666692,-3.7162162162162207,23.91304347826087,33.80281690140844,47.66839378238341,29.545454545454547,-28.75,46.1538473530572,-33.06310097691825,3.4163251738718943,2.9937454616589823
SAPORTL,Summit Alliance Port Limited,61.4,1.3201320132013155,3.0201342281879144,19.223300970873783,32.327586206896555,39.863325740318906,45.84323040380047,157.9831932773109,104.66666666666667,60.03223560077086,191.34408279150043,2.838292226844767,3.3510900538133406
SBACBANK,SBAC Bank PLC.,7.2,0.0,0.0,10.769230769230772,28.571428571428584,5.882352941176476,16.129032258064516,-9.999999999999998,-37.49685943421136,-31.246545347790093,-31.246545347790093,5.054367838174258,4.673341950503618
SEAPEARL,Sea Pearl Beach Resort & Spa Ltd.,40.1,0.25000000000000355,0.5012531328320874,-7.175925925925928,14.899713467048718,27.301587301587304,21.51515151515152,-25.602968460111313,-10.089686098654708,67.08333375104168,67.08333375104168,2.84654331156122,3.1750758116967597
SEMLFBSLGF,SEML FBLSL Growth Fund Units,7.4,0.0,-8.641975308641968,5.71428571428572,39.622641509433976,42.307692307692314,51.0204081632653,39.622641509433976,-41.269841269841265,21.311475409836078,21.311475409836078,5.953844255214116,4.764606535531957
SEMLIBBLSF,SEML IBBL Shariah Fund Units,7.8,-1.2658227848101333,-8.23529411764706,-1.2658227848101333,23.80952380952381,27.8688524590164,34.48275862068966,14.705882352941178,-33.89830508474577,-43.065693430656935,-43.065693430656935,3.8899707887049586,2.7211028750502275
SHAHJABANK,Shahjalal Islami Bank PLC,17.6,0.0,0.0,-0.5649717514124174,9.316770186335402,-2.762430939226519,7.317073170731725,-4.347826086956506,-15.683721262399473,147.18231888918493,8.185782376554863,1.3523175968645142,1.460668950386999
SHARPIND,Sharp Industries PLC,44.6,1.1337868480725624,6.443914081145592,52.73972602739727,168.67469879518072,232.8358208955224,245.73643410852716,149.1620111731844,173.61963190184048,173.61963190184048,173.61963190184048,6.271595338714327,6.662368209750433
SHASHADNIM,Shasha Denims PLC,29.7,2.4137931034482736,0.6779661016949129,9.999999999999998,38.13953488372093,64.08839779005523,86.79245283018868,59.67741935483869,3.8461538461538387,4.911097075285822,-11.02227607110134,2.778436612415796,2.7950054535198996
SHEPHERD,Shepherd Industries PLC,17.6,0.0,0.5714285714285795,4.142011834319544,10.000000000000009,38.58267716535435,31.34328358208956,5.38922155688624,0.7821225249836169,-51.49244474100885,-51.49244474100885,3.0389981372304327,3.531728792586816
SHURWID,Shurwid Industries Ltd,6.4,0.0,-3.0303030303030196,8.47457627118644,4.918032786885258,23.07692307692308,39.13043478260871,-8.571428571428566,-71.30044843049328,-27.422680509639704,-78.69473692600876,3.353974654377881,4.1200179836200155
SHYAMPSUG,Shyampur Sugar Mills Ltd.,304.5,2.6289180990899936,-5.199252801992524,-4.84375,106.02165087956696,77.13787085514834,100.32894736842105,150.0,281.57894736842104,1803.125,3706.25,5.153045236550796,6.787069370506558
SICL,"Sikder Insurance Co., Ltd.",37.7,-0.26455026455024955,0.5333333333333409,-9.374999999999996,-3.333333333333326,83.90243902439026,103.78378378378379,80.38277511961725,39.62962962962964,39.62962962962964,39.62962962962964,3.864914140663754,4.087385293956923
SILCOPHL,Silco Pharmaceuticals Ltd.,20.4,-0.4878048780487874,-3.773584905660381,-3.31753554502371,25.15337423312882,44.68085106382978,48.90510948905109,29.113924050632896,-39.104477611940304,-16.26865680702273,-16.26865680702273,3.256703139346407,3.5691756958452934
SILVAPHL,Silva Pharmaceuticals Ltd.,16.4,0.0,-3.5294117647058907,5.128205128205121,43.859649122807,65.65656565656563,70.83333333333333,36.66666666666666,-30.508474576271194,-54.684210413026314,-54.684210413026314,3.259532663492962,3.915535114630998
SIMTEX,Simtex Industries PLC,27.9,0.0,-0.3571428571428622,-2.4475524475524573,16.736401673640167,11.599999999999996,23.999999999999996,60.344827586206904,14.344262295081968,65.06261274830275,3.55983103427403,2.8158935236515235,2.8197581742805378
SINGERBD,Singer Bangladesh Limited,77.9,0.9067357512953403,1.4322916666666778,5.270270270270278,-2.867830423940146,-8.782201405152223,-8.352941176470582,-26.020892687559346,-57.1978021978022,-44.387699123250336,-23.233778125277993,1.5387640361141182,2.4531670870971602
SINOBANGLA,Sinobangla Industries Ltd.,56.8,0.0,-1.7301038062283738,-3.7288135593220386,9.230769230769225,18.33333333333333,24.0174672489083,28.50678733031673,33.71615370420067,132.11105927043184,212.2786513734259,1.9273167496176185,1.964055989597308
SIPLC,Sena Insurance PLC,141.6,-0.631578947368425,8.755760368663598,26.428571428571423,93.97260273972601,137.58389261744966,165.66604127579737,195.0,196.23430962343096,196.23430962343096,196.23430962343096,10.345821761504618,7.2522363774073115
SKTRIMS,SK Trims & Industries Ltd.,14.6,0.0,0.0,6.569343065693433,53.68421052631578,92.10526315789474,78.04878048780489,47.47474747474747,-66.5903890160183,-60.74222230178465,-60.74222230178465,2.9337954985463117,4.145777884612405
SONALIANSH,Sonali Aansh Industries Limited.,230.4,0.3047453199825934,3.225806451612911,1.9469026548672592,28.715083798882688,25.21739130434783,19.75051975051975,14.059405940594061,293.00639658848615,997.1428571428571,1606.6666666666667,3.0433476981399736,2.9585145551595144
SONALILIFE,Sonali Life Insurance PLC,87.3,1.1587485515643106,-5.5194805194805285,6.463414634146338,24.71428571428571,34.3076923076923,43.34975369458128,35.559006211180105,31.475903614457813,693.6363636363636,693.6363636363636,3.2351836248237253,3.1803446434723925
SONALIPAPR,Sonali Paper & Board Mills Ltd.,250.8,0.8038585209003215,3.636363636363641,-3.5013466717968322,11.615487316421907,5.822784810126587,6.046511627906981,35.421166306695476,16.91302334055402,66.17169422801486,66.17169422801486,3.366435260700954,3.289167944643179
SONARBAINS,Sonar Bangla Insurance Ltd.,41.1,0.0,-0.4842615012106435,-12.17948717948717,6.555555808131687,46.28813593290635,70.57312292068147,63.46590949957388,-42.56939134580804,357.6230953767132,97.45263093968533,4.696101836579003,4.726861366625058
SONARGAON,Sonargaon Textiles Limited.,121.6,4.109589041095888,12.696941612604252,28.134878819810314,222.54641909814322,283.596214511041,290.99678456591636,237.77777777777777,376.8627450980392,1207.52688172043,551.4285730571428,7.6892529558093194,7.052693556619858
SOUTHEASTB,Southeast Bank PLC,11.4,-0.8695652173913012,4.587155963302752,10.679611650485434,23.212121060284048,28.399999897279994,34.04395599976575,32.58695638482868,-17.342824536797323,11.194435300625834,-4.201717059515866,5.506474212183514,3.6786664091908152
SPCERAMICS,Shinepukur Ceramics PLC,23.0,0.4366812227074298,0.0,-4.166666666666667,5.990783410138252,53.333333333333336,57.534246575342465,17.346938775510196,-41.02564102564103,164.36781609195404,1.3409958734898153,3.5320607653753986,3.7001807178832955
SPCL,Shahjibazar Power Co Ltd,57.4,0.8787346221441126,-1.5437392795883338,-1.7123287671232876,9.125475285171097,14.799999999999997,20.842105263157894,35.05882352941176,-23.954140005715157,-47.837021715474485,121.05179745602231,2.54969415763322,2.2455260236880146
SQUARETEXT,Square Textiles PLC,51.9,-0.7648183556405327,1.3671874999999916,0.5813953488372038,10.425531914893615,4.848484848484846,7.010309278350513,-2.6266416510318926,8.124999999999998,-12.823095220861903,-31.988312660929367,2.277896681514206,1.9412793167158058
SQURPHARMA,Square Pharmaceuticals PLC,219.5,-0.27260336210813013,-0.45351473922902497,-0.9476534296028856,4.97369679579149,-0.36314117113028205,10.301507537688442,-2.617568766637092,-5.101599654128842,15.224244038655065,109.69573418087842,0.7439915949803397,0.8982683964162601
SSSTEEL,S.S. Steel Ltd,7.1,0.0,-5.333333333333338,-4.054054054054063,47.916666666666664,73.17073170731707,73.17073170731707,26.78571428571429,-68.5737706272967,-80.95268822346122,-80.95268822346122,3.9588922423429507,3.521487958951787
STANCERAM,Standard Ceramic Industries Ltd.,72.0,-0.8264462809917278,-1.6393442622950858,0.0,5.263157894736834,1.1235955056179734,2.7104136947218342,-14.081145584725535,-68.77710320901996,37.93103448275861,193.87755102040816,3.678861424071294,4.385143446713504
STANDARINS,Standard Insurance PLC,53.0,0.0,2.119460500963394,-4.676258992805757,15.468409586056648,26.19047619047619,35.54987212276214,19.369369369369373,-35.28693528693529,492.34579922832546,103.05835498476569,4.170693757605847,4.0889120431724955
STANDBANKL,Standard Islami Bank PLC,5.0,0.0,-1.9607843137254835,8.695652173913052,13.636363636363628,-5.660377358490563,4.1666666666666705,-27.536231884057973,-43.045066473953945,-5.368217263187065,-44.8054064155321,3.780442176870743,3.574350847919528
STYLECRAFT,Stylecraft Limited,59.6,1.0169491525423753,-1.4876033057851217,1.706484641638225,17.786561264822133,31.567328918322307,26.27118644067796,-30.373831775700925,-64.79621972829298,31.98263132222378,142.67774141143693,2.6979816096692315,3.5269767931888514
SUMITPOWER,Summit Power Ltd.,16.7,0.0,-2.906976744186047,-4.571428571428576,21.01449275362318,21.01449275362318,34.6774193548387,12.08053691275167,-63.69565217391305,-47.64890282131662,-63.62602744833332,2.851525863934779,2.878973805437328
SUNLIFEINS,Sunlife Insurance Co. Ltd.,63.5,0.0,-7.837445573294637,-15.333333333333334,-9.285714285714286,18.02973977695168,20.493358633776086,19.360902255639093,94.18960244648316,302.29813525665986,-31.34380048315015,5.212460187665775,4.520292139565341
TAKAFULINS,Takaful Islami Insurance PLC,54.3,-1.8083182640144666,-2.162162162162167,8.599999999999994,55.587392550143264,63.06306306306307,59.70588235294117,59.23753665689148,-4.736842105263163,396.6050673747524,76.84736041591809,2.978051060142529,3.714654669250275
TALLUSPIN,Tallu Spinning Mills Limited,8.2,0.0,-1.2048192771084507,1.2345679012345636,5.128205128205121,5.128205128205121,30.15873015873015,36.66666666666666,-23.364485981308412,-41.843971631205676,-64.34782611795842,2.5308641975308745,2.548446468775703
TAMIJTEX,Tamijuddin Textile Mills PLC,136.3,2.173913043478265,3.7290715372907197,-1.5173410404624237,14.345637583892625,9.04000000000001,8.174603174603183,12.729323195541363,78.48809505960718,933.9999985737933,933.9999985737933,2.4070417681887424,2.518270934662803
TECHNODRUG,Techno Drugs Ltd.,45.7,0.8830022075055314,-3.58649789029535,7.529411764705889,18.39378238341969,49.34640522875817,56.50684931506851,47.41935483870969,73.10606060606062,73.10606060606062,73.10606060606062,3.2108907293568603,4.280390229448351
TILIL,Trust Islami Life Insurance Ltd.,51.2,-0.3891050583657505,-6.2271062271062245,-11.265164644714037,11.304347826086962,7.112970711297083,15.315315315315326,-9.380530973451323,365.4545454545455,365.4545454545455,365.4545454545455,2.8322131983693746,2.8899252039214964
TITASGAS,Titas Gas Transmission and Distribution PLC,19.9,-0.5000000000000071,-3.398058252427198,-7.009345794392524,22.085889570552133,15.028901734104032,27.56410256410256,-8.71559633027524,-51.34474327628362,-58.541666666666664,-68.80877742946709,2.763844474899754,2.8184635237736924
TOSRIFA,Tosrifa Industries PLC,23.4,0.429184549356214,1.7391304347826024,-1.680672268907572,29.999999999999993,34.48275862068966,37.647058823529406,19.999999999999993,16.999999531999997,19.924999827607802,-46.10570511923574,2.2580051082467114,4.096993487937409
TRUSTB1MF,Trust Bank 1st Mutual Fund Units,4.0,0.0,-4.761904761904766,17.647058823529413,29.032258064516125,53.84615384615385,66.66666666666667,11.111111111111109,-45.94594594594595,-4.046154183653042,-38.76400049181693,5.314102564102561,6.2641980187840005
TRUSTBANK,Trust Bank PLC,15.5,-0.6410256410256387,-0.6410256410256387,-1.2738853503184668,2.358490788136351,-13.430850847406917,-6.465517007543095,-16.96428550669643,-29.106099879070598,65.601415617312,63.29739506035831,1.8314442667533637,1.7179723962140565
TUNGHAI,Tung Hai Knitting & Dyeing Ltd,5.5,10.0,61.76470588235294,111.53846153846153,77.41935483870968,175.0,243.75,96.42857142857143,-26.666666666666668,-40.09900995436722,-77.81666671162489,3.981586832024874,5.5330931365732665
UCB,United Commercial Bank PLC,9.5,0.0,-1.041666666666663,5.555555555555555,4.3956043956043995,-4.040404040404044,-9.523809523809524,-7.766990291262142,-30.174999708131494,-16.3338655350825,-25.08498670596815,3.167467398764574,2.9153035894549464
UNILEVERCL,Unilever Consumer Care Limited,2046.7,0.24980407523511639,0.08312958435208047,-1.2210424710424688,-0.6456310679611629,-7.073779795686718,-5.2453703703703685,-15.078212522301973,15.035655320195316,108.38180082723512,512.0971962616823,0.4108242090272796,0.759451396869242
UNIONCAP,Union Capital Limited,4.8,0.0,-7.692307692307699,6.6666666666666625,14.285714285714276,14.285714285714276,71.42857142857143,6.6666666666666625,-49.473684210526315,-45.08301865855354,-74.6238799462358,5.4078014184397185,5.501675511984067
UNIONINS,Union Insurance PLC,54.1,1.310861423220979,-3.0465949820788456,1.3108614232209792,51.11731843575421,46.61246612466125,47.010869565217405,57.26744186046513,391.8181818181818,391.8181818181818,391.8181818181818,5.253711218487136,4.955889751008535
UNIQUEHRL,Unique Hotel & Resorts PLC,44.4,-0.2247191011235987,-2.631578947368427,-6.329113924050633,20.980926430517698,13.846153846153843,15.926892950391649,11.278195488721805,-1.3333333333333366,1.1389521640091116,-64.95659037095503,2.2715040471567653,2.735363538267399
UNITEDFIN,United Finance PLC,18.9,-1.0471204188481824,1.0695187165775364,13.85542168674697,44.27480916030534,49.99999999999999,62.93103448275861,51.19999999999999,-5.025125628140704,17.724576848336145,-18.929027088495545,4.81272069364713,4.45140872971136
UNITEDINS,United Insurance Company Limited,65.9,0.9188361408882214,-3.9358600583090215,41.1134903640257,50.45662100456624,49.0950226244344,57.65550239234452,63.93034825870647,9.650582362728793,224.7490712835669,72.61240647863093,5.969587415124652,5.729089104165342
UPGDCL,United Power Generation & Distribution Co. Ltd.,122.1,-0.16353229762878402,-0.6509357200976496,-6.793893129770996,4.627249357326471,-1.4527845036319704,5.167958656330749,-11.135371179039309,-57.82383419689119,35.52336358439572,118.89788978864827,1.6969275021484416,2.193024709951229
USMANIAGL,Usmania Glass Sheet Factory Limited,67.9,0.7418397626112759,-8.119079837618402,-8.490566037735846,71.8987341772152,105.75757575757576,99.70588235294119,94.00000000000001,-15.01877346683354,-14.336587931572998,40.01745015829141,5.86561595553307,7.544458817870377
UTTARABANK,Uttara Bank PLC,21.3,0.4716981132075539,0.0,-0.4672897196261583,2.7992277992278085,7.3588709677419395,16.26637554585153,25.589622641509433,59.8494461368661,133.04317441328965,64.3600012417591,1.574424953802494,1.1075579015572112
UTTARAFIN,Uttara Finance and Investments Limited,13.4,-0.740740740740738,-3.597122302158273,1.5151515151515234,8.943089430894306,-6.944444444444445,35.35353535353535,-16.770186335403732,-69.12442396313364,-73.99260622216339,-81.05630352120244,3.0034167848386217,2.793863733768367
VAMLRBBF,Vanguard AML Rupali Bank Balanced Fund Units,8.2,0.0,-3.5294117647058907,1.2345679012345636,34.42622950819672,43.859649122807,43.859649122807,34.42622950819672,-12.765957446808523,-25.45454545454546,-25.45454545454546,2.6637308039747127,2.8079975426567563
VFSTDL,VFS Thread Dyeing Ltd.,16.7,1.2121212121212077,-2.33918128654972,0.6024096385542039,7.051282051282049,46.491228070175424,30.46874999999999,125.67567567567565,-40.55932189587504,-29.50364377154775,-29.50364377154775,3.2933166015988102,3.536095718325516
WALTONHIL,Walton Hi-Tech Industries PLC,392.6,-0.43114379913770956,-0.3806140573458513,-4.476885644768851,7.679648930334613,-5.397590361445777,3.3157894736842164,-4.031111207079997,-69.273568156069,14.248677134428577,14.248677134428577,1.3288175373248352,1.5828991530739545
WATACHEM,Wata Chemicals Ltd.,145.9,-0.34153005464480873,4.66284074605452,1.3194444444444484,7.04328686720469,2.7464788732394405,2.7464788732394405,7.675276752767531,-53.23717948717949,55.68597584945555,591.5052086250621,3.5387072409066684,2.6721123580566215
WMSHIPYARD,Western Marine Shipyard Limited,10.1,0.0,-3.809523809523813,0.9999999999999964,16.09195402298851,24.691358024691358,23.170731707317078,16.09195402298851,-38.41463414634146,-27.56828647703674,-70.66515605580777,3.4950495049505004,3.2531791087033923
YPL,Yeakin Polymer Ltd.,23.9,0.4201680672268818,-4.400000000000006,-5.905511811023622,10.648148148148135,37.356321839080465,35.028248587570616,40.58823529411764,45.73170731707317,-4.618956037776174,-4.618956037776174,3.4058544303797493,3.566349519493066
ZAHEENSPIN,Zaheen Spinning PLC,6.0,5.263157894736839,5.263157894736839,9.090909090909092,11.111111111111104,25.000000000000004,50.0,-13.043478260869568,-47.368421052631575,-55.969613332732195,-57.84134531712861,4.6110115937702165,3.209689501323759
ZAHINTEX,Zahintex Industries Ltd.,8.9,-1.1111111111111072,-1.1111111111111072,-5.319148936170213,9.876543209876552,43.54838709677419,53.448275862068975,102.27272727272727,-9.183673469387758,-51.94000026336879,-62.48219379097481,3.778741093025708,3.6649367312415424
ZEALBANGLA,Zeal Bangla Sugar Milla Limited,211.9,1.0491177873152204,-1.8981481481481455,-3.6818181818181794,72.27642276422765,44.24778761061947,48.18181818181819,142.44851258581235,22.062211981566826,821.304347826087,2335.632183908046,6.963645997930699,7.622453228578278
