Symbol,Name,Price,Change %,Perf % 1W,Perf % 1M,Perf % 3M,Perf % 6M,Perf % YTD,Perf % 1Y,Perf % 5Y,Perf % 10Y,Perf % All Time,Volatility 1W,Volatility 1M
1JANATAMF,First Janata Bank Mutual Fund Units,3.6,-2.702702702702705,-2.702702702702705,2.85714285714286,12.499999999999996,5.882352941176476,38.46153846153846,16.129032258064516,-54.43037974683545,-14.334694240142545,-33.78433813862047,4.969969969969965,5.698393143771298
1STPRIMFMF,Prime Finance First Mutual Fund 2009 Units,33.4,0.0,15.570934256055365,57.54716981132076,38.58921161825725,79.56989247311826,66.99999999999999,52.51141552511416,62.92682926829267,251.57894736842104,9.150326797385611,9.710730836255209,6.485992149303306
AAMRANET,aamra networks ltd,19.2,2.6737967914438503,2.6737967914438503,-4.0000000000000036,-7.246376811594203,12.28070175438595,7.865168539325834,-8.133971291866027,-60.027473708580374,-68.1304125720033,-68.1304125720033,3.3681764962801743,4.711193939218914
AAMRATECH,Aamra Technologies Limited,16.2,-1.219512195121947,-5.813953488372094,-7.954545454545467,-2.9940119760479043,17.391304347826075,31.70731707317072,19.999999999999996,-54.691293051964166,-24.872500111282612,-44.906500119080015,2.9471406166004455,5.378469701527668
ABB1STMF,AB Bank 1st Mutual Fund 2011 Units,3.7,0.0,-5.128205128205121,5.71428571428572,12.121212121212132,-5.128205128205121,37.03703703703704,15.625,-41.269841269841265,-17.064151477315306,-44.80830868012468,6.636636636636631,5.945185226697832
ABBANK,AB Bank PLC,4.4,2.32558139534885,-4.347826086956506,-6.382978723404252,-11.999999999999993,-29.032258064516125,7.317073170731725,-15.384615384615381,-69.36691342123815,-68.99206103104325,-80.88092226544605,2.758985200845665,4.363692537100015
ACFL,Aman Cotton Fibrous PLC,22.0,0.4566210045662165,-1.7857142857142796,-6.7796610169491585,-7.949790794979074,22.22222222222222,22.22222222222222,14.583333333333337,-48.71794871794872,-63.333333333333336,-63.333333333333336,4.997974609202201,6.025874185545183
ACI,Advanced Chemical Industries PLC,182.0,-0.546448087431694,-4.109589041095896,-4.26091530773277,-8.404630095621535,-9.856364536899457,-6.666666666666667,0.6637168141592857,-27.181908584031046,-27.589544206106986,192.24833414627827,1.6672192625318498,2.1113469874054056
ACIFORMULA,ACI Formulations PLC,150.8,-1.1795543905635537,-2.7096774193548314,-5.157232704402508,-0.7894736842105189,9.275362318840587,16.89922480620156,7.254623044096741,-4.441761985013156,-4.556961789729204,118.70165800531771,2.744768674837462,3.496538468207726
ACMELAB,ACME Laboratories Ltd.,77.9,-0.12820512820512092,-1.2674271229404308,-2.2584692597239613,-4.8840048840048835,1.963350785340314,9.256661991584865,-0.12820512820512092,-19.69072164948453,-26.44003777148253,-42.29629629629629,1.686735263989609,1.5934390743319722
ACMEPL,ACME Pesticides Ltd,25.0,0.4016064257028169,0.8064516129032229,0.40160642570281696,6.837606837606844,17.924528301886795,57.23270440251572,56.25,127.27272727272727,127.27272727272727,127.27272727272727,3.174689342316689,4.258946962552677
ACTIVEFINE,Active Fine Chemicals Ltd.,5.5,-1.7857142857142794,-1.7857142857142796,-12.698412698412696,-23.611111111111114,-24.657534246575338,1.8518518518518452,-36.04651162790697,-82.08469055374593,-78.8043477617879,-81.34782595590472,3.240259740259746,3.7221166986594465
ADNTEL,ADN Telecom Ltd.,57.4,0.3496503496503422,-0.6920415224913471,-8.452950558213724,-15.835777126099712,-2.3809523809523787,-0.8635578583765112,-22.95302013422819,-22.432432432432435,41.72839506172839,41.72839506172839,2.8685212553496138,3.2586946602375937
ADVENT,Advent Pharma Ltd.,13.5,-1.459854014598535,-4.929577464788728,-6.896551724137931,-15.094339622641511,-8.163265306122444,0.7462686567164153,-13.46153846153846,-47.84090924975723,-63.3442602319625,-63.3442602319625,3.6494269205266647,4.298147560479014
AFCAGRO,AFC Agro Biotech Ltd.,5.8,-1.6949152542372972,-6.451612903225812,-14.705882352941178,-29.268292682926823,-20.547945205479454,15.999999999999996,-26.582278481012665,-84.53333333333333,-82.03183666343728,-74.6873499739963,4.409899436003173,4.511062034761532
AFTABAUTO,Aftab Automobiles Ltd.,26.5,-0.7490636704119823,0.37878787878788417,-7.017543859649122,-15.873015873015873,-9.86394557823129,-22.51461988304094,-29.521276595744684,-18.843749591175385,-42.487696568719265,-61.0449996825557,3.0095210604854685,3.2722374269217043
AGNISYSL,Agni Systems PLC,28.1,-0.35460992907800665,-3.7671232876712257,-3.7671232876712257,-5.38720538720538,32.547169811320764,35.096153846153854,6.43939393939395,16.115702479338854,70.31027612792357,51.61944486250703,3.095095099337236,4.3665560986421035
AGRANINS,Agrani Insurance PLC,29.4,0.0,0.6849315068493127,-0.33898305084746244,10.94339622641509,33.63636363636363,23.529411764705873,12.213740458015266,-35.897554125804476,211.00239520504547,78.19935710254227,2.534816474628983,4.284637182807492
AIBL1STIMF,AIBL 1st ISLAMIC Mutual Fund 2010- Units,6.2,0.0,-3.1250000000000027,14.814814814814811,47.61904761904762,47.61904761904762,82.3529411764706,47.61904761904762,-31.11111111111111,-27.906976744186043,-19.48051948051948,7.336520681032091,7.7432810467925615
AIL,Alif Industries Ltd.,30.6,-1.9230769230769162,-7.272727272727268,-13.06818181818182,-11.304347826086953,-0.649350649350647,-24.815724815724817,-46.875,-45.62197097618443,-72.29523084794641,-72.29523084794641,3.142530135674561,5.499019733877868
AL-HAJTEX,Alhaj Textile Mills Limited,74.2,-1.5915119363395265,-9.401709401709404,-14.712643678160918,-29.33333333333333,-38.11509591326105,-45.918367346938766,-54.534313725490186,4.654442862531113,-6.653875511807125,220.4608246698351,4.374810775408341,6.193135794464954
ALARABANK,Al-Arafah Islami Bank PLC,15.3,-0.649350649350647,-4.374999999999996,-15.46961325966851,2.684563758389264,-6.134969325153374,2.000000000000005,-9.467455621301763,-36.84370235492002,19.741779810165713,-14.494188615133366,3.807004085383519,5.600462688765156
ALIF,Alif Manufacturing Company Ltd.,5.3,1.9230769230769162,0.0,-5.357142857142854,-3.63636363636364,1.9230769230769162,32.49999999999999,-3.63636363636364,-75.11737089201878,-43.592979164136246,-68.61501094142304,2.685050798258347,3.744131254120156
ALLTEX,Alltex Industries Limited,23.3,2.1929824561403506,-1.6877637130801628,-6.799999999999998,33.142857142857146,66.42857142857143,73.88059701492537,67.62589928057554,21.354166666666675,12.019230769230768,204.9135792079488,4.41689970083311,4.077957167715574
AMANFEED,Aman Feed PLC,30.3,-0.6557377049180304,-5.312499999999998,-12.17391304347826,-9.552238805970148,27.84810126582279,31.739130434782613,12.222222222222225,-53.24074074074074,-48.003104141235006,-9.644737969109402,3.314971196133292,4.67013565339634
AMBEEPHA,Ambee Pharmaceuticals PLC,741.8,-0.9745027366172831,-4.283870967741941,-1.5658174097664634,-3.298135836266467,-4.283870967741941,3.0277777777777715,-9.003925417075575,38.68012712656571,48.955823293172685,296.86134799637875,3.5313154284928023,3.632487867917934
AMCLPRAN,Agricultural Marketing Co. Ltd.,217.2,0.7421150278293109,1.733021077283367,-2.557200538358016,-0.9575923392612963,1.495327102803733,7.365299060800779,-6.29853321829164,-23.78947368421053,2.7436140018921393,76.58536585365852,1.3261331116413075,2.103639374763185
ANLIMAYARN,Anlima Yarn Dyeing Ltd.,25.9,1.968503937007874,-4.428044280442815,-15.359477124183016,-21.51515151515152,27.58620689655171,24.519230769230756,16.666666666666664,-41.66666666666667,-15.635179153094464,29.499999999999993,5.362814258166532,8.988228399595576
ANWARGALV,Anwar Galvanizing Ltd.,114.8,-2.2146507666098882,-0.7778738115816817,5.806451612903223,-2.5466893039049237,20.20942408376963,32.56351039260971,56.61664392905867,-52.49655210416552,226.49685149999362,1320.6499913517932,3.5821286885020016,3.786053781569005
AOL,Associated Oxygen Ltd,17.2,1.775147928994087,7.499999999999996,0.5847953216374144,-10.416666666666668,2.3809523809523725,13.157894736842106,6.8322981366459485,-68.75382006122332,32.50879928148427,32.50879928148427,3.921811280172325,4.298157248563421
APEXFOODS,Apex Foods Limited,263.1,0.9980806142034636,-1.7183414269704766,-4.118075801749255,-5.223342939481268,16.21024734982333,7.038242473555741,1.2702078521939997,62.30721776681064,54.76470588235295,267.4581005586593,3.423187580574794,4.230507696484829
APEXFOOT,Apex Footwear Ltd.,199.9,-1.8654884634265994,-8.049678012879484,-5.707547169811319,-3.3832769453842433,7.415368081676524,11.489124372559953,3.5966003316749573,11.855479202375012,7.252090317553972,50.005500890819164,2.835590427101204,2.3090682171236625
APEXSPINN,Apex Spinning and Knitting Mills Ltd.,374.8,-1.212440695835521,14.722987450260183,11.381872213967313,-0.10660980810233936,74.4067007910656,108.22222222222223,102.92365998917165,167.71428571428572,183.93939393939394,435.42857142857144,6.296165474438032,6.789440331063521
APEXTANRY,Apex Tannery Limited.,89.7,-0.9933774834436992,-5.876180482686248,-12.402343750000002,-12.912621359223298,26.338028169014088,50.50335570469799,15.29562982005142,-31.838905775075983,-38.85480572597136,22.708618331053366,4.120048309178747,5.354347623419309
APOLOISPAT,Appollo Ispat Complex Ltd.,2.7,-3.5714285714285587,-6.896551724137922,-12.90322580645161,-18.181818181818173,-32.49999999999999,58.823529411764724,3.8461538461538494,-77.50000000000001,-79.35576699672944,-88.9152612022199,5.105820105820103,5.0498960991571895
ARAMIT,Aramit Limited,174.0,-0.17211703958692562,-0.5714285714285714,-17.92452830188679,-17.22169362511893,0.2881844380403458,-4.237754540451287,-19.10739191073919,-57.03703703703704,-57.51953125000001,-17.92452830188679,4.626771596867528,5.8894546590420855
ARAMITCEM,Aramit Cement Limited,11.3,4.62962962962963,-1.7391304347826024,-8.870967741935482,-8.870967741935482,-5.042016806722686,28.409090909090907,-1.7391304347826024,-79.67625899280576,-67.15116279069768,-68.73283652356214,4.231207267089978,6.961285057974802
ARGONDENIM,Argon Denims Ltd.,21.5,1.4150943396226447,2.8708133971291936,-0.921658986175112,9.137055837563455,22.857142857142858,22.1590909090909,4.878048780487805,-13.40505741369551,20.33330310075694,-44.23939841927533,2.538306808431384,4.373291368276472
ASIAINS,Asia Insurance PLC,42.2,-1.17096018735363,0.2375296912114048,-2.314814814814815,-2.5404157043879776,0.2375296912114048,53.45454545454546,51.79856115107914,-51.213872832369944,193.05555555555557,27.69452479559377,2.591320125864833,4.197686301450315
ASIAPACINS,Asia Pacific General Insurance PLC,48.7,0.41237113402062436,-1.4170040485829873,1.2474012474012504,7.032967032967039,25.51546391752579,54.11392405063292,41.56976744186048,-29.00874635568512,208.22784810126583,43.65781710914456,2.8161013798434764,4.162383959302081
ASIATICLAB,Asiatic Laboratories Ltd,105.4,-0.8466603951081764,-3.391384051329046,-5.470852017937214,-14.448051948051946,31.257783312577846,118.67219917012447,91.63636363636365,83.94415357766145,83.94415357766145,83.94415357766145,4.675916586843263,5.865479023229551
ATLASBANG,Atlas Bangladesh Limited,79.8,0.5037783375314754,-3.037667071688943,-6.117647058823532,13.191489361702125,-1.481481481481485,40.74074074074073,39.99999999999999,-34.59016393442623,-17.37090460132374,-29.05566797453479,3.15803705020382,4.003186134417127
AZIZPIPES,Aziz Pipes Limited.,76.8,3.3647375504710633,3.5040431266846284,-2.4142312579415575,-4.0000000000000036,44.63276836158191,64.1025641025641,54.52716297786719,-49.306930693069305,61.64654667675499,393.9200036074682,8.612065807770666,6.159170551523264
BANGAS,Bangas Limited,116.2,-1.6088060965283586,-3.1666666666666643,-8.287292817679559,-16.402877697841724,-6.965572457966375,-10.88957055214724,0.9556907037358893,-18.741258741258736,-22.049166707785734,-17.124692122269796,2.939229811899824,3.4750375886287546
BANKASIA,Bank Asia PLC,16.3,-1.2121212121212077,-4.117647058823525,-4.678362573099419,-11.89189189189189,-19.244292568578185,-3.883152595469,-1.7472226299712406,-4.637010280830007,39.87884854361258,40.221947858434284,1.8207197800693744,1.5274801724568379
BARKAPOWER,Baraka Power Ltd.,10.0,2.0408163265306047,2.0408163265306047,-9.909909909909908,20.481927710843365,25.0,47.05882352941177,14.942528735632191,-67.21311475409836,-55.40747408281279,-55.92912269955976,3.6819701326328693,4.2988692523630405
BATASHOE,Bata Shoe Co. (Bangladesh) Ltd.,886.2,-0.01128286133362395,0.5902383654937623,-1.093749999999995,3.0345308685036647,4.3816254416961185,10.210172864071636,0.7045454545454597,-1.7516629711751612,-25.560688786224272,72.07766990291263,1.2123968763848758,1.9989900466044437
BATBC,British American Tobacco Bangladesh Co Ltd,225.0,0.04446420631391477,-1.4022787028921948,-5.223251895534964,1.994560290117863,1.8099547511312217,-9.274193548387096,-19.642857142857142,-65.53308823529412,-19.642855535714254,141.6467828730115,1.560792184817359,2.027978275034664
BAYLEASING,Bay Leasing and Investment Ltd.,4.4,0.0,-4.347826086956506,-10.204081632653061,-4.347826086956506,-13.725490196078418,33.33333333333335,10.000000000000009,-87.02247187766854,-75.0136934471742,-83.23133068023486,5.116279069767443,4.9050204266514275
BBS,Bangladesh Building Systems PLC,11.6,0.8695652173913012,-6.451612903225812,-12.12121212121212,-27.044025157232706,-3.333333333333336,26.086956521739136,1.7543859649122744,-45.02369668246446,-54.50832149940523,-46.50178585939798,3.906155944006251,4.552944042669057
BBSCABLES,BBS Cables PLC,16.9,1.1976047904191574,-0.5882352941176554,-8.648648648648656,-28.99159663865547,-14.646464646464658,11.184210526315786,-8.648648648648656,-76.14308566702955,-41.537662427227026,-41.537662427227026,4.3810118229913595,4.766208298410656
BDAUTOCA,Bangladesh Autocars Limited,181.1,-0.4398020890599293,-0.3850385038503944,-12.512077294685993,-15.255030416471689,-4.432717678100267,42.598425196850386,41.48437499999999,8.965102286401928,427.63781946679245,738.8547030121427,3.3793383254280753,5.23151628682299
BDCOM,BDCOM Online Ltd.,28.4,-0.3508771929824611,-0.3508771929824611,-4.054054054054063,-14.199395770392757,2.8985507246376705,9.230769230769225,5.371024978862259,13.445652742374413,57.51211915022001,136.16763795306179,2.9548977377788317,3.8562414206008206
BDFINANCE,Bangladesh Finance PLC,11.3,-1.7391304347826024,-5.042016806722686,-11.71875,-13.076923076923073,-16.911764705882344,-13.076923076923073,-12.403100775193796,-82.74063407082205,19.00902048038556,-30.448537945052045,2.627189898297242,3.495504876315163
BDLAMPS,Bangladesh Lamps PLC,224.0,-0.26714158504006874,1.9108280254777017,6.615897191813424,24.375347029428102,56.20641562064155,66.54275092936803,48.14814814814816,2.514969978806598,29.556756653111343,99.73333317354667,2.2904212495181744,3.3750784781564125
BDTHAI,Bangladesh Thai Aluminium Ltd.,14.6,0.0,-1.3513513513513584,-7.594936708860766,-29.468599033816425,10.606060606060609,30.357142857142865,16.799999999999997,-47.482014388489205,-25.552006819721733,-8.358888048465266,4.887273602726031,5.436425830193344
BDTHAIFOOD,BD Thai Food & Beverage Ltd.,20.0,5.820105820105828,-3.8461538461538494,-15.61181434599156,-21.875000000000004,5.820105820105828,38.888888888888886,33.333333333333336,65.2892561983471,65.2892561983471,65.2892561983471,6.356484487639161,5.798707363026079
BDWELDING,Bangladesh Welding Electrodes Ltd.,11.6,-0.8547008547008517,-7.200000000000002,-13.432835820895527,-22.66666666666667,-36.95652173913043,-35.91160220994476,14.851485148514852,-45.794392523364486,12.653846186342458,-47.20257497411294,3.4186142824238512,4.5453876053608635
BEACHHATCH,Beach Hatchery Ltd,27.1,0.0,-3.214285714285709,-11.147540983606554,-20.29411764705882,-15.04702194357366,-42.09401709401709,-49.440298507462686,7.96812749003984,148.6238532110092,20.063291412802435,2.861105437313615,4.081050049851878
BEACONPHAR,Beacon Pharmaceuticals PLC,100.1,-0.4970178926441352,-1.3793103448275918,-5.566037735849062,-9.329710144927546,-4.666666666666672,-4.393505253104115,-19.2741935483871,-53.44186046511628,441.08108108108104,549.9999999999999,2.3916981098714474,2.7288819607135992
BENGALWTL,Bengal Windsor Thermoplastics PLC,21.6,0.9345794392523498,0.0,-11.111111111111109,-13.944223107569721,11.340206185567025,24.137931034482776,11.917098445595858,-22.857142857142854,-48.122270796727754,-56.367278884897885,4.181788654549746,4.6069404605757605
BERGERPBL,Berger Paints Bangladesh Ltd.,1466.7,0.6105089861435101,-0.15656909462218888,-1.708886208283072,2.4231843575419028,4.428622285510861,6.205648081100654,3.2015198423867153,-19.11432195444769,30.26333318531018,458.74285714285713,2.002970374335283,1.335121930783472
BESTHLDNG,Best Holdings PLC,14.8,-0.671140939597313,-1.9867549668874103,1.3698630136986374,-5.128205128205121,10.447761194029853,9.629629629629633,-15.909090909090912,-49.65986394557822,-49.65986394557822,-49.65986394557822,2.871442171833558,3.7254741738496655
BEXIMCO,Bangladesh Export Import Company Ltd.,20.3,-0.49019607843136215,-9.374999999999991,-13.983050847457628,-32.33333333333333,-81.56221616712081,-81.56221616712081,-81.56221616712081,-84.38461534617751,0.8574578621677149,-48.88409701891149,4.001939623609468,4.630652041896406
BGIC,Bangladesh General Insurance Company PLC,41.7,-1.1848341232227488,-0.47732696897373683,6.6496163682864475,4.511278195488733,24.10714285714286,34.951456310679625,25.602409638554214,-32.958199356913184,163.9240506329114,33.226837060702884,2.7031022641289786,5.142883172250685
BIFC,Bangladesh Industrial Finance Company Ltd.,3.3,-2.941176470588238,-13.157894736842106,-21.428571428571434,-21.428571428571434,-40.00000000000001,94.11764705882354,0.0,-57.142857142857146,-59.75609756097561,-83.800965109046,7.017231134878193,6.565028325417177
BNICL,Bangladesh National Insurance Company Ltd,172.1,1.533923303834805,11.032258064516126,61.748120300751864,43.178036605657226,164.76923076923077,282.44444444444446,310.7398568019093,9.617834394904456,1086.896551724138,365.13513513513516,5.2218369920472005,7.293803850004771
BPML,Bashundhara Paper Mill Ltd.,26.1,-1.8796992481203008,3.57142857142858,-5.776173285198548,-7.44680851063829,-9.688581314878883,0.7722007722007832,-24.127906976744182,-49.516441005802704,-83.16129032258064,-83.16129032258064,4.879998318744796,4.074829291334662
BPPL,Baraka Patenga Power Ltd.,18.7,0.5376344086021391,-3.1088082901554475,-5.5555555555555625,-6.500000000000003,22.222222222222214,25.503355704697977,37.5,-62.6,-41.37931034482759,-41.37931034482759,2.6594754218309564,3.4660483966394464
BRACBANK,BRAC Bank PLC,64.6,0.0,1.2539184952978013,2.05371248025276,-2.7108433734939927,3.6122980677748924,17.54749639378609,6.432690137136488,141.45695088280536,279.87885015439946,881.2986562925595,1.1268406124743116,1.2919439122315697
BSC,Bangladesh Shipping Corporation,110.8,0.3623188405797024,-0.8057296329453945,-2.721685689201061,0.0,1.0027347310847714,-1.3357079252003563,-2.1201413427561886,118.54043392504929,140.96310756719848,121.8654468759636,1.769103469496288,2.4618523354972286
BSCPLC,Bangladesh Submarine Cables PLC,146.9,-0.40677966101694535,-1.2768817204301113,-4.548408057179987,-3.735255570117948,5.304659498207889,14.497272018706152,5.8357348703169984,-33.858622242233224,17.614091273018413,235.6180031985378,1.6858646395971315,2.1590519044228835
BSRMLTD,Bangladesh Steel Re-Rolling Mills Ltd.,94.7,-0.3157894736842075,-1.8652849740932613,-6.144697720515364,-1.8652849740932613,13.959085439229856,24.115334207077332,8.850574712643681,-16.563876651982376,-35.697530993993254,110.07616603332204,1.5976884639131046,2.5929808233618497
BSRMSTEEL,BSRM Steels Limited,83.5,-0.8313539192399083,-3.468208092485549,-8.140814081408147,5.69620253164557,21.19013062409288,31.496062992125985,25.56390977443609,14.383561643835616,-8.60696526052078,48.373077152598654,2.408210289669845,2.7250460816658983
BXPHARMA,Beximco Pharmaceuticals Plc,147.2,-0.6076975016880525,0.5464480874316823,1.3774104683195594,3.6619718309859075,28.222996515679434,42.912621359223294,23.697478991596633,-37.36170212765958,93.9161674835274,234.9283315213968,1.4646708239948727,2.103648353219905
CAPITECGBF,CAPITEC GRAMEEN BDT10 (MUTUAL FUND) Units,9.0,-1.098901098901095,-3.2258064516129106,2.2727272727272645,20.0,30.434782608695645,32.352941176470594,23.28767123287672,-37.5,-37.5,-37.5,4.715220105303155,5.3018195555905505
CAPMIBBLMF,CAPM IBBL Islamic Mutual Fund Units,16.4,2.499999999999991,17.14285714285713,23.308270676691713,56.19047619047618,97.5903614457831,118.66666666666666,84.26966292134829,-18.000000000000007,63.999999999999986,63.999999999999986,5.854876237239274,5.858620931564634
CENTRALINS,Central Insurance PLC,44.1,-0.4514672686230152,0.0,0.2272727272727305,2.7972027972028037,7.560975609756101,8.35380835380835,8.888888888888891,-26.254180602006684,241.61286861098483,67.50181062715436,2.0095946755706047,3.3215378257294366
CENTRALPHL,Central Pharmaceuticals Ltd.,9.0,0.0,-9.090909090909093,-11.764705882352935,-16.66666666666667,-5.2631578947368425,2.2727272727272645,-11.764705882352935,-52.87958115183246,-30.699999962577998,-73.70065006540307,3.5155302015538035,4.633724087428368
CITYBANK,City Bank PLC,29.9,-0.3333333333333381,-0.3333333333333381,-1.967213114754103,-6.269592476489028,9.506369090211312,40.92213071149094,37.53999958737998,66.64766957546848,140.5286995863882,194.5211479846488,1.1470776316072608,1.3300505633318054
CITYGENINS,City Insurance PLC,130.5,-1.2859304084720036,2.0328381548084398,2.0328381548084398,22.076707202993447,31.95146612740141,50.51903114186851,92.4778761061947,173.01255230125523,1105.3816772729938,444.34486959953364,1.3477721647941399,1.130153447210428
CLICL,Chartered Life Insurance PLC,47.7,1.2738853503184744,11.448598130841136,6.950672645739913,-11.338289962825268,-25.468749999999996,-14.516129032258055,-15.575221238938049,333.6363636363637,333.6363636363637,333.6363636363637,6.368584808426899,4.749675199721174
CNATEX,C & A Textiles Ltd,3.0,0.0,0.0,-9.090909090909086,-6.250000000000005,-25.0,25.000000000000004,0.0,-58.9041095890411,-60.240963879372906,-82.4834122848176,6.692621431219874,6.729655181585903
CONFIDCEM,Confidence Cement PLC,59.4,0.3378378378378306,-5.5643879173290935,-7.042253521126761,-11.738484398216938,-4.347826086956526,20.242914979757085,0.0,-58.15431289012727,29.694083408272885,10.769849448533481,4.194074599143734,3.6297347371416477
CONTININS,Continental Insurance PLC,34.3,-0.29069767441860883,0.8823529411764622,-2.8328611898017,3.9393939393939306,36.1111111111111,41.73553719008264,27.037037037037027,-34.27919691598997,181.03405275278732,49.38716402839873,3.0749501491409683,4.262225171044148
COPPERTECH,Coppertech Industries Ltd,22.0,0.0,-5.172413793103446,-10.204081632653061,-19.413919413919416,3.286384976525818,16.40211640211641,1.3824884792626762,-46.65127006801198,-15.107499358127805,-15.107499358127805,2.8939601033371063,4.401029713498863
CROWNCEMNT,Crown Cement PLC,59.2,0.680272108843547,-2.950819672131143,-8.641975308641968,-8.500772797527048,17.92828685258964,26.495726495726508,10.861423220973792,-29.35560859188544,-22.513089005235603,-26.732673267326728,3.4527699725377854,5.038602888553303
CRYSTALINS,Crystal Insurance Company Ltd,72.1,-3.0913978494623806,3.2951289398280763,10.076335877862586,-4.881266490765175,-14.166666666666671,25.39130434782608,33.76623376623376,26.693290599226017,428.73333280459997,428.73333280459997,4.683913630560302,5.189235858470959
CVOPRL,CVO Petrochemical Refinery PLC,158.0,-1.25,1.7385705086928451,-5.9523809523809526,-8.352668213457079,0.8296107211231726,7.11864406779661,-8.13953488906166,-22.062780343151072,-26.50248786917829,31.901785171074124,2.3368590731131955,3.4333503638593554
DACCADYE,Dacca Dyeing and Manufacturing Company Limited,14.5,-2.0270270270270316,-7.643312101910824,-8.805031446540882,-14.705882352941176,-17.142857142857142,-25.257731958762882,-30.952380952380953,-48.214285714285715,54.25531914893616,-48.38187707610938,4.575505521707349,4.712655888410138
DAFODILCOM,Daffodil Computers PLC.,155.1,-3.544776119402995,-6.17059891107079,-5.542021924482335,2.106649111257399,95.58638083228247,329.6398891966759,165.12820512820514,124.78260869565217,501.1627906976743,887.8980891719746,3.314347899558901,3.216541756869561
DBH,DBH Finance PLC,39.7,0.2525252525252561,-3.170731707317066,-6.367924528301876,-3.4063260340632566,7.297297297297305,13.428571428571436,4.473684210526323,-52.249850017049525,-42.85221040448383,15.763595789023567,1.9111250424678574,2.6694785622649313
DBH1STMF,DBH First Mutual Fund Units,5.7,-1.7241379310344769,-1.7241379310344767,9.615384615384615,21.27659574468085,11.764705882352953,-12.307692307692305,-10.937500000000002,-28.749999999999996,-20.833333333333332,-22.972972972972975,6.0619943541442165,6.016646288733327
DELTALIFE,Delta Life Insurance Company Ltd.,71.5,0.0,-1.6506189821182982,-6.290956749672342,-11.290322580645155,-1.6506189821182982,5.457227138643073,-8.801020408163271,-59.21277809469481,-27.040816326530614,-97.87611986407167,2.9334018235578325,3.1089751584701824
DELTASPINN,Delta Spinners Limited,7.2,1.4084507042253596,2.85714285714286,-2.702702702702705,5.882352941176476,20.000000000000004,44.00000000000001,30.909090909090914,-40.0,7.55555533114953,-54.04460306619169,2.5759192838188536,4.444806165825819
DESCO,Dhaka Electric Supply Co. Ltd.,22.7,0.8888888888888857,1.3392857142857175,-4.621848739495804,-9.200000000000003,-2.575107296137345,10.731707317073168,-1.7316017316017407,-43.81188118811881,-57.570093457943926,-65.85243544471705,2.3988480135989008,3.422699324925034
DESHBANDHU,Deshbandhu Polymer Limited,16.8,0.0,-2.890173410404624,-11.57894736842105,-21.12676056338028,-7.6923076923076845,-1.17647058823529,-17.241379310344826,-31.14754098360655,60.69565209007184,-22.412136227516868,3.430285076161799,4.488967485370511
DGIC,Desh General Insurance Company Ltd,41.8,1.951219512195115,17.08683473389354,30.624999999999993,46.66666666666666,96.24413145539904,112.18274111675127,86.60714285714285,-10.874200426439236,178.66666666666663,178.66666666666663,5.426741692810545,5.250617567738537
DHAKABANK,Dhaka Bank PLC,11.3,0.0,-2.586206896551715,-6.611570247933875,-9.599999999999994,-10.31746031746031,0.0,1.8018018018018114,-10.771993166278056,5.3763351216629935,-11.766287222478057,1.953223767383059,1.8307500030513377
DHAKAINS,Dhaka Insurance Limited,45.8,-0.8658008658008781,2.690582959641246,1.7777777777777715,10.096153846153834,15.94936708860759,27.222222222222214,23.78378378378378,-43.8036809815951,166.27906976744185,-3.9098039984407884,3.118253659581534,4.035669381930075
DOMINAGE,Dominage Steel Building Systems Ltd,63.2,0.9584664536741236,4.462809917355377,0.317460317460322,-20.901126408010015,44.95412844036698,118.68512110726645,241.6216216216216,82.80991778595724,377.7919991877536,377.7919991877536,4.1619098307757945,4.525375270276532
DOREENPWR,Doreen Power Generations & Systems Ltd.,30.8,-0.6451612903225784,1.6501650165016502,-3.144654088050314,-0.32362459546924877,14.074074074074076,9.219858156028373,4.406779661016951,-54.27749083032036,-0.950599351975336,-22.521357712222247,3.280240286085105,3.9308528929060547
DSHGARME,Desh Garments Limited.,147.3,-1.7999999999999925,-1.3395847287340923,-17.24719101123595,-4.101562499999989,31.989247311827974,26.54639175257732,11.590909090909099,-35.70238101667857,44.1975766508469,1343.8566105235523,3.5374340415556342,5.783927776774139
DSSL,Dragon Sweater & Spinning Ltd.,11.0,0.9174311926605472,-3.5087719298245643,-5.172413793103446,1.8518518518518452,14.583333333333337,29.41176470588235,7.8431372549019684,-44.87499973458565,105.54346386957741,21.12747879814892,3.437085687714897,4.902166510545854
DULAMIACOT,Dulamia Cotton Spinning Mills Limited,221.4,5.882352941176476,16.587677725118482,16.833773087071243,8.000000000000002,84.5,64.0,48.59060402684565,262.95081967213116,2975.0,2306.521739130435,5.671940554174315,6.21466957170528
DUTCHBANGL,Dutch-Bangla Bank PLC,45.4,-0.4385964912280764,-1.3043478260869596,-2.575107296137345,2.714932126696823,13.500000283750001,23.497409635168392,17.41379339698277,-11.580185472152936,111.38823113353274,98.63204473375653,2.3098806243496175,2.679057312027191
EASTERNINS,Eastern Insurance PLC,63.5,0.6339144215530881,4.098360655737705,0.6339144215530881,4.26929392446634,15.87591240875913,26.74650698602794,27.0,-61.01903007980356,174.89177489177487,73.97260273972603,3.4239716451064797,4.3522616895877535
EASTLAND,Eastland Insurance PLC,27.9,0.0,-3.125000000000007,-2.7874564459930338,6.08365019011406,32.857142857142854,49.19786096256684,35.43689320388348,-37.16216216216216,82.45749957951067,-21.46711342106149,2.089707295535412,3.302682287661025
EASTRNLUB,Eastern Lubricants Blenders PLC,1940.6,-0.36453252554295507,-3.797342851477302,1.8687664041994703,2.9496021220159103,20.235439900867405,16.833232992173386,20.30998079919309,58.13909669361003,234.0006783636391,1514.336612030722,2.42153938821597,2.6208774480105497
EBL,Eastern Bank PLC,22.7,-0.4385964912280764,-1.7316017316017407,-5.809128630705403,-8.467741935483877,-12.757463002658602,-4.17622987892475,-5.340081310059546,-12.417873883452998,60.501284172188775,71.7262152156447,1.4939330705618674,2.172644282406698
EBL1STMF,EBL First Mutual Fund Units,4.7,0.0,0.0,11.904761904761905,17.500000000000004,17.500000000000004,51.61290322580645,14.63414634146343,-41.25,1.519999553312005,-31.451024655863183,6.280790826753874,6.5769630462684825
EBLNRBMF,EBL NRB Mutual Fund,3.6,0.0,-2.702702702702705,2.85714285714286,16.129032258064516,5.882352941176476,56.5217391304348,12.499999999999996,-46.26865671641791,-22.960000061632005,-47.59996012822744,5.701213818860878,5.6310786941039055
ECABLES,Eastern Cables Ltd.,115.9,-1.9458544839255476,-4.2148760330578465,-13.956941351150693,-8.740157480314958,-8.668242710795901,3.389830508474587,-9.875583203732495,-21.794871794871785,-15.77237254062527,179.36055720185578,3.710395511075288,4.904867201778338
EGEN,eGeneration PLC,22.5,0.0,-2.1739130434782608,-10.0,-16.044776119402986,2.739726027397267,13.636363636363633,-15.730337078651683,-65.11627906976744,50.0,50.0,2.468953535198025,4.0230435370239555
EHL,Eastern Housing Ltd.,84.0,0.3584229390680969,-1.8691588785046664,-6.873614190687364,-6.354515050167226,8.387096774193548,14.754098360655734,-0.47393364928910625,29.629629629629633,140.32697604327748,114.87239084398323,2.5909532150828003,3.431906748113642
EIL,Express Insurance Ltd.,32.7,2.507836990595625,1.2383900928792746,2.187500000000009,6.168831168831176,16.785714285714295,15.957446808510651,5.483870967741945,-14.397905759162303,118.00000000000001,118.00000000000001,2.64796339096078,3.611799803556675
EMERALDOIL,Emerald Oil Industries Ltd.,28.3,0.35460992907801925,-3.41296928327645,-5.666666666666665,26.905829596412556,71.51515151515152,96.52777777777777,66.47058823529412,-26.683937823834196,-23.887530640506682,-34.14807705857992,4.96292688312303,5.255865412177267
ENVOYTEX,Envoy Textiles Ltd.,71.9,1.9858156028368874,-1.1004126547455255,21.247892074199004,31.926605504587165,43.512974051896215,48.24742268041238,25.26132404181186,59.423503325942356,110.94427302976233,60.463967631724444,4.405790197518363,5.7325765493115055
EPGL,Energypac Power Generation PLC,16.7,0.6024096385542039,-1.7647058823529453,-8.241758241758243,-14.79591836734695,-4.571428571428576,7.051282051282049,-13.47150259067358,-68.49056603773585,-64.08602150537635,-64.08602150537635,2.8689228959631823,3.612039752768575
ESQUIRENIT,Esquire Knit Composite PLC,23.2,0.4329004329004236,-3.333333333333336,-14.074074074074076,-6.0728744939271255,12.621359223300958,12.621359223300958,-14.074074074074076,-43.82566585956416,-50.95137420718817,-50.95137420718817,5.06348568867435,4.846551892479134
ETL,Evince Textiles Ltd.,15.4,-0.6451612903225784,6.20689655172414,21.259842519685048,13.235294117647063,54.0,54.0,49.51456310679611,1.986754966887422,28.299672738110157,17.984121160682744,4.218983419138983,5.257182094209447
EXIM1STMF,EXIM Bank 1st Mutual Fund 2013- Units,6.5,0.0,-13.333333333333334,6.557377049180334,85.71428571428571,71.05263157894737,132.14285714285714,71.05263157894737,-8.450704225352109,1.2142858502020386,-16.624254707740263,5.791064346101662,7.048663078216877
FAMILYTEX,Familytex (BD) Ltd.,2.3,0.0,-4.1666666666666705,-8.000000000000007,-8.000000000000007,-34.28571428571429,76.9230769230769,27.777777777777764,-58.92857142857143,-67.92123468110466,-92.97651973839928,5.296442687747037,6.695199738776816
FARCHEM,FAR Chemical & Textile Ind. PLC,15.6,1.298701298701294,-3.7037037037037015,-9.302325581395348,-16.129032258064523,-6.024096385542179,7.586206896551722,-25.358851674641144,-2.500000000000002,-1.904251891912016,-30.787999916945598,4.564430271361558,6.1692782038932785
FAREASTLIF,Fareast Islami Life Insurance Company Limited,17.5,-0.5681818181818262,0.5747126436781691,-14.2156862745098,-26.778242677824263,-20.454545454545453,-15.865384615384617,-34.701492537313435,-75.31734837799719,-66.12903212258064,-77.74566467299275,5.315837772985196,6.138988690473824
FBFIF,First Bangladesh Fixed Income Fund Units,3.5,0.0,-2.7777777777777803,-2.7777777777777803,12.90322580645161,0.0,34.615384615384606,12.90322580645161,-39.6551724137931,-36.623077057241,-53.336565802747046,4.605042016806727,5.335613033092032
FEDERALINS,Federal Insurance PLC,27.9,-0.711743772242003,-1.4134275618374634,-4.45205479452055,3.717472118959108,37.438423645320185,45.31249999999999,24.55357142857143,-29.007633587786255,194.8923886780995,44.53535649870771,2.4601817926406717,3.776023596810474
FEKDIL,Far East Knitting & Dyeing Industries PLC.,22.3,-0.8888888888888857,-2.6200873362445325,-4.291845493562231,23.888888888888893,54.86111111111111,57.042253521126774,10.945273631840793,15.544041450777202,30.840991208166,-6.264172066418864,3.7789113230680593,5.799426976086614
FINEFOODS,Fine Foods Limited,450.3,0.9188704616763835,3.0434782608695676,-4.171100234092353,-11.63657770800628,-6.576763485477176,18.437664387164656,42.90701364646143,735.4359925788498,5532.930528680003,2821.485992368695,3.2392876109572453,3.309501425110183
FIRSTFIN,First Finance Ltd.,4.4,0.0,-4.347826086956506,-8.333333333333321,10.000000000000009,-16.981132075471688,76.00000000000001,83.33333333333336,-46.98795180722892,-31.704347923482487,-87.08088770512603,4.619450317124731,7.7251852658435425
FORTUNE,Fortune Shoes Ltd.,15.2,2.0134228187919394,-3.7974683544303884,-7.317073170731704,-13.142857142857146,3.4013605442176873,9.352517985611502,-3.7974683544303884,-77.6261681134754,-42.08211732293655,-42.08211732293655,4.379775577515149,4.90779663229425
FUWANGCER,Fu-Wang Ceramic Industry Ltd.,12.4,-2.3622047244094406,-4.615384615384612,-13.88888888888889,-22.0125786163522,-3.875968992248062,7.826086956521742,-7.462686567164179,-47.234042553191486,3.152499694733076,-18.588161784325635,3.4729274981291125,4.470363109259901
FUWANGFOOD,Fu-Wang Foods Limited,9.6,-1.0309278350515427,-2.040816326530623,-3.0303030303030374,-21.311475409836063,-9.433962264150944,-14.285714285714285,-33.793103448275865,-53.39805825242719,-8.074820385667962,-42.3755297456567,2.9407894736842106,4.06939535742086
GBBPOWER,GBB POWER Ltd.,13.0,-0.7633587786259515,-3.7037037037037037,-7.142857142857143,56.62650602409637,46.06741573033707,103.125,88.40579710144927,-73.19587628865979,-8.999999772499997,-50.79153606562116,4.137620176143168,6.028104830034674
GEMINISEA,Gemini Sea Food PLC,106.9,0.2814258911819994,-1.1100832562442078,-8.240343347639481,-10.618729096989957,-12.377049180327866,-21.799561082662752,-37.84883720930232,21.03579276136031,-8.920935767357198,503.33725760290724,4.765943684356151,4.745354684237949
GENEXIL,Genex Infosys PLC,34.0,-0.29325513196481356,-2.857142857142857,-6.8493150684931505,-3.4090909090909167,28.30188679245283,26.394052044609673,4.294478527607358,-70.1677420440348,1.6147163610998385,1.6147163610998385,3.323380642191537,4.013398908801727
GENNEXT,Generation Next Fashions Ltd.,2.9,3.5714285714285747,0.0,-6.451612903225812,-6.451612903225812,-21.621621621621628,7.407407407407397,0.0,-60.81081081081081,-50.577464914725056,-86.98274201157395,5.689655172413798,6.02088597261806
GHAIL,Golden Harvest Agro Industries Ltd.,12.4,-1.5873015873015817,-3.875968992248062,-9.489051094890502,-21.518987341772153,-2.3622047244094406,15.88785046728973,0.0,-40.38461538461538,-15.431738220806158,-66.38693492602604,3.978109756097558,4.579072243581223
GHCL,Global Heavy Chemicals Ltd.,19.6,-1.0101010101010066,-1.507537688442197,-12.107623318385647,-3.4482758620689618,1.0309278350515612,-1.507537688442197,-15.15151515151515,-55.45454545454545,-52.88461538461538,-76.24242424242425,3.754463246447245,5.720100134061674
GLDNJMF,ICB AMCL CMSF GOLDEN JUBILEE MUTUAL FUND,9.1,-1.0869565217391266,-1.0869565217391266,7.058823529411761,37.87878787878788,44.44444444444444,49.18032786885246,31.88405797101448,-17.272727272727277,-17.272727272727277,-17.272727272727277,5.940196918920322,6.20830795629415
GLOBALINS,Global Insurance PLC,45.9,-0.4338394793926309,-1.0775862068965518,-0.8639308855291546,19.84334203655353,61.61971830985916,79.99999999999999,63.92857142857142,-18.03571428571429,373.78697487227106,93.78554546726208,2.907567345518393,3.9245565435396377
GOLDENSON,Golden Son Limited,12.0,0.0,-4.761904761904759,-17.24137931034483,-27.71084337349398,-4.761904761904759,18.811881188118814,-1.6393442622950762,-34.06593406593406,-46.90265486725664,-69.69696969696969,3.2826963043281805,4.484980990216362
GP,Grameenphone Ltd.,241.8,-0.2475247524752452,0.12422360248447675,-1.346389228886162,-7.178502879078691,-0.9016393442622904,-6.999999999999996,-19.18449197860962,-36.46873357856017,-9.944134078212286,40.90909090909092,0.7698591358737688,1.0872344722930003
GPHISPAT,GPH Ispat Limited,15.9,-0.6249999999999978,-3.636363636363634,-9.14285714285714,-10.169491525423723,-4.79041916167664,-1.242236024844727,-21.674876847290644,-70.93527224568459,-27.180322340983764,-15.093735258700464,4.801842242303902,4.527679904503658
GQBALLPEN,G.Q. Ball Pen Industries Limited,585.2,0.03418803418804196,-2.951907131011601,5.765407554671985,-5.961754780652404,4.500000000000008,30.712530712530725,-1.927266633148986,365.9235668789809,774.7384155455904,331.39743460324365,4.3549885410621965,4.843144827644807
GRAMEENS2,Grameen Mutual Fund One - Grameen Two Units,12.4,-1.5873015873015817,0.8130081300812979,-6.766917293233084,-3.1250000000000027,-0.7999999999999972,13.761467889908257,-0.7999999999999972,-27.05882352941176,22.819047815558093,-32.28127861537514,4.155650859215965,3.433684907336074
GREENDELMF,Green Delta Mutual Fund 2010 Units,4.9,-1.9999999999999927,-1.999999999999993,11.363636363636363,32.432432432432435,28.947368421052648,63.33333333333334,36.11111111111112,-38.74999999999999,-26.86567164179104,-31.94444444444444,6.459463785514208,7.161072878588751
GREENDELT,Green Delta Insurance PLC,67.6,2.2692889561270806,2.579666160849755,0.44576523031203147,0.895522388059693,28.517110266159683,26.119402985074615,31.26213592233009,-38.0952380952381,64.25410951450796,29.673082662590076,2.7753859992396324,4.3323966180382305
GSPFINANCE,GSP Finance Company PLC,3.6,2.85714285714286,2.85714285714286,-9.999999999999998,2.85714285714286,-30.769230769230766,125.0,33.33333333333333,-85.39622644430189,-71.36291245060526,-75.25061401834468,5.816059757236232,6.199213919802156
HAKKANIPUL,Hakkani Pulp & Paper Mills PLC,68.5,-0.5805515239477586,-4.195804195804196,-10.923276983094935,-14.800995024875627,-19.883040935672515,1.1816838995568644,-0.7246376811594203,-14.906832298136646,35.37549407114624,268.2795698924731,3.494261922810835,4.073182890866334
HAMI,Hami Industries PLC,148.2,2.4187975120939877,-5.4846938775510345,-5.544933078393892,-9.079754601227,-10.290556900726394,37.732342007434944,19.516129032258057,-15.265866209262446,-15.265866209262446,-15.265866209262446,4.992658794908817,5.263066748367
HEIDELBCEM,Heidelberg Materials Bangladesh PLC,207.0,-0.43290043290043556,-1.4285714285714286,-2.9535864978903006,-13.714047519799918,-13.061738765224694,-5.436272270443126,-15.163934426229508,-41.90289082234073,-61.673764117755965,-21.59090909090909,2.796279119946552,3.141377310069808
HFL,Hamid Fabrics PLC,11.1,-6.7226890756302575,-11.904761904761905,-21.830985915492956,-30.188679245283023,-12.598425196850393,70.76923076923076,60.86956521739129,-48.372093023255815,-36.57142857142857,-80.60732108465993,7.05272867554968,6.7330743799487065
HRTEX,H.R. Textile Mills Ltd.,16.7,1.8292682926829311,-1.1834319526627177,-13.917525773195875,-22.685185185185194,-18.53658536585366,-8.743169398907112,-29.535864978902953,-77.20843674860153,-21.15879835093665,-40.83282199133098,4.658525624459413,5.19110689469883
HWAWELLTEX,Hwa Well Textiles (BD)PLC,46.2,1.3157894736842135,0.21691973969631545,0.4347826086956584,0.8733624454148596,10.5263157894737,3.587443946188344,-3.950103950103947,-3.144654088050314,37.0919881305638,15.500000000000005,2.242584915601713,3.7705873001938954
IBNSINA,BN SINA Pharmaceutical Industry PLC,317.8,0.031476235442248264,0.0,0.8568708346556612,-0.3761755485893381,-0.5943071629652729,0.8888888888888925,2.516129032258068,17.26937269372694,65.07150457967732,430.54432359305287,0.9340911016373566,1.4856637544982145
IBP,Indo-Bangla Pharmaceuticals Ltd.,14.6,1.388888888888884,-6.410256410256411,-14.619883040935681,-17.977528089887645,5.035971223021577,30.357142857142865,10.606060606060609,-33.460177225217514,-44.269172284880284,-44.269172284880284,7.570761726244234,6.252998232830709
ICB,Investment Corporation of Bangladesh,38.3,-1.288659793814433,-4.488778054862854,-9.026128266033265,-17.278617710583156,1.3227513227513228,4.931506849315061,-24.007936507936513,-71.13419122014075,-50.009989968363726,-64.98364874450391,2.930147846500528,3.9249568452287837
ICB3RDNRB,ICB AMCL Third NRB Mutual Fund 2010 Units,6.3,-3.0769230769230793,-1.5625000000000082,14.545454545454543,28.57142857142856,36.956521739130444,53.658536585365866,39.99999999999999,-10.000000000000002,39.99999999999999,-11.267605633802816,7.7024547629055835,5.68485089193727
ICBAGRANI1,ICB AMCL First Agrani Bank Mutual Fund Units,8.3,-3.4883720930232434,-1.1904761904761862,6.410256410256421,20.289855072463773,23.88059701492538,29.687500000000004,18.57142857142858,-10.75268817204301,-3.4883720930232434,-3.4883720930232434,6.316096318045284,5.400788823854234
ICBAMCL2ND,ICB AMCL Second Mutual Fund Units,10.0,-1.9607843137254832,9.890109890109894,40.84507042253522,53.84615384615385,66.66666666666667,78.57142857142858,66.66666666666667,-25.925925925925927,100.0,31.57894736842106,7.716473967364,6.809053253163928
ICBEPMF1S1,ICB Employees Provident Mutual Fund One Scheme One Units,6.6,-1.4925373134328437,-2.941176470588238,11.864406779661005,4.761904761904759,22.222222222222207,94.11764705882354,43.47826086956522,-15.384615384615387,8.196721311475411,-20.481927710843387,6.5096145684380975,7.390611706668388
ICBIBANK,ICB Islamic Bank Limited,2.5,0.0,0.0,-3.8461538461538494,-10.714285714285708,-24.24242424242424,4.1666666666666705,8.695652173913052,-64.28571428571429,-35.8974358974359,-66.66666666666667,5.73333333333334,5.941436341436347
ICBSONALI1,ICB AMCL Sonali Bank Ltd 1st Mutual Fund 2013- Units,7.9,2.5974025974025996,-3.658536585365841,36.20689655172415,51.92307692307692,61.224489795918366,88.09523809523809,54.901960784313744,-8.139534883720922,29.508196721311485,-34.166666666666664,5.668528673192232,7.032413174108539
ICICL,Islami Commercial Insurance PLC.,41.3,3.5087719298245577,12.841530054644796,16.011235955056165,41.92439862542953,86.87782805429862,84.375,90.32258064516128,182.8767123287671,182.8767123287671,182.8767123287671,4.25076260752055,4.0355821600217645
IDLC,IDLC Finance PLC.,42.3,-0.704225352112686,-1.6279069767441927,-4.514672686230249,2.1739130434782576,11.037500277593736,24.064246120216463,9.666666926617273,-31.800086536532376,6.212609418620069,-10.533655135527146,2.1088227190229727,2.728537042051283
IFADAUTOS,IFAD Autos PLC,22.4,-0.44444444444445075,-4.273504273504273,-5.88235294117648,-14.503816793893133,3.2258064516129,3.2258064516129,-6.666666666666672,-58.56174084053608,-53.982483702774374,27.422502505739335,2.5417099418568245,3.462392445054746
IFIC,IFIC Bank PLC,4.8,2.1276595744680775,-5.8823529411764675,2.1276595744680775,-4.0000000000000036,-14.285714285714285,2.1276595744680775,-7.692307692307699,-66.51666663471799,-33.58025261870855,-54.822631136852145,3.3599290780141877,4.927658012571831
IFIC1STMF,IFIC Bank 1st Mutual Fund Units,4.0,-2.439024390243894,-2.439024390243894,0.0,11.111111111111109,-14.893617021276599,60.0,24.999999999999993,-36.507936507936506,-3.749999864648439,-38.02439025641093,4.4274099883856035,5.832487379525713
IFILISLMF1,IFIL Islamic Mutual Fund - 1 Units,6.0,-3.2258064516129057,0.0,13.207547169811324,36.36363636363635,39.53488372093024,76.47058823529412,39.53488372093024,-11.76470588235294,-7.6923076923076925,-4.761904761904759,5.252071214524941,4.464817497234725
INDEXAGRO,Index Agro Industries Ltd,71.3,-0.6963788300835655,5.007363770250355,1.857142857142853,-1.1095700416088727,8.194233687405145,6.576980568011945,-1.4934208063651293,-39.77071586162473,-0.17999975045000965,-0.17999975045000965,5.526466368826423,4.24107775919974
INTECH,Intech Ltd.,24.2,1.2552301255230156,0.8333333333333304,-2.4193548387096833,-27.97619047619048,-40.54054054054055,-23.659305993690854,-30.857142857142858,-39.3483709273183,134.5095237961233,98.62956630576998,5.251736170797949,5.278042498495375
INTRACO,Intraco Refueling Station PLC,21.9,3.3018867924528266,-3.097345132743375,-3.5242290748898712,5.797101449275359,16.489361702127646,6.82926829268292,-14.117647058823534,-5.012048623077953,-52.89989656855999,-52.89989656855999,3.488762763541824,2.8842236301560327
IPDC,IPDC Finance PLC,35.6,0.28169014084507443,6.268656716417914,13.01587301587302,7.8787878787878824,95.70680671819579,95.70680671819579,74.67289763294394,-5.34244959709853,130.88685849392405,581.0517407805887,3.9074676686306855,4.2858948245540995
ISLAMIBANK,Islami Bank Bangladesh PLC,26.7,0.0,-1.8382352941176472,-4.301075268817202,-17.592592592592588,-33.416458852867834,-19.090909090909093,-35.03649635036497,-11.295681063122931,-14.423076923076923,-31.697674486906976,1.730773733621485,2.5198546221305738
ISLAMICFIN,Islamic Finance & Investment PLC,10.6,-0.9345794392523332,-3.63636363636364,-5.357142857142854,0.952380952380949,-6.194690265486735,11.57894736842105,47.222222222222214,-68.7315634218289,-22.6699999904213,-41.87595989761683,3.574325515782058,3.2992555128181706
ISLAMIINS,Islami Insurance Bangladesh Limited,66.9,0.149700598802408,5.687203791469208,8.603896103896112,11.314475873544101,73.76623376623378,78.4,64.37346437346439,-6.433566433566425,450.9029182720896,255.22365081233497,2.5731047760674963,3.9352164505379315
ISNLTD,Information Services Network Ltd.,52.7,-0.18939393939392865,2.5291828793774402,-8.665511265164644,-12.603648424543938,-33.54350567465321,-32.78061224489796,-51.65137614678899,16.33554083885211,338.46400070154243,248.77818320061166,8.08144575394439,7.536192876529408
ITC,IT Consultants PLC,44.1,-0.6756756756756693,-1.999999999999997,-5.364806866952789,-7.547169811320757,15.74803149606299,14.545454545454549,-0.2262443438914059,4.255319148936181,41.88886990548797,50.109898877840315,2.753208633599905,2.887366607264303
JAMUNABANK,Jamuna Bank PLC,22.9,0.0,-1.7167381974249019,-4.979253112033207,-5.371900826446283,-0.4347826086956584,8.530805687203777,8.0188679245283,17.667014580967077,153.81968815167787,95.69140558135318,0.9595661833528235,1.776077735952796
JAMUNAOIL,JAMUNA OIL PLC,177.5,0.05636978579481078,-1.3888888888888888,0.22586109542631602,-2.203856749311295,3.3178114086146615,4.90543735224587,-5.080213903743315,-4.054054054054054,-7.840083073727931,10.56058878815704,1.1975469770032803,1.0607569265170829
JANATAINS,Janata Insurance PLC,33.0,0.6097560975609843,-0.9009009009008925,-1.492537313432836,-4.3478260869565215,15.789473684210526,35.80246913580246,29.921259842519692,-33.266666396025926,262.749347745894,-82.350849063107,2.8859068359442457,4.316720156111659
JHRML,JMI Hospital Requisite Manufacturing Ltd,43.3,0.9324009324009291,0.2314814814814683,-11.27049180327869,-16.890595009596936,-0.6880733944954226,2.6066350710900337,-21.6998191681736,96.8181818181818,96.8181818181818,96.8181818181818,3.107535911165559,3.68413489584852
JMISMDL,JMI Syringes & Medical Devices Ltd.,128.4,-0.6960556844547607,-1.7597551644988394,-5.099778270509981,-13.125845737483088,5.332239540607055,8.813559322033901,-8.936170212765955,-56.39850201218397,9.826414742895105,270.75159119169354,2.062938093134279,3.9458451059520603
JUTESPINN,Jute Spinners Limited,208.4,2.2069641981363413,-1.3724562233790845,-3.114830311483026,-0.6199332379589809,-4.927007299270065,6.762295081967223,-5.401724920562871,21.87134502923977,279.5992714025501,213.38345864661653,3.1307419431860612,3.0103005018610296
KARNAPHULI,Karnaphuli Insurance PLC,55.0,-0.9009009009009009,-1.0791366906474846,-3.508771929824561,43.979057591623025,79.73856209150327,92.98245614035088,80.32786885245902,17.521367521367527,427.2826113377966,101.48536542681425,2.5058689181888583,4.517250184815739
KAY&QUE,Kay and Que (Bangladesh) Ltd.,414.4,0.0,6.229172007177635,2.87984111221449,-6.876404494382028,-10.10845986984816,9.803921568627452,14.690338989764182,52.77324902390288,1601.633954379288,1986.351196201705,3.3418743411501337,4.097533898542956
KBPPWBIL,Khan Brothers PP Woven Bag Industries Ltd,35.7,-3.513513513513506,-5.555555555555541,0.0,-12.713936430317839,-29.585798816568047,-25.624999999999996,-76.55942219304005,127.38853503184717,85.48808507283728,6.655648602398169,6.0696712400209485,6.265875276491386
KDSALTD,KDS Accessories Ltd.,44.3,-0.6726457399103235,-1.336302895322943,-5.944798301486209,-16.885553470919326,11.306532663316585,7.7858880778588695,-5.341880341880342,-40.44174120433508,-27.64319143608439,-15.101344707271473,2.5991777041203674,3.355133196272467
KEYACOSMET,Keya Cosmetic Ltd.,5.3,-1.8518518518518614,-1.8518518518518616,-1.8518518518518616,3.9215686274509842,0.0,17.777777777777775,10.416666666666668,-41.111111111111114,-30.040000039177606,-66.09240696732275,3.760146212976397,5.128214696835353
KOHINOOR,Kohinoor Chemical Company (Bangladesh) PLC,520.5,0.0,-0.8571428571428571,-2.3818454613653497,1.3434579439252292,0.4826254826254826,4.120824164832971,1.2287834906286996,65.93992640406006,317.4542085008781,1026.7993458529086,1.0247809731826494,1.7917006999855145
KPCL,Khulna Power Company Ltd.,10.5,0.0,-0.943396226415091,-10.25641025641025,-2.7777777777777843,-3.669724770642205,0.0,-3.669724770642205,-77.94117647058823,-82.03732505592106,-75.69639274987064,2.864572534383856,3.9606030315014666
KPPL,Khulna Printing & Packaging Ltd,13.5,-3.571428571428571,2.2727272727272783,-2.8776978417266212,-17.682926829268286,-20.118343195266267,-15.625,-17.17791411042945,-14.012738853503182,42.10526315789474,-60.817941992825865,4.8010334223247515,5.060873403735369
KTL,Kattali Textile Ltd.,12.7,0.0,-1.5503875968992331,-0.7812500000000111,20.952380952380945,33.68421052631578,9.482758620689653,-3.0534351145038197,-57.525083612040135,-33.61456042028888,-33.61456042028888,3.317301587301584,4.666528696224617
LANKABAFIN,LankaBangla Finance PLC,14.5,0.694444444444442,-1.3605442176870701,-7.643312101910824,-10.493827160493824,-2.684563758389264,17.88617886178861,-14.705882352941176,-66.89497716894977,-28.887560567371956,-49.3597380376315,2.3448800713798335,3.1193785340686495
LEGACYFOOT,Legacy Footwear Ltd.,68.2,0.14684287812042368,-3.2624113475177263,-1.3024602026049081,-2.9871977240398215,10.714285714285715,25.830258302583026,11.074918566775253,-7.5880758807588,172.15457301983497,335.5127397233898,2.4887798453894647,3.3355269558777265
LHB,LafargeHolcim Bangladesh PLC,52.0,0.580270793036745,-3.16573556797021,-3.345724907063192,-6.97674418604651,-0.5736137667303961,10.403397027600846,-7.47330960854093,-38.46153846153846,-34.50881612090681,615.4734404914509,3.014986766870745,2.592932905692599
LIBRAINFU,Libra Infusions Ltd.,562.1,-1.5069213246889823,-2.021962698274363,-7.320692497938992,-13.52307692307692,-12.034428794992172,-11.61949685534591,-27.104136947218258,-7.397035060153234,56.138888732750004,377.25471648586773,1.5149915048633122,2.34470667923292
LINDEBD,Linde Bangladesh Limited,663.3,-0.7333133792277896,-2.6134194685068373,-4.75301550832855,-6.839887640449445,-13.226059654631086,-12.608695652173918,-25.73891625615764,-57.61932144910869,-53.29202168861348,28.67119301648884,1.4324244282475584,1.3652069754349243
LOVELLO,Taufika Foods and Lovello Ice-cream PLC,51.3,-1.1560693641618525,-4.112149532710285,-12.903225806451616,-28.750000000000007,-25.436046511627907,-24.780058651026398,-44.239130295380434,71.7434784916032,295.010000517463,295.010000517463,3.7398978365394697,6.10298757186395
LRBDL,Lub-rref (Bangladesh) Ltd,13.3,1.5267175572519165,-4.999999999999995,-10.135135135135135,3.1007751937984525,26.66666666666667,34.343434343434346,-8.275862068965512,-73.81889763779527,-67.1604938271605,-67.1604938271605,4.95323336544711,5.596915077667215
LRGLOBMF1,LR Global Bangladesh Mutual Fund One Units,4.5,0.0,-4.255319148936174,2.2727272727272645,32.352941176470594,28.571428571428573,60.71428571428573,28.571428571428573,-51.086956521739125,-38.35616438356165,-51.086956521739125,7.171717171717172,6.214344018627991
MAGURAPLEX,Magura Multiplex PLC,82.3,-0.6038647342995169,-1.9070321811680673,-6.47727272727273,-9.261300992282255,-0.9626955475330893,-1.9070321811680673,-19.707317073170735,-46.26118524179494,360.5388580514849,360.5388580514849,3.5295462865335785,3.450381853675724
MAKSONSPIN,Maksons Spinning Mills PLC,5.6,0.0,-5.084745762711876,-9.677419354838719,-6.666666666666672,-11.111111111111114,19.148936170212753,-15.151515151515152,-84.0,-18.333333129166668,-65.3146065771097,4.593163944343621,5.112660225976385
MALEKSPIN,Malek Spinning Mills PLC,48.0,0.41841004184101016,1.694915254237282,2.127659574468085,39.53488372093024,76.47058823529412,66.08996539792389,47.23926380368097,26.98412698412699,177.45664739884393,92.0,2.7848856899372874,5.2933160755480335
MARICO,Marico Bangladesh Limited.,2664.9,-0.0037523452157564373,-0.8298600774039792,-1.6642066420664172,-4.0021613832853,-2.9533867443554227,0.4447627303908704,-4.036730284479651,12.919491525423732,115.79885010932058,609.693741677763,0.42983073999405075,0.9920419404332864
MATINSPINN,Matin Spinning PLC,68.2,4.601226993865031,12.171052631578958,10.53484602917342,23.774954627949185,45.72649572649574,46.66666666666668,20.282186948853614,0.0,70.50000000000001,51.555555555555564,6.0238597428350715,4.933737172159451
MBL1STMF,MBL 1st Mutual Fund 2010- Units,11.0,2.8037383177570163,4.761904761904762,30.952380952380945,175.0,168.2926829268293,223.52941176470588,144.44444444444446,30.952380952380945,57.142857142857146,59.420289855072454,5.369601274028199,6.572311973958899
MEGCONMILK,Meghna Condensed Milk Industries Ltd.,31.0,0.9771986970684062,-10.144927536231885,-18.42105263157895,-21.71717171717172,-9.883720930232554,115.27777777777779,80.23255813953489,48.32535885167465,330.55555555555554,226.31578947368422,5.01015144035575,6.715701658816362
MEGHNACEM,Meghna Cement Mills PLC,29.0,1.7543859649122806,-3.3333333333333335,-5.228758169934645,-9.375,-9.937888198757772,-1.0238907849829375,-38.42887473460722,-64.09505320801485,-63.97045813274632,-60.73926488558334,3.476907570404964,5.850456870978377
MEGHNAINS,Meghna Insurance PLC,35.7,-0.8333333333333255,-1.3812154696132595,-3.513513513513506,5.621301775147947,19.397993311036807,27.046263345195733,40.00000000000001,224.5454545454546,224.5454545454546,224.5454545454546,2.820067355967265,4.239166762127835
MEGHNALIFE,Meghna Life Insurance PLC,51.9,-0.5747126436781691,-0.19230769230769504,-5.6363636363636385,-14.072847682119205,-4.595588235294118,2.1653543307086642,-14.497528830313021,-45.56094549093666,35.168970385720364,-20.31231106921259,3.0582199944717092,4.944493652902616
MEGHNAPET,Meghna Pet Industries Ltd.,79.1,3.129074315514982,-1.125000000000007,-3.4188034188034324,0.12658227848100545,178.5211267605634,262.8440366972477,222.85714285714283,168.13559322033896,1218.3333333333333,1135.9374999999998,6.395256396256685,8.397908045602211
MERCANBANK,Mercantile Bank PLC,6.4,1.5873015873015959,-4.477611940298504,-8.571428571428566,-13.513513513513512,-26.436781609195393,-13.513513513513512,-29.670329670329664,-58.94339634726094,-16.71582688493477,-38.141776112816856,2.2172619047619087,3.3744772318806007
MERCINS,Mercantile Islami Insurance PLC,52.1,-0.38240917782025957,3.7848605577689214,25.240384615384613,19.495412844036696,110.08064516129032,104.31372549019608,102.72373540856032,-4.227941176470583,300.7692307692308,88.84142452513368,5.727244826547067,5.71851642272925
METROSPIN,Metro Spinning Ltd.,9.6,0.0,-3.0303030303030374,-7.692307692307699,1.0526315789473646,-1.0309278350515427,12.941176470588232,-10.280373831775698,-68.79256957635172,31.81538452970462,-36.12023657745286,3.754790141775648,5.940462209691171
MHSML,Mozaffar Hossain Spinning Mills Ltd.,19.8,1.538461538461542,-2.4630541871921183,-3.41463414634146,-15.744680851063828,10.000000000000004,46.66666666666668,13.793103448275875,-13.913043478260867,17.810000203811317,-19.981239173140878,3.133141440855626,4.8854256438718195
MIDASFIN,MIDAS Financing PLC,5.0,8.695652173913052,8.695652173913052,-12.280701754385968,-19.35483870967742,-25.373134328358212,11.11111111111111,-18.032786885245898,-79.7188755048588,-67.48843834898499,-79.67610426018848,6.789758045571993,5.561833272918463
MIDLANDBNK,Midland Bank PLC,16.7,0.0,-3.468208092485557,-5.113636363636376,0.0,5.031446540880496,-2.33918128654972,-15.228426395939087,91.12222151507,91.12222151507,91.12222151507,1.9105500616158606,2.8847781083858646
MIRACLEIND,Miracle Industries Limited,26.4,-0.7518796992481309,-1.858736059479554,-8.333333333333341,-7.692307692307702,-10.204081632653061,-16.981132075471706,-30.158730158730155,-34.16458852867831,-2.374912776052284,186.44573419674327,3.021765538290545,3.464591431397319
MIRAKHTER,Mir Akhter Hossain Ltd,34.0,-1.4492753623188406,0.5917159763313694,-5.027932960893847,-18.072289156626507,20.14134275618374,23.188405797101446,6.25,-62.05357142857142,-58.02469135802469,-58.02469135802469,3.649636760638484,4.600189508580827
MITHUNKNIT,Mithun Knitting & Dyeing (CEPZ) Ltd.,13.4,0.0,-4.285714285714283,-7.586206896551722,-5.633802816901401,-14.102564102564099,-8.219178082191776,-13.548387096774192,-31.28205128205128,-78.50267370942264,-74.33342403894893,3.7136539524599224,4.8984043935531805
MJLBD,MJL Bangladesh PLC,89.6,-0.3337041156841061,-1.9693654266958547,-2.183406113537118,-4.579339723109703,-0.11148272017838186,-0.44444444444445075,-8.571428571428577,-8.757637474541761,-18.120104237683815,57.42222199385067,1.2903784798642741,1.5399046885293168
MLDYEING,M.L. Dyeing & Textile Ind. PLC,11.4,0.8849557522123862,-4.999999999999997,-13.636363636363628,5.555555555555552,26.66666666666667,35.714285714285715,16.326530612244895,-61.87290969899666,65.1860006974153,65.1860006974153,4.030553398438451,6.362248084927704
MONNOAGML,Monno Agro & General Machinery Ltd.,308.4,1.0153946937438474,-0.45190445448677663,-7.3873873873873945,-13.613445378151265,-14.022860328965713,-16.53585926928282,-18.606492478226446,-16.106865016635485,671.0450326923732,2379.969404125327,2.8112387225726887,3.9272715559185256
MONNOCERA,Monno Ceramic Industries Limited.,85.5,2.888086642599285,3.0120481927710845,-0.812064965197219,-10.0,4.395604395604388,4.523227383863084,0.470035252643955,-43.63876071193144,237.83750104156192,399.24875149974326,3.8280010108915468,3.6543164762211613
MONNOFABR,Monno Fabrics Ltd.,19.8,1.0204081632653024,1.0204081632653024,-6.161137440758296,-11.210762331838565,-13.157894736842104,-7.476635514018682,-0.5025125628140596,-16.10169491525424,-16.10169491525424,-16.10169491525424,4.4365261621210434,4.93043434138015
MONOSPOOL,Monospool Bangladesh PLC,105.1,-0.6616257088846907,-0.5676442762535558,-3.40073529411765,-6.160714285714291,12.04690831556503,10.982048574445608,12.01575499057333,-19.956953961761165,119.75454456553842,119.75454456553842,3.6177580286184123,3.6063110222848525
MPETROLEUM,Meghna Petroleum PLC,205.5,0.04868549172346364,-0.5805515239477449,-1.5804597701149479,-4.640371229698376,2.2388059701492535,6.642449403217443,-3.566400750821208,1.0821446138711208,12.54107338444688,43.980891575764325,1.2728868502142743,1.2037199536450816
MTB,Mutual Trust Bank PLC,13.5,0.0,1.5037593984962352,1.5037593984962352,2.2727272727272783,32.30000081232201,37.678049677387534,35.47520080738884,8.363877317613467,105.43517467726053,177.9394607666463,2.688878082436601,3.3642029975736136
NAHEEACP,Nahee Aluminum Composite Panel PLC,34.9,4.491017964071856,1.4534883720930234,6.079027355623101,0.8670520231213791,55.1111111111111,88.64864864864863,44.813278008298745,-32.23300970873787,-44.62618888197211,-44.62618888197211,4.8575503467651675,6.709948183878933
NATLIFEINS,National Life Insurance PLC,93.6,-0.6369426751592447,-0.6369426751592447,-3.9014373716632558,-10.000000000000004,-7.964601769911513,-0.21321961620469387,-13.333333333333337,-60.254777070063696,-27.821574777388488,-31.09592742211068,2.2307071107579,2.7352063245358873
NAVANACNG,Navana CNG Limited,20.0,1.5228426395939123,1.0101010101010064,-5.213270142180101,-8.675799086757985,-4.761904761904762,-6.103286384976529,-21.875000000000004,-43.17010281152678,-50.671140687655964,-66.07692277209813,2.7438742162360246,3.3386634799495307
NAVANAPHAR,Navana Pharmaceuticals PLC,62.8,-0.47543581616482455,-2.6356589147286864,-6.268656716417914,-12.16783216783217,6.081081081081071,19.847328244274806,11.743772241992872,137.87878787878788,137.87878787878788,137.87878787878788,2.1206784858465038,3.075330177060477
NBL,National Bank PLC,3.2,-3.0303030303030196,-8.571428571428566,-11.111111111111109,-17.948717948717942,-34.693877551020414,0.0,-5.882352941176462,-62.35294117647059,-43.916180039044995,-70.00917739790314,4.906417112299464,4.921030877915907
NCCBANK,National Credit and Commerce Bank PLC,14.3,0.0,-1.3793103448275814,-5.298013245033105,-10.624999999999996,14.400052532504136,21.901695363087295,23.933390243546132,3.440965152525549,92.76066509476681,29.81164554451607,1.5404587587686174,2.3138275228320486
NCCBLMF1,NCCBL Mutual Fund-1 2012- Dividend Units,6.9,0.0,-1.4285714285714235,7.8125,60.46511627906978,46.808510638297875,72.50000000000001,43.750000000000014,-20.689655172413783,-2.8169014084506943,-42.49999999999999,6.280231290385122,6.691486242799595
NEWLINE,New Line Clothings Ltd.,5.2,0.0,-8.771929824561402,-17.460317460317455,-8.771929824561402,-17.460317460317455,30.000000000000004,4.0000000000000036,-84.52380952380952,-79.16281997797542,-79.16281997797542,5.767894258904251,6.143955199766208
NFML,National Feed Mill Ltd,15.3,0.0,-5.555555555555547,-6.707317073170719,-34.33476394849785,-8.383233532934124,8.51063829787235,54.54545454545455,-50.151612908210645,3.1758420393395554,-45.149056851852855,3.743376697361871,5.667226480601313
NHFIL,National Housing Finance PLC,26.2,-0.38022813688213464,-1.8726591760299627,-4.0293040293040345,-6.428571428571431,12.446351931330467,16.444444444444443,5.220883534136549,-65.69047622478571,-24.519047767673214,-14.208505121251257,2.583366771877552,3.3243015624935626
NITOLINS,Nitol Insurance PLC,58.1,0.6932409012131691,-0.8532423208191126,20.04132231404959,69.88304093567251,105.30035335689045,106.76156583629893,116.7910447761194,-7.287233810771273,270.69170575273085,143.9026371485676,2.3413266237399726,4.192798470499776
NORTHERN,Northern Jute Manufacturing Co. Ltd.,98.0,2.189781021897804,-0.9100101112234638,-8.921933085501854,-11.711711711711711,-17.71620486985726,14.888628370457212,-9.25925925925926,-71.17647058823529,-59.76736213824249,553.3333376888888,7.917695108874159,5.625728447937757
NORTHRNINS,Northern Islami Insurance PLC,37.2,0.0,-0.7999999999999924,-2.872062663185364,-6.999999999999993,28.9108913890501,40.50359747356115,36.57342691486015,-34.02027010532094,154.23668677339197,21.68761423645592,2.8817885034006645,4.193765931377898
NPOLYMER,National Polymer Industries PLC,32.8,1.8633540372670632,5.806451612903216,3.144654088050303,-1.796407185628747,19.70802919708029,23.308270676691713,2.180685358255438,-48.42767295597485,-22.406060084625608,127.27158634794684,3.3015219741334385,3.397470723810001
NRBBANK,NRB Bank PLC,6.6,1.538461538461533,0.0,-1.4925373134328437,8.196721311475411,-7.042253521126761,8.196721311475411,-20.481927710843387,-26.66666666666667,-26.66666666666667,-26.66666666666667,3.0866841491841517,3.3315447372950033
NRBCBANK,NRBC Bank PLC,9.2,0.0,2.2222222222222143,2.2222222222222143,24.32432432432431,31.42857142857142,80.3921568627451,48.38709677419353,-62.28083953685435,-27.654650041915996,-27.654650041915996,2.4495479551659303,3.6389667519113127
NTC,National Tea Company Limited,155.2,1.7704918032786812,-0.7037747920665532,0.1290322580645088,-2.878598247809776,-3.1210986267166043,-10.701956271576536,-11.818181818181824,-73.51535836177474,-70.71698113207547,-79.84415584415584,3.4254172176569204,3.621133799797499
NTLTUBES,National Tubes Limited,60.4,0.6666666666666643,-1.9480519480519527,-7.219662058371729,-10.385756676557873,-4.278922345483364,-3.360000000000002,-21.660181582360565,-47.06397896581946,-33.006333602184505,156.32359420393124,4.511192156719934,3.4439286159990523
NURANI,Nurani Dyeing & Sweater Ltd.,2.9,0.0,-3.333333333333336,-19.444444444444446,0.0,-19.444444444444446,44.99999999999999,11.538461538461531,-70.7070707070707,-82.86204403563981,-82.86204403563981,7.760262725779975,7.743106451184878
OAL,Olympic Accessories Ltd,6.0,0.0,-6.250000000000005,-10.447761194029853,-16.666666666666668,-10.447761194029853,5.263157894736839,-11.76470588235294,-58.9041095890411,-65.54576267617216,-75.14175998643655,3.3174866375665872,4.382177424584217
OIMEX,Oimex Electrode Ltd.,13.9,0.7246376811594177,-2.112676056338021,-9.74025974025974,-15.243902439024382,-2.112676056338021,-9.150326797385622,-43.49593495934959,-46.53846153846154,-72.1233553902016,-72.1233553902016,4.277051125115235,5.626838608167972
OLYMPIC,Olympic Industries PLC.,142.9,0.0700280112044778,-1.1072664359861553,-2.7891156462584994,-7.806451612903223,-3.9650537634408636,3.85174418604652,-7.806451612903223,-25.183246073298424,-50.96568615192402,93.39849749405641,1.3467310420621688,1.777591326818288
ONEBANKPLC,One Bank PLC,7.6,0.0,-1.2987012987013056,-3.7974683544303884,-5.000000000000004,0.0,8.571428571428566,4.109589041095888,-17.199999626964217,-17.199999626964217,-17.199999626964217,2.119298245614039,2.55396561035659
ORIONINFU,Orion Infusion Ltd.,268.7,-4.580965909090921,3.346153846153842,17.285028371890004,-13.042071197411007,-18.575757575757578,-20.99382534548663,-48.32692307692308,203.61581920903956,286.61870503597123,484.1304347826087,9.1722003558682,7.830140946104132
ORIONPHARM,Orion Pharma Ltd.,29.7,0.0,18.799999999999997,13.793103448275852,1.3651877133105754,1.0204081632653086,9.191176470588236,-18.406593406593405,-67.32673267326732,-22.25130890052357,-56.536585192,7.289535373181991,4.809998934382497
PADMALIFE,Padma Islami Life Insurance Ltd.,15.6,0.0,-1.8867924528301931,-8.771929824561413,-14.754098360655743,-11.363636363636372,-6.586826347305387,-23.902439024390247,-70.11494252873563,-18.96103862425367,-68.16125985535545,5.286018182194518,3.9805135498789967
PADMAOIL,Padma Oil PLC,196.6,1.131687242798348,1.2358393408856878,1.2358393408856878,1.4447884416924577,10.698198198198199,15.988200589970498,-1.2060301507537716,-15.222078482104358,4.741608950452854,15.647058707882355,1.5579195178996428,1.0473089199829646
PARAMOUNT,Paramount Insurance PLC.,64.9,-1.8154311649016472,1.7241379310344962,7.450331125827826,0.7763975155279502,18.430656934306587,49.19540229885059,47.83599088838271,-23.195266272189343,776.2965840884373,393.17156475191433,4.216649739495314,5.24656199767885
PDL,Pacific Denims Ltd.,5.6,1.818181818181812,5.660377358490563,0.0,-6.666666666666672,-5.084745762711876,21.73913043478261,-9.677419354838719,-70.99487180528389,-71.57409278450629,-71.57409278450629,4.798201798201798,4.286606609326433
PENINSULA,The Peninsula Chittagong PLC,20.2,0.49751243781093457,-2.4154589371980677,-6.0465116279069795,-13.675213675213673,-4.716981132075472,10.382513661202177,59.05511811023622,-42.12034383954155,21.686746987951793,-44.184210386776314,4.743162007871501,4.929978610061189
PEOPLESINS,Peoples Insurance PLC,62.8,-0.9463722397476363,0.6410256410256387,0.0,0.0,47.764705882352935,73.00275482093664,86.90476190476188,20.076481835564053,290.0621118012422,137.87878787878788,3.1853113809890945,4.790222256467285
PF1STMF,Phoenix Finance 1st Mutual Fund Units,16.9,-2.3121387283237116,-9.139784946236574,24.264705882352935,89.88764044943818,207.27272727272722,237.99999999999994,244.8979591836734,72.4489795918367,244.8979591836734,113.92405063291136,6.526666295402283,6.353757630999092
PHARMAID,Pharma Aids Limited.,551.0,-1.2898602651379516,-0.01814552712756718,-6.116885329698412,-6.132879045996593,1.1009174311926606,11.764705882352942,-4.173913043478261,-10.479285134037369,113.4004647560031,293.2905067808708,1.9232136862334896,2.6256683278127353
PHENIXINS,Phoenix Insurance PLC,48.3,-0.821355236139642,-0.6172839506172927,-4.921259842519685,10.52631578947367,55.80645161290322,80.22388059701491,68.88111888111887,-24.294670846394986,127.83018867924528,7.812500000000001,2.477387480688674,4.529256288630005
PHOENIXFIN,Phoenix Finance and Investments Ltd.,3.3,3.124999999999989,-8.333333333333341,-13.157894736842106,-13.157894736842106,-21.428571428571434,37.49999999999999,6.451612903225797,-89.90825688073394,-80.15231725214534,-87.9049020105722,6.843122879650397,5.939894051026366
PHPMF1,PHP First Mutual Fund Units 2010-,3.6,-2.702702702702705,-5.2631578947368345,2.85714285714286,16.129032258064516,-2.702702702702705,50.00000000000001,20.000000000000004,-41.935483870967744,-10.689362021365689,-35.536857591345644,4.444444444444441,5.235249983149146
PIONEERINS,Pioneer Insurance PLC,69.4,-1.5602836879432544,2.2091310751104563,2.9673590504451037,-5.834464043419263,41.69166738043845,51.49688185908819,64.8642538058258,-36.57509394113931,208.60445091457248,73.19637536632116,3.2520900799961945,3.8953429660171146
PLFSL,Peoples Leasing and Financial Services Ltd.,1.6,-5.882352941176463,-11.111111111111109,-19.999999999999996,33.33333333333335,-35.99999999999999,201.88679245283018,33.33333333333335,-46.666666666666664,-78.0821917808219,-94.55108359622348,9.558823529411761,9.96496179545715
POPULAR1MF,Popular Life First Mutual Fund Units 2010-,3.6,0.0,-7.692307692307688,2.85714285714286,16.129032258064516,2.85714285714286,50.00000000000001,16.129032258064516,-40.0,-11.110638570876155,-31.4154038392952,5.031746031746028,5.525853093079986
POPULARLIF,Popular Life Insurance Co. Ltd.,56.2,0.0,1.2612612612612664,-9.935897435897429,-8.169934640522875,9.765625,32.235294117647065,12.625250501002013,-43.002028397565915,-18.903318903318898,-49.56410226148717,2.9292043445102385,4.448019664174069
POWERGRID,Power Grid Co. of Bangladesh Ltd.,37.9,0.7978723404255244,0.0,-2.0671834625323107,-4.2929292929293,26.755852842809364,40.89219330855019,11.799410029498526,-34.767641996557664,-33.391915641476274,-30.202578268876607,2.611829917965813,2.646465838952498
PRAGATIINS,Pragati Insurance PLC,74.8,-0.5319148936170288,-0.9271523178807984,-4.102564102564107,-12.71878646441074,7.603351563366564,7.154380689903882,28.40666619156199,-0.9432522800497553,342.3449771468529,88.06913130715128,3.0654812069114152,4.043737892247699
PRAGATILIF,Pragati Life Insurance PLC,141.4,-2.617079889807151,-1.7373175816539264,-4.588394062078262,-17.265957529542547,-24.45847506380328,5.23680638846061,-30.21982959008864,51.259081838101096,174.17909528197075,113.5169709910741,3.6962665301500097,4.800275906400239
PREMIERBAN,The Premier Bank PLC,5.7,1.7857142857142954,1.7857142857142954,-3.3898305084745792,26.66666666666667,11.764705882352953,42.50000000000001,-8.064516129032258,-54.147959329027564,32.147562283308,-22.049456862633022,2.8766233766233817,2.8211462385897397
PREMIERCEM,Premier Cement Mills PLC,43.0,6.172839506172839,0.7025761124121713,-9.473684210526315,-10.97308488612836,9.974424552429664,9.6938775510204,-10.97308488612836,-49.64871194379392,-53.763440860215056,-59.04761904761905,6.375812602260285,4.652819430909266
PREMIERLEA,Premier Leasing & Finance Limited,1.9,-5.000000000000004,-9.523809523809533,-17.391304347826086,-17.391304347826086,-29.629629629629637,251.85185185185185,35.714285714285715,-86.13138686131387,-75.9431052311581,-85.98303468702198,6.210526315789479,8.917570345668622
PRIME1ICBA,Prime Bank 1st ICB AMCL Mutual Fund Units,7.9,0.0,21.538461538461544,31.66666666666667,58.000000000000014,68.08510638297872,83.72093023255816,71.73913043478262,2.5974025974025996,64.58333333333334,9.722222222222223,7.756809400645022,6.173677709600157
PRIMEBANK,Prime Bank PLC,28.0,0.0,-1.0600706713780943,-6.04026845637584,-6.666666666666667,-3.606557152657885,2.0833335885416697,4.255319409574465,32.17105244158305,103.3650301676661,-1.4504057649316349,1.0000109330840554,1.4333134187882615
PRIMEFIN,Prime Finance and Investment Ltd.,2.8,3.7037037037036904,-3.448275862068969,-12.50000000000001,-9.677419354838719,-33.333333333333336,154.5454545454545,27.272727272727256,-84.69945355191257,-64.1025641025641,-89.69325149327412,6.587301587301584,6.447632757368447
PRIMEINSUR,Prime Islami Insurance PLC,52.2,-1.3232514177693682,-2.793296089385475,-3.153988868274575,10.828025477707008,59.14634146341465,74.58193979933112,63.12500000000001,1.3592233009708794,208.87573964497045,46.16000034493761,3.0689592098804934,4.977106784487076
PRIMELIFE,Prime Life Insurance Company Limited,38.5,-0.5167958656330822,8.450704225352112,1.8518518518518594,-9.624413145539908,8.450704225352112,16.666666666666668,-8.114558472553696,-44.842406876790825,-32.809773123909245,-57.6499999352045,5.241484134484526,4.988340311206346
PRIMETEX,Prime Textile Spining Mills Ltd.,14.5,-0.6849315068493127,0.0,-5.844155844155845,-18.079096045197737,-27.135678391959797,5.072463768115937,-2.0270270270270316,-40.816326530612244,-40.57377049180327,-28.217821782178213,3.8678160919540208,8.041463023042342
PROGRESLIF,Progressive Life Insurance Co. Ltd.,35.7,-0.5571030640668405,-5.305039787798408,-10.526315789473673,-15.602836879432612,-15.402843601895734,-21.71052631578947,-33.888888888888886,-68.09651474530831,-9.44799957868817,-52.28179188223216,4.382810847146308,5.003313448170901
PROVATIINS,Provati Insurance PLC,54.3,-1.272727272727278,-0.7312614259597909,-4.063604240282693,-11.419249592169658,70.75471698113206,89.19860627177701,66.5644171779141,-63.52750453269293,529.9815910329639,190.72524749635744,3.0070142744214543,4.812612029450485
PTL,Paramount Textile PLC,80.8,1.7632241813601908,7.44680851063829,15.759312320916907,21.139430284857564,46.9090909090909,55.98455598455599,43.77224199288255,33.32000018931439,591.1010293840352,216.25070981209555,3.179206288074416,2.633427990949234
PUBALIBANK,Pubali Bank PLC,38.1,-1.5503875968992284,-3.7878787878787876,-1.0389610389610353,3.532608695652186,21.371220086636463,41.79615031795902,52.665541618860736,119.18329032657071,188.74452799278734,118.55127665885031,1.8090212015291103,2.0906684156489046
PURABIGEN,Purabi General Insurance Co. Ltd.,29.0,0.0,0.0,-5.53745928338762,-8.227848101265826,34.883720930232556,49.484536082474236,42.156862745098046,-35.763441105004695,266.7509492807681,-2.0381787558529068,1.963836417666087,4.423651489102258
QUASEMIND,Quasem Industries Limited.,39.0,0.775193798449605,-2.9850746268656785,-7.142857142857143,-14.285714285714286,-0.763358778625947,3.1249998859675405,1.4184396228056912,-13.91542314329766,-2.4362068162341215,145.4242889475152,3.2214780088525097,3.454221444561932
QUEENSOUTH,Queen South Textile Mills Ltd.,14.1,1.4388489208633042,-2.758620689655175,-9.032258064516132,-6.622516556291391,18.487394957983188,18.487394957983188,5.22388059701492,-52.401274063011805,-41.933578814111904,-41.933578814111904,3.679557927724018,5.353525326089484
RAHIMAFOOD,Rahima Food Corporation Ltd.,72.1,0.138888888888881,-4.249667994687919,-7.4454428754814,-26.72764227642277,-37.737478411053544,-54.9375,-43.7597503900156,-77.991452991453,22.827938671209523,319.18604651162786,3.48960726040245,4.576265978025577
RAHIMTEXT,Rahim Textile Mills Ltd.,180.2,-0.3318584070796586,-0.8800880088008926,-8.620689655172415,-22.660944206008587,-13.7799043062201,-15.518049695264894,-4.656084656084662,-39.550486413955056,1.7529334373790972,346.7878830904943,2.8908097279906473,5.358852226602943
RAKCERAMIC,RAK Ceramics (Baneladesh) Limited,26.3,-1.4981273408239646,-3.663003663003663,-13.770491803278686,-10.238907849829351,14.347826086956525,18.468468468468473,4.365079365079371,-45.4356846473029,-43.74722219425209,-34.48205886382294,2.241253345159258,2.9444278586687727
RANFOUNDRY,Rangpur Foundry Limited,148.3,0.13504388926402233,-2.6902887139107574,-4.322580645161283,-9.074187614960136,-1.1992005329780033,3.7788663400979745,-16.685393258426963,-9.848024316109415,39.9056603773585,139.1935483870968,3.0775473772661526,3.6358985116007054
RDFOOD,Rangpur Dairy and Food Products Limited,22.6,1.345291479820631,-3.004291845493559,-4.641350210970455,-20.14134275618374,9.70873786407767,13.000000000000005,-7.755102040816321,-56.48971978296789,122.31435654903598,39.684556744021044,3.8567343668609553,5.09725589004817
RECKITTBEN,Reckitt Benckiser (Bangladesh) PLC,3258.7,-0.22351500306185493,-0.4977099236641277,-1.1016691957511435,-2.9571173317450916,-6.640882395072344,-4.716374269005853,-3.0869888475836484,-33.495918367346945,107.27006742144764,340.96075778078483,0.7577204881338464,0.8349493368264829
REGENTTEX,Regent Textile Mills Ltd.,5.9,0.0,-3.2786885245901525,-9.230769230769225,-4.838709677419351,34.090909090909086,47.50000000000001,84.375,-60.666666666666664,-45.25168723141504,-77.00570857915694,3.7638807714786657,5.681262850027213
RELIANCE1,Reliance Insurance Mutual Fund Reliance One Units,13.1,-1.5037593984962485,0.7692307692307665,-5.7553956834532425,23.58490566037736,3.9682539682539684,-16.560509554140125,-9.027777777777782,10.084033613445373,63.74999999999999,43.956043956043956,5.731064798405262,5.467485271064799
RELIANCINS,Reliance Insurance PLC,107.8,-3.1446540880503147,-1.100917431192663,0.0,-8.644067796610171,54.220314735336174,64.83180428134554,61.377245508982035,10.45081967213115,242.43866248128052,123.24079856373926,4.784486815598747,7.864386668344899
RENATA,Renata PLC,447.5,-0.2896613190730863,-0.1784519295114904,-3.722030981067128,-0.33407572383073497,4.385351061348265,14.158163265306122,-6.887224302954644,-63.577380606339126,-30.945590403556466,44.05916443116996,0.9396514951924209,1.1721225280483583
RENWICKJA,Renwick Janeswar and Co. (BD) Limited,716.4,-1.4037985136251094,-1.3359041454345193,-8.247950819672129,25.684210526315788,34.7629796839729,46.563011456628466,8.545454545454543,-43.07508939213349,-8.738853503184716,812.6114649681529,2.357769695950984,2.4578934772200025
REPUBLIC,Republic Insurance PLC,39.1,-0.25510204081633014,-1.511335012594462,-2.2499999999999964,10.140845070422538,16.716417910447763,42.70072992700731,21.052631578947384,-26.058747486623595,392.1203712532922,90.64368043403874,2.579905882231458,4.695194976650619
RINGSHINE,Ring Shine Textiles Ltd.,3.7,0.0,-7.499999999999996,-9.756097560975597,2.7777777777777803,-2.631578947368412,15.625,32.14285714285715,-73.38129496402877,-75.08666666915799,-75.08666666915799,4.267425320056896,6.420014918891685
ROBI,Robi Axiata PLc,29.9,-0.6644518272425343,-0.3333333333333381,-2.2875816993464144,-8.841463414634143,0.673400673400671,5.6537102473498155,3.103448275862064,-27.95180722891567,99.33333333333331,99.33333333333331,3.20357941834452,2.123669224024195
RSRMSTEEL,Ratanpur Steel Re-Rolling Mills Ltd,6.6,0.0,-7.042253521126761,-12.000000000000004,-19.51219512195122,-21.428571428571434,-1.4925373134328437,-25.84269662921349,-80.58823529411765,-80.8257335501222,-85.43851416201156,5.157411216234749,4.777558073894286
RUNNERAUTO,Runner Automobiles PLC,44.7,-0.4454342984409705,-4.893617021276589,-6.874999999999994,6.17577197149644,7.194244604316546,20.810810810810818,46.078431372549026,-30.156249999999996,-51.762589810066764,-51.762589810066764,2.600516394916483,3.180102123990767
RUPALIBANK,Rupali Bank PLC,16.8,-0.5917159763313483,-1.17647058823529,-3.999999999999996,0.0,-6.6666666666666625,-2.890173410404624,-23.63636363636363,-50.97329703220761,7.520133634623691,-43.971930702999146,1.5469483686895065,2.4024436803351046
RUPALIINS,Rupali Insurance Company Ltd.,28.6,0.3508771929824611,-1.3793103448275814,-3.378378378378378,3.623188405797101,29.43965549601293,40.327103154556085,25.125000312812517,-40.885826623868105,146.07353198880546,-8.745867236729737,2.751531063345963,3.8457235904231846
RUPALILIFE,Rupali Life Insurance PLC,78.8,-0.8805031446540916,0.12706480304954804,-1.9900497512437916,-14.626218851570965,-5.515587529976029,0.25445292620865506,-28.0365296803653,-0.7556675062972399,165.61638747079866,-21.711897880448,3.521375047736609,3.790162312091764
SAFKOSPINN,Safko Spinning Mills Limited,20.3,0.9950248756218869,-2.4038461538461537,2.0100502512562923,-3.7914691943127994,21.55688622754492,47.10144927536231,40.00000000000001,-23.780669155465112,75.70250846169648,2.804659077574076,2.810087043574344,4.105030627686443
SAIFPOWER,SAIF Powertec Ltd.,7.7,-1.2820512820512775,-3.749999999999998,-20.618556701030922,-28.703703703703706,2.666666666666669,54.0,22.22222222222223,-80.61282667553226,-52.288642647902314,-43.982420950373196,3.3773177743863965,4.8888955115953205
SAIHAMCOT,Saiham Cotton Mills Ltd.,24.0,7.623318385650221,5.726872246696038,15.94202898550725,21.827411167512693,23.711340206185575,22.44897959183673,34.8314606741573,17.073170731707318,69.01408450704227,-7.042253599682606,3.9527570610109737,6.246064134402188
SAIHAMTEX,Saiham Textile Mills Ltd.,40.5,5.7441253263707654,12.813370473537608,22.35649546827794,120.10869565217392,115.42553191489361,134.10404624277456,148.46625766871165,58.203124999999986,210.40146074896774,72.80477025955457,6.635276151071736,8.149930362949966
SALAMCRST,S. Alam Cold Rolled Steels Limited,12.1,-3.200000000000003,1.680672268907557,-4.7244094488188955,-17.68707482993197,-28.82352941176471,-18.791946308724835,-36.97916666666667,-68.97435897435898,-55.51470588235294,-74.5798319327731,5.693548387096775,5.101021192775333
SALVO,Salvo Organic Industries PLC,30.5,0.6600660066006577,-0.6514657980456003,-8.4084084084084,-19.736842105263158,-10.029498525073743,0.6600660066006577,-16.208791208791208,-45.04504504504504,180.218751325785,78.1574265938481,3.472495589983347,3.9593000604956092
SAMATALETH,Samata Leather Complex (Pvt.) Ltd.,81.9,-1.9161676646706518,1.6129032258064657,-8.797327394209344,-22.662889518413596,-3.647058823529405,-2.4999999999999933,-14.420062695924763,-15.129533678756472,215.23773484029587,456.919998217856,4.991225605739198,6.201008645235081
SAMORITA,Samorita Hospital Ltd.,93.4,0.0,-5.08130081300813,-6.693306693306682,11.32300357568534,35.755813953488385,28.47317744154058,25.706594885598935,14.932246996786455,81.66444362356928,137.9236507946483,6.001872684293978,7.007310978807332
SANDHANINS,Shandhani Life Insurance Co.Ltd,24.3,-1.219512195121954,0.0,-5.813953488372093,-4.330708661417314,19.117647058823543,25.906735751295336,8.000000000000002,-40.2948402948403,23.211268619089875,-42.92748609610925,2.888947191977492,3.20906907270608
SAPORTL,Summit Alliance Port Limited,60.6,0.0,-1.4634146341463392,1.3377926421404753,16.53846153846154,17.898832684824907,43.942992874109265,44.97607655502394,92.38095238095238,56.79141436957423,187.54806868346785,1.7811156225580098,2.559075935156646
SBACBANK,SBAC Bank PLC.,6.6,-1.4925373134328437,-1.4925373134328437,-2.941176470588238,0.0,-2.941176470588238,6.451612903225797,-9.589041095890414,-67.95192308324025,-36.97599990214093,-36.97599990214093,3.306196291270923,3.6375309293539035
SEAPEARL,Sea Pearl Beach Resort & Spa Ltd.,36.4,2.2471910112359472,5.202312138728315,-1.6216216216216255,-2.1505376344086136,-6.185567010309275,10.3030303030303,-22.222222222222218,-18.01801801801802,51.666667045833336,51.666667045833336,5.783746196595956,5.427247215110617
SEMLFBSLGF,SEML FBLSL Growth Fund Units,7.1,-1.3888888888888962,1.4285714285714235,2.8985507246376705,20.338983050847446,31.48148148148147,44.89795918367346,36.538461538461526,-30.392156862745093,16.393442622950822,16.393442622950822,5.123538331437902,4.3689086100112355
SEMLIBBLSF,SEML IBBL Shariah Fund Units,8.1,0.0,1.2499999999999956,3.846153846153844,15.71428571428571,26.56249999999999,39.6551724137931,22.72727272727273,-22.85714285714286,-40.87591240875913,-40.87591240875913,2.2532426941709613,2.211310470839171
SHAHJABANK,Shahjalal Islami Bank PLC,17.4,0.0,-1.1363636363636525,-1.1363636363636525,-2.2471910112359668,-2.7932960893854752,6.097560975609756,-5.945945945945954,-16.641860793508588,114.06354611447885,6.956398485912178,1.505594158156846,1.6424353656629571
SHARPIND,Sharp Industries PLC,18.7,5.05617977528089,-4.591836734693888,-31.25,-16.517857142857142,10.650887573964502,44.96124031007751,9.999999999999996,14.72392638036809,14.72392638036809,14.72392638036809,5.702501283910543,8.551847672329233
SHASHADNIM,Shasha Denims PLC,26.9,2.6717557251908373,-1.102941176470591,1.1278195488721696,9.349593495934947,43.08510638297871,69.1823899371069,29.326923076923066,-19.940476190476197,-4.4396222538481265,-19.410748360694484,3.7912368462080437,4.263252938462806
SHEPHERD,Shepherd Industries PLC,12.8,0.0,-3.7593984962406015,-15.231788079470192,-23.353293413173645,-7.246376811594202,-4.477611940298504,-26.011560693641616,-35.04950520370552,-64.72177799346098,-64.72177799346098,4.177525736149565,5.32565699583859
SHURWID,Shurwid Industries Ltd,5.7,0.0,-4.999999999999997,-9.523809523809518,-16.17647058823529,-16.17647058823529,23.913043478260885,16.326530612244895,-75.43103448275862,-36.66666673703704,-81.02500007472655,2.8260305937256964,3.7371057257619573
SHYAMPSUG,Shyampur Sugar Mills Ltd.,288.0,1.6949152542372923,-4.0,-7.6923076923076925,14.83253588516746,78.66004962779158,89.47368421052632,40.831295843520785,144.0677966101695,1711.3207547169814,3500.0,5.588958812577626,4.868315508551574
SICL,"Sikder Insurance Co., Ltd.",36.8,1.3774104683195594,-1.8666666666666742,-5.6410256410256485,-4.909560723514226,71.16279069767441,98.9189189189189,61.4035087719298,36.29629629629629,36.29629629629629,36.29629629629629,3.2917032589670625,5.380182514811581
SILCOPHL,Silco Pharmaceuticals Ltd.,17.0,0.5917159763313694,-2.857142857142857,-1.1627906976744145,-20.930232558139537,8.280254777070068,24.087591240875916,-0.5847953216374352,-48.484848484848484,-30.223880672518938,-30.223880672518938,3.5116805247304828,5.167246503565672
SILVAPHL,Silva Pharmaceuticals Ltd.,12.5,0.0,-7.407407407407407,-8.759124087591236,-11.97183098591549,-3.1007751937984525,30.20833333333334,6.837606837606844,-50.199203187251,-65.46052622944079,-65.46052622944079,3.93540900534252,4.786779432953048
SIMTEX,Simtex Industries PLC,24.2,1.680672268907557,0.0,-2.4193548387096833,-12.949640287769787,-4.347826086956527,7.555555555555553,12.037037037037026,3.418803418803422,35.627214951796155,-10.173909998945105,2.433160319898315,3.549651607020006
SINGERBD,Singer Bangladesh Limited,79.6,1.5306122448979447,2.4453024453024343,8.299319727891149,-0.5000000000000071,-9.545454545454552,-6.352941176470595,-25.607476635514022,-58.58480749219563,-44.9574468635532,-21.558520395020913,2.928219020635282,2.5381664983298116
SINOBANGLA,Sinobangla Industries Ltd.,48.7,-0.6122448979591778,-1.217038539553741,-5.802707930367505,-16.75213675213675,-5.802707930367505,6.331877729257655,2.5263157894736903,6.362028949257121,91.77396130696965,167.74595637122965,1.9579815676223176,3.1309517090970536
SIPLC,Sena Insurance PLC,160.3,6.088682991396438,15.489913544668587,10.551724137931043,51.79924242424244,146.236559139785,200.750469043152,233.2640332640333,235.3556485355649,235.3556485355649,235.3556485355649,8.312114696352616,7.806970436553702
SKTRIMS,SK Trims & Industries Ltd.,12.6,0.7999999999999973,4.132231404958678,-9.352517985611515,-11.267605633802816,36.956521739130444,53.658536585365866,41.57303370786516,-70.76566125290023,-66.12000006866347,-66.12000006866347,6.408538386249637,6.818474216613099
SONALIANSH,Sonali Aansh Industries Limited.,221.5,-0.35987404408457546,3.9906103286384975,4.876893939393945,13.648024628014364,39.74763406940063,15.124740124740121,-1.5555555555555556,248.47590953785644,997.8934324659232,1540.7407407407406,2.9876257334447205,3.4731873215767615
SONALILIFE,Sonali Life Insurance PLC,86.1,-1.6000000000000065,2.744630071599042,-0.2317497103128654,4.61725394896719,45.9322033898305,41.37931034482758,15.10695187165775,19.252077562326857,682.7272727272726,682.7272727272726,2.717141832526451,2.9042869404330944
SONALIPAPR,Sonali Paper & Board Mills Ltd.,219.5,-2.0963425512934832,-2.4010671409515365,-4.523705959112659,-7.383966244725738,-6.3965884861407245,-7.188160676532769,-22.410745846588895,-10.409668902126814,45.433360777708366,45.433360777708366,3.0793520807610544,3.2660794153041164
SONARBAINS,Sonar Bangla Insurance Ltd.,37.4,0.8086253369272159,-1.0582010582010546,0.808625336927216,-16.143497757847538,39.25531949707446,55.217391660182145,35.882353256197845,-50.79534581296128,303.7105882125878,79.67708995484746,2.7285243509714148,4.502724925818787
SONARGAON,Sonargaon Textiles Limited.,109.1,1.112140871177005,8.019801980198014,3.707224334600752,14.84210526315789,185.60209424083766,250.80385852090032,229.607250755287,370.2586206896552,1198.8095238095236,484.4642871754463,4.6940096289263575,7.266050756529557
SOUTHEASTB,Southeast Bank PLC,11.5,0.0,-4.166666666666667,0.8771929824561372,11.650485436893197,25.56122441676542,35.21978017520228,32.31182788158572,-16.61776159413765,8.11549400982345,-3.3613812442484647,2.0780136247665655,3.0520365104195237
SPCERAMICS,Shinepukur Ceramics PLC,23.5,-0.423728813559328,10.328638497652578,19.89795918367346,-1.6736401673640109,11.374407582938382,60.95890410958904,19.289340101522846,-33.42776203966005,158.24175824175825,3.5440610011743767,4.331991287022412,5.132372221257804
SPCL,Shahjibazar Power Co Ltd,50.0,0.4016064257028169,-0.19960079840319644,-4.580152671755722,-8.256880733944953,2.669404517453793,5.2631578947368425,3.5196687370600475,-59.374999935000005,-61.191628989293186,92.5538305366048,2.2841704040493407,3.1767561845821
SQUARETEXT,Square Textiles PLC,48.7,0.41237113402062436,-0.20491803278687362,-0.81466395112016,-2.9880478087649402,1.4583333333333393,0.4123711340206244,-12.410071942446042,-6.3461538461538405,-22.634365607101568,-36.181711494937566,1.4017273512798196,2.525328341220308
SQURPHARMA,Square Pharmaceuticals PLC,217.4,-0.13780431786861871,0.6481481481481508,-0.22946305644791187,-3.3348154735437974,1.5887850467289746,9.246231155778897,-0.27522935779816254,-11.192810457516341,15.44341662489571,107.68953353495658,0.4798347700377341,0.7988645905722495
SSSTEEL,S.S. Steel Ltd,5.9,0.0,-1.6666666666666607,-9.230769230769225,-14.492753623188404,5.35714285714287,43.90243902439026,15.686274509803937,-76.22388069779728,-84.17195218569314,-84.17195218569314,3.4132086499123266,4.6670154775273
STANCERAM,Standard Ceramic Industries Ltd.,66.1,1.5360983102918588,-0.7507507507507508,-5.164992826398864,-8.448753462603891,-4.202898550724646,-5.706134094151213,-15.147625160462145,-70.17148014440433,29.354207436399204,169.7959183673469,3.958822993095521,6.116689102698421
STANDARINS,Standard Insurance PLC,52.5,-0.9433962264150944,-1.8691588785046729,6.0606060606060606,-0.7561436672967837,31.909547738693476,34.27109974424552,40.37433155080215,-46.20901639344262,473.62126626831156,101.14271012641883,2.0716268906928255,3.952775948662373
STANDBANKL,Standard Islami Bank PLC,4.4,0.0,-4.347826086956506,-6.382978723404252,-6.382978723404252,-22.807017543859644,-8.333333333333321,-22.807017543859644,-52.385675577649245,-26.167697754623937,-51.42875764566825,2.272727272727265,3.751554353562802
STYLECRAFT,Stylecraft Limited,52.9,0.5703422053231885,-1.1214953271028063,-5.026929982046687,-0.5639097744360982,-5.366726296958856,12.076271186440668,-28.124999999999996,-69.06432748538012,16.12699975868809,115.39685437357404,3.2285796091847394,5.195469401542767
SUMITPOWER,Summit Power Ltd.,15.4,0.0,-1.9108280254777004,-3.144654088050314,0.0,10.000000000000002,24.193548387096772,1.986754966887422,-67.78242677824268,-52.02492211838007,-66.45753429367264,2.081350233152885,3.0342994915574613
SUNLIFEINS,Sunlife Insurance Co. Ltd.,56.8,1.4285714285714235,13.373253493013962,8.812260536398457,-23.75838926174497,-9.409888357256786,7.779886148007579,-0.175746924428825,47.916666666666664,229.181817052126,-38.5878404321721,5.6351871875834725,5.712710589068955
TAKAFULINS,Takaful Islami Insurance PLC,53.7,-1.286764705882345,-2.185792349726768,4.6783625730994265,32.592592592592595,64.7239263803681,57.94117647058824,58.87573964497043,-7.413793103448271,369.29026427205577,74.8932459361842,3.068362692563591,4.320369797091249
TALLUSPIN,Tallu Spinning Mills Limited,6.6,-4.347826086956532,-8.333333333333341,-15.384615384615387,-18.51851851851852,-20.481927710843387,4.761904761904759,4.761904761904759,-51.470588235294116,-56.578947368421055,-71.3043478510397,3.7943827962199053,4.388797732877709
TAMIJTEX,Tamijuddin Textile Mills PLC,110.8,-2.1201413427561886,-4.4827586206896575,-11.217948717948719,-20.172910662824215,-2.721685689201061,-12.063492063492065,-18.420348138079312,-27.40917219933204,740.5517229785494,740.5517229785494,3.3584460251828117,4.050960686835652
TECHNODRUG,Techno Drugs Ltd.,39.7,0.0,-1.243781094527363,-9.153318077803203,-7.674418604651156,12.784090909090908,35.95890410958906,5.305039787798408,50.3787878787879,50.3787878787879,50.3787878787879,3.1059998734285474,4.126475555720212
TILIL,Trust Islami Life Insurance Ltd.,46.7,-0.42643923240937254,6.378132118451036,3.54767184035477,-12.218045112781954,4.47427293064877,5.18018018018019,-17.636684303350968,324.54545454545456,324.54545454545456,324.54545454545456,5.170996358934649,4.317433276584555
TITASGAS,Titas Gas Transmission and Distribution PLC,17.8,0.5649717514124375,1.7142857142857184,-1.1111111111111072,-0.5586592178770831,3.4883720930232642,14.10256410256411,-12.31527093596059,-58.11764705882353,-63.22314049586777,-72.10031347962382,3.6482438574521225,3.2915199313168246
TOSRIFA,Tosrifa Industries PLC,19.7,1.025641025641022,4.787234042553184,-6.635071090047403,-4.368932038834961,13.872832369942188,15.882352941176467,-8.372093023255816,-12.963362409421338,-1.3854652827197709,-54.62745260038223,6.592672204705313,5.582259092752456
TRUSTB1MF,Trust Bank 1st Mutual Fund Units,3.8,0.0,0.0,5.555555555555547,18.74999999999999,8.571428571428566,58.333333333333336,15.151515151515152,-40.62500000000001,-9.71200045577383,-41.82580046722609,4.3543543543543475,5.634204045858181
TRUSTBANK,Trust Bank PLC,13.5,0.0,-2.173913043478266,-10.0,-14.556962025316459,-19.91525406083022,-18.534482554956888,-21.249999803125,-38.25369989467439,27.801827509900594,42.22676343966692,1.9260072188079218,1.9607227582805002
TUNGHAI,Tung Hai Knitting & Dyeing Ltd,4.1,0.0,-2.3809523809523934,-14.583333333333337,41.37931034482758,10.810810810810795,156.24999999999994,104.99999999999999,-42.25352112676057,-61.452991502410704,-83.46333336684765,6.903689806128835,8.036983825311353
UCB,United Commercial Bank PLC,8.9,1.1363636363636322,-2.19780219780219,-2.19780219780219,-1.1111111111111072,-7.29166666666666,-15.238095238095235,-16.822429906542048,-34.97906601716793,-29.624801548365063,-29.81646122980174,2.764209861242743,3.437353214807401
UNILEVERCL,Unilever Consumer Care Limited,1976.1,-0.5034993202759176,-0.5034993202759177,-3.075338434373163,-4.072815533980587,-8.513888888888893,-8.513888888888893,-16.514575411913818,9.361834595828574,97.48657089319174,490.98317757009346,0.6380077506779473,1.052143780699026
UNIONCAP,Union Capital Limited,4.1,0.0,-6.818181818181833,-10.869565217391305,-10.869565217391305,-24.074074074074083,46.42857142857142,2.499999999999991,-71.52777777777777,-60.53749984954922,-78.32456412074308,4.343786295005813,4.753436058759776
UNIONINS,Union Insurance PLC,48.2,0.8368200836820203,-0.618556701030922,-1.632653061224484,20.199501246882797,38.90489913544668,30.978260869565233,52.05047318611989,338.18181818181824,338.18181818181824,338.18181818181824,2.8564803143074036,4.213361675899131
UNIQUEHRL,Unique Hotel & Resorts PLC,43.1,3.6057692307692304,6.157635467980295,1.4117647058823564,4.358353510895895,12.827225130890048,12.532637075718029,5.121951219512199,-21.77858439201452,-6.304347826086954,-65.982636148382,5.682587518533636,3.577883152994104
UNITEDFIN,United Finance PLC,16.8,0.0,1.2048192771084294,-2.890173410404624,7.6923076923077,33.33333333333334,44.82758620689656,23.52941176470589,-35.87786259541984,-7.850745828884712,-27.936912967551585,2.8703860980641727,4.240360763431257
UNITEDINS,United Insurance Company Limited,63.1,-1.2519561815336417,-0.9419152276295155,3.10457516339869,41.79775280898877,50.23809523809524,50.956937799043075,50.596658711217195,-9.208633093525178,182.08628831889592,65.2783436843947,3.202576346280717,4.387479497916086
UPGDCL,United Power Generation & Distribution Co. Ltd.,113.7,-0.43782837127845886,-1.7286084701815039,-3.644067796610167,-8.747993579454247,-4.050632911392403,-2.0671834625322925,-20.21052631578947,-61.98595787362087,20.585418445818178,103.83857550343414,1.1400335555774752,2.13761316067365
USMANIAGL,Usmania Glass Sheet Factory Limited,51.8,-1.145038167938934,-9.598603839441536,-15.359477124183016,23.627684964200476,44.692737430167604,52.35294117647058,37.03703703703704,-29.6195652173913,-31.05420021091899,6.817436203232607,5.3282177002428455,6.6732231860418025
UTTARABANK,Uttara Bank PLC,20.6,0.0,-0.48309178743960324,-1.904761904761898,-5.069124423963124,1.3779527559055174,12.445414847161578,18.663594470046096,50.401708068100184,125.38447854055242,58.95849885353228,0.5825242718446513,0.9375668343381351
UTTARAFIN,Uttara Finance and Investments Limited,11.6,-1.6949152542372972,-2.5210084033613502,-11.450381679389313,-14.705882352941178,-14.705882352941178,17.171717171717166,-7.936507936507937,-76.65995975855131,-78.40425526515956,-83.60097916760807,5.250186294119707,4.994680910301593
VAMLRBBF,Vanguard AML Rupali Bank Balanced Fund Units,8.2,-4.651162790697678,0.0,2.499999999999991,10.810810810810795,36.66666666666666,43.859649122807,46.42857142857142,-8.888888888888896,-25.45454545454546,-25.45454545454546,3.891820323431996,2.4919094814029497
VFSTDL,VFS Thread Dyeing Ltd.,13.1,0.7692307692307665,-5.7553956834532425,-9.655172413793105,-21.556886227544908,9.166666666666664,2.3437499999999916,61.7283950617284,-48.67537300601679,-44.70046307827997,-44.70046307827997,3.77713208199361,5.458079244911652
WALTONHIL,Walton Hi-Tech Industries PLC,337.5,-0.05922416345868778,-2.8776978417266186,-4.856483949040701,-4.80769240288461,-3.5714286678571407,-2.3026316766447383,-13.662790784011628,-68.66607847897399,8.035714069528531,8.035714069528531,1.3945044454923117,1.7836231524545314
WATACHEM,Wata Chemicals Ltd.,128.0,-0.46656298600310603,-3.686982693754707,-6.569343065693431,-7.913669064748201,-1.7651573292402234,-9.859154929577464,3.225806451612903,-60.60326254232071,33.0895797264738,506.66666692260424,3.0711783785800693,3.931269505026461
WMSHIPYARD,Western Marine Shipyard Limited,8.6,-1.1494252873563178,-3.3707865168539404,-8.510638297872347,-17.307692307692314,-13.131313131313137,4.878048780487809,-4.444444444444448,-45.911949685534594,-36.22591323005429,-75.0218160475195,2.5583282230293993,3.213533098408193
YPL,Yeakin Polymer Ltd.,21.1,0.476190476190483,3.431372549019622,-10.59322033898305,-17.25490196078431,12.834224598930493,19.209039548022613,24.85207100591718,41.61073825503357,-32.41872882996462,-15.793304284396529,5.587940450050009,7.101333145293317
ZAHEENSPIN,Zaheen Spinning PLC,5.0,0.0,-5.660377358490563,-16.666666666666668,-15.254237288135597,-16.666666666666668,25.0,-3.8461538461538494,-54.12844036697248,-61.38808145167846,-64.86778776427384,4.345399698340877,5.097639653332934
ZAHINTEX,Zahintex Industries Ltd.,7.4,1.3698630136986376,-6.329113924050633,-13.953488372093016,-15.909090909090912,4.225352112676067,27.586206896551733,25.423728813559322,-26.732673267326728,-55.37461952483525,-68.80541955654084,5.113425387397991,6.043761031281544
ZEALBANGLA,Zeal Bangla Sugar Milla Limited,173.4,-2.584269662921345,-2.3648648648648587,-6.2702702702702675,23.85714285714286,28.444444444444446,21.258741258741264,54.9597855227882,21.343596920923723,653.9130434782609,1893.1034482758623,6.1131160794451285,6.937065919179516
