Symbol,Name,Price,Change %,Perf % 1W,Perf % 1M,Perf % 3M,Perf % 6M,Perf % YTD,Perf % 1Y,Perf % 5Y,Perf % 10Y,Perf % All Time,Volatility 1W,Volatility 1M
1JANATAMF,First Janata Bank Mutual Fund Units,3.6,0.0,-2.702702702702705,5.882352941176476,12.499999999999996,5.882352941176476,38.46153846153846,16.129032258064516,-54.43037974683545,-14.334694240142545,-33.78433813862047,4.446160446160445,5.340189256155645
1STPRIMFMF,Prime Finance First Mutual Fund 2009 Units,31.3,-5.722891566265067,-6.567164179104476,48.34123222748814,26.209677419354836,68.27956989247312,56.5,41.628959276018094,52.68292682926829,229.47368421052633,2.287581699346403,8.399967433536563,6.751625729984681
AAMRANET,aamra networks ltd,19.3,-1.025641025641022,-2.030456852791871,-3.4999999999999964,-6.310679611650488,12.865497076023388,8.42696629213483,-9.389671361502348,-59.81928346747923,-67.96442513748246,-67.96442513748246,3.2138384960596924,4.474674258604719
AAMRATECH,Aamra Technologies Limited,16.6,0.0,-1.7751479289940661,-4.597701149425271,-2.35294117647058,20.289855072463773,34.959349593495936,20.289855072463773,-53.572559547074384,-23.33692957487568,-43.54616678868692,2.8236838264769863,5.322529735487638
ABB1STMF,AB Bank 1st Mutual Fund 2011 Units,3.6,0.0,-2.702702702702705,2.85714285714286,9.0909090909091,-7.692307692307688,33.33333333333333,16.129032258064516,-42.85714285714286,-19.30566089684733,-46.29997601309429,6.112827112827109,6.024677629719646
ABBANK,AB Bank PLC,4.3,0.0,-4.444444444444448,-6.52173913043478,-14.000000000000004,-30.645161290322584,4.878048780487809,-17.307692307692314,-69.47993395798397,-69.69678691670134,-81.31544675941318,3.7103594080338302,4.455607643676395
ACFL,Aman Cotton Fibrous PLC,21.7,-0.9132420091324169,-5.652173913043481,-7.659574468085109,-9.583333333333336,20.555555555555554,20.555555555555554,13.612565445026165,-48.45605700712589,-63.83333333333333,-63.83333333333333,4.529937319217812,6.226454881137904
ACI,Advanced Chemical Industries PLC,185.0,0.27100271002710025,-2.8361344537815154,-2.37467018469657,-9.75609756097561,-8.370480435859339,-5.128205128205129,0.0,-26.517269772296316,-27.211937595960638,197.06561437945868,1.760536597854075,2.1162349445885096
ACIFORMULA,ACI Formulations PLC,150.5,-2.018229166666663,-5.819774718398004,-3.215434083601286,-2.525906735751299,9.057971014492754,16.666666666666668,6.210303458009888,-9.493126921499139,-4.746835207919405,118.26657513130179,2.5511884399896285,3.435142000248465
ACMELAB,ACME Laboratories Ltd.,78.2,0.0,-1.8820577164366372,-1.511335012594462,-5.326876513317181,2.356020942408373,9.677419354838719,-0.25510204081633014,-27.6595744680851,-26.156751652502365,-42.074074074074076,1.2842621657504676,1.5349441670871065
ACMEPL,ACME Pesticides Ltd,25.1,0.40000000000000563,-4.924242424242414,0.4000000000000057,8.189655172413802,18.39622641509435,57.86163522012579,50.29940119760481,128.18181818181822,128.18181818181822,128.18181818181822,2.737795148590734,4.1980831003459205
ACTIVEFINE,Active Fine Chemicals Ltd.,5.5,0.0,-3.5087719298245643,-9.836065573770487,-21.428571428571427,-24.657534246575338,1.8518518518518452,-36.04651162790697,-81.9672131147541,-78.76237617412116,-81.34782595590472,2.916065416065415,3.6369533030183927
ADNTEL,ADN Telecom Ltd.,57.2,-0.5217391304347777,-5.298013245033105,-6.229508196721307,-16.860465116279062,-2.7210884353741402,-1.2089810017271083,-23.63150867823765,-22.702702702702698,41.23456790123458,41.23456790123458,2.550743761095469,3.1811160044466713
ADVENT,Advent Pharma Ltd.,13.4,-0.740740740740738,-6.293706293706295,-7.586206896551722,-17.791411042944787,-8.84353741496598,0.0,-15.18987341772152,-49.93406609801811,-63.61578423024427,-63.61578423024427,4.7457789116154965,4.529319327205092
AFCAGRO,AFC Agro Biotech Ltd.,5.7,-1.7241379310344769,-8.064516129032258,-16.17647058823529,-30.487804878048774,-21.917808219178077,14.000000000000004,-26.92307692307692,-84.8,-82.06715018472687,-75.12377497444466,4.859507770009475,4.609408747235883
AFTABAUTO,Aftab Automobiles Ltd.,26.0,-1.5151515151515098,-3.345724907063192,-8.127208480565374,-17.197452229299362,-11.564625850340132,-23.976608187134506,-32.816537467700265,-23.355614579383662,-43.57283436930947,-61.77999968854521,3.260101286188312,3.2657090043194446
AGNISYSL,Agni Systems PLC,27.4,-1.792114695340502,-7.118644067796615,-4.861111111111119,-9.570957095709579,29.24528301886792,31.73076923076922,3.3962264150943344,5.7915057915057915,66.06767138452334,47.842448015398304,2.660956370408734,4.365128670945611
AGRANINS,Agrani Insurance PLC,28.7,-2.3809523809523787,-4.013377926421403,0.0,7.894736842105254,30.45454545454545,20.58823529411764,5.514705882352941,-36.01394050321715,216.7025074406799,73.95651526676747,2.6290332598512443,4.169883367627618
AIBL1STIMF,AIBL 1st ISLAMIC Mutual Fund 2010- Units,6.0,-1.6393442622950762,0.0,20.0,39.53488372093024,42.85714285714285,76.47058823529412,39.53488372093024,-33.333333333333336,-30.232558139534877,-22.077922077922082,6.26285079188664,7.372952799046975
AIL,Alif Industries Ltd.,30.6,0.32786885245902103,-5.555555555555547,-11.81556195965418,-9.467455621301763,-0.649350649350647,-24.815724815724817,-46.68989547038327,-45.62197097618443,-72.29523084794641,-72.29523084794641,3.3764512883816002,5.455960029286395
AL-HAJTEX,Alhaj Textile Mills Limited,81.1,3.575989782886331,-0.8557457212713971,-4.923798358733884,-21.64251207729469,-32.36030025020851,-40.88921282798834,-50.84848484848485,14.225352112676049,3.197036019369565,250.2610900367065,6.15320857510177,6.804835452912113
ALARABANK,Al-Arafah Islami Bank PLC,15.3,1.3245033112582854,-0.649350649350647,-10.526315789473687,-0.649350649350647,-6.134969325153374,2.000000000000005,-9.999999999999996,-36.601724203624755,19.741779810165713,-14.494188615133366,3.6710566007779657,5.519790939303219
ALIF,Alif Manufacturing Company Ltd.,5.1,-1.9230769230769333,-5.555555555555569,-7.27272727272728,-7.27272727272728,-1.9230769230769333,27.499999999999993,-8.928571428571429,-76.05633802816902,-46.778918484697506,-69.79935015118068,3.1070889894419302,3.8245432168850613
ALLTEX,Alltex Industries Limited,23.1,-1.7021276595744619,-2.5316455696202445,-6.097560975609756,32.00000000000001,65.00000000000001,72.38805970149254,68.6131386861314,19.072164948453626,10.000000000000007,202.2962952662497,5.223405760933258,4.102820300586969
AMANFEED,Aman Feed PLC,30.7,-2.848101265822791,-4.062500000000002,-9.970674486803526,-10.23391812865498,29.535864978902953,33.47826086956521,13.703703703703702,-54.45103857566766,-47.316676473132496,-8.451929229427682,3.677640582724429,4.739378038786212
AMBEEPHA,Ambee Pharmaceuticals PLC,741.4,-1.3308490817141336,-3.3250749771808583,-1.944187276815242,-1.8143292279168381,-4.335483870967745,2.972222222222219,-10.404833836858009,39.09943714821763,48.87550200803212,296.64734888718687,3.4241022042572276,3.6304758346830597
AMCLPRAN,Agricultural Marketing Co. Ltd.,215.7,-0.04633920296571952,-1.9545454545454597,-1.9545454545454597,-3.0125899280575617,0.7943925233644806,6.623826000988619,-8.987341772151902,-24.04929577464789,2.034058656575205,75.36585365853657,1.0862234125096601,2.0761865804781703
ANLIMAYARN,Anlima Yarn Dyeing Ltd.,25.6,2.4000000000000057,-5.882352941176462,-13.220338983050844,-21.230769230769226,26.10837438423646,23.07692307692308,12.77533039647578,-41.013824884792626,-16.612377850162858,28.000000000000007,5.841555977229602,8.593730031085395
ANWARGALV,Anwar Galvanizing Ltd.,115.0,-1.7933390264730953,-2.8716216216216264,10.470701248799237,-2.0442930153322023,20.418848167539267,32.7944572748268,57.103825136612016,-53.37837875135135,227.51369651314226,1323.124991336727,3.783960005811958,3.741080406504522
AOL,Associated Oxygen Ltd,17.5,-2.234636871508372,15.89403973509934,0.5747126436781691,-3.3149171270718307,4.1666666666666625,15.131578947368425,8.695652173913034,-67.43478263474782,34.81999926895203,34.81999926895203,4.737544102734782,4.489626610225456
APEXFOODS,Apex Foods Limited,259.2,-0.42258932001537564,-5.573770491803283,-7.329281372899535,-8.280254777070075,14.487632508833913,5.451586655817729,0.6601941747572772,53.282081608515675,52.47058823529411,262.0111731843576,2.6258538322558485,4.25641925564992
APEXFOOT,Apex Footwear Ltd.,200.1,-0.694789081885859,-7.446808510638296,-2.81690140845071,-3.333333333333336,7.522837184309512,11.600669269380916,4.654811715481175,11.967390637294843,5.163114792747848,50.15558143198056,3.097341548681344,2.319748923157579
APEXSPINN,Apex Spinning and Knitting Mills Ltd.,370.7,0.9806592209207207,3.0008335648791364,6.829971181556194,-8.014888337468985,72.49883666821776,105.94444444444444,119.21939680662331,161.24031007751938,196.08626198083067,429.57142857142856,4.5755474863161245,6.613573674593067
APEXTANRY,Apex Tannery Limited.,95.0,4.85651214128036,-1.7580144777662903,-9.351145038167937,-10.207939508506614,33.80281690140845,59.395973154362416,21.951219512195113,-29.62962962962963,-36.241610738255034,29.95896032831738,4.712812756576426,5.489711901882596
APOLOISPAT,Appollo Ispat Complex Ltd.,2.7,0.0,-3.571428571428559,-12.90322580645161,-18.181818181818173,-32.49999999999999,58.823529411764724,3.8461538461538494,-77.50000000000001,-79.48164646080892,-88.9152612022199,5.15873015873015,5.053263102524191
ARAMIT,Aramit Limited,171.8,-0.9798270893371692,-8.079186730872122,-17.52280364858377,-19.30483795209018,-0.9798270893371692,-5.448541552008794,-23.23503127792672,-57.87150564001961,-58.28071879553181,-18.96226415094339,3.8462440060026566,5.922608124744604
ARAMITCEM,Aramit Cement Limited,11.3,0.0,-0.8771929824561372,-9.599999999999994,-5.833333333333328,-5.042016806722686,28.409090909090907,-5.042016806722686,-79.67625899280576,-67.05539358600582,-68.73283652356214,4.218479621618963,6.323447401331834
ARGONDENIM,Argon Denims Ltd.,22.6,5.607476635514033,3.1963470319634837,-1.7391304347826024,13.000000000000005,29.14285714285715,28.409090909090907,7.619047619047626,-6.841211127966051,27.50587371181303,-41.3865304314243,3.5832863631792264,4.508759095530313
ASIAINS,Asia Insurance PLC,41.4,-0.9569377990430589,-1.1933174224343677,-0.9569377990430589,-5.909090909090912,-1.6627078384798166,50.54545454545454,48.920863309352505,-52.138728323699425,187.5,25.27377551036923,2.392568824857664,4.10081514883645
ASIAPACINS,Asia Pacific General Insurance PLC,47.8,-2.0491803278688527,-0.41666666666667257,0.42016806722688177,4.1394335511982545,23.195876288659797,51.26582278481011,36.96275071633237,-30.320699708454807,202.53164556962022,41.00294985250737,2.344328634945134,3.938578673879841
ASIATICLAB,Asiatic Laboratories Ltd,105.6,-0.09460737937559936,1.1494252873563109,-2.131603336422624,-18.581341557440243,31.50684931506849,119.08713692946056,72.26753670473083,84.29319371727749,84.29319371727749,84.29319371727749,4.365415496471739,5.523896053059917
ATLASBANG,Atlas Bangladesh Limited,80.0,-0.12484394506865708,-2.557856272837996,-3.6144578313253013,11.731843575419003,-1.2345679012345678,41.09347442680775,31.36288998357964,-31.623931623931625,-17.365853615466055,-28.87786263111257,3.47324858147141,3.6719009360318924
AZIZPIPES,Aziz Pipes Limited.,76.4,1.0582010582010732,-1.925545571245186,-2.426564495530002,-3.413400758533488,43.87947269303202,63.24786324786327,51.287128712871294,-49.06666666666666,63.782501231337335,391.3475035886794,7.221078942836804,6.224979306987191
BANGAS,Bangas Limited,115.5,-0.43103448275862066,-6.628940986257075,-8.98345153664303,-15.073529411764707,-7.526020816653327,-11.426380368098162,-1.952461799660439,-19.735927727588606,-22.60474476887134,-17.623940964906723,2.8102911354731837,3.565671188434008
BANKASIA,Bank Asia PLC,16.2,0.0,-4.705882352941181,-4.705882352941181,-11.47540983606558,-19.739726356501027,-4.472826505926253,-2.889503171260774,-5.22205929751204,39.02069609855973,39.361690509609524,2.2164237138167873,1.5486453023299152
BARKAPOWER,Baraka Power Ltd.,9.8,-1.9999999999999927,-1.999999999999993,-7.547169811320744,18.072289156626503,22.500000000000007,44.11764705882355,13.953488372093037,-67.11409395973155,-56.299324601156535,-56.81054024556855,3.4634134316019383,4.142112463151326
BATASHOE,Bata Shoe Co. (Bangladesh) Ltd.,881.2,-0.4743618703410811,-1.7614269788182781,-2.0888888888888837,-0.4293785310734412,3.7926972909305117,9.588359656759112,-0.3843545105132237,-1.9363454262185595,-25.06802721088435,71.10679611650487,1.5543439085713897,2.047083611027981
BATBC,British American Tobacco Bangladesh Co Ltd,223.3,-0.5345211581291709,-2.9130434782608647,-3.5837651122625145,1.592356687898089,1.0407239819004577,-9.959677419354835,-19.560518731988473,-65.8458244111349,-20.344825994050563,139.82100718019316,1.2581353376410611,1.9746108978727908
BAYLEASING,Bay Leasing and Investment Ltd.,4.3,0.0,-4.444444444444448,-10.416666666666668,-8.510638297872347,-15.68627450980392,30.303030303030305,7.499999999999996,-87.73097823019701,-72.85324717635811,-83.61243680113861,5.149501661129569,5.1074989532725095
BBS,Bangladesh Building Systems PLC,11.4,-0.8695652173913012,-9.523809523809518,-12.307692307692305,-30.061349693251536,-4.999999999999997,23.913043478260885,-0.8695652173913012,-48.41628959276018,-55.292660783898235,-47.42416886182215,3.652643313970547,4.560207338583669
BBSCABLES,BBS Cables PLC,16.6,-1.1904761904761862,-6.214689265536712,-10.75268817204301,-29.66101694915254,-16.16161616161616,9.210526315789489,-12.169312169312155,-77.65384604082618,-42.575455401891624,-42.575455401891624,3.23461240652514,4.848983662388558
BDAUTOCA,Bangladesh Autocars Limited,189.9,5.852842809364548,0.4761904761904792,-2.264539372104995,-12.849931161083065,0.21108179419525366,49.52755905511812,51.5562649640862,11.117612638970158,485.7489891540922,779.6162788625396,3.4910483049683276,5.320364254838036
BDCOM,BDCOM Online Ltd.,28.2,-0.7042253521126736,-4.406779661016951,-3.4246575342465753,-15.5688622754491,2.173913043478253,8.46153846153846,4.260563640933099,12.646739694892906,56.40287887451423,134.50448557311068,2.198117935994788,3.7912951195884386
BDFINANCE,Bangladesh Finance PLC,11.2,-0.8849557522124019,-5.084745762711876,-13.17829457364342,-17.03703703703704,-17.647058823529413,-13.84615384615385,-18.248175182481752,-83.0157368321226,17.95584330799275,-31.064037609255134,2.476406724776541,3.5011416471042285
BDLAMPS,Bangladesh Lamps PLC,228.1,1.6035634743875253,0.9292035398230063,4.970087436723415,27.430167597765358,59.065550906555075,69.59107806691449,47.256294383473204,4.391360054311537,32.50108566878982,103.38916650395532,2.2425778745519898,3.2246241290166413
BDTHAI,Bangladesh Thai Aluminium Ltd.,14.6,-0.6802721088435351,-8.17610062893082,-5.806451612903228,-29.126213592233018,10.606060606060609,30.357142857142865,14.960629921259846,-50.34013605442177,-25.552006819721733,-8.358888048465266,3.2962509519632164,5.427724282860369
BDTHAIFOOD,BD Thai Food & Beverage Ltd.,19.2,-1.0309278350515427,-11.520737327188941,-21.311475409836063,-23.505976095617537,1.5873015873015912,33.33333333333332,27.152317880794698,58.67768595041323,58.67768595041323,58.67768595041323,5.88095588435773,5.580553784657006
BDWELDING,Bangladesh Welding Electrodes Ltd.,11.6,-0.8547008547008517,-6.451612903225812,-10.769230769230772,-20.000000000000004,-36.95652173913043,-35.91160220994476,19.587628865979386,-46.04651162790697,10.528301833613744,-47.20257497411294,3.6347744950004945,4.468897086415792
BEACHHATCH,Beach Hatchery Ltd,26.6,-0.7462686567164152,-4.999999999999995,-11.627906976744185,-20.59701492537313,-16.614420062695917,-43.16239316239316,-50.74074074074074,5.9760956175298805,144.03669724770643,17.848101534337445,2.9718358191462793,4.100813726761296
BEACONPHAR,Beacon Pharmaceuticals PLC,102.6,-0.6776379477250754,-1.629913710450626,-1.3461538461538516,-7.149321266968331,-2.285714285714291,-2.005730659025796,-17.258064516129036,-52.27906976744186,460.655737704918,566.2337662337661,2.697062799647224,2.92614250240724
BENGALWTL,Bengal Windsor Thermoplastics PLC,21.7,-0.9132420091324169,-4.824561403508778,-7.264957264957263,-13.88888888888889,11.855670103092788,24.712643678160926,10.714285714285701,-22.500000000000004,-47.88209612449039,-56.16527554640204,2.7026308796173217,4.575636955820929
BERGERPBL,Berger Paints Bangladesh Ltd.,1462.9,-0.020503007107706025,-0.8001627449650746,-2.1471571906354456,2.443977591036421,4.158063367746536,5.930485155684293,2.443977591036421,-19.323884630232165,29.92584040143879,457.2952380952382,1.9489937121686456,1.3341803352424726
BESTHLDNG,Best Holdings PLC,14.5,-2.684563758389264,-3.3333333333333335,0.694444444444442,-2.684563758389264,8.208955223880595,7.407407407407407,-17.61363636363637,-50.68027210884353,-50.68027210884353,-50.68027210884353,3.0285705285705227,3.729683723513761
BEXIMCO,Bangladesh Export Import Company Ltd.,20.8,-2.3474178403755865,-7.555555555555553,-8.771929824561402,-29.49152542372881,-81.10808356039963,-81.10808356039963,-81.10808356039963,-83.99999996061538,3.341631701137363,-47.62508463021473,4.876650194567342,4.830910557877703
BGIC,Bangladesh General Insurance Company PLC,41.2,-1.4354066985645797,-0.7228915662650534,2.487562189054726,4.303797468354437,22.61904761904762,33.33333333333335,22.98507462686568,-31.900826446280988,174.66666666666669,31.629392971246013,3.147771006259039,4.838784225728594
BIFC,Bangladesh Industrial Finance Company Ltd.,3.3,-2.941176470588238,-13.157894736842106,-21.428571428571434,-28.260869565217387,-40.00000000000001,94.11764705882354,-5.71428571428572,-57.69230769230769,-59.75609756097561,-83.800965109046,6.5953654188948345,6.48029781962889
BNICL,Bangladesh National Insurance Company Ltd,168.9,-2.7633851468048265,8.06142034548944,56.3888888888889,40.39900249376559,159.84615384615384,275.3333333333333,288.2758620689655,12.151394422310766,1018.543046357616,356.4864864864865,4.94736797430634,7.436058936215893
BPML,Bashundhara Paper Mill Ltd.,26.2,0.0,-6.76156583629894,-3.6764705882352944,-9.655172413793105,-9.342560553633216,1.158301158301161,-24.712643678160916,-49.90439770554494,-83.0967741935484,-83.0967741935484,2.8107964471009326,4.04244086239451
BPPL,Baraka Patenga Power Ltd.,18.6,-2.1052631578947296,-4.615384615384608,-7.92079207920791,-8.823529411764692,21.568627450980394,24.832214765100677,34.78260869565218,-61.410788381742734,-41.69278996865203,-41.69278996865203,2.691140338199162,3.4842972586697476
BRACBANK,BRAC Bank PLC,65.7,-0.3034901365705658,1.7027863777089918,5.627009646302251,0.305343511450386,5.3765941649041995,19.54907914971745,8.55606036620434,149.17217683186723,286.3473754666261,898.0080761365506,1.0534874618690453,1.3125596470351106
BSC,Bangladesh Shipping Corporation,109.7,-1.1711711711711685,-3.0918727915194344,-2.4888888888888863,-2.228163992869875,0.0,-2.3152270703472793,-5.349439171699743,110.55662188099808,144.7490047563395,119.6628115730434,1.4250890891618657,2.4287685327665773
BSCPLC,Bangladesh Submarine Cables PLC,145.0,-1.1588275391956298,-3.268845897264847,-4.605263157894737,-8.80503144654088,3.942652329749104,13.016367887763046,7.169253510716916,-34.714092751013055,16.092874299439547,231.27713045464924,1.668186453881794,2.0830535889879984
BSRMLTD,Bangladesh Steel Re-Rolling Mills Ltd.,94.1,-0.5285412262156448,-3.388090349075987,-5.522088353413655,-12.056074766355145,13.237063778580024,23.32896461336828,5.849268841394813,-15.301530153015303,-36.104938400578305,108.74516603733477,1.502913086887185,2.5916294725824636
BSRMSTEEL,BSRM Steels Limited,82.9,-0.36057692307691963,-4.712643678160913,-9.793253536452665,-3.604651162790691,20.31930333817126,30.55118110236221,24.474474474474494,14.344827586206902,-9.263681677810446,47.30692330479555,2.2514524171350496,2.7568042561032646
BXPHARMA,Beximco Pharmaceuticals Plc,147.2,-0.27100271002710413,-1.3404825737265416,0.9602194787379816,4.7686832740213445,28.222996515679434,42.912621359223294,23.697478991596633,-37.36170212765958,97.46341443668291,234.9283315213968,1.5103366154233033,2.0195295417413432
CAPITECGBF,CAPITEC GRAMEEN BDT10 (MUTUAL FUND) Units,8.9,-1.1111111111111072,0.0,2.298850574712656,17.105263157894743,28.98550724637681,30.882352941176478,20.27027027027027,-38.19444444444444,-38.19444444444444,-38.19444444444444,3.798468317764846,5.096912971708319
CAPMIBBLMF,CAPM IBBL Islamic Mutual Fund Units,16.2,-5.263157894736854,12.499999999999991,26.56249999999999,47.27272727272726,95.18072289156625,115.99999999999999,82.02247191011234,-19.000000000000004,61.999999999999986,61.999999999999986,7.275255436099488,6.240888087755839
CENTRALINS,Central Insurance PLC,44.1,0.2272727272727305,0.0,2.7972027972028037,1.3793103448275894,7.560975609756101,8.35380835380835,8.35380835380835,-26.254180602006684,228.72181696048278,67.50181062715436,1.7793031488972373,3.2207380065694573
CENTRALPHL,Central Pharmaceuticals Ltd.,9.0,-1.098901098901095,-5.2631578947368425,-11.764705882352935,-13.461538461538463,-5.2631578947368425,2.2727272727272645,-12.621359223300976,-52.63157894736842,-31.52994008720645,-73.70065006540307,3.793247570971067,4.7405424361502195
CITYBANK,City Bank PLC,29.9,-0.6644518272425343,-0.3333333333333381,0.3355704697986506,-6.562500000000004,9.506369090211312,40.92213071149094,34.84313685037254,70.72645877712326,129.77335121286615,194.5211479846488,1.3477465279283316,1.289661226651301
CITYGENINS,City Insurance PLC,131.6,0.6885998469778162,2.572096648480111,3.459119496855339,22.64678471575023,33.06370070778563,51.78777393310264,94.96296296296295,175.31380753138077,1079.525923112538,448.93321715937634,1.5725116241892398,1.1767297826544971
CLICL,Chartered Life Insurance PLC,47.3,-2.874743326488718,1.2847965738757907,6.531531531531529,-11.257035647279551,-26.093750000000004,-15.232974910394265,-19.283276450511952,329.99999999999994,329.99999999999994,329.99999999999994,5.637219372226801,5.005085909082668
CNATEX,C & A Textiles Ltd,3.0,0.0,-3.225806451612906,-6.250000000000005,-6.250000000000005,-25.0,25.000000000000004,0.0,-57.142857142857146,-60.240963879372906,-82.4834122848176,7.4712643678160955,6.861990773320827
CONFIDCEM,Confidence Cement PLC,59.1,-0.1689189189189213,-6.041335453100155,-8.372093023255813,-12.83185840707964,-4.830917874396135,19.635627530364378,0.5102040816326603,-58.89100925909818,29.629630571977014,10.210405764449986,3.2648898746565016,3.587311413694489
CONTININS,Continental Insurance PLC,32.9,-3.2352941176470633,-2.3738872403560953,-3.801169590643287,-1.201201201201197,30.555555555555554,35.950413223140494,19.636363636363633,-34.0744273161021,169.56327508940822,43.28972876193349,3.627034712159308,4.326427211631525
COPPERTECH,Coppertech Industries Ltd,21.7,-0.9132420091324169,-5.652173913043481,-9.20502092050209,-20.22058823529412,1.8779342723004628,14.814814814814818,-2.690582959641262,-47.378752748902734,-16.26512436688061,-16.26512436688061,2.5697418658961926,4.3581767877895246
CROWNCEMNT,Crown Cement PLC,58.2,-1.1884550084889571,-5.211726384364813,-8.634222919937205,-11.951588502269276,15.93625498007968,24.358974358974372,2.2847100175747,-32.716763005780344,-24.119947848761406,-27.970297029702966,3.852463958399007,5.105577567550689
CRYSTALINS,Crystal Insurance Company Ltd,69.0,-2.8169014084507045,-2.542372881355928,9.697933227344993,-7.506702412868625,-17.857142857142858,20.0,26.14259597806215,24.019607723575863,405.999999494,405.999999494,4.215371223760303,5.183501945507882
CVOPRL,CVO Petrochemical Refinery PLC,160.8,1.068510370835963,1.2594458438287153,-3.9426523297491003,-7.319884726224777,2.6164645820038435,9.01694915254238,-7.052023121387276,-25.680672343226885,-25.200000312429548,34.2392851614476,2.3789143416877425,3.432042240273708
DACCADYE,Dacca Dyeing and Manufacturing Company Limited,15.4,0.6535947712418277,-3.144654088050314,-8.875739644970405,-10.982658959537574,-11.999999999999998,-20.618556701030922,-28.037383177570085,-45.0,67.39130434782611,-45.17799358428169,5.424293823489662,4.638809830789349
DAFODILCOM,Daffodil Computers PLC.,160.6,3.4127495170637365,-2.0731707317073207,3.479381443298973,1.645569620253161,102.52206809583859,344.8753462603878,178.81944444444443,132.7536231884058,522.4806201550387,922.9299363057326,3.666187928112222,3.0773252184402793
DBH,DBH Finance PLC,39.7,-0.5012531328320695,-2.216748768472903,-4.106280193236705,-4.106280193236705,7.297297297297305,13.428571428571436,4.473684210526323,-52.249850017049525,-42.85221040448383,15.763595789023567,1.66514521872746,2.5892562222819624
DBH1STMF,DBH First Mutual Fund Units,5.7,0.0,1.7857142857142954,9.615384615384615,21.27659574468085,11.764705882352953,-12.307692307692305,-8.064516129032258,-28.749999999999996,-20.833333333333332,-22.972972972972975,4.581474873624738,5.852860074947113
DELTALIFE,Delta Life Insurance Company Ltd.,71.2,-0.14025245441794434,-2.3319615912208542,-7.170795306388526,-11.662531017369716,-2.063273727647868,5.014749262536882,-11.221945137157107,-60.422456920511394,-26.97435897435897,-97.88503124925738,2.4627673237054717,3.109405832589964
DELTASPINN,Delta Spinners Limited,7.6,-1.2987012987013056,8.571428571428566,4.109589041095888,10.144927536231874,26.66666666666666,51.999999999999986,40.740740740740726,-37.1900826446281,13.530863960657829,-51.4915254587579,3.6053878828526735,4.662546953989142
DESCO,Dhaka Electric Supply Co. Ltd.,22.6,-0.4405286343612241,-3.004291845493559,-6.9958847736625485,-10.671936758893278,-3.004291845493559,10.243902439024398,-5.439330543933043,-44.059405940594054,-57.757009345794394,-66.00286524452005,2.47911172434875,3.222513885372709
DESHBANDHU,Deshbandhu Polymer Limited,16.9,0.5952380952380826,-3.977272727272743,-10.582010582010582,-21.75925925925927,-7.142857142857146,-0.5882352941176554,-20.657276995305175,-29.288702928870293,61.6521738287032,-21.95030370506162,2.864313638150583,4.464547642502458
DGIC,Desh General Insurance Company Ltd,40.7,-1.690821256038637,8.244680851063832,27.187500000000007,39.86254295532647,91.07981220657278,106.59898477157363,80.8888888888889,-13.219616204690823,171.33333333333337,171.33333333333337,5.141270708771963,5.405930984320931
DHAKABANK,Dhaka Bank PLC,11.3,0.0,-1.7391304347826024,-5.833333333333328,-9.599999999999994,-10.31746031746031,0.0,-0.8771929824561372,-7.652132736483239,5.3763351216629935,-11.766287222478057,1.782553729456391,1.8250204384982451
DHAKAINS,Dhaka Insurance Limited,45.8,-1.5053763440860277,2.9213483146067354,2.0044543429844066,8.530805687203777,15.94936708860759,27.222222222222214,23.450134770889473,-43.8036809815951,180.9815950920245,-3.9098039984407884,2.8562476547352826,4.089268784794077
DOMINAGE,Dominage Steel Building Systems Ltd,66.1,7.654723127035824,-2.507374631268441,2.9595015576323855,-17.063989962358857,51.60550458715594,128.71972318339098,247.8947368421052,88.6005439497622,399.71599915048273,399.71599915048273,5.113584823728199,4.958732063296835
DOREENPWR,Doreen Power Generations & Systems Ltd.,31.4,0.0,-1.567398119122257,-3.9755351681957314,2.950819672131143,16.29629629629629,11.347517730496453,2.280130293159607,-53.386792599742186,0.9789344268822804,-21.012033511810998,2.6658315816815343,4.007052357669332
DSHGARME,Desh Garments Limited.,148.9,-2.2965879265091864,-4.244372990353694,-13.930635838150286,-4.244372990353694,33.42293906810037,27.920962199312715,14.538461538461542,-28.162280773592094,45.76387755133131,1359.5400496059533,3.8177950867076897,5.713458031695045
DSSL,Dragon Sweater & Spinning Ltd.,11.0,-2.6548672566371745,-4.3478260869565215,-5.982905982905978,-1.7857142857142796,14.583333333333337,29.41176470588235,1.8518518518518452,-49.468749737711235,105.54346386957741,21.12747879814892,3.4645537948290253,4.886673767574147
DULAMIACOT,Dulamia Cotton Spinning Mills Limited,214.5,-0.5563282336578529,12.894736842105264,13.25237592397043,3.125,78.75,58.888888888888886,47.62560220233998,241.5605095541401,2879.1666666666665,2231.521739130435,6.498131402691841,6.376294817100665
DUTCHBANGL,Dutch-Bangla Bank PLC,45.8,1.1037527593818985,-0.4347826086956584,-0.4347826086956584,3.1531531531531503,14.500000286249998,24.585492539443,19.62686597070895,-8.809122527992745,113.64268744719018,100.38210680189535,2.0402521127369617,2.4683283931484916
EASTERNINS,Eastern Insurance PLC,63.1,-2.0186335403726776,4.125412541254125,4.2975206611570265,4.470198675496693,15.145985401459862,25.948103792415168,25.948103792415168,-61.2645794966237,173.16017316017314,72.87671232876713,2.968042938019269,4.170870574208998
EASTLAND,Eastland Insurance PLC,27.9,0.0,-1.0638297872340452,-3.125000000000007,6.89655172413792,32.857142857142854,49.19786096256684,32.857142857142854,-37.16216216216216,81.53131939065182,-21.46711342106149,1.7284367451886855,3.202449951272456
EASTRNLUB,Eastern Lubricants Blenders PLC,1920.9,-0.19743336623889202,-3.0093410754859837,2.448000000000005,2.9973190348525516,19.01486988847584,15.647200481637572,19.55809068851661,58.6972117568812,230.61007063213154,1497.94867466238,2.7524983690811657,2.641837661627124
EBL,Eastern Bank PLC,23.0,0.4366812227074298,-1.2875536480686725,-4.166666666666667,-8.0,-11.604477932209155,-2.9098364412012856,-5.240000350611997,-11.036310957095363,62.62244651807673,73.99572466783385,1.0561094365870627,1.978383305457269
EBL1STMF,EBL First Mutual Fund Units,4.5,-2.173913043478253,2.2727272727272645,9.756097560975618,9.756097560975618,12.5,45.16129032258064,7.142857142857138,-43.75,-2.800000427679999,-34.36800233008177,4.348648370850046,6.2391581964080425
EBLNRBMF,EBL NRB Mutual Fund,3.5,-2.77777777777778,0.0,0.0,12.90322580645161,2.941176470588238,52.17391304347827,12.90322580645161,-47.76119402985074,-25.100000059920006,-49.05551679133223,5.65079365079365,5.553411263495298
ECABLES,Eastern Cables Ltd.,118.3,-0.08445945945946665,-6.1111111111111125,-16.039744499645145,-7.5058639562158005,-6.776989755713167,5.530776092774311,-10.582010582010591,-22.22222222222222,-12.611111287702824,185.14541774788214,4.079134734040637,4.906749747378794
EGEN,eGeneration PLC,22.6,-0.8771929824561372,-4.641350210970455,-6.224066390041493,-15.355805243445685,3.1963470319634837,14.141414141414144,-15.037593984962406,-64.96124031007751,50.66666666666667,50.66666666666667,1.961199191128357,3.893780919080325
EHL,Eastern Housing Ltd.,83.2,-1.538461538461535,-4.36781609195402,-9.071038251366117,-9.859154929577459,7.354838709677423,13.66120218579235,-2.117647058823526,32.484076433121025,138.03814770000818,112.82598712165958,2.3176092507079176,3.399211561537354
EIL,Express Insurance Ltd.,33.6,0.5988023952095893,4.347826086956517,5.329153605015683,8.038585209003216,20.000000000000004,19.148936170212774,7.6923076923077,-12.27154046997388,124.00000000000001,124.00000000000001,3.2206956322809956,3.68140167020244
EMERALDOIL,Emerald Oil Industries Ltd.,27.4,-1.792114695340502,-0.3636363636363688,-4.195804195804206,25.6880733944954,66.06060606060605,90.27777777777776,65.0602409638554,-29.01554404145078,-26.84466026342375,-36.24230782350141,4.067264057190692,5.254258465878706
ENVOYTEX,Envoy Textiles Ltd.,72.8,0.8310249307479145,2.53521126760563,17.419354838709673,29.307282415630553,45.30938123752494,50.10309278350515,29.307282415630553,56.896551724137936,113.5847437630973,62.47255693448592,4.0261037954407435,5.567516979323077
EPGL,Energypac Power Generation PLC,16.5,0.0,-4.069767441860461,-9.836065573770494,-17.085427135678387,-5.714285714285714,5.769230769230771,-15.384615384615385,-68.26923076923077,-64.51612903225806,-64.51612903225806,3.0356201785362913,3.66946428079014
ESQUIRENIT,Esquire Knit Composite PLC,23.8,1.7094017094017186,-6.299212598425188,-9.160305343511444,-5.55555555555555,15.533980582524268,15.533980582524268,-11.524163568773226,-43.73522458628841,-49.682875264270606,-49.682875264270606,2.4315776642539877,4.772934892341488
ETL,Evince Textiles Ltd.,15.9,0.632911392405061,5.298013245033117,23.25581395348837,15.217391304347823,59.0,59.0,54.36893203883495,10.416666666666666,32.46524652830854,21.814774445120495,4.531861320733903,5.166851925507051
EXIM1STMF,EXIM Bank 1st Mutual Fund 2013- Units,6.4,-1.538461538461533,-7.246376811594202,6.666666666666672,82.85714285714288,68.42105263157896,128.5714285714286,60.00000000000001,-9.859154929577455,0.9684212585540163,-17.90695848146733,4.958632888670204,6.872165964219762
FAMILYTEX,Familytex (BD) Ltd.,2.3,4.545454545454529,-4.1666666666666705,-8.000000000000007,-11.538461538461549,-34.28571428571429,76.9230769230769,27.777777777777764,-57.40740740740741,-67.92123468110466,-92.97651973839928,7.193675889328057,7.113312686435218
FARCHEM,FAR Chemical & Textile Ind. PLC,15.5,-3.125,-7.185628742514966,-8.823529411764707,-20.91836734693878,-6.626506024096393,6.896551724137931,-25.120772946859898,-3.125,-2.533070790040783,-31.231666584144666,5.288429983072168,6.36293702140814
FAREASTLIF,Fareast Islami Life Insurance Company Limited,17.8,0.0,-0.5586592178770831,-10.999999999999996,-24.255319148936167,-19.09090909090909,-14.423076923076923,-34.31734317343174,-74.89421720733428,-65.54838695896775,-77.36416178167264,4.541931921553543,5.899205918303167
FBFIF,First Bangladesh Fixed Income Fund Units,3.5,0.0,-2.7777777777777803,0.0,9.374999999999995,0.0,34.615384615384606,9.374999999999995,-39.6551724137931,-36.623077057241,-53.336565802747046,5.2268907563025255,5.303909442564911
FEDERALINS,Federal Insurance PLC,27.7,-1.071428571428574,-1.773049645390071,-1.773049645390071,4.135338345864653,36.453201970443345,44.270833333333336,22.56637168141592,-29.51653944020356,187.77370476520198,43.49926075319728,2.1713768519652894,3.620816695780471
FEKDIL,Far East Knitting & Dyeing Industries PLC.,21.8,-1.8018018018017956,-1.8018018018017954,-10.655737704918025,10.1010101010101,51.388888888888886,53.52112676056339,5.3140096618357555,12.953367875647668,27.4057393108598,-8.36587224430185,3.860195294251582,5.629656677764046
FINEFOODS,Fine Foods Limited,467.7,3.8640906062624865,2.318967403194042,-0.9529860228716646,-9.007782101167317,-2.9668049792531144,23.014203051025778,46.75243175400063,780.7909604519774,5686.299847010702,2934.3748581630875,2.9945536652210283,3.4032627558729924
FIRSTFIN,First Finance Ltd.,4.4,0.0,-4.347826086956506,-8.333333333333321,10.000000000000009,-16.981132075471688,76.00000000000001,62.96296296296297,-46.98795180722892,-31.704347923482487,-87.08088770512603,3.6997885835095126,7.158265029376472
FORTUNE,Fortune Shoes Ltd.,14.8,-0.671140939597313,-6.91823899371069,-10.843373493975907,-14.45086705202312,0.6802721088435472,6.474820143884894,-6.329113924050633,-78.21495316312081,-43.60627213022769,-43.60627213022769,5.129425881305581,5.000594684806158
FUWANGCER,Fu-Wang Ceramic Industry Ltd.,12.5,-0.7936507936507908,-5.303030303030298,-13.194444444444446,-24.698795180722897,-3.1007751937984525,8.695652173913043,-6.015037593984967,-46.808510638297875,3.9843746922712433,-17.931614701941164,3.0362928827444993,4.405771146466499
FUWANGFOOD,Fu-Wang Foods Limited,9.5,-1.041666666666663,-3.0612244897959253,-3.0612244897959253,-21.487603305785118,-10.377358490566035,-15.178571428571425,-34.93150684931506,-53.65853658536585,-9.032374339983917,-42.975784644139445,2.3157894736842053,3.8396836264493297
GBBPOWER,GBB POWER Ltd.,13.1,0.0,-3.6764705882352944,-9.027777777777782,57.8313253012048,47.191011235955045,104.68749999999997,89.8550724637681,-72.98969072164948,-4.479166427864583,-50.41300941997209,3.2367322599880732,5.316805140091127
GEMINISEA,Gemini Sea Food PLC,106.6,-2.112029384756668,-1.7511520737327242,-8.103448275862075,-11.535269709543572,-12.622950819672134,-22.019019751280172,-38.66513233601842,20.696122622647405,-9.176536508889413,501.6440754019637,4.381919511179216,4.809266923227271
GENEXIL,Genex Infosys PLC,33.4,-1.7647058823529453,-7.222222222222225,-5.9154929577464825,-5.649717514124294,26.0377358490566,24.163568773234203,8.090614886731393,-71.63273028771033,-0.17848451586075115,-0.17848451586075115,2.5434732977216323,3.974042888807389
GENNEXT,Generation Next Fashions Ltd.,2.9,0.0,-3.333333333333336,-6.451612903225812,-3.333333333333336,-21.621621621621628,7.407407407407397,-3.333333333333336,-60.81081081081081,-50.577464914725056,-86.98274201157395,6.428571428571434,6.347655976807419
GHAIL,Golden Harvest Agro Industries Ltd.,12.3,-1.5999999999999945,-6.818181818181808,-9.558823529411757,-24.07407407407407,-3.1496062992125875,14.953271028037397,-3.1496062992125875,-39.70588235294117,-16.42214572434084,-66.65800803146132,3.7164227642276373,4.61378146057542
GHCL,Global Heavy Chemicals Ltd.,19.6,0.5128205128205201,-2.97029702970296,-8.411214953271015,-1.999999999999993,1.0309278350515612,-1.507537688442197,-14.035087719298243,-53.55450236966824,-52.88461538461538,-76.24242424242425,2.955630358511266,5.531196355758566
GLDNJMF,ICB AMCL CMSF GOLDEN JUBILEE MUTUAL FUND,9.0,-2.173913043478253,-1.098901098901095,11.111111111111114,34.328358208955216,42.85714285714286,47.54098360655739,30.434782608695645,-18.181818181818183,-18.181818181818183,-18.181818181818183,4.6120219727678515,6.176733723089045
GLOBALINS,Global Insurance PLC,44.7,-1.9736842105263126,-0.6666666666666603,0.6756756756756853,14.615384615384622,57.39436619718312,75.29411764705883,59.64285714285715,-19.168173598553338,357.5871612024658,88.71925669687616,2.528832204315479,3.8727054109348513
GOLDENSON,Golden Son Limited,11.9,-1.6528925619834651,-7.751937984496124,-16.783216783216783,-29.58579881656804,-5.55555555555555,17.821782178217827,-3.252032520325206,-32.7683615819209,-47.34513274336283,-69.94949494949496,2.6750700280111985,4.355913358041852
GP,Grameenphone Ltd.,241.1,-0.20695364238410596,-1.1885245901639367,-1.5516537362188694,-7.126348228043153,-1.1885245901639367,-7.269230769230771,-18.957983193277315,-36.65265370467684,-10.204841713221603,40.5011655011655,0.5544348346165302,0.9480522403242596
GPHISPAT,GPH Ispat Limited,16.0,0.6289308176100606,-3.0303030303030303,-8.045977011494246,-11.602209944751388,-4.191616766467062,-0.621118012422369,-21.568627450980387,-70.26174493945898,-26.7223369469019,-14.559733593660846,3.8318958262132012,4.467787173058628
GQBALLPEN,G.Q. Ball Pen Industries Limited,599.5,1.8691588785046727,-1.721311475409836,6.8246614397719085,-3.7720706260032104,7.053571428571429,33.906633906633914,2.830188679245283,381.13964686998395,772.6346433770013,341.9391012382853,4.170814217654867,4.955264080755564
GRAMEENS2,Grameen Mutual Fund One - Grameen Two Units,12.2,-2.4000000000000057,-2.4000000000000057,-6.1538461538461595,-5.426356589147296,-2.4000000000000057,11.926605504587146,-2.4000000000000057,-28.23529411764706,20.838095431436177,-33.373516057062645,3.7045753788149702,3.5131070651187315
GREENDELMF,Green Delta Mutual Fund 2010 Units,4.8,-2.040816326530623,-5.8823529411764675,14.285714285714276,26.315789473684212,26.315789473684212,59.99999999999999,33.33333333333332,-39.24050632911393,-28.358208955223883,-33.333333333333336,5.277556128834512,6.811829796442933
GREENDELT,Green Delta Insurance PLC,69.2,-1.5647226173541882,5.648854961832066,2.2156573116691285,2.9761904761904763,31.558935361216733,29.1044776119403,34.89278752436648,-37.20508166969147,68.1417807456206,32.74226805105376,3.556377207247059,4.385126772702682
GSPFINANCE,GSP Finance Company PLC,3.5,0.0,-2.7777777777777803,-5.40540540540541,-5.40540540540541,-32.69230769230769,118.75,16.666666666666668,-86.26824820049102,-72.15838710475512,-75.93809696227954,7.025210084033619,6.462257712257714
HAKKANIPUL,Hakkani Pulp & Paper Mills PLC,69.4,0.28901734104046656,-5.962059620596195,-7.957559681697612,-13.141426783479348,-18.83040935672514,2.51107828655835,-8.563899868247693,-13.681592039800995,39.91935483870969,273.1182795698925,3.032367791685863,4.060642213259518
HAMI,Hami Industries PLC,154.9,0.5191434133679503,2.5148908007941837,2.3117569352708056,-2.5173064820641913,-6.234866828087156,43.95910780669146,29.298831385642746,-11.435105774728417,-11.435105774728417,-11.435105774728417,4.631030754116717,5.173463440837228
HEIDELBCEM,Heidelberg Materials Bangladesh PLC,208.0,0.28929604628736466,-2.1636876763875796,-4.367816091954023,-13.441531419059512,-12.641747165056698,-4.979442667884881,-15.721231766612645,-41.62222845916363,-61.488613219774116,-21.21212121212121,2.7888265738841187,3.0811209639096777
HFL,Hamid Fabrics PLC,11.4,-3.3898305084745792,-11.627906976744185,-19.71830985915492,-27.388535031847127,-10.236220472440937,75.38461538461539,75.38461538461539,-46.97674418604651,-34.857142857142854,-80.08319462748857,8.70302889588345,7.417929762776083
HRTEX,H.R. Textile Mills Ltd.,16.9,-0.5882352941176554,-4.51977401129944,-11.052631578947375,-22.11981566820277,-17.560975609756103,-7.650273224043728,-30.45267489711935,-76.46835445391139,-20.214592343163442,-40.12423303314334,3.3748767900820824,5.088925810449019
HWAWELLTEX,Hwa Well Textiles (BD)PLC,46.4,0.6507592190889309,0.0,-0.8547008547008517,0.0,11.004784688995219,4.035874439461877,-3.53430353430354,-1.276595744680854,37.27810650887575,15.999999999999996,2.011458713889155,3.6790728127890575
IBNSINA,BN SINA Pharmaceutical Industry PLC,315.0,-0.9745363093366938,-0.9745363093366937,1.2536162005785847,-1.315789473684207,-1.4701282452298996,0.0,2.272727272727273,16.236162361623617,66.7531250828242,425.86992426624187,1.2652659684660694,1.4427414831471534
IBP,Indo-Bangla Pharmaceuticals Ltd.,14.6,-2.6666666666666687,1.388888888888884,-16.0919540229885,-18.888888888888893,5.035971223021577,30.357142857142865,9.774436090225555,-36.27966124159035,-44.269172284880284,-44.269172284880284,4.397604259673222,6.21923220436972
ICB,Investment Corporation of Bangladesh,38.3,0.0,-6.127450980392157,-10.930232558139542,-17.634408602150543,1.3227513227513228,4.931506849315061,-24.90196078431373,-73.05857847199599,-50.009989968363726,-64.98364874450391,2.7068214421895767,3.7704294881166405
ICB3RDNRB,ICB AMCL Third NRB Mutual Fund 2010 Units,6.2,-3.1250000000000027,0.0,12.72727272727273,26.530612244897952,34.782608695652186,51.21951219512197,37.777777777777786,-12.676056338028161,37.777777777777786,-12.676056338028161,6.009506545367204,5.774152647515372
ICBAGRANI1,ICB AMCL First Agrani Bank Mutual Fund Units,8.1,-1.219512195121947,-3.5714285714285796,2.531645569620244,12.499999999999991,20.895522388059693,26.56249999999999,17.391304347826075,-12.903225806451625,-5.813953488372094,-5.813953488372094,5.563626419928584,5.350750203423519
ICBAMCL2ND,ICB AMCL Second Mutual Fund Units,9.6,-4.0000000000000036,-2.040816326530623,31.50684931506849,45.45454545454546,59.99999999999999,71.42857142857143,59.99999999999999,-32.394366197183096,95.91836734693875,26.315789473684212,6.192994491756867,7.140342334453007
ICBEPMF1S1,ICB Employees Provident Mutual Fund One Scheme One Units,6.4,-3.0303030303030196,-1.538461538461533,10.344827586206907,0.0,18.51851851851852,88.23529411764707,42.22222222222223,-16.88311688311688,4.918032786885258,-22.89156626506024,4.902776961600491,7.117891360056416
ICBIBANK,ICB Islamic Bank Limited,2.6,4.0000000000000036,0.0,0.0,-7.1428571428571335,-21.212121212121204,8.333333333333341,13.043478260869579,-62.85714285714287,-33.33333333333333,-65.33333333333334,5.73333333333334,5.7127650127650185
ICBSONALI1,ICB AMCL Sonali Bank Ltd 1st Mutual Fund 2013- Units,7.7,-2.531645569620255,-4.938271604938265,30.50847457627118,45.28301886792453,57.14285714285714,83.33333333333333,50.98039215686276,-10.465116279069761,26.229508196721323,-35.833333333333336,4.662867667531225,6.7966304943185945
ICICL,Islami Commercial Insurance PLC.,38.9,-4.656862745098036,1.0389610389610353,8.055555555555552,33.676975945017176,76.0180995475113,73.66071428571429,72.12389380530972,166.43835616438352,166.43835616438352,166.43835616438352,4.688694749643279,4.192112647563248
IDLC,IDLC Finance PLC.,42.8,-0.23310023310023645,-2.0594965675057337,-2.7272727272727337,3.3816425120772915,12.350000280874987,25.53072657081004,8.289156883529678,-31.848211315876693,7.468077615057658,-9.476133328618483,2.164761896426481,2.6940770246168593
IFADAUTOS,IFAD Autos PLC,23.1,2.666666666666673,-3.7499999999999942,2.666666666666673,-11.15384615384615,6.451612903225817,6.451612903225817,-4.545454545454537,-56.51577230540966,-52.54443631848606,31.404455709043706,2.6676043995023027,3.240769395997859
IFIC,IFIC Bank PLC,4.8,-2.040816326530623,-2.040816326530623,0.0,-4.0000000000000036,-14.285714285714285,2.1276595744680775,-9.433962264150944,-66.09812497119928,-33.58025261870855,-54.822631136852145,3.395390070921989,4.985900006984039
IFIC1STMF,IFIC Bank 1st Mutual Fund Units,3.9,-2.500000000000002,-4.8780487804877986,0.0,8.333333333333329,-17.021276595744688,56.0,18.181818181818183,-38.095238095238095,-6.15624986803223,-39.57378050000066,3.977441257929062,5.5243383213766535
IFILISLMF1,IFIL Islamic Mutual Fund - 1 Units,5.9,0.0,-4.838709677419351,13.461538461538463,34.090909090909086,37.20930232558141,73.5294117647059,37.20930232558141,-11.940298507462684,-9.230769230769225,-6.34920634920634,5.636271167896407,4.580804952325559
INDEXAGRO,Index Agro Industries Ltd,73.2,2.8089887640449436,-7.341772151898732,3.244005641748938,0.1367989056087668,11.077389984825489,9.41704035874439,0.7339451990320763,-35.949999839875,2.480000256199998,2.480000256199998,3.3508793202251175,3.923504323627982
INTECH,Intech Ltd.,23.6,-1.6666666666666607,-7.086614173228336,-3.2786885245901525,-31.19533527696792,-42.01474201474202,-25.552050473186114,-32.57142857142856,-40.852130325814535,132.38387086729213,93.70486631471783,3.7992852629521985,5.377201639596461
INTRACO,Intraco Refueling Station PLC,22.0,0.4566210045662165,0.0,-2.654867256637174,7.317073170731708,17.021276595744677,7.317073170731708,-15.384615384615385,-4.578313685283782,-52.68482760311963,-52.68482760311963,3.568836996273944,2.981698357034129
IPDC,IPDC Finance PLC,33.1,-6.497175141242931,-2.3598820058996965,5.414012738853512,0.6079027355623187,81.96335119023261,81.96335119023261,56.5540544454392,-11.989749484942735,114.67289371204735,533.2250735909406,5.220200674529415,4.415640959321774
ISLAMIBANK,Islami Bank Bangladesh PLC,26.7,0.0,-1.1111111111111138,-3.6101083032490977,-16.562500000000004,-33.416458852867834,-19.090909090909093,-34.23645320197045,-11.295681063122931,-14.696485623003198,-31.697674486906976,1.7338629592850037,2.455100662639772
ISLAMICFIN,Islamic Finance & Investment PLC,10.7,0.943396226415091,-2.7272727272727337,-3.6036036036036068,0.943396226415091,-5.309734513274348,12.631578947368414,48.61111111111109,-68.43657817109145,-14.403689680314116,-41.32761989665096,3.207547169811331,3.0405595060103234
ISLAMIINS,Islami Insurance Bangladesh Limited,67.4,-3.5765379113018594,3.8520801232665636,12.897822445561141,8.186195826645278,75.06493506493507,79.73333333333335,68.92230576441105,-5.734265734265726,441.64629696875124,257.8785360949384,4.34861966257348,4.212054796431911
ISNLTD,Information Services Network Ltd.,52.8,0.0,1.538461538461533,-7.368421052631584,-13.442622950819676,-33.417402269861284,-32.653061224489804,-52.857142857142854,11.1578947368421,342.8387105345265,249.44000138505302,5.667585904656525,7.624348847878416
ITC,IT Consultants PLC,43.5,-1.3605442176870781,-5.228758169934638,-6.451612903225806,-10.49382716049383,14.173228346456689,12.987012987012987,-0.6849315068493086,2.3529411764705883,40.528504451813966,48.067587328481935,2.13956135720039,2.911365077090532
JAMUNABANK,Jamuna Bank PLC,22.9,0.0,-1.2931034482758652,-5.761316872427993,-4.583333333333339,-0.4347826086956584,8.530805687203777,7.009345794392524,17.667014580967077,153.81968815167787,95.69140558135318,0.8752777139354999,1.7935805619212852
JAMUNAOIL,JAMUNA OIL PLC,178.0,0.3948110547095254,-0.7803790412486096,1.1363636363636365,-4.557640750670242,3.608847497089632,5.200945626477549,-5.319148936170213,-3.313416621401409,-7.867494824016558,10.872027066433539,1.5038626162013735,1.129165544214388
JANATAINS,Janata Insurance PLC,32.7,-1.506024096385542,0.6153846153846241,-0.6079027355622971,-5.4913294797687815,14.736842105263168,34.56790123456791,27.734375000000004,-33.873333065152956,259.4516264027495,-82.51129588980604,2.508991648273281,4.339130848147725
JHRML,JMI Hospital Requisite Manufacturing Ltd,42.9,-1.3793103448275894,-5.298013245033109,-10.062893081761015,-15.882352941176473,-1.6055045871559697,1.6587677725118382,-22.84172661870504,95.0,95.0,95.0,2.099683235771176,3.6120703394241476
JMISMDL,JMI Syringes & Medical Devices Ltd.,128.1,-1.233616037008477,-2.2137404580152715,-0.07800312012480057,-11.77685950413223,5.086136177194412,8.559322033898301,-10.10526315789474,-56.87722786076515,9.569810970131321,269.88534915619886,1.6330396584324522,3.8315027145230127
JUTESPINN,Jute Spinners Limited,205.3,-1.4875239923224541,-0.4364694471386893,-4.199720018665422,-6.681818181818176,-6.341240875912399,5.174180327868864,-7.522522522522517,20.058479532163748,279.48243992606285,208.72180451127824,2.7028214923052527,2.6595322094464513
KARNAPHULI,Karnaphuli Insurance PLC,52.3,-2.425373134328366,-3.3271719038817085,-4.9090909090909145,35.492227979274595,70.91503267973854,83.50877192982455,70.35830618892508,11.752136752136753,401.39782859939555,91.59426566949791,3.2873272560712663,4.622827047091846
KAY&QUE,Kay and Que (Bangladesh) Ltd.,400.9,-2.171791117618359,2.8212362144139527,1.7512690355329892,-9.092970521541956,-13.036876355748378,6.226815050344462,4.334396853441892,45.07132659619846,1546.1994505566038,1918.3836741246707,3.4190964108986206,4.133325998326312
KBPPWBIL,Khan Brothers PP Woven Bag Industries Ltd,36.2,-2.4258760107816673,-9.045226130653253,5.847953216374268,-12.771084337349393,-28.599605522682445,-24.58333333333333,-75.78595317725753,130.57324840764335,88.085957412793,8.149425193468172,5.784037456890409,6.564132188976293
KDSALTD,KDS Accessories Ltd.,44.2,-0.4504504504504409,-3.9130434782608634,-4.946236559139779,-17.073170731707307,11.055276381909563,7.5425790754257935,-7.142857142857141,-39.727272576590906,-27.80652508972753,-15.292989527345345,1.9028209732840815,3.236865361255115
KEYACOSMET,Keya Cosmetic Ltd.,5.3,0.0,-5.357142857142854,1.9230769230769162,0.0,0.0,17.777777777777775,10.416666666666668,-40.449438202247194,-30.040000039177606,-66.09240696732275,3.0333817126270004,4.699270325842465
KOHINOOR,Kohinoor Chemical Company (Bangladesh) PLC,522.7,0.13409961685824626,-0.4570557988954441,0.32629558541267667,2.4901960784313815,0.9073359073359161,4.5609121824365015,1.227112574829245,63.09574583926878,319.218664329316,1031.5619943848517,0.9500220900223258,1.5827809533862922
KPCL,Khulna Power Company Ltd.,10.4,-1.886792452830182,-1.886792452830182,-9.565217391304346,-2.8037383177569994,-4.587155963302752,-0.952380952380949,-8.771929824561402,-78.15126050420169,-82.15288613298547,-75.92785567606236,2.6869554393826185,3.959383314500868
KPPL,Khulna Printing & Packaging Ltd,13.6,1.4925373134328304,3.030303030303033,0.0,-13.375796178343947,-19.526627218934905,-15.000000000000002,-12.258064516129034,-13.375796178343947,43.1578947368421,-60.52770452610606,4.609808102345411,5.108372106772171
KTL,Kattali Textile Ltd.,13.3,3.90625,1.5267175572519165,8.130081300813007,30.39215686274511,40.00000000000001,14.655172413793114,0.0,-55.21885521885521,-30.47824044014504,-30.47824044014504,3.622572294742228,4.608469708517216
LANKABAFIN,LankaBangla Finance PLC,14.3,-1.3793103448275814,-3.378378378378378,-8.333333333333327,-14.371257485029933,-4.02684563758389,16.260162601626014,-15.384615384615373,-69.37901498929337,-32.18508052565241,-50.05822440952624,2.0833869195938104,3.1156133598489295
LEGACYFOOT,Legacy Footwear Ltd.,71.3,2.2955523672883706,0.42253521126760163,0.8486562942008405,2.4425287356321883,15.746753246753238,31.54981549815497,13.897763578274752,-3.3875338753387534,184.52523542982743,355.3087733471802,2.3017272342254538,3.3576750823445076
LHB,LafargeHolcim Bangladesh PLC,52.5,0.0,-4.197080291970798,-0.9433962264150944,-6.25,0.3824091778202731,11.46496815286624,-6.417112299465242,-41.07744107744107,-33.20610687022901,622.3529928038687,2.0856686186721967,2.4487023269085335
LIBRAINFU,Libra Infusions Ltd.,565.3,-0.685172171468744,-3.168893456663241,-7.327868852459024,-12.546410891089112,-11.533646322378724,-11.116352201257868,-28.433978984681612,-6.869852196236665,57.02777762074999,379.9716976151237,1.651842533684221,2.284286839075851
LINDEBD,Linde Bangladesh Limited,662.7,0.19655276685818993,-2.8441577481307694,-3.7472766884531525,-7.314685314685308,-13.304552590266868,-12.687747035573118,-25.539325842696623,-57.65765765765765,-53.185928228313074,28.554801163918533,1.4560005899725061,1.4010324996391583
LOVELLO,Taufika Foods and Lovello Ice-cream PLC,51.1,-0.9689922480620154,-6.06617647058823,-3.584905660377356,-28.028169014084504,-25.726744186046506,-25.073313782991203,-44.96923063461704,70.57948003476193,293.4700005154457,293.4700005154457,2.817651949289455,5.701345227530913
LRBDL,Lub-rref (Bangladesh) Ltd,13.1,0.0,-5.07246376811595,-11.486486486486493,-0.7575757575757549,24.761904761904756,32.32323232323232,-12.666666666666668,-74.21259842519684,-67.65432098765432,-67.65432098765432,3.7329269543010026,5.495559733879652
LRGLOBMF1,LR Global Bangladesh Mutual Fund One Units,4.4,-2.2222222222222143,-4.347826086956506,7.317073170731725,22.22222222222223,25.714285714285722,57.14285714285717,25.714285714285722,-52.17391304347825,-39.72602739726027,-52.17391304347825,6.284237726098195,6.001068598957219
MAGURAPLEX,Magura Multiplex PLC,82.1,-1.0843373493975972,-5.086705202312145,-4.866743916570107,-8.980044345898014,-1.203369434416366,-2.145411203814078,-20.98171318575554,-46.39177774424502,359.4196870720159,359.4196870720159,2.4516327446315107,3.3899255986511863
MAKSONSPIN,Maksons Spinning Mills PLC,5.5,-3.5087719298245648,-5.172413793103446,-9.836065573770487,-6.7796610169491585,-12.698412698412696,17.021276595744677,-19.117647058823525,-84.10404624277456,-19.79166646614583,-65.93398860251847,5.357826384142177,4.939598439278234
MALEKSPIN,Malek Spinning Mills PLC,50.0,2.24948875255624,5.485232067510551,5.042016806722686,35.13513513513514,83.82352941176471,73.01038062283737,53.37423312883435,32.275132275132286,189.01734104046244,100.0,3.300672288047133,5.342206431634156
MARICO,Marico Bangladesh Limited.,2661.2,-0.3071851352363929,-0.29224428624953847,-1.444337456484705,-3.9693995381062357,-3.0881281864530292,0.30530323018355543,-5.1265597147950155,13.194385367928533,116.51615002847613,608.7083888149134,0.8327938535378158,1.044872680378437
MATINSPINN,Matin Spinning PLC,68.2,2.0958083832335417,10.000000000000004,10.000000000000004,21.568627450980397,45.72649572649574,46.66666666666668,19.23076923076923,0.0,71.356783919598,51.555555555555564,5.695907879277231,5.483483073037012
MBL1STMF,MBL 1st Mutual Fund 2010- Units,10.8,0.0,4.854368932038835,35.00000000000001,157.14285714285714,163.4146341463415,217.64705882352942,157.14285714285714,31.70731707317075,54.28571428571429,56.52173913043479,4.316470408606779,6.488211762500196
MEGCONMILK,Meghna Condensed Milk Industries Ltd.,30.9,-1.5923566878980893,-8.035714285714294,-13.445378151260515,-24.817518248175187,-10.174418604651164,114.58333333333333,88.41463414634147,46.44549763033174,329.1666666666667,225.26315789473685,4.525012809659241,6.424332652981039
MEGHNACEM,Meghna Cement Mills PLC,29.5,0.6825938566552877,-2.3178807947019844,0.3401360544217736,-6.349206349206349,-8.385093167701871,0.6825938566552877,-35.869565217391305,-64.61146346384628,-61.50990968481277,-60.06235565947271,3.566879396970654,5.756462218253212
MEGHNAINS,Meghna Insurance PLC,35.4,-1.6666666666666705,-2.209944751381227,-4.324324324324328,4.424778761061947,18.39464882943144,25.97864768683273,39.37007874015748,221.8181818181818,221.8181818181818,221.8181818181818,3.058791133934037,4.19501156737181
MEGHNALIFE,Meghna Life Insurance PLC,51.3,-1.5355086372360927,-2.4714828897338483,-9.363957597173153,-15.901639344262298,-5.698529411764708,0.984251968503937,-17.788461538461544,-46.190298722255314,33.606323329238045,-21.23355602795002,2.726280707128863,4.883040617652311
MEGHNAPET,Meghna Pet Industries Ltd.,75.7,-0.5256241787122096,-7.116564417177911,-3.8119440914866582,-6.195786864931846,166.5492957746479,247.24770642201838,201.59362549800795,164.68531468531467,1161.6666666666667,1082.8125,6.279794576628294,8.30796610354748
MERCANBANK,Mercantile Bank PLC,6.3,0.0,-1.5625000000000082,-10.000000000000002,-14.864864864864872,-27.58620689655172,-14.864864864864872,-31.521739130434778,-58.80769245028107,-18.01714208985767,-39.1083108610541,1.9047619047619129,3.302421268520291
MERCINS,Mercantile Islami Insurance PLC,49.5,-3.3203125000000053,0.40567951318458995,20.73170731707317,10.73825503355704,99.59677419354838,94.11764705882354,90.38461538461539,-9.00735294117647,280.7692307692308,79.41747627627863,5.354846420916628,5.770770893434702
METROSPIN,Metro Spinning Ltd.,9.9,3.1250000000000075,-0.9999999999999964,-5.714285714285711,7.608695652173926,2.061855670103104,16.47058823529412,-10.810810810810805,-67.41379301661982,35.934615296257896,-34.12399397049826,4.190789473684211,5.653850794790282
MHSML,Mozaffar Hossain Spinning Mills Ltd.,20.1,2.030456852791889,-3.365384615384612,-1.951219512195115,-14.468085106382974,11.666666666666675,48.8888888888889,14.204545454545453,-12.608695652173909,19.59500020689937,-18.76883370606725,3.060876609840075,4.918396329867019
MIDASFIN,MIDAS Financing PLC,4.7,-2.083333333333326,4.444444444444448,-17.543859649122805,-24.193548387096772,-29.850746268656717,4.444444444444448,-25.396825396825392,-80.93574297456726,-68.58547652185693,-80.89553800457719,7.0726400571774155,5.612411241049622
MIDLANDBNK,Midland Bank PLC,16.9,-0.5882352941176554,-1.7441860465116321,-0.5882352941176554,1.8072289156626333,6.289308176100618,-1.1695906432748704,-15.075376884422111,93.41111039548998,93.41111039548998,93.41111039548998,2.396780698448905,2.8564689127949205
MIRACLEIND,Miracle Industries Limited,26.2,-0.38022813688213464,-3.6764705882352944,-7.092198581560284,-12.374581939799329,-10.884353741496597,-17.610062893081764,-30.687830687830683,-34.66334164588529,-3.1144967701730972,184.27569075585885,2.281474371502101,3.40337451047111
MIRAKHTER,Mir Akhter Hossain Ltd,34.1,-0.8720930232558057,-6.575342465753421,-2.0114942528735513,-18.225419664268586,20.494699646643113,23.550724637681157,4.2813455657492305,-61.25,-57.901234567901234,-57.901234567901234,2.818484047276918,4.632552077710345
MITHUNKNIT,Mithun Knitting & Dyeing (CEPZ) Ltd.,13.3,0.0,-5.673758865248219,-9.523809523809515,-12.499999999999991,-14.743589743589737,-8.904109589041088,-16.874999999999996,-28.1081081081081,-78.97233193269697,-74.52496565059857,3.7506909894969622,4.889868328679087
MJLBD,MJL Bangladesh PLC,90.0,0.5586592178770949,-1.4238773274917822,-0.2217294900221761,-4.25531914893617,0.3344481605351139,0.0,-8.06945863125639,-12.790697674418606,-17.754568988744897,58.12499977060894,1.609556016662043,1.5147978481817965
MLDYEING,M.L. Dyeing & Textile Ind. PLC,11.2,-1.75438596491229,-6.666666666666672,-13.84615384615385,-0.8849557522124019,24.44444444444444,33.33333333333332,9.803921568627452,-62.54180602006689,62.28800068517992,62.28800068517992,3.737554841420701,6.2595593316881555
MONNOAGML,Monno Agro & General Machinery Ltd.,305.2,-0.6833712984054744,-4.5653533458411575,-7.822410147991554,-14.02816901408451,-14.914970727627544,-17.401894451962114,-20.912153407618554,-16.977351501547172,663.0445654270826,2354.236907065661,1.7875677495821154,3.797696366966769
MONNOCERA,Monno Ceramic Industries Limited.,84.8,0.3550295857988132,-3.63636363636364,1.1933174224343677,-12.396694214876034,3.54090354090353,3.6674816625916873,-1.1655011655011656,-45.29032258064516,235.91346831028383,395.16133482079795,2.49225596864202,3.5599269103324014
MONNOFABR,Monno Fabrics Ltd.,19.6,0.0,-5.314009661835739,-9.6774193548387,-13.27433628318584,-14.035087719298243,-8.411214953271015,-2.97029702970296,-16.94915254237288,-16.94915254237288,-16.94915254237288,3.080623843510445,4.954933205995294
MONOSPOOL,Monospool Bangladesh PLC,104.9,-1.0377358490565984,-6.171735241502676,-1.7790262172284566,-8.623693379790932,11.833688699360351,10.770855332629358,9.86794137799734,-20.109271841948097,119.33636274904836,119.33636274904836,2.832612127249472,3.638397802741917
MPETROLEUM,Meghna Petroleum PLC,206.4,0.0,0.4379562043795648,0.19417475728155617,-5.321100917431191,2.6865671641791073,7.109496626881172,-3.3255269320843066,0.7320644216691069,12.173913043478263,44.611464823541404,1.123967875597408,1.1832511119533637
MTB,Mutual Trust Bank PLC,13.5,0.0,-1.459854014598535,4.651162790697671,-0.7352941176470562,32.30000081232201,37.678049677387534,34.40000089838935,9.415953783634809,103.42110418554502,177.9394607666463,1.9470317585007222,3.072320378428326
NAHEEACP,Nahee Aluminum Composite Panel PLC,36.4,0.2754820936639158,4.5977011494252915,11.314984709480107,0.2754820936639158,61.777777777777764,96.75675675675674,50.413223140495866,-29.320388349514566,-42.24622565340358,-42.24622565340358,4.759302710500046,6.3592517475038255
NATLIFEINS,National Life Insurance PLC,92.4,-0.7518796992481082,-3.2460732984293132,-3.8501560874089376,-10.896817743490837,-9.144542772861355,-1.4925373134328268,-18.157661647475642,-60.76433121019108,-30.331243291643293,-31.97931296798105,2.3965040100973853,2.79665062609618
NAVANACNG,Navana CNG Limited,19.7,1.025641025641022,-3.9024390243902474,-6.190476190476193,-9.633027522935786,-6.190476190476193,-7.511737089201884,-19.918699186991876,-43.87790669482856,-51.302129805011496,-66.58576893051666,2.241340723574222,3.35554763091309
NAVANAPHAR,Navana Pharmaceuticals PLC,63.5,-0.9360374414976511,-2.3076923076923075,-4.223227752639513,-11.927877947295416,7.263513513513509,21.183206106870234,11.599297012302287,140.53030303030303,140.53030303030303,140.53030303030303,2.319455840364127,3.1107251035841124
NBL,National Bank PLC,3.4,3.030303030303033,-2.85714285714286,-2.85714285714286,-12.820512820512821,-30.612244897959194,6.249999999999991,-2.85714285714286,-59.99999999999999,-40.41094129148531,-68.13475098527209,4.9810606060606,4.910192451636303
NCCBANK,National Credit and Commerce Bank PLC,14.3,0.0,-2.054794520547938,-5.298013245033105,-11.180124223602487,14.400052532504136,21.901695363087295,21.901695363087295,3.440965152525549,94.76858871138259,29.81164554451607,1.5503226171491125,2.2296366420513993
NCCBLMF1,NCCBL Mutual Fund-1 2012- Dividend Units,6.6,-2.941176470588238,-1.4925373134328437,6.451612903225797,46.66666666666666,40.425531914893604,64.99999999999999,37.49999999999999,-25.00000000000001,-7.042253521126761,-45.0,6.2668019336721805,6.339332646457105
NEWLINE,New Line Clothings Ltd.,5.3,0.0,-7.017543859649129,-14.51612903225807,-7.017543859649129,-15.873015873015873,32.49999999999999,5.9999999999999964,-84.85714285714286,-78.76210497755186,-78.76210497755186,5.432493810296257,5.99030696121231
NFML,National Feed Mill Ltd,15.1,-1.307189542483667,-7.361963190184055,-8.484848484848486,-35.1931330472103,-9.580838323353293,7.092198581560284,39.8148148148148,-51.88958991477239,6.233120194775646,-45.86606264463909,4.111043241383798,5.850075996784161
NHFIL,National Housing Finance PLC,26.1,-0.38167938931296896,-3.6900369003690034,-2.61194029850746,-12.416107382550333,12.01716738197425,16.000000000000004,2.3529411764705936,-66.30281693423552,-24.807143005201173,-14.53595357498693,2.2140794626975198,3.142229707549232
NITOLINS,Nitol Insurance PLC,58.9,-3.7581699346405295,2.6132404181184667,26.124197002141315,70.23121387283236,108.12720848056537,109.60854092526688,114.96350364963504,-4.56018494658565,275.79589447221764,147.2610211368439,3.4894752780677054,4.393173103503431
NORTHERN,Northern Jute Manufacturing Co. Ltd.,99.3,0.0,-3.5922330097087407,-8.055555555555557,-11.889973380656615,-16.624685138539043,16.412661195779602,-5.248091603053435,-71.21739130434783,-59.23366388089265,562.0000044133333,6.087703750561197,5.708219145828767
NORTHRNINS,Northern Islami Insurance PLC,37.0,-1.3333333333333335,-1.5957446808510676,-2.6315789473684212,-7.2681704260651605,28.217822080506807,39.74820178821942,25.32258095846774,-32.66897730746946,148.45930268888088,21.033379751313674,2.7213818468906465,4.227353652424722
NPOLYMER,National Polymer Industries PLC,32.6,-4.678362573099419,2.839116719242909,2.5157232704402537,-2.9761904761904763,18.97810218978103,22.55639097744361,-0.6097560975609627,-48.742138364779876,-22.879193864597394,125.88578399216671,3.837896205286784,3.6433993405708223
NRBBANK,NRB Bank PLC,6.7,1.5151515151515234,0.0,1.5151515151515234,8.064516129032258,-5.633802816901401,9.836065573770501,-21.17647058823529,-25.555555555555554,-25.555555555555554,-25.555555555555554,2.4522144522144567,3.2420130568542325
NRBCBANK,NRBC Bank PLC,9.5,1.0638297872340388,5.555555555555555,5.555555555555555,28.378378378378372,35.714285714285715,86.27450980392159,50.7936507936508,-61.05086691305612,-25.295562543282813,-25.295562543282813,2.846137093858201,3.524547883293511
NTC,National Tea Company Limited,155.1,-0.12878300064392598,-2.4528301886792487,0.6489292667099287,-2.2068095838587642,-3.183520599250933,-10.759493670886085,-11.42204454597373,-73.62244897959184,-70.73584905660377,-79.85714285714286,2.6441152291795693,3.4813951619210393
NTLTUBES,National Tubes Limited,60.9,-0.49019607843137947,-4.545454545454544,-6.4516129032258,-9.375000000000007,-3.486529318542001,-2.5600000000000023,-20.703124999999996,-47.72532188841202,-32.45175027107676,158.4454782619108,3.4606774488626733,3.462359913129798
NURANI,Nurani Dyeing & Sweater Ltd.,2.8,0.0,-6.666666666666672,-17.647058823529413,-3.448275862068969,-22.22222222222223,39.99999999999999,11.999999999999993,-71.1340206185567,-83.45300803441086,-83.45300803441086,7.807881773399023,7.434795810212948
OAL,Olympic Accessories Ltd,5.9,0.0,-4.838709677419351,-11.940298507462684,-16.901408450704217,-11.940298507462684,3.5087719298245643,-14.492753623188404,-59.310344827586206,-66.1199999649026,-75.55606398666261,3.390609779855834,4.390295743047362
OIMEX,Oimex Electrode Ltd.,13.6,-1.4492753623188481,-6.8493150684931505,-11.111111111111118,-16.564417177914116,-4.225352112676054,-11.111111111111118,-44.48979591836735,-47.69230769230769,-72.72500959041308,-72.72500959041308,4.07131019127211,5.529563981493239
OLYMPIC,Olympic Industries PLC.,142.3,-0.628491620111716,-1.3176144244105252,-3.8513513513513438,-8.193548387096767,-4.368279569892473,3.415697674418617,-8.311855670103078,-27.94936708860759,-51.48863624235795,92.58646741360552,1.18128025122371,1.776894023537996
ONEBANKPLC,One Bank PLC,7.4,-2.631578947368412,-3.896103896103894,-5.128205128205121,-6.329113924050633,-2.631578947368412,5.71428571428572,1.3698630136986374,-19.37894700520199,-19.37894700520199,-19.37894700520199,2.403793266951164,2.731247787638767
ORIONINFU,Orion Infusion Ltd.,257.7,-2.460257380772142,-5.6043956043956085,14.890771288452953,-17.483189241114317,-21.909090909090914,-24.228168185827705,-50.154738878143135,181.63934426229508,270.7913669064748,460.2173913043478,6.669112219761619,8.00284016270649
ORIONPHARM,Orion Pharma Ltd.,29.0,1.3986013986013937,-3.973509933774832,11.111111111111105,1.3986013986013937,-1.3605442176870701,6.617647058823532,-21.62162162162162,-68.09680968096811,-24.083769633507856,-57.56097544,6.733555355853237,5.01104693174911
PADMALIFE,Padma Islami Life Insurance Ltd.,15.7,0.0,-11.299435028248588,-6.547619047619055,-14.207650273224049,-10.795454545454557,-5.9880239520958085,-24.880382775119614,-69.39571150097466,-19.141630582018454,-67.95716536724876,4.080029510673321,4.044333391958671
PADMAOIL,Padma Oil PLC,197.0,-0.5050505050505051,0.6642820643842675,1.8614270941054778,-2.85996055226825,10.923423423423426,16.224188790560472,-1.2531328320802004,-14.347826086956522,4.954714970697928,15.882352825294122,1.6670874820036075,1.0470103105590878
PARAMOUNT,Paramount Insurance PLC.,63.3,-2.0123839009287883,-1.8604651162790742,6.386554621848735,-3.2110091743119393,15.51094890510949,45.51724137931034,41.610738255033546,-24.64285714285715,754.692970305055,381.0132519074911,4.146149739495311,5.304980939777037
PDL,Pacific Denims Ltd.,5.5,0.0,-1.7857142857142796,0.0,-5.172413793103446,-6.7796610169491585,19.565217391304355,-14.062500000000004,-71.21761657867043,-72.08169827049724,-72.08169827049724,4.000000000000003,4.2535487580867635
PENINSULA,The Peninsula Chittagong PLC,19.5,-2.5,-10.550458715596333,-8.87850467289719,-17.02127659574468,-8.0188679245283,6.557377049180324,50.0,-44.12607449856733,17.469879518072283,-46.11842091792763,3.9317924442956462,4.9117450192042975
PEOPLESINS,Peoples Insurance PLC,61.1,-2.239999999999998,-0.16339869281045982,-1.2924071082390907,-3.930817610062893,43.76470588235295,68.31955922865015,77.10144927536231,16.82600382409179,279.5031055900621,131.43939393939397,2.8425226296260826,4.68132616075102
PF1STMF,Phoenix Finance 1st Mutual Fund Units,17.6,-3.296703296703285,-1.6759776536312692,24.822695035461006,97.75280898876406,220.00000000000003,252.00000000000006,259.1836734693877,79.59183673469389,259.1836734693877,122.78481012658229,7.502208553760141,6.367734325692312
PHARMAID,Pharma Aids Limited.,549.8,-1.0795250089960418,-1.8214285714285796,-5.500171880371262,-9.40846927006097,0.88073394495412,11.521298174442181,-5.1414768806073265,-10.674248578391559,110.89374760260836,292.43397573162025,2.2054602203053215,2.7196774753025954
PHENIXINS,Phoenix Insurance PLC,48.6,-0.816326530612242,2.7484143763213624,-0.2053388090349105,11.46788990825688,56.7741935483871,81.34328358208955,68.16608996539793,-23.824451410658302,129.24528301886792,8.482142857142868,2.616990722779473,4.419906031189703
PHOENIXFIN,Phoenix Finance and Investments Ltd.,3.3,-2.941176470588238,-5.71428571428572,-13.157894736842106,-13.157894736842106,-21.428571428571434,37.49999999999999,0.0,-90.29411764705883,-78.64727970109236,-87.9049020105722,5.631001667529183,5.809970739284874
PHPMF1,PHP First Mutual Fund Units 2010-,3.6,0.0,-2.702702702702705,2.85714285714286,12.499999999999996,-2.702702702702705,50.00000000000001,16.129032258064516,-41.935483870967744,-10.689362021365689,-35.536857591345644,5.063492063492063,5.166495208512018
PIONEERINS,Pioneer Insurance PLC,67.8,-2.164502164502165,-0.14727540500737632,2.727272727272723,-6.353591160221006,38.425000697315944,48.00415835801409,58.20000039549999,-38.82109350571454,201.4896508934872,69.2033753578757,3.74761332360177,3.873693889260671
PLFSL,Peoples Leasing and Financial Services Ltd.,1.8,5.882352941176476,0.0,-9.999999999999998,20.000000000000004,-28.0,239.62264150943395,50.00000000000001,-40.0,-75.34246575342466,-93.86996904575143,7.279411764705879,9.463800804745073
POPULAR1MF,Popular Life First Mutual Fund Units 2010-,3.6,0.0,-2.702702702702705,2.85714285714286,12.499999999999996,2.85714285714286,50.00000000000001,16.129032258064516,-40.0,-11.110638570876155,-31.4154038392952,3.9047619047619024,5.193241260468153
POPULARLIF,Popular Life Insurance Co. Ltd.,55.4,-1.4234875444839934,-2.8070175438596516,-10.210696920583475,-10.064935064935069,8.203124999999991,30.352941176470583,9.055118110236224,-43.8133874239351,-20.057720057720054,-50.28205098374359,2.7512811188650277,4.352614109418604
POWERGRID,Power Grid Co. of Bangladesh Ltd.,37.6,-0.7915567282321826,-2.5906735751295336,-1.8276762402088662,-5.05050505050505,25.752508361204022,39.77695167286247,13.253012048192767,-41.15805946791862,-33.91915641476274,-30.755064456721907,2.2406084957099024,2.505302805446265
PRAGATIINS,Pragati Insurance PLC,74.6,-0.7978723404255433,-1.971090670170828,0.40376850605652376,-12.235294117647063,7.3156420672078255,6.86787165062606,20.05937455578031,-1.208109894274225,342.95557903816535,87.5662726672926,3.0135960406413718,3.8294630478092078
PRAGATILIF,Pragati Life Insurance PLC,139.8,-1.4799154334038014,-5.1560379918588835,-0.9213323883770255,-18.63492071628571,-25.313258938611725,4.046008013485106,-33.686934089913514,49.54752221334182,168.36286267612093,111.10093737307044,3.3956588212624466,4.737823594042129
PREMIERBAN,The Premier Bank PLC,5.8,1.7543859649122744,1.7543859649122744,0.0,31.818181818181802,13.725490196078436,44.99999999999999,-7.936507936507937,-52.70000012265379,34.46594056898006,-20.681903474258167,3.572112098427891,2.871841157705711
PREMIERCEM,Premier Cement Mills PLC,41.6,-1.886792452830182,-6.3063063063063005,-12.236286919831219,-14.403292181069958,6.39386189258312,6.122448979591833,-14.049586776859499,-51.23094958968347,-55.26881720430107,-60.38095238095238,4.232620850136332,4.699809686733724
PREMIERLEA,Premier Leasing & Finance Limited,2.0,5.263157894736848,-4.761904761904766,-9.090909090909099,-20.0,-25.92592592592593,270.3703703703704,33.333333333333336,-86.01398601398601,-75.68987476975683,-85.24529967054946,7.4853801169590675,8.704917501436832
PRIME1ICBA,Prime Bank 1st ICB AMCL Mutual Fund Units,7.5,-2.5974025974025996,13.636363636363642,31.578947368421048,50.0,59.57446808510638,74.4186046511628,59.57446808510638,-2.5974025974025996,56.25,4.166666666666664,6.617844051153353,6.4296385576662685
PRIMEBANK,Prime Bank PLC,28.3,0.0,0.35460992907801925,-2.4137931034482736,-5.666666666666665,-2.5737702650077883,3.1770835912760473,5.372340688962765,37.19763493791354,105.54394120517681,-0.3945172552701855,0.999506150266865,1.3744835915658726
PRIMEFIN,Prime Finance and Investment Ltd.,2.8,3.7037037037036904,0.0,-9.677419354838719,-15.151515151515152,-33.333333333333336,154.5454545454545,27.272727272727256,-84.69945355191257,-64.1025641025641,-89.69325149327412,6.666666666666657,6.458059606504971
PRIMEINSUR,Prime Islami Insurance PLC,50.2,-3.088803088803078,-2.5242718446601886,-3.088803088803078,6.808510638297879,53.0487804878049,67.89297658862878,41.40845070422536,-2.5242718446601886,197.04142011834324,40.56000033172161,3.20193220208262,4.934457063902786
PRIMELIFE,Prime Life Insurance Company Limited,38.3,-2.295918367346953,1.5915119363395074,1.0554089709762495,-9.882352941176478,7.887323943661964,16.060606060606055,-11.547344110854505,-47.39010989010989,-33.73702422145329,-57.86999993554111,5.330800304002804,5.157608970360259
PRIMETEX,Prime Textile Spining Mills Ltd.,14.5,0.0,-3.3333333333333335,-9.375,-18.994413407821224,-27.135678391959797,5.072463768115937,-3.3333333333333335,-40.57377049180327,-40.57377049180327,-28.217821782178213,3.3208812260536407,7.876179644912026
PROGRESLIF,Progressive Life Insurance Co. Ltd.,36.7,1.9444444444444524,-1.8716577540106838,-9.158415841584148,-13.443396226415084,-13.033175355450236,-19.51754385964912,-36.3951473136915,-67.20285969615728,-6.360709611830662,-50.94514739714063,3.51504302614713,4.814492546052121
PROVATIINS,Provati Insurance PLC,52.4,-1.6885553470919297,-4.379562043795618,-4.204753199268747,-20.364741641337382,64.77987421383648,82.57839721254355,57.8313253012048,-62.08109813826385,507.938036282271,180.55254086204658,3.0350500087371644,4.743127242939719
PTL,Paramount Textile PLC,81.9,-4.434072345390895,8.476821192052988,12.500000000000012,21.69390787518575,48.90909090909092,58.10810810810813,44.44444444444445,26.97248340290229,600.5095830018872,220.5561031387454,4.502592823820351,3.1089508851593526
PUBALIBANK,Pubali Bank PLC,38.2,-0.5208333333333223,-4.499999999999993,0.5263157894736917,3.243243243243251,20.35619306955348,42.16831869149697,51.482794749336215,122.39567752506362,193.24595291759363,119.12490205690503,2.1908304577782918,2.1121105230236563
PURABIGEN,Purabi General Insurance Co. Ltd.,28.3,-1.7361111111111112,-2.076124567474041,-5.033557046979865,-11.0062893081761,31.627906976744192,45.87628865979383,33.49056603773585,-37.31397873350458,257.89834016019785,-4.402774441056455,2.244344698575771,4.279437586808549
QUASEMIND,Quasem Industries Limited.,39.2,0.25575447570332843,-4.390243902439018,-6.443914081145574,-14.59694989106753,-0.25445292620863696,3.6538460392289203,-1.3272312274054854,-13.473963774801746,-1.9358796717019817,146.68287504468194,2.9418557106316916,3.432785612704105
QUEENSOUTH,Queen South Textile Mills Ltd.,14.1,0.7142857142857117,-5.369127516778528,-9.615384615384615,-9.615384615384615,18.487394957983188,18.487394957983188,3.6764705882352944,-51.78709695740258,-41.933578814111904,-41.933578814111904,3.3022476428794882,5.355190327754486
RAHIMAFOOD,Rahima Food Corporation Ltd.,70.9,-1.3908205841446453,-6.0927152317880715,-6.3408190224570635,-26.831785345717233,-38.77374784110535,-55.6875,-44.47924823805795,-78.57358718646117,23.734729493891816,312.2093023255814,3.7673103363314233,4.643016756030629
RAHIMTEXT,Rahim Textile Mills Ltd.,180.5,-0.7150715071507213,-3.0091348737238013,-5.0,-19.77777777777778,-13.636363636363637,-15.377402719174874,-3.1132581857219597,-43.22113872286882,1.922333437552321,347.5317030956394,2.8492245527011373,5.121130634184934
RAKCERAMIC,RAK Ceramics (Baneladesh) Limited,26.2,-1.1320754716981158,-5.415162454873647,-13.815789473684209,-12.08053691275168,13.913043478260867,18.01801801801802,3.557312252964421,-46.201232032854215,-43.96111108324733,-34.73117651072856,2.5786404817621316,2.9517952834388352
RANFOUNDRY,Rangpur Foundry Limited,148.4,-0.40268456375838546,-4.810776138550352,-3.511053315994802,-17.783933518005536,-1.132578281145895,3.848845346396081,-17.002237136465325,-11.666666666666664,40.00000000000001,139.3548387096774,3.028967992382632,3.2750803507825443
RDFOOD,Rangpur Dairy and Food Products Limited,22.8,-2.1459227467811157,-5.785123966942143,-4.201680672268908,-20.279720279720284,10.679611650485434,14.000000000000004,-7.692307692307687,-56.10467305538353,125.94308644281232,40.92070326387963,4.002199679588479,4.557695894814505
RECKITTBEN,Reckitt Benckiser (Bangladesh) PLC,3261.5,-0.10719754977029097,-0.5609927131924781,-0.7244391684168928,-2.7868852459016393,-6.560664661223321,-4.6345029239766085,-6.008645533141211,-32.41815167840862,109.7427652733119,341.339648173207,0.6317922250983313,0.8388156547348977
REGENTTEX,Regent Textile Mills Ltd.,5.9,-1.6666666666666607,-1.6666666666666607,-10.606060606060597,-9.230769230769225,34.090909090909086,47.50000000000001,96.66666666666669,-60.13513513513513,-48.67345679135856,-77.00570857915694,4.501522655264695,5.524811114628109
RELIANCE1,Reliance Insurance Mutual Fund Reliance One Units,12.8,-1.538461538461533,0.0,-1.538461538461533,17.43119266055046,1.5873015873015959,-18.471337579617828,-14.093959731543622,8.47457627118644,58.02469135802471,40.65934065934067,4.447765908440927,5.408277101591798
RELIANCINS,Reliance Insurance PLC,105.1,-1.1288805268109152,-1.221804511278206,-2.504638218923936,-15.173527037933827,50.35765379113017,60.70336391437307,47.612359550561784,7.6844262295081975,233.8618128644024,117.64942420268086,4.301088593954976,7.855854232390065
RENATA,Renata PLC,448.7,-1.0366122629025118,-0.6201550387596925,-3.505376344086024,-1.49286498353458,4.665267086540704,14.464285714285712,-6.889396140278064,-63.35045808110766,-30.660431609819486,44.445468335789855,1.3866275636118397,1.312584329031768
RENWICKJA,Renwick Janeswar and Co. (BD) Limited,732.6,0.7287226728997757,-2.1895861148197566,-6.675159235668787,22.201834862385326,37.81038374717833,49.8772504091653,13.757763975155282,-38.93473368342085,-0.3536452665941271,833.2484076433121,2.0444011343682296,2.334513895908622
REPUBLIC,Republic Insurance PLC,38.2,-2.051282051282044,-2.051282051282044,-5.210918114143907,5.524861878453038,14.029850746268664,39.4160583941606,17.90123456790125,-25.85299258870846,377.35855806254796,86.25546272583837,2.696943331293207,4.7265488729017
RINGSHINE,Ring Shine Textiles Ltd.,3.7,-2.631578947368412,-5.128205128205121,-11.904761904761905,-2.631578947368412,-2.631578947368412,15.625,37.03703703703704,-72.79411764705881,-75.08666666915799,-75.08666666915799,4.324324324324317,6.539464190779979
ROBI,Robi Axiata PLc,30.1,0.6688963210702437,0.3333333333333381,-1.3114754098360608,-7.668711656441717,1.346801346801354,6.360424028268553,2.0338983050847506,-26.941747572815537,100.66666666666669,100.66666666666669,3.273165661085126,2.130657213158464
RSRMSTEEL,Ratanpur Steel Re-Rolling Mills Ltd,6.5,0.0,-5.797101449275367,-13.333333333333334,-18.75,-22.61904761904762,-2.985074626865674,-25.287356321839077,-81.48148148148148,-81.11625273875671,-85.6591427353144,4.615821678321681,4.928659911554343
RUNNERAUTO,Runner Automobiles PLC,43.6,-2.0224719101123565,-8.016877637130795,-10.103092783505152,1.3953488372093057,4.556354916067143,17.837837837837842,40.64516129032259,-31.874999999999996,-52.94964017268257,-52.94964017268257,2.6983409970234984,3.201791141991552
RUPALIBANK,Rupali Bank PLC,16.6,-1.7751479289940661,-2.923976608187134,-4.04624277456647,-3.4883720930232434,-7.77777777777777,-4.04624277456647,-24.886877828054295,-51.556948258014664,6.2401320437353185,-44.63893152796344,1.9206003577261082,2.266453333783261
RUPALIINS,Rupali Insurance Company Ltd.,27.8,-1.76678445229682,-3.8062283737024147,-2.4561403508771904,1.8315018315018314,25.818965831788784,36.40186949988318,20.123457064479506,-42.53936993508858,139.19035626883888,-11.29843039094709,3.1337774382526167,3.9240915782046577
RUPALILIFE,Rupali Life Insurance PLC,78.7,-1.2547051442910917,0.5108556832694836,0.2547770700636979,-15.648445873526255,-5.6354916067146315,0.12722646310433655,-29.669347631814123,-0.8816120906801043,170.33225015173818,-21.81124826384844,2.8603588716914476,3.74904364102019
SAFKOSPINN,Safko Spinning Mills Limited,21.2,1.9230769230769162,4.433497536945806,-2.3041474654377883,-1.3953488372093057,26.94610778443114,53.62318840579709,48.25174825174824,-17.32818533967639,92.74398608397146,7.362501105643855,3.0837514559341535,3.723173270609742
SAIFPOWER,SAIF Powertec Ltd.,7.6,-1.2987012987013056,-5.000000000000004,-20.000000000000004,-30.27522935779817,1.3333333333333286,51.999999999999986,18.74999999999999,-81.85585592393726,-52.73545700578546,-44.70992197699172,3.937115516062891,4.978320729252195
SAIHAMCOT,Saiham Cotton Mills Ltd.,23.9,0.8438818565400814,4.366812227074236,5.286343612334798,18.316831683168314,23.195876288659797,21.938775510204067,29.189189189189182,16.58536585365853,70.71428571428571,-7.429577543017268,4.231068495307046,5.737888961377499
SAIHAMTEX,Saiham Textile Mills Ltd.,42.5,4.938271604938271,13.63636363636364,20.738636363636356,126.06382978723404,126.06382978723404,145.66473988439307,160.7361963190184,71.37096774193549,216.4893623755093,81.33833916126098,5.990720131342032,8.339359034173116
SALAMCRST,S. Alam Cold Rolled Steels Limited,12.0,-1.6393442622950762,-3.225806451612906,-5.511811023622042,-19.46308724832215,-29.41176470588235,-19.46308724832215,-40.88669950738917,-69.23076923076923,-55.0561797752809,-74.78991596638656,5.241935483870967,5.2009625417489405
SALVO,Salvo Organic Industries PLC,30.5,-2.866242038216556,-3.1746031746031744,-8.955223880597014,-19.312169312169306,-10.029498525073743,0.6600660066006577,-14.084507042253522,-45.04504504504504,169.01000144081758,78.1574265938481,3.553556983648254,4.151836391459925
SAMATALETH,Samata Leather Complex (Pvt.) Ltd.,96.6,7.333333333333327,11.034482758620683,5.34351145038167,-7.824427480916033,13.647058823529406,14.999999999999995,-5.756097560975615,3.2051282051282053,281.90697549188644,556.8799978979839,5.464820194826289,6.473647631985208
SAMORITA,Samorita Hospital Ltd.,93.3,-0.7446808510638327,-2.3036649214659715,-6.793206793206791,12.545235223160422,35.61046511627907,28.33562585969738,21.801566579634468,15.41793759660587,80.0522081814416,137.66891455182747,5.115642580505484,6.574123316983715
SANDHANINS,Shandhani Life Insurance Co.Ltd,24.3,-1.6194331983805612,-1.619433198380561,-3.1872509960159388,-4.330708661417314,19.117647058823543,25.906735751295336,6.113537117903941,-40.2948402948403,23.211268619089875,-42.92748609610925,2.7231915110702936,3.2182030442016454
SAPORTL,Summit Alliance Port Limited,58.4,-2.1775544388609784,-5.194805194805199,1.213171577123043,9.981167608286247,13.618677042801556,38.717339667458425,37.735849056603776,83.64779874213836,48.5628774753608,177.10902988637827,2.3204956980143256,2.538270929644963
SBACBANK,SBAC Bank PLC.,6.7,0.0,-2.8985507246376834,-1.4705882352941124,3.0769230769230798,-1.4705882352941124,8.064516129032258,-9.459459459459461,-66.5,-36.02109080974911,-36.02109080974911,3.3242876526458662,3.6122108839803815
SEAPEARL,Sea Pearl Beach Resort & Spa Ltd.,35.6,-1.3850415512465373,-7.532467532467529,-0.5586592178770831,-4.301075268817208,-8.24742268041236,7.8787878787878824,-23.76873661670236,-28.225806451612904,48.33333370416668,48.33333370416668,4.042992295519971,5.481876542748442
SEMLFBSLGF,SEML FBLSL Growth Fund Units,6.8,-2.85714285714286,-4.225352112676054,1.4925373134328306,11.475409836065577,25.925925925925913,38.77551020408162,33.33333333333334,-32.67326732673268,11.475409836065577,11.475409836065577,5.736983709589163,4.663537935082977
SEMLIBBLSF,SEML IBBL Shariah Fund Units,7.9,-1.2499999999999956,-1.2499999999999956,-2.4691358024691272,8.219178082191789,23.4375,36.20689655172415,19.696969696969706,-24.761904761904756,-42.33576642335766,-42.33576642335766,2.509734093067425,2.200084794265394
SHAHJABANK,Shahjalal Islami Bank PLC,17.3,-1.1428571428571388,-1.7045454545454584,-1.7045454545454584,-1.1428571428571388,-3.3519553072625583,5.487804878048794,-5.46448087431694,-17.120930559063122,114.49605609697254,6.341706540590857,1.6265627100416755,1.715283447813365
SHARPIND,Sharp Industries PLC,18.2,-5.208333333333334,-8.542713567839193,-24.793388429752067,-15.74074074074075,7.692307692307696,41.085271317829445,3.999999999999996,11.656441717791402,11.656441717791402,11.656441717791402,5.673706389747808,8.254876116959409
SHASHADNIM,Shasha Denims PLC,27.6,0.7299270072992805,0.3636363636363688,0.3636363636363688,10.843373493975916,46.808510638297875,73.58490566037736,30.805687203791468,-17.857142857142858,-1.9529209742084765,-17.31363028829619,3.9334986762255797,4.344424571512284
SHEPHERD,Shepherd Industries PLC,12.8,-0.7751937984496096,-6.56934306569342,-14.666666666666663,-24.705882352941174,-7.246376811594202,-4.477611940298504,-28.089887640449437,-35.36945839312771,-64.72177799346098,-64.72177799346098,2.973671259842514,5.373565400353536
SHURWID,Shurwid Industries Ltd,5.6,-3.448275862068969,-5.084745762711876,-6.666666666666672,-18.840579710144933,-17.647058823529413,21.73913043478261,16.666666666666664,-75.86206896551725,-37.77777784691359,-81.35789481025766,3.58464342674869,3.7278857469734126
SHYAMPSUG,Shyampur Sugar Mills Ltd.,287.3,0.5248425472358292,-8.79365079365079,-4.26524491836055,5.353868720205362,78.22580645161293,89.01315789473685,41.87654320987655,147.67241379310346,1706.918238993711,3491.25,5.669982485223086,4.796477903567011
SICL,"Sikder Insurance Co., Ltd.",35.9,-2.972972972972977,-0.27777777777778173,-0.5540166204986228,-7.948717948717952,66.9767441860465,94.05405405405403,56.08695652173912,32.96296296296296,32.96296296296296,32.96296296296296,3.2856863199480393,4.845899585929671
SILCOPHL,Silco Pharmaceuticals Ltd.,16.7,-2.9069767441860463,-6.703910614525136,-4.022988505747123,-23.74429223744292,6.369426751592357,21.897810218978105,-1.7647058823529453,-49.39393939393939,-31.455223954768602,-31.455223954768602,3.213254603567708,5.143746594726175
SILVAPHL,Silva Pharmaceuticals Ltd.,12.5,-2.3437500000000053,-6.716417910447763,-7.407407407407407,-19.87179487179487,-3.1007751937984525,30.20833333333334,1.6260162601625958,-53.007518796992485,-65.46052622944079,-65.46052622944079,3.8439938556067608,4.812126673157301
SIMTEX,Simtex Industries PLC,25.3,4.545454545454551,3.2653061224489823,-0.7843137254901933,-8.66425992779783,0.0,12.444444444444446,8.583690987124463,8.11965811965813,41.792088358695985,-6.090905907988058,2.7537166340790407,3.630457917034207
SINGERBD,Singer Bangladesh Limited,79.6,-0.5000000000000071,-0.5000000000000071,9.04109589041095,-2.450980392156863,-9.545454545454552,-6.352941176470595,-25.815470643056855,-59.200410046130195,-44.51474536573005,-21.558520395020913,2.8657563576701097,2.6993051416512372
SINOBANGLA,Sinobangla Industries Ltd.,48.5,-1.0204081632653061,-3.578528827037768,-6.909788867562382,-17.517006802721085,-6.189555125725343,5.895196506550225,-7.969639468690707,4.346867903016542,90.98638857059606,166.64638365512602,2.0545104379534256,3.133908934986931
SIPLC,Sena Insurance PLC,151.2,-2.7652733118971136,11.586715867158663,-2.3886378308586296,32.748024582967496,132.25806451612905,183.67729831144467,199.99999999999997,216.31799163179917,216.31799163179917,216.31799163179917,7.517043228683377,8.068293372863668
SKTRIMS,SK Trims & Industries Ltd.,14.0,1.4492753623188355,13.821138211382108,0.0,-2.097902097902103,52.17391304347827,70.73170731707319,50.53763440860214,-67.51740139211137,-62.3555556318483,-62.3555556318483,7.092360369063536,7.388514129811581
SONALIANSH,Sonali Aansh Industries Limited.,218.0,-1.178603807796915,-0.2288329519450801,-0.45662100456621,10.65989847715736,37.53943217665615,13.305613305613303,-6.837606837606837,242.96951819075713,950.6024096385543,1514.8148148148148,3.201011574595622,3.460746147459869
SONALILIFE,Sonali Life Insurance PLC,90.7,-1.3057671381936917,4.9768518518518485,4.9768518518518485,4.372842347525888,53.72881355932204,48.932676518883426,19.656992084432723,26.32311977715878,724.5454545454545,724.5454545454545,3.9697001661747056,3.1721289265899197
SONALIPAPR,Sonali Paper & Board Mills Ltd.,219.4,-1.7025089605734691,-5.0216450216450195,-6.1189559264013615,-6.638297872340424,-6.4392324093816615,-7.2304439746300195,-25.500848896434633,-8.974964562166596,45.36710412131762,45.36710412131762,2.7370011115854895,3.325605357041178
SONARBAINS,Sonar Bangla Insurance Ltd.,39.1,2.356020942408373,4.26666666666667,10.764872521246472,-12.134831460674155,45.585106746941484,62.272727644735895,44.05263191254295,-46.846177296307005,322.06106949497814,87.84423040734055,3.026385549421148,4.522186154052115
SONARGAON,Sonargaon Textiles Limited.,108.9,-4.973821989528786,4.610951008645545,5.728155339805831,11.349693251533752,185.0785340314136,250.1607717041801,223.1454005934718,369.39655172413796,1212.0481927710841,483.3928586013393,5.557058419064932,7.326479750488269
SOUTHEASTB,Southeast Bank PLC,11.3,-0.8771929824561372,-3.4188034188034067,-0.8771929824561372,7.619047619047626,23.37755094864777,32.86813182432921,24.649484408862897,-17.06871539388037,6.879074418892221,-5.042052874783268,1.9332274527451148,2.9448731121813694
SPCERAMICS,Shinepukur Ceramics PLC,23.0,-1.7094017094017033,-2.542372881355938,21.05263157894737,-9.448818897637791,9.004739336492884,57.534246575342465,14.427860696517406,-34.844192634560905,152.74725274725276,1.3409958734898153,3.1020555902974722,5.085482390945514
SPCL,Shahjibazar Power Co Ltd,51.1,-0.3898635477582763,-0.3898635477582763,-3.947368421052634,-7.427536231884059,4.928131416837779,7.578947368421055,7.578947368421055,-58.803100709278766,-60.337844827057644,96.79001480841012,2.512247216712723,3.2626757291528543
SQUARETEXT,Square Textiles PLC,48.4,-1.0224948875255624,-1.6260162601626102,-2.222222222222225,-3.393213572854297,0.8333333333333304,-0.2061855670103122,-12.949640287769787,-8.506616257088847,-23.11095062389561,-36.57484263562584,1.7340954669869106,2.5707825975760903
SQURPHARMA,Square Pharmaceuticals PLC,218.3,0.1376146788990878,0.5527406725011594,0.2295684113865932,-2.544642857142852,2.009345794392529,9.698492462311563,-0.31963470319634185,-10.016488046166522,15.921333253057654,108.54933381178024,0.3958017901850923,0.7860788098525616
SSSTEEL,S.S. Steel Ltd,5.8,1.7543859649122744,-4.918032786885243,-12.12121212121212,-15.942028985507253,3.5714285714285747,41.46341463414635,9.433962264150944,-76.27272737518594,-84.4402241825458,-84.4402241825458,3.8116624114347815,4.5969895604619095
STANCERAM,Standard Ceramic Industries Ltd.,64.8,-0.9174311926605634,-0.15408320493067568,-6.086956521739134,-9.497206703910612,-6.086956521739134,-7.560627674750354,-17.9746835443038,-70.75812274368232,26.81017612524461,164.48979591836732,3.13339445244677,5.720370520326401
STANDARINS,Standard Insurance PLC,50.7,-2.1235521235521126,-2.8735632183908044,5.625000000000006,-2.4999999999999947,27.38693467336685,29.667519181585682,32.031250000000014,-48.053278688524586,503.49487596485875,94.2463886363702,2.3733809848649474,3.922130018906475
STANDBANKL,Standard Islami Bank PLC,4.4,0.0,0.0,-4.347826086956506,-6.382978723404252,-22.807017543859644,-8.333333333333321,-22.807017543859644,-52.385675577649245,-26.167697754623937,-51.42875764566825,2.2727272727272645,3.5061457217905336
STYLECRAFT,Stylecraft Limited,52.8,0.5714285714285661,-3.6496350364963503,-3.2967032967033045,-1.858736059479554,-5.545617173524152,11.864406779661005,-29.03225806451614,-69.88020536223617,10.985511852909195,114.98967695509847,3.433490332691872,5.184019773834208
SUMITPOWER,Summit Power Ltd.,15.3,-0.649350649350647,-2.5477707006369337,-3.1645569620253164,-1.2903225806451568,9.28571428571429,23.38709677419355,0.6578947368421146,-68.05845511482254,-52.336448598130836,-66.6753425125449,1.9608178199509425,2.861883383857224
SUNLIFEINS,Sunlife Insurance Co. Ltd.,57.7,-1.5358361774744003,9.073724007561445,9.904761904761909,-20.413793103448274,-7.974481658692184,9.487666034155597,0.5226480836237009,49.87012987012987,234.39772612513508,-37.614760439019896,5.424715803007112,5.756334818058205
TAKAFULINS,Takaful Islami Insurance PLC,52.0,-2.255639097744366,-3.7037037037037037,4.0,16.853932584269664,59.50920245398772,52.94117647058823,43.646408839779,-10.344827586206897,338.2039977913642,69.3565882436048,3.5105967074916355,4.140676830138334
TALLUSPIN,Tallu Spinning Mills Limited,6.7,0.0,-6.944444444444445,-12.987012987012987,-17.283950617283946,-19.277108433734945,6.349206349206355,6.349206349206355,-50.0,-55.92105263157895,-70.86956524272212,3.576713141930534,4.398040882073012
TAMIJTEX,Tamijuddin Textile Mills PLC,112.2,1.172227231740304,-6.0301507537688455,-8.333333333333334,-16.888888888888886,-1.4925373134328381,-10.95238095238095,-15.233516570844596,-26.491959573691826,751.1724126190725,751.1724126190725,2.806490652820691,3.924244257885499
TECHNODRUG,Techno Drugs Ltd.,41.2,1.980198019801991,0.0,-4.1860465116279,-4.62962962962963,17.045454545454543,41.09589041095892,8.421052631578954,56.060606060606084,56.060606060606084,56.060606060606084,2.2011879288653313,4.070269903023332
TILIL,Trust Islami Life Insurance Ltd.,46.3,-2.935010482180305,-0.43010752688172654,3.1180400890868567,-12.969924812030085,3.5794183445190026,4.279279279279276,-20.034542314335066,320.9090909090909,320.9090909090909,320.9090909090909,4.413083811000046,4.430788658428122
TITASGAS,Titas Gas Transmission and Distribution PLC,17.6,-0.5649717514124173,-1.6759776536312692,-2.2222222222222143,-2.762430939226519,2.32558139534885,12.820512820512832,-11.999999999999993,-58.588235294117645,-63.86036960985626,-72.41379310344828,3.169086861212172,3.300771038025559
TOSRIFA,Tosrifa Industries PLC,19.7,-1.0050251256281373,-4.830917874396135,-6.635071090047403,-4.368932038834961,13.872832369942188,15.882352941176467,-12.444444444444446,-13.336910225521855,-0.45950721049098403,-54.62745260038223,4.509899421932527,5.596849778128668
TRUSTB1MF,Trust Bank 1st Mutual Fund Units,3.7,0.0,0.0,2.7777777777777803,15.625,5.71428571428572,54.16666666666668,12.121212121212132,-42.1875,-12.088000443779777,-43.35670045493066,4.3543543543543475,5.437683996396954
TRUSTBANK,Trust Bank PLC,13.5,0.0,-2.173913043478266,-8.783783783783788,-14.556962025316459,-19.91525406083022,-18.534482554956888,-20.81005564472083,-38.077281907078,27.801827509900594,42.22676343966692,1.7877280265339923,1.9256410316808241
TUNGHAI,Tung Hai Knitting & Dyeing Ltd,4.6,9.523809523809511,14.999999999999991,2.2222222222222143,53.33333333333332,24.32432432432431,187.49999999999994,129.99999999999997,-32.352941176470594,-57.118644118672805,-81.4466667042681,7.758420441347274,7.8745141811343915
UCB,United Commercial Bank PLC,8.7,-2.2471910112359668,-2.2471910112359668,-5.434782608695652,-3.333333333333341,-9.375000000000004,-17.14285714285715,-17.924528301886795,-36.4402106010518,-30.458508705883713,-31.39361940441294,2.7800660980292164,3.4162208754654246
UNILEVERCL,Unilever Consumer Care Limited,1974.3,-0.2878787878787902,-0.9879638916750274,-0.38849646821392764,-4.89884393063584,-8.597222222222223,-8.597222222222223,-19.942419204411824,9.115025906735749,97.30668332292318,490.4448598130841,0.6652311290504114,0.8720359289251253
UNIONCAP,Union Capital Limited,4.2,0.0,-2.325581395348829,-8.695652173913032,-8.695652173913032,-22.222222222222225,50.000000000000014,5.000000000000004,-71.23287671232875,-63.61749986129171,-77.79589495295633,3.8908246225319436,4.861168434784838
UNIONINS,Union Insurance PLC,49.7,-0.5999999999999943,3.974895397489552,5.970149253731353,23.019801980198032,43.22766570605187,35.054347826086975,54.82866043613708,351.81818181818187,351.81818181818187,351.81818181818187,4.087019365228736,4.431538212195482
UNIQUEHRL,Unique Hotel & Resorts PLC,42.9,-0.6944444444444543,-2.941176470588245,-0.6944444444444543,3.124999999999993,12.303664921465955,12.010443864229769,5.925925925925922,-31.57894736842106,-7.74193548387097,-66.14048934490924,3.5403063869383447,3.569850909768426
UNITEDFIN,United Finance PLC,16.7,-1.7647058823529453,-0.5952380952381037,-2.906976744186047,4.374999999999996,32.53968253968254,43.96551724137931,22.79411764705882,-38.376383763837644,-8.399253294188977,-28.365859914173313,2.621380100990691,4.013012102170477
UNITEDINS,United Insurance Company Limited,61.2,-2.2364217252396146,-1.9230769230769162,2.341137123745829,36.00000000000001,45.71428571428572,46.41148325358853,46.0620525059666,-11.942446043165464,173.5924064202287,60.30165821687727,3.2922950963488105,4.2658639895134405
UPGDCL,United Power Generation & Distribution Co. Ltd.,113.7,-0.5249343832020947,-1.558441558441556,-3.7256562235393664,-8.306451612903224,-4.050632911392403,-2.0671834625322925,-21.477900552486194,-62.475247524752476,20.585418445818178,103.83857550343414,0.8968232298479968,1.931245511716056
USMANIAGL,Usmania Glass Sheet Factory Limited,52.5,-0.3795066413662293,-7.079646017699115,-16.930379746835445,14.130434782608695,46.64804469273744,54.411764705882355,49.14772727272726,-28.765264586160114,-30.122500213769243,8.260915070843865,4.882041091429863,6.583304362640635
UTTARABANK,Uttara Bank PLC,20.7,0.4854368932038731,0.0,-0.9569377990430589,-5.045871559633034,1.8700787401574754,12.991266375545845,19.791666666666657,52.9098347081917,126.47857795094346,59.73014205185038,0.5825242718446513,0.8367699247611484
UTTARAFIN,Uttara Finance and Investments Limited,11.7,0.0,-7.142857142857145,-10.000000000000004,-13.333333333333337,-13.97058823529412,18.18181818181817,-5.64516129032259,-76.45875251509054,-78.78238336856894,-83.4596082983633,4.63387265606694,4.985743548769562
VAMLRBBF,Vanguard AML Rupali Bank Balanced Fund Units,8.4,1.2048192771084292,2.4390243902439157,3.7037037037037126,9.090909090909092,40.00000000000001,47.368421052631575,44.82758620689656,-5.617977528089887,-23.63636363636363,-23.63636363636363,5.644906743185085,2.8717806260420273
VFSTDL,VFS Thread Dyeing Ltd.,13.1,-0.7575757575757549,-7.746478873239435,-7.092198581560284,-22.485207100591712,9.166666666666664,2.3437499999999916,63.74999999999999,-49.79926994749088,-44.70046307827997,-44.70046307827997,3.2334839143045264,5.3466478007916205
WALTONHIL,Walton Hi-Tech Industries PLC,336.7,-0.17788319003854808,-3.2471264367816124,-8.096774285451614,-7.638404082386534,-3.8000000962000016,-2.5342106237815836,-10.968750089031255,-68.6320450273524,7.779629413956312,7.779629413956312,0.8222261504084584,1.620708087760327
WATACHEM,Wata Chemicals Ltd.,127.9,-0.6216006216006085,-3.106060606060602,-10.43417366946779,-7.318840579710141,-1.8419033000767502,-9.929577464788728,-10.182584269662922,-60.63404124345952,32.9856034923125,506.19270858907095,2.353278962925486,3.7959338872059663
WMSHIPYARD,Western Marine Shipyard Limited,8.6,0.0,-3.3707865168539404,-5.4945054945054945,-15.68627450980392,-13.131313131313137,4.878048780487809,-2.2727272727272845,-44.155844155844164,-36.22591323005429,-75.0218160475195,3.0535470001954286,3.204393196670802
YPL,Yeakin Polymer Ltd.,20.2,-3.809523809523813,-7.33944954128441,-11.013215859030838,-22.900763358778626,8.02139037433155,14.124293785310735,15.428571428571425,38.35616438356165,-35.301342292193624,-19.385059077953084,5.056950071942504,6.8700433736193425
ZAHEENSPIN,Zaheen Spinning PLC,4.9,0.0,-5.769230769230766,-14.035087719298243,-16.94915254237288,-18.33333333333333,22.500000000000007,-5.769230769230766,-55.04587155963303,-62.160319822644894,-65.57043200898836,4.825130052020805,5.118165806377882
ZAHINTEX,Zahintex Industries Ltd.,7.4,2.77777777777778,-8.641975308641968,-10.843373493975907,-14.942528735632171,4.225352112676067,27.586206896551733,23.33333333333334,-25.252525252525253,-55.37461952483525,-68.80541955654084,5.2363496044761755,5.728744449784804
ZEALBANGLA,Zeal Bangla Sugar Milla Limited,173.2,-1.6467915956842736,-9.319371727748697,-6.378378378378384,5.997552019583833,28.29629629629629,21.118881118881113,57.454545454545446,21.203638908327488,806.8062827225131,1890.8045977011495,5.608519116692092,6.829640781508037
