Symbol,Name,Price,Change %,Perf % 1W,Perf % 1M,Perf % 3M,Perf % 6M,Perf % YTD,Perf % 1Y,Perf % 5Y,Perf % 10Y,Perf % All Time,Volatility 1W,Volatility 1M
1JANATAMF,First Janata Bank Mutual Fund Units,3.7,-2.631578947368412,5.71428571428572,5.71428571428572,15.625,15.625,42.307692307692314,23.33333333333334,-53.164556962025316,-11.955102413479834,-31.94501419802659,5.495495495495489,5.726929279118579
1STPRIMFMF,Prime Finance First Mutual Fund 2009 Units,33.4,-8.74316939890711,26.515151515151516,52.51141552511416,38.58921161825725,82.51366120218577,66.99999999999999,49.77578475336322,61.35265700483092,251.57894736842104,9.150326797385611,10.025830593304462,6.425800544302559
AAMRANET,aamra networks ltd,18.7,-1.0582010582010546,1.0810810810810771,-4.102564102564107,-9.66183574879227,10.650887573964502,5.05617977528089,-13.02325581395349,-61.57239352596855,-68.96034974460737,-68.96034974460737,3.528604303766806,4.7754429900946285
AAMRATECH,Aamra Technologies Limited,16.4,-0.6060606060606146,-2.958579881656805,-8.379888268156424,-1.796407185628747,17.985611510791355,33.333333333333314,15.49295774647887,-54.84675342455149,-22.98227859283459,-44.22633345388347,3.4289232122041775,5.6171134489433445
ABB1STMF,AB Bank 1st Mutual Fund 2011 Units,3.7,-2.631578947368412,0.0,2.7777777777777803,12.121212121212132,5.71428571428572,37.03703703703704,15.625,-41.269841269841265,-18.600000439560002,-44.80830868012468,7.147147147147141,6.002257497392393
ABBANK,AB Bank PLC,4.3,-2.2727272727272845,-6.52173913043478,-6.52173913043478,-14.000000000000004,-28.33333333333334,4.878048780487809,-18.867924528301888,-68.66606554383732,-69.69678691670134,-81.31544675941318,3.2029598308668006,4.486817243801966
ACFL,Aman Cotton Fibrous PLC,21.9,0.45871559633026543,-2.232142857142857,-7.594936708860762,-8.368200836820083,23.033707865168527,21.66666666666666,15.263157894736835,-48.591549295774655,-63.5,-63.5,5.4491839503197985,6.101960983022613
ACI,Advanced Chemical Industries PLC,183.0,-0.5434782608695652,-2.6595744680851063,-4.5881126173097035,-7.901358832410664,-7.575757575757576,-6.153846153846154,1.9498607242339834,-27.04770555011785,-27.473758709147624,193.85409422400508,1.8011625710630317,2.139709440033668
ACIFORMULA,ACI Formulations PLC,152.6,-0.19620667102682232,-5.21739130434783,-5.21739130434783,0.39473684210525944,11.305616338439096,18.29457364341085,6.341463414634142,-4.225941186164455,-3.4177212805880517,121.31215524941298,2.6639084597836984,3.594944406900244
ACMELAB,ACME Laboratories Ltd.,78.0,-1.2658227848101267,-1.0152284263959355,-3.1055900621118013,-4.761904761904768,3.1746031746031824,9.396914446002809,-0.12804097311138837,-17.10945802337938,-26.760563380281692,-42.22222222222222,1.5815256708837473,1.5820700123135465
ACMEPL,ACME Pesticides Ltd,24.9,-1.581027667984198,-1.5810276679841981,-1.968503937007874,6.410256410256411,14.220183486238522,56.603773584905646,55.62499999999999,126.36363636363635,126.36363636363635,126.36363636363635,3.7392054713489467,4.263311631255345
ACTIVEFINE,Active Fine Chemicals Ltd.,5.6,0.0,-3.448275862068969,-11.111111111111114,-22.22222222222223,-23.28767123287672,3.7037037037036904,-34.883720930232556,-81.57894736842104,-78.41897226654767,-81.00869551873936,3.227272727272733,3.913651706511054
ADNTEL,ADN Telecom Ltd.,57.2,-1.2089810017271083,-3.7037037037036966,-8.038585209003216,-16.129032258064516,-1.5490533562822695,-1.2089810017271083,-24.037184594953516,-24.83574244415242,41.23456790123458,41.23456790123458,2.760699617922712,3.281645607450415
ADVENT,Advent Pharma Ltd.,13.7,-0.7246376811594305,-6.802721088435375,-6.164383561643838,-13.836477987421391,-4.195804195804206,2.2388059701492455,-12.738853503184714,-48.43542452701342,-62.80121223539899,-62.80121223539899,2.7476555839727177,4.149417148590706
AFCAGRO,AFC Agro Biotech Ltd.,5.9,-1.6666666666666607,-6.34920634920634,-13.23529411764705,-28.048780487804866,-19.178082191780813,18.000000000000007,-25.31645569620253,-83.56545961002786,-81.72204074384136,-74.25092497354798,4.006390664073351,4.27063736385768
AFTABAUTO,Aftab Automobiles Ltd.,26.7,-1.8382352941176472,0.7547169811320728,-5.319148936170213,-15.238095238095239,-7.931034482758623,-21.929824561403517,-28.8,-16.609772955512028,-42.8412618537635,-60.75099968015989,2.4801152944204663,3.139760658427738
AGNISYSL,Agni Systems PLC,28.2,0.0,-6.000000000000002,-4.081632653061222,-5.050505050505051,34.28571428571428,35.57692307692307,4.832713754646843,16.528925619834713,70.91636251983788,52.159015840665404,3.227462731704868,4.451592253622856
AGRANINS,Agrani Insurance PLC,29.4,0.6849315068493127,4.626334519572944,-0.6756756756756852,10.94339622641509,39.336492890995245,23.529411764705873,8.888888888888884,-36.4362301374778,215.35207899574723,78.19935710254227,2.745019592248256,4.378810234233987
AIBL1STIMF,AIBL 1st ISLAMIC Mutual Fund 2010- Units,6.2,-3.1250000000000027,0.0,14.814814814814811,47.61904761904762,51.21951219512197,82.3529411764706,44.186046511627914,-30.337078651685392,-30.337078651685392,-19.48051948051948,7.664389533491106,8.056791029968512
AIL,Alif Industries Ltd.,31.2,-1.2658227848101333,-4.8780487804877986,-12.84916201117318,-9.56521739130435,1.6286644951140066,-23.34152334152335,-45.64459930313589,-45.08800005974425,-71.75200008025908,-71.75200008025908,3.1738584564765646,5.507690213196121
AL-HAJTEX,Alhaj Textile Mills Limited,75.4,-0.396301188903563,-10.45130641330166,-14.22070534698521,-28.190476190476186,-36.209813874788495,-45.043731778425645,-53.74233128834356,5.0139275766016835,-5.144234684504811,225.64347951624757,4.508291120886886,6.204999649937804
ALARABANK,Al-Arafah Islami Bank PLC,15.4,-1.2820512820512775,-1.2820512820512775,-13.966480446927365,3.3557046979865772,-3.749999999999998,2.666666666666669,-9.411764705882351,-35.94192314391304,20.524405821996854,-13.935327102813979,4.356023693226657,5.729996580723686
ALIF,Alif Manufacturing Company Ltd.,5.2,0.0,-5.4545454545454515,-5.4545454545454515,-5.4545454545454515,0.0,30.000000000000004,-7.1428571428571335,-76.036866359447,-44.657262576133675,-69.20718054630186,3.0696661828737333,3.8481062265161814
ALLTEX,Alltex Industries Limited,22.8,-1.2987012987013018,3.63636363636364,-9.523809523809518,30.285714285714292,66.42335766423359,70.14925373134328,67.64705882352942,16.923076923076927,8.056872037914689,198.37036935370097,2.0725773565107675,3.717302942970743
AMANFEED,Aman Feed PLC,30.5,-0.6514657980456003,-4.984423676012465,-16.89373297002725,-8.955223880597014,29.78723404255319,32.608695652173914,12.546125461254608,-53.85779122541604,-48.31007800098882,-9.048333599268542,3.630315271798558,4.905601533905061
AMBEEPHA,Ambee Pharmaceuticals PLC,749.1,-0.22642514651037984,-3.702275356729651,-2.676367415876318,-2.3464998044583494,-3.091849935316944,4.04166666666667,-9.746987951807228,38.72222222222223,50.42168674698796,300.76683173913096,2.5570417997569326,3.377689998515208
AMCLPRAN,Agricultural Marketing Co. Ltd.,215.6,-0.09267840593142587,-0.8735632183908072,-3.27501121579184,-1.6871865025079875,2.422802850356292,6.574394463667811,-7.068965517241382,-24.641733659559602,1.9867549668874118,75.28455284552845,1.4229803689373948,2.210904921033473
ANLIMAYARN,Anlima Yarn Dyeing Ltd.,25.4,0.7936507936507908,-10.877192982456144,-22.560975609756095,-23.030303030303035,27.638190954773872,22.115384615384603,17.592592592592577,-41.06728538283063,-17.26384364820847,26.999999999999993,5.655584801498367,9.33499703610479
ANWARGALV,Anwar Galvanizing Ltd.,117.4,-3.0553261767134505,4.541406945681219,11.385199240986717,-0.3395585738539826,24.628450106157118,35.56581986143188,57.58389261744968,-52.19004563134841,233.8913794956381,1352.824991155928,3.843987048936613,3.798503556100486
AOL,Associated Oxygen Ltd,16.9,3.6809815950920117,6.289308176100618,-0.5882352941176554,-11.97916666666667,3.048780487804878,11.184210526315786,2.4242424242424154,-69.29881157178339,30.19759929401652,30.19759929401652,4.926573184934229,4.354263423090648
APEXFOODS,Apex Foods Limited,260.5,-1.0634257500949529,-3.1238378579397463,-5.956678700361011,-6.1599423631124,15.265486725663717,5.9804719283970655,8.67751355861494,59.717964438994485,57.40181268882175,263.82681564245814,3.6328979319518107,4.262155465659501
APEXFOOT,Apex Footwear Ltd.,203.7,-1.5466408893185195,-5.650764242704964,-5.255813953488377,-1.5466408893185195,9.575040344271104,13.608477412158381,3.9285714285714226,17.714577762411242,9.290899438147786,52.85703117288575,2.6903477672410427,2.376233686410081
APEXSPINN,Apex Spinning and Knitting Mills Ltd.,379.4,6.873239436619712,11.260997067448674,14.208308248043345,1.1194029850746239,93.57142857142856,110.77777777777776,133.47692307692304,167.55994358251053,213.55371900826444,441.99999999999994,6.335913632801431,6.790850088361843
APEXTANRY,Apex Tannery Limited.,90.6,-3.1016042780748725,-6.113989637305705,-9.670987038883352,-12.038834951456314,31.6860465116279,52.01342281879193,15.267175572519085,-29.052466718872363,-38.24130879345603,23.93980848153215,3.9506494020749203,5.22608479713668
APOLOISPAT,Appollo Ispat Complex Ltd.,2.8,0.0,-3.448275862068969,-9.677419354838719,-15.151515151515152,-22.22222222222223,64.70588235294117,3.7037037037036904,-76.66666666666666,-78.7217074408389,-88.50471532082062,5.052910052910054,5.064072955439309
ARAMIT,Aramit Limited,174.3,0.28768699654775604,-6.44122383252818,-19.64038727524204,-17.0789724072312,3.3807829181494764,-4.0726472206934385,-20.77272727272727,-57.50853242320819,-57.97974927675988,-17.783018867924525,5.993663762350792,5.982336084299733
ARAMITCEM,Aramit Cement Limited,10.8,-0.9174311926605472,-4.424778761061947,-15.625,-12.90322580645161,-9.999999999999995,22.727272727272727,-12.195121951219512,-80.47016274864376,-68.6046511627907,-70.11633933225409,4.039380744988227,7.274986325321652
ARGONDENIM,Argon Denims Ltd.,21.2,0.47393364928908943,-1.3953488372093057,-3.1963470319634673,7.614213197969543,26.94610778443114,20.45454545454544,1.4354066985645968,-11.924015921244717,17.252805764097495,-45.01745332505289,3.0299613802746315,4.587363686572709
ASIAINS,Asia Insurance PLC,42.7,1.6666666666666736,3.640776699029126,0.47058823529412436,-1.3856812933025273,4.914004914004914,55.27272727272728,52.50000000000001,-51.75141242937853,198.60139860139859,29.2074930988591,2.4084353777626943,4.442226182097297
ASIAPACINS,Asia Pacific General Insurance PLC,48.5,1.8907563025210055,1.8907563025210055,-1.8218623481781349,6.593406593406593,28.989361702127653,53.48101265822784,40.57971014492754,-30.813124108416545,227.7027027027027,43.06784660766962,3.0695378059603153,4.364415699729458
ASIATICLAB,Asiatic Laboratories Ltd,106.3,-1.665124884366325,-4.234234234234237,-6.508355321020233,-13.717532467532472,35.93350383631713,120.5394190871369,70.08,85.51483420593368,85.51483420593368,85.51483420593368,4.345067884293793,5.832403148911937
ATLASBANG,Atlas Bangladesh Limited,79.4,-0.12578616352200545,-4.2219541616405305,-9.772727272727266,12.624113475177314,3.5202086049543713,40.03527336860671,41.53297682709448,-34.5424567188788,-17.78508553064041,-29.41127866137922,2.9116647130627253,3.9437390620263018
AZIZPIPES,Aziz Pipes Limited.,74.3,-5.229591836734705,-3.129074315515001,-9.939393939393943,-7.125000000000003,46.259842519685044,58.76068376068376,48.599999999999994,-51.6590761223162,56.3846148187877,377.8418784900376,7.9168196554886965,5.957775115074173
BANGAS,Bangas Limited,118.1,0.3398470688190242,-3.1967213114754145,-7.372549019607848,-15.035971223021585,-5.2166934189406104,-9.432515337423322,-0.5054759898904874,-19.16495550992471,-20.77458337512475,-15.769588120826704,2.824045807263488,3.4821005657700583
BANKASIA,Bank Asia PLC,16.5,0.0,-2.9411764705882355,-3.508771929824569,-10.81081081081081,-17.118055882862485,-2.7038047745545133,-1.0911606373952283,-4.8659425434677255,38.58249058458171,41.94246255608378,1.5635790101080924,1.508675565258168
BARKAPOWER,Baraka Power Ltd.,9.8,0.0,0.0,-4.854368932038835,18.072289156626503,20.98765432098767,44.11764705882355,10.1123595505618,-66.55290102389078,-56.299324601156535,-56.81054024556855,3.6945963952591354,4.455304052654481
BATASHOE,Bata Shoe Co. (Bangladesh) Ltd.,886.3,-0.2700573871947891,0.8304891922639311,-2.5508521165475586,3.0461574235553925,5.261282660332536,10.222609128217874,1.7449202158190715,-3.358412386871668,-25.55228895422092,72.09708737864077,1.4886127598242362,2.067130711407741
BATBC,British American Tobacco Bangladesh Co Ltd,224.9,-0.1775410563692879,-2.429501084598696,-6.056808688387636,1.9492293744333689,-0.3985828166519068,-9.314516129032256,-20.248226950354606,-65.71646341463415,-19.51888507157819,141.5393843028457,1.5936942511103116,2.099865278325998
BAYLEASING,Bay Leasing and Investment Ltd.,4.4,2.32558139534885,-4.347826086956506,-8.333333333333321,-4.347826086956506,-11.999999999999993,33.33333333333335,10.000000000000009,-86.98591546234717,-72.82909832540872,-83.23133068023486,5.549682875264271,4.9300105555505125
BBS,Bangladesh Building Systems PLC,11.5,-2.542372881355938,-8.730158730158728,-12.878787878787875,-27.672955974842772,-1.7094017094017033,25.000000000000007,-0.8620689655172383,-45.23809523809524,-52.72992654617378,-46.96297736061006,4.2177501469048,4.598840651780768
BBSCABLES,BBS Cables PLC,16.7,-1.7647058823529453,-3.468208092485557,-9.239130434782606,-29.831932773109248,-14.358974358974361,9.868421052631579,-13.917525773195875,-76.02636706856829,-42.22952441033676,-42.22952441033676,4.3810118229913595,4.800866307988264
BDAUTOCA,Bangladesh Autocars Limited,181.9,-0.38335158817085907,0.27563395810363833,-12.96650717703349,-14.880673841834339,0.9994447529150535,43.22834645669292,38.85496183206108,6.374269005847956,429.9686325842604,742.5603008167243,3.494773640223129,5.416685166061088
BDCOM,BDCOM Online Ltd.,28.5,0.0,-2.3972602739726003,-4.362416107382552,-13.897280966767374,5.1660516605166,9.615384615384615,3.906250259765628,15.096154412781065,58.066739288072895,136.99921414303736,3.0979947480286874,3.9762608455477437
BDFINANCE,Bangladesh Finance PLC,11.5,0.0,-4.166666666666667,-10.852713178294575,-11.538461538461538,-10.156250000000004,-11.538461538461538,-5.737704918032781,-82.33333340046667,18.609539379719735,-29.217538616645893,3.148848025917178,3.5001423751305856
BDLAMPS,Bangladesh Lamps PLC,224.6,0.4472271914132379,-1.144366197183096,5.396527451900516,24.708495280399777,60.08553100498929,66.98884758364312,42.87531806615777,3.587068882647582,29.903783679860744,100.26833317311865,2.645156139773932,3.5225496013615616
BDTHAI,Bangladesh Thai Aluminium Ltd.,14.6,-1.3513513513513586,-5.806451612903228,-5.194805194805199,-29.468599033816425,8.955223880597009,30.357142857142865,14.960629921259846,-47.67025089605735,-27.14960324356632,-8.358888048465266,4.745563635791691,5.416391418144413
BDTHAIFOOD,BD Thai Food & Beverage Ltd.,18.9,-5.970149253731357,-10.426540284360202,-20.253164556962027,-26.171875000000007,-2.072538860103638,31.249999999999986,21.935483870967733,56.19834710743801,56.19834710743801,56.19834710743801,5.337662883711173,5.6402123460532465
BDWELDING,Bangladesh Welding Electrodes Ltd.,11.7,-2.500000000000006,-9.302325581395358,-14.598540145985401,-22.000000000000004,-29.090909090909093,-35.35911602209946,18.18181818181817,-46.81818181818182,13.625000032776441,-46.74742475837254,3.551779407178543,4.852280963744181
BEACHHATCH,Beach Hatchery Ltd,27.1,-1.0948905109488947,-2.5179856115107886,-10.56105610561056,-20.29411764705882,-13.418530351437697,-42.09401709401709,-50.27522935779817,1.8796992481203008,148.6238532110092,20.063291412802435,3.081400081400078,4.104535408888009
BEACONPHAR,Beacon Pharmaceuticals PLC,100.6,-0.984251968503937,-2.3300970873786464,-5.0047214353163465,-8.876811594202909,-0.984251968503937,-3.915950334288451,-19.648562300319497,-52.858481724461114,443.7837837837838,553.2467532467531,2.22776985771927,2.8119249682393903
BENGALWTL,Bengal Windsor Thermoplastics PLC,21.4,-1.3824884792626762,-2.7272727272727337,-12.295081967213115,-14.741035856573715,11.45833333333333,22.98850574712644,9.743589743589736,-23.571428571428577,-48.6026201412025,-56.77128556188958,4.4665791585802195,4.915737011000144
BERGERPBL,Berger Paints Bangladesh Ltd.,1457.8,0.3096401293607652,-1.0319076714188762,-2.403427729798493,1.8016759776536282,4.877697841726615,5.561187545257057,0.6142590931051047,-19.724669603524234,29.472889559927165,455.35238095238094,2.1162706642847136,1.3554089788857775
BESTHLDNG,Best Holdings PLC,14.9,-0.6666666666666643,-1.9736842105263088,2.758620689655175,-4.487179487179483,11.194029850746269,10.370370370370372,-17.67955801104973,-49.319727891156454,-49.319727891156454,-49.319727891156454,3.2879545746473315,4.014724834953874
BEXIMCO,Bangladesh Export Import Company Ltd.,20.4,-2.3923444976076556,-6.422018348623864,-15.702479338842979,-32.00000000000001,-81.47138964577655,-81.47138964577655,-81.47138964577655,-84.47826083076086,1.7911645343032714,-48.63229454117214,4.229798025888052,4.775098251771235
BGIC,Bangladesh General Insurance Company PLC,42.2,1.1990407673860912,1.9323671497584645,0.9569377990430759,5.764411027568933,27.878787878787886,36.569579288025906,27.878787878787886,-31.604538087520258,175.81699346405227,34.82428115015975,3.1391653570804947,5.291616482122289
BIFC,Bangladesh Industrial Finance Company Ltd.,3.4,-2.85714285714286,-12.820512820512821,-19.047619047619055,-19.047619047619055,-34.61538461538462,100.0,13.33333333333333,-55.84415584415585,-57.49999999999999,-83.3100852638656,6.310160427807483,6.4149630796581505
BNICL,Bangladesh National Insurance Company Ltd,169.5,0.4742145820984063,13.0,52.15439856373428,41.01497504159734,185.35353535353536,276.6666666666667,301.65876777251185,3.3536585365853657,1068.9655172413793,358.1081081081081,5.074344366678467,7.4447138958696755
BPML,Bashundhara Paper Mill Ltd.,26.6,-2.91970802919707,2.7027027027027137,-4.999999999999995,-5.673758865248219,-6.338028169014075,2.7027027027027137,-23.12138728323699,-48.349514563106794,-82.83870967741936,-82.83870967741936,4.7456881844346634,3.99675334251568
BPPL,Baraka Patenga Power Ltd.,18.6,-1.0638297872340388,-5.583756345177655,-6.999999999999993,-6.999999999999993,24.000000000000007,24.832214765100677,32.85714285714287,-62.8,-41.69278996865203,-41.69278996865203,2.861466886980316,3.525921010613049
BRACBANK,BRAC Bank PLC,64.6,0.31055900621116245,0.9374999999999911,4.36187399030694,-2.7108433734939927,10.222578224390883,17.54749639378609,6.128596740241746,146.5509793622232,279.87885015439946,881.2986562925595,1.1924904277113593,1.356789630354897
BSC,Bangladesh Shipping Corporation,110.4,1.0989010989011014,-2.3872679045092737,-5.802047781569963,-0.36101083032490205,3.2740879326473338,-1.691896705253777,-5.2360515021459175,123.03030303030305,146.31075774931523,121.06448858399263,2.022282397743335,2.50920704121752
BSCPLC,Bangladesh Submarine Cables PLC,147.5,-0.06775067750677122,0.8891928864569162,-4.53074433656958,-3.3420707732634303,5.810616929698704,14.964925954793443,6.115107913669065,-35.729847494553375,17.156473391580615,236.98880511766043,1.6447041369175106,2.264428411705582
BSRMLTD,Bangladesh Steel Re-Rolling Mills Ltd.,95.0,-1.1446409989594115,-3.651115618661252,-3.8461538461538436,-1.5544041450777202,14.182692307692305,24.508519003931852,7.587768969422426,-15.178571428571429,-35.78212303199277,110.74166603131567,1.4866314050524174,2.6391025337478204
BSRMSTEEL,BSRM Steels Limited,84.2,-1.1737089201877933,-4.318181818181815,-8.97297297297297,6.582278481012661,25.297619047619047,32.5984251968504,27.38275340393345,16.944444444444446,-7.3800000926200005,49.616923308368946,2.0637046569300677,2.735104710532519
BXPHARMA,Beximco Pharmaceuticals Plc,148.1,0.6798096532970768,0.47489823609225823,2.7045769764216407,4.2957746478873196,32.232142857142854,43.78640776699028,20.996732026143782,-37.7992440151197,100.13513494581811,236.9761270266228,1.4795409821263095,2.107605442323427
CAPITECGBF,CAPITEC GRAMEEN BDT10 (MUTUAL FUND) Units,9.1,-3.191489361702135,3.4090909090908967,-1.0869565217391266,21.33333333333333,33.8235294117647,33.8235294117647,22.972972972972965,-36.805555555555564,-36.805555555555564,-36.805555555555564,5.152173913043481,5.555106051683296
CAPMIBBLMF,CAPM IBBL Islamic Mutual Fund Units,16.0,0.6289308176100606,13.475177304964541,21.212121212121218,52.38095238095238,97.53086419753087,113.33333333333333,77.77777777777777,-20.39800995024876,60.0,60.0,5.588185131525119,5.93731829136026
CENTRALINS,Central Insurance PLC,44.3,1.1415525114155252,3.0232558139534818,1.1415525114155252,3.2634032634032604,11.027568922305761,8.84520884520883,6.23501199040766,-27.967479674796753,243.1621333212387,68.26145602682396,2.147200805204071,3.3999212482488335
CENTRALPHL,Central Pharmaceuticals Ltd.,9.0,-2.173913043478253,-8.163265306122456,-11.764705882352935,-16.66666666666667,-5.2631578947368425,2.2727272727272645,-10.891089108910888,-54.081632653061234,-30.699999962577998,-73.70065006540307,4.1316954788281794,4.69532928969421
CITYBANK,City Bank PLC,30.0,1.3513513513513467,-0.6622516556291367,-1.639344262295082,-5.956112852664573,14.999999654999998,41.39344218544241,35.82677123376372,69.51927601653351,141.3331433977139,195.50616854647038,1.0799635376475285,1.4057431505044349
CITYGENINS,City Insurance PLC,132.2,0.608828006088267,3.1201248049922,3.849175176747833,23.666978484564996,32.46492985971943,52.47981545559398,98.79699248120299,173.14049586776855,1121.0839673217608,451.4359521920179,1.1969618216517366,1.138211385252572
CLICL,Chartered Life Insurance PLC,47.1,7.289293849658321,10.823529411764708,8.027522935779816,-12.453531598513003,-24.154589371980677,-15.591397849462359,-14.363636363636362,328.1818181818182,328.1818181818182,328.1818181818182,5.751657444352286,4.715402421490862
CNATEX,C & A Textiles Ltd,3.0,-3.2258064516129057,3.448275862068969,-6.250000000000005,-6.250000000000005,-21.052631578947366,25.000000000000004,0.0,-59.45945945945947,-61.17647065217993,-82.4834122848176,6.7418825149637165,6.942491347235135
CONFIDCEM,Confidence Cement PLC,59.2,0.0,-4.975922953451034,-6.031746031746027,-12.035661218424956,-3.425774877650888,19.83805668016195,-1.3333333333333286,-58.69113903401431,30.296211057141075,10.396886992477821,4.140021291208277,3.588926165729822
CONTININS,Continental Insurance PLC,34.4,4.5592705167173255,5.198776758409773,-2.824858757062147,4.242424242424238,39.83739837398373,42.14876033057851,25.090909090909086,-33.480662823558504,181.85339401445725,49.822695118860544,3.401807497584933,4.424700859026975
COPPERTECH,Coppertech Industries Ltd,22.0,0.0,-5.982905982905978,-9.090909090909088,-19.413919413919416,7.317073170731708,16.40211640211641,-1.345291479820631,-47.49999986875,-15.107499358127805,-15.107499358127805,3.5241384128063062,4.518721361196742
CROWNCEMNT,Crown Cement PLC,58.8,-2.163061564059907,-6.518282988871226,-9.815950920245408,-9.119010819165387,20.245398773006134,25.641025641025642,1.5544041450777177,-28.727272727272734,-23.036649214659697,-27.22772277227723,3.4505866855992995,5.120808274515978
CRYSTALINS,Crystal Insurance Company Ltd,74.4,0.5405405405405482,19.422150882825054,11.71171171171173,-1.846965699208432,-10.036275695284157,29.391304347826093,35.76642335766425,31.364365846701485,445.59999945440006,445.59999945440006,5.194165763594599,5.2759838442633695
CVOPRL,CVO Petrochemical Refinery PLC,160.0,-1.0513296227581872,1.910828025477707,-5.660377358490563,-7.192575406032485,3.3591731266149796,8.474576271186441,-8.571428571428571,-23.511516811635094,-25.818182127789754,33.571428021340886,2.226466494391108,3.436210388551241
DACCADYE,Dacca Dyeing and Manufacturing Company Limited,14.8,-1.3333333333333286,-6.329113924050633,-4.51612903225806,-12.941176470588232,-14.942528735632171,-23.711340206185557,-30.841121495327094,-46.18181818181818,57.4468085106383,-47.31391591216681,3.9624481968665846,4.598344266246223
DAFODILCOM,Daffodil Computers PLC.,160.8,0.6887914840325754,-2.7811366384522334,-2.308626974483586,5.8591178406846645,108.29015544041451,345.42936288088646,176.76419965576594,130.0429184549356,551.0121457489879,924.2038216560511,2.466867861712952,3.1755152830508946
DBH,DBH Finance PLC,39.6,-0.7518796992481133,-3.41463414634146,-5.938242280285036,-3.6496350364963503,9.090909090909104,13.142857142857146,2.5906735751295336,-52.204362253133574,-42.84083567748466,15.471999829857259,2.261614865319491,2.9278759331024937
DBH1STMF,DBH First Mutual Fund Units,5.8,-3.333333333333336,1.7543859649122744,9.433962264150944,23.40425531914893,20.833333333333336,-10.769230769230772,-13.432835820895527,-27.500000000000004,-21.621621621621628,-21.621621621621628,6.04319736166301,5.983666111016306
DELTALIFE,Delta Life Insurance Company Ltd.,71.5,0.8462623413258029,-0.41782729805013535,-5.298013245033113,-11.290322580645155,0.5625879043600643,5.457227138643073,-8.9171974522293,-59.80888139404159,-27.040816326530614,-97.87611986407167,3.2529456634382763,3.1387045596137617
DELTASPINN,Delta Spinners Limited,7.1,0.0,0.0,-6.578947368421053,4.411764705882351,22.41379310344827,41.99999999999999,26.78571428571429,-41.32231404958678,6.061728173772445,-54.68287246805014,2.592249147056246,4.617517072413672
DESCO,Dhaka Electric Supply Co. Ltd.,22.5,-0.44247787610620093,-0.8810572687224638,-7.0247933884297495,-10.0,-0.44247787610620093,9.75609756097561,-5.857740585774053,-43.46733668341708,-58.71559633027523,-66.15329504432307,2.5789997202992825,3.632020342952668
DESHBANDHU,Deshbandhu Polymer Limited,16.8,-1.17647058823529,-3.4482758620689538,-12.041884816753928,-21.12676056338028,-6.6666666666666625,-1.17647058823529,-20.37914691943128,-24.32432432432432,60.69565209007184,-22.412136227516868,3.664816014285551,4.4936021788318845
DGIC,Desh General Insurance Company Ltd,41.0,5.128205128205128,23.493975903614448,25.382262996941886,43.85964912280702,96.17224880382777,108.12182741116752,79.82456140350877,-12.205567451820132,173.33333333333334,173.33333333333334,6.384558069981759,5.344883481273838
DHAKABANK,Dhaka Bank PLC,11.3,-0.8771929824561372,-2.586206896551715,-7.377049180327858,-9.599999999999994,-8.130081300813007,0.0,0.8928571428571556,-10.771993166278056,5.3763351216629935,-11.766287222478057,2.1270543615676316,1.838037607088167
DHAKAINS,Dhaka Insurance Limited,46.2,0.4347826086956583,2.666666666666673,1.3157894736842135,11.05769230769231,18.461538461538467,28.33333333333334,22.22222222222224,-43.103448275862064,180.00000000000003,-3.0705883128376392,3.6764256463249474,4.055386506910358
DOMINAGE,Dominage Steel Building Systems Ltd,62.6,-0.47694753577106064,1.6233766233766234,-1.105845181674559,-21.652065081351694,44.9074074074074,116.60899653979241,249.72067039106147,81.07438059178675,373.2559991954648,373.2559991954648,5.7094707081618905,4.456566977104003
DOREENPWR,Doreen Power Generations & Systems Ltd.,31.0,0.9771986970684062,0.32362459546926026,-3.125,0.32362459546926026,16.54135338345864,9.9290780141844,0.9771986970684062,-55.14832727840913,-1.5658129980427322,-22.018249645418496,3.0231451999886514,3.962393419802619
DSHGARME,Desh Garments Limited.,150.0,-0.7279947054930472,-3.225806451612903,-13.494809688581316,-2.3437499999999964,35.13513513513514,28.865979381443292,20.481927710843372,-31.192660619897314,46.84070942041434,1370.3224139751042,4.083559434820271,5.946301020657328
DSSL,Dragon Sweater & Spinning Ltd.,10.9,-1.8018018018017956,-6.034482758620683,-10.655737704918025,0.9259259259259226,13.541666666666673,28.23529411764706,0.0,-44.36458306442882,103.67488692530851,20.026319899983935,3.966306466935678,5.050362140987771
DULAMIACOT,Dulamia Cotton Spinning Mills Limited,209.1,1.652892561983474,8.341968911917096,-0.6650831353919266,1.9999999999999973,82.77972027972027,54.88888888888888,42.24489795918367,242.22585924713584,2804.1666666666665,2172.826086956522,4.177507154571928,5.958172313778747
DUTCHBANGL,Dutch-Bangla Bank PLC,45.6,0.2197802197802229,-3.184713375796178,-1.0845986984815619,3.1674208144796347,14.545454831818185,24.041451087305703,16.2135925235437,-9.878217741934106,111.54315166388959,99.50707576782597,2.393067692005482,2.6561009023199684
EASTERNINS,Eastern Insurance PLC,63.1,1.610305958132045,6.408094435075894,-1.4062499999999978,3.612479474548445,19.056603773584907,25.948103792415168,21.34615384615385,-60.43887147335423,179.20353982300884,72.87671232876713,3.749536862497784,4.519067149573992
EASTLAND,Eastland Insurance PLC,27.9,0.35971223021581966,-0.7117437722420029,-2.7874564459930338,6.08365019011406,39.49999999999999,49.19786096256684,33.49282296650718,-36.00917431192661,82.45749957951067,-21.46711342106149,2.301423636748156,3.3718444297794035
EASTRNLUB,Eastern Lubricants Blenders PLC,1947.7,-1.4222087255795075,-1.879093198992441,3.271474019088019,3.3262599469496044,19.49079754601227,17.260686333534018,19.784747248554744,63.248657383695694,229.82044265568123,1520.2429244832722,2.436506710763126,2.6663429431399637
EBL,Eastern Bank PLC,22.8,-0.4366812227074143,-0.8695652173913012,-4.201680672268908,-8.064516129032258,-11.71428602726852,-3.7540987330169235,-6.064000347563195,-12.472991641313502,61.208338287484764,72.48271836637443,1.8510549501507092,2.198938551141741
EBL1STMF,EBL First Mutual Fund Units,4.7,-2.083333333333326,4.444444444444448,6.818181818181814,17.500000000000004,20.51282051282052,51.61290322580645,14.63414634146343,-42.68292682926828,3.3999994416399977,-31.451024655863183,6.7445589426959005,6.6424924825073
EBLNRBMF,EBL NRB Mutual Fund,3.6,-2.702702702702705,2.85714285714286,2.85714285714286,16.129032258064516,12.499999999999996,56.5217391304348,16.129032258064516,-47.826086956521735,-21.53333352049086,-47.59996012822744,5.701213818860878,5.690317700711334
ECABLES,Eastern Cables Ltd.,118.2,-1.4999999999999978,-6.190476190476189,-13.343108504398828,-6.929133858267715,-8.22981366459628,5.441570026761828,-12.767527675276751,-20.724346076458747,-14.100901072492729,184.90438189179773,3.2994373991088266,4.812069985320632
EGEN,eGeneration PLC,22.5,-0.8810572687224639,-3.0172413793103416,-10.714285714285712,-16.044776119402986,4.651162790697675,13.636363636363633,-19.642857142857142,-64.89859594383775,50.0,50.0,2.5507377749404254,4.115499410800232
EHL,Eastern Housing Ltd.,83.7,1.454545454545458,-1.76056338028169,-6.896551724137933,-6.688963210702341,10.860927152317883,14.344262295081966,-2.561117578579747,28.769230769230774,139.4686654145515,114.10498944811187,2.7780400919959796,3.5195280955354513
EIL,Express Insurance Ltd.,31.9,0.9493670886075859,1.2698412698412653,-1.5432098765432098,3.5714285714285645,14.748201438848913,13.120567375886523,1.2698412698412653,-15.384615384615396,112.66666666666666,112.66666666666666,2.5229633909607783,3.6395336359382155
EMERALDOIL,Emerald Oil Industries Ltd.,28.2,-2.4221453287197208,2.173913043478253,-5.369127516778528,26.457399103139007,69.87951807228913,95.83333333333333,58.426966292134814,-30.198019801980198,-24.15647929548723,-34.38076936579342,6.3478407807703725,5.441647818494032
ENVOYTEX,Envoy Textiles Ltd.,70.5,-3.292181069958855,-3.2921810699588554,13.893376413570277,29.357798165137616,41.851106639839024,45.36082474226804,19.491525423728813,54.60526315789473,106.28823517326046,57.33949538298431,4.75522493544231,5.89409232364826
EPGL,Energypac Power Generation PLC,16.6,-0.5988023952095681,-3.4883720930232434,-10.270270270270263,-15.306122448979592,-4.597701149425271,6.410256410256421,-15.306122448979592,-68.67924528301887,-64.3010752688172,-64.3010752688172,3.1062795080402363,3.735714800987434
ESQUIRENIT,Esquire Knit Composite PLC,23.1,0.0,-5.327868852459005,-12.49999999999999,-6.477732793522258,15.500000000000005,12.135922330097086,-16.304347826086957,-41.370558375634516,-51.16279069767441,-51.16279069767441,5.0523363808605435,4.967438239293176
ETL,Evince Textiles Ltd.,15.5,6.164383561643838,5.4421768707483045,24.999999999999996,13.97058823529412,58.16326530612243,55.0,44.859813084112155,9.154929577464793,40.662500594299054,18.75025181757029,4.532958010790524,5.332425187279364
EXIM1STMF,EXIM Bank 1st Mutual Fund 2013- Units,6.5,-4.411764705882351,-5.797101449275367,0.0,85.71428571428571,85.71428571428571,132.14285714285714,58.53658536585367,-8.450704225352109,1.2142858502020386,-16.624254707740263,6.592694780884271,7.505451355728838
FAMILYTEX,Familytex (BD) Ltd.,2.3,0.0,-4.1666666666666705,-8.000000000000007,-8.000000000000007,-32.352941176470594,76.9230769230769,21.052631578947366,-58.92857142857143,-67.53003022213024,-92.97651973839928,4.347826086956526,6.72057308950902
FARCHEM,FAR Chemical & Textile Ind. PLC,15.4,-2.531645569620255,-7.784431137724544,-9.411764705882351,-17.204301075268823,3.3557046979865772,6.20689655172414,-28.037383177570085,-4.938271604938265,-3.541646943073506,-31.675333251343734,4.804443422767111,6.303341773764658
FAREASTLIF,Fareast Islami Life Insurance Company Limited,17.6,-2.2222222222222143,-0.5649717514124174,-15.384615384615381,-26.359832635983256,-18.139534883720923,-15.384615384615381,-38.6759581881533,-74.4927536231884,-65.37704904183606,-77.6184970425527,5.200895244249562,6.335941094753113
FBFIF,First Bangladesh Fixed Income Fund Units,3.5,-2.77777777777778,-2.7777777777777803,-2.7777777777777803,12.90322580645161,9.374999999999995,34.615384615384606,9.374999999999995,-39.6551724137931,-37.58333349457639,-53.336565802747046,4.571428571428576,5.377830877167461
FEDERALINS,Federal Insurance PLC,28.1,1.8115942028985508,1.4440433212996466,-5.38720538720538,4.46096654275094,40.50000000000001,46.35416666666668,27.149321266968325,-28.49872773536895,197.00631261127586,45.571452244218186,2.5303192310770233,3.903484171071503
FEKDIL,Far East Knitting & Dyeing Industries PLC.,22.5,1.8099547511312153,-2.5974025974026036,-4.25531914893617,25.0,59.57446808510638,58.450704225352126,10.294117647058831,12.5,32.014453012723536,-5.423491995265674,4.3539641771906785,5.770253872338357
FINEFOODS,Fine Foods Limited,446.2,-2.5764192139738014,3.1914893617021303,1.2250453720508114,-12.441130298273162,-8.189300411522636,17.35928458705944,41.33671206841939,724.7689463955637,5420.305733881068,2794.885742382659,3.2935234078400994,3.30530369645425
FIRSTFIN,First Finance Ltd.,4.4,2.32558139534885,-2.2222222222222143,-10.204081632653061,10.000000000000009,-10.204081632653061,76.00000000000001,91.30434782608698,-46.98795180722892,-28.600000046409995,-87.08088770512603,5.084566596194497,7.992237674878815
FORTUNE,Fortune Shoes Ltd.,14.9,-3.8709677419354813,-6.874999999999998,-9.696969696969695,-14.857142857142854,2.0547945205479503,7.194244604316546,-6.874999999999998,-78.61035145638729,-43.225233428404906,-43.225233428404906,3.8209264057627537,4.888951447545175
FUWANGCER,Fu-Wang Ceramic Industry Ltd.,12.7,0.0,-3.787878787878788,-10.563380281690142,-20.12578616352202,-0.7812500000000111,10.434782608695645,-5.223880597014934,-46.63865546218488,6.312578298952313,-16.618520537172227,3.296397145068407,4.476400878211278
FUWANGFOOD,Fu-Wang Foods Limited,9.7,1.041666666666663,-2.020202020202031,1.041666666666663,-20.491803278688526,-7.619047619047626,-13.392857142857144,-33.10344827586207,-54.02843601895735,-11.570548242170968,-41.77527484717397,2.94078947368421,4.147461335763847
GBBPOWER,GBB POWER Ltd.,13.1,0.0,-3.6764705882352944,-10.273972602739727,57.8313253012048,54.11764705882352,104.68749999999997,84.50704225352113,-72.70833333333333,-1.7499997543749992,-50.41300941997209,4.753004791527781,6.324977503363755
GEMINISEA,Gemini Sea Food PLC,106.6,-2.112029384756668,-4.1366906474820215,-9.35374149659864,-10.869565217391305,-9.43075615972813,-22.019019751280172,-38.77082136703044,18.501647665140148,-9.50881746727752,501.6440754019637,4.874911248485894,4.734371621256429
GENEXIL,Genex Infosys PLC,34.1,-1.7291066282420788,-4.481792717086838,-6.830601092896175,-3.125000000000004,30.65134099616858,26.765799256505588,14.046822742474927,-71.01500010753435,1.913583173926607,1.913583173926607,3.9180815359109156,4.082806730559785
GENNEXT,Generation Next Fashions Ltd.,2.8,0.0,-3.448275862068969,-9.677419354838719,-9.677419354838719,-20.000000000000004,3.7037037037036904,-6.666666666666672,-62.16216216216217,-50.176470670297576,-87.43161297669208,5.689655172413798,6.047087840925191
GHAIL,Golden Harvest Agro Industries Ltd.,12.6,0.0,-3.816793893129771,-8.695652173913052,-20.25316455696203,4.999999999999997,17.757009345794398,-0.7874015748031469,-38.83495145631069,-14.067733998561103,-65.84478871515549,3.4749409448818884,4.515633216558653
GHCL,Global Heavy Chemicals Ltd.,19.8,-1.4925373134328392,-1.4925373134328392,-11.999999999999998,-2.4630541871921183,4.210526315789477,-0.5025125628140596,-16.45569620253164,-55.40540540540541,-52.40384615384615,-76.0,3.6487753641096186,5.926186556162064
GLDNJMF,ICB AMCL CMSF GOLDEN JUBILEE MUTUAL FUND,9.2,-3.157894736842113,2.2222222222222143,10.843373493975886,39.39393939393939,50.819672131147534,50.819672131147534,27.777777777777764,-16.36363636363637,-16.36363636363637,-16.36363636363637,6.582815170234227,6.408241267486622
GLOBALINS,Global Insurance PLC,46.1,2.2172949002217295,4.063205417607233,-1.9148936170212736,20.365535248041787,62.32394366197184,80.7843137254902,64.64285714285715,-19.68641114982578,375.85140613533116,94.62992692899309,3.1767187842613263,4.219064121833497
GOLDENSON,Golden Son Limited,12.0,-0.8264462809917326,-7.6923076923076925,-15.49295774647887,-27.71084337349398,-2.439024390243908,18.811881188118814,-3.225806451612906,-34.06593406593406,-47.136563876651984,-69.69696969696969,3.762371101076149,4.557481383324613
GP,Grameenphone Ltd.,242.4,0.0,-0.5742411812961467,-1.4233428222854818,-6.9481765834932805,-1.061224489795916,-6.769230769230767,-19.199999999999996,-36.411332633788035,-9.95542347696879,41.25874125874127,0.7619555404938652,1.1153266384562992
GPHISPAT,GPH Ispat Limited,16.0,-1.2345679012345634,-3.6144578313253093,-7.514450867052026,-9.604519774011296,-3.6144578313253093,-0.621118012422369,-21.951219512195124,-70.41068444294113,-26.7223369469019,-14.559733593660846,4.917288102176511,4.503140779396574
GQBALLPEN,G.Q. Ball Pen Industries Limited,585.0,-2.694610778443121,-2.5,4.1852181656277825,-5.9938936204402955,7.43801652892562,30.66785794058522,1.7745302713987554,365.0238473767886,774.4394618834081,331.24999870625004,4.551970340563109,4.917985623026025
GRAMEENS2,Grameen Mutual Fund One - Grameen Two Units,12.6,-2.3255813953488427,5.882352941176465,-5.2631578947368505,-1.5625000000000082,0.7999999999999972,15.596330275229352,-2.3255813953488427,-26.31578947368422,26.000000251999992,-31.18904117368765,4.8060573632810035,3.3606418764982586
GREENDELMF,Green Delta Mutual Fund 2010 Units,5.0,-5.660377358490563,4.1666666666666705,13.636363636363628,35.13513513513512,42.857142857142854,66.66666666666667,38.888888888888886,-37.5,-29.577464788732392,-30.555555555555557,7.275790316126454,7.501859911105108
GREENDELT,Green Delta Insurance PLC,66.1,2.321981424148607,4.588607594936695,-4.89208633093526,-1.3432835820895608,24.716981132075464,23.320895522388046,28.849902534113056,-41.244444444444454,60.29572744867698,26.795721360905386,2.731302050941517,4.311492943705905
GSPFINANCE,GSP Finance Company PLC,3.5,-2.77777777777778,-2.7777777777777803,-10.256410256410255,0.0,-22.22222222222222,118.75,34.615384615384606,-85.35992220704372,-73.45670066317531,-75.93809696227954,5.816059757236232,6.3585767726634606
HAKKANIPUL,Hakkani Pulp & Paper Mills PLC,68.9,-1.2893982808022801,-3.7709497206703757,-10.866752910737375,-14.303482587064675,-18.74999999999999,1.7725258493353069,-9.698558322411522,-15.563725490196065,35.098039215686285,270.4301075268817,3.4504188288240147,4.194290708603789
HAMI,Hami Industries PLC,144.7,1.330532212885138,-6.038961038961046,-8.993710691823907,-11.226993865030682,-12.30303030303031,34.479553903345725,18.12244897959183,-17.26700971983992,-17.26700971983992,-17.26700971983992,5.234712387891838,5.209561879692383
HEIDELBCEM,Heidelberg Materials Bangladesh PLC,207.9,0.28943560057886847,-0.6214149139579269,-2.0725388601036294,-13.338891204668611,-11.682242990654204,-5.025125628140703,-15.108207431604736,-41.18811881188119,-61.578266494178536,-21.249999999999996,2.6510673036447283,3.0551573455473164
HFL,Hamid Fabrics PLC,11.9,-0.8333333333333304,-6.299212598425188,-18.493150684931503,-25.157232704402514,-4.032258064516129,83.07692307692308,70.00000000000001,-43.062200956937794,-32.0,-79.20965053220299,5.323145279550284,6.341331887771642
HRTEX,H.R. Textile Mills Ltd.,16.4,-2.9585798816568047,-3.5294117647058907,-13.227513227513228,-24.074074074074083,-19.211822660098534,-10.382513661202198,-29.914529914529915,-77.45000002255,-22.575107362596476,-41.89570542861247,4.652788389806515,5.220814850849399
HWAWELLTEX,Hwa Well Textiles (BD)PLC,45.6,-0.8695652173913012,-2.1459227467811157,-2.1459227467811157,-0.4366812227074143,11.219512195121954,2.242152466367713,-7.878787878787876,-4.602510460251037,35.31157270029673,14.000000000000004,2.2022185128692175,3.821282219309867
IBNSINA,BN SINA Pharmaceutical Industry PLC,317.7,-0.2198492462311522,0.8571428571428535,0.5379746835443002,-0.4075235109717904,0.6016466117796001,0.8571428571428535,1.7616912235746318,17.710263060392744,65.01956263361699,430.3773807599525,0.992795381304804,1.5327413118618731
IBP,Indo-Bangla Pharmaceuticals Ltd.,14.4,-3.3557046979865772,-13.253012048192776,-14.792899408284015,-19.10112359550562,9.92366412213741,28.571428571428584,12.499999999999996,-33.78571454288584,-45.032608280977804,-45.032608280977804,7.946442307006485,6.3480498389074524
ICB,Investment Corporation of Bangladesh,38.8,-1.7721518987341847,-3.7220843672456576,-7.177033492822967,-16.19870410367171,2.6455026455026456,6.301369863013691,-23.921568627450984,-68.9065525403582,-49.35737887134498,-64.5265162215862,2.443372532581213,3.885027066563677
ICB3RDNRB,ICB AMCL Third NRB Mutual Fund 2010 Units,6.5,-4.411764705882351,4.838709677419351,18.181818181818183,32.65306122448979,44.44444444444444,58.53658536585367,44.44444444444444,-8.450704225352109,44.44444444444444,-8.450704225352109,7.3849944454452645,5.686151457147609
ICBAGRANI1,ICB AMCL First Agrani Bank Mutual Fund Units,8.6,-3.37078651685394,2.3809523809523725,7.499999999999996,24.637681159420282,32.30769230769231,34.374999999999986,21.126760563380284,-5.4945054945054945,0.0,0.0,6.557060173466975,5.381825753527817
ICBAMCL2ND,ICB AMCL Second Mutual Fund Units,10.2,-3.7735849056603805,25.925925925925924,39.72602739726027,56.92307692307691,82.14285714285714,82.14285714285714,64.51612903225805,-26.086956521739136,103.99999999999997,34.210526315789465,7.6153750662651,6.598526937374453
ICBEPMF1S1,ICB Employees Provident Mutual Fund One Scheme One Units,6.7,-4.285714285714283,4.687499999999997,13.559322033898303,6.349206349206355,31.372549019607856,97.05882352941177,45.65217391304349,-14.102564102564099,9.836065573770501,-19.277108433734945,6.817306876130407,7.658160921586024
ICBIBANK,ICB Islamic Bank Limited,2.5,0.0,-3.8461538461538494,-3.8461538461538494,-10.714285714285708,-21.875000000000004,4.1666666666666705,19.047619047619044,-65.27777777777777,-35.8974358974359,-66.66666666666667,6.600000000000007,5.962047309415737
ICBSONALI1,ICB AMCL Sonali Bank Ltd 1st Mutual Fund 2013- Units,7.7,-3.749999999999998,-2.531645569620255,28.33333333333334,48.07692307692307,60.41666666666668,83.33333333333333,48.07692307692307,-9.411764705882351,24.193548387096772,-35.833333333333336,6.16836638821982,7.197394391721335
ICICL,Islami Commercial Insurance PLC.,39.9,4.450261780104701,13.031161473087822,11.142061281337048,37.11340206185566,83.0275229357798,78.125,81.36363636363636,173.28767123287668,173.28767123287668,173.28767123287668,4.867448935470756,4.059163753769039
IDLC,IDLC Finance PLC.,42.6,-1.3888888888888922,-2.293577981651376,-4.269662921348312,2.8985507246376883,12.954545736931827,24.94413439057262,9.36430343785667,-30.444534037980233,7.137585197618523,-9.89914205138194,1.8691019881509194,2.694833973787872
IFADAUTOS,IFAD Autos PLC,22.5,-1.3157894736842135,-4.25531914893617,-2.1739130434782608,-14.122137404580151,4.651162790697675,3.6866359447004644,-10.358565737051796,-57.26974724107451,-53.77704836216176,27.99135296335425,2.439599794903627,3.519966057030057
IFIC,IFIC Bank PLC,4.7,-2.083333333333326,-7.84313725490195,2.1739130434782727,-5.9999999999999964,-11.320754716981126,0.0,-9.615384615384615,-65.73358866495285,-35.30810312834239,-55.76382632150104,4.184397163120572,4.945362689704914
IFIC1STMF,IFIC Bank 1st Mutual Fund Units,4.1,-2.380952380952394,0.0,0.0,13.888888888888877,-4.651162790697679,63.999999999999986,24.24242424242424,-34.920634920634924,-3.357142801918377,-36.47500001282121,4.890824622531947,5.882222962502293
IFILISLMF1,IFIL Islamic Mutual Fund - 1 Units,6.2,-3.1250000000000027,3.333333333333336,14.814814814814811,40.9090909090909,47.61904761904762,82.3529411764706,47.61904761904762,-8.823529411764701,-4.615384615384612,-1.5873015873015817,5.269020367067314,4.327936834038273
INDEXAGRO,Index Agro Industries Ltd,71.8,-1.9125683060109366,4.3604651162790695,-0.8287292817679676,-0.4160887656033248,12.012480499219974,7.324364723467849,-5.880149571265555,-39.34835061521256,0.5200002512999903,0.5200002512999903,5.647915241355184,4.245734153144994
INTECH,Intech Ltd.,23.9,-0.829875518672211,-4.780876494023915,0.0,-28.869047619047624,-40.39900249376559,-24.60567823343849,-34.8773841961853,-39.94974874371859,131.6023809391465,96.16721631024389,5.746834210013637,5.38863424897426
INTRACO,Intraco Refueling Station PLC,21.2,-1.3953488372093057,-4.932735426008975,-6.607929515418502,2.4154589371980677,12.765957446808503,3.41463414634146,-19.083969465648856,-7.677419744976068,-54.405379326642546,-54.405379326642546,3.8555411095125542,2.783185765339618
IPDC,IPDC Finance PLC,35.5,1.1396011396011354,5.341246290801178,11.635220125786162,7.575757575757576,98.27127709142286,95.15706849707726,69.43181860539772,-5.804582057512344,129.09283567893735,579.1386740930028,3.831350668880389,4.334694978360414
ISLAMIBANK,Islami Bank Bangladesh PLC,26.7,0.3759398496240521,0.0,-3.956834532374106,-17.592592592592588,-31.887755102040824,-19.090909090909093,-36.27684964200478,-11.000000000000002,-14.423076923076923,-31.697674486906976,1.7279470782614397,2.589461303572489
ISLAMICFIN,Islamic Finance & Investment PLC,10.7,0.0,-3.6036036036036068,-4.464285714285714,1.904761904761898,-3.6036036036036068,12.631578947368414,52.85714285714285,-68.2492581602374,-17.804867540281755,-41.32761989665096,3.7525225807715716,3.366397418284465
ISLAMIINS,Islami Insurance Bangladesh Limited,66.8,3.245749613601227,6.200317965023846,6.8799999999999955,11.148086522462554,73.5064935064935,78.13333333333333,66.58354114713215,-7.988980716253441,450.07944604746757,254.69267375581424,2.6319858430579637,4.286228491713684
ISNLTD,Information Services Network Ltd.,52.8,-1.3084112149532763,-1.4925373134328437,-7.692307692307702,-12.437810945273633,-32.13367609254499,-32.653061224489804,-53.06666666666667,17.073170731707307,339.2960007028736,249.44000138505302,9.069712969234285,7.44066874219968
ITC,IT Consultants PLC,44.4,-0.671140939597325,-1.552106430155217,-6.526315789473687,-6.918238993710701,16.84210526315789,15.324675324675322,-0.44843049327354895,5.213270142180084,39.183935713648545,51.13105465251949,2.8871041498483607,2.95669142383845
JAMUNABANK,Jamuna Bank PLC,22.9,-0.4347826086956583,-0.865800865800878,-4.979253112033207,-5.371900826446283,0.4385964912280608,8.530805687203777,7.009345794392524,18.15124097367277,157.55233041879276,95.69140558135318,1.0446339540101088,1.824098741225007
JAMUNAOIL,JAMUNA OIL PLC,177.4,-0.2249718785151888,-1.608430393788134,0.11286681715576584,-2.258953168044074,3.7426900584795355,4.846335697399538,-4.726100966702462,-2.5809994508511744,-7.892004153686391,10.498301132501744,1.1489175587646883,1.088857826935451
JANATAINS,Janata Insurance PLC,32.8,0.30581039755349937,-0.30395136778115933,-2.67062314540061,-4.9275362318840665,21.0332103321033,34.97942386831274,25.670498084291168,-34.27963275306504,260.55086685046433,-82.45781361423971,3.0703254232493826,4.392731595549152
JHRML,JMI Hospital Requisite Manufacturing Ltd,42.9,-0.23255813953488702,-3.3783783783783785,-11.180124223602483,-17.658349328214975,0.46838407494144196,1.6587677725118382,-22.282608695652183,95.0,95.0,95.0,3.294558191211094,3.7753250945565955
JMISMDL,JMI Syringes & Medical Devices Ltd.,129.3,0.0,-2.562170308967579,-5.205278592375362,-12.516914749661703,5.983606557377058,9.576271186440687,-10.704419889502761,-56.059970155003306,10.665827208480994,273.35031729817734,2.495739501917385,4.387475261818627
JUTESPINN,Jute Spinners Limited,203.9,-0.7302823758519961,-1.0194174757281527,-7.695789950203712,-2.7658559847400968,-6.12338858195211,4.456967213114763,-6.553620531622357,19.23976608187135,277.5925925925926,206.61654135338347,2.8201688619051275,3.056694149872621
KARNAPHULI,Karnaphuli Insurance PLC,55.5,0.9090909090909091,2.7777777777777777,-4.145077720207252,45.28795811518324,86.24161073825503,94.73684210526316,82.56578947368422,16.35220125786163,432.07608962268563,103.31705056705802,3.0134126512197534,4.737358903630239
KAY&QUE,Kay and Que (Bangladesh) Ltd.,414.4,4.858299595141697,6.0117677155282685,4.120603015075371,-6.876404494382028,-8.742567716362045,9.803921568627452,21.84854322450453,46.791304737306326,1607.689591105336,1986.351196201705,3.6669475118818395,4.04625396838553
KBPPWBIL,Khan Brothers PP Woven Bag Industries Ltd,37.0,-2.374670184696566,-2.6315789473684212,1.9283746556473909,-9.535452322738385,-24.489795918367346,-22.916666666666668,-76.12903225806451,131.25,92.24255315672211,10.539467739180166,6.474119271587628,6.303187581999105
KDSALTD,KDS Accessories Ltd.,44.6,-0.44642857142856196,-2.4070021881838106,-5.708245243128955,-16.32270168855534,12.911392405063294,8.51581508515815,-7.083333333333331,-39.260700241392755,-27.153190475154933,-14.52641024704983,2.502699767263939,3.3799911396375717
KEYACOSMET,Keya Cosmetic Ltd.,5.4,1.8867924528301987,0.0,-5.263157894736839,5.882352941176485,5.882352941176485,20.000000000000007,12.500000000000012,-40.65934065934066,-28.7200000399168,-65.45264106104582,4.122990915443739,5.597857835651423
KOHINOOR,Kohinoor Chemical Company (Bangladesh) PLC,520.5,-0.26825062272465555,-0.7247758916650686,-2.491569876358178,1.3434579439252292,0.7159442724458293,4.120824164832971,1.1930009588589283,57.711500301213206,325.98020714075125,1026.7993458529086,1.0814521292872223,1.8647812939357125
KPCL,Khulna Power Company Ltd.,10.5,0.0,-2.7777777777777843,-5.405405405405403,-2.7777777777777843,-3.669724770642205,0.0,-3.669724770642205,-78.35051546391753,-82.03732505592106,-75.69639274987064,3.0550487248600495,4.108985350936418
KPPL,Khulna Printing & Packaging Ltd,14.0,-0.7092198581560258,3.7037037037037037,-1.4084507042253471,-14.634146341463408,-14.634146341463408,-12.5,-2.097902097902103,-12.5,48.93617021276595,-59.36675465922682,4.530511034265048,5.094781282766661
KTL,Kattali Textile Ltd.,12.7,0.0,-3.0534351145038197,1.5999999999999943,20.952380952380945,30.927835051546396,9.482758620689653,-5.223880597014934,-58.36065573770492,-33.61456042028888,-33.61456042028888,3.158571428571426,4.690649604556052
LANKABAFIN,LankaBangla Finance PLC,14.4,-0.6896551724137907,-4.635761589403969,-9.433962264150944,-11.111111111111105,-1.3698630136986254,17.073170731707314,-15.789473684210531,-66.43356643356644,-29.377991184148698,-49.708981223578874,2.7615467380465013,3.1920706504789327
LEGACYFOOT,Legacy Footwear Ltd.,68.1,0.29455081001471073,-3.404255319148944,-2.7142857142857224,-3.1294452347083968,10.016155088852981,25.64575645756456,7.753164556962012,-7.346938775510212,169.20781141181152,334.8741579935901,3.164257084743355,3.408948394937932
LHB,LafargeHolcim Bangladesh PLC,51.7,-0.5769230769230715,-4.259259259259254,-3.5447761194029823,-7.5134168157423895,0.0,9.766454352441615,-6.678700361010822,-37.56038647342995,-35.294117647058826,611.3457091040002,3.0073806617036642,2.6311888650011896
LIBRAINFU,Libra Infusions Ltd.,570.7,0.12280701754386764,-0.7995828263514531,-6.48861215795509,-12.199999999999992,-11.519379844961234,-10.267295597484269,-26.83333333333333,-9.412698865634912,58.283512937081696,384.5566032707432,1.241647646240192,2.3589059966305275
LINDEBD,Linde Bangladesh Limited,668.2,-0.4469606674612634,-2.5947521865889147,-3.8561151079136624,-6.151685393258421,-10.906666666666661,-11.963109354413698,-26.247240618101543,-57.439490445859875,-53.10877192982456,29.621726479146467,1.412207726603992,1.3698164860592204
LOVELLO,Taufika Foods and Lovello Ice-cream PLC,51.9,1.565557729941286,-5.118829981718473,-15.609756097560977,-27.91666666666667,-24.89146164978292,-23.90029325513197,-44.392857003839296,73.75217414647574,299.63000052351526,299.63000052351526,4.516412988054625,6.602546127343558
LRBDL,Lub-rref (Bangladesh) Ltd,13.1,2.3437499999999916,-7.746478873239435,-11.486486486486493,1.5503875968992193,28.431372549019617,32.32323232323232,-9.027777777777782,-74.21259842519684,-67.65432098765432,-67.65432098765432,5.233371138122195,5.602245500420505
LRGLOBMF1,LR Global Bangladesh Mutual Fund One Units,4.5,-6.2499999999999964,0.0,4.651162790697679,32.352941176470594,28.571428571428573,60.71428571428573,28.571428571428573,-50.0,-40.0,-51.086956521739125,7.5871761089152425,6.687087649266359
MAGURAPLEX,Magura Multiplex PLC,82.8,-1.0752688172043077,-1.075268817204308,-5.909090909090912,-8.710033076074978,0.0,-1.3110846245530494,-20.307988450433115,-48.16000022971881,363.33678550015736,363.33678550015736,3.6072115349305336,3.596577304156045
MAKSONSPIN,Maksons Spinning Mills PLC,5.6,-3.448275862068969,-5.084745762711876,-8.196721311475411,-6.666666666666672,-9.677419354838719,19.148936170212753,-17.647058823529413,-82.9787234042553,-18.333333129166668,-65.3146065771097,3.8663469017371037,5.051142796037902
MALEKSPIN,Malek Spinning Mills PLC,47.8,-1.6460905349794326,0.631578947368415,1.702127659574462,38.95348837209302,77.03703703703702,65.39792387543253,43.54354354354355,30.958904109589035,176.30057803468205,91.19999999999999,3.146509541103969,5.3779605494675815
MARICO,Marico Bangladesh Limited.,2665.0,0.19173653144854727,-0.18726591760299627,-2.513077513992019,-3.9985590778097984,-2.985074626865672,0.4485319060721455,-4.818029215329122,13.404255319148936,116.31493506493507,609.7203728362184,0.6258430626349473,1.031264962565048
MATINSPINN,Matin Spinning PLC,65.2,0.0,3.0015797788309726,5.1612903225806495,18.330308529945555,40.517241379310356,40.215053763440864,15.194346289752652,-4.678362573099419,63.40852130325816,44.88888888888889,6.5420245867934605,4.953452807301168
MBL1STMF,MBL 1st Mutual Fund 2010- Units,10.7,0.943396226415091,0.943396226415091,22.98850574712644,167.49999999999997,167.49999999999997,214.70588235294116,137.77777777777774,30.487804878048784,52.85714285714285,55.072463768115924,5.445154431070838,6.876120087368273
MEGCONMILK,Meghna Condensed Milk Industries Ltd.,30.7,-0.3246753246753293,-11.01449275362319,-22.27848101265823,-22.47474747474748,-4.062500000000002,113.19444444444443,86.06060606060606,37.05357142857144,332.3943661971831,223.1578947368421,5.395271008163808,6.899292295591406
MEGHNACEM,Meghna Cement Mills PLC,28.5,-0.6968641114982554,-5.0,-6.557377049180328,-10.9375,-6.557377049180328,-2.730375426621163,-39.361702127659576,-64.44793884863455,-64.59165713045759,-61.41617411169397,4.122765442411245,5.995491043413526
MEGHNAINS,Meghna Insurance PLC,36.0,1.1235955056179736,2.56410256410256,-5.0131926121372,6.50887573964498,27.20848056537102,28.113879003558715,36.882129277566534,227.27272727272728,227.27272727272728,227.27272727272728,2.7588938228836186,4.342944356666359
MEGHNALIFE,Meghna Life Insurance PLC,52.2,0.9671179883945841,-4.570383912248628,-6.115107913669062,-13.576158940397343,-3.153988868274575,2.755905511811035,-14.705882352941176,-42.72940178779335,35.95029391396153,-19.85168858984387,3.1096491763356715,5.0621906296049035
MEGHNAPET,Meghna Pet Industries Ltd.,76.7,0.1305483028720738,-2.5412960609911055,-7.8125,-2.9113924050632876,173.92857142857142,251.83486238532114,201.96850393700788,144.2675159235669,1222.4137931034484,1098.4375,6.84786180713461,8.470958518419787
MERCANBANK,Mercantile Bank PLC,6.3,0.0,-7.352941176470589,-11.267605633802816,-14.864864864864872,-26.744186046511626,-14.864864864864872,-31.521739130434778,-59.070063819925025,-16.017560280239064,-39.1083108610541,3.512704813108041,3.3775151296553396
MERCINS,Mercantile Islami Insurance PLC,52.3,-2.788104089219331,4.183266932270905,23.05882352941176,19.95412844036696,117.91666666666664,105.09803921568626,107.53968253968254,-1.5065913370998196,305.4263565891473,89.56634362119944,5.84575148253746,5.847973194243999
METROSPIN,Metro Spinning Ltd.,9.6,-1.0309278350515427,-6.796116504854379,-3.0303030303030374,1.0526315789473646,-3.0303030303030374,12.941176470588232,-17.94871794871795,-67.99999992533333,31.81538452970462,-36.12023657745286,4.852696197236882,5.905622241279408
MHSML,Mozaffar Hossain Spinning Mills Ltd.,19.5,-2.0100502512562746,-6.6985645933014295,-3.4653465346534618,-17.02127659574468,10.169491525423732,44.44444444444444,8.938547486033528,-12.946428571428568,14.810078712624197,-21.193644640214504,3.1153704329856082,4.978354448505258
MIDASFIN,MIDAS Financing PLC,4.6,2.2222222222222143,-4.1666666666666705,-17.857142857142858,-25.806451612903235,-29.230769230769234,2.2222222222222143,-26.984126984126988,-81.11382114320163,-69.92591717151053,-81.3020159193734,5.45642471223866,5.1267177062239515
MIDLANDBNK,Midland Bank PLC,16.7,-0.5952380952381037,-3.468208092485557,-6.179775280898884,0.0,5.69620253164556,-2.33918128654972,-16.500000000000004,91.12222151507,91.12222151507,91.12222151507,2.022477059548425,3.0193496057459783
MIRACLEIND,Miracle Industries Limited,26.6,-0.7462686567164152,-2.5641025641025617,-8.275862068965512,-6.9930069930069925,-6.338028169014075,-16.35220125786163,-34.96332518337408,-34.15841584158415,-1.6353287819314573,188.6157776376277,2.9428502645980292,3.6693563149694874
MIRAKHTER,Mir Akhter Hossain Ltd,34.5,-0.5763688760806998,-1.4285714285714286,-3.089887640449442,-16.867469879518072,24.100719424460426,24.999999999999993,6.811145510835923,-61.0609480812641,-57.407407407407405,-57.407407407407405,3.828722480908686,4.677835615873964
MITHUNKNIT,Mithun Knitting & Dyeing (CEPZ) Ltd.,13.4,-0.740740740740738,-0.7407407407407381,-4.285714285714283,-5.633802816901401,-12.418300653594773,-8.219178082191776,-18.292682926829258,-31.979695431472077,-78.50267370942264,-74.33342403894893,3.8573797678275286,5.059235120972758
MJLBD,MJL Bangladesh PLC,89.9,-0.33259423503325625,-1.9629225736095934,-2.494577006507589,-4.259850905218317,0.0,-0.11111111111110479,-8.915906788247211,-9.283551967709373,-17.124670560459567,57.94930532641938,1.1530287061792435,1.490384531973618
MLDYEING,M.L. Dyeing & Textile Ind. PLC,11.3,-0.8771929824561372,-8.130081300813007,-13.076923076923073,4.62962962962963,26.966292134831463,34.52380952380953,17.708333333333346,-62.080536912751676,63.737000691297624,63.737000691297624,4.17096853885359,6.483311232306641
MONNOAGML,Monno Agro & General Machinery Ltd.,305.3,-0.5861282969716741,-4.294670846394981,-9.325809325809319,-14.481792717086833,-13.975767821921659,-17.37483085250338,-18.586666666666666,-17.39665337347991,656.4180523850413,2355.0410475987755,2.9399960099663773,4.360546245095354
MONNOCERA,Monno Ceramic Industries Limited.,83.1,-0.5980861244019139,-1.1890606420927468,-5.136986301369864,-12.526315789473689,1.218026796589525,1.5892420537897276,-4.482758620689662,-47.070063694267525,228.35434311758823,385.23475145764513,3.6171301217319876,3.6879187225727645
MONNOFABR,Monno Fabrics Ltd.,19.6,0.5128205128205201,-1.507537688442197,-8.837209302325574,-12.107623318385647,-14.035087719298243,-8.411214953271015,-3.4482758620689618,-16.94915254237288,-16.94915254237288,-16.94915254237288,4.56188228747717,5.195432501115151
MONOSPOOL,Monospool Bangladesh PLC,105.8,-2.0370370370370394,-1.581395348837212,-1.3979496738117427,-5.535714285714287,13.276231263383288,11.721224920802529,11.317474501252873,-26.825041300994517,121.21818092325371,121.21818092325371,3.464647980771523,3.6532465429045833
MPETROLEUM,Meghna Petroleum PLC,205.4,0.2929687499999972,-0.4362578768783353,-1.8164435946462634,-4.686774941995357,2.700000000000003,6.5905552672548104,-2.3300047551117475,2.2908366533864513,12.486308871851046,43.91082788156688,1.253441668847804,1.2315285134204137
MTB,Mutual Trust Bank PLC,13.5,0.0,2.2727272727272783,0.7462686567164153,2.2727272727272783,34.40000089838935,37.678049677387534,34.40000089838935,7.331840403086879,104.42317882104273,177.9394607666463,2.995326020463488,3.464103097473714
NAHEEACP,Nahee Aluminum Composite Panel PLC,33.4,0.6024096385542039,-4.843304843304852,0.3003003003003046,-3.468208092485557,46.491228070175424,80.54054054054053,34.13654618473896,-36.01532567049809,-47.00615211054064,-47.00615211054064,4.311111050325872,6.832544746103978
NATLIFEINS,National Life Insurance PLC,94.2,1.5086206896551786,-1.8749999999999971,-4.848484848484846,-9.423076923076922,-5.516549648946841,0.42643923240938775,-14.828209764918618,-59.846547314578,-27.358892564423027,-30.654234649175486,2.253067209992389,2.7925368356427533
NAVANACNG,Navana CNG Limited,19.7,-1.0050251256281373,1.025641025641022,-5.74162679425837,-10.04566210045662,-5.288461538461545,-7.511737089201884,-29.642857142857146,-43.73251266652759,-51.41107357734113,-66.58576893051666,2.6439265448597804,3.324411541049015
NAVANAPHAR,Navana Pharmaceuticals PLC,63.1,0.4777070063694336,-3.664122137404578,-5.820895522388058,-11.748251748251747,8.419243986254294,20.41984732824428,9.54861111111111,139.01515151515153,139.01515151515153,139.01515151515153,2.210497040310304,3.130510525049952
NBL,National Bank PLC,3.3,0.0,-5.71428571428572,-8.333333333333341,-15.384615384615387,-31.25,3.124999999999989,-2.941176470588238,-61.627906976744185,-42.16356066526516,-69.07196419158763,4.244652406417114,4.787315908674622
NCCBANK,National Credit and Commerce Bank PLC,14.3,0.0,-1.3793103448275814,-4.666666666666662,-10.624999999999996,16.187553315563534,21.901695363087295,22.90914737009957,3.440965152525549,92.76066509476681,29.81164554451607,1.5384888976438242,2.324378251787163
NCCBLMF1,NCCBL Mutual Fund-1 2012- Dividend Units,6.9,-1.4285714285714235,-1.4285714285714235,6.1538461538461595,60.46511627906978,56.81818181818181,72.50000000000001,40.816326530612244,-20.689655172413783,-2.8169014084506943,-42.49999999999999,6.557298639063722,6.841828676423763
NEWLINE,New Line Clothings Ltd.,5.2,-1.886792452830182,-8.771929824561402,-14.75409836065573,-8.771929824561402,-18.75,30.000000000000004,0.0,-84.52380952380952,-79.16281997797542,-79.16281997797542,5.27900537001536,6.043476730866686
NFML,National Feed Mill Ltd,15.3,-1.2903225806451568,-7.272727272727268,-7.272727272727268,-34.33476394849785,-6.134969325153374,8.51063829787235,53.000000000000014,-50.47115384790005,3.1758420393395554,-45.149056851852855,4.3635577231748135,5.77644220766601
NHFIL,National Housing Finance PLC,26.3,-0.7547169811320728,-2.59259259259259,-3.663003663003663,-6.071428571428569,13.362068965517247,16.888888888888893,2.734374999999997,-66.43851511391144,-29.124721743893367,-13.881056667515569,2.5023845357229035,3.461792625574463
NITOLINS,Nitol Insurance PLC,57.7,0.34782608695652667,0.34782608695652667,21.218487394957986,68.71345029239765,108.30324909747294,105.33807829181494,107.55395683453237,-7.078220626591247,268.1396113929874,142.22344515442947,2.408839108718745,4.350790302090973
NORTHERN,Northern Jute Manufacturing Co. Ltd.,95.9,2.3479188900747094,-5.888125613346418,-9.613572101790753,-13.603603603603599,-22.53634894991922,12.426729191090281,-5.049504950495044,-71.83553597650514,-60.629490092423005,539.3333375955556,7.131875411137363,5.554611588064711
NORTHRNINS,Northern Islami Insurance PLC,37.2,1.6393442622950858,1.91780821917809,-6.060606060606057,-6.999999999999993,32.857143189285715,40.50359747356115,43.60294153547796,-33.11643818895548,154.23668677339197,21.68761423645592,3.2033547440174233,4.349823406203995
NPOLYMER,National Polymer Industries PLC,32.2,2.5477707006369563,2.875399361022371,-0.6172839506172708,-3.5928143712574725,17.5182481751825,21.05263157894737,-2.4242424242424154,-49.291338582677156,-23.232333770478295,123.1141792806064,3.1954280680395306,3.451390488256081
NRBBANK,NRB Bank PLC,6.5,-1.5151515151515098,-1.5151515151515098,-2.985074626865674,6.557377049180334,-8.450704225352109,6.557377049180334,-22.61904761904762,-27.77777777777778,-27.77777777777778,-27.77777777777778,3.0866841491841517,3.2714294140217857
NRBCBANK,NRBC Bank PLC,9.2,2.2222222222222143,2.2222222222222143,1.098901098901095,24.32432432432431,31.42857142857142,80.3921568627451,48.38709677419353,-62.41800012041273,-27.654650041915996,-27.654650041915996,2.4594257178526777,3.7205548552780003
NTC,National Tea Company Limited,152.5,0.19710906701709027,-4.088050314465409,-3.1746031746031744,-4.568210262828543,-7.575757575757576,-12.255466052934413,-15.183537263626256,-73.16085885251672,-71.14474929044465,-80.1948051948052,3.59615391964842,3.8212430501290573
NTLTUBES,National Tubes Limited,60.0,-1.1532125205930852,-3.225806451612903,-7.6923076923076925,-10.979228486646893,-6.103286384976524,-4.0,-23.076923076923077,-48.3204134366925,-33.4500002670707,154.62608695754759,4.277858823386602,3.3673027214889966
NURANI,Nurani Dyeing & Sweater Ltd.,2.9,-3.333333333333336,-6.451612903225812,-12.12121212121212,0.0,-17.142857142857146,44.99999999999999,15.999999999999996,-71.0,-82.86204403563981,-82.86204403563981,6.998357963875212,7.728028649729367
OAL,Olympic Accessories Ltd,6.0,0.0,-4.761904761904759,-9.090909090909086,-16.666666666666668,-9.090909090909086,5.263157894736839,-14.285714285714286,-59.18367346938775,-65.54576267617216,-75.14175998643655,3.6231270932487263,4.390037539491612
OIMEX,Oimex Electrode Ltd.,13.8,-2.127659574468078,-4.166666666666664,-13.207547169811319,-15.853658536585353,0.0,-9.80392156862745,-44.354838709677416,-47.12643678160919,-72.3239067902721,-72.3239067902721,4.726752744893584,5.845963495485079
OLYMPIC,Olympic Industries PLC.,142.8,0.28089887640449834,-1.6528925619834556,-1.9230769230769114,-7.870967741935477,-3.8383838383838307,3.779069767441873,-9.505703422053232,-24.84210526315789,-50.9999998775,93.2631591473146,1.5278621916143686,1.8055295108363265
ONEBANKPLC,One Bank PLC,7.6,0.0,-3.7974683544303884,-5.000000000000004,-5.000000000000004,0.0,8.571428571428566,2.702702702702693,-17.199999626964217,-17.199999626964217,-17.199999626964217,2.119298245614039,2.5694588890077656
ORIONINFU,Orion Infusion Ltd.,281.6,0.6792992491955789,19.82978723404256,21.799307958477524,-8.867313915857597,-15.43543543543543,-17.20082328726845,-47.88080695909679,213.2369299221357,305.17985611510795,512.1739130434784,9.253147451687662,7.686192207332606
ORIONPHARM,Orion Pharma Ltd.,29.7,2.7681660899654004,16.92913385826772,9.191176470588236,1.3651877133105754,2.4137931034482736,9.191176470588236,-20.375335120643427,-66.85267857142857,-22.25130890052357,-56.536585192,7.448646096808845,4.8595617471032035
PADMALIFE,Padma Islami Life Insurance Ltd.,15.6,-2.500000000000002,-4.8780487804877986,-7.692307692307686,-14.754098360655743,-8.771929824561413,-6.586826347305387,-24.27184466019418,-70.78651685393258,-18.96103862425367,-68.16125985535545,4.773197669374005,3.943886856625797
PADMAOIL,Padma Oil PLC,194.4,1.4613778705636804,-0.30769230769230477,0.051466803911474165,0.30959752321981127,9.582863585118377,14.690265486725666,-2.3115577889447207,-15.183246073298422,3.5695258391049642,14.352941062117656,1.3599600071897442,0.9934393177733334
PARAMOUNT,Paramount Insurance PLC.,66.1,-1.1958146487294639,10.535117056856183,7.131280388978916,2.6397515527950133,27.606177606177603,51.954022988505734,49.54751131221717,-22.235294117647065,815.383890704814,402.29029938523155,5.175217338745667,5.310671746966962
PDL,Pacific Denims Ltd.,5.5,-1.7857142857142794,1.8518518518518452,-5.172413793103446,-8.333333333333334,-8.333333333333334,19.565217391304355,-11.290322580645164,-69.138888891975,-72.08169827049724,-72.08169827049724,4.840159840159839,4.312704912936698
PENINSULA,The Peninsula Chittagong PLC,20.1,-0.9852216748768439,-3.8277511961722355,-8.63636363636363,-14.102564102564092,-2.898550724637671,9.836065573770494,52.272727272727295,-40.882352941176464,21.08433734939759,-44.46052617694078,4.937265382623361,5.11887541440451
PEOPLESINS,Peoples Insurance PLC,63.4,1.6025641025641029,5.14096185737977,-0.7824726134585289,0.9554140127388558,52.7710843373494,74.65564738292012,84.83965014577261,18.504672897196258,288.9570552147239,140.15151515151516,3.3945379467730374,4.902443012047893
PF1STMF,Phoenix Finance 1st Mutual Fund Units,17.3,-3.888888888888885,-4.419889502762435,22.695035460992916,94.3820224719101,214.54545454545453,246.0,253.0612244897959,80.20833333333334,260.4166666666667,118.9873417721519,6.673186441922429,6.726058883549748
PHARMAID,Pharma Aids Limited.,558.2,0.4137434790430056,0.46796256299496447,-6.59303882195448,-4.9063032367972665,4.141791044776128,13.225152129817454,-3.924268502581748,-10.18503620273531,107.97317436661703,298.429693076374,1.7238075946946965,2.6334443414923054
PHENIXINS,Phoenix Insurance PLC,48.7,0.8281573498964921,2.959830866807623,-4.696673189823872,11.441647597254004,63.42281879194631,81.71641791044776,68.51211072664361,-25.8751902587519,129.7169811320755,8.705357142857157,2.609843621039553,4.6462735858562
PHOENIXFIN,Phoenix Finance and Investments Ltd.,3.2,-5.882352941176463,-11.111111111111109,-17.948717948717942,-15.789473684210519,-15.789473684210519,33.33333333333335,-3.0303030303030196,-90.09287925696596,-79.67955355745481,-88.27142013146397,6.769593467885693,5.940298163272584
PHPMF1,PHP First Mutual Fund Units 2010-,3.7,0.0,0.0,0.0,19.35483870967742,8.823529411764714,54.16666666666668,19.35483870967742,-41.269841269841265,-10.120833793964062,-33.74621474666079,4.969969969969965,5.418584880106334
PIONEERINS,Pioneer Insurance PLC,70.5,3.0701754385964826,4.289940828402376,2.9197080291970803,-4.341926729986435,49.7615614316285,53.89812926607661,66.348315002987,-33.67038375637654,210.39195638044666,75.9415628721274,3.100345143216031,3.9502390439139132
PLFSL,Peoples Leasing and Financial Services Ltd.,1.7,0.0,-10.526315789473683,-10.526315789473683,41.66666666666667,-37.037037037037045,220.75471698113208,54.545454545454525,-43.333333333333336,-76.7123287671233,-94.21052632098746,8.169934640522872,9.396779977275333
POPULAR1MF,Popular Life First Mutual Fund Units 2010-,3.6,-2.702702702702705,-2.702702702702705,0.0,16.129032258064516,12.499999999999996,50.00000000000001,16.129032258064516,-40.983606557377044,-11.110638570876155,-31.4154038392952,5.557271557271552,5.554389228427267
POPULARLIF,Popular Life Insurance Co. Ltd.,56.2,1.6274864376130305,-0.7067137809187254,-8.319738988580742,-8.169934640522875,12.400000000000004,32.235294117647065,11.729622266401602,-42.061855670103085,-19.71428571428571,-49.56410226148717,3.19299480344546,4.5047556725123
POWERGRID,Power Grid Co. of Bangladesh Ltd.,37.6,-0.26525198938992417,-2.337662337662334,0.0,-5.05050505050505,24.503311258278153,39.77695167286247,11.904761904761905,-32.857142857142854,-33.80281690140844,-30.755064456721907,2.345876263776865,2.7819931272397356
PRAGATIINS,Pragati Insurance PLC,75.2,1.4844804318488645,2.03527815468114,-2.337662337662334,-12.252042007001167,12.255072048424344,7.727398768459526,28.238410112796988,-2.2944985722477655,363.4746126046064,89.0748485868687,3.1157135404627594,4.128192520660592
PRAGATILIF,Pragati Life Insurance PLC,145.2,1.1142061281337008,-0.5479452054794598,-4.97382198952881,-15.042553276446814,-20.537313512298518,8.064952529027432,-21.897310593650694,58.82101236702349,185.07076258825194,119.2550508338328,4.028727930174093,4.794887012388557
PREMIERBAN,The Premier Bank PLC,5.6,-1.75438596491229,1.8181818181818117,-1.75438596491229,24.44444444444444,9.803921568627452,39.99999999999999,-9.677419354838719,-54.013889032355976,33.24574138996475,-23.417010251007888,2.8766233766233817,2.9246496142537795
PREMIERCEM,Premier Cement Mills PLC,40.5,0.9975062344139616,-7.110091743119268,-15.625,-16.149068322981364,1.5037593984962443,3.3163265306122374,-17.00819672131147,-52.906976744186046,-56.91489361702128,-61.42857142857143,5.624502694323871,4.498482925257486
PREMIERLEA,Premier Leasing & Finance Limited,2.0,5.263157894736848,-4.761904761904766,-9.090909090909099,-13.04347826086956,-33.333333333333336,270.3703703703704,66.66666666666667,-85.07462686567163,-74.67695287490325,-85.24529967054946,6.15789473684211,8.919881789627665
PRIME1ICBA,Prime Bank 1st ICB AMCL Mutual Fund Units,7.9,1.282051282051289,27.41935483870968,33.89830508474576,58.000000000000014,68.08510638297872,83.72093023255816,68.08510638297872,1.2820512820512888,64.58333333333334,9.722222222222223,8.823742467578088,6.46661785216436
PRIMEBANK,Prime Bank PLC,28.0,-0.3558718861210015,-2.097902097902103,-5.084745762711864,-6.666666666666667,-1.6722405741210975,2.0833335885416697,5.000000262500004,32.17105244158305,103.3650301676661,-1.4504057649316349,0.9992428839289095,1.5110427361864216
PRIMEFIN,Prime Finance and Investment Ltd.,2.7,0.0,-6.896551724137922,-15.625,-12.90322580645161,-34.14634146341462,145.45454545454544,22.727272727272727,-84.30232558139535,-65.38461538461537,-90.06134965422861,6.534391534391535,6.450490994522099
PRIMEINSUR,Prime Islami Insurance PLC,52.9,2.1235521235521264,1.1472275334608057,-2.03703703703704,12.314225053078552,65.3125,76.92307692307692,61.77370030581038,0.9541984732824428,213.01775147928996,48.120000349563206,3.341988357586801,5.264276649111593
PRIMELIFE,Prime Life Insurance Company Limited,38.7,4.032258064516129,6.6115702479339005,1.8421052631579022,-9.154929577464786,13.489736070381234,17.27272727272728,-7.8571428571428505,-42.238805970149244,-32.69565217391304,-57.4299999348679,6.417079372579762,4.92192548017508
PRIMETEX,Prime Textile Spining Mills Ltd.,14.6,0.6896551724137907,-4.575163398692817,-6.410256410256411,-17.514124293785308,-25.51020408163266,5.797101449275353,-1.3513513513513584,-39.41908713692947,-33.63636363636363,-27.722772277227723,4.137931034482757,8.130911886018566
PROGRESLIF,Progressive Life Insurance Co. Ltd.,35.9,0.5602240896358424,0.5602240896358424,-11.793611793611804,-15.130023640661937,-14.726840855106893,-21.271929824561408,-38.73720136518772,-68.08888888888887,-10.691845730044623,-52.01446298521387,5.725280159349986,5.1210392280954204
PROVATIINS,Provati Insurance PLC,55.0,1.6635859519408478,6.38297872340425,-4.013961605584638,-10.277324632952688,79.73856209150327,91.63763066202091,69.23076923076923,-60.66584483966393,543.2907291630238,194.47308678268251,2.894474574050748,4.897109106456561
PTL,Paramount Textile PLC,79.4,0.6337135614702154,3.5202086049543713,13.428571428571436,19.040479760119943,46.7652495378928,53.2818532818533,39.788732394366214,29.16478892541387,632.842727369978,210.77111830545036,3.62965280070319,2.721708493761642
PUBALIBANK,Pubali Bank PLC,38.1,-1.5503875968992284,-3.7878787878787876,-1.0389610389610353,3.532608695652186,21.371220086636463,41.79615031795902,52.665541618860736,119.18329032657071,188.74452799278734,118.55127665885031,1.8090212015291103,2.0906684156489046
PURABIGEN,Purabi General Insurance Co. Ltd.,29.0,2.1126760563380333,2.4734982332155453,-6.451612903225806,-8.227848101265826,42.156862745098046,49.484536082474236,45.728643216080414,-35.48596136611767,254.72632815466696,-2.0381787558529068,2.5360308858030436,4.556545891506642
QUASEMIND,Quasem Industries Limited.,38.7,-2.272727272727269,-5.609756097560969,-8.293838862559241,-14.94505494505494,-1.526717557251894,2.3317306560754902,-1.2296984721195359,-15.557869101203371,-3.1866975330323135,143.53640980176507,3.058226518238821,3.554946906618183
QUEENSOUTH,Queen South Textile Mills Ltd.,13.9,-0.7142857142857117,-7.333333333333331,-9.150326797385622,-7.947019867549664,18.803418803418815,16.80672268907563,1.459854014598548,-51.53289491763716,-42.75721599405358,-42.75721599405358,3.803319058679393,5.394719502749282
RAHIMAFOOD,Rahima Food Corporation Ltd.,72.0,-1.6393442622950858,-4.509283819628655,5.417276720351396,-26.82926829268293,-37.33681462140993,-55.0,-46.30872483221476,-78.57142857142857,22.657580919931853,318.60465116279073,2.9614647722405913,4.782530025482955
RAHIMTEXT,Rahim Textile Mills Ltd.,180.8,-0.604727872457391,-4.8421052631578885,-7.139188495120687,-22.403433476394845,-10.139165009940347,-15.236755743084856,-1.0940919037199124,-42.566709021601014,2.0917334377255443,348.27552310078454,2.672291209472124,5.281801736018618
RAKCERAMIC,RAK Ceramics (Baneladesh) Limited,26.7,-0.743494423791819,-3.6101083032490977,-15.238095238095239,-8.873720136518775,19.730941704035867,20.27027027027027,4.705882352941174,-44.02515723270441,-42.210647327035716,-33.48558827620048,2.0759058901579905,2.9830128661167765
RANFOUNDRY,Rangpur Foundry Limited,148.1,-0.2693602693602732,-4.266321913380733,-3.831168831168835,-9.196811771919068,-1.134846461949277,3.6389083275017415,-17.722222222222225,-12.106824925816026,39.71698113207546,138.8709677419355,2.8840760540416595,3.615944088484601
RDFOOD,Rangpur Dairy and Food Products Limited,22.3,-2.6200873362445325,-7.851239669421482,-7.468879668049794,-21.201413427561835,10.945273631840793,11.500000000000004,-10.799999999999997,-57.464814972195,119.36328101962398,37.83033696423315,4.278812288938874,5.244920010824418
RECKITTBEN,Reckitt Benckiser (Bangladesh) PLC,3266.0,0.40271757508684275,0.030627871362940276,-1.0962388710556543,-2.73972602739726,-6.685714285714286,-4.502923976608187,-2.9708853238265003,-33.3197223356472,107.73438493830301,341.9485791610284,0.7182657279259532,0.8269610883509684
REGENTTEX,Regent Textile Mills Ltd.,5.9,-1.6666666666666607,-4.838709677419351,-7.8125,-4.838709677419351,37.20930232558141,47.50000000000001,84.375,-60.92715231788079,-45.25168723141504,-77.00570857915694,4.108708357685561,5.8640816119689765
RELIANCE1,Reliance Insurance Mutual Fund Reliance One Units,13.3,-2.2058823529411686,6.400000000000006,-4.316546762589925,25.47169811320756,8.130081300813007,-15.286624203821647,-5.673758865248219,12.711864406779661,66.25000000000001,46.15384615384617,6.1926032599437235,5.612077520920208
RELIANCINS,Reliance Insurance PLC,111.3,0.3606853020739328,1.0899182561307927,2.58064516129032,-5.677966101694917,69.66463414634147,70.18348623853208,71.23076923076923,9.117647058823527,261.31780378678087,130.48887643918536,4.918383976325088,7.84114927646202
RENATA,Renata PLC,448.8,0.0,-0.9927200529450695,-3.35917312661498,-0.04454342984409546,6.0491493383742965,14.48979591836735,-7.463917525773194,-63.365171020917145,-30.74498541478467,44.47766032784151,0.7725500502827382,1.1598721347782437
RENWICKJA,Renwick Janeswar and Co. (BD) Limited,726.6,-1.5046766978446553,-0.4657534246575311,-6.606683804627247,27.47368421052632,37.613636363636374,48.64975450081833,13.887147335423201,-43.14553990610329,-7.43949044585987,825.6050955414013,2.45655551430941,2.6439130745189097
REPUBLIC,Republic Insurance PLC,39.2,0.7712082262210906,1.5544041450777237,-1.7543859649122702,10.422535211267613,20.245398773006137,43.06569343065695,22.500000000000007,-26.24914638631342,393.3789911286203,91.13126017939435,2.999727856457576,4.754987779254057
RINGSHINE,Ring Shine Textiles Ltd.,3.7,0.0,-7.499999999999996,-11.904761904761905,2.7777777777777803,2.7777777777777803,15.625,32.14285714285715,-73.38129496402877,-75.08666666915799,-75.08666666915799,4.779516358463726,6.560322690778404
ROBI,Robi Axiata PLc,30.1,-0.33112582781456246,-0.9868421052631486,-1.954397394136801,-8.231707317073157,3.4364261168384878,6.360424028268553,3.0821917808219252,-28.33333333333333,100.66666666666669,100.66666666666669,3.135791938826665,2.1842475178125986
RSRMSTEEL,Ratanpur Steel Re-Rolling Mills Ltd,6.6,0.0,-8.333333333333341,-13.157894736842106,-19.51219512195122,-23.255813953488374,-1.4925373134328437,-25.00000000000001,-80.92485549132948,-80.99731535311442,-85.43851416201156,5.749485808309341,4.784062024161755
RUNNERAUTO,Runner Automobiles PLC,44.9,-2.178649237472767,-5.073995771670187,-9.292929292929296,6.650831353919233,13.670886075949364,21.351351351351347,44.37299035369774,-29.29133858267717,-51.546762471409345,-51.546762471409345,2.6307684303629193,3.3437794710951274
RUPALIBANK,Rupali Bank PLC,16.9,0.5952380952380826,-0.5882352941176554,-4.51977401129944,0.5952380952380826,-6.111111111111119,-2.3121387283237116,-22.831050228310502,-51.21320758122852,10.445207690683816,-43.63843029051701,1.5412792335869305,2.446569293579518
RUPALIINS,Rupali Insurance Company Ltd.,28.5,0.35211267605634305,0.7067137809187254,-4.682274247491634,3.260869565217386,31.25000032812499,39.83644894772196,23.148148429412437,-42.999999863199996,145.2131350238096,-9.06493763100691,2.9642812486684242,4.050781690218127
RUPALILIFE,Rupali Life Insurance PLC,79.5,1.532567049808433,3.2467532467532467,0.7604562737642513,-13.867822318526542,-2.334152334152341,1.1450381679389385,-27.397260273972602,-0.3759398496240566,173.08022728161606,-21.01644519664487,3.617033472599106,3.826381687146701
SAFKOSPINN,Safko Spinning Mills Limited,20.1,0.5000000000000071,-3.8277511961722355,-2.4271844660194173,-4.739336492890995,21.818181818181824,45.652173913043484,40.55944055944057,-23.68045114704289,79.72257144036594,1.7918052935585715,2.7022439063194437,4.177465502752896
SAIFPOWER,SAIF Powertec Ltd.,7.8,1.298701298701294,-3.7037037037037015,-17.894736842105267,-27.777777777777786,11.428571428571427,56.0,19.999999999999996,-79.78484115418397,-51.13299632818222,-43.25491992375466,3.094173204099917,4.9924351524864035
SAIHAMCOT,Saiham Cotton Mills Ltd.,22.3,0.45045045045045684,-3.0434782608695623,7.211538461538462,13.197969543147215,14.948453608247435,13.775510204081629,23.20441988950276,7.729468599033823,57.042253521126774,-13.626760636371753,3.1611654694193803,6.431349482158931
SAIHAMTEX,Saiham Textile Mills Ltd.,38.3,7.28291316526609,15.015015015015017,19.687499999999993,108.15217391304347,101.57894736842104,121.3872832369942,132.1212121212121,59.58333333333332,193.5401468317398,63.417844467677526,5.948686796328947,8.319888009056445
SALAMCRST,S. Alam Cold Rolled Steels Limited,12.5,-0.7936507936507908,4.166666666666667,0.0,-14.96598639455782,-31.693989071038256,-16.107382550335572,-37.5,-67.27748691099477,-54.044117647058826,-73.73949579831933,5.541006014215419,5.0010829306978515
SALVO,Salvo Organic Industries PLC,30.3,-0.6557377049180304,-3.5031847133757896,-9.552238805970148,-20.26315789473684,-11.40350877192983,0.0,-13.428571428571427,-46.748681898066785,178.3812513170913,76.98918117356057,2.880390326825451,3.8462471955171984
SAMATALETH,Samata Leather Complex (Pvt.) Ltd.,83.5,-1.533018867924525,-0.35799522673030687,-12.105263157894736,-21.152030217186027,-5.113636363636363,-0.5952380952380952,-18.137254901960784,-13.917525773195877,230.11627798729313,467.7999981830399,4.90347417882469,6.20183691612154
SAMORITA,Samorita Hospital Ltd.,93.4,-4.303278688524579,-3.212435233160616,-6.693306693306682,11.32300357568534,34.19540229885059,28.47317744154058,25.876010781671162,15.541643853408242,81.66444362356928,137.9236507946483,6.085053856945631,7.210858463450868
SANDHANINS,Shandhani Life Insurance Co.Ltd,24.6,0.8196721311475527,0.40816326530612823,-4.651162790697671,-3.1496062992125875,23.000000000000007,27.461139896373062,7.423580786026214,-39.99999999999999,24.732395392165063,-42.222887159024175,2.8125268454924837,3.3016033194658667
SAPORTL,Summit Alliance Port Limited,60.6,-1.3029315960912007,-1.4634146341463392,-0.32894736842104566,16.53846153846154,23.673469387755105,43.942992874109265,47.804878048780495,106.82593856655289,56.79141436957423,187.54806868346785,1.9797911192467519,2.82367939430858
SBACBANK,SBAC Bank PLC.,6.7,-1.4705882352941124,-1.4705882352941124,-2.8985507246376834,1.5151515151515234,0.0,8.064516129032258,-9.459459459459461,-66.48723803863027,-36.02109080974911,-36.02109080974911,3.297150610583451,3.6568990734096145
SEAPEARL,Sea Pearl Beach Resort & Spa Ltd.,35.6,-1.3850415512465373,0.28169014084507443,-3.7837837837837798,-4.301075268817208,-8.951406649616368,7.8787878787878824,-27.049180327868843,-19.819819819819816,48.33333370416668,48.33333370416668,5.407883985204439,5.4837237671394305
SEMLFBSLGF,SEML FBLSL Growth Fund Units,7.2,-1.3698630136986254,1.4084507042253598,5.882352941176476,22.03389830508474,30.909090909090914,46.938775510204074,38.46153846153846,-30.769230769230766,18.032786885245912,18.032786885245912,4.837824045723617,4.283467735096676
SEMLIBBLSF,SEML IBBL Shariah Fund Units,8.1,-1.219512195121947,2.531645569620244,5.194805194805188,15.71428571428571,28.57142857142857,39.6551724137931,22.72727272727273,-25.000000000000007,-40.87591240875913,-40.87591240875913,2.2532426941709613,2.2289682516548472
SHAHJABANK,Shahjalal Islami Bank PLC,17.4,1.1627906976744147,0.5780346820809125,-1.1363636363636525,-2.2471910112359668,-2.2471910112359668,6.097560975609756,-3.8674033149171425,-16.641860793508588,114.06354611447885,6.956398485912178,1.8591756069619036,1.6199619461709802
SHARPIND,Sharp Industries PLC,17.8,-1.1111111111111072,-11.881188118811874,-39.24914675767918,-20.535714285714278,6.586826347305398,37.98449612403101,4.705882352941181,9.202453987730062,9.202453987730062,9.202453987730062,5.18646142904675,9.12431744503423
SHASHADNIM,Shasha Denims PLC,26.2,-1.5037593984962485,-8.070175438596493,-4.727272727272729,6.504065040650397,39.36170212765957,64.77987421383648,23.58490566037736,-19.384615384615387,-7.189988344011892,-21.507866433092765,3.7157651480948353,4.273935734647091
SHEPHERD,Shepherd Industries PLC,12.8,-0.7751937984496096,-3.7593984962406015,-16.33986928104575,-23.353293413173645,-6.56934306569342,-4.477611940298504,-27.272727272727273,-33.401015487891975,-64.72177799346098,-64.72177799346098,4.167759515066734,5.359109109883243
SHURWID,Shurwid Industries Ltd,5.7,0.0,-3.3898305084745792,-4.999999999999997,-16.17647058823529,-16.17647058823529,23.913043478260885,14.000000000000004,-75.84745762711864,-36.66666673703704,-81.02500007472655,2.801400051853775,3.8379259581611374
SHYAMPSUG,Shyampur Sugar Mills Ltd.,283.2,-0.21141649048626593,-4.291990537343693,-7.269155206286834,12.91866028708133,78.1132075471698,86.3157894736842,38.95976447497546,135.99999999999997,1692.405063291139,3440.0,6.500546156720427,4.884352172521007
SICL,"Sikder Insurance Co., Ltd.",36.3,1.3966480446927376,-0.5479452054794598,-9.022556390977448,-6.201550387596914,73.68421052631578,96.21621621621621,57.82608695652173,34.444444444444436,34.444444444444436,34.444444444444436,3.6277359540400935,5.694246004794321
SILCOPHL,Silco Pharmaceuticals Ltd.,16.9,-1.1695906432748704,-7.650273224043728,-1.1695906432748704,-21.39534883720931,16.551724137931025,23.35766423357664,-3.428571428571437,-48.31804281345567,-30.63432843326883,-30.63432843326883,3.726280227059923,5.151252597766238
SILVAPHL,Silva Pharmaceuticals Ltd.,12.5,-1.5748031496062938,-6.015037593984967,-10.071942446043167,-11.97183098591549,12.612612612612615,30.20833333333334,4.166666666666667,-50.0,-65.46052622944079,-65.46052622944079,4.220480273159473,4.881212533905154
SIMTEX,Simtex Industries PLC,23.8,0.0,-2.857142857142854,-4.799999999999997,-14.388489208633093,-2.4590163934426146,5.77777777777778,7.2072072072072135,2.1459227467811157,34.35248689106414,-11.658638759293115,2.518600353652401,3.7528466565358785
SINGERBD,Singer Bangladesh Limited,78.4,-1.2594458438287153,1.423027166882288,5.376344086021505,-1.999999999999993,-9.573241061130332,-7.764705882352935,-27.00186219739292,-59.48320413436692,-45.78723409676596,-22.741055263437673,2.7516595601883522,2.4534298989595973
SINOBANGLA,Sinobangla Industries Ltd.,49.0,-0.8097165991902806,-2.9702970297029703,-4.483430799220268,-16.23931623931624,-5.0387596899224825,6.986899563318784,-9.25925925925926,5.422608809233207,92.95532041153004,169.39531544538505,1.9562880516715142,3.119952535440259
SIPLC,Sena Insurance PLC,151.1,-1.819363222872002,10.695970695970693,8.005718370264466,43.08712121212121,144.89465153970826,183.48968105065666,214.13721413721413,216.10878661087867,216.10878661087867,216.10878661087867,7.634659434772001,7.714729451062545
SKTRIMS,SK Trims & Industries Ltd.,12.5,1.6260162601625958,2.459016393442629,-11.97183098591549,-11.97183098591549,31.57894736842105,52.439024390243915,32.97872340425531,-69.58637469586374,-66.38888895700741,-66.38888895700741,7.889751210854307,6.785853939539701
SONALIANSH,Sonali Aansh Industries Limited.,222.3,-0.35858359480053026,4.073033707865177,2.9643353404353894,14.058491534120064,39.81132075471699,15.540540540540542,-0.31390134529147473,258.18731117824774,1001.8587360594795,1546.6666666666667,2.9888803900684033,3.6991272264347823
SONALILIFE,Sonali Life Insurance PLC,87.5,3.062426383981147,6.7073170731707314,3.062426383981147,6.318347509113004,47.55480607082632,43.67816091954023,17.449664429530202,19.863013698630137,695.4545454545455,695.4545454545455,2.568540433925052,2.8324732322557504
SONALIPAPR,Sonali Paper & Board Mills Ltd.,224.2,-0.9279717189571466,-1.9676432006996065,-3.7355088020609775,-5.400843881856545,-2.775368603642674,-5.20084566596195,-17.543214417065094,-10.673510589445073,48.54742362807387,48.54742362807387,2.8283147290221735,3.176841736860372
SONARBAINS,Sonar Bangla Insurance Ltd.,37.1,1.366120218579235,0.5420054200542083,-1.3297872340425532,-16.816143497757846,40.631769277993996,53.972332368790326,33.407534580094186,-50.77888061836576,300.4722679862836,78.23582987499576,3.2129718703579595,4.850623888327474
SONARGAON,Sonargaon Textiles Limited.,107.9,0.09276437847867211,7.792207792207804,0.8411214953271081,13.578947368421057,181.72323759791126,246.94533762057878,216.42228739002934,349.5833333333333,1215.8536585365855,478.0357157308036,4.920613012156249,7.328795402436574
SOUTHEASTB,Southeast Bank PLC,11.5,-1.7094017094017033,-4.95867768595041,1.7699115044247724,11.650485436893197,28.177083287937293,35.21978017520228,29.52631568585262,-16.112414703923907,8.11549400982345,-3.3613812442484647,2.410897115544795,3.112021549445084
SPCERAMICS,Shinepukur Ceramics PLC,23.6,-0.8403361344537785,9.25925925925926,18.592964824120617,-1.2552301255230007,11.320754716981144,61.64383561643837,17.412935323383085,-34.98622589531679,156.5217391304348,3.984674026711295,5.406988277512358,5.2858736905487484
SPCL,Shahjibazar Power Co Ltd,49.8,-0.40000000000000563,-2.3529411764705936,-5.142857142857149,-8.62385321100918,4.184100418410042,4.8421052631578885,3.7499999999999942,-56.91181357424007,-60.95315166428563,91.78361521445838,2.651567484299607,3.3088141293989515
SQUARETEXT,Square Textiles PLC,48.5,-0.410677618069821,0.0,-1.6227180527383311,-3.3864541832669377,1.0416666666666667,0.0,-14.007092198581558,-7.619047619047619,-22.8409087016064,-36.44379892206309,1.4842015780839446,2.5497601531104563
SQURPHARMA,Square Pharmaceuticals PLC,217.7,0.13799448022078334,0.600739371534188,-0.09178522257917258,-3.2014228546020527,2.7856468366383274,9.39698492462311,-0.3205128205128283,-10.778688524590168,15.602722167616347,107.9761336272311,0.4618900026612339,0.8150018946432525
SSSTEEL,S.S. Steel Ltd,5.9,0.0,-6.34920634920634,-7.8125,-14.492753623188404,11.320754716981144,43.90243902439026,11.320754716981144,-76.22388069779728,-84.17195218569314,-84.17195218569314,3.4015195791934456,4.760902232031113
STANCERAM,Standard Ceramic Industries Ltd.,65.1,0.0,-3.840472673559835,-10.69958847736627,-9.833795013850427,-8.82352941176472,-7.132667617689016,-22.500000000000007,-71.00222717149221,28.149606299212596,165.7142857142857,4.170437166323864,6.1382664900383075
STANDARINS,Standard Insurance PLC,53.0,1.145038167938934,1.9230769230769231,5.788423153692612,0.1890359168241993,35.8974358974359,35.54987212276214,36.24678663239075,-45.64102564102564,474.7948127843841,103.05835498476569,2.689360302319365,4.125111373897614
STANDBANKL,Standard Islami Bank PLC,4.4,0.0,-4.347826086956506,-6.382978723404252,-6.382978723404252,-18.51851851851852,-8.333333333333321,-22.807017543859644,-52.857104503030016,-26.167697754623937,-51.42875764566825,2.7272727272727177,3.762665044411376
STYLECRAFT,Stylecraft Limited,52.6,-0.18975332068311465,-2.59259259259259,-5.39568345323741,-1.1278195488721832,-7.719298245614033,11.440677966101692,-28.62957937584803,-69.5072463768116,15.468434542665292,114.17532211814736,3.4927967329844067,5.19922848470963
SUMITPOWER,Summit Power Ltd.,15.4,0.0,-1.9108280254777004,-1.9108280254777004,0.0,10.79136690647482,24.193548387096772,0.6535947712418277,-67.16417910447761,-52.02492211838007,-66.45753429367264,2.0788037600181766,3.0801256983743808
SUNLIFEINS,Sunlife Insurance Co. Ltd.,56.0,3.8961038961038987,7.485604606525909,3.8961038961038987,-24.83221476510067,-7.742998352553546,6.261859582542689,-3.4482758620689653,47.36842105263158,222.71186341129564,-39.45280042608517,5.511523879807709,5.695184015994826
TAKAFULINS,Takaful Islami Insurance PLC,54.4,0.3690036900368925,-1.0909090909090935,2.6415094339622613,34.32098765432098,71.06918238993711,59.99999999999999,52.380952380952365,-7.00854700854701,375.4076420186188,77.17304616254042,3.377430560769732,4.538046366397826
TALLUSPIN,Tallu Spinning Mills Limited,6.9,-1.4285714285714235,-4.166666666666664,-11.538461538461531,-14.814814814814806,-16.867469879518076,9.523809523809533,2.985074626865674,-49.63503649635036,-54.60526315789473,-70.00000002608697,3.1350421368792456,4.3196037689469025
TAMIJTEX,Tamijuddin Textile Mills PLC,113.2,-0.7017543859649098,-3.2478632478632457,-10.158730158730156,-18.443804034582136,-0.35211267605633056,-10.158730158730156,-13.226480926336272,-28.80503151818362,758.7586195051605,758.7586195051605,2.8548319509908033,4.088001868370471
TECHNODRUG,Techno Drugs Ltd.,39.7,-1.4888337468982489,-4.796163069544364,-11.383928571428559,-7.674418604651156,14.739884393063587,35.95890410958906,2.5839793281653747,50.3787878787879,50.3787878787879,50.3787878787879,3.570878842143836,4.194733422880417
TILIL,Trust Islami Life Insurance Ltd.,46.9,5.63063063063063,5.63063063063063,3.303964757709251,-11.842105263157903,9.579439252336451,5.63063063063063,-21.043771043771045,326.3636363636364,326.3636363636364,326.3636363636364,5.176278764460856,4.253525729378741
TITASGAS,Titas Gas Transmission and Distribution PLC,17.7,-1.117318435754186,1.1428571428571388,-1.117318435754186,-1.117318435754186,4.117647058823525,13.46153846153846,-14.077669902912632,-57.857142857142854,-63.50515463917526,-72.25705329153604,3.6646674548769025,3.2820586818912583
TOSRIFA,Tosrifa Industries PLC,19.5,1.0362694300518096,1.5625000000000038,-7.582938388625599,-5.339805825242725,16.071428571428566,14.705882352941176,-13.71681415929204,-15.307203743315272,-2.3866280717276886,-55.088087599363114,6.401139946640797,5.751936712604225
TRUSTB1MF,Trust Bank 1st Mutual Fund Units,3.8,0.0,2.702702702702693,5.555555555555547,18.74999999999999,18.74999999999999,58.333333333333336,18.74999999999999,-41.53846153846154,-11.482353499358336,-41.82580046722609,4.866445392761178,5.812105802707306
TRUSTBANK,Trust Bank PLC,13.5,-0.7352941176470562,-2.8776978417266212,-10.0,-14.556962025316459,-19.91525406083022,-18.534482554956888,-21.685082699856537,-37.179851217178424,26.204304694402172,42.22676343966692,1.9216174031801807,2.000291538731337
TUNGHAI,Tung Hai Knitting & Dyeing Ltd,4.1,-2.380952380952394,0.0,-4.651162790697679,41.37931034482758,24.24242424242424,156.24999999999994,104.99999999999999,-44.594594594594604,-61.452991502410704,-83.46333336684765,7.466541588492813,8.283090592599121
UCB,United Commercial Bank PLC,8.8,2.32558139534885,-3.296703296703285,-4.347826086956506,-2.2222222222222143,-7.368421052631572,-16.190476190476186,-17.75700934579438,-36.094610511599846,-30.415534115237364,-30.605040317107335,2.986257928118391,3.4549601289660394
UNILEVERCL,Unilever Consumer Care Limited,1986.1,-0.28116684239595,0.6027758079221894,-1.3314123900839674,-3.5873786407767034,-8.042411334382827,-8.05092592592593,-19.300312868229653,9.995154032537206,102.2762571610439,493.97383177570094,0.5463152422747543,1.1124531206997381
UNIONCAP,Union Capital Limited,4.1,-2.380952380952394,-8.888888888888896,-10.869565217391305,-10.869565217391305,-22.641509433962266,46.42857142857142,-2.3809523809523934,-71.32867132867133,-60.53749984954922,-78.32456412074308,4.808362369337983,4.881805763509455
UNIONINS,Union Insurance PLC,47.8,1.7021276595744619,0.0,-1.84804928131418,19.201995012468817,42.261904761904745,29.89130434782609,46.177370030581024,334.5454545454545,334.5454545454545,334.5454545454545,2.9417445455229005,4.3814595328180195
UNIQUEHRL,Unique Hotel & Resorts PLC,41.6,-0.47846889952152094,2.716049382716053,-4.147465437788012,0.726392251815991,8.90052356020942,8.616187989556149,0.24096385542169016,-23.52941176470588,-9.565217391304346,-67.16653512233623,4.9276954807468645,3.4776674061370834
UNITEDFIN,United Finance PLC,16.8,-1.7543859649122848,-1.17647058823529,-3.4482758620689538,7.6923076923077,34.400000000000006,44.82758620689656,22.627737226277382,-33.85826771653542,-9.648780058306018,-27.936912967551585,2.8850806353699294,4.3262097031260875
UNITEDINS,United Insurance Company Limited,63.9,2.239999999999998,6.322795341098165,3.565640194489458,43.59550561797752,52.142857142857146,52.87081339712919,54.34782608695652,-10.000000000000002,185.66265964465055,67.37379019703363,3.2782628367074627,4.39339772758842
UPGDCL,United Power Generation & Distribution Co. Ltd.,114.2,-0.08748906386701165,-1.974248927038624,-4.1141897565071295,-8.346709470304969,-1.6365202411713966,-1.6365202411713966,-19.577464788732392,-61.67785234899329,21.115697330804185,104.73496325850641,1.26206771586807,2.1653310844817453
USMANIAGL,Usmania Glass Sheet Factory Limited,52.4,-0.38022813688213464,-8.869565217391306,-12.666666666666668,25.05966587112172,42.39130434782609,54.11764705882352,46.36871508379889,-28.707482993197278,-31.556035532701923,8.054703804042253,4.557274525081746,6.613107862768585
UTTARABANK,Uttara Bank PLC,20.6,-0.4830917874396033,-0.9615384615384581,-2.3696682464454977,-5.069124423963124,2.182539682539689,12.445414847161578,19.212962962962962,49.8210065161985,125.38447854055242,58.95849885353228,0.6796116504854294,0.9406840946697147
UTTARAFIN,Uttara Finance and Investments Limited,11.8,-1.6666666666666607,-8.527131782945734,-9.230769230769225,-13.23529411764705,-12.592592592592588,19.191919191919194,-6.34920634920634,-76.25754527162978,-78.03191483869679,-83.31823742911857,5.36564117172292,5.027215431338196
VAMLRBBF,Vanguard AML Rupali Bank Balanced Fund Units,8.6,-1.1494252873563178,6.172839506172839,7.499999999999996,16.216216216216207,43.33333333333332,50.87719298245613,40.98360655737705,-4.444444444444448,-21.81818181818182,-21.81818181818182,3.4162105673344323,2.335969465064987
VFSTDL,VFS Thread Dyeing Ltd.,13.0,-1.5151515151515098,-7.80141843971631,-6.474820143884894,-22.15568862275449,16.071428571428577,1.5624999999999944,60.49382716049384,-49.816176345128675,-45.12259694791142,-45.12259694791142,3.899535226294564,5.5398209447944495
WALTONHIL,Walton Hi-Tech Industries PLC,337.7,-0.7348618459729571,-0.6764705882352975,-3.0104439612193206,-4.751282146530768,-2.219005099380253,-2.244736939860531,-5.333045777306519,-68.64751022918374,8.099735233421582,8.099735233421582,1.7259855595208915,2.026664063312602
WATACHEM,Wata Chemicals Ltd.,128.6,0.5473025801407261,-1.9069412662090008,-10.694444444444448,-7.482014388489212,-1.8320610687022945,-9.436619718309862,-9.817671809256662,-60.52793124616329,33.71343713144164,509.5104169238039,3.3492936585178628,3.908280569619762
WMSHIPYARD,Western Marine Shipyard Limited,8.7,0.0,-1.1363636363636525,-5.434782608695652,-16.346153846153857,-5.434782608695652,6.097560975609756,-4.3956043956043995,-46.2962962962963,-35.20864618542912,-74.73137204807205,2.312215985030752,3.2870234195765327
YPL,Yeakin Polymer Ltd.,21.0,0.0,0.4784688995215379,-10.25641025641025,-17.647058823529413,10.526315789473685,18.644067796610173,22.093023255813957,38.15789473684212,-32.739019214656736,-16.19238815034726,5.926298909011484,7.087117764945214
ZAHEENSPIN,Zaheen Spinning PLC,5.0,-1.9607843137254832,-3.8461538461538494,-7.407407407407414,-15.254237288135597,-12.280701754385968,25.0,-5.660377358490563,-55.75221238938054,-60.232035984872596,-64.86778776427384,4.745399698340876,5.291761321138813
ZAHINTEX,Zahintex Industries Ltd.,7.3,-1.3513513513513586,-7.594936708860766,-17.045454545454554,-17.045454545454554,1.388888888888884,25.862068965517242,21.66666666666666,-26.262626262626267,-54.8312502470166,-69.22696794091192,4.804328091999327,6.311802335131549
ZEALBANGLA,Zeal Bangla Sugar Milla Limited,178.0,0.6218202374222692,3.068905616676324,-2.51916757940854,27.142857142857142,31.075110456553745,24.475524475524477,53.5806729939603,23.61111111111111,755.7692307692306,1945.977011494253,6.167624147148194,6.971994703269733
