Symbol,Name,Price,Change %,Perf % 1W,Perf % 1M,Perf % 3M,Perf % 6M,Perf % YTD,Perf % 1Y,Perf % 5Y,Perf % 10Y,Perf % All Time,Volatility 1W,Volatility 1M
1JANATAMF,First Janata Bank Mutual Fund Units,3.6,0.0,-5.2631578947368345,5.882352941176476,12.499999999999996,5.882352941176476,38.46153846153846,16.129032258064516,-53.84615384615384,-14.334694240142545,-33.78433813862047,4.414414414414411,5.521625467003621
1STPRIMFMF,Prime Finance First Mutual Fund 2009 Units,33.2,-0.5988023952095681,0.6060606060606146,58.85167464114835,33.870967741935495,78.49462365591398,66.00000000000001,50.22624434389141,62.74509803921571,249.47368421052636,8.496732026143794,9.874272918425136,6.625428734807409
AAMRANET,aamra networks ltd,19.5,1.5625000000000038,-1.0152284263959355,-4.878048780487805,-5.339805825242725,14.035087719298236,9.550561797752806,-8.450704225352116,-61.06253273915911,-67.63245026844083,-67.63245026844083,2.7993307240389687,4.582167498943427
AAMRATECH,Aamra Technologies Limited,16.6,2.469135802469149,0.0,0.0,-2.35294117647058,20.289855072463773,34.959349593495936,20.289855072463773,-53.0773335182712,-23.33692957487568,-43.54616678868692,3.201582049903666,5.361463597123189
ABB1STMF,AB Bank 1st Mutual Fund 2011 Units,3.6,-2.702702702702705,-5.2631578947368345,5.882352941176476,9.0909090909091,-7.692307692307688,33.33333333333333,16.129032258064516,-42.85714285714286,-19.30566089684733,-46.29997601309429,6.081081081081074,6.050651655693672
ABBANK,AB Bank PLC,4.3,-2.2727272727272845,-2.2727272727272845,-6.52173913043478,-14.000000000000004,-30.645161290322584,4.878048780487809,-17.307692307692314,-69.28045641640463,-69.69678691670134,-81.31544675941318,3.234672304439748,4.352886805364051
ACFL,Aman Cotton Fibrous PLC,21.9,-0.454545454545461,-1.7937219730941798,-7.983193277310933,-8.750000000000005,21.66666666666666,21.66666666666666,14.65968586387433,-48.226950354609926,-63.5,-63.5,5.004586725906058,5.936116848081424
ACI,Advanced Chemical Industries PLC,184.5,1.3736263736263736,-3.4536891679748796,-2.43257535695399,-10.0,-8.61812778603269,-5.384615384615385,-0.2702702702702703,-26.7158717458847,-26.594895088059005,196.2627343405953,1.7977166720990265,2.09422125599396
ACIFORMULA,ACI Formulations PLC,153.6,1.8567639257294315,-2.5998731769181957,-1.3487475915221545,-0.5181347150259141,11.304347826086953,19.06976744186046,8.398023994354274,-6.232557905116276,-2.7848098866207387,122.76243149613259,2.631200880326572,3.462478376770873
ACMELAB,ACME Laboratories Ltd.,78.2,0.38510911424903355,-0.6353240152477764,-2.493765586034913,-5.326876513317181,2.356020942408373,9.677419354838719,-0.25510204081633014,-23.33333333333333,-26.156751652502365,-42.074074074074076,1.5095137074577067,1.5707068834581877
ACMEPL,ACME Pesticides Ltd,25.0,0.0,-4.580152671755722,0.40160642570281696,7.758620689655175,17.924528301886795,57.23270440251572,49.70059880239522,127.27272727272727,127.27272727272727,127.27272727272727,3.275885008028482,4.24554567792898
ACTIVEFINE,Active Fine Chemicals Ltd.,5.5,0.0,-3.5087719298245643,-8.333333333333334,-21.428571428571427,-24.657534246575338,1.8518518518518452,-36.04651162790697,-82.31511254019293,-78.76237617412116,-81.34782595590472,2.8896103896103935,3.6352698013348914
ADNTEL,ADN Telecom Ltd.,57.5,0.17421602787456694,-0.5190311418685072,-6.9579288025889925,-16.42441860465116,-2.2108843537414917,-0.6908462867012065,-23.230974632843797,-22.2972972972973,41.97530864197531,41.97530864197531,2.6309728518324422,3.111361005634225
ADVENT,Advent Pharma Ltd.,13.5,0.0,-4.929577464788728,-6.250000000000002,-17.17791411042945,-8.163265306122444,0.7462686567164153,-14.556962025316459,-46.627907151755004,-63.3442602319625,-63.3442602319625,3.813448084547828,4.326444716435744
AFCAGRO,AFC Agro Biotech Ltd.,5.8,0.0,-6.451612903225812,-14.705882352941178,-29.268292682926823,-20.547945205479454,15.999999999999996,-25.641025641025642,-84.77690288713912,-82.03183666343728,-74.6873499739963,4.443816903498934,4.593174981002116
AFTABAUTO,Aftab Automobiles Ltd.,26.4,-0.3773584905660431,0.38022813688212115,-7.042253521126761,-15.923566878980893,-10.204081632653061,-22.80701754385966,-31.78294573643412,-20.907608299330526,-42.704724128837306,-61.191999683753615,3.085566687861893,3.286330274940714
AGNISYSL,Agni Systems PLC,27.9,-0.711743772242003,-2.7874564459930338,-4.123711340206195,-7.920792079207928,31.603773584905657,34.13461538461537,5.283018867924523,16.736401673640167,69.09810334409492,50.54030290619024,2.6896013125484868,4.321435521989305
AGRANINS,Agrani Insurance PLC,29.4,0.0,-0.33898305084746244,2.083333333333326,10.526315789473673,33.63636363636363,23.529411764705873,8.088235294117645,-35.01642083876362,224.42695884167208,78.19935710254227,2.4672729268152622,4.168660799010954
AIBL1STIMF,AIBL 1st ISLAMIC Mutual Fund 2010- Units,6.1,-1.6129032258064602,-3.1746031746031775,12.96296296296295,41.860465116279066,45.23809523809522,79.41176470588235,41.860465116279066,-31.460674157303377,-29.069767441860467,-20.779220779220786,6.625211984171855,7.341827991650981
AIL,Alif Industries Ltd.,30.5,-0.3267973856209197,-4.6875,-9.763313609467447,-9.763313609467447,-0.9740259740259763,-25.061425061425066,-46.86411149825784,-45.358306239651085,-72.38576930922763,-72.38576930922763,3.2237873539553736,5.439478921194872
AL-HAJTEX,Alhaj Textile Mills Limited,78.3,5.525606469002688,-5.090909090909094,-7.882352941176474,-24.347826086956527,-34.695579649708094,-42.93002915451895,-52.54545454545455,10.281690140845066,-1.4959360185242379,238.16822872841087,5.097891711514228,6.399462073283782
ALARABANK,Al-Arafah Islami Bank PLC,15.1,-1.307189542483667,-1.9480519480519527,-12.209302325581394,-1.9480519480519527,-7.361963190184055,0.6666666666666643,-11.176470588235295,-37.66927487315636,18.176527786503407,-15.611911639772153,4.476319758672702,5.60759281354234
ALIF,Alif Manufacturing Company Ltd.,5.2,-1.886792452830182,-1.886792452830182,-7.1428571428571335,-5.4545454545454515,0.0,30.000000000000004,-7.1428571428571335,-75.11961722488039,-45.735367866750394,-69.20718054630186,2.7001337545177733,3.737199188364561
ALLTEX,Alltex Industries Limited,23.5,0.8583690987124433,0.42735042735043344,-3.2921810699588505,34.285714285714285,67.85714285714286,75.3731343283582,71.53284671532847,23.03664921465968,11.904761904761905,207.53086314964793,4.246335841132059,4.0325679305159925
AMANFEED,Aman Feed PLC,31.6,4.290429042904292,0.317460317460322,-3.067484662576687,-7.602339181286553,33.33333333333334,37.39130434782609,17.03703703703704,-53.11572700296736,-45.772214219901855,-5.768109565143796,3.4588104346314386,4.648718118904281
AMBEEPHA,Ambee Pharmaceuticals PLC,751.4,1.2941493664060424,-3.6666666666666696,-0.19922964537123125,-0.4900013243279096,-3.0451612903225835,4.361111111111108,-9.196374622356497,43.671128107074566,50.883534136546174,301.99732661698437,3.523132599490932,3.703609422970174
AMCLPRAN,Agricultural Marketing Co. Ltd.,215.8,-0.6445672191528441,-1.0091743119266003,-1.9090909090909038,-2.967625899280573,0.8411214953271081,6.673257538309441,-8.94514767932489,-21.527272727272724,2.081362346263011,75.44715447154474,1.3287051832306331,2.071042374035262
ANLIMAYARN,Anlima Yarn Dyeing Ltd.,25.0,-3.4749034749034693,-7.407407407407407,-18.0327868852459,-23.076923076923077,23.152709359605907,20.19230769230769,10.132158590308373,-42.922374429223744,-18.56677524429967,25.0,6.125416981090607,8.799811977308186
ANWARGALV,Anwar Galvanizing Ltd.,117.1,2.003484320557489,-1.0979729729729826,11.311787072243337,-0.2555366269165344,22.617801047120413,35.21939953810624,59.9726775956284,-51.321016555713626,233.03816472690988,1349.1124911785278,3.7110289929160025,3.7497161404519526
AOL,Associated Oxygen Ltd,17.9,4.069767441860462,14.743589743589737,6.547619047619035,-1.1049723756906233,6.547619047619035,17.76315789473684,11.180124223602466,-66.69043480925635,37.90159925224235,37.90159925224235,4.797679597901107,4.406948650959475
APEXFOODS,Apex Foods Limited,260.3,-1.0642341315089363,-1.6622591613146873,-4.406904149834741,-7.8910120311394225,14.97349823321555,5.899104963384866,1.0873786407767034,52.489748096075,53.11764705882354,263.5474860335196,3.115835671108891,4.290570013870294
APEXFOOT,Apex Footwear Ltd.,201.5,0.8004002001000472,-7.228360957642721,-2.3267086766844454,-2.657004830917874,8.275120902740465,12.381483547127713,5.387029288702935,14.847603936619175,5.898888709338791,51.20614522011036,2.973754062903657,2.27566352494954
APEXSPINN,Apex Spinning and Knitting Mills Ltd.,367.1,-2.054429028815365,9.844404548174756,9.255952380952388,-8.908188585607935,70.8236389018148,103.94444444444447,117.09047900650505,158.885754583921,178.10606060606062,424.4285714285715,5.1298606764360475,6.6806396754947395
APEXTANRY,Apex Tannery Limited.,90.6,1.0033444816053416,-2.05405405405406,-9.400000000000006,-14.366729678638944,27.605633802816897,52.01342281879193,16.302952503209227,-31.36363636363637,-38.24130879345603,23.93980848153215,4.118547389260086,5.35669425229155
APOLOISPAT,Appollo Ispat Complex Ltd.,2.7,0.0,-3.571428571428559,-12.90322580645161,-18.181818181818173,-32.49999999999999,58.823529411764724,3.8461538461538494,-77.50000000000001,-79.48164646080892,-88.9152612022199,5.132275132275127,5.05157960084069
ARAMIT,Aramit Limited,173.5,-0.28735632183908044,-7.712765957446808,-16.506256015399426,-18.506341005166746,0.0,-4.5129334067143585,-22.47542448614835,-58.091787439613526,-57.64160156250001,-18.160377358490567,3.7442510400003117,5.811655912140279
ARAMITCEM,Aramit Cement Limited,11.3,0.0,-0.8771929824561372,-5.833333333333328,-5.833333333333328,-5.042016806722686,28.409090909090907,-5.042016806722686,-80.14059753954304,-67.05539358600582,-68.73283652356214,4.221640177876868,6.451330211736769
ARGONDENIM,Argon Denims Ltd.,21.4,-0.46511627906977404,-1.3824884792626762,-4.8888888888888955,6.999999999999993,22.285714285714278,21.590909090909072,1.904761904761898,-11.441764865182996,20.735650328884894,-44.498750054534526,2.3626290861839214,4.346658845869301
ASIAINS,Asia Insurance PLC,41.8,-0.9478672985782125,-0.7125890736342144,1.951219512195115,-5.000000000000006,-0.7125890736342144,51.99999999999999,50.35971223021581,-54.065934065934066,190.27777777777777,26.48415015298149,2.4384278055747215,4.136741118202973
ASIAPACINS,Asia Pacific General Insurance PLC,48.8,0.2053388090348959,0.618556701030922,3.609341825902326,6.318082788671021,25.77319587628866,54.43037974683543,39.82808022922636,-28.9665211062591,208.86075949367088,43.952802359882,2.385018595139739,4.036634642678841
ASIATICLAB,Asiatic Laboratories Ltd,105.7,0.28462998102466525,-1.6744186046511602,-4.2572463768115965,-18.504240555127208,31.63138231631383,119.29460580912863,72.43066884176184,84.46771378708553,84.46771378708553,84.46771378708553,4.408765250166321,5.782278193795
ATLASBANG,Atlas Bangladesh Limited,80.1,0.37593984962405663,-2.43605359317905,-3.6101083032490977,11.871508379888269,-1.111111111111118,41.26984126984125,31.527093596059107,-29.73684210526316,-17.06026890433624,-28.788959959401463,3.1411567083234795,3.708760132828203
AZIZPIPES,Aziz Pipes Limited.,75.6,-1.5625000000000038,5.734265734265726,-1.1764705882353015,-4.424778761061948,42.372881355932186,61.53846153846153,49.702970297029694,-48.987854251012145,62.06750121844373,386.20250355110153,7.227480080816891,6.231788624141336
BANGAS,Bangas Limited,116.0,-0.17211703958692154,-3.4138218151540336,-6.827309236947791,-14.705882352941176,-7.1257005604483625,-11.042944785276077,-1.5280135823429517,-16.546762589928058,-22.269700373931386,-17.26733464873749,3.0632707335409446,3.5154988078085343
BANKASIA,Bank Asia PLC,16.2,-0.6134969325153461,-4.142011834319523,-5.813953488372094,-11.47540983606558,-19.739726356501027,-4.472826505926253,-2.889503171260774,-5.22205929751204,39.02069609855973,39.361690509609524,2.079518951912023,1.5516533237202896
BARKAPOWER,Baraka Power Ltd.,10.0,0.0,2.0408163265306047,-6.542056074766349,20.481927710843365,25.0,47.05882352941177,16.279069767441865,-66.44295302013423,-55.40747408281279,-55.92912269955976,3.4634134316019387,4.147059896670189
BATASHOE,Bata Shoe Co. (Bangladesh) Ltd.,885.4,-0.09027307605507426,0.6136363636363611,-1.9490586932447422,0.04519774011299178,4.287396937573614,10.110682750901622,0.09043635541487163,-1.840354767184038,-25.627887442251158,71.92233009708738,1.4625293287799264,2.0358451491911644
BATBC,British American Tobacco Bangladesh Co Ltd,224.5,-0.2222222222222222,-2.813852813852814,-3.523850451224748,2.1383075523202857,1.583710407239819,-9.475806451612904,-19.128242074927957,-65.5463474524248,-19.91676415434103,141.10979002218258,1.422463835758346,1.9936666969088837
BAYLEASING,Bay Leasing and Investment Ltd.,4.3,-2.2727272727272845,-6.52173913043478,-10.416666666666668,-8.510638297872347,-15.68627450980392,30.303030303030305,7.499999999999996,-87.9599999715856,-72.85324717635811,-83.61243680113861,5.149501661129569,5.005731585593269
BBS,Bangladesh Building Systems PLC,11.5,-0.8620689655172384,-6.504065040650412,-10.852713178294575,-29.447852760736197,-4.166666666666667,25.000000000000007,0.0,-47.96380090497738,-54.90049114165173,-46.96297736061006,3.9521726250531306,4.6343086758429015
BBSCABLES,BBS Cables PLC,16.8,-0.5917159763313483,0.0,-7.6923076923076845,-28.8135593220339,-15.15151515151515,10.526315789473694,-11.1111111111111,-76.81852303917381,-41.883593418781885,-41.883593418781885,3.432195170581892,4.791802514298318
BDAUTOCA,Bangladesh Autocars Limited,179.4,-0.938707896189944,-0.3886729594669565,-9.80392156862745,-17.668655346489214,-5.329815303430077,41.259842519685044,43.176376695929775,7.425149700598805,422.68484159217326,730.980307677407,2.7827254878299326,5.126264163010672
BDCOM,BDCOM Online Ltd.,28.4,0.0,-0.6993006993007091,-2.0689655172413843,-14.970059880239521,2.8985507246376705,9.230769230769225,5.000000262499998,11.427046808386024,57.51211915022001,136.16763795306179,2.394982047493046,3.7807515394572295
BDFINANCE,Bangladesh Finance PLC,11.3,0.0,-2.586206896551715,-12.403100775193796,-16.29629629629629,-16.911764705882344,-13.076923076923073,-17.51824817518247,-82.98579551868707,19.00902048038556,-30.448537945052045,2.636344612975298,3.4569077801959422
BDLAMPS,Bangladesh Lamps PLC,224.5,0.2232142857142857,-1.4918824045634074,8.927704997573995,25.41899441340782,56.555090655509055,66.91449814126393,44.93221433182698,-1.5512295869557406,29.84594584206918,100.17916650652333,2.1298827563574534,3.1809119641565293
BDTHAI,Bangladesh Thai Aluminium Ltd.,14.7,0.6849315068493127,0.0,-6.369426751592357,-28.640776699029136,11.363636363636365,31.250000000000004,15.748031496062993,-49.82935153583618,-25.04208905821298,-7.731209199482155,3.665579445611131,5.399106626878976
BDTHAIFOOD,BD Thai Food & Beverage Ltd.,19.4,-3.000000000000007,-8.92018779342724,-18.82845188284519,-22.709163346613554,2.6455026455026456,34.72222222222221,28.476821192052974,60.330578512396684,60.330578512396684,60.330578512396684,6.323579249812874,5.686972664035289
BDWELDING,Bangladesh Welding Electrodes Ltd.,11.7,0.8620689655172384,-6.400000000000006,-10.687022900763361,-19.31034482758621,-36.41304347826087,-35.35911602209946,20.61855670103093,-46.57534246575342,13.625000032776441,-46.74742475837254,3.4382386165982304,4.506570011316977
BEACHHATCH,Beach Hatchery Ltd,26.8,-1.1070110701107037,-2.5454545454545427,-9.152542372881355,-19.999999999999996,-15.987460815047015,-42.735042735042725,-50.370370370370374,6.349206349206355,145.87155963302752,18.73417748572344,3.0230487571516713,4.116060534460934
BEACONPHAR,Beacon Pharmaceuticals PLC,103.3,3.1968031968031996,0.780487804878046,-0.6730769230769258,-6.5158371040724,-1.6190476190476217,-1.337153772683864,-16.69354838709678,-50.94966761633428,464.4808743169399,570.7792207792207,2.712649868096938,2.8549506241634517
BENGALWTL,Bengal Windsor Thermoplastics PLC,21.9,1.3888888888888755,2.8169014084506943,-5.194805194805207,-13.095238095238098,12.88659793814433,25.862068965517242,11.734693877551004,-20.93862815884477,-47.40174678001564,-55.76126886941036,3.236300913287357,4.535168165352139
BERGERPBL,Berger Paints Bangladesh Ltd.,1463.2,-0.23863094020590442,0.21917808219178395,-1.7986577181208023,2.4649859943977623,4.179423282306874,5.95220854453295,2.4649859943977623,-18.801331853496112,29.952484568586527,457.4095238095238,1.9752628499607472,1.3243560213250543
BESTHLDNG,Best Holdings PLC,14.9,0.6756756756756733,-0.6666666666666643,2.758620689655175,0.0,11.194029850746269,10.370370370370372,-15.340909090909095,-49.319727891156454,-49.319727891156454,-49.319727891156454,2.597494755028997,3.6470390954145873
BEXIMCO,Bangladesh Export Import Company Ltd.,21.3,4.926108374384236,-4.054054054054048,-7.391304347826084,-27.796610169491522,-80.65395095367847,-80.65395095367847,-80.65395095367847,-83.89848808130513,5.825805540107011,-46.36607224151797,4.4440073597948535,4.719500081112092
BGIC,Bangladesh General Insurance Company PLC,41.8,0.23980815347720458,0.4807692307692205,2.955665024630531,5.822784810126575,24.40476190476189,35.27508090614886,24.776119402985067,-32.14285714285715,178.66666666666663,33.54632587859423,2.6064839066410546,5.100778026127927
BIFC,Bangladesh Industrial Finance Company Ltd.,3.4,3.030303030303033,-8.108108108108116,-17.07317073170731,-26.086956521739125,-38.18181818181818,100.0,-2.85714285714286,-56.410256410256416,-58.53658536585365,-83.3100852638656,6.4943553178847315,6.448718164989369
BNICL,Bangladesh National Insurance Company Ltd,173.7,0.9296920395119084,14.276315789473678,62.48830682881195,44.38902743142144,167.2307692307692,285.99999999999994,299.31034482758616,9.245283018867918,1050.3311258278145,369.4594594594594,5.219210048881886,7.374410016808354
BPML,Bashundhara Paper Mill Ltd.,26.2,0.38314176245209913,1.158301158301161,-3.6764705882352944,-9.655172413793105,-9.342560553633216,1.158301158301161,-24.712643678160916,-49.224806201550386,-83.0967741935484,-83.0967741935484,3.713033500617188,4.0120217285271
BPPL,Baraka Patenga Power Ltd.,19.0,1.6042780748663141,-0.5235602094240912,-4.5226130653266265,-6.862745098039209,24.183006535947708,27.51677852348993,37.681159420289845,-60.580912863070544,-40.438871473354226,-40.438871473354226,2.5626558327513043,3.436069462917198
BRACBANK,BRAC Bank PLC,65.9,2.0123839009288105,2.6479750778816245,4.769475357710663,0.610687022900772,5.697375273473167,19.913003287159516,8.886520215112121,147.85226608844604,287.5234709779401,901.0461524718218,1.1193322630922877,1.326039976748957
BSC,Bangladesh Shipping Corporation,111.0,0.18050541516245744,-0.26954177897573867,-2.202643171806167,-1.0695187165775426,1.1850501367365516,-1.1576135351736396,-4.2277825711820585,122.89156626506025,146.17821860955246,122.26592602194911,1.6429625399120291,2.440543424541468
BSCPLC,Bangladesh Submarine Cables PLC,146.7,-0.13614703880191767,-1.2121212121212197,-3.4868421052631655,-7.73584905660378,5.161290322580637,14.341387373343707,8.425720620842554,-34.215246636771305,17.453963170536415,235.16106922549685,1.6069113936173824,2.1470463400051694
BSRMLTD,Bangladesh Steel Re-Rolling Mills Ltd.,94.6,-0.10559662090813993,-1.7653167185877496,-5.210420841683369,-11.588785046728976,13.838748495788208,23.984272608125817,6.411698537682777,-15.53571428571429,-35.7654322284241,109.85433270065748,1.4967074131283198,2.6047392942029233
BSRMSTEEL,BSRM Steels Limited,83.2,-0.3592814371257451,-4.36781609195402,-7.658157602663698,-3.255813953488369,20.75471698113207,31.0236220472441,24.92492492492494,14.285714285714292,-8.935323469165613,47.84000022869711,2.4931583769498395,2.707192850559655
BXPHARMA,Beximco Pharmaceuticals Plc,147.6,0.2717391304347865,-0.7397444519166069,1.234567901234556,5.053380782918145,28.57142857142857,43.3009708737864,24.033613445378148,-39.08378043747421,94.44311359081959,235.83846285705283,1.5356274880181233,2.0732730743208547
CAPITECGBF,CAPITEC GRAMEEN BDT10 (MUTUAL FUND) Units,9.0,0.0,-2.173913043478253,8.433734939759027,18.421052631578952,30.434782608695645,32.352941176470594,21.621621621621617,-37.5,-37.5,-37.5,4.253013772310303,5.1379794200362365
CAPMIBBLMF,CAPM IBBL Islamic Mutual Fund Units,17.1,4.268292682926847,17.123287671232887,35.71428571428573,55.45454545454547,106.02409638554218,128.00000000000003,92.13483146067416,-11.398963730569944,71.00000000000001,71.00000000000001,6.233664116027154,5.987221220164922
CENTRALINS,Central Insurance PLC,44.0,-0.22675736961451567,-0.4524886877828118,2.088167053364266,1.1494252873563218,7.317073170731708,8.1081081081081,8.1081081081081,-25.423728813559322,227.97641601499416,67.12198792731952,1.7802392739635495,3.2560556842295445
CENTRALPHL,Central Pharmaceuticals Ltd.,9.1,1.1111111111111072,-3.191489361702135,-9.000000000000004,-12.500000000000005,-4.210526315789477,3.4090909090908967,-11.650485436893215,-51.336898395721924,-30.769161643730975,-73.40843506612977,3.5298671191165276,4.5832190369233174
CITYBANK,City Bank PLC,30.1,0.6688963210702437,0.6688963210702437,0.3333333333333381,-5.937499999999996,10.238853164393337,41.86475365939389,35.74509763198039,71.86844177897694,131.3102967059288,196.49118910829196,1.2135183400088692,1.293083109267815
CITYGENINS,City Insurance PLC,130.7,0.1532567049808342,2.5098039215686185,3.3201581027667895,21.80801491146318,32.153690596562164,50.74971164936561,93.62962962962962,176.9067796610169,1071.4592564651118,445.17911461041405,1.3598806544273856,1.1330603793850766
CLICL,Chartered Life Insurance PLC,48.7,2.0964360587002093,15.130023640661953,13.255813953488378,-8.630393996247644,-23.906249999999996,-12.724014336917554,-16.894197952218427,342.72727272727275,342.72727272727275,342.72727272727275,5.280205103025915,4.790847206009459
CNATEX,C & A Textiles Ltd,3.0,0.0,3.448275862068969,-6.250000000000005,-6.250000000000005,-25.0,25.000000000000004,0.0,-57.74647887323943,-60.240963879372906,-82.4834122848176,7.3822766036336676,6.709801472077021
CONFIDCEM,Confidence Cement PLC,59.2,-0.3367003367003295,-4.823151125401929,-7.499999999999996,-12.684365781710907,-4.669887278582928,19.83805668016195,0.6802721088435472,-58.821450899130504,29.257402992756823,10.396886992477821,3.6805986335977483,3.603928238341157
CONTININS,Continental Insurance PLC,34.0,-0.8746355685131112,2.409638554216859,0.5917159763313694,2.1021021021021107,34.920634920634924,40.49586776859505,23.636363636363637,-33.14606724859551,178.5760289677775,48.08057075701334,3.0649089083304966,4.177790375070891
COPPERTECH,Coppertech Industries Ltd,21.9,-0.454545454545461,-3.097345132743375,-8.368200836820083,-19.485294117647065,2.8169014084506943,15.873015873015873,-1.7937219730941798,-46.893764294975576,-15.493374361045412,-15.493374361045412,2.8184547042951302,4.35731390512748
CROWNCEMNT,Crown Cement PLC,58.9,-0.5067567567567639,-0.33840947546531785,-5.305466237942129,-10.89258698940998,17.330677290836643,25.854700854700862,3.51493848857645,-28.345498783454993,-23.207301173402872,-27.103960396039604,3.6289045971400387,5.054586567449567
CRYSTALINS,Crystal Insurance Company Ltd,71.0,-1.5256588072121975,4.258443465491933,10.9375,-4.825737265415542,-15.476190476190476,23.47826086956522,29.798903107861054,27.61437896194038,420.666666146,420.666666146,4.042179010008545,5.138695805505235
CVOPRL,CVO Petrochemical Refinery PLC,159.1,0.696202531645566,1.0800508259212125,-4.214328717639976,-8.299711815561963,1.531589023612001,7.864406779661014,-8.034682080924858,-19.793767269508784,-25.990796329027003,32.820088738720834,2.3080803401091083,3.385291527550825
DACCADYE,Dacca Dyeing and Manufacturing Company Limited,15.3,5.51724137931035,-3.773584905660375,-5.555555555555547,-11.560693641618496,-12.571428571428568,-21.13402061855669,-28.504672897196254,-44.160583941605836,66.30434782608697,-45.53398063892921,5.14572086899276,4.610634767280737
DAFODILCOM,Daffodil Computers PLC.,155.3,0.12894906511928889,-6.72672672672672,-2.937499999999993,-1.7088607594936638,95.83858764186635,330.19390581717454,169.61805555555557,113.32417582417585,501.93798449612405,889.1719745222931,3.3863682243131272,3.10438119016354
DBH,DBH Finance PLC,39.9,0.5037783375314754,-1.481481481481485,-2.444987775061125,-3.6231884057971016,7.837837837837835,13.999999999999996,4.9999999999999964,-52.00929510529663,-42.56431222012355,16.34678770735617,1.8626363774804509,2.6410191672070376
DBH1STMF,DBH First Mutual Fund Units,5.7,0.0,-1.7241379310344767,14.000000000000004,21.27659574468085,11.764705882352953,-12.307692307692305,-8.064516129032258,-27.848101265822788,-20.833333333333332,-22.972972972972975,5.685370977520841,5.978983951070989
DELTALIFE,Delta Life Insurance Company Ltd.,71.3,-0.2797202797202837,-0.2797202797202837,-7.161458333333334,-11.538461538461537,-1.9257221458046845,5.162241887905605,-11.097256857855369,-60.824175824175825,-27.244897959183678,-97.88206078752881,2.64671717666941,3.085005888303729
DELTASPINN,Delta Spinners Limited,7.7,6.944444444444445,10.000000000000002,6.944444444444445,11.594202898550723,28.33333333333334,54.0,42.59259259259258,-36.36363636363636,15.024691118034914,-50.853256056899454,3.3850980277802085,4.619617661059849
DESCO,Dhaka Electric Supply Co. Ltd.,22.7,0.0,0.0,-2.1551724137931036,-10.276679841897238,-2.575107296137345,10.731707317073168,-5.020920502092047,-45.56354916067147,-57.570093457943926,-65.85243544471705,3.1036938285768745,3.556383555525565
DESHBANDHU,Deshbandhu Polymer Limited,16.8,0.0,-1.17647058823529,-11.57894736842105,-22.222222222222225,-7.6923076923076845,-1.17647058823529,-21.12676056338028,-28.205128205128197,60.69565209007184,-22.412136227516868,3.082946140587569,4.4620574584604835
DGIC,Desh General Insurance Company Ltd,41.4,-0.9569377990430589,8.947368421052628,31.847133757961785,42.268041237113394,94.36619718309858,110.1522842639594,83.99999999999999,-11.727078891257996,176.0,176.0,5.4657123304508035,5.308948364950253
DHAKABANK,Dhaka Bank PLC,11.3,0.0,-1.7391304347826024,-5.833333333333328,-9.599999999999994,-10.31746031746031,0.0,-0.8771929824561372,-7.652132736483239,5.3763351216629935,-11.766287222478057,1.9563843236409637,1.8278852207747915
DHAKAINS,Dhaka Insurance Limited,46.5,1.528384279475989,5.442176870748296,5.2036199095022555,10.189573459715632,17.72151898734177,29.166666666666668,25.336927223719673,-42.2360248447205,185.2760736196319,-2.4411765486352923,2.785875094120264,4.010065664622725
DOMINAGE,Dominage Steel Building Systems Ltd,61.4,-2.848101265822791,-8.358208955223882,-3.912363067292645,-22.96110414052698,40.82568807339449,112.4567474048443,223.1578947368421,75.19021782927987,364.1839992108872,364.1839992108872,4.467560293322501,4.771344544448642
DOREENPWR,Doreen Power Generations & Systems Ltd.,31.4,1.9480519480519412,3.6303630363036232,-2.484472049689454,2.950819672131143,16.29629629629629,11.347517730496453,2.280130293159607,-54.46455462395679,0.9789344268822804,-21.012033511810998,2.7388280559311524,3.9382827671070872
DSHGARME,Desh Garments Limited.,152.4,3.4623217922606884,-3.909205548549804,-11.958405545927205,-1.9935691318327937,36.55913978494625,30.927835051546392,17.230769230769234,-29.265822855544297,49.190160771140974,1393.8475725987057,3.4517658721145077,5.741788549253569
DSSL,Dragon Sweater & Spinning Ltd.,11.3,2.7272727272727337,-1.7391304347826024,-2.586206896551715,0.8928571428571556,17.708333333333346,32.94117647058824,4.62962962962963,-46.53111560640268,111.14919470238408,24.4309554926439,3.451566781842012,4.850694856203386
DULAMIACOT,Dulamia Cotton Spinning Mills Limited,215.7,-2.57452574525746,13.58609794628751,11.242908715832893,3.7019230769230713,79.74999999999999,59.77777777777777,48.451479697178236,260.10016694490815,2895.8333333333335,2244.5652173913045,6.29074273872423,6.299753007846089
DUTCHBANGL,Dutch-Bangla Bank PLC,45.3,-0.2202643171806199,-0.4395604395604458,-1.5217391304347887,2.027027027027024,13.250000283124997,23.225388909099735,18.32089581819029,-10.58124581432144,110.92261828962626,98.19452921672182,2.3343103520906014,2.6315548063749046
EASTERNINS,Eastern Insurance PLC,64.4,1.4173228346456783,6.976744186046516,6.7993366500829335,6.622516556291402,17.5182481751825,28.542914171656694,28.542914171656694,-50.07751937984495,178.78787878787878,76.43835616438358,3.0242983852896916,4.237354284619498
EASTLAND,Eastland Insurance PLC,27.9,0.0,-1.4134275618374634,-0.3571428571428622,6.89655172413792,32.857142857142854,49.19786096256684,32.857142857142854,-37.58389261744967,82.45749957951067,-21.46711342106149,1.8738799574059177,3.2434307063202557
EASTRNLUB,Eastern Lubricants Blenders PLC,1924.7,-0.819334226527871,-3.764999999999998,3.289685521090477,3.201072386058984,19.250309789343248,15.875978326309454,19.794605210155613,60.51226062089213,231.26409648897052,1501.109799636984,2.5173169226867986,2.6182114095337186
EBL,Eastern Bank PLC,22.9,0.8810572687224639,-0.4347826086956584,-8.400000000000006,-8.400000000000006,-11.988806289025641,-3.3319675871091117,-5.652000349087603,-12.745152728707108,61.91539240278074,73.23922151710413,1.2315480330782902,1.9605914997397664
EBL1STMF,EBL First Mutual Fund Units,4.6,-2.1276595744680966,0.0,12.195121951219512,12.195121951219512,14.999999999999991,48.38709677419353,9.52380952380951,-42.50000000000001,-0.6400004371840067,-32.90951349297248,5.320224598240227,6.281040433412231
EBLNRBMF,EBL NRB Mutual Fund,3.6,0.0,0.0,5.882352941176476,16.129032258064516,5.882352941176476,56.5217391304348,16.129032258064516,-45.454545454545446,-22.960000061632005,-47.59996012822744,6.27264239028945,5.587788650813862
ECABLES,Eastern Cables Ltd.,118.4,2.1570319240724762,-4.4390637610976595,-10.574018126888218,-7.427677873338546,-6.6981875492513785,5.619982158786808,-10.50642479213908,-20.53691275167785,-12.537240713981518,185.38645360396657,3.7878841479705603,4.989848944258686
EGEN,eGeneration PLC,22.8,1.3333333333333366,-0.4366812227074143,-7.692307692307687,-14.606741573033704,4.109589041095901,15.15151515151515,-14.285714285714286,-64.65116279069767,52.00000000000001,52.00000000000001,2.3913646393776866,3.9786712426516613
EHL,Eastern Housing Ltd.,84.5,0.5952380952380952,-0.5882352941176471,-7.851690294438388,-8.45070422535211,9.03225806451613,15.437158469945352,-0.5882352941176471,33.914421553090335,141.7574937578208,116.15139317043551,2.2811204029332246,3.424708072541112
EIL,Express Insurance Ltd.,33.4,2.1406727828746046,3.0864197530864197,6.709265175718842,7.395498392282949,19.28571428571428,18.439716312056735,7.051282051282049,-10.455764075067021,122.66666666666666,122.66666666666666,2.6877802717794292,3.6013723784355185
EMERALDOIL,Emerald Oil Industries Ltd.,27.9,-1.4134275618374632,4.494382022471908,-3.793103448275867,27.98165137614678,69.09090909090908,93.74999999999999,68.07228915662648,-26.578947368421055,-24.963325260428856,-35.07884628743392,5.013495441378281,5.245100956721197
ENVOYTEX,Envoy Textiles Ltd.,72.2,0.41724617524338964,2.702702702702711,20.53422370617697,28.241563055062176,44.11177644710579,48.86597938144331,28.241563055062176,56.61605206073752,111.82442994087398,61.1334973993116,4.455944978461196,5.631352372291008
EPGL,Energypac Power Generation PLC,16.5,-1.1976047904191574,-2.9411764705882355,-8.83977900552487,-17.085427135678387,-5.714285714285714,5.769230769230771,-15.384615384615385,-68.26923076923077,-64.51612903225806,-64.51612903225806,3.1317464339164935,3.6682459868889192
ESQUIRENIT,Esquire Knit Composite PLC,23.4,0.8620689655172384,-9.302325581395358,-13.011152416356879,-7.142857142857145,13.592233009708723,13.592233009708723,-13.011152416356879,-44.680851063829785,-50.52854122621565,-50.52854122621565,3.6414341094219598,4.713021629638526
ETL,Evince Textiles Ltd.,15.8,2.5974025974025996,3.947368421052641,23.4375,14.492753623188404,58.000000000000014,58.000000000000014,53.398058252427184,11.267605633802827,31.632131770268863,21.048643788232948,4.447802219386356,5.225698426362142
EXIM1STMF,EXIM Bank 1st Mutual Fund 2013- Units,6.5,0.0,-8.450704225352109,14.035087719298243,85.71428571428571,71.05263157894737,132.14285714285714,62.5,-8.450704225352109,2.546052840718917,-16.624254707740263,4.900912830950146,6.833565675619473
FAMILYTEX,Familytex (BD) Ltd.,2.2,-4.347826086956506,-4.347826086956506,-11.999999999999993,-15.384615384615381,-37.14285714285713,69.23076923076924,22.22222222222223,-60.71428571428571,-69.31596360801316,-93.2818884454254,6.245059288537547,6.90008954593935
FARCHEM,FAR Chemical & Textile Ind. PLC,16.0,2.5641025641025665,0.0,-4.761904761904766,-18.367346938775515,-3.6144578313253093,10.344827586206897,-22.705314009661834,0.0,0.6110237006030628,-29.013333248149333,4.4434917887363845,6.128039343328645
FAREASTLIF,Fareast Islami Life Insurance Company Limited,17.8,1.7142857142857182,0.5649717514124374,-8.24742268041236,-24.255319148936167,-19.09090909090909,-14.423076923076923,-34.31734317343174,-74.01459854014598,-65.54838695896775,-77.36416178167264,5.429474136621561,6.033961142264458
FBFIF,First Bangladesh Fixed Income Fund Units,3.5,0.0,-2.7777777777777803,2.941176470588238,9.374999999999995,0.0,34.615384615384606,9.374999999999995,-39.6551724137931,-36.623077057241,-53.336565802747046,5.21008403361345,5.455933888707005
FEDERALINS,Federal Insurance PLC,28.0,0.35842293906810546,0.0,-1.7543859649122806,5.263157894736836,37.93103448275861,45.83333333333334,23.893805309734507,-27.461139896373062,190.89038748829083,45.053404371462946,2.315781184095253,3.6642031682321563
FEKDIL,Far East Knitting & Dyeing Industries PLC.,22.2,-0.44843049327354895,0.9090909090909058,-5.5319148936170235,12.121212121212114,54.16666666666666,56.33802816901409,7.246376811594203,16.84210526315789,30.25426030588722,-6.684512101995467,3.863182152077149,5.68879042865407
FINEFOODS,Fine Foods Limited,450.3,0.0,1.2137559002023004,-4.61766574878204,-12.392996108949415,-6.576763485477176,18.437664387164656,41.29275180420459,765.9615384615385,5532.930528680003,2821.485992368695,2.9165752665057694,3.3199815010997304
FIRSTFIN,First Finance Ltd.,4.4,0.0,0.0,-4.347826086956506,10.000000000000009,-16.981132075471688,76.00000000000001,62.96296296296297,-46.98795180722892,-31.704347923482487,-87.08088770512603,4.6405919661733614,7.381046200774247
FORTUNE,Fortune Shoes Ltd.,14.9,-1.9736842105263088,-5.6962025316455716,-8.588957055214726,-13.872832369942198,1.3605442176870821,7.194244604316546,-5.6962025316455716,-78.096999889127,-43.225233428404906,-43.225233428404906,4.941376139115712,4.934746877994495
FUWANGCER,Fu-Wang Ceramic Industry Ltd.,12.6,1.6129032258064457,-2.3255813953488427,-10.000000000000002,-24.096385542168683,-2.3255813953488427,9.565217391304346,-5.2631578947368505,-45.922746781115876,4.8162496898094105,-17.275067619556697,3.171677498129114,4.435569126264479
FUWANGFOOD,Fu-Wang Foods Limited,9.6,0.0,1.0526315789473646,-1.0309278350515427,-20.66115702479339,-9.433962264150944,-14.285714285714285,-34.24657534246575,-52.23880597014926,-8.074820385667962,-42.3755297456567,2.519736842105261,3.9523231798783574
GBBPOWER,GBB POWER Ltd.,13.1,0.7692307692307665,-1.5037593984962485,-2.238805970149259,57.8313253012048,47.191011235955045,104.68749999999997,89.8550724637681,-72.1868365180467,-4.479166427864583,-50.41300941997209,3.6819537052095197,5.428743561382065
GEMINISEA,Gemini Sea Food PLC,108.9,1.8709073900841908,1.7757009345794446,-4.473684210526311,-9.626556016597506,-10.737704918032783,-20.336503291880017,-37.34177215189874,20.78392851638082,-7.2169308238091565,514.6251389425313,5.107130995136725,4.792629150762501
GENEXIL,Genex Infosys PLC,34.0,0.0,-0.29325513196481356,-4.494382022471914,-3.9548022598870016,28.30188679245283,26.394052044609673,10.03236245954693,-71.12313861623208,1.6147163610998385,1.6147163610998385,2.504342415217256,3.9509922888729836
GENNEXT,Generation Next Fashions Ltd.,2.9,0.0,0.0,-9.375000000000009,-3.333333333333336,-21.621621621621628,7.407407407407397,-3.333333333333336,-60.81081081081081,-50.577464914725056,-86.98274201157395,5.689655172413798,6.18427097471274
GHAIL,Golden Harvest Agro Industries Ltd.,12.5,0.8064516129032229,-3.1007751937984525,-6.716417910447763,-22.839506172839503,-1.5748031496062938,16.822429906542062,-1.5748031496062938,-38.725490196078425,-14.74973610968363,-66.11586182059077,4.003516260162598,4.614109948708786
GHCL,Global Heavy Chemicals Ltd.,19.5,-0.5102040816326603,-1.0152284263959355,-10.550458715596333,-2.5,0.5154639175257806,-2.0100502512562746,-14.473684210526319,-54.225352112676056,-53.125,-76.36363636363636,3.236328531421338,5.694484989275544
GLDNJMF,ICB AMCL CMSF GOLDEN JUBILEE MUTUAL FUND,9.2,1.098901098901095,-3.157894736842113,12.195121951219512,37.31343283582088,46.031746031746025,50.819672131147534,33.333333333333314,-16.36363636363637,-16.36363636363637,-16.36363636363637,5.043982022705429,6.168284688422782
GLOBALINS,Global Insurance PLC,45.6,-0.653594771241824,0.2197802197802229,3.63636363636364,16.923076923076927,60.56338028169015,78.82352941176471,62.85714285714287,-17.837837837837835,370.69032797768114,92.51897327466561,2.488240640477403,3.8662277755334498
GOLDENSON,Golden Son Limited,12.1,0.8333333333333304,-3.9682539682539684,-15.972222222222225,-28.40236686390532,-3.9682539682539684,19.801980198019802,-1.6260162601626102,-31.638418079096045,-46.46017699115045,-69.44444444444444,2.9708683473389312,4.382167137402509
GP,Grameenphone Ltd.,241.6,-0.08271298593879944,-0.12401818933444042,-1.0647010647010624,-6.933744221879825,-0.9836065573770515,-7.076923076923078,-18.78991596638656,-36.45449763282483,-10.018621973929239,40.79254079254079,0.5866736201978704,1.0570853028467313
GPHISPAT,GPH Ispat Limited,16.0,0.6289308176100606,-3.0303030303030303,-8.045977011494246,-11.602209944751388,-4.191616766467062,-0.621118012422369,-21.568627450980387,-70.26174493945898,-26.7223369469019,-14.559733593660846,3.8318958262132012,4.467787173058628
GQBALLPEN,G.Q. Ball Pen Industries Limited,588.5,0.5639097744360824,-0.7253711201079546,3.3181179775280856,-5.537720706260032,5.089285714285714,31.449631449631454,0.9433962264150944,363.7509850275808,756.6229985443958,333.83012690363785,4.310385279441723,4.868040519391767
GRAMEENS2,Grameen Mutual Fund One - Grameen Two Units,12.5,0.8064516129032229,-4.580152671755722,-5.303030303030298,-3.1007751937984525,0.0,14.678899082568805,0.0,-27.325581395348834,23.809524007619043,-31.735159894531392,3.845871033307105,3.4326132108405214
GREENDELMF,Green Delta Mutual Fund 2010 Units,4.9,0.0,-7.547169811320744,19.512195121951237,28.947368421052648,28.947368421052648,63.33333333333334,36.11111111111112,-37.974683544303794,-26.86567164179104,-31.94444444444444,5.66762705082033,6.878837257067415
GREENDELT,Green Delta Insurance PLC,70.3,3.994082840236691,7.987711213517669,7.001522070015212,4.613095238095229,33.65019011406843,31.156716417910438,37.03703703703704,-36.66666666666667,70.81455471701051,34.852333005622526,3.4405228091373816,4.4056604817433715
GSPFINANCE,GSP Finance Company PLC,3.5,-2.77777777777778,0.0,-7.894736842105259,-5.40540540540541,-32.69230769230769,118.75,16.666666666666668,-86.26824820049102,-72.15838710475512,-75.93809696227954,6.40429505135388,6.465148303383598
HAKKANIPUL,Hakkani Pulp & Paper Mills PLC,69.2,1.0218978102189822,-3.486750348675035,-6.359945872801086,-13.391739674593243,-19.064327485380115,2.2156573116691285,-8.827404479578394,-12.846347607052898,36.758893280632414,272.04301075268813,3.2981424794258687,4.062920025881354
HAMI,Hami Industries PLC,154.1,3.981106612685564,2.664890073284477,-0.5806451612903263,-3.020767778477037,-6.719128329297819,43.21561338289963,28.631051752921532,-11.892510005717558,-11.892510005717558,-11.892510005717558,5.246401684556142,5.3176328463702704
HEIDELBCEM,Heidelberg Materials Bangladesh PLC,207.4,0.19323671497584816,-1.7061611374407557,-2.1698113207547145,-13.691219309196839,-12.893742125157493,-5.253540429419826,-15.964343598055107,-42.40488753124132,-61.59970375856324,-21.439393939393938,2.502671878259952,3.1124149172630213
HFL,Hamid Fabrics PLC,11.8,6.306306306306316,-7.8125,-16.901408450704217,-24.840764331210185,-7.086614173228336,81.53846153846156,81.53846153846156,-46.60633484162896,-32.57142857142856,-79.3843593512601,8.270956980557948,7.162062822698617
HRTEX,H.R. Textile Mills Ltd.,17.0,1.796407185628747,-0.5847953216374352,-10.994764397905765,-21.658986175115206,-17.073170731707318,-7.103825136612024,-30.04115226337449,-76.32911394772152,-19.742489339276826,-39.7699385540495,3.842580436044594,5.137947384525745
HWAWELLTEX,Hwa Well Textiles (BD)PLC,46.1,-0.21645021645021953,2.2172949002217295,-0.2164502164502195,-0.6465517241379249,10.28708133971293,3.3632286995515694,-4.158004158004158,-1.9148936170212736,36.79525222551928,15.250000000000004,1.9718720480452323,3.7106991498374535
IBNSINA,BN SINA Pharmaceutical Industry PLC,318.1,0.09439899307741076,0.44205873065994133,1.1446740858505637,-0.3446115288220445,-0.5004691898654883,0.9841269841269914,3.2792207792207866,15.462794918330315,65.22733041785827,431.0451520923541,0.8063854739317289,1.427347237439425
IBP,Indo-Bangla Pharmaceuticals Ltd.,15.0,2.739726027397263,7.913669064748199,-12.280701754385973,-16.666666666666668,7.913669064748199,33.92857142857144,12.78195488721804,-31.63716838207279,-42.742300292685215,-42.742300292685215,5.377489317144485,6.198333562781423
ICB,Investment Corporation of Bangladesh,38.3,0.0,-4.250000000000007,-10.722610722610726,-17.634408602150543,1.3227513227513228,4.931506849315061,-24.90196078431373,-73.05857847199599,-50.009989968363726,-64.98364874450391,2.9995661213572298,3.9129980450039583
ICB3RDNRB,ICB AMCL Third NRB Mutual Fund 2010 Units,6.4,1.5873015873015959,-3.0303030303030196,18.51851851851852,30.612244897959183,39.13043478260871,56.097560975609774,42.22222222222223,-8.571428571428566,42.22222222222223,-9.859154929577455,6.337375397826221,5.643714779372586
ICBAGRANI1,ICB AMCL First Agrani Bank Mutual Fund Units,8.2,-1.2048192771084507,-3.5294117647058907,6.493506493506482,13.888888888888877,22.388059701492523,28.124999999999982,18.84057971014491,-11.827956989247326,-4.651162790697679,-4.651162790697679,5.547803635118457,5.241671518395466
ICBAMCL2ND,ICB AMCL Second Mutual Fund Units,10.0,0.0,1.0101010101010064,38.888888888888886,51.51515151515153,66.66666666666667,78.57142857142858,66.66666666666667,-26.470588235294112,100.0,31.57894736842106,6.609661158423531,6.932009001119675
ICBEPMF1S1,ICB Employees Provident Mutual Fund One Scheme One Units,6.6,0.0,-1.4925373134328437,19.999999999999996,3.124999999999989,22.222222222222207,94.11764705882354,46.66666666666666,-13.157894736842106,8.196721311475411,-20.481927710843387,5.5376975965211255,7.074168890225571
ICBIBANK,ICB Islamic Bank Limited,2.5,0.0,-3.8461538461538494,-7.407407407407414,-10.714285714285708,-24.24242424242424,4.1666666666666705,8.695652173913052,-63.76811594202899,-35.8974358974359,-66.66666666666667,5.73333333333334,5.723254523254528
ICBSONALI1,ICB AMCL Sonali Bank Ltd 1st Mutual Fund 2013- Units,7.9,0.0,-3.658536585365841,38.59649122807018,49.05660377358492,61.224489795918366,88.09523809523809,54.901960784313744,-7.058823529411761,29.508196721311485,-34.166666666666664,4.909287913951471,6.9500847882087236
ICICL,Islami Commercial Insurance PLC.,40.8,-1.2106537530266346,4.615384615384608,15.909090909090892,40.206185567010294,84.61538461538458,82.14285714285714,80.53097345132741,179.45205479452054,179.45205479452054,179.45205479452054,3.9926345287028164,4.059019769666271
IDLC,IDLC Finance PLC.,42.9,1.4184397163120601,-0.23255813953488702,-2.0547945205479423,3.6231884057971016,12.612500281531242,25.824022660928758,8.542168932322976,-31.68897816474556,7.719171254345181,-9.264628967236748,2.066831613202079,2.7111647374449364
IFADAUTOS,IFAD Autos PLC,22.5,0.44642857142857784,-3.433476394849788,-1.3157894736842135,-13.461538461538462,3.6866359447004644,3.6866359447004644,-7.0247933884297495,-58.014176729314386,-53.77704836216176,27.99135296335425,2.560955885774144,3.38886986976205
IFIC,IFIC Bank PLC,4.9,2.0833333333333446,0.0,6.521739130434798,-1.999999999999993,-12.499999999999988,4.255319148936174,-7.547169811320744,-65.39183590809928,-32.1965078815983,-53.88143595220322,3.3776595744680886,4.898859388028526
IFIC1STMF,IFIC Bank 1st Mutual Fund Units,4.0,0.0,-6.976744186046508,5.263157894736847,11.111111111111109,-14.893617021276599,60.0,21.212121212121218,-35.483870967741936,-3.749999864648439,-38.02439025641093,3.951800232288039,5.675853472891806
IFILISLMF1,IFIL Islamic Mutual Fund - 1 Units,5.9,-1.6666666666666607,-3.2786885245901525,13.461538461538463,34.090909090909086,37.20930232558141,73.5294117647059,37.20930232558141,-11.940298507462684,-9.230769230769225,-6.34920634920634,5.61328266214928,4.608909032153777
INDEXAGRO,Index Agro Industries Ltd,71.2,-0.14025245441794434,1.8597997138769629,-1.793103448275858,-2.599179206566336,8.042488619119874,6.427503736920772,-2.018348385640931,-37.69999984425,-0.3199997508000017,-0.3199997508000017,4.06303001906024,3.9701523758827633
INTECH,Intech Ltd.,24.0,-0.8264462809917326,-0.8264462809917327,0.41841004184101016,-30.029154518950435,-41.03194103194104,-24.290220820189273,-31.428571428571427,-41.88861985472155,136.32258054300894,96.98799964208592,4.923304798248928,5.284613693999771
INTRACO,Intraco Refueling Station PLC,21.9,0.0,2.8169014084506943,-3.097345132743375,6.82926829268292,16.489361702127646,6.82926829268292,-15.769230769230774,-10.409091295960748,-52.89989656855999,-52.89989656855999,3.5705437721742648,2.986406751693993
IPDC,IPDC Finance PLC,35.4,-0.5617977528089967,5.9880239520958085,15.30944625407166,7.598784194528876,94.60733027595873,94.60733027595873,67.4324328510135,-7.795167604537063,129.5897413113739,577.2256074054169,3.8600816269103664,4.2244676819621905
ISLAMIBANK,Islami Bank Bangladesh PLC,26.7,0.0,-1.1111111111111138,-1.8382352941176472,-16.562500000000004,-33.416458852867834,-19.090909090909093,-34.23645320197045,-11.000000000000002,-14.696485623003198,-31.697674486906976,1.7316185422723227,2.4600080359681975
ISLAMICFIN,Islamic Finance & Investment PLC,10.6,0.0,-2.752293577981658,-3.63636363636364,0.0,-6.194690265486735,11.57894736842105,47.222222222222214,-69.1860465116279,-22.6699999904213,-41.87595989761683,3.3909363427966945,3.1918753971474656
ISLAMIINS,Islami Insurance Bangladesh Limited,69.9,4.484304932735426,9.561128526645783,17.875210792580116,12.199036918138058,81.55844155844157,86.4,75.18796992481205,-1.1315417256011275,461.73703498688,271.15296250795535,3.3679455812946713,4.060336979272917
ISNLTD,Information Services Network Ltd.,52.8,0.18975332068310116,-10.50847457627119,-6.382978723404258,-13.442622950819676,-33.417402269861284,-32.653061224489804,-52.857142857142854,15.536105032822745,342.8387105345265,249.44000138505302,7.021432058502678,7.549102602117073
ITC,IT Consultants PLC,44.1,0.0,0.0,-3.9215686274509745,-9.25925925925926,15.74803149606299,14.545454545454549,0.6849315068493248,3.7647058823529447,42.46682865114933,50.109898877840315,2.346698269393482,2.849849382510322
JAMUNABANK,Jamuna Bank PLC,22.9,0.0,-1.2931034482758652,-5.371900826446283,-4.583333333333339,-0.4347826086956584,8.530805687203777,7.009345794392524,16.7103721952634,153.81968815167787,95.69140558135318,0.7860328626769175,1.7752657254147035
JAMUNAOIL,JAMUNA OIL PLC,177.3,-0.11267605633802176,-1.3904338153503892,0.4532577903682784,-4.932975871313666,3.20139697322468,4.787234042553205,-5.691489361702121,-2.6359143327841754,-8.229813664596263,10.436013476846448,1.2669712304335807,1.0914486314974747
JANATAINS,Janata Insurance PLC,33.2,0.6060606060606146,-0.5988023952095681,0.6060606060606146,-4.04624277456647,16.49122807017545,36.625514403292186,29.687500000000004,-31.595471423565822,264.94782864132367,-82.24388451197431,2.6337674859325557,4.3352233863365965
JHRML,JMI Hospital Requisite Manufacturing Ltd,43.5,0.4618937644341867,1.1627906976744187,-10.860655737704914,-14.705882352941176,-0.22935779816514087,3.08056872037914,-21.762589928057558,97.72727272727273,97.72727272727273,97.72727272727273,2.1753698442446714,3.6102783039172963
JMISMDL,JMI Syringes & Medical Devices Ltd.,129.7,1.0124610591900178,0.8553654743390314,-0.15396458814473984,-10.674931129476585,6.3986874487284515,9.915254237288126,-8.982456140350886,-55.9020001411136,10.938364424871443,274.5053066788368,1.626755952731369,3.8845260002271678
JUTESPINN,Jute Spinners Limited,208.4,0.0,1.5099853872381852,-4.5787545787545785,-5.272727272727271,-4.927007299270065,6.762295081967223,-6.126126126126124,27.852760736196323,279.5992714025501,213.38345864661653,2.6919316067648036,2.8811925206403726
KARNAPHULI,Karnaphuli Insurance PLC,53.6,-2.5454545454545427,0.18691588785046995,-2.5454545454545427,38.860103626943,75.16339869281046,88.0701754385965,74.5928338762215,16.521739130434785,413.86087214010723,96.35664703413173,2.8418559067182163,4.6046452289100275
KAY&QUE,Kay and Que (Bangladesh) Ltd.,409.8,-1.110038610038602,6.524564595788933,3.7468354430379778,-7.074829931972787,-11.106290672451191,8.585055643879183,6.650625668596884,49.17765963647806,1582.745160484151,1963.1918923828641,3.439995133743648,4.120284540812298
KBPPWBIL,Khan Brothers PP Woven Bag Industries Ltd,37.1,3.9215686274509762,-7.940446650124059,7.536231884057974,-10.602409638554214,-26.824457593688365,-22.70833333333333,-75.18394648829431,139.3548387096774,92.76212762471326,10.838223057394172,6.261046481385463,6.425232162543187
KDSALTD,KDS Accessories Ltd.,44.4,0.22573363431151566,-0.8928571428571398,-3.896103896103905,-16.69793621013133,11.557788944723622,8.029197080291963,-6.7226890756302575,-39.76744170988372,-27.479857782441236,-14.909699887197592,2.199149232343014,3.3279455200781674
KEYACOSMET,Keya Cosmetic Ltd.,5.3,0.0,-3.63636363636364,0.0,0.0,0.0,17.777777777777775,10.416666666666668,-40.449438202247194,-30.040000039177606,-66.09240696732275,3.396763962801699,4.805814724839695
KOHINOOR,Kohinoor Chemical Company (Bangladesh) PLC,522.0,0.2881844380403458,-0.7604562737642585,-1.5280135823429584,2.3529411764705883,0.7722007722007722,4.420884176835372,1.0915491946831095,65.62601502461615,318.6572465657221,1030.046606215597,0.9910422938881078,1.7510894585457133
KPCL,Khulna Power Company Ltd.,10.6,0.952380952380949,0.952380952380949,-7.826086956521742,-0.9345794392523332,-2.752293577981658,0.952380952380949,-7.017543859649129,-77.6842105263158,-81.80967240477364,-75.46492982367894,2.4762941461054657,3.914439755249695
KPPL,Khulna Printing & Packaging Ltd,13.4,-0.740740740740738,3.0769230769230798,-1.4705882352941124,-14.649681528662414,-20.710059171597624,-16.249999999999996,-13.548387096774192,-13.548387096774192,41.05263157894738,-61.108179459545674,4.771663121572872,5.119814855057024
KTL,Kattali Textile Ltd.,12.8,0.7874015748031609,0.0,1.5873015873015959,25.490196078431385,34.736842105263165,10.344827586206907,-3.7593984962406015,-57.19063545150501,-33.091840423598235,-33.091840423598235,3.1635122172228476,4.5331926247834735
LANKABAFIN,LankaBangla Finance PLC,14.5,0.0,-1.3605442176870701,-7.051282051282049,-13.173652694610775,-2.684563758389264,17.88617886178861,-14.201183431952655,-67.26862302483069,-28.887560567371956,-49.3597380376315,2.071891565632706,3.116672906363022
LEGACYFOOT,Legacy Footwear Ltd.,69.7,2.19941348973607,1.0144927536231925,0.5772005772005854,0.1436781609195525,13.149350649350652,28.597785977859775,11.341853035143771,-6.191117092866749,178.14037741176682,345.09146567038516,2.406654241524727,3.2863509856491246
LHB,LafargeHolcim Bangladesh PLC,52.5,0.9615384615384616,-1.8691588785046729,-1.1299435028248614,-6.25,0.3824091778202731,11.46496815286624,-6.417112299465242,-41.07744107744107,-33.54430379746835,622.3529928038687,2.568621333132851,2.578991912265041
LIBRAINFU,Libra Infusions Ltd.,569.2,1.263120441202637,-1.828216626422889,-5.917355371900819,-11.943069306930683,-10.923317683881058,-10.503144654088043,-27.94024560070894,-7.246062387393418,58.111110953000015,383.28301836640446,1.639715987005142,2.309610926541466
LINDEBD,Linde Bangladesh Limited,661.4,-0.2864465551032681,-2.7638929726551114,-4.421965317919079,-7.496503496503499,-13.474620617477761,-12.859025032938078,-25.68539325842697,-59.04643962848297,-53.42581508344483,28.302618816682827,1.4210634582298818,1.3826772324926955
LOVELLO,Taufika Foods and Lovello Ice-cream PLC,51.6,0.5847953216374353,-6.010928961748629,-3.551401869158876,-27.32394366197183,-24.999999999999993,-24.340175953079182,-44.43076909483834,72.2485551818731,297.3200005204892,297.3200005204892,3.2691968666805944,5.848589030712563
LRBDL,Lub-rref (Bangladesh) Ltd,13.1,-1.5037593984962485,-3.6764705882352944,-10.273972602739727,-0.7575757575757549,24.761904761904756,32.32323232323232,-12.666666666666668,-74.21259842519684,-67.65432098765432,-67.65432098765432,4.18400259621634,5.563879148079561
LRGLOBMF1,LR Global Bangladesh Mutual Fund One Units,4.5,0.0,-6.2499999999999964,12.5,24.999999999999996,28.571428571428573,60.71428571428573,28.571428571428573,-51.086956521739125,-38.35616438356165,-51.086956521739125,5.797979797979799,6.058943863227836
MAGURAPLEX,Magura Multiplex PLC,83.0,0.8505467800729074,-0.8363201911589042,-2.0070838252656467,-7.982261640798228,-0.12033694344162975,-1.072705601907039,-20.11549566891242,-45.804111483219685,364.45595647962637,364.45595647962637,2.503518114163942,3.415555576887799
MAKSONSPIN,Maksons Spinning Mills PLC,5.7,1.7857142857142954,0.0,-8.064516129032258,-3.3898305084745792,-9.523809523809518,21.27659574468085,-16.17647058823529,-83.52601156069363,-16.874999792187495,-64.69522455170095,4.956572465646881,5.108331221647381
MALEKSPIN,Malek Spinning Mills PLC,48.9,1.8749999999999971,3.821656050955408,3.1645569620253164,32.162162162162154,79.77941176470588,69.20415224913495,49.99999999999999,31.80592991913746,182.65895953757226,95.6,2.686831263524651,5.237224663524418
MARICO,Marico Bangladesh Limited.,2669.4,0.16886187098953057,0.5310134448084928,-1.5707964601769877,-3.6734988452655792,-2.7895120174799675,0.6143756360484031,-4.834224598930478,13.543173117822207,117.18330485721263,610.8921438082557,0.6829893196296813,1.0411067903502205
MATINSPINN,Matin Spinning PLC,66.8,-2.052785923753674,11.892797319932988,8.617886178861784,19.073083778966122,42.73504273504274,43.65591397849462,16.783216783216773,-4.2979942693409745,67.8391959798995,48.444444444444436,5.018488524438519,5.098585712333199
MBL1STMF,MBL 1st Mutual Fund 2010- Units,10.8,-1.818181818181812,0.9345794392523498,36.708860759493675,157.14285714285714,163.4146341463415,217.64705882352942,157.14285714285714,31.70731707317075,54.28571428571429,56.52173913043479,4.556943956516512,6.480921882568807
MEGCONMILK,Meghna Condensed Milk Industries Ltd.,31.4,1.2903225806451568,-8.720930232558139,-14.673913043478258,-23.600973236009736,-8.720930232558139,118.05555555555556,91.46341463414635,40.807174887892366,336.1111111111111,230.52631578947367,4.61518684554851,6.560310146361445
MEGHNACEM,Meghna Cement Mills PLC,29.3,1.0344827586206922,-2.333333333333331,0.3424657534246624,-6.984126984126982,-9.00621118012423,0.0,-36.30434782608695,-62.89013921669409,-63.597738734119574,-60.33311934991696,3.6294897300293787,5.886172409539758
MEGHNAINS,Meghna Insurance PLC,36.0,0.8403361344537735,-0.5524861878453117,-3.2258064516129106,6.19469026548673,20.401337792642146,28.113879003558715,41.73228346456694,227.27272727272728,227.27272727272728,227.27272727272728,2.7080225380400966,4.121770094673818
MEGHNALIFE,Meghna Life Insurance PLC,52.1,0.3853564547206221,0.0,-6.294964028776978,-14.590163934426227,-4.227941176470583,2.5590551181102446,-16.506410256410252,-42.73979171694414,35.68985273788115,-20.00522941630011,2.9369249648319444,4.904671698750976
MEGHNAPET,Meghna Pet Industries Ltd.,76.1,-3.792667509481669,-5.816831683168321,-8.202653799758759,-5.700123915737309,167.95774647887325,249.08256880733944,203.18725099601588,152.82392026578069,1168.3333333333333,1089.0624999999998,7.46366505197661,8.395328540307506
MERCANBANK,Mercantile Bank PLC,6.3,-1.5625000000000084,-1.5625000000000082,-11.267605633802816,-14.864864864864872,-27.58620689655172,-14.864864864864872,-31.521739130434778,-59.32911405944865,-18.01714208985767,-39.1083108610541,2.222222222222229,3.3016997677987896
MERCINS,Mercantile Islami Insurance PLC,51.2,-1.7274472168905923,3.8539553752535616,24.271844660194173,14.5413870246085,106.45161290322581,100.78431372549021,96.92307692307693,-4.11985018726591,293.84615384615387,85.57928859283771,5.8372001883242906,5.753660318414101
METROSPIN,Metro Spinning Ltd.,9.6,0.0,-1.0309278350515427,-10.280373831775698,4.347826086956526,-1.0309278350515427,12.941176470588232,-13.513513513513514,-68.10126574303798,31.81538452970462,-36.12023657745286,3.557286072323665,5.940917894357382
MHSML,Mozaffar Hossain Spinning Mills Ltd.,19.7,-0.5050505050505122,-2.955665024630549,-4.830917874396135,-16.170212765957448,9.444444444444441,45.92592592592592,11.931818181818167,-15.086206896551724,17.215000202781958,-20.385374328832093,3.048693868723323,4.880150806664208
MIDASFIN,MIDAS Financing PLC,4.8,-4.0000000000000036,6.6666666666666625,-15.789473684210531,-22.580645161290327,-28.358208955223883,6.6666666666666625,-23.80952380952381,-80.83794466365292,-67.91708240530068,-80.48906008978095,7.130667136481087,5.677634138719329
MIDLANDBNK,Midland Bank PLC,17.0,1.796407185628747,-0.5847953216374352,0.0,2.409638554216859,6.91823899371069,-0.5847953216374352,-14.572864321608035,94.5555548357,94.5555548357,94.5555548357,2.396780698448905,2.896813183908422
MIRACLEIND,Miracle Industries Limited,26.3,-0.37878787878787074,-0.7547169811320728,-4.363636363636361,-12.040133779264208,-10.544217687074823,-17.29559748427673,-30.423280423280413,-33.75314861460957,-2.744704773112684,185.36071247630107,2.800588248147737,3.477011122900826
MIRAKHTER,Mir Akhter Hossain Ltd,34.4,1.17647058823529,-0.8645533141210496,-0.578034682080933,-17.50599520383694,21.55477031802119,24.637681159420282,5.198776758409773,-60.90909090909091,-57.53086419753087,-57.53086419753087,2.907740329448485,4.575103931308889
MITHUNKNIT,Mithun Knitting & Dyeing (CEPZ) Ltd.,13.3,-0.7462686567164152,-4.999999999999995,-8.275862068965512,-12.499999999999991,-14.743589743589737,-8.904109589041088,-16.874999999999996,-28.1081081081081,-78.66310151756127,-74.52496565059857,3.8820041208100933,4.893748358167311
MJLBD,MJL Bangladesh PLC,89.5,-0.11160714285713652,-1.4317180616740057,-2.505446623093679,-4.787234042553192,-0.22296544035674787,-0.5555555555555556,-8.580183861082743,-8.486707566462165,-18.211488049918536,57.24652754966111,1.382311192732133,1.5116622796360275
MLDYEING,M.L. Dyeing & Textile Ind. PLC,11.4,0.0,-4.999999999999997,-13.636363636363628,0.8849557522123862,26.66666666666667,35.714285714285715,11.764705882352953,-61.87290969899666,65.1860006974153,65.1860006974153,3.878903086217221,6.288066860195683
MONNOAGML,Monno Agro & General Machinery Ltd.,307.3,-0.3566796368352678,-0.22727272727272357,-5.300462249614789,-13.436619718309856,-14.329523278505711,-16.833558863328822,-20.367970976937023,-19.34877459057739,668.2948720699295,2371.123858261067,2.039232950566918,3.826401977733633
MONNOCERA,Monno Ceramic Industries Limited.,84.5,-1.1695906432748537,1.1976047904191616,1.8072289156626506,-12.706611570247931,3.1746031746031673,3.300733496332522,-1.5151515151515118,-44.224422442244226,234.7250951912616,393.4095848155357,2.863254066983342,3.587938459880422
MONNOFABR,Monno Fabrics Ltd.,19.6,-1.0101010101010066,3.157894736842113,-10.909090909090903,-13.27433628318584,-14.035087719298243,-8.411214953271015,-2.97029702970296,-16.94915254237288,-16.94915254237288,-16.94915254237288,3.5728284563180734,4.954123830185918
MONOSPOOL,Monospool Bangladesh PLC,106.0,0.8563273073263613,0.09442870632671795,-0.8419083255378912,-7.6655052264808345,13.006396588486144,11.932418162618793,11.020036092161272,-19.271523500919916,121.6363627397438,121.6363627397438,3.01616623042605,3.569961457254599
MPETROLEUM,Meghna Petroleum PLC,206.4,0.4379562043795648,0.6829268292682955,-0.7215007215007215,-5.321100917431191,2.6865671641791073,7.109496626881172,-3.3255269320843066,2.6865671641791073,12.173913043478263,44.611464823541404,1.2821897305291403,1.1921591914647807
MTB,Mutual Trust Bank PLC,13.5,0.0,-1.459854014598535,2.2727272727272783,-0.7352941176470562,32.30000081232201,37.678049677387534,34.40000089838935,8.88737425923959,105.43517467726053,177.9394607666463,2.2411168884067494,3.2757956027296524
NAHEEACP,Nahee Aluminum Composite Panel PLC,36.3,4.011461318051572,4.610951008645516,18.241042345276867,0.0,61.33333333333332,96.21621621621621,49.99999999999999,-29.101562500000007,-42.40488986864148,-42.40488986864148,5.4333192890007265,6.538927344253444
NATLIFEINS,National Life Insurance PLC,93.1,-0.5341880341880342,-0.2143622722400888,-2.919708029197092,-10.221793635486991,-8.456243854473952,-0.746268656716421,-17.5376439326838,-60.73386756642767,-28.207143288193034,-31.464004732890004,2.2533918404199746,2.7468741191613213
NAVANACNG,Navana CNG Limited,19.5,-2.5,0.0,-5.797101449275359,-10.550458715596333,-7.142857142857143,-8.450704225352116,-20.731707317073173,-42.66999970979553,-51.79652442628042,-66.92499970279569,2.6413101136719206,3.4290181091391116
NAVANAPHAR,Navana Pharmaceuticals PLC,64.1,2.0700636942675117,0.15624999999999112,-1.837672281776421,-11.095700416088766,8.277027027027012,22.32824427480915,12.653778558875212,142.80303030303028,142.80303030303028,142.80303030303028,2.44148544787182,3.1109812348634334
NBL,National Bank PLC,3.3,3.124999999999989,-2.941176470588238,-5.71428571428572,-15.384615384615387,-32.653061224489804,3.124999999999989,-5.71428571428572,-61.1764705882353,-42.16356066526516,-69.07196419158763,4.943181818181815,4.768958685402537
NCCBANK,National Credit and Commerce Bank PLC,14.3,0.0,-1.3793103448275814,-4.666666666666662,-11.180124223602487,14.400052532504136,21.901695363087295,21.901695363087295,4.104048248478618,94.76858871138259,29.81164554451607,1.5464102540818174,2.3398929069770533
NCCBLMF1,NCCBL Mutual Fund-1 2012- Dividend Units,6.8,-1.4492753623188481,-4.225352112676054,11.475409836065577,51.11111111111111,44.68085106382978,70.0,41.66666666666667,-21.83908045977011,-4.225352112676054,-43.333333333333336,5.959109625979874,6.235583936151019
NEWLINE,New Line Clothings Ltd.,5.3,1.9230769230769162,-1.8518518518518616,-14.51612903225807,-7.017543859649129,-15.873015873015873,32.49999999999999,5.9999999999999964,-85.02824858757063,-78.76210497755186,-78.76210497755186,5.405049556436909,6.068780374591383
NFML,National Feed Mill Ltd,15.3,0.0,-3.773584905660375,-6.707317073170719,-34.33476394849785,-8.383233532934124,8.51063829787235,41.666666666666664,-52.45230768967428,7.6401813894084425,-45.149056851852855,4.191546386037888,5.789469936178102
NHFIL,National Housing Finance PLC,26.2,0.0,-2.238805970149259,-2.238805970149259,-12.08053691275168,12.446351931330467,16.444444444444443,2.7450980392156836,-66.17370895314063,-24.519047767673214,-14.208505121251257,2.2820978879418274,3.277791449518591
NITOLINS,Nitol Insurance PLC,61.2,5.335628227194494,5.154639175257731,32.467532467532465,76.878612716763,116.25441696113076,117.79359430604981,123.35766423357667,-0.8333330854166622,290.47043704074224,156.91637510313836,2.7371978757756117,4.330600166520649
NORTHERN,Northern Jute Manufacturing Co. Ltd.,99.3,1.3265306122448952,-2.5515210991167896,-4.519230769230772,-11.889973380656615,-16.624685138539043,16.412661195779602,-5.248091603053435,-70.32277346084877,-59.23366388089265,562.0000044133333,6.562910362131444,5.692550277941543
NORTHRNINS,Northern Islami Insurance PLC,37.5,0.8064516129032182,0.2673796791443888,-0.5305039787798483,-6.015037593984959,29.95049535186501,41.63669100157374,27.016129349798383,-31.759098622435268,151.81686083332522,22.668965964169264,2.715668733097135,4.158885793052972
NPOLYMER,National Polymer Industries PLC,34.2,4.268292682926847,8.57142857142858,8.917197452229313,1.7857142857142898,24.8175182481752,28.571428571428573,4.268292682926847,-47.46543778801842,-19.094123624823027,136.97220283840804,3.29997733403458,3.4869078004314837
NRBBANK,NRB Bank PLC,6.6,0.0,0.0,-1.4925373134328437,6.451612903225797,-7.042253521126761,8.196721311475411,-22.35294117647059,-26.66666666666667,-26.66666666666667,-26.66666666666667,3.0866841491841512,3.3246576849534057
NRBCBANK,NRBC Bank PLC,9.4,2.1739130434782727,4.444444444444448,9.302325581395358,27.027027027027025,34.28571428571429,84.31372549019609,49.206349206349216,-61.46085778765553,-26.081925042827205,-26.081925042827205,2.6572774237649672,3.5518939781377723
NTC,National Tea Company Limited,155.3,0.06443298969073631,-2.2655758338577687,-4.076590487955524,-2.080706179066824,-3.0586766541822583,-10.644418872266973,-11.307824100513981,-72.93953650461754,-70.69811320754717,-79.83116883116884,3.5198610138747704,3.6250923264268664
NTLTUBES,National Tubes Limited,61.2,1.3245033112582854,0.8237232289950577,-5.4095826893353935,-8.928571428571429,-3.0110935023771765,-2.0799999999999956,-20.312499999999996,-47.467811158798284,-32.11900027241211,159.71860869669857,3.8784228007101658,3.471887453135098
NURANI,Nurani Dyeing & Sweater Ltd.,2.8,-3.448275862068969,-9.677419354838719,-17.647058823529413,-3.448275862068969,-22.22222222222223,39.99999999999999,11.999999999999993,-71.1340206185567,-83.45300803441086,-83.45300803441086,7.0459770114942595,7.755281775860203
OAL,Olympic Accessories Ltd,5.9,-1.6666666666666607,-4.838709677419351,-10.606060606060597,-16.901408450704217,-11.940298507462684,3.5087719298245643,-14.492753623188404,-59.5890410958904,-66.1199999649026,-75.55606398666261,3.0235352526033292,4.385071082650288
OIMEX,Oimex Electrode Ltd.,13.8,-0.7194244604316521,-2.1276595744680775,-7.999999999999996,-15.337423312883434,-2.8169014084506943,-9.80392156862745,-43.673469387755105,-49.264705882352935,-72.3239067902721,-72.3239067902721,4.432421302383221,5.526219276161779
OLYMPIC,Olympic Industries PLC.,143.2,0.20993701889431976,-1.1732229123533588,-1.5807560137457122,-7.612903225806459,-3.7634408602150686,4.069767441860461,-7.731958762886599,-25.299947835159106,-50.86274497519609,93.80451253428184,1.2633249670712419,1.7810985175044705
ONEBANKPLC,One Bank PLC,7.6,0.0,0.0,-2.5641025641025665,-3.7974683544303884,0.0,8.571428571428566,4.109589041095888,-17.199999626964217,-17.199999626964217,-17.199999626964217,2.119298245614039,2.611075167466147
ORIONINFU,Orion Infusion Ltd.,264.2,-1.6747301823595087,-10.13605442176871,17.47443308136949,-15.40185718860071,-19.93939393939394,-22.316965598353434,-48.89748549323017,194.86607142857144,280.1438848920863,474.3478260869565,7.009794798068604,7.90385040267474
ORIONPHARM,Orion Pharma Ltd.,28.6,-3.7037037037036966,14.400000000000004,10.000000000000004,0.0,-2.7210884353741402,5.14705882352942,-22.702702702702698,-69.57446808510639,-25.130890052356023,-58.146341295999996,6.345873401351005,4.895036999276441
PADMALIFE,Padma Islami Life Insurance Ltd.,15.7,0.6410256410256387,-0.6329113924050722,-7.100591715976328,-14.207650273224049,-10.795454545454557,-5.9880239520958085,-24.880382775119614,-69.92337164750957,-18.441558102614273,-67.95716536724876,5.290855721499529,3.9937630576216896
PADMAOIL,Padma Oil PLC,198.0,0.7121057985757913,1.1752682677567765,1.7471736896197358,-2.366863905325449,11.48648648648649,16.8141592920354,-0.7518796992481203,-13.91304347826087,5.487480021310608,16.470588118823535,1.5145495437513836,1.0408460455125135
PARAMOUNT,Paramount Insurance PLC.,64.6,-0.46224961479200516,-2.12121212121213,9.86394557823129,-1.2232415902140845,17.883211678832115,48.50574712643677,44.51901565995524,-22.63473053892216,772.245906504053,390.89188109358486,3.872899739495312,5.231553421349518
PDL,Pacific Denims Ltd.,5.5,-1.7857142857142794,3.773584905660381,-3.5087719298245643,-5.172413793103446,-6.7796610169491585,19.565217391304355,-14.062500000000004,-70.60846561297542,-72.08169827049724,-72.08169827049724,3.9870129870129896,4.270077683706599
PENINSULA,The Peninsula Chittagong PLC,20.0,-0.9900990099009866,-1.4778325123152745,-5.660377358490563,-14.893617021276595,-5.660377358490563,9.289617486338795,53.84615384615385,-43.66197183098591,20.481927710843365,-44.73684196710526,4.1698521086215585,4.91387705436511
PEOPLESINS,Peoples Insurance PLC,62.5,-0.4777070063694222,0.8064516129032258,2.459016393442623,-1.7295597484276752,47.05882352941177,72.17630853994493,81.15942028985508,19.961612284069094,288.19875776397515,136.74242424242425,2.8778521053918453,4.666872964244923
PF1STMF,Phoenix Finance 1st Mutual Fund Units,18.2,7.692307692307697,-1.6216216216216255,43.30708661417323,104.4943820224719,230.9090909090909,264.0,271.4285714285714,87.62886597938144,271.4285714285714,130.37974683544303,6.907447794604835,6.207926386220479
PHARMAID,Pharma Aids Limited.,555.8,0.8711433756805725,0.907770515613653,-4.155888946370068,-8.419838523644755,1.9816513761467807,12.738336713995935,-4.106280193236727,-13.156250000000005,113.1952435749904,296.7166309778729,2.1820450942361673,2.6820953160668215
PHENIXINS,Phoenix Insurance PLC,49.0,1.4492753623188466,2.0833333333333335,0.0,12.385321100917428,58.064516129032256,82.83582089552239,69.55017301038063,-21.47435897435897,131.13207547169813,9.375000000000007,2.463904432994581,4.465682405468493
PHOENIXFIN,Phoenix Finance and Investments Ltd.,3.4,3.030303030303033,-2.85714285714286,-8.108108108108116,-10.526315789473683,-19.047619047619055,41.66666666666667,3.030303030303033,-89.75903614457832,-79.55087232039216,-87.53838388968046,6.237062273589791,5.942499962723187
PHPMF1,PHP First Mutual Fund Units 2010-,3.6,0.0,-2.702702702702705,5.882352941176476,12.499999999999996,-2.702702702702705,50.00000000000001,16.129032258064516,-41.935483870967744,-10.689362021365689,-35.536857591345644,4.4761904761904745,5.347931419359993
PIONEERINS,Pioneer Insurance PLC,69.3,-0.14409221902018518,3.2786885245901685,3.898050974512735,-4.281767955801117,41.487500712743284,51.27858664027104,61.70000040424999,-37.46757787531,208.15977591325463,72.9468128657933,3.2715572215563617,3.82934250018417
PLFSL,Peoples Leasing and Financial Services Ltd.,1.7,6.249999999999992,-5.555555555555561,-22.727272727272734,13.33333333333333,-32.0,220.75471698113208,41.66666666666667,-43.333333333333336,-76.7123287671233,-94.21052632098746,8.45588235294117,9.45957902033753
POPULAR1MF,Popular Life First Mutual Fund Units 2010-,3.6,0.0,-2.702702702702705,2.85714285714286,12.499999999999996,2.85714285714286,50.00000000000001,16.129032258064516,-40.983606557377044,-11.110638570876155,-31.4154038392952,4.4761904761904745,5.34908541631231
POPULARLIF,Popular Life Insurance Co. Ltd.,56.2,0.0,0.5366726296958931,-9.354838709677416,-8.766233766233764,9.765625,32.235294117647065,10.629921259842531,-42.181069958847736,-18.903318903318898,-49.56410226148717,2.7466061129401056,4.37160570508863
POWERGRID,Power Grid Co. of Bangladesh Ltd.,37.9,0.0,1.0666666666666629,1.6085790884718538,-4.2929292929293,26.755852842809364,40.89219330855019,14.156626506024082,-36.72787979966611,-33.391915641476274,-30.202578268876607,2.1834656385670486,2.4890775608745637
PRAGATIINS,Pragati Insurance PLC,75.2,0.5347593582887776,0.1331557922769754,-3.5897435897435863,-11.52941176470588,8.178770555684041,7.727398768459526,21.02499955220751,-1.4673620511677827,346.51822444597906,89.0748485868687,2.9282105133991108,3.8622153497495466
PRAGATILIF,Pragati Life Insurance PLC,141.9,0.3536067892503536,-0.6997900629811057,-1.4583333333333295,-17.41269849528571,-24.19135510292564,5.6089308806404565,-32.69081507409677,54.19888090654447,175.14861117759298,114.27198149670025,3.3741866853981386,4.732934814923367
PREMIERBAN,The Premier Bank PLC,5.7,0.0,1.7857142857142954,-1.7241379310344767,29.545454545454536,11.764705882352953,42.50000000000001,-9.523809523809518,-53.515517361918384,32.147562283308,-22.049456862633022,3.233766233766238,2.808045304436174
PREMIERCEM,Premier Cement Mills PLC,42.4,-1.3953488372093057,1.1933174224343677,-9.4017094017094,-12.75720164609054,8.43989769820971,8.163265306122437,-12.396694214876034,-50.293083235638925,-54.40860215053763,-59.61904761904762,5.036582433386073,4.6312305646358105
PREMIERLEA,Premier Leasing & Finance Limited,1.9,0.0,-9.523809523809533,-20.833333333333336,-24.000000000000004,-29.629629629629637,251.85185185185185,26.66666666666666,-86.80555555555556,-76.90538103126899,-85.98303468702198,7.432748538011699,8.944151951197597
PRIME1ICBA,Prime Bank 1st ICB AMCL Mutual Fund Units,7.7,-2.531645569620255,11.594202898550723,32.75862068965518,54.0,63.82978723404255,79.06976744186048,63.82978723404255,1.3157894736842175,60.41666666666668,6.944444444444445,8.12363555694486,6.371046130652789
PRIMEBANK,Prime Bank PLC,28.3,1.071428571428574,0.7117437722419904,-3.082191780821913,-5.666666666666665,-2.5737702650077883,3.1770835912760473,5.372340688962765,35.36833310636576,105.54394120517681,-0.3945172552701855,1.0711853103082556,1.4290518808416088
PRIMEFIN,Prime Finance and Investment Ltd.,2.7,-3.5714285714285587,-6.896551724137922,-12.90322580645161,-18.181818181818173,-35.714285714285715,145.45454545454544,22.727272727272727,-85.56149732620321,-65.38461538461537,-90.06134965422861,6.640211640211634,6.450999760735449
PRIMEINSUR,Prime Islami Insurance PLC,51.8,-0.7662835249042255,-0.5758157389635399,0.7782101167315147,10.212765957446802,57.926829268292686,73.24414715719064,45.91549295774647,1.5686274509803866,206.508875739645,45.0400003422944,2.826514700412614,4.843818583326534
PRIMELIFE,Prime Life Insurance Company Limited,39.2,1.8181818181818257,8.888888888888896,4.533333333333341,-7.764705882352935,10.422535211267613,18.787878787878796,-9.46882217090068,-43.919885550786844,-31.588132635253046,-56.8799999340264,5.02897040691229,5.0752392244021225
PRIMETEX,Prime Textile Spining Mills Ltd.,14.5,0.0,-3.3333333333333335,-6.451612903225806,-18.994413407821224,-27.135678391959797,5.072463768115937,-3.3333333333333335,-40.57377049180327,-40.57377049180327,-28.217821782178213,3.5919540229885047,8.036822699663361
PROGRESLIF,Progressive Life Insurance Co. Ltd.,36.0,0.8403361344537735,0.8403361344537735,-10.0,-15.094339622641508,-14.69194312796209,-21.05263157894737,-37.608318890814566,-67.71300448430493,-8.146745123321637,-51.8807985367047,3.510464376390944,4.8587838653710715
PROVATIINS,Provati Insurance PLC,53.3,-1.841620626151013,-2.737226277372263,-4.8214285714285765,-18.99696048632219,67.61006289308175,85.71428571428572,60.54216867469878,-63.19761923899142,518.3797201115466,185.37119137303594,3.161914988151932,4.705791927558572
PTL,Paramount Textile PLC,85.7,6.064356435643572,12.026143790849677,19.027777777777782,27.340267459138197,55.81818181818183,65.44401544401546,51.14638447971781,34.30597035873095,633.0118591362849,235.42928008535384,3.697472287445808,2.870371072528568
PUBALIBANK,Pubali Bank PLC,38.4,0.7874015748031421,-3.517587939698489,-0.25974025974026343,3.7837837837837798,20.986330206043274,42.912655438572855,52.27589838676729,122.66937531591215,194.7812720428166,120.27215285301446,2.060637332941914,2.0260098080404707
PURABIGEN,Purabi General Insurance Co. Ltd.,28.8,-0.6896551724137907,0.0,-3.3557046979865772,-9.433962264150944,33.95348837209303,48.45360824742269,35.84905660377359,-34.51655653814622,264.2216323891766,-2.713777523053919,1.9586835492359915,4.21983091942803
QUASEMIND,Quasem Industries Limited.,39.1,0.25641025641026005,-1.7587939698492356,-5.09708737864078,-14.81481481481481,-0.508905852417292,3.38942296259823,-1.5789474742743526,-18.429310587289425,-2.1860432439680517,146.0535819960986,3.0800013950140848,3.4243126278884093
QUEENSOUTH,Queen South Textile Mills Ltd.,14.0,-0.7092198581560258,-4.109589041095888,-10.256410256410255,-10.256410256410255,17.64705882352941,17.64705882352941,2.941176470588238,-52.12903243997419,-42.34539740408274,-42.34539740408274,3.703041293673137,5.353525326089484
RAHIMAFOOD,Rahima Food Corporation Ltd.,71.9,-0.2773925104022034,-3.0997304582210203,-4.133333333333326,-25.799793601651185,-37.91018998272884,-55.0625,-43.69616288175411,-77.80864197530865,22.487223168654175,318.0232558139535,3.509395278416366,4.5960704590843315
RAHIMTEXT,Rahim Textile Mills Ltd.,181.8,0.8879023307436309,-1.5167930660888316,-6.2886597938144275,-19.199999999999996,-13.014354066985641,-14.767932489451477,-2.4154589371980677,-39.621388243108605,2.6564001049696015,350.75492311793494,2.875065230377189,5.242406533509542
RAKCERAMIC,RAK Ceramics (Baneladesh) Limited,26.5,0.7604562737642558,-3.6363636363636362,-10.774410774410773,-11.073825503355707,15.217391304347826,19.369369369369373,4.743083003952567,-43.97463002114164,-43.31944441626161,-33.98382357001171,2.2566323681718687,2.8781119499319257
RANFOUNDRY,Rangpur Foundry Limited,149.0,0.47201618341199497,-3.1209362808842727,-3.2467532467532467,-17.451523545706372,-0.7328447701532275,4.268719384184741,-16.66666666666667,-10.51051051051051,40.56603773584906,140.32258064516128,3.0984686307455447,3.206987782689976
RDFOOD,Rangpur Dairy and Food Products Limited,23.3,3.0973451327433597,-2.5104602510460166,5.909090909090912,-18.531468531468533,13.106796116504851,16.500000000000004,-5.668016194331978,-54.97373375269721,129.20019945099725,44.011069563526114,3.9724593498425733,4.775654924641895
RECKITTBEN,Reckitt Benckiser (Bangladesh) PLC,3265.0,0.1933286279804886,-0.18037848910086188,-0.7749582130375323,-2.682563338301043,-6.460392493912047,-4.5321637426900585,-5.9077809798270895,-32.818930041152264,107.67077979900776,341.81326116373475,0.6278765545959812,0.8317185810560384
REGENTTEX,Regent Textile Mills Ltd.,6.0,1.6949152542372818,0.0,-7.6923076923076925,-7.6923076923076925,36.36363636363635,50.0,100.0,-59.73154362416107,-44.32374972686276,-76.61597482626132,4.12685717801224,5.68240206169274
RELIANCE1,Reliance Insurance Mutual Fund Reliance One Units,13.0,-0.7633587786259515,-2.985074626865674,-1.5151515151515098,19.266055045871557,3.1746031746031775,-17.197452229299362,-12.751677852348996,10.169491525423723,60.49382716049384,42.85714285714287,5.077687168283444,5.378617723076612
RELIANCINS,Reliance Insurance PLC,106.3,-1.391465677179963,-1.4828544949026956,-1.391465677179963,-14.205004035512516,52.074391988555064,62.53822629969417,49.297752808988754,7.700101317122588,237.67374602745937,120.13447947426238,4.542029761904929,7.885685909786213
RENATA,Renata PLC,453.4,1.318435754189939,0.9799554565701508,-1.5204170286707213,-0.4610318331503892,5.761604851877768,15.663265306122444,-5.91409006017846,-62.966564952026324,-30.035152377592183,45.95849196221778,1.118218922679649,1.2383414161884039
RENWICKJA,Renwick Janeswar and Co. (BD) Limited,727.3,1.5214963707425988,-2.192038730500278,-7.291268323773109,21.31776480400333,36.81339352896914,48.79296235679213,12.934782608695647,-39.386615551295954,-7.3503184713375855,826.4968152866242,2.2743393949839135,2.2621211030604202
REPUBLIC,Republic Insurance PLC,39.0,-0.25575447570332843,-0.763358778625947,0.5154639175257806,7.734806629834246,16.417910447761194,42.335766423357676,20.370370370370374,-26.625426251689383,390.8617513779641,90.15610068868314,2.4738620552573964,4.64740528399159
RINGSHINE,Ring Shine Textiles Ltd.,3.8,2.7027027027026933,-2.5641025641025665,-7.317073170731704,0.0,0.0,18.74999999999999,40.740740740740726,-71.85185185185185,-74.413333335892,-74.413333335892,4.295874822190607,6.41571516459193
ROBI,Robi Axiata PLc,29.9,0.0,-0.3333333333333381,-1.6447368421052633,-8.282208588957063,0.673400673400671,5.6537102473498155,1.3559322033898258,-27.427184466019426,99.33333333333331,99.33333333333331,3.1364653243847895,2.119923883047144
RSRMSTEEL,Ratanpur Steel Re-Rolling Mills Ltd,6.5,-1.5151515151515098,-7.142857142857143,-10.958904109589039,-18.75,-22.61904761904762,-2.985074626865674,-25.287356321839077,-80.59701492537313,-81.11625273875671,-85.6591427353144,4.560674619498151,4.848925063069495
RUNNERAUTO,Runner Automobiles PLC,44.5,-0.44742729306488327,-4.301075268817204,-7.676348547717848,3.488372093023256,6.714628297362103,20.27027027027027,43.54838709677419,-30.46875,-51.97841714872418,-51.97841714872418,2.573021367421455,3.1516272205158637
RUPALIBANK,Rupali Bank PLC,16.9,0.5952380952380826,-0.5882352941176554,-1.7441860465116321,-1.7441860465116321,-6.111111111111119,-2.3121387283237116,-23.52941176470589,-50.27500003719813,8.160134430067867,-43.63843029051701,1.5483572162521961,2.248222901114325
RUPALIINS,Rupali Insurance Company Ltd.,28.3,-1.0489510489510514,-1.7361111111111112,-0.7017543859649098,3.663003663003663,28.081896871928873,38.855140534053746,22.28395089657446,-40.688622612427835,143.492341093818,-9.703078419561246,2.8287201766736145,3.8654082632607802
RUPALILIFE,Rupali Life Insurance PLC,79.7,1.1421319796954388,4.183006535947716,0.0,-14.576634512325827,-4.436450839328541,1.3994910941475935,-28.775692582663094,-0.12531328320801294,168.6500771754144,-20.817744429843977,3.2759435418009,3.775102713213463
SAFKOSPINN,Safko Spinning Mills Limited,20.8,2.463054187192118,0.9708737864077635,1.463414634146345,-3.255813953488369,24.550898203592823,50.724637681159415,45.45454545454545,-19.816793894966022,89.10730710125503,5.336793537612846,2.9115356120765155,3.8478872662914796
SAIFPOWER,SAIF Powertec Ltd.,7.7,0.0,-2.531645569620255,-18.94736842105263,-29.357798165137613,2.666666666666669,54.0,20.312499999999993,-81.01860472329209,-52.11355512428264,-43.982420950373196,3.653970945776411,4.905277870655024
SAIHAMCOT,Saiham Cotton Mills Ltd.,23.7,-1.250000000000003,5.8035714285714315,3.0434782608695623,17.326732673267326,22.16494845360825,20.918367346938762,28.1081081081081,16.7487684729064,66.90140845070422,-8.204225429686577,4.272285936390912,6.1144685164180155
SAIHAMTEX,Saiham Textile Mills Ltd.,40.5,0.0,10.054347826086966,13.445378151260496,115.42553191489361,115.42553191489361,134.10404624277456,148.46625766871165,60.07905138339921,201.59574532254413,72.80477025955457,6.680335604517255,8.162103556463961
SALAMCRST,S. Alam Cold Rolled Steels Limited,12.2,0.8264462809917326,0.8264462809917327,-3.937007874015748,-18.120805369127524,-28.23529411764706,-18.120805369127524,-39.90147783251232,-68.39378238341969,-55.14705882352941,-74.36974789915968,6.026881720430107,5.169447390233788
SALVO,Salvo Organic Industries PLC,31.4,2.950819672131143,2.950819672131143,-4.848484848484853,-16.93121693121693,-7.374631268436579,3.6303630363036232,-11.54929577464789,-44.62081128747796,176.9480014833335,83.41453098514197,3.40456459244772,4.061908479749836
SAMATALETH,Samata Leather Complex (Pvt.) Ltd.,90.0,9.890109890109883,7.270560190703211,-0.8810572687224638,-14.122137404580151,5.882352941176471,7.142857142857143,-12.195121951219512,-2.491874322860235,246.41509323109435,511.99999804159995,5.708275623994037,6.40902086689011
SAMORITA,Samorita Hospital Ltd.,94.0,0.6423982869378954,-3.391572456320655,-4.179408766564724,13.389626055488534,36.62790697674419,29.29848693259972,22.71540469973891,16.65500015936376,82.83145289738233,139.45206825157325,5.575373407251906,6.662475824691061
SANDHANINS,Shandhani Life Insurance Co.Ltd,24.7,1.6460905349794182,2.916666666666664,-0.8032128514056197,-2.755905511811021,21.078431372549023,27.979274611398957,7.860262008733628,-37.309644670050766,25.23943764985678,-41.98802084666249,2.71610768580465,3.1924088555446093
SAPORTL,Summit Alliance Port Limited,59.7,-1.485148514851483,-1.3223140495867722,5.105633802816912,12.429378531073448,16.147859922179,41.805225653206655,40.80188679245284,93.20388349514565,51.86992783012055,183.27755281193123,1.8248768590219906,2.5212910833652478
SBACBANK,SBAC Bank PLC.,6.7,1.5151515151515234,0.0,-2.8985507246376834,3.0769230769230798,-1.4705882352941124,8.064516129032258,-9.459459459459461,-66.5,-36.02109080974911,-36.02109080974911,3.3152419719583945,3.5479992489131313
SEAPEARL,Sea Pearl Beach Resort & Spa Ltd.,36.1,-0.8241758241758164,4.335260115606936,0.0,-2.9569892473118315,-6.958762886597927,9.393939393939398,-22.69807280513919,-27.799999999999997,50.41666704270835,50.41666704270835,4.422244609500016,5.4278111276850165
SEMLFBSLGF,SEML FBLSL Growth Fund Units,7.0,-1.4084507042253471,-2.7777777777777803,4.477611940298504,14.754098360655743,29.629629629629623,42.85714285714285,37.25490196078432,-31.37254901960784,14.754098360655743,14.754098360655743,5.425815764150117,4.47856706749578
SEMLIBBLSF,SEML IBBL Shariah Fund Units,8.0,-1.2345679012345634,0.0,0.0,9.589041095890414,24.999999999999993,37.931034482758626,21.212121212121218,-23.07692307692308,-41.60583941605839,-41.60583941605839,2.5032426941709605,2.1404846721652713
SHAHJABANK,Shahjalal Islami Bank PLC,17.5,0.5747126436781691,0.0,0.0,0.0,-2.234636871508372,6.707317073170741,-4.371584699453556,-16.16279102795403,116.97577928884503,7.571090431233522,1.5076105582106167,1.693145121023875
SHARPIND,Sharp Industries PLC,19.2,2.6737967914438503,-2.5380710659898478,-24.409448818897634,-11.111111111111121,13.609467455621306,48.83720930232557,9.714285714285712,17.791411042944777,17.791411042944777,17.791411042944777,5.616131513330249,8.291133023036755
SHASHADNIM,Shasha Denims PLC,27.4,1.858736059479554,-0.3636363636363688,1.4814814814814763,10.040160642570282,45.74468085106382,72.32704402515722,29.85781990521326,-16.969696969696972,-2.6634070541055266,-17.912806880409995,3.634991213539014,4.250449999925772
SHEPHERD,Shepherd Industries PLC,12.9,0.7812499999999972,-0.7692307692307665,-14.569536423841056,-24.117647058823525,-6.521739130434784,-3.7313432835820897,-27.52808988764045,-35.18382377564968,-64.44616688403491,-64.44616688403491,3.2509268989402598,5.331519945808083
SHURWID,Shurwid Industries Ltd,5.8,1.7543859649122744,0.0,-4.918032786885243,-15.942028985507253,-14.705882352941178,26.086956521739136,20.833333333333336,-75.31914893617021,-35.5555556271605,-80.69210533919544,3.195488721804513,3.7299518626758923
SHYAMPSUG,Shyampur Sugar Mills Ltd.,285.8,-0.763888888888885,-8.98089171974522,-5.707687231936658,4.8038137147048126,77.29528535980151,88.0263157894737,41.13580246913581,146.3793103448276,1697.48427672956,3472.5,5.7577380277595465,4.918766884000837
SICL,"Sikder Insurance Co., Ltd.",37.0,0.543478260869573,0.543478260869573,0.8174386920980848,-5.128205128205129,72.09302325581395,100.0,60.869565217391305,37.03703703703704,37.03703703703704,37.03703703703704,3.000905741049814,5.153529059275293
SILCOPHL,Silco Pharmaceuticals Ltd.,17.2,1.17647058823529,-1.7142857142857184,0.5847953216374144,-21.461187214611872,9.554140127388536,25.547445255474454,1.17647058823529,-47.878787878787875,-29.40298515101916,-29.40298515101916,3.2898616096266275,5.097102337446273
SILVAPHL,Silva Pharmaceuticals Ltd.,12.8,2.4000000000000057,-3.7593984962406015,-3.0303030303030196,-17.948717948717942,-0.7751937984496097,33.33333333333335,4.0650406504065035,-51.879699248120296,-64.63157885894736,-64.63157885894736,3.960024389957905,4.779562222682403
SIMTEX,Simtex Industries PLC,24.2,0.0,0.41493775933609073,-3.200000000000003,-12.635379061371841,-4.347826086956527,7.555555555555553,3.8626609442060023,3.418803418803422,35.627214951796155,-10.173909998945105,2.1793364687897854,3.485094835990206
SINGERBD,Singer Bangladesh Limited,80.0,0.5025125628140775,2.5641025641025643,9.289617486338795,-1.9607843137254835,-9.090909090909092,-5.882352941176471,-25.442684063373715,-59.51417004048583,-44.68085111914894,-21.164342105548652,2.9112109031246556,2.657643192143709
SINOBANGLA,Sinobangla Industries Ltd.,49.0,0.6160164271047169,0.0,-4.1095890410958935,-16.666666666666664,-5.222437137330759,6.986899563318784,-7.020872865275147,7.924162237424167,92.95532041153004,169.39531544538505,1.7967318825631091,3.089029216194169
SIPLC,Sena Insurance PLC,155.5,-2.9943855271366258,11.071428571428571,2.8439153439153517,36.52326602282703,138.86328725038405,191.74484052532833,208.53174603174602,225.31380753138077,225.31380753138077,225.31380753138077,7.978931419355082,7.883398663053703
SKTRIMS,SK Trims & Industries Ltd.,13.8,9.523809523809533,22.123893805309734,-2.1276595744680775,-3.4965034965034962,50.000000000000014,68.29268292682929,48.387096774193544,-69.05829596412556,-62.89333340853618,-62.89333340853618,6.54163573138238,7.107377959928607
SONALIANSH,Sonali Aansh Industries Limited.,220.6,-0.40632054176072496,2.604651162790695,0.5469462169553275,11.979695431472079,39.179810725552045,14.656964656964652,-5.726495726495728,246.71905697445973,963.1325301204819,1534.0740740740741,3.199555600107388,3.4432866890254585
SONALILIFE,Sonali Life Insurance PLC,91.9,6.736353077816506,9.404761904761912,6.3657407407407405,5.7537399309551205,55.76271186440679,50.90311986863713,21.240105540897112,27.994428969359344,735.4545454545455,735.4545454545455,3.7763887871222415,3.1680008697584694
SONALIPAPR,Sonali Paper & Board Mills Ltd.,223.2,1.6856492027334802,-0.2680965147453185,-4.492939666238768,-5.021276595744686,-4.818763326226017,-5.623678646934466,-24.210526315789476,-7.398414267436581,47.88485706416631,47.88485706416631,2.763981387344086,3.2684260752745815
SONARBAINS,Sonar Bangla Insurance Ltd.,38.2,2.1390374331550914,0.5263157894736917,8.522727272727272,-14.157303370786511,42.2340429087766,58.53754977056039,40.73684243118007,-49.25843348419694,312.3461088160657,83.5204501677854,2.776834241243159,4.471226725715937
SONARGAON,Sonargaon Textiles Limited.,114.6,5.0412465627864345,14.029850746268652,8.317580340264648,17.177914110429445,199.99999999999997,268.4887459807074,240.05934718100886,383.5443037974684,1264.285714285714,513.9285729633928,4.987874249100874,7.246365985673697
SOUTHEASTB,Southeast Bank PLC,11.4,-0.8695652173913012,-3.3898305084745792,0.0,8.571428571428575,24.469387682706593,34.04395599976575,25.75257719124221,-16.841871967368046,7.175359279303251,-4.201717059515866,1.9147545463411737,2.9985584619193504
SPCERAMICS,Shinepukur Ceramics PLC,23.4,-0.4255319148936231,2.183406113537118,21.874999999999996,-7.874015748031496,10.900473933649275,60.27397260273972,16.41791044776118,-34.08450704225353,157.14285714285714,3.103447975637458,3.0982250532561793,5.070330875793998
SPCL,Shahjibazar Power Co Ltd,51.3,2.5999999999999943,1.9880715705765408,-1.9120458891013385,-7.065217391304357,5.338809034907586,7.999999999999994,7.999999999999994,-57.04347819141974,-60.18261134301481,97.56023013055653,2.283052639578283,3.159544105244272
SQUARETEXT,Square Textiles PLC,48.9,0.41067761806980646,0.617283950617278,-0.6097560975609843,-2.395209580838329,1.8749999999999971,0.8247422680412342,-12.05035971223022,-7.735849056603776,-22.31664226257222,-35.919624067812066,1.4836076278909078,2.5295733613383438
SQURPHARMA,Square Pharmaceuticals PLC,218.0,0.2759889604415797,0.8792225821379017,0.4145555043758663,-2.6785714285714284,1.8691588785046729,9.547738693467336,-0.45662100456621,-10.472279260780287,15.762027710337001,108.26273371950568,0.4053183956474205,0.7878314224367813
SSSTEEL,S.S. Steel Ltd,5.7,-3.3898305084745792,-4.999999999999997,-12.307692307692305,-17.39130434782609,1.7857142857142954,39.02439024390246,7.547169811320762,-76.68181828251033,-84.70849617939845,-84.70849617939845,3.7878741271647813,4.749999927288066
STANCERAM,Standard Ceramic Industries Ltd.,65.4,-1.0590015128592871,2.028081123244948,-5.217391304347818,-8.659217877094957,-5.217391304347818,-6.704707560627659,-17.215189873417717,-70.68579112505603,27.984344422700595,166.9387755102041,3.6611502304005423,5.955793027058463
STANDARINS,Standard Insurance PLC,51.8,-1.3333333333333388,-2.079395085066165,5.284552845528443,-0.3846153846153901,30.150753768844222,32.480818414322236,34.89583333333333,-45.8725182863114,516.5884531554178,98.46080732473324,2.1114402420889276,3.9298981886517366
STANDBANKL,Standard Islami Bank PLC,4.4,0.0,-2.2222222222222143,-4.347826086956506,-6.382978723404252,-22.807017543859644,-8.333333333333321,-22.807017543859644,-52.385675577649245,-26.167697754623937,-51.42875764566825,2.272727272727265,3.743749027575658
STYLECRAFT,Stylecraft Limited,52.5,-0.7561436672967837,-4.021937842778798,-3.4926470588235268,-2.4163568773234148,-6.082289803220034,11.22881355932203,-29.435483870967747,-69.72318339100346,15.248912803991018,113.7681446996718,3.31226101491713,5.1936188348067045
SUMITPOWER,Summit Power Ltd.,15.4,0.0,-1.2820512820512775,-3.749999999999998,-0.6451612903225784,10.000000000000002,24.193548387096772,1.3157894736842175,-67.44186046511628,-52.02492211838007,-66.45753429367264,1.9531777520392277,2.9324268754533462
SUNLIFEINS,Sunlife Insurance Co. Ltd.,58.6,3.16901408450705,15.354330708661427,12.692307692307695,-19.172413793103445,-6.539074960127593,11.195445920303603,2.0905923344947785,54.61741424802112,239.61363519814418,-36.64168044586769,5.592994598369668,5.829699568476176
TAKAFULINS,Takaful Islami Insurance PLC,53.2,-0.9310986964618249,-2.3853211009174258,8.571428571428577,19.550561797752813,63.190184049079754,56.47058823529412,46.96132596685082,-8.747855917667229,348.3163977403957,73.26481720307262,2.989868626426941,4.289636326016869
TALLUSPIN,Tallu Spinning Mills Limited,6.7,1.5151515151515234,-5.633802816901401,-12.987012987012987,-17.283950617283946,-19.277108433734945,6.349206349206355,6.349206349206355,-50.0,-55.92105263157895,-70.86956524272212,3.5340328175600684,4.391878782609477
TAMIJTEX,Tamijuddin Textile Mills PLC,110.9,0.09025270758123513,-3.2286212914485066,-11.279999999999996,-17.851851851851848,-2.633889376646181,-11.98412698412698,-16.21565942697563,-27.343657011786306,741.3103436671581,741.3103436671581,3.298930919173999,3.9621416594192636
TECHNODRUG,Techno Drugs Ltd.,40.4,1.7632241813601908,2.2784810126582244,-5.607476635514016,-6.481481481481492,14.77272727272726,38.35616438356165,6.315789473684207,53.03030303030303,53.03030303030303,53.03030303030303,2.444218838562904,4.063363229449991
TILIL,Trust Islami Life Insurance Ltd.,47.7,2.141327623126338,8.90410958904111,6.473214285714299,-10.338345864661653,6.711409395973154,7.432432432432443,-17.61658031088082,333.6363636363637,333.6363636363637,333.6363636363637,4.381713879413197,4.325227493342055
TITASGAS,Titas Gas Transmission and Distribution PLC,17.7,-0.5617977528089967,2.312138728323691,-1.117318435754186,-2.209944751381227,2.906976744186047,13.46153846153846,-11.500000000000004,-59.95475113122173,-63.429752066115704,-72.25705329153604,3.051554393679701,3.2838157710702913
TOSRIFA,Tosrifa Industries PLC,19.9,1.0152284263959355,5.291005291005291,-5.238095238095245,-3.398058252427198,15.028901734104032,17.058823529411757,-11.55555555555556,-12.457081902938326,-0.3843024937118533,-54.166817601401334,5.09195070398381,5.552727234006122
TRUSTB1MF,Trust Bank 1st Mutual Fund Units,3.7,-2.631578947368412,-2.631578947368412,5.71428571428572,15.625,5.71428571428572,54.16666666666668,12.121212121212132,-42.1875,-12.088000443779777,-43.35670045493066,4.3543543543543475,5.462936521649479
TRUSTBANK,Trust Bank PLC,13.5,0.0,-1.459854014598535,-9.395973154362418,-14.556962025316459,-19.91525406083022,-18.534482554956888,-20.81005564472083,-36.99723448940773,27.801827509900594,42.22676343966692,1.9303970344356627,1.9258256374091407
TUNGHAI,Tung Hai Knitting & Dyeing Ltd,4.2,2.4390243902439157,2.4390243902439157,-8.695652173913032,40.00000000000001,13.513513513513512,162.5,110.00000000000001,-40.0,-60.84745767357081,-83.06000003433175,6.853658536585373,7.78252283914305
UCB,United Commercial Bank PLC,8.9,0.0,0.0,-3.26086956521738,-1.1111111111111072,-7.29166666666666,-15.238095238095235,-16.0377358490566,-34.58499972656529,-29.624801548365063,-29.81646122980174,2.5369371339700164,3.373332307485058
UNILEVERCL,Unilever Consumer Care Limited,1980.0,0.19735843327767277,-0.3021148036253776,-1.5904572564612327,-4.624277456647399,-8.333333333333334,-8.333333333333334,-19.71128502493816,9.241379310344827,97.87632729544035,492.14953271028037,0.6341627174912865,0.9326837211179775
UNIONCAP,Union Capital Limited,4.2,2.4390243902439157,-2.325581395348829,-6.6666666666666625,-8.695652173913032,-22.222222222222225,50.000000000000014,5.000000000000004,-70.83333333333333,-63.61749986129171,-77.79589495295633,3.8675958188153348,4.750550055873774
UNIONINS,Union Insurance PLC,50.0,3.73443983402489,3.3057851239669453,3.73443983402489,23.762376237623766,44.0922190201729,35.86956521739131,55.763239875389395,354.54545454545456,354.54545454545456,354.54545454545456,3.4589481254662013,4.376289026326483
UNIQUEHRL,Unique Hotel & Resorts PLC,43.2,0.2320185614849221,6.666666666666674,1.17096018735363,3.8461538461538494,13.089005235602093,12.793733681462157,6.666666666666674,-27.75919732441471,-6.086956521739125,-65.90370955011839,4.226656723082343,3.54460648016509
UNITEDFIN,United Finance PLC,17.0,1.1904761904761862,3.0303030303030303,0.5917159763313694,6.25,34.920634920634924,46.55172413793104,25.000000000000004,-35.361216730038024,-6.7537308982762,-27.079019074308157,2.617772857646055,4.140806703033824
UNITEDINS,United Insurance Company Limited,62.6,-0.7923930269413629,0.9677419354838732,2.6229508196721336,39.111111111111114,49.04761904761905,49.76076555023925,49.403341288782826,-9.011627906976738,179.85105624029927,63.96868961399538,3.0221885522565595,4.242076301791328
UPGDCL,United Power Generation & Distribution Co. Ltd.,114.3,0.5277044854881217,0.0,-3.1355932203389854,-7.822580645161292,-3.544303797468357,-1.5503875968992225,-21.06353591160222,-61.9,21.221753107801383,104.91424080952085,1.0356611763127659,2.052520575471319
USMANIAGL,Usmania Glass Sheet Factory Limited,52.7,1.7374517374517486,-9.450171821305842,-13.888888888888888,14.565217391304353,47.20670391061454,55.00000000000001,49.715909090909086,-26.499302649930264,-29.856300214583598,8.673337604447084,5.67759381432484,6.710913146463567
UTTARABANK,Uttara Bank PLC,20.6,0.0,-0.48309178743960324,-1.4354066985645797,-5.504587155963299,1.3779527559055174,12.445414847161578,19.212962962962962,50.98692869804128,125.38447854055242,58.95849885353228,0.5825242718446513,0.8871683795496418
UTTARAFIN,Uttara Finance and Investments Limited,11.7,0.8620689655172384,-3.3057851239669453,-7.874015748031496,-13.333333333333337,-13.97058823529412,18.18181818181817,-5.64516129032259,-76.92307692307692,-78.2180850519282,-83.4596082983633,4.938220482153896,5.027640781971142
VAMLRBBF,Vanguard AML Rupali Bank Balanced Fund Units,8.3,1.2195121951219685,2.469135802469149,2.469135802469149,7.792207792207799,38.33333333333334,45.61403508771931,43.103448275862085,-6.741573033707861,-24.54545454545454,-24.54545454545454,4.1418203234319995,2.535781748376483
VFSTDL,VFS Thread Dyeing Ltd.,13.2,0.7633587786259515,-4.347826086956532,-8.333333333333341,-21.893491124260354,9.999999999999995,3.124999999999989,64.99999999999999,-49.41605826770073,-44.27832920864853,-44.27832920864853,3.5004522400963807,5.384092625470487
WALTONHIL,Walton Hi-Tech Industries PLC,337.3,-0.05925925925925589,-3.158196956646569,-7.126408104164715,-7.473815553872813,-3.628571524942852,-2.3605264134289454,-10.810096243036059,-68.57614727569342,7.9716929056354795,7.9716929056354795,1.0915327859215038,1.6928760012914177
WATACHEM,Wata Chemicals Ltd.,128.7,0.5468749999999911,-0.30983733539892,-4.737231680236866,-6.739130434782617,-1.2279355333845146,-9.366197183098599,-9.620786516853945,-60.4,33.817413365602945,509.9843752573371,3.0015499648452426,3.9623152942300295
WMSHIPYARD,Western Marine Shipyard Limited,8.6,0.0,-2.2727272727272845,-6.52173913043478,-15.68627450980392,-13.131313131313137,4.878048780487809,-2.2727272727272845,-44.155844155844164,-36.22591323005429,-75.0218160475195,2.7990314008522477,3.1519456442232507
YPL,Yeakin Polymer Ltd.,21.0,-0.47393364928910625,0.4784688995215379,-9.871244635193134,-19.847328244274806,12.299465240641714,18.644067796610173,20.0,45.833333333333336,-32.739019214656736,-16.19238815034726,4.607311472486953,7.005825501938784
ZAHEENSPIN,Zaheen Spinning PLC,4.9,-1.9999999999999927,-5.769230769230766,-14.035087719298243,-16.94915254237288,-18.33333333333333,22.500000000000007,-5.769230769230766,-55.04587155963303,-62.160319822644894,-65.57043200898836,4.393418906023946,5.108075645911782
ZAHINTEX,Zahintex Industries Ltd.,7.2,-2.702702702702705,-8.860759493670887,-14.285714285714286,-17.24137931034482,1.4084507042253598,24.137931034482765,20.000000000000004,-27.272727272727273,-56.5807108890289,-69.648516325283,5.7273654379577605,5.851125028786387
ZEALBANGLA,Zeal Bangla Sugar Milla Limited,176.1,1.5570934256055295,-7.315789473684213,-0.5084745762711896,7.772337821297422,30.44444444444444,23.146853146853143,60.09090909090908,21.44827586206896,665.6521739130435,1924.137931034483,5.998578272810969,6.840633648193625
