Symbol,Name,Price,Change %,Perf % 1W,Perf % 1M,Perf % 3M,Perf % 6M,Perf % YTD,Perf % 1Y,Perf % 5Y,Perf % 10Y,Perf % All Time,Volatility 1W,Volatility 1M
1JANATAMF,First Janata Bank Mutual Fund Units,3.4,0.0,-5.555555555555561,-12.820512820512821,13.33333333333333,21.428571428571434,30.769230769230763,3.030303030303033,-63.043478260869556,-15.651064131289823,-37.46298601980823,4.897504456327992,5.172310166775965
1STPRIMFMF,Prime Finance First Mutual Fund 2009 Units,20.9,0.48076923076922046,-7.522123893805322,-11.814345991561185,11.170212765957434,14.835164835164832,4.499999999999993,-7.111111111111118,2.450980392156863,161.24999999999997,-31.699346405228763,3.700573103394127,4.664461333975782
AAMRANET,aamra networks ltd,19.8,-0.9999999999999963,-11.607142857142847,-4.8076923076923075,18.562874251497014,23.750000000000004,11.235955056179774,2.061855670103104,-51.174335295556816,-67.13448796487837,-67.13448796487837,4.954583881200053,4.144579376421705
AAMRATECH,Aamra Technologies Limited,16.5,-0.6024096385542254,-17.5,-16.666666666666668,25.95419847328245,38.65546218487394,34.14634146341463,24.060150375939845,-40.91216239092791,-20.500000110577275,-43.8862501212852,5.51181470370854,7.221676796206196
ABB1STMF,AB Bank 1st Mutual Fund 2011 Units,3.4,0.0,-8.108108108108116,-10.526315789473683,9.677419354838703,21.428571428571434,25.925925925925913,0.0,-52.11267605633803,-13.561120475365433,-49.28331067903349,4.205882352941182,5.2031741757470025
ABBANK,AB Bank PLC,4.6,0.0,-4.1666666666666705,-9.803921568627452,6.976744186046508,-34.28571428571429,12.195121951219512,-23.33333333333334,-67.13723244545614,-64.46555244188565,-80.01187327751177,3.7198067632850296,3.0590718186191745
ACFL,Aman Cotton Fibrous PLC,23.5,0.4273504273504335,1.7316017316017254,-4.47154471544716,2.620087336244548,41.56626506024095,30.555555555555557,15.763546798029553,-47.42729306487696,-60.833333333333336,-60.833333333333336,2.683908857259679,3.478570092626714
ACI,Advanced Chemical Industries PLC,189.5,0.21152829190904582,-0.889121338912128,-6.558185404339255,-0.7853403141361257,-10.274621212121207,-2.8205128205128207,-2.7706516162134456,-25.586585402915176,-24.415381617197003,204.2915347292293,2.2357892664098484,1.9665951548347809
ACIFORMULA,ACI Formulations PLC,153.8,-0.19467878001296754,-7.84901138406231,-8.069336521219366,10.014306151645206,9.078014184397171,19.224806201550393,-3.874999999999993,-1.5304875587042615,-3.241461714412705,123.05248674547654,3.1917830863642016,3.4766338571178035
ACMELAB,ACME Laboratories Ltd.,79.4,0.2525252525252561,-1.243781094527363,-4.796163069544364,2.3195876288659942,1.5345268542199524,11.360448807854151,-3.990326481257554,-10.383747178329559,-23.136495643756042,-41.185185185185176,1.2872094096245896,1.4361736940936745
ACMEPL,ACME Pesticides Ltd,24.9,0.8097165991902806,5.063291139240503,3.7499999999999942,1.632653061224484,50.9090909090909,56.603773584905646,46.47058823529411,126.36363636363635,126.36363636363635,126.36363636363635,3.335820071706923,4.956137980320015
ACTIVEFINE,Active Fine Chemicals Ltd.,5.9,-1.6666666666666607,-10.606060606060597,-14.492753623188404,-14.492753623188404,-10.606060606060597,9.25925925925926,-34.444444444444436,-73.77777777777779,-76.32716042441606,-79.99130420724325,4.427618782995275,3.797930702156427
ADNTEL,ADN Telecom Ltd.,60.5,-1.944894651539713,-3.9682539682539684,-10.63515509601182,-0.819672131147541,3.0664395229982913,4.490500863557861,-24.375,-3.9682539682539684,49.382716049382715,49.382716049382715,2.405922852782131,2.3765278683623037
ADVENT,Advent Pharma Ltd.,14.3,0.7042253521126861,-4.02684563758389,-8.91719745222929,-2.054794520547938,5.925925925925931,6.716417910447763,-7.142857142857141,-45.77695183815204,-61.172068245708424,-61.172068245708424,3.5816494712958624,3.36935894771906
AFCAGRO,AFC Agro Biotech Ltd.,6.7,0.0,-1.4705882352941124,-6.944444444444445,-8.219178082191776,-2.8985507246376834,34.00000000000001,-17.283950617283946,-79.57317073170732,-78.9935971606266,-70.75952496996126,1.7910447761193997,3.1673323600246333
AFTABAUTO,Aftab Automobiles Ltd.,28.0,-0.7092198581560258,-2.097902097902103,-9.67741935483871,-8.19672131147541,0.7194244604316521,-18.128654970760238,-27.08333333333333,-17.23860549086182,-39.47058793255804,-58.83999966458716,1.5318604802004356,1.9999851535791753
AGNISYSL,Agni Systems PLC,28.3,-1.393728222996511,-6.2913907284768165,-18.911174785100282,0.35460992907801925,36.05769230769231,36.05769230769231,3.284671532846723,21.459227467811157,80.99882727981733,52.698586818823806,2.6937006669496064,3.409312681982852
AGRANINS,Agrani Insurance PLC,28.4,-1.0452961672473893,-5.960264900662254,-9.265175718849846,19.83122362869198,27.354260089686086,19.327731092436963,7.984790874524706,-37.97277853920864,222.67771823005404,72.13815448000682,3.427384144416387,4.255586666370528
AIBL1STIMF,AIBL 1st ISLAMIC Mutual Fund 2010- Units,4.8,-4.0000000000000036,-12.72727272727273,-25.000000000000007,23.076923076923073,29.72972972972972,41.1764705882353,9.090909090909078,-47.252747252747255,-30.43478260869566,-37.66233766233767,7.773262788424517,6.4794573242258835
AIL,Alif Industries Ltd.,34.1,0.2941176470588277,-6.830601092896175,-9.066666666666663,7.232704402515725,23.104693140794232,-16.216216216216218,-41.30808950086058,-13.171296378703165,-69.12638470310368,-69.12638470310368,3.969282396734976,3.3582675672586935
AL-HAJTEX,Alhaj Textile Mills Limited,84.3,-0.8235294117647093,-1.8626309662398235,-17.43388834476004,-13.71545547594678,-33.095238095238095,-38.55685131195335,-49.82142857142857,34.23566878980892,-0.7050445496794193,264.081502960473,2.5042272205435387,3.048935948033145
ALARABANK,Al-Arafah Islami Bank PLC,17.1,-1.7241379310344664,-3.932584269662917,-1.7241379310344667,22.14285714285715,2.395209580838336,14.000000000000009,0.0,-28.595946021306162,45.63749352409259,-4.434681393384348,5.494796523555518,4.9284889752217
ALIF,Alif Manufacturing Company Ltd.,5.5,0.0,-1.7857142857142796,-3.5087719298245643,1.8518518518518452,12.244897959183666,37.5,-3.5087719298245643,-67.06586826347306,-32.52768138051918,-67.43067173166543,3.4848484848484804,4.241272574557787
ALLTEX,Alltex Industries Limited,24.4,0.8264462809917326,0.4115226337448472,25.77319587628866,41.04046242774565,71.83098591549296,82.08955223880595,106.77966101694912,19.024390243902435,23.23232323232322,219.308640887294,4.131810771698574,4.423384637888941
AMANFEED,Aman Feed PLC,33.8,2.735562310030391,-8.648648648648656,-11.74934725848564,10.097719869706832,46.95652173913042,46.95652173913042,22.46376811594201,-56.666666666666664,-41.777153185891635,0.7923385031056734,5.636124406743812,3.7566847436555886
AMBEEPHA,Ambee Pharmaceuticals PLC,755.4,0.33204940895205204,-0.7489160425699705,-7.32425469267575,-1.9470404984423677,2.0397136296096208,4.916666666666663,-12.871972318339102,67.08692767086927,49.58415841584158,304.13731770890337,1.7228431673756444,1.7420798419263024
AMCLPRAN,Agricultural Marketing Co. Ltd.,219.1,0.0,-3.0530973451327457,-4.739130434782611,1.7649790989317151,3.888098624940725,8.304498269896184,-12.43005595523581,0.7356321839080434,-1.7488789237668187,78.130081300813,2.1690775252764065,2.3870918975524877
ANLIMAYARN,Anlima Yarn Dyeing Ltd.,28.7,-3.0405405405405475,-13.554216867469888,-13.813813813813809,11.673151750972764,53.475935828877006,37.980769230769226,22.12765957446808,-40.456431535269715,-7.419354838709679,43.49999999999999,7.879169007000806,4.891052417132032
ANWARGALV,Anwar Galvanizing Ltd.,102.7,-2.190476190476188,-5.258302583025832,-10.227272727272728,3.73737373737374,10.311493018259945,18.591224018475764,25.55012224938876,-49.6294281958801,182.0519136101134,1170.9124922633205,3.512806088795402,3.083761121482161
AOL,Associated Oxygen Ltd,17.4,3.5714285714285587,-2.2471910112359668,-1.1363636363636525,-0.5714285714285795,12.987012987012976,14.473684210526313,14.473684210526313,-69.07308972683761,34.04959927312944,34.04959927312944,3.667144130379422,3.3333678038557286
APEXFOODS,Apex Foods Limited,272.5,0.11021307861866694,-2.7827327863003966,-3.7102473498233217,-2.084081925979163,20.575221238938052,10.86248982912937,9.04361744697879,73.56687898089172,66.15853658536585,280.58659217877096,2.122616331029311,3.0861850226429435
APEXFOOT,Apex Footwear Ltd.,204.7,-0.7274490785645006,-4.121779859484783,-5.231481481481487,2.70948319116908,11.249999999999995,14.166201896263232,11.249999999999995,55.40986791740909,8.363062444829652,53.607433878692746,2.1285500383313325,1.4700837142307672
APEXSPINN,Apex Spinning and Knitting Mills Ltd.,345.9,1.3181019332161688,-0.8882521489971412,-6.488240064882401,10.159235668789801,86.97297297297297,92.16666666666664,126.07843137254899,155.08849557522126,226.01319509896325,394.1428571428571,4.408005764770141,4.500068969568395
APEXTANRY,Apex Tannery Limited.,103.4,2.0730503455083995,1.1741682974559715,-0.9578544061302682,-1.8043684710351298,58.58895705521473,73.48993288590604,31.552162849872786,-12.889637742207244,-32.24115334207077,41.45006839945282,2.6619985905534684,3.86017350656013
APOLOISPAT,Appollo Ispat Complex Ltd.,3.0,0.0,-6.250000000000005,-9.090909090909086,-9.090909090909086,-18.918918918918923,76.47058823529412,7.1428571428571495,-77.61194029850746,-76.18535044626955,-87.6836235580221,5.500000000000003,5.7688964090222
ARAMIT,Aramit Limited,202.2,-0.29585798816569164,-5.159474671669794,-0.9794319294809012,19.36245572609208,22.54545454545454,11.282333516785911,-13.218884120171678,-43.676880222841234,-51.27710843373494,-4.622641509433968,4.834037103924216,5.003943129247723
ARAMITCEM,Aramit Cement Limited,12.1,0.8333333333333304,0.8333333333333304,-3.9682539682539684,-6.201550387596905,2.542372881355923,37.499999999999986,2.542372881355923,-79.96688741721854,-66.48199445983379,-66.51923202965504,10.064823226587938,7.354162071668583
ARGONDENIM,Argon Denims Ltd.,22.7,1.3392857142857175,1.793721973094164,-9.200000000000003,26.111111111111107,34.31952662721894,28.977272727272712,13.499999999999996,-5.319466565887202,38.049544113152265,-41.12717879616512,4.346622369878183,4.1669782974305685
ASIAINS,Asia Insurance PLC,40.8,-0.4878048780487874,-6.206896551724144,-6.849315068493151,5.426356589147272,9.973045822102414,48.36363636363635,41.17647058823529,-58.62068965517242,221.25984251968507,23.45821354645083,4.01593897287424,4.560254510643128
ASIAPACINS,Asia Pacific General Insurance PLC,47.2,-1.871101871101868,-6.534653465346529,-0.21141649048624592,15.686274509803937,34.85714285714286,49.367088607594944,30.027548209366405,-34.53536754507628,214.66666666666669,39.23303834808261,3.7854805580382287,4.710797410349292
ASIATICLAB,Asiatic Laboratories Ltd,106.7,-2.468007312614262,-8.803418803418802,-14.639999999999999,-18.237547892720304,77.83333333333333,121.36929460580912,95.42124542124542,86.21291448516581,86.21291448516581,86.21291448516581,4.121937430070701,4.416470328036536
ATLASBANG,Atlas Bangladesh Limited,83.1,-0.4790419161676715,-4.482758620689662,-10.741138560687434,15.41666666666666,31.487341772151883,46.56084656084654,24.40119760479042,-31.996726677577747,-22.709699811501817,-26.121879808068186,4.287630476741952,4.044755672609513
AZIZPIPES,Aziz Pipes Limited.,78.3,0.12787723785165514,-6.339712918660285,3.0263157894736805,12.661870503597118,60.78028747433264,67.3076923076923,33.84615384615384,-49.12280701754386,66.92824710283953,403.5668786779266,4.74350941456205,3.46766360398639
BANGAS,Bangas Limited,124.5,0.0,-5.395136778115497,-9.454545454545455,-5.32319391634981,8.733624454148472,-4.524539877300618,-1.8138801261829631,-15.363698164513934,-27.793587930405987,-11.205027273860495,2.2913277036622497,2.432371828023779
BANKASIA,Bank Asia PLC,17.0,0.0,-2.2988505747126355,-6.07734806629835,-5.555555555555555,-16.914414767341015,0.2445647777317136,-3.429319777981902,1.4474994689223355,62.68489983392151,46.243749300207526,2.1455470332426096,1.7002657860971915
BARKAPOWER,Baraka Power Ltd.,10.5,-1.8691588785046664,0.0,28.048780487804887,24.999999999999996,36.36363636363636,54.411764705882355,-8.695652173913043,-64.64646464646465,-53.17784778695343,-53.72557883453775,5.619128032235061,7.104304608605708
BATASHOE,Bata Shoe Co. (Bangladesh) Ltd.,897.4,-0.5320328086898768,-0.8945334069574845,-1.2326656394453055,5.725730442978325,10.11042944785276,11.60303444845168,3.387096774193546,19.03435468895079,-24.903765690376574,74.25242718446601,1.3632347750019196,1.0522012251045354
BATBC,British American Tobacco Bangladesh Co Ltd,230.2,-1.0743446497636442,-4.876033057851244,-8.286852589641438,10.673076923076918,-4.876033057851244,-7.177419354838714,-21.164383561643838,-59.6140350877193,-15.436733003302527,147.23150852163218,1.6572131229096334,2.2570325980607815
BAYLEASING,Bay Leasing and Investment Ltd.,4.8,0.0,-2.040816326530623,-9.433962264150944,11.627906976744187,-21.311475409836063,45.45454545454546,11.627906976744187,-84.95522384534284,-65.45031844758192,-81.70690619661985,4.061054579093435,5.2331407134655255
BBS,Bangladesh Building Systems PLC,12.9,0.0,-5.839416058394153,-16.774193548387093,-9.790209790209792,25.242718446601934,40.21739130434784,13.157894736842104,-40.55299539170507,-47.81254086513197,-40.50629634364085,2.705651301218156,3.8702074199714933
BBSCABLES,BBS Cables PLC,18.4,1.098901098901095,-4.663212435233172,-19.298245614035096,-27.843137254901965,12.195121951219512,21.052631578947366,5.142857142857134,-69.2636362105134,-36.34869755390398,-36.34869755390398,2.550296867616679,3.4683461787535816
BDAUTOCA,Bangladesh Autocars Limited,192.4,-2.434077079107497,-10.511627906976742,-8.858360966366646,-11.295527893038265,37.42857142857144,51.49606299212599,43.58208955223881,20.400500625782225,469.0538965047505,791.1962720018569,3.96928879285786,3.8294551056184494
BDCOM,BDCOM Online Ltd.,28.7,-1.0344827586206922,-6.209150326797393,-13.030303030303031,-0.6920415224913471,9.96168582375478,10.384615384615383,12.444030131856344,20.31083712449829,63.562719182699134,138.66236652298855,3.355645937443781,3.0302829325946066
BDFINANCE,Bangladesh Finance PLC,12.7,0.0,-2.3076923076923133,-7.971014492753633,12.389380530973439,-7.971014492753633,-2.3076923076923133,28.28282828282827,-78.25201946986621,60.95760273325576,-21.831542646208945,2.614048243969508,3.33332526923565
BDLAMPS,Bangladesh Lamps PLC,214.8,2.8243178554332244,-3.286807744259335,18.674033149171276,16.739130434782613,48.13793103448276,59.70260223048328,30.498177399756997,16.07878778592485,16.07878778592485,91.529999846776,4.14712402206884,4.442974931218216
BDTHAI,Bangladesh Thai Aluminium Ltd.,15.4,0.0,-1.2820512820512775,-20.207253886010363,8.450704225352121,45.28301886792453,37.500000000000014,14.074074074074076,-43.38235294117647,-18.617125239058037,-3.337457256600346,2.7813003989474563,3.663441113721433
BDTHAIFOOD,BD Thai Food & Beverage Ltd.,24.5,3.3755274261603407,1.6597510373443924,0.0,-3.9215686274509802,53.125,70.13888888888889,56.05095541401275,102.47933884297521,102.47933884297521,102.47933884297521,3.4878527128979004,3.850251849704822
BDWELDING,Bangladesh Welding Electrodes Ltd.,12.8,-1.538461538461533,-5.882352941176462,-7.913669064748199,-18.471337579617828,-20.49689440993789,-29.281767955801108,30.612244897959183,-49.2063492063492,23.12380945228045,-41.74077238522806,3.805074051055051,2.5190737884286873
BEACHHATCH,Beach Hatchery Ltd,29.8,-0.33444816053510995,-3.8709677419354818,-11.572700296735912,-0.33444816053510995,-4.180064308681674,-36.32478632478632,-46.785714285714285,-0.6666666666666643,168.4684684684685,32.02531675651338,2.1437112182761164,2.6313370695466785
BEACONPHAR,Beacon Pharmaceuticals PLC,103.1,-0.8653846153846209,-3.6448598130841177,-4.976958525345627,2.0792079207920735,0.585365853658531,-1.5281757402101324,-27.902097902097907,-49.85408560311284,502.9239766081871,569.4805194805193,1.994825999720186,1.6850255308417916
BENGALWTL,Bengal Windsor Thermoplastics PLC,23.2,0.8695652173913012,-9.375000000000009,-4.526748971193421,-10.769230769230772,30.337078651685385,33.33333333333334,11.538461538461531,-23.9344262295082,-43.53982306256167,-53.1352254689644,4.653035781580959,3.584194177431917
BERGERPBL,Berger Paints Bangladesh Ltd.,1485.0,-0.10090817356205853,-1.0,0.33783783783783783,7.297687861271676,6.223175965665236,7.530774800868936,0.33783783783783783,-16.563658838071692,35.678391959798994,465.7142857142857,0.6414493291101504,1.0975373257163192
BESTHLDNG,Best Holdings PLC,14.4,-0.6896551724137907,-1.3698630136986254,-8.280254777070057,-4.635761589403969,13.385826771653553,6.666666666666669,-21.739130434782602,-51.0204081632653,-51.0204081632653,-51.0204081632653,3.7874906468801,2.9815349560997895
BEXIMCO,Bangladesh Export Import Company Ltd.,22.7,0.0,-4.621848739495804,7.582938388625581,-79.38237965485922,-79.38237965485922,-79.38237965485922,-79.38237965485922,-77.91010189209659,14.751474648199848,-42.84083755316705,3.71288553341963,5.576994887650399
BGIC,Bangladesh General Insurance Company PLC,40.0,-0.7444168734491244,-5.437352245862878,-3.1476997578692427,11.731843575419003,24.610591900311523,29.44983818770227,15.942028985507246,-32.20338983050848,179.7202797202797,27.795527156549518,3.492595305857761,4.549460147554551
BIFC,Bangladesh Industrial Finance Company Ltd.,4.1,0.0,0.0,-18.000000000000007,0.0,-47.43589743589744,141.17647058823528,-8.888888888888896,-52.32558139534884,-46.753246753246756,-79.87392634760262,5.875,7.598380629096734
BNICL,Bangladesh National Insurance Company Ltd,106.9,0.6591337099811703,-8.55431993156544,-11.286307053941904,17.214912280701757,103.61904761904763,137.55555555555557,139.6860986547085,-18.892261001517454,741.732283464567,188.91891891891893,4.278905756727189,4.91439010905478
BPML,Bashundhara Paper Mill Ltd.,27.1,-0.3676470588235216,-3.214285714285709,-6.551724137931029,-3.214285714285709,-3.558718861209964,4.633204633204644,-27.34584450402144,-47.88461538461539,-82.51612903225806,-82.51612903225806,2.956483792779103,2.0093069786804825
BPPL,Baraka Patenga Power Ltd.,20.1,1.005025125628155,-1.4705882352941038,-1.951219512195115,2.030456852791889,39.58333333333334,34.89932885906041,40.55944055944057,-55.824175824175825,-36.99059561128526,-36.99059561128526,2.6388561885298607,3.153467027358362
BRACBANK,BRAC Bank PLC,62.2,-0.6389776357827454,-0.9554140127388445,-3.2659409020217645,-9.461426491994176,-8.29484992319349,13.180406744481362,0.04198189392539707,135.8981643674603,257.41216421237067,844.8417402693067,1.8421295459327771,1.2866394005009736
BSC,Bangladesh Shipping Corporation,112.3,-0.6194690265486751,-0.35492457852706805,-7.495881383855032,10.098039215686272,1.1711711711711685,0.0,-7.190082644628101,129.65235173824132,196.50165110442768,124.8690404708548,1.7875290812037719,2.2127954510562047
BSCPLC,Bangladesh Submarine Cables PLC,150.0,-0.5305039787798483,-1.8966644865925477,-5.243209096651934,5.2631578947368425,8.695652173913043,16.91348402182384,0.1335113484646119,-16.154276131917275,34.288272157564904,242.70047978067163,2.032773935904297,2.095286081896753
BSRMLTD,Bangladesh Steel Re-Rolling Mills Ltd.,99.1,0.3036437246963534,-1.9782393669634026,-4.619826756496642,12.231030577576442,23.874999999999993,29.882044560943637,8.306010928961742,3.8784067085953757,-29.422601670802102,119.8368326705619,1.8679472325375297,3.194430084900862
BSRMSTEEL,BSRM Steels Limited,91.1,1.109877913429523,-2.0430107526881782,-5.791106514994839,21.954484605087,30.890804597701152,43.46456692913385,30.142857142857135,38.030303030303024,-0.7821783170396176,61.87769255810463,2.7833444799011477,2.541190983022153
BXPHARMA,Beximco Pharmaceuticals Plc,145.3,-0.3429355281207133,0.6232686980609458,-1.2236573759347267,18.130081300813014,22.10084033613446,41.06796116504855,10.159211523881732,-27.349999999999994,94.91463395142684,230.60520767703102,1.8162135278495573,2.2543640564525322
CAPITECGBF,CAPITEC GRAMEEN BDT10 (MUTUAL FUND) Units,8.6,3.614457831325288,-17.307692307692314,-13.131313131313137,21.126760563380284,28.358208955223873,26.470588235294112,17.808219178082187,-40.277777777777786,-40.277777777777786,-40.277777777777786,6.266651614684184,5.001596374717951
CAPMBDBLMF,CAPM BDBL Mutual Fund 01 Units,7.7,1.3157894736842175,-7.228915662650609,-23.76237623762376,-31.85840707964602,-23.76237623762376,-23.76237623762376,-10.465116279069761,-39.84375,-28.703703703703706,-28.703703703703706,4.634910059960032,6.5750426374514195
CAPMIBBLMF,CAPM IBBL Islamic Mutual Fund Units,12.8,1.5873015873015959,-3.0303030303030196,-4.477611940298504,40.65934065934067,64.10256410256412,70.66666666666669,60.00000000000001,-37.56097560975609,28.000000000000007,28.000000000000007,4.3139794564025635,5.429165713639563
CENTRALINS,Central Insurance PLC,42.8,-0.6960556844547663,-2.9478458049886718,-0.23310023310023642,7.2681704260651605,11.168831168831161,5.159705159705146,-6.550218340611354,-32.171156893819344,235.93394134697616,62.564115529301716,3.0936282466554363,4.857429593184317
CENTRALPHL,Central Pharmaceuticals Ltd.,10.1,2.0202020202020132,-1.9417475728155442,-10.619469026548682,14.77272727272726,17.441860465116278,14.77272727272726,-2.8846153846153912,-48.73096446700508,-18.784493607635643,-70.48628507339677,3.0811142338723627,4.087778727799793
CITYBANK,City Bank PLC,29.7,-0.3355704697986625,-3.571428571428576,-6.309148264984227,1.0204081632653086,8.428571103285705,39.97950776358798,34.99999957045455,71.98992928430798,144.11372098350577,192.55110686100568,1.5904473343824694,1.2466214587555116
CITYGENINS,City Insurance PLC,128.1,0.7867820613690008,2.316293929712453,16.03260869565216,22.349570200573055,42.33333333333333,47.750865051903105,113.85642737896492,155.688622754491,1074.2499977493542,434.3339294689674,1.099929226162102,2.3938733615699697
CLICL,Chartered Life Insurance PLC,43.8,0.9216589861751119,0.0,-22.751322751322757,-20.072992700729927,-7.399577167019028,-21.505376344086024,-15.930902111324384,298.18181818181813,298.18181818181813,298.18181818181813,3.1345022481410343,3.483427027413853
CNATEX,C & A Textiles Ltd,3.1,0.0,-3.1250000000000027,-3.1250000000000027,-6.060606060606053,-16.216216216216218,29.166666666666675,0.0,-53.030303030303024,-56.83544308714949,-81.89952602764487,6.9479166666666625,6.762726201634635
CONFIDCEM,Confidence Cement PLC,63.4,-0.15748031496063214,-1.2461059190031218,-7.7147016011644896,2.25806451612903,0.6349206349206327,28.34008097165992,3.4257748776508996,-52.77128354743277,41.98541276178695,18.229098569646847,2.275242661168518,2.257471310892508
CONTININS,Continental Insurance PLC,33.9,-0.2941176470588277,-4.775280898876412,-3.4188034188034266,4.307692307692303,44.25531914893616,40.08264462809917,21.942446043165457,-34.68807323750712,157.12333364786062,47.645039666551526,3.3938855519551496,4.183695624568937
COPPERTECH,Coppertech Industries Ltd,23.8,0.42194092827004825,-5.55555555555555,-11.194029850746269,-17.647058823529406,32.22222222222223,25.92592592592594,4.385964912280701,-42.55172400124375,-8.161749305610986,-8.161749305610986,2.9734767217335336,3.8403503957884846
CROWNCEMNT,Crown Cement PLC,62.0,-0.3215434083601332,-4.615384615384615,-12.67605633802817,21.807465618860515,25.7606490872211,32.478632478632484,16.9811320754717,-24.665856622114216,-21.518987341772153,-23.267326732673265,3.9984941906355864,4.479071978968599
CRYSTALINS,Crystal Insurance Company Ltd,61.7,-2.063492063492059,-8.184523809523808,-12.233285917496437,-13.706293706293703,-18.278145695364234,7.304347826086961,9.203539823008853,9.115755521753298,352.4666662142001,352.4666662142001,4.065504022436173,3.4071454061970097
CVOPRL,CVO Petrochemical Refinery PLC,165.2,-0.18126888217523346,-3.1652989449003552,-6.455266138165348,2.9925187032418847,7.69230769230768,11.999999999999993,-1.0778443113772522,-2.4060151398003615,-25.858240310458243,37.91249943203446,2.181675604960007,2.478659905719204
DACCADYE,Dacca Dyeing and Manufacturing Company Limited,16.5,5.0955414012738895,1.2269938650306704,-4.624277456647403,7.843137254901956,-7.821229050279323,-14.948453608247418,-13.157894736842104,-37.96992481203008,81.31868131868133,-41.26213598315895,4.082930630084935,3.5878153209033727
DAFODILCOM,Daffodil Computers PLC.,154.9,-3.5491905354918987,-4.969325153374229,-4.969325153374229,8.701754385964916,165.69468267581476,329.08587257617734,161.6554054054054,116.94677871148458,607.3059360730595,886.6242038216562,3.036245679247832,2.8615143361318447
DBH,DBH Finance PLC,40.8,0.9900990099009866,-2.857142857142864,-5.555555555555569,7.651715039577834,8.510638297872328,16.571428571428566,4.615384615384608,-48.67192294221669,-42.56928477343939,18.971151339852923,3.002673990026736,2.496894915802898
DBH1STMF,DBH First Mutual Fund Units,5.1,1.9999999999999927,-3.773584905660381,-8.928571428571429,10.869565217391305,15.909090909090892,-21.538461538461544,-12.068965517241383,-47.42268041237113,-19.04761904761905,-31.081081081081088,3.7647058823529433,4.713812420821624
DELTALIFE,Delta Life Insurance Company Ltd.,76.0,-0.5235602094240912,-0.2624671916010536,-6.172839506172839,1.0638297872340388,8.72675250357653,12.094395280235991,-7.317073170731708,-44.32234432234432,-23.84769539078156,-97.74244908628597,1.9862568988053986,2.951360577537479
DELTASPINN,Delta Spinners Limited,7.2,1.4084507042253596,-2.702702702702705,-8.860759493670887,7.462686567164179,22.03389830508474,44.00000000000001,26.31578947368421,-40.49586776859504,13.14285685191837,-54.04460306619169,4.992273904867112,3.6321661018608573
DESCO,Dhaka Electric Supply Co. Ltd.,23.1,-0.8583690987124433,-7.228915662650591,-10.116731517509718,4.524886877828054,1.7621145374449434,12.682926829268299,-9.765625,-43.520782396088016,-58.6021505376344,-65.250716245505,5.020857671188419,3.119915940705347
DESHBANDHU,Deshbandhu Polymer Limited,18.6,-1.5873015873015723,-5.583756345177655,-18.421052631578945,-8.3743842364532,19.23076923076924,9.411764705882362,-12.676056338028166,-13.084112149532698,84.3243241582664,-14.099150823322242,2.8565643646995342,3.928185423717057
DGIC,Desh General Insurance Company Ltd,31.1,2.302631578947378,-8.529411764705879,-11.142857142857139,31.223628691983134,52.45098039215688,57.86802030456854,34.051724137931046,-38.89980353634577,107.33333333333334,107.33333333333334,4.42650224003345,4.50191679938386
DHAKABANK,Dhaka Bank PLC,11.9,-0.8333333333333304,-1.6528925619834653,-2.4590163934426146,6.250000000000011,-10.526315789473685,5.309734513274333,-0.8333333333333304,-4.09010333420923,16.351977003123658,-7.081311322786629,1.5903361344537756,1.9563715636037606
DHAKAINS,Dhaka Insurance Limited,44.4,0.680272108843531,-3.896103896103905,2.777777777777768,8.557457212713937,17.460317460317466,23.33333333333333,12.405063291139237,-45.721271393643036,197.98657718120805,-6.847058898051766,2.2880245572814055,4.5711755805419765
DOMINAGE,Dominage Steel Building Systems Ltd,63.6,0.31545741324921583,1.7600000000000022,-24.285714285714285,-17.4025974025974,74.24657534246575,120.06920415224916,263.42857142857144,123.34448212449637,380.8159991826128,380.8159991826128,1.582692700553936,4.415904119563654
DOREENPWR,Doreen Power Generations & Systems Ltd.,32.5,0.9316770186335316,1.5625,3.5031847133758007,8.333333333333334,22.180451127819545,15.248226950354612,7.260726072607259,-48.32953072437505,16.792944096230777,-18.24493914439036,2.582701669177715,3.6685398679185934
DSHGARME,Desh Garments Limited.,167.3,-1.297935103244831,-8.828337874659395,0.6013229104028863,39.649415692821385,45.478260869565226,43.728522336769764,37.695473251028815,-3.9007833886764707,61.324596319767274,1539.8995990535661,4.627164893921312,4.394995090900035
DSSL,Dragon Sweater & Spinning Ltd.,11.5,-0.8620689655172384,-4.95867768595041,-19.014084507042252,17.346938775510196,36.9047619047619,35.294117647058826,0.8771929824561372,-40.19457518148664,116.99307774911223,26.63327328897387,4.645501368099144,4.305441424873501
DULAMIACOT,Dulamia Cotton Spinning Mills Limited,189.5,0.37076271186440074,-10.949248120300755,-8.674698795180722,31.141868512110726,43.0188679245283,40.370370370370374,63.785652549697495,159.23392612859098,2569.0140845070423,1959.7826086956522,5.9031632705748605,5.248906257071779
DUTCHBANGL,Dutch-Bangla Bank PLC,45.5,-1.0869565217391304,-1.0869565217391304,-10.784313725490197,14.321608040201012,15.398551013134066,23.769430361237045,13.750000284375004,-11.061623409310995,119.71521400547714,99.06956025079124,1.9732465601867908,2.1484112078172735
EASTERNINS,Eastern Insurance PLC,60.5,-0.32948929159802776,-6.05590062111802,0.8333333333333334,11.009174311926605,19.565217391304344,20.75848303393213,10.0,-49.4991652754591,175.0,65.75342465753425,3.2070788046682823,4.4428004072527685
EASTLAND,Eastland Insurance PLC,27.9,-0.3571428571428622,-3.793103448275867,-3.793103448275867,8.984374999999988,38.80597014925372,49.19786096256684,36.76470588235294,-40.00000000000001,92.26704256495239,-21.46711342106149,2.546488890473738,3.826732492264493
EASTRNLUB,Eastern Lubricants Blenders PLC,1872.5,0.47757029405452306,-6.840796019900497,-10.824840460996294,-1.8091242789722077,20.72856221792392,12.733293196869356,3.9238534041769824,126.70989812440561,214.15514454572093,1457.6859249858433,2.1489578770942046,2.2803633206903213
EBL,Eastern Bank PLC,23.8,-0.4184100418409953,-0.8333333333333304,-2.05761316872428,-6.299212598425188,-8.869888809528469,0.4672127260612816,-4.614786333674697,-2.2654182864832033,71.19027879400728,80.04774987367155,2.1452505052653983,1.2981000321605505
EBL1STMF,EBL First Mutual Fund Units,4.0,-2.439024390243894,-9.090909090909099,-18.367346938775515,8.108108108108103,11.111111111111109,29.032258064516125,-9.090909090909099,-59.59595959595959,1.5623527147521672,-41.66044651562824,6.028562259306809,5.208830495239818
EBLNRBMF,EBL NRB Mutual Fund,3.4,0.0,-2.85714285714286,-10.526315789473683,13.33333333333333,25.925925925925913,47.82608695652175,-2.85714285714286,-50.0,-10.598085058838285,-50.511073454437025,5.677361853832447,5.5581476603148445
ECABLES,Eastern Cables Ltd.,131.6,-0.15174506828529366,-1.201201201201197,-6.000000000000004,9.484193011647246,16.460176991150437,17.395182872435328,-3.9416058394160625,-17.750000000000004,-10.086956703799084,217.20318660711146,2.3006165281921143,3.3521961930946302
EGEN,eGeneration PLC,24.0,-1.2345679012345707,-7.6923076923076925,-9.433962264150944,-8.396946564885495,17.64705882352942,21.212121212121207,-2.834008097165989,-61.47672552166934,60.0,60.0,2.653173923268154,2.3790936158127414
EHL,Eastern Housing Ltd.,91.0,0.11001100110010376,0.0,-4.109589041095896,6.933019976498245,19.736842105263158,24.31693989071038,1.1111111111111112,63.669064748201436,169.1549302105475,132.77842341431517,1.7372456935921594,2.2770981891696223
EIL,Express Insurance Ltd.,31.4,0.6410256410256387,-3.384615384615389,-4.848484848484853,12.142857142857139,16.728624535315987,11.347517730496453,-7.374631268436579,-20.906801007556684,109.33333333333331,109.33333333333331,2.9920420766137474,3.7742723846516384
EMERALDOIL,Emerald Oil Industries Ltd.,28.6,-1.0380622837370144,-6.229508196721307,6.716417910447763,34.9056603773585,70.23809523809524,98.61111111111111,48.95833333333335,-15.63421828908554,-20.954773952761283,-33.45000013693942,5.428633321980247,4.503125495246001
ENVOYTEX,Envoy Textiles Ltd.,62.0,4.7297297297297245,-0.4815409309791287,6.529209621993122,24.24849699398798,25.252525252525253,27.835051546391753,11.111111111111116,79.1907514450867,95.97151775374046,38.36948530134791,4.670537067611301,4.4271649416117995
EPGL,Energypac Power Generation PLC,18.1,0.0,-3.208556149732609,-9.499999999999993,-6.217616580310877,8.383233532934145,16.025641025641036,-24.267782426778236,-65.97744360902256,-61.075268817204304,-61.075268817204304,2.8315517282769345,3.4757745000908127
ESQUIRENIT,Esquire Knit Composite PLC,26.1,-2.973977695167276,2.755905511811035,-2.61194029850746,10.126582278481022,25.480769230769237,26.699029126213592,0.0,-31.134564643799468,-44.82029598308667,-44.82029598308667,3.7446493689261073,2.363758681111782
ETL,Evince Textiles Ltd.,12.8,0.0,-1.538461538461533,-12.925170068027201,9.401709401709414,34.736842105263165,28.000000000000007,21.90476190476191,3.225806451612906,25.095385231238833,-1.9352759183935604,4.2863324716196445,3.7405765021513497
EXIM1STMF,EXIM Bank 1st Mutual Fund 2013- Units,5.9,5.35714285714287,-11.940298507462684,-4.838709677419351,68.57142857142858,96.66666666666669,110.71428571428574,20.408163265306122,-28.91566265060241,4.616972360031006,-24.320477350102696,8.003246753246756,5.637083154246886
FAMILYTEX,Familytex (BD) Ltd.,2.5,0.0,0.0,-7.407407407407414,-13.79310344827586,-16.666666666666668,92.3076923076923,25.0,-57.6271186440678,-65.54687472620532,-92.36578232434704,6.864130434782615,7.930698670545569
FARCHEM,FAR Chemicals Industries Ltd,16.6,-1.1904761904761862,-22.7906976744186,-28.138528138528137,-11.22994652406416,19.424460431654683,14.482758620689665,-27.826086956521735,-0.5988023952095681,-4.627625821363391,-26.351333244954926,5.435224920238485,6.576449931702303
FAREASTLIF,Fareast Islami Life Insurance Company Limited,19.3,-1.025641025641022,-10.23255813953488,-14.22222222222222,-8.530805687203793,-16.08695652173913,-7.211538461538462,-34.57627118644067,-72.19020172910663,-60.8121825819784,-75.45664732507201,5.251830474402305,4.165176516134612
FBFIF,First Bangladesh Fixed Income Fund Units,3.4,0.0,-8.108108108108116,-5.555555555555561,13.33333333333333,21.428571428571434,30.769230769230763,3.030303030303033,-43.333333333333336,-32.668127304902434,-54.66980677981142,4.777310924369754,6.325907254880232
FEDERALINS,Federal Insurance PLC,27.9,-0.711743772242003,-7.615894039735101,-3.125000000000007,13.41463414634145,36.76470588235294,45.31249999999999,22.368421052631568,-34.96503496503497,177.97233378026334,44.53535649870771,2.8092696419610763,4.090805846184784
FEKDIL,Far East Knitting & Dyeing Industries PLC.,24.3,3.404255319148939,3.8461538461538556,-8.301886792452828,65.30612244897961,69.93006993006993,71.12676056338029,23.979591836734688,39.65517241379312,37.17501797339908,2.1426286451130765,3.9751342135306063,5.3589628693082485
FINEFOODS,Fine Foods Limited,472.2,-0.19023462270133884,11.60482155518789,-2.6592455163883804,-18.219605126428817,1.9870410367170601,24.1977906365071,65.6842105263158,716.9550173010381,6010.5694893147065,2963.5702544892238,4.080746574722633,4.245219216741833
FIRSTFIN,First Finance Ltd.,4.5,-2.173913043478253,-11.764705882352935,-2.173913043478253,2.2727272727272645,-28.57142857142857,80.0,73.07692307692308,-49.438202247191015,-24.695312590953943,-86.78727151660617,7.7935606060606055,8.72612712226387
FORTUNE,Fortune Shoes Ltd.,16.5,0.6097560975609843,-4.624277456647403,-14.062499999999998,18.705035971223015,17.857142857142858,18.705035971223015,0.0,-71.48706882478493,-37.12861419924033,-37.12861419924033,3.5177109692508224,3.4203560371447517
FUWANGCER,Fu-Wang Ceramic Industry Ltd.,14.2,1.4285714285714235,-4.697986577181216,-14.457831325301218,2.8985507246376705,24.561403508771917,23.47826086956521,2.8985507246376705,-42.27642276422765,29.453424222801267,-6.770314301405168,3.933874177253942,4.103326826593971
FUWANGFOOD,Fu-Wang Foods Limited,9.6,-1.0309278350515427,-13.513513513513514,-25.581395348837212,-11.111111111111121,-4.9504950495049505,-14.285714285714285,-38.46153846153846,-59.493670886075954,-3.927819818163223,-42.3755297456567,4.8233171581435865,3.8095266091193594
GBBPOWER,GBB POWER Ltd.,14.1,6.818181818181822,-6.622516556291391,63.95348837209303,60.22727272727271,69.87951807228913,120.31249999999997,116.92307692307692,-69.28104575163398,8.860294389797795,-46.62774296348141,8.357043420500172,9.653512808127132
GEMINISEA,Gemini Sea Food PLC,113.9,-0.5240174672489033,-3.146258503401351,-7.473598700243695,-0.7839721254355326,-1.810344827586202,-16.678858814923178,-41.13695090439276,27.778296958910477,-9.35495744872727,542.8448422915916,2.1891051503265433,2.60577185324788
GENEXIL,Genex Infosys PLC,35.2,-1.1235955056179736,-6.63129973474801,-11.557788944723605,27.075812274368243,37.5,30.855018587360615,39.6825396825397,-67.81020701405113,5.201118115021018,5.201118115021018,2.6161218724778035,3.425874833663383
GENNEXT,Generation Next Fashions Ltd.,3.1,0.0,3.333333333333336,3.333333333333336,0.0,-13.88888888888889,14.814814814814811,24.000000000000004,-62.650602409638566,-44.01492544750256,-86.08500008133765,3.946236559139786,5.322358936318552
GHAIL,Golden Harvest Agro Industries Ltd.,13.4,0.0,-5.633802816901401,-15.723270440251572,-6.293706293706295,21.81818181818182,25.233644859813097,-3.597122302158273,-35.57692307692307,-7.588713982875407,-63.67620387167331,2.6535451397980827,3.7118671894031823
GHCL,Global Heavy Chemicals Ltd.,21.1,-1.860465116279063,-5.381165919282508,-15.599999999999996,-2.314814814814815,12.834224598930493,6.030150753768859,-3.6529680365296677,-51.04408352668213,-44.76439790575917,-74.42424242424242,3.9266933157733694,4.322156143443474
GLDNJMF,ICB AMCL CMSF GOLDEN JUBILEE MUTUAL FUND,8.0,0.0,-8.045977011494246,-2.439024390243894,26.984126984126988,35.593220338983045,31.147540983606564,12.676056338028173,-27.272727272727273,-27.272727272727273,-27.272727272727273,5.287125656066685,5.952911389054172
GLOBALINS,Global Insurance PLC,44.1,0.9153318077803171,-4.956896551724132,-1.342281879194634,34.04255319148937,63.33333333333334,72.94117647058825,52.06896551724139,-28.05872756933115,359.03236342102247,86.18611231168317,3.715745470317332,4.742599994006677
GOLDENSON,Golden Son Limited,14.1,-1.398601398601406,-0.7042253521126736,-16.568047337278102,-17.543859649122815,33.0188679245283,39.603960396039604,15.573770491803282,-24.59893048128342,-35.90909090909091,-64.39393939393939,3.875254283779907,3.838019748092074
GP,Grameenphone Ltd.,242.5,-0.6961506961506915,-1.1011419249592125,-6.478981874276903,0.7896924355777247,-3.731639539499804,-6.730769230769231,-21.009771986970684,-33.54343655796108,-7.442748091603053,41.317016317016325,0.8490871377078031,0.9841009812216663
GPHISPAT,GPH Ispat Limited,17.3,0.0,-1.7045454545454584,-9.42408376963351,6.134969325153374,2.9761904761904763,7.4534161490683175,-16.019417475728158,-62.051336593866104,-14.673798130003092,-7.617711948145788,2.6214085085007204,2.6610035003305703
GQBALLPEN,G.Q. Ball Pen Industries Limited,569.8,0.05267778753291563,8.121442125237182,-5.064978340553163,-17.42028985507247,12.342271293375388,27.272727272727266,41.847149614139894,311.4079422382671,664.8322147651006,320.04487053473713,3.4160029521677946,4.201741758424076
GRAMEENS2,Grameen Mutual Fund One - Grameen Two Units,13.0,-0.7633587786259515,-1.5151515151515098,-2.2556390977443663,6.557377049180334,3.1746031746031775,19.266055045871557,-4.411764705882351,-29.72972972972973,17.565217579408692,-29.004566290312646,2.145238897815349,3.120699672575154
GREENDELMF,Green Delta Mutual Fund 2010 Units,4.1,0.0,-10.869565217391305,-18.000000000000007,20.588235294117638,32.25806451612902,36.66666666666666,10.810810810810795,-57.29166666666667,-31.66666666666667,-43.055555555555564,6.384966777408641,6.375435985062259
GREENDELT,Green Delta Insurance PLC,66.4,1.2195121951219685,-4.04624277456647,-2.496328928046973,14.482758620689665,22.509225092250926,23.88059701492538,24.11214953271029,-41.54929577464788,80.79802623230422,27.371193621242345,3.244019641984869,4.148630732745954
GSPFINANCE,GSP Finance Company PLC,3.7,0.0,-2.631578947368412,-13.953488372093016,2.7777777777777803,-40.32258064516129,131.25,5.71428571428572,-83.67213040518358,-59.281267310379285,-74.56313107440981,5.099573257467987,7.225821472368859
HAKKANIPUL,Hakkani Pulp & Paper Mills PLC,74.5,0.5398110661268632,-3.1209362808842727,-7.2229140722291385,-2.7415143603133085,12.030075187969924,10.044313146233378,-4.974489795918374,-10.240963855421686,43.54527938342967,300.5376344086021,2.7409690846867254,2.938419320400425
HAMI,Hami Industries PLC,151.7,-2.5690430314707773,-7.500000000000007,-2.7564102564102635,-14.245336348219343,-0.19736842105263905,40.98513011152416,45.167464114832526,-13.264722698684972,-13.264722698684972,-13.264722698684972,3.183943309027922,3.4955732651386096
HEIDELBCEM,Heidelberg Materials Bangladesh PLC,210.3,-0.7082152974504249,-3.399173174092778,-6.1160714285714235,-8.842652795838742,-7.763157894736837,-3.928734582000911,-20.939849624060148,-40.76056338028169,-60.58106841611996,-20.340909090909086,2.674759361590119,2.5334682275474574
HFL,Hamid Fabrics PLC,14.0,-0.7092198581560258,-7.284768211920528,-9.67741935483871,-16.666666666666668,79.48717948717949,115.38461538461539,59.09090909090907,-32.367149758454104,-15.662650602409643,-75.5407653320035,4.476471912642124,4.458191983124571
HRTEX,H.R. Textile Mills Ltd.,18.8,-1.570680628272255,-2.5906735751295336,-12.558139534883718,-4.568527918781719,9.302325581395358,2.73224043715847,-42.33128834355828,-72.31593041712661,-12.00000010859574,-33.39263793036062,2.938591762121177,3.3112512050095106
HWAWELLTEX,Hwa Well Textiles (BD)PLC,46.4,0.6507592190889309,-1.9027484143763185,-8.11881188118812,10.476190476190473,11.004784688995219,4.035874439461877,-8.481262327416182,6.666666666666664,49.677419354838705,15.999999999999996,2.716388708891401,3.2486644546283996
IBNSINA,BN SINA Pharmaceutical Industry PLC,313.1,0.3204101249599487,-0.7606973058637012,-2.733768251009616,0.031948881789144644,-2.763975155279496,-0.6031746031745959,0.35256410256410986,20.934723831595228,64.44545274980008,422.6980104373344,1.5315720437525697,1.2163828401102545
IBP,Indo-Bangla Pharmaceuticals Ltd.,17.3,1.7647058823529453,0.0,-14.778325123152708,14.569536423841068,29.1044776119403,54.46428571428573,31.06060606060607,-22.52608724317521,-33.962786337563614,-33.962786337563614,2.9799031721969977,4.267241173897925
ICB,Investment Corporation of Bangladesh,42.1,-0.23696682464455313,-0.47281323877067555,-9.26724137931034,-1.4051522248243593,8.226221079691525,15.34246575342466,-19.809523809523807,-65.82946837768546,-45.56854048563649,-61.509441570329365,3.126134528090621,2.7427911974181662
ICB3RDNRB,ICB AMCL Third NRB Mutual Fund 2010 Units,5.4,1.8867924528301987,-3.571428571428559,-11.475409836065563,14.893617021276599,31.70731707317075,31.70731707317075,17.391304347826104,-29.870129870129865,17.391304347826104,-23.94366197183098,4.084489060904153,5.543268758577634
ICBAGRANI1,ICB AMCL First Agrani Bank Mutual Fund Units,7.8,2.631578947368424,-3.7037037037037015,-6.024096385542179,16.41791044776119,29.999999999999996,21.87499999999999,9.859154929577468,-17.021276595744688,-9.302325581395348,-9.302325581395348,3.8938571976546674,5.552026252482013
ICBAMCL2ND,ICB AMCL Second Mutual Fund Units,7.2,2.85714285714286,-8.860759493670887,-8.860759493670887,16.129032258064516,35.84905660377359,28.571428571428584,22.03389830508474,-36.84210526315789,50.00000000000001,-5.2631578947368345,3.259697071316788,5.8809584943754505
ICBEPMF1S1,ICB Employees Provident Mutual Fund One Scheme One Units,5.8,7.407407407407398,-9.375000000000009,-7.936507936507937,-20.547945205479454,23.40425531914893,70.58823529411765,18.367346938775498,-29.268292682926823,-3.333333333333336,-30.120481927710852,7.4679754942912835,6.760249042805719
ICBIBANK,ICB Islamic Bank Limited,2.6,0.0,-3.703703703703707,-7.1428571428571335,-3.703703703703707,-35.0,8.333333333333341,-3.703703703703707,-61.764705882352935,-33.33333333333333,-65.33333333333334,4.692307692307697,4.850829352583737
ICBSONALI1,ICB AMCL Sonali Bank Ltd 1st Mutual Fund 2013- Units,5.8,3.5714285714285747,-4.918032786885243,-7.936507936507937,15.999999999999996,34.883720930232556,38.09523809523809,13.725490196078436,-36.26373626373626,-12.12121212121212,-51.666666666666664,4.617622622386692,5.749469936656182
ICICL,Islami Commercial Insurance PLC.,35.5,0.8522727272727191,-1.1142061281337008,4.411764705882353,25.88652482269504,68.24644549763032,58.48214285714287,55.70175438596491,143.15068493150685,143.15068493150685,143.15068493150685,2.9670668601404957,3.501404658875075
IDLC,IDLC Finance PLC.,43.5,-0.6849315068493086,-2.4663677130044874,-6.451612903225806,16.0,12.777778045102876,27.583799201641053,12.500000281250012,-22.647176835590546,10.824158462816193,-7.995602798946351,1.9864547616841162,2.6324990866122846
IFADAUTOS,IFAD Autos PLC,23.5,1.2931034482758652,-2.4896265560166033,-9.266409266409262,-5.24193548387097,12.440191387559814,8.29493087557604,-9.615384615384615,-55.68491626753653,-51.03301916926214,33.679857539503324,3.243464392205812,3.259912403218975
IFIC,IFIC Bank PLC,4.7,2.1739130434782727,0.0,-5.9999999999999964,6.818181818181814,-25.396825396825392,0.0,-21.66666666666666,-67.21423607982803,-27.221616069472123,-55.76382632150104,2.642512077294691,2.7707121015615277
IFIC1STMF,IFIC Bank 1st Mutual Fund Units,3.9,2.631578947368424,-9.302325581395348,-11.363636363636372,14.705882352941178,34.48275862068966,56.0,11.428571428571427,-43.478260869565226,-4.159574249895204,-39.57378050000066,6.1286792865740285,6.483816415691484
IFILISLMF1,IFIL Islamic Mutual Fund - 1 Units,5.1,-1.9230769230769333,-3.773584905660381,-8.928571428571429,18.604651162790695,27.499999999999993,49.99999999999999,18.604651162790695,-27.142857142857146,-30.136986301369866,-19.04761904761905,2.701734539969837,4.206783164528017
INDEXAGRO,Index Agro Industries Ltd,68.8,-0.14513788098694996,-5.4945054945054945,-6.52173913043478,-4.576976421636612,6.009244992295826,2.8400597907324237,-8.208386053645574,-45.314155807926575,-3.6799997592000095,-3.6799997592000095,5.566251245293419,3.7812195850116788
INTECH,Intech Ltd.,24.0,0.41841004184101016,-6.976744186046513,-9.774436090225567,-34.60490463215259,-29.824561403508778,-24.290220820189273,-16.376306620209057,-39.08629441624365,130.7401575093846,96.98799964208592,4.779353261297267,3.612785699244649
INTRACO,Intraco Refueling Station PLC,22.6,0.0,-0.4405286343612241,1.345291479820631,26.966292134831463,21.50537634408602,10.243902439024398,-11.023622047244084,0.03278645395700881,-51.394413810477424,-51.394413810477424,1.2256944444444433,3.1340500902251835
IPDC,IPDC Finance PLC,31.0,0.649350649350647,-4.615384615384615,-2.8213166144200583,73.13829830518617,63.567839561747185,70.41884854674352,75.9459463358802,-1.5802762936903598,130.43342494214141,493.05067315163626,3.6964206653548244,4.501698909366434
ISLAMIBANK,Islami Bank Bangladesh PLC,27.2,-0.7299270072992675,-1.4492753623188481,-14.733542319749215,-16.564417177914116,-35.39192399049882,-17.575757575757578,-36.74418604651163,-6.8493150684931505,-8.417508417508417,-30.418604720744185,2.3276714206916327,2.593687394723838
ISLAMICFIN,Islamic Finance & Investment PLC,11.0,0.9174311926605472,0.0,-10.569105691056915,2.8037383177570163,-4.3478260869565215,15.789473684210526,37.5,-65.18987341772151,-1.8503846291142378,-39.68259989375331,2.1977022894454055,2.8482453039705997
ISLAMIINS,Islami Insurance Bangladesh Limited,59.7,-0.4999999999999952,-3.709677419354834,-1.1589403973509864,15.250965250965264,61.35135135135136,59.20000000000001,44.20289855072465,-13.976945244956774,404.05881498072523,216.993302742846,4.093563449203664,3.2348926008756096
ISNLTD,Information Services Network Ltd.,55.8,-1.2389380530973502,-2.617801047120419,-6.8447412353923225,-9.268292682926832,-27.53246753246754,-28.82653061224491,-49.27272727272727,18.976545842217483,396.00000088177774,269.29454691829466,2.306198578321952,3.1504837090411772
ITC,IT Consultants PLC,46.3,0.8714596949891037,-1.9067796610169612,-11.977186311787081,9.976247030878849,22.81167108753314,20.259740259740255,2.660753880266066,6.436781609195395,58.619530294901324,57.598374558821,2.9363897208921665,3.317569199604391
JAMUNABANK,Jamuna Bank PLC,24.2,0.0,-0.8196721311475381,0.0,-8.67924528301887,0.8333333333333304,14.691943127962073,14.150943396226415,35.44919437791229,203.40619580050293,106.80052467549113,1.0801384268943623,1.1636304839572735
JAMUNAOIL,JAMUNA OIL PLC,176.0,0.22779043280182557,-2.2222222222222223,-3.2967032967032965,4.1420118343195265,2.028985507246377,4.0189125295508346,-7.611548556430447,-4.2437431991294945,-5.376344086021505,9.626273953327544,0.9985792465270334,1.059118894549212
JANATAINS,Janata Insurance PLC,32.8,0.0,-3.812316715542534,-5.475504322766587,-5.74712643678161,35.53719008264462,34.97942386831274,25.190839694656482,-43.14666643773725,291.1636760039118,-82.45781361423971,2.8770334751929845,3.4627512217476077
JHRML,JMI Hospital Requisite Manufacturing Ltd,47.7,-1.2422360248447089,-4.599999999999994,-4.790419161676644,-2.453987730061341,9.9078341013825,13.033175355450236,-18.461538461538456,116.81818181818184,116.81818181818184,116.81818181818184,2.3152910414367565,3.3568538649428974
JMISMDL,JMI Syringes & Medical Devices Ltd.,128.0,0.7874015748031495,-8.896797153024911,-10.049191848208018,3.9805036555645863,6.666666666666667,8.474576271186441,-19.49685534591195,-53.21687733291682,4.804334404451944,269.596601811034,4.350316750153636,3.6273831857579197
JUTESPINN,Jute Spinners Limited,215.8,-1.1904761904761878,-2.88028802880287,-1.9090909090909038,-1.998183469573105,-5.681818181818182,10.553278688524603,-1.3711151736745886,25.684333139196283,292.3636363636364,224.51127819548876,3.1779195912899554,3.6819854063324167
KARNAPHULI,Karnaphuli Insurance PLC,55.1,-1.2544802867383438,-5.163511187607573,7.8277886497064575,65.46546546546548,96.78571428571429,93.33333333333333,69.01840490797545,12.219959266802444,432.8750028046053,101.85170245486302,3.0485391272777074,4.743718118499175
KAY&QUE,Kay and Que (Bangladesh) Ltd.,391.2,-1.1622031328954074,-6.164547853202205,-9.861751152073735,-15.8890561169641,-11.312627522103838,3.6565977742448363,16.546373926134887,35.58694485014078,1425.2389993660654,1869.5477508545055,1.9025055163354907,2.479693955319758
KBPPWBIL,Khan Brothers PP Woven Bag Industries Ltd,33.8,-0.8797653958944406,-9.866666666666674,-14.430379746835449,-29.58333333333334,-34.8747591522158,-29.58333333333334,-71.35593220338983,111.24999999999999,67.0842105207012,0.9792975563321435,3.504281873549067,3.3067724776729333
KDSALTD,KDS Accessories Ltd.,45.8,-0.6507592190889464,-3.5789473684210584,-10.0196463654224,-7.287449392712553,13.930348258706452,11.43552311435522,-1.9271948608137166,-19.176470393307962,-5.755195749959695,-12.226672406163283,1.9574101075562156,2.225672165281043
KEYACOSMET,Keya Cosmetic Ltd.,5.2,0.0,-7.1428571428571335,-7.1428571428571335,10.638297872340425,-3.703703703703707,15.555555555555559,6.122448979591833,-46.93877551020408,-29.38880025033299,-66.73217287359967,6.861300075585782,4.287869445137611
KOHINOOR,Kohinoor Chemical Company (Bangladesh) PLC,532.1,0.13172751223184898,-0.9309253397877489,1.915341888527102,5.0128281034142566,4.538310412573678,6.441288257651539,6.30403185797542,73.40784299718108,306.13108057778487,1051.9114926576997,1.6069107422448996,2.2568083943152044
KPCL,Khulna Power Company Ltd.,11.4,0.0,0.0,8.571428571428575,4.587155963302752,8.571428571428575,8.571428571428575,5.555555555555552,-73.04964539007092,-79.67585091282123,-73.61322641414529,3.8841653471078197,4.3726048190547395
KPPL,Khulna Printing & Packaging Ltd,13.5,0.0,-7.534246575342464,-12.337662337662339,-19.642857142857146,-11.184210526315786,-15.625,-21.965317919075147,-16.14906832298137,46.739130434782616,-60.817941992825865,2.6650455911127926,2.9815694238383634
KTL,Kattali Textile Ltd.,12.2,-2.4000000000000057,-1.6129032258064602,3.389830508474564,29.787234042553177,32.608695652173914,5.172413793103446,-15.277777777777786,-60.77170418006431,-36.22816040374207,-36.22816040374207,4.032993525278963,4.077942975089136
LANKABAFIN,LankaBangla Finance PLC,15.4,-1.2820512820512775,-6.666666666666665,-14.444444444444441,18.461538461538463,-1.9108280254777004,25.203252032520318,-6.097560975609746,-61.97530864197531,-14.368051326713518,-46.216549364105184,2.6706358157971075,3.286395194513439
LEGACYFOOT,Legacy Footwear Ltd.,70.4,2.32558139534885,-1.262272089761559,-6.133333333333326,1.2949640287769866,30.129390018484298,29.889298892988933,-0.8450704225352033,-3.5616438356164304,174.018460415829,349.561537778983,2.9219854345326675,3.2898620944288486
LHB,LafargeHolcim Bangladesh PLC,52.9,0.0,-2.2181146025878054,-9.726962457337887,2.321083172146994,3.725490196078429,12.314225053078552,-8.950086058519798,-31.47668393782384,-31.209362808842663,627.8566346538028,1.631578236827327,1.987143856930908
LIBRAINFU,Libra Infusions Ltd.,600.1,0.2505846976277982,-3.3499758415203664,-6.263667603873793,-10.29895366218236,-4.152691263376457,-5.644654088050311,-26.995133819951334,27.662742234222836,52.417101581585094,409.5188673957823,2.7735544935072234,2.2901392008561623
LINDEBD,Linde Bangladesh Limited,687.0,-0.463633729353817,-1.4488595610385917,-5.890410958904109,5.368098159509202,-14.764267990074442,-9.486166007905139,-29.408138101109742,-50.57553956834533,-50.925066076148305,33.26867119301649,0.7973816214122891,0.9843274957475441
LOVELLO,Taufika Foods and Lovello Ice-cream PLC,52.5,-2.0522388059701515,-19.478527607361965,-25.53191489361702,-29.530201342281877,-22.794117647058822,-23.02052785923754,-42.57812485644531,71.2923731571657,304.2500005295675,304.2500005295675,8.683272629115859,4.230562432938881
LRBDL,Lub-rref (Bangladesh) Ltd,14.6,0.0,-4.575163398692817,-6.410256410256411,29.20353982300884,53.68421052631578,47.47474747474747,0.6896551724137907,-71.53996101364523,-63.95061728395062,-63.95061728395062,2.9584317430325946,3.3899167626940296
LRGLOBMF1,LR Global Bangladesh Mutual Fund One Units,4.0,2.5641025641025665,-9.090909090909099,-11.11111111111111,21.212121212121218,33.333333333333336,42.85714285714287,11.111111111111109,-52.38095238095239,-35.483870967741936,-56.521739130434774,7.825594121325834,6.000249054786287
MAGURAPLEX,Magura Multiplex PLC,84.4,-0.354191263282169,-4.632768361581914,-7.759562841530048,2.6763990267639937,1.199040767386091,0.5959475566150179,-25.177304964539,-51.74589751330451,372.2901533359092,372.2901533359092,2.8703448852715456,2.5367110283913052
MAKSONSPIN,Maksons Spinning Mills PLC,6.0,0.0,-1.6393442622950762,-9.090909090909086,7.1428571428571495,7.1428571428571495,27.6595744680851,-7.6923076923076925,-77.09923664122138,-8.695652015122876,-62.837078475474684,4.350282485875704,4.493386935405818
MALEKSPIN,Malek Spinning Mills PLC,47.5,0.635593220338977,-1.656314699792955,8.944954128440363,62.67123287671233,72.72727272727273,64.35986159169552,39.705882352941174,28.03234501347708,193.20987654320987,90.0,3.3604127779975457,3.9263960914577476
MARICO,Marico Bangladesh Limited.,2699.2,-0.38382049010924457,-1.236736187339926,-1.8115678428519528,-1.7042971595047407,-3.0773097777299103,1.737589989069387,-7.933692612047218,15.895234006011158,116.97749196141477,618.8282290279626,0.5290052124326048,0.48406638669692836
MATINSPINN,Matin Spinning PLC,61.8,1.4778325123152687,-5.648854961832066,3.171953255425707,26.380368098159504,31.489361702127656,32.90322580645161,10.357142857142852,7.6655052264808345,50.36496350364962,37.33333333333333,3.5078329379982565,3.6772913837759145
MBL1STMF,MBL 1st Mutual Fund 2010- Units,8.0,1.265822784810122,-5.882352941176471,8.108108108108103,116.21621621621621,100.0,135.2941176470588,70.2127659574468,-4.761904761904766,31.147540983606564,15.94202898550724,5.2937256242209765,5.237987617324248
MEGCONMILK,Meghna Condensed Milk Industries Ltd.,35.2,-4.087193460490464,4.451038575667655,-4.087193460490463,-20.181405895691608,23.943661971831002,144.44444444444449,97.75280898876406,47.280334728033495,388.8888888888889,270.52631578947376,6.664485590107173,4.805165964351396
MEGHNACEM,Meghna Cement Mills PLC,29.4,-0.33898305084746244,-2.9702970297029774,-5.769230769230771,-8.411214953271037,-9.538461538461542,0.34129692832763775,-39.25619834710744,-59.38642570746499,-58.26597956903478,-60.197737504694835,3.7286644786562544,3.3042331526139583
MEGHNAINS,Meghna Insurance PLC,36.4,0.0,-5.454545454545459,-10.344827586206904,17.04180064308681,33.8235294117647,29.537366548042694,35.31598513011153,230.9090909090909,230.9090909090909,230.9090909090909,3.597863301767985,4.141460428605163
MEGHNALIFE,Meghna Life Insurance PLC,54.6,-1.4440433212996338,-5.536332179930788,-11.363636363636363,-4.8780487804878,6.2256809338521455,7.480314960629931,-13.333333333333332,-32.417808491887435,41.54009773082444,-16.166708754894167,2.7683330085347104,3.765362225363844
MEGHNAPET,Meghna Pet Industries Ltd.,78.7,-0.37974683544303434,-7.629107981220657,-9.747706422018348,0.8974358974359011,205.0387596899225,261.00917431192664,206.22568093385215,150.63694267515925,1233.8983050847457,1129.6875,6.7590471333510855,5.324709498126369
MERCANBANK,Mercantile Bank PLC,6.9,-1.4285714285714235,-2.8169014084506943,-7.999999999999996,0.0,-21.590909090909093,-6.756756756756756,-29.59183673469388,-55.735849186890704,7.748898855443421,-33.30910237163067,2.3674948240165605,2.5753881443115607
MERCINS,Mercantile Islami Insurance PLC,40.4,-0.2469135802469171,-8.181818181818185,-9.82142857142857,43.262411347517734,68.33333333333333,58.4313725490196,51.87969924812029,-26.54545454545455,242.37288135593218,46.433657405286,3.186785030470636,4.323449871379793
METROSPIN,Metro Spinning Ltd.,10.6,0.0,3.9215686274509842,10.416666666666668,13.978494623655902,30.8641975308642,24.705882352941174,-6.194690265486735,-66.17021268678137,47.43636350635156,-29.466094554270864,3.9045472557955154,4.565554745688777
MHSML,Mozaffar Hossain Spinning Mills Ltd.,20.6,0.4878048780487874,-3.286384976525818,-12.340425531914889,-8.035714285714274,11.35135135135136,52.5925925925926,12.568306010928964,-17.269076305220874,33.90595402112079,-16.748157927611214,2.8172916611239693,3.3422679547360232
MIDASFIN,MIDAS Financing PLC,5.7,0.0,0.0,-4.999999999999997,1.7857142857142954,-18.571428571428566,26.66666666666667,-12.307692307692305,-72.71563981184894,-58.41691967156285,-76.83075885661488,2.9130591630591676,4.168706036489897
MIDLANDBNK,Midland Bank PLC,16.8,-1.7543859649122848,-6.6666666666666625,-9.677419354838712,13.513513513513512,-1.17647058823529,-1.7543859649122846,-12.953367875647668,92.26666595528,92.26666595528,92.26666595528,2.6966088640137578,2.7626025146929996
MIRACLEIND,Miracle Industries Limited,27.5,0.36496350364964025,-6.779661016949152,-7.7181208053691295,-3.1690140845070376,-6.462585034013601,-13.522012578616353,-7.407407407407406,-35.747663551401864,17.030073821093858,198.3809731216076,3.277318444711598,3.038541454660716
MIRAKHTER,Mir Akhter Hossain Ltd,34.5,-0.28901734104046656,-6.756756756756757,-17.067307692307693,-19.953596287703018,29.699248120300744,24.999999999999993,4.545454545454546,-63.41463414634146,-57.407407407407405,-57.407407407407405,3.1850436913895916,3.201025918799571
MITHUNKNIT,Mithun Knitting & Dyeing (CEPZ) Ltd.,14.5,0.0,-2.684563758389264,0.694444444444442,-11.042944785276077,-4.605263157894733,-0.6849315068493127,-25.641025641025642,-27.5,-75.7660166145359,-72.22646631080295,6.081181332599919,6.612018789727664
MJLBD,MJL Bangladesh PLC,90.2,-1.0964912280701753,-0.7700770077007731,-3.837953091684429,1.1210762331838564,0.22222222222222537,0.22222222222222537,-9.255533199195172,-2.906350914962328,-15.813333126795373,58.47638865898808,1.634332938350913,1.3422950389353034
MLDYEING,M.L. Dyeing & Textile Ind. PLC,13.0,-1.5151515151515098,-8.450704225352109,-23.976608187134506,32.65306122448979,54.76190476190475,54.76190476190475,24.999999999999993,-59.375,88.37000079529814,88.37000079529814,5.108336510357097,7.127437729040968
MONNOAGML,Monno Agro & General Machinery Ltd.,325.0,-0.18427518427519124,-2.6654687032045454,-6.555491661874643,-6.096503900606767,-9.722222222222221,-12.043301759133964,-17.407878017789074,-21.17771098547964,751.2401927117905,2513.4567326223455,4.2974821350285195,2.5744527099018866
MONNOCERA,Monno Ceramic Industries Limited.,83.6,-0.7125890736342144,-5.961754780652431,-11.063829787234047,-16.31631631631633,3.59355638166046,2.200488997555009,-7.82800441014334,-40.20028612303292,213.81350094269575,388.15433479974894,2.6769126584511067,2.6159444693214713
MONNOFABR,Monno Fabrics Ltd.,21.6,-1.3698630136986172,-1.8181818181818117,-6.896551724137922,-6.896551724137922,0.46511627906977404,0.9345794392523498,8.542713567839211,-8.47457627118644,-8.47457627118644,-8.47457627118644,4.2166385226360745,4.092449286363684
MONOSPOOL,Monospool Bangladesh PLC,105.4,-0.6597549481621006,-3.3027522935779765,-11.428571428571425,5.189620758483036,13.455328310010763,11.298838437170012,1.686241309603664,-27.181321971944122,120.38181729027357,120.38181729027357,2.356259711094899,2.544447299772795
MPETROLEUM,Meghna Petroleum PLC,205.9,-0.9620009620009621,-1.9523809523809497,-3.604868913857673,1.6790123456790151,3.208020050125316,6.850025947067991,-0.9143407122232943,1.9306930693069335,16.32768361581921,44.26114635255414,1.2065349084215962,0.8908714920694357
MTB,Mutual Trust Bank PLC,12.9,-1.526717557251903,-5.147058823529407,-5.147058823529407,20.40000038528001,26.420000776218814,31.559025247281426,22.58909165086637,1.593974652580544,119.08040838938568,165.58659584368428,2.267982042505801,2.2769084787645615
NAHEEACP,Nahee Aluminum Composite Panel PLC,32.2,4.207119741100337,-2.7190332326283944,-11.780821917808211,-13.90374331550801,61.000000000000014,74.05405405405406,37.60683760683763,-37.109375,-48.910122693395465,-48.910122693395465,6.528271758215368,4.029885754081161
NATLIFEINS,National Life Insurance PLC,95.4,-0.5213764337851928,-4.599999999999994,-7.468477206595527,-3.8306451612903194,-2.851323828920567,1.705756929637536,-18.461538461538456,-60.0836820083682,-23.442658227449247,-29.77084910330511,1.977210114271332,2.2982640315212044
NAVANACNG,Navana CNG Limited,20.8,-0.47846889952152094,-0.952380952380949,-9.170305676855886,-2.347417840375587,4.0000000000000036,-2.347417840375587,-9.565217391304346,-44.06829240200642,-50.2559650466842,-64.71999968298205,1.9601566530650532,2.046925443891545
NAVANAPHAR,Navana Pharmaceuticals PLC,65.6,-0.4552352048558594,-2.089552238805979,-7.865168539325855,-5.2023121387283355,13.103448275862059,25.190839694656482,2.499999999999991,148.48484848484847,148.48484848484847,148.48484848484847,2.0579078785185665,2.3510661512125313
NBL,National Bank PLC,3.5,0.0,-2.7777777777777803,-10.256410256410255,-10.256410256410255,-41.666666666666664,9.374999999999995,-2.7777777777777803,-58.333333333333336,-37.31015309016445,-67.19753777895657,3.470588235294121,3.6257180688848067
NCCBANK,National Credit and Commerce Bank PLC,15.0,0.0,-0.6622516556291367,-2.5974025974025996,-5.06329113924051,24.800057308186314,27.868911220021634,27.868911220021634,8.50450890125057,115.52813917568083,36.166061759981886,1.6812534010520543,1.7066922178447272
NCCBLMF1,NCCBL Mutual Fund-1 2012- Dividend Units,6.0,-1.6393442622950762,-4.761904761904759,-14.285714285714286,39.53488372093024,50.0,50.0,20.0,-30.232558139534877,-3.225806451612906,-50.0,7.036661255411251,6.185604831949651
NEWLINE,New Line Clothings Ltd.,6.0,-3.2258064516129057,-3.225806451612906,-10.447761194029853,15.384615384615381,3.448275862068969,50.0,-7.6923076923076925,-80.32786885245902,-75.95709997458702,-75.95709997458702,4.39617486338798,6.148638346283252
NFML,National Feed Mill Ltd,16.3,0.0,-7.386363636363639,-21.25603864734299,-6.857142857142853,12.41379310344828,15.602836879432633,56.730769230769226,-47.73650795011304,13.583339838766857,-41.56402788792167,4.020096129102976,4.54005779020693
NHFIL,National Housing Finance PLC,26.8,1.5151515151515234,-3.9426523297490963,-13.548387096774192,10.288065843621398,11.66666666666667,19.111111111111114,2.6819923371647483,-52.98245618984303,-0.2215386761389001,-12.243814398837157,3.0192580777452624,3.4355734991676385
NITOLINS,Nitol Insurance PLC,46.7,-0.42643923240937254,0.6465517241379403,33.42857142857144,49.20127795527157,66.78571428571429,66.19217081850535,62.152777777777786,-19.482758426337693,191.09164745198441,96.04566531563009,3.2598659704779007,5.213661045528623
NORTHERN,Northern Jute Manufacturing Co. Ltd.,103.4,-3.2740879326473333,-9.615384615384615,-11.62393162393162,-9.851787271142108,-17.346123101518778,21.219226260257926,-9.615384615384615,-70.19313923320841,-60.622024596084536,589.3333379288889,4.139262522706008,4.415878719235394
NORTHRNINS,Northern Islami Insurance PLC,37.5,0.8064516129032182,-5.303030303030306,-3.8461538461538463,6.418919184966218,32.57575788376187,41.63669100157374,16.15044278624011,-35.024752312809404,170.70312544581418,22.668965964169264,3.4851256580242755,4.890138243025591
NPOLYMER,National Polymer Industries PLC,31.8,0.632911392405061,-3.0487804878048674,-11.911357340720222,-3.636363636363634,14.388489208633093,19.548872180451124,-9.14285714285714,-54.57142857142858,-27.569804956360663,120.34257456904605,2.737437946622541,3.280983883027859
NRBBANK,NRB Bank PLC,6.7,1.5151515151515234,0.0,1.5151515151515234,15.51724137931035,-6.944444444444445,9.836065573770501,-26.37362637362637,-25.555555555555554,-25.555555555555554,-25.555555555555554,1.8181818181818248,3.168314363109671
NRBCBANK,NRBC Bank PLC,8.6,-1.1494252873563178,-7.5268817204301195,2.3809523809523725,17.808219178082187,28.358208955223873,68.62745098039215,30.303030303030305,-64.74078478445081,-32.37282503918234,-32.37282503918234,3.8567213719343494,4.767837302686577
NTC,National Tea Company Limited,157.7,-1.437500000000007,-1.7445482866043684,-8.896591565569038,0.9603072983354675,-6.686390532544386,-9.263521288837756,-25.613207547169814,-73.31189710610933,-71.5804649486394,-79.51948051948051,4.024904034622549,3.3062819458711545
NTLTUBES,National Tubes Limited,64.9,0.15432098765433416,-2.8443113772454964,-7.417974322396561,6.919275123558489,7.450331125827826,3.840000000000009,-21.71290711700844,-42.56637168141592,-27.741376715073528,175.42055072574735,1.7237821584765336,2.5973678944009624
NURANI,Nurani Dyeing & Sweater Ltd.,3.3,-2.941176470588238,-5.71428571428572,13.79310344827586,9.999999999999995,-2.941176470588238,64.99999999999999,13.79310344827586,-69.1588785046729,-80.49818804055565,-80.49818804055565,7.180815508021392,7.210737208729134
OAL,Olympic Accessories Ltd,6.6,0.0,-2.941176470588238,-4.347826086956532,6.451612903225797,4.761904761904759,15.789473684210515,-7.042253521126761,-57.961783439490446,-60.7705262787073,-72.65593598508019,2.9020979020979047,3.1838018704426436
OIMEX,Oimex Electrode Ltd.,15.4,0.6535947712418277,-2.531645569620255,-7.784431137724544,-3.749999999999998,12.4087591240876,0.6535947712418277,-39.130434782608695,-42.96296296296296,-69.11508438914422,-69.11508438914422,4.164502164502163,2.99137990995344
OLYMPIC,Olympic Industries PLC.,145.3,-0.06877579092159168,-0.683526999316473,-6.015523932729614,2.3960535588442604,-2.0229265003371544,5.595930232558152,-12.469879518072284,-17.443181818181813,-50.27216415208197,96.64661781586003,1.6978714763331362,1.7813987159517553
ONEBANKPLC,One Bank PLC,7.8,0.0,-2.500000000000002,-3.7037037037037015,-2.500000000000002,-3.7037037037037015,11.428571428571427,-2.500000000000002,-15.02105224872643,-15.02105224872643,-15.02105224872643,2.117218224813163,2.19102227380042
ORIONINFU,Orion Infusion Ltd.,220.1,-1.828724353256019,-6.499575191163981,-23.310104529616726,-28.724093264248708,-40.40075819117249,-35.28374007644811,-57.67307692307691,134.14893617021278,212.6420454545454,378.4782608695652,2.627490657470101,3.7537322545059038
ORIONPHARM,Orion Pharma Ltd.,26.1,0.0,-5.0909090909090855,-9.374999999999998,-3.333333333333328,-12.416107382550333,-4.044117647058815,-28.4931506849315,-62.714285714285715,-30.026809651474522,-61.804877895999994,3.1385153428056385,2.2981837025271155
PADMALIFE,Padma Islami Life Insurance Ltd.,16.5,-0.6024096385542254,-2.9411764705882355,-8.333333333333334,-5.714285714285714,-4.069767441860461,-1.1976047904191576,-23.96313364055299,-64.8936170212766,-15.021458891930218,-66.3244094623952,2.680198615824062,3.646514485843509
PADMAOIL,Padma Oil PLC,193.4,-0.616649537512841,-0.8713480266529927,-4.019851116625308,8.712759977515457,7.444444444444447,14.10029498525074,-3.685258964143429,-15.876468029578078,4.371289800323796,13.764705768588245,0.7887026821279007,0.8653773708098302
PARAMOUNT,Paramount Insurance PLC.,58.6,-0.5093378607809799,-5.636070853462158,-8.437499999999998,17.200000000000003,16.039603960396043,34.71264367816092,26.839826839826834,-34.157303370786515,732.8761622543449,345.2982079269981,3.0425591993071217,4.231799308432138
PDL,Pacific Denims Ltd.,5.5,-1.7857142857142794,-3.5087719298245643,-5.172413793103446,1.8518518518518452,10.0,19.565217391304355,-12.698412698412696,-64.39102565380834,-72.08169827049724,-72.08169827049724,3.4383116883116918,4.37897529497548
PENINSULA,The Peninsula Chittagong PLC,20.9,0.48076923076922046,-9.130434782608702,-16.400000000000006,-11.063829787234047,0.9661835748792237,14.207650273224031,81.7391304347826,-10.683760683760685,40.26845637583891,-42.249999855625,3.9920288677433784,3.3884985137438437
PEOPLESINS,Peoples Insurance PLC,59.3,-2.1452145214521523,-5.7233704292527845,-3.7337662337662407,19.797979797979792,59.40860215053762,63.36088154269973,62.46575342465752,4.03508771929824,297.986577181208,124.62121212121212,3.1822532925739204,4.209183676338669
PF1STMF,Phoenix Finance 1st Mutual Fund Units,13.6,8.799999999999997,-4.225352112676054,0.0,63.85542168674697,177.55102040816323,172.0,172.0,38.77551020408162,183.33333333333337,72.1518987341772,7.521502481258576,4.6109916514263
PHARMAID,Pharma Aids Limited.,573.9,-0.7093425605536372,-5.140495867768599,-5.499753005104558,-0.8808290155440454,7.250981125023351,16.409736308316425,-10.04702194357367,27.222345377964967,110.99264705882352,309.6359743040685,1.8977078020662814,2.4587094613785725
PHENIXINS,Phoenix Insurance PLC,48.3,-1.2269938650306778,-7.471264367816103,4.094827586206893,16.949152542372882,66.55172413793103,80.22388059701491,72.49999999999999,-29.69432314410481,146.4285714285714,7.812500000000001,3.389045824224533,4.60984655322037
PHOENIXFIN,Phoenix Finance and Investments Ltd.,3.7,0.0,-2.631578947368412,-15.909090909090912,8.823529411764714,-25.999999999999993,54.16666666666668,8.823529411764714,-88.78787878787878,-72.39597824473329,-86.43882952700521,5.720720720720714,6.877294851434327
PHPMF1,PHP First Mutual Fund Units 2010-,3.4,0.0,-8.108108108108116,-10.526315789473683,13.33333333333333,21.428571428571434,41.66666666666667,6.249999999999991,-53.42465753424658,-9.900000342379995,-39.11814328071533,5.554621848739501,5.514217788206203
PIONEERINS,Pioneer Insurance PLC,65.6,-0.4552352048558594,-6.017191977077368,-5.611510791366914,12.136752136752127,34.53125033632812,43.20166354403723,47.49464703309749,-42.970322350824766,183.2104863165573,63.713000346263215,3.3795148826483037,3.6383870974254515
PLFSL,Peoples Leasing and Financial Services Ltd.,1.9,-5.000000000000004,-5.000000000000004,-5.000000000000004,11.76470588235294,-13.636363636363647,258.49056603773585,35.714285714285715,-36.66666666666667,-72.05882352941177,-93.5294117705154,5.05847953216374,10.588329633596636
POPULAR1MF,Popular Life First Mutual Fund Units 2010-,3.5,0.0,-2.7777777777777803,-10.256410256410255,16.666666666666668,29.629629629629623,45.83333333333334,6.060606060606066,-49.275362318840585,-3.4206115288223327,-33.320531510425894,4.863891010949839,5.654591906070414
POPULARLIF,Popular Life Insurance Co. Ltd.,60.1,-1.9575856443719346,-1.9575856443719344,-0.6611570247933861,3.08747855917668,31.509846827133472,41.411764705882355,20.68273092369479,-39.292929292929294,-11.356932153392323,-46.06410224048718,2.754750862812773,3.392885244008717
POWERGRID,Power Grid Co. of Bangladesh Ltd.,37.8,1.8867924528301772,0.5319148936170099,-7.804878048780495,14.545454545454536,24.75247524752474,40.52044609665427,12.83582089552238,-33.5676625659051,-35.384615384615394,-30.386740331491715,3.326345443464635,2.923791061720545
PRAGATIINS,Pragati Insurance PLC,74.0,-1.3333333333333335,-6.329113924050633,-6.329113924050633,5.714285714285714,9.669064334299343,6.008344532792615,28.967850620402082,-1.156966945067296,334.0990427270788,86.05769674771652,3.9906493428392236,4.0701541930164495
PRAGATILIF,Pragati Life Insurance PLC,140.4,-2.7700831024930745,-10.573248407643309,-16.873889875666073,-14.815223470286204,-28.16744193229767,4.492557404100917,-7.410072036257171,53.283145323676735,185.7236515658012,112.0069499798218,4.019542887289738,3.605829555832012
PREMIERBAN,The Premier Bank PLC,5.8,0.0,0.0,1.7543859649122744,44.99999999999999,3.5714285714285747,44.99999999999999,-13.432835820895527,-53.023972738198,49.83347662408147,-20.681903474258167,2.543859649122806,3.055046240513884
PREMIERCEM,Premier Cement Mills PLC,46.8,0.21413276231262166,-8.235294117647065,-5.45454545454546,14.425427872860633,14.705882352941178,19.3877551020408,-6.400000000000006,-43.682310469314075,-53.43283582089552,-55.42857142857143,2.610940939324493,3.2008993153005645
PREMIERLEA,Premier Leasing & Finance Limited,2.2,-4.347826086956506,-4.347826086956506,-24.13793103448275,-15.384615384615381,-8.333333333333321,307.4074074074074,29.411764705882366,-82.25806451612902,-68.16531218559267,-83.76982963760439,7.374835309617913,8.464777014057828
PRIME1ICBA,Prime Bank 1st ICB AMCL Mutual Fund Units,5.7,0.0,-4.999999999999997,-12.307692307692305,23.913043478260885,32.55813953488373,32.55813953488373,14.000000000000004,-29.629629629629623,7.547169811320762,-20.833333333333332,5.160442249825192,6.2704272491635935
PRIMEBANK,Prime Bank PLC,29.0,-0.6849315068493127,-2.684563758389264,-5.228758169934645,-2.684563758389264,-6.307692088596449,5.729166930989586,7.218310127200708,35.11363613793519,117.29351216825162,2.0692226006065213,1.5437699508946148,1.1892266037085621
PRIMEFIN,Prime Finance and Investment Ltd.,3.1,0.0,-3.1250000000000027,-16.216216216216218,-3.1250000000000027,-45.614035087719294,181.8181818181818,6.896551724137938,-79.33333333333333,-58.10810810810811,-88.58895701041062,5.537634408602148,6.102424147097321
PRIMEINSUR,Prime Islami Insurance PLC,50.3,-1.757812500000011,-8.043875685557596,-0.984251968503937,34.49197860962566,64.91803278688523,68.22742474916387,37.80821917808218,-12.975778546712803,267.15328467153284,40.840000332382395,5.1934762419507905,6.676476684545093
PRIMELIFE,Prime Life Insurance Company Limited,37.2,-0.5347593582887586,-5.822784810126575,-9.70873786407767,-15.261958997722086,5.681818181818182,12.727272727272736,-17.14922048997772,-50.067114093959724,-37.99999999999999,-59.0799999373924,1.6387328638089411,4.280776641002515
PRIMETEX,Prime Textile Spining Mills Ltd.,15.4,1.3157894736842175,-3.144654088050314,-13.966480446927365,-25.96153846153846,-10.982658959537574,11.594202898550723,6.944444444444445,-38.888888888888886,-23.76237623762376,-23.76237623762376,5.111027812165723,3.717565584513131
PROGRESLIF,Progressive Life Insurance Co. Ltd.,38.6,-0.2583979328165411,-0.2583979328165411,-4.455445544554449,-5.62347188264058,-11.872146118721451,-15.350877192982455,-38.73015873015873,-66.08084358523725,1.6964566874455058,-48.405522875466716,4.469781040902208,4.44193614654119
PROVATIINS,Provati Insurance PLC,53.9,-2.3550724637681237,-4.601769911504427,-11.202635914332792,21.123595505617974,76.72131147540983,87.8048780487805,55.78034682080924,-65.81519973971305,520.3381159000513,188.58362504702885,3.187450855415198,3.7198592987474455
PTL,Paramount Textile PLC,72.4,1.68539325842697,6.158357771261001,11.55624036979969,18.883415435139586,39.23076923076924,39.768339768339786,25.043177892918838,35.09208421586568,591.6812489760922,183.37316077222428,2.097798224159389,2.1807763612858535
PUBALIBANK,Pubali Bank PLC,37.8,-1.0471204188481824,-5.500000000000007,-3.076923076923084,9.248554913294784,19.752094687958454,40.67964519734515,49.381478932355186,122.73980457865494,234.92872140429853,116.8304004646861,2.4653680739341763,2.476949336611187
PURABIGEN,Purabi General Insurance Co. Ltd.,28.9,-2.693602693602696,-7.961783439490446,-9.687500000000004,-2.0338983050847506,40.975609756097555,48.96907216494846,52.10526315789473,-42.312015712715414,278.3103710304882,-2.375978139453419,3.86914729414729,3.551087048321517
QUASEMIND,Quasem Industries Limited.,41.5,1.2195121951219512,-1.8912529550827357,-9.782608695652174,-7.572383073496657,7.792207792207792,9.73557680173469,-1.1904762845805066,-1.3633931607674747,1.3682470549418502,161.1566151620995,2.501537513197565,2.268177229380787
QUEENSOUTH,Queen South Textile Mills Ltd.,15.5,0.0,-1.2738853503184668,-12.921348314606744,13.97058823529412,24.0,30.25210084033613,6.896551724137931,-48.81619956637494,-36.16811855452018,-36.16811855452018,3.380069603599016,5.807661788016614
RAHIMAFOOD,Rahima Food Corporation Ltd.,74.3,0.2699055330634316,-11.01796407185629,-15.56818181818182,-29.23809523809524,-35.447437011294525,-53.5625,-47.96918767507004,-79.85904039034968,37.59259259259259,331.97674418604646,8.010120758650201,4.421411972746792
RAHIMTEXT,Rahim Textile Mills Ltd.,193.3,-1.7784552845528454,-3.8786673296867145,-9.799346710219318,0.31136481577582914,2.167019027484156,-9.376465072667603,2.546419098143242,-43.31378299120234,5.4811569710535775,379.26802331516404,3.122930750974637,3.6005147449020796
RAKCERAMIC,RAK Ceramics (Baneladesh) Limited,30.1,1.346801346801354,-4.44444444444444,-3.215434083601286,25.94142259414227,32.01754385964912,35.5855855855856,29.18454935622318,-33.99122807017544,-32.90868417701597,-25.015588281409524,3.2949217770646344,2.9659998462730433
RANFOUNDRY,Rangpur Foundry Limited,151.0,-1.3716525146962733,-3.94402035623409,-6.847624922887104,-10.756501182033091,2.027027027027027,5.6682995101469515,-9.52666267225884,8.633093525179856,34.94191242180518,143.5483870967742,3.7817197912577933,3.006384397006911
RDFOOD,Rangpur Dairy and Food Products Limited,23.8,3.0303030303030267,-2.857142857142854,-15.302491103202849,-19.86531986531986,18.40796019900497,19.000000000000004,-11.85185185185185,-49.97142875653429,158.862907156072,47.1014358631726,5.287166619784889,3.5132534411867464
RECKITTBEN,Reckitt Benckiser (Bangladesh) PLC,3285.3,-0.19746035603621118,-0.44545454545453994,-1.4311431143114257,0.3053155436143254,-5.548687577264755,-3.938596491228065,-3.6568914956011676,-26.53622540250447,114.43117289994129,344.5602165087957,0.3319941438481917,0.4439533073125635
REGENTTEX,Regent Textile Mills Ltd.,6.5,0.0,-2.985074626865674,-10.958904109589039,12.068965517241383,51.162790697674424,62.5,71.05263157894737,-59.375,-35.94767667008392,-74.6673060617831,8.344854070660519,6.2469422487929585
RELIANCE1,Reliance Insurance Mutual Fund Reliance One Units,12.9,-2.272727272727265,-1.526717557251903,8.403361344537815,26.47058823529413,1.5748031496063077,-17.83439490445859,-7.857142857142855,1.5748031496063077,55.42168674698794,41.758241758241766,5.245519313114422,4.351478311255472
RELIANCINS,Reliance Insurance PLC,105.8,-0.6572769953051669,-8.3982683982684,-8.950086058519798,19.01012373453317,52.890173410404614,61.77370030581038,58.14648729446934,1.828681424446575,231.34070493097627,119.09903977777007,3.7957674277296682,4.3189361185207265
RENATA,Renata PLC,460.0,-0.13026487190621422,-1.6883949561872147,-3.3816425120772995,11.11111111111111,6.927010692701072,17.346938775510203,-11.708253358925145,-62.11196647823248,-28.721200174446896,48.08316343762722,0.6372490270143542,1.0591632492000864
RENWICKJA,Renwick Janeswar and Co. (BD) Limited,767.3,0.589931830099633,-2.515563460805497,-12.608200455580869,52.81816371240787,42.09259259259259,56.97626841243861,14.351713859910577,-32.81085814360771,5.819886912150038,877.452229299363,3.947771082452097,5.252425711456566
REPUBLIC,Republic Insurance PLC,39.1,-0.25510204081633014,-4.400977995110018,4.26666666666667,18.484848484848488,29.90033222591362,42.70072992700731,13.333333333333337,-30.359046506728156,365.3383101809097,90.64368043403874,2.965931644124122,4.614610406236916
RINGSHINE,Ring Shine Textiles Ltd.,4.1,2.499999999999991,-6.818181818181833,-14.583333333333337,13.888888888888877,17.14285714285713,28.124999999999982,36.66666666666666,-72.66666666666667,-72.393333336094,-72.393333336094,4.695121951219517,6.157290527933834
ROBI,Robi Axiata PLc,30.3,-0.6557377049180304,-1.9417475728155271,-5.60747663551402,-1.6233766233766234,-1.6233766233766234,7.067137809187279,9.386281588447657,-28.873239436619716,102.0,102.0,1.3308200910146577,1.27361384406257
RSRMSTEEL,Ratanpur Steel Re-Rolling Mills Ltd,7.4,0.0,-1.3333333333333286,-3.896103896103894,-15.909090909090912,0.0,10.447761194029853,-20.430107526881724,-77.08978328173376,-77.79999989788,-83.67348557558871,2.2437368875725006,2.8852158038772036
RUNNERAUTO,Runner Automobiles PLC,48.3,0.0,-10.88560885608857,6.153846153846148,15.274463007159902,55.305466237942106,30.540540540540533,52.84810126582277,-25.692307692307697,-47.877697714233214,-47.877697714233214,4.6767454272026665,4.26300672256634
RUPALIBANK,Rupali Bank PLC,16.9,-1.7441860465116321,-5.056179775280911,-5.056179775280911,4.968944099378864,-10.106382978723415,-2.3121387283237116,-22.831050228310502,-46.29109795491463,24.96589235283192,-43.63843029051701,2.860364875701688,2.3042435590168218
RUPALIINS,Rupali Insurance Company Ltd.,28.0,-0.7092198581560258,-7.894736842105259,-6.976744186046516,6.909091155953718,31.838565320979715,37.3831779135514,20.000000274285707,-37.44680835425532,137.69900154042026,-10.660289602392753,3.3449926284362985,4.020688312548892
RUPALILIFE,Rupali Life Insurance PLC,78.4,-0.3811944091486622,-1.999999999999993,-13.37016574585635,-12.00897867564533,-2.97029702970296,-0.25445292620863696,-15.69892473118279,-3.536791618771884,192.5174275960257,-22.10929941404978,2.4017239988212573,3.142612633399089
SAFKOSPINN,Safko Spinning Mills Limited,21.5,5.91133004926108,6.435643564356439,2.380952380952381,-10.416666666666666,54.67625899280576,55.79710144927535,28.742514970059887,-31.49842272633154,105.8505128511805,8.88178178166712,4.324019682488502,4.103288042384925
SAIFPOWER,SAIF Powertec Ltd.,9.3,-1.0638297872340388,-6.060606060606057,-5.1020408163265305,52.459016393442646,45.31250000000001,86.00000000000001,50.00000000000001,-68.09708750315505,-39.95981549186473,-32.342404524476706,4.578658251519403,4.4203506396241306
SAIHAMCOT,Saiham Cotton Mills Ltd.,23.6,3.964757709251111,10.798122065727702,7.27272727272728,22.91666666666668,21.025641025641033,20.408163265306122,28.961748633879786,15.686274509803937,80.15267175572521,-8.591549373021225,4.921890947316357,4.23965953017314
SAIHAMTEX,Saiham Textile Mills Ltd.,35.2,-0.8450704225352033,12.460063897763586,52.38095238095239,92.3497267759563,79.59183673469389,103.46820809248555,112.04819277108435,44.85596707818931,173.7777783557531,50.19081267003262,4.647287807537972,4.802257421881213
SALAMCRST,S. Alam Cold Rolled Steels Limited,12.4,0.0,-4.615384615384612,-10.144927536231886,-17.88079470198675,-22.0125786163522,-16.778523489932887,-34.04255319148936,-63.74269005847954,-55.714285714285715,-73.94957983193278,2.49354838709677,4.301190103755595
SALVO,Salvo Organic Industries PLC,33.1,0.3030303030303073,-1.1940298507462643,-12.664907651715033,-13.802083333333329,9.602649006622524,9.240924092409243,2.4767801857585274,-39.15441176470588,214.59267391217628,93.34461705758598,2.0369130861617486,2.8652642998296343
SAMATALETH,Samata Leather Complex (Pvt.) Ltd.,89.9,0.33482142857144126,-7.12809917355371,-12.54863813229571,-13.806327900287624,0.0,7.023809523809531,-15.981308411214949,-0.11111111111110479,252.68461425602467,511.319998043776,4.46305135272642,4.679924678465108
SAMORITA,Samorita Hospital Ltd.,102.7,4.263959390862947,-9.43562610229277,9.13921360255049,46.71428571428572,51.02941176470589,41.26547455295736,37.852348993288594,53.59575020689643,86.07805940347816,161.6141213769848,8.16054027107106,6.609268979074235
SANDHANINS,Shandhani Life Insurance Co.Ltd,24.7,-0.8032128514056196,-11.785714285714288,-12.720848056537106,0.816326530612242,23.499999999999996,27.979274611398957,6.008583690987118,-41.60756501182033,25.23943764985678,-41.98802084666249,3.7241246511304578,2.7641603841147955
SAPORTL,Summit Alliance Port Limited,57.5,0.7005253940455316,-6.9579288025889925,7.276119402985072,26.373626373626372,21.05263157894737,36.579572446555815,91.66666666666667,91.66666666666667,48.77073145627917,172.83851401484162,3.4802325382414923,2.715704294250824
SBACBANK,SBAC Bank PLC.,6.6,-1.4925373134328437,-7.042253521126761,-17.500000000000004,11.864406779661005,-2.941176470588238,6.451612903225797,-15.384615384615387,-68.34410953643739,-36.97599990214093,-36.97599990214093,3.9634049006305387,3.89289295398844
SEAPEARL,Sea Pearl Beach Resort & Spa Ltd.,35.8,-0.8310249307479343,-7.731958762886599,-10.275689223057647,-0.27855153203343014,3.1700288184437873,8.484848484848476,-40.43261231281198,-13.73493975903615,49.166667039583324,49.166667039583324,3.3437403770274505,3.206359638227527
SEMLFBSLGF,SEML FBLSL Growth Fund Units,6.6,-1.4925373134328437,-1.4925373134328437,-14.285714285714294,22.222222222222207,24.52830188679245,34.69387755102039,24.52830188679245,-47.2,8.196721311475411,8.196721311475411,3.648018648018656,4.845378208297443
SEMLIBBLSF,SEML IBBL Shariah Fund Units,8.0,1.265822784810122,3.896103896103894,0.0,29.032258064516125,33.333333333333336,37.931034482758626,17.647058823529413,-31.034482758620687,-41.60583941605839,-41.60583941605839,2.8618756326950843,2.9552091344527707
SHAHJABANK,Shahjalal Islami Bank PLC,17.5,0.0,0.0,0.0,8.024691358024695,-4.371584699453556,6.707317073170741,-5.405405405405405,-16.935484166478368,135.36355709575793,7.571090431233522,0.9162561576354719,1.1049134699259713
SHARPIND,Sharp Industries PLC,23.9,-6.274509803921574,-35.05434782608695,-30.924855491329485,40.58823529411764,54.19354838709677,85.27131782945735,21.938775510204067,46.62576687116563,46.62576687116563,46.62576687116563,10.0688543634717,9.492366110029295
SHASHADNIM,Shasha Denims PLC,27.0,1.5037593984962352,-5.2631578947368425,-6.896551724137931,24.999999999999993,45.945945945945944,69.81132075471697,31.70731707317073,-6.250000000000002,-4.356094858332863,-19.111160064637584,4.193493525989091,3.876309524204975
SHEPHERD,Shepherd Industries PLC,14.9,-0.6666666666666643,-3.2467532467532467,-17.222222222222218,-12.352941176470587,16.406249999999996,11.194029850746269,-24.365482233502533,-17.445946276162164,-58.93394469551319,-58.93394469551319,2.967852655450339,3.794342343113019
SHURWID,Shurwid Industries Ltd,6.0,0.0,-3.225806451612906,-1.6393442622950762,-3.225806451612906,-7.6923076923076925,30.43478260869566,-1.6393442622950762,-77.35849056603773,-32.653061306955436,-80.02631586813321,4.125706214689258,4.515441669070508
SHYAMPSUG,Shyampur Sugar Mills Ltd.,300.1,-0.9897723523589573,-3.00581771170005,4.893393918210416,82.5425790754258,93.61290322580646,97.4342105263158,93.61290322580646,163.24561403508775,1969.6551724137933,3651.2500000000005,3.8145701184476994,4.978576248071931
SICL,"Sikder Insurance Co., Ltd.",38.2,4.945054945054957,-7.7294685990338055,-2.051282051282044,-5.679012345679006,81.04265402843602,106.4864864864865,74.42922374429226,41.48148148148149,41.48148148148149,41.48148148148149,5.477560514456143,4.793405916900385
SILCOPHL,Silco Pharmaceuticals Ltd.,17.3,1.1695906432748495,-7.978723404255319,-19.158878504672888,2.9761904761904763,28.148148148148152,26.27737226277373,4.848484848484853,-47.41641337386018,-28.992537390269266,-28.992537390269266,2.6142070863433116,3.7580716243987116
SILVAPHL,Silva Pharmaceuticals Ltd.,13.3,0.7575757575757683,-11.920529801324497,-21.76470588235294,3.90625,40.00000000000001,38.54166666666668,1.5267175572519165,-42.918454935622314,-63.24999990812499,-63.24999990812499,4.5287538088699,4.898493313531251
SIMTEX,Simtex Industries PLC,25.1,-0.7905138339920921,0.8032128514056339,-10.0358422939068,3.2921810699588505,13.063063063063074,11.55555555555556,27.41116751269037,3.719008264462819,39.368263661003375,-6.833270288162063,2.9231921905285674,2.9431883917652693
SINGERBD,Singer Bangladesh Limited,72.7,-0.818553888130961,-2.4161073825503316,-7.506361323155205,-10.246913580246911,-15.56329849012775,-14.470588235294114,-34.62230215827338,-60.89295320064551,-46.14814820399451,-28.358095888417335,1.44038448323513,1.8900464337792926
SINOBANGLA,Sinobangla Industries Ltd.,51.5,0.782778864970643,-1.9047619047619047,-11.815068493150683,-9.010600706713783,10.991379310344831,12.445414847161578,-3.7383177570093458,13.430497045456013,115.88384921401148,183.1399743966802,1.4500308516195957,2.3095557913588696
SIPLC,Sena Insurance PLC,152.8,1.192052980132458,6.480836236933806,24.53137734311329,88.64197530864199,163.90328151986182,186.67917448405257,205.60000000000002,219.66527196652726,219.66527196652726,219.66527196652726,4.629486937634012,6.971728253738506
SKTRIMS,SK Trims & Industries Ltd.,13.8,0.0,-1.4285714285714235,-10.967741935483867,12.195121951219512,56.81818181818181,68.29268292682929,45.26315789473685,-67.52941176470588,-62.89333340853618,-62.89333340853618,5.134335590979335,4.488997566395995
SONALIANSH,Sonali Aansh Industries Limited.,214.0,-2.4612579762989997,-1.6091954022988506,1.1820330969267139,10.423116615067073,30.091185410334347,11.226611226611224,-6.591008293321692,243.08617234468937,1018.9542483660131,1485.1851851851852,3.570650568794869,3.342405833403072
SONALILIFE,Sonali Life Insurance PLC,85.9,-0.5787037037037037,1.2971698113207648,2.505966587112182,7.914572864321623,45.59322033898306,41.05090311986865,14.686248331108143,22.017045454545453,680.909090909091,680.909090909091,2.0733242371608247,3.009703966740368
SONALIPAPR,Sonali Paper & Board Mills Ltd.,229.2,-0.21767522855899,-2.0931225971806944,-3.9798910766652704,2.0480854853072104,-1.8415417558886558,-3.0866807610993705,-19.295774647887328,11.344180238272449,51.86025644761165,51.86025644761165,1.797267671965474,2.7334789171191907
SONARBAINS,Sonar Bangla Insurance Ltd.,34.6,-1.7045454545454586,-9.186351706036746,-14.567901234567898,-19.80132431210912,34.05904089958266,43.59683827385837,25.27586238215517,-55.12176447948485,270.65682477240284,66.22532920956478,4.44231729444876,4.2210986439400795
SONARGAON,Sonargaon Textiles Limited.,101.0,-2.036857419980596,-9.417040358744394,-6.307977736549163,100.0,139.33649289099526,224.75884244372992,160.30927835051548,267.27272727272725,1162.5,441.0714299241071,4.495202213237089,5.869570501770622
SOUTHEASTB,Southeast Bank PLC,11.4,0.0,1.7857142857142954,8.571428571428575,20.77227718228371,27.06249995499871,34.04395599976575,32.58695638482868,-16.841871967368046,11.893771288642691,-4.201717059515866,2.53761702600198,3.7211125641916496
SPCERAMICS,Shinepukur Ceramics PLC,18.8,-1.570680628272255,-9.17874396135265,-17.90393013100436,-22.633744855967077,2.73224043715847,28.767123287671243,-10.047846889952142,-49.05149051490515,118.60465116279072,-17.164751199060497,3.2282079105782704,3.5996659897594743
SPCL,Shahjibazar Power Co Ltd,53.2,2.1113243761996188,0.18832391713747912,-6.9930069930069925,-4.316546762589925,13.191489361702132,12.000000000000005,4.724409448818909,-51.93049514637262,-57.678728274028515,104.87727569094753,2.6624084576870977,2.487561651177659
SQUARETEXT,Square Textiles PLC,49.3,0.6122448979591778,-3.1434184675835,-3.333333333333339,6.249999999999997,3.1380753138075317,1.6494845360824684,-14.260869565217396,3.7894736842105203,-15.600543055346208,-35.39544921356104,2.403506230078239,2.387595112993327
SQURPHARMA,Square Pharmaceuticals PLC,216.9,-0.04608294930875314,-0.5957836846929345,-0.9136592051164916,2.0705882352941205,-0.7322654462242537,8.994974874371861,-2.735426008968607,-4.951796669588073,16.351418138874724,107.211866714499,0.5142787086464773,0.581877552265923
SSSTEEL,S.S. Steel Ltd,6.5,1.5624999999999944,0.0,-10.958904109589039,30.0,32.65306122448979,58.53658536585367,20.370370370370363,-70.50420180509992,-82.56232020457719,-82.56232020457719,3.705357142857136,3.915452285265757
STANCERAM,Standard Ceramic Industries Ltd.,65.8,-5.187319884726237,-9.986320109439122,-8.484005563282349,-6.930693069306939,1.0752688172043054,-6.13409415121255,-19.853836784409257,-72.11864406779661,25.33333333333333,168.57142857142858,4.727734438368813,4.457123253987346
STANDARINS,Standard Insurance PLC,47.9,-0.6224066390041582,-4.771371769383696,-6.078431372549022,-0.6224066390041582,28.763440860215038,22.506393861892576,14.047619047619046,-50.87179487179487,423.36111722385,83.51877742962786,3.4678577665019383,3.7349668801660147
STANDBANKL,Standard Islami Bank PLC,4.6,0.0,-2.127659574468096,-9.803921568627452,4.545454545454529,-34.28571428571429,-4.1666666666666705,-28.125000000000007,-51.67125054874275,-21.186666862649158,-49.220973902289536,2.53140096618358,3.12727822397182
STYLECRAFT,Stylecraft Limited,54.2,-0.9140767824497258,-4.070796460176986,-7.350427350427346,5.242718446601947,11.065573770491815,14.83050847457627,-33.98294762484774,-71.33791644632468,3.1107006319354125,120.6901608137564,3.003582983163009,2.614725625348167
SUMITPOWER,Summit Power Ltd.,15.6,-0.6369426751592334,-0.6369426751592334,-8.23529411764706,11.428571428571427,9.090909090909083,25.80645161290322,1.298701298701294,-66.73773987206822,-51.401869158878505,-66.02191785592812,2.968666374738479,2.813632978735784
SUNLIFEINS,Sunlife Insurance Co. Ltd.,51.3,-0.5813953488372176,-10.627177700348435,-27.3371104815864,-24.890190336749637,9.14893617021276,-2.656546489563578,-7.400722021660652,40.547945205479444,200.7241370392319,-44.534440390324455,4.332119304401775,5.720549158216578
TAKAFULINS,Takaful Islami Insurance PLC,48.4,0.0,0.41493775933609073,-9.701492537313436,39.08045977011495,55.62700964630224,42.35294117647058,41.10787172011663,-20.655737704918035,296.5371644916769,57.631901365201394,5.807592961487382,4.1435617592810585
TALLUSPIN,Tallu Spinning Mills Limited,7.7,1.3157894736842175,-4.938271604938265,-7.228915662650609,-9.411764705882351,-4.938271604938265,22.22222222222223,30.50847457627118,-38.4,-45.39007092198582,-66.52173915954631,2.7575187969924833,3.6368963868282305
TAMIJTEX,Tamijuddin Textile Mills PLC,119.1,-2.3770491803278735,-7.6744186046511675,-9.909228441754914,-3.951612903225811,4.93392070484581,-5.476190476190481,-3.3849558519624345,15.427312665496471,803.5172401330797,803.5172401330797,3.2772931214791696,2.900428552692403
TECHNODRUG,Techno Drugs Ltd.,42.4,-0.702576112412188,-5.9866962305986755,-10.548523206751055,-4.504504504504505,43.72881355932203,45.205479452054796,9.278350515463922,60.60606060606061,60.60606060606061,60.60606060606061,3.271580220964629,3.5438183879174576
TILIL,Trust Islami Life Insurance Ltd.,44.6,-0.44642857142856196,-3.0434782608695623,-15.37001897533207,-5.106382978723401,3.720930232558143,0.45045045045045684,-47.3435655253837,305.45454545454544,305.45454545454544,305.45454545454544,2.608733668525665,3.57196873844939
TITASGAS,Titas Gas Transmission and Distribution PLC,18.0,0.5586592178771029,-1.098901098901095,-12.621359223300976,9.756097560975618,8.433734939759027,15.384615384615387,-22.41379310344827,-59.36794582392776,-61.53846153846153,-71.78683385579937,2.1219268892093135,2.394697213124417
TOSRIFA,Tosrifa Industries PLC,21.0,1.4492753623188441,-1.8691588785046664,-11.392405063291138,8.24742268041238,26.506024096385534,23.529411764705884,2.4390243902439024,8.165828735350752,14.727157164146949,-51.633325107006435,3.474783117130348,3.6202337009718906
TRUSTB1MF,Trust Bank 1st Mutual Fund Units,3.5,0.0,-5.40540540540541,-7.894736842105259,12.90322580645161,25.000000000000007,45.83333333333334,0.0,-52.70270270270271,-7.108510855980181,-46.41850043033981,5.470588235294123,5.438215313669449
TRUSTBANK,Trust Bank PLC,14.7,-0.6756756756756852,-2.6490066225165587,-5.769230769230771,-5.306748260023903,-16.11413022506794,-11.293103226508618,-19.188481495576465,-30.793443123164423,47.89861720829586,54.86914241208175,1.6297434518385676,1.6647466383045724
TUNGHAI,Tung Hai Knitting & Dyeing Ltd,4.3,-4.444444444444448,-15.68627450980392,48.275862068965516,38.709677419354826,19.444444444444436,168.75,71.99999999999999,-41.891891891891895,-54.51923079546968,-82.65666670181581,9.785898855666293,8.477038432798619
UCB,United Commercial Bank PLC,9.2,0.0,-1.0752688172043163,-6.122448979591851,3.3707865168539204,-6.122448979591851,-12.380952380952387,-6.122448979591851,-33.18982008030894,-19.934818448345524,-27.450723967884947,2.537240537240547,2.4918845214698817
UNILEVERCL,Unilever Consumer Care Limited,1976.7,-1.2735990410548397,-1.7056190949776209,-3.3162142333088753,-3.575609756097559,-8.137373361836609,-8.486111111111109,-19.80933062880324,12.954285714285716,100.93519695044472,491.1626168224299,1.4617727196055785,0.6523948622337827
UNIONCAP,Union Capital Limited,4.5,0.0,0.0,-10.0,0.0,-34.78260869565218,60.71428571428573,2.2727272727272645,-63.70967741935484,-48.99649510374797,-76.20988744959607,3.712121212121203,4.380667756186804
UNIONINS,Union Insurance PLC,46.9,-1.0548523206751055,-6.759443339960237,-11.174242424242422,24.07407407407408,36.33720930232558,27.44565217391305,25.066666666666663,326.3636363636364,326.3636363636364,326.3636363636364,3.181911635369982,4.596997614780189
UNIQUEHRL,Unique Hotel & Resorts PLC,43.0,0.7025761124121713,-0.4629629629629695,-4.444444444444445,10.539845758354758,14.973262032085564,12.271540469973898,-3.3707865168539324,-4.444444444444445,-0.2320185614849221,-66.06156274664562,2.3231147290899017,2.485132353814379
UNITEDFIN,United Finance PLC,16.9,1.1976047904191574,-5.5865921787709505,-4.51977401129944,36.290322580645146,34.12698412698412,45.68965517241379,29.007633587786252,-34.24124513618678,-1.416666190180566,-27.507966020929878,3.285711589833048,4.206163035362348
UNITEDINS,United Insurance Company Limited,59.8,-0.49916805324459945,-5.974842767295605,4.728546409807348,42.38095238095237,48.38709677419355,43.0622009569378,35.90909090909091,-16.246498599439786,190.63348772349593,56.634626819759156,3.6245052154388278,5.406415337904365
UPGDCL,United Power Generation & Distribution Co. Ltd.,117.0,0.1712328767123312,-2.5811823480432925,-7.509881422924901,-0.5947323704333074,-8.45070422535211,0.7751937984496173,-21.26514131897712,-59.79381443298969,35.02341054587594,109.75473468691112,1.737486702615458,2.3526249076467636
USMANIAGL,Usmania Glass Sheet Factory Limited,61.0,1.6666666666666667,-6.153846153846154,-6.153846153846154,61.80371352785144,70.86834733893555,79.41176470588235,59.685863874345536,-15.159944367176639,-27.63725511557277,25.78887274898049,4.464086935712747,5.702668486358004
UTTARABANK,Uttara Bank PLC,20.8,-0.47846889952152094,-1.421800947867302,-2.8037383177569994,-1.886792452830182,4.838709677419359,13.537117903930135,22.641509433962263,56.09711172050774,140.43548090439737,60.50178525016851,1.0339005483456347,1.0806298605922426
UTTARAFIN,Uttara Finance and Investments Limited,12.6,1.6129032258064457,-3.0769230769230798,-9.352517985611515,-0.7874015748031469,-3.0769230769230798,27.272727272727266,-13.698630136986301,-72.72727272727272,-75.6801469980239,-82.18727047516049,3.1891754464467312,2.645803467321911
VAMLRBBF,Vanguard AML Rupali Bank Balanced Fund Units,8.0,0.0,-1.2345679012345636,-2.439024390243894,33.333333333333336,29.032258064516125,40.35087719298245,37.931034482758626,-11.11111111111111,-27.272727272727273,-27.272727272727273,1.1954113924050596,2.421287052417402
VFSTDL,VFS Thread Dyeing Ltd.,14.1,-0.7042253521126736,-4.081632653061222,-18.4971098265896,-13.496932515337429,27.027027027027028,10.156249999999991,76.25,-46.93548374829171,-40.47912438196546,-40.47912438196546,4.434252838386435,4.548799153263877
WALTONHIL,Walton Hi-Tech Industries PLC,398.1,-0.2505637684790779,2.4974253347065,1.5561224489795977,9.669421487603312,0.9125475285171161,4.763157894736848,-3.6925446318645476,-68.40476193635715,15.84920623335715,15.84920623335715,2.832801697115803,1.4535156428318368
WATACHEM,Wata Chemicals Ltd.,135.6,-0.44052863436122935,-3.142857142857147,-3.4188034188034266,-2.375809935205192,5.116279069767438,-4.5070422535211305,-16.296296296296298,-56.81528662420382,34.51598858007468,542.6875002711338,3.690197185159097,3.0847460914660414
WMSHIPYARD,Western Marine Shipyard Limited,9.0,-1.098901098901095,-6.2499999999999964,-10.0,3.448275862068974,11.111111111111114,9.756097560975618,8.433734939759027,-45.12195121951219,-33.82288613129019,-73.8600400497297,3.421199044672422,3.272978421337812
YPL,Yeakin Polymer Ltd.,22.3,-3.463203463203466,-2.1929824561403506,-11.155378486055778,-17.407407407407405,39.37500000000001,25.988700564971758,10.396039603960403,39.37500000000001,-11.004297892987802,-11.004297892987802,3.722744483614053,4.2115306274318245
ZAHEENSPIN,Zaheen Spinning PLC,5.6,-1.75438596491229,-3.448275862068969,-1.75438596491229,-1.75438596491229,5.660377358490563,39.99999999999999,-22.22222222222223,-52.54237288135594,-55.459880303057304,-60.6519222959867,6.55092592592593,5.889161033281381
ZAHINTEX,Zahintex Industries Ltd.,7.9,-4.819277108433739,-8.139534883720922,-11.235955056179774,-3.658536585365841,14.492753623188404,36.20689655172415,36.20689655172415,-26.851851851851855,-54.218536835042315,-66.6976776346855,7.235904330818313,4.379056950809983
ZEALBANGLA,Zeal Bangla Sugar Milla Limited,180.7,0.6124721603563443,-6.5183652353854225,-14.764150943396231,43.98406374501991,36.06927710843372,26.363636363636356,100.77777777777776,1.6882386043894204,950.5813953488373,1977.0114942528737,7.301178514236855,6.792670514700295
