Symbol,Name,Price,Change %,Perf % 1W,Perf % 1M,Perf % 3M,Perf % 6M,Perf % YTD,Perf % 1Y,Perf % 5Y,Perf % 10Y,Perf % All Time,Volatility 1W,Volatility 1M
1JANATAMF,First Janata Bank Mutual Fund Units,4.1,5.1282051282051215,2.499999999999991,28.124999999999982,32.25806451612902,70.83333333333333,57.692307692307665,17.14285714285713,-53.40909090909092,-6.2627455516540245,-24.587718435651098,6.948517343254183,5.967777393823534
1STPRIMFMF,Prime Finance First Mutual Fund 2009 Units,25.7,6.639004149377584,4.897959183673467,3.6290322580645102,32.47422680412372,32.47422680412372,28.499999999999993,12.227074235807864,23.557692307692303,213.41463414634148,-16.013071895424844,5.2599319076174975,4.449740147759055
AAMRANET,aamra networks ltd,21.4,3.883495145631054,5.4187192118226495,3.883495145631054,30.487804878048784,34.591194968553445,20.224719101123583,16.304347826086957,-42.299035929002805,-64.47868901254533,-64.47868901254533,2.5071994901418573,3.358402284515273
AAMRATECH,Aamra Technologies Limited,21.6,8.000000000000007,22.727272727272727,27.05882352941177,64.88549618320613,89.47368421052633,75.60975609756098,67.44186046511629,-26.61538490421893,-1.0666668160437796,-26.54200015877334,5.791429681014575,4.827811424741904
ABB1STMF,AB Bank 1st Mutual Fund 2011 Units,4.3,7.499999999999996,4.878048780487809,30.303030303030305,34.374999999999986,65.38461538461537,59.259259259259245,13.157894736842106,-45.569620253164565,-0.6184006154503693,-35.858304682307065,7.979419703103911,6.773906481170964
ABBANK,AB Bank PLC,5.0,0.0,0.0,0.0,6.382978723404252,6.382978723404252,21.95121951219513,-28.571428571428573,-60.396948356757306,-61.62161577690488,-78.27377530164324,3.632653061224483,3.443618399740846
ACFL,Aman Cotton Fibrous PLC,24.3,0.0,5.194805194805191,1.2500000000000029,32.065217391304365,35.00000000000001,35.00000000000001,15.714285714285717,-50.30674846625767,-59.50000000000001,-59.50000000000001,3.407896820725747,3.586366477276716
ACI,Advanced Chemical Industries PLC,200.6,0.19980019980020267,-0.2486325211337643,-2.146341463414637,6.362672322375398,-2.762966553562781,2.8717948717948687,2.9774127310061513,-14.709683141889897,-22.52890732600929,222.11547159199682,1.6424283001230675,2.1592871474956983
ACIFORMULA,ACI Formulations PLC,176.5,2.5566531086577604,0.8571428571428571,14.31347150259067,25.80185317177476,30.934718100890198,36.82170542635659,30.450849963045076,17.74142342014771,14.186691594157542,155.97375754601174,3.5806033707933422,4.006256553270557
ACMELAB,ACME Laboratories Ltd.,84.0,0.4784688995215379,1.2048192771084338,1.6949152542372952,11.11111111111112,11.258278145695364,17.81206171107995,6.46387832699619,10.091743119266058,-26.18629173989455,-37.77777777777778,1.6166001715806675,2.2665450094349957
ACMEPL,ACME Pesticides Ltd,24.3,1.6736401673640255,8.968609865470851,4.741379310344834,-1.619433198380561,46.38554216867469,52.83018867924528,58.8235294117647,120.9090909090909,120.9090909090909,120.9090909090909,4.672544213065391,3.4031122802908387
ACTIVEFINE,Active Fine Chemicals Ltd.,7.0,1.4492753623188355,4.477611940298504,0.0,4.477611940298504,25.000000000000007,29.629629629629623,-21.348314606741575,-72.76264591439688,-70.83333324826388,-76.26086939842419,3.538711927458728,3.6399144047920644
ADNTEL,ADN Telecom Ltd.,67.7,0.744047619047619,0.8941877794336939,-1.5988372093023173,10.440456769983697,5.124223602484467,16.92573402417963,-12.077922077922075,23.54014598540147,67.16049382716051,67.16049382716051,2.151477049058327,2.724688575841502
ADVENT,Advent Pharma Ltd.,16.1,1.2578616352201324,3.2051282051282164,-1.2269938650306704,18.382352941176485,13.380281690140862,20.14925373134329,0.6250000000000089,-38.9516730485488,-56.28463627663676,-56.28463627663676,2.445448203021713,2.2578611465704923
AFCAGRO,AFC Agro Biotech Ltd.,7.2,0.0,0.0,-12.195121951219503,9.0909090909091,35.84905660377359,44.00000000000001,-14.285714285714286,-78.82352941176471,-77.0707691405339,-68.57739996771957,3.4105370876886383,4.404702500052476
AFTABAUTO,Aftab Automobiles Ltd.,30.6,-0.3257328990227944,0.6578947368421146,-2.5477707006369337,12.500000000000009,-0.649350649350647,-10.526315789473687,-15.46961325966851,8.47749249996544,-29.715624651323612,-55.01799963344168,2.7079030426193023,2.733959427898819
AGNISYSL,Agni Systems PLC,32.8,0.9230769230769144,0.6134969325153243,8.25082508250824,37.238493723849366,56.93779904306219,57.692307692307665,24.24242424242424,31.199999999999992,109.7795595327918,76.97928083595124,3.8254909915416264,4.089430829958817
AGRANINS,Agrani Insurance PLC,31.0,2.310231023102308,8.013937282229968,16.54135338345864,38.39285714285715,28.630705394190866,30.25210084033613,13.97058823529412,-33.756314833946085,260.2236047821083,87.89728129859901,4.053296627476952,4.514769340850557
AIBL1STIMF,AIBL 1st ISLAMIC Mutual Fund 2010- Units,6.8,4.615384615384613,3.030303030303033,58.139534883720934,74.35897435897436,94.28571428571429,100.0,17.24137931034483,-29.896907216494842,-4.225352112676054,-11.68831168831169,9.084199850328881,7.7916200294483335
AIL,Alif Industries Ltd.,38.0,0.2638522427440671,2.7027027027027026,12.42603550295859,16.923076923076923,41.263940520446106,-6.633906633906641,-21.81069958847737,8.571428447346928,-65.59538471313607,-65.59538471313607,2.7516102798861475,3.6025675782315214
AL-HAJTEX,Alhaj Textile Mills Limited,102.0,0.2949852507374603,0.0,-1.4492753623188406,-0.970873786407767,-22.137404580152673,-25.655976676384835,-24.500370090636586,119.82758615951991,48.21178994632282,340.5256619450563,2.8056349657199453,3.983268569603616
ALARABANK,Al-Arafah Islami Bank PLC,16.4,-4.093567251462005,-5.74712643678161,6.493506493506482,17.14285714285713,-3.5294117647058907,9.333333333333323,-7.344632768361586,-21.865198347945398,40.71035970894342,-8.346711979620093,2.890010805367014,3.1113962061885214
ALIF,Alif Manufacturing Company Ltd.,5.6,0.0,1.8181818181818117,1.8181818181818117,-3.448275862068969,43.589743589743584,39.99999999999999,-6.666666666666672,-60.563380281690144,-33.82661378144785,-66.83850212678662,3.2667147667147676,3.8672970236312554
ALLTEX,Alltex Industries Limited,21.4,4.901960784313726,10.309278350515465,22.285714285714278,42.66666666666666,55.072463768115924,59.70149253731341,87.71929824561401,41.721854304635755,15.67567567567567,180.049381761807,3.5666403515358955,3.838832662883536
AMANFEED,Aman Feed PLC,37.9,-0.5249343832021072,-0.26315789473684587,10.818713450292384,40.89219330855019,55.32786885245902,64.78260869565216,52.208835341365464,-50.65104166666667,-35.608938807210535,13.01862808484335,2.9117284654234377,3.6920667572214176
AMBEEPHA,Ambee Pharmaceuticals PLC,809.0,-0.4920049200492005,0.8728179551122195,7.138127400344323,6.167979002624672,6.5174456879526,12.36111111111111,-1.9869154349406322,90.80188679245283,147.62779308233854,332.813198340618,1.604668203280794,2.230283757919838
AMCLPRAN,Agricultural Marketing Co. Ltd.,227.0,0.26501766784452047,-1.6464471403812873,2.0683453237410045,7.531975367124588,6.823529411764706,12.209589718240233,2.575689109805688,12.04343534057256,9.450337512054,84.55284552845528,2.8850537355798327,2.7870183842970335
ANLIMAYARN,Anlima Yarn Dyeing Ltd.,34.1,0.0,1.1869436201780372,4.923076923076928,75.77319587628868,82.35294117647061,63.94230769230769,53.60360360360362,-13.670886075949364,0.5899705014749347,70.50000000000001,4.170079720843808,4.581534185589805
ANWARGALV,Anwar Galvanizing Ltd.,112.9,-0.17683465959327024,0.6238859180035676,-3.83304940374787,13.695871097683796,18.8421052631579,30.369515011547357,59.915014164305965,-33.304890588565456,228.73823312541222,1297.1374914949258,1.969320811715234,2.7646801935614755
AOL,Associated Oxygen Ltd,17.6,-0.5649717514124173,1.1494252873563382,-2.762430939226519,10.000000000000009,25.714285714285722,15.789473684210542,12.820512820512832,-64.46792455672754,35.590399264774625,35.590399264774625,1.9608676864575216,2.41454294623055
APEXFOODS,Apex Foods Limited,281.3,0.07114905727498706,0.860523485120127,-0.4600141542816742,1.552346570397116,8.192307692307695,14.442636289666394,25.636444841447076,98.51799576570221,127.77327935222674,292.8770949720671,1.7284998364462547,3.1634477543820836
APEXFOOT,Apex Footwear Ltd.,218.1,0.1837390904915047,1.0658016682112987,5.362318840579708,12.24909933093154,15.702917771883287,21.639709983268254,21.220542463317038,67.10836340385825,13.73345330264083,63.66283013650654,1.464150667198154,2.2210540876073392
APEXSPINN,Apex Spinning and Knitting Mills Ltd.,365.0,-1.164365014893044,-5.4404145077720205,-9.429280397022332,1.3888888888888888,57.327586206896555,102.77777777777777,157.04225352112675,191.5335463258786,285.42766631467794,421.42857142857144,2.284450086402036,4.426826794936861
APEXTANRY,Apex Tannery Limited.,105.2,2.0368574199806098,1.1538461538461566,-0.5671077504725844,11.67728237791932,46.518105849582184,76.51006711409396,43.3242506811989,-7.394366197183091,-30.238726790450933,43.912448700410415,2.5468716683914416,3.986615282308999
APOLOISPAT,Appollo Ispat Complex Ltd.,3.3,0.0,3.124999999999989,0.0,-2.941176470588238,83.33333333333331,94.11764705882354,-2.941176470588238,-70.0,-73.11901976032506,-86.45198591382432,6.252443792766367,6.332995405749855
ARAMIT,Aramit Limited,209.0,-0.23866348448687352,-0.47619047619047616,-1.8318459370596551,22.079439252336456,22.580645161290324,15.024766097963683,2.955665024630542,-34.70790378006873,-51.395348837209305,-1.4150943396226414,3.4342408106613207,4.639077507101831
ARAMITCEM,Aramit Cement Limited,12.4,0.0,-0.7999999999999972,3.333333333333336,18.0952380952381,8.771929824561402,40.9090909090909,-8.148148148148145,-78.01418439716312,-64.87252124645893,-65.68913034443987,4.135754661720741,5.003746042898663
ARGONDENIM,Argon Denims Ltd.,25.8,0.7812499999999972,23.444976076555037,29.000000000000007,50.87719298245613,51.76470588235295,46.59090909090908,46.59090909090908,0.46291492741917034,64.00176866118248,-33.0872781031304,5.550586363837214,4.1143127577615815
ASIAINS,Asia Insurance PLC,43.8,1.6241299303944219,4.285714285714279,-0.454545454545461,11.734693877551004,14.65968586387433,59.272727272727266,54.7703180212014,-55.53299492385787,259.016393442623,32.536023366042805,3.02442806073013,3.561895137669886
ASIAPACINS,Asia Pacific General Insurance PLC,51.2,6.224066390041493,17.701149425287362,11.546840958605674,27.047146401985124,27.047146401985124,62.025316455696206,46.70487106017193,-28.39160839160839,273.7226277372263,51.03244837758113,3.904058370232394,4.125684848622893
ASIATICLAB,Asiatic Laboratories Ltd,123.9,-0.080645161290318,0.16168148746968702,-4.471858134155731,15.255813953488376,84.92537313432837,157.05394190871368,172.30769230769232,116.23036649214662,116.23036649214662,116.23036649214662,3.5897351724805566,4.1364408754782644
ATLASBANG,Atlas Bangladesh Limited,97.0,4.864864864864865,3.6324786324786387,35.47486033519554,32.1525885558583,80.29739776951673,71.0758377425044,60.33057851239669,-20.94539527302364,0.11251020608983973,-13.764408440223992,5.086319514105856,6.504947924473637
AZIZPIPES,Aziz Pipes Limited.,76.0,0.7957559681697537,0.0,-3.9190897597977177,23.577235772357724,80.52256532066508,62.393162393162406,42.32209737827716,-25.049309664694285,82.53008434311228,388.77500356989043,3.74958163406248,4.380060003075884
BANGAS,Bangas Limited,137.0,-0.14577259475217832,0.7352941176470589,0.7352941176470589,3.16265060240963,5.384615384615385,5.061349693251529,29.61210974456007,9.863672814755411,-12.932894780925551,-2.2898693696296206,1.7460062169562591,2.5738811194760913
BANKASIA,Bank Asia PLC,18.1,0.5555555555555635,-1.6304347826086802,-1.092896174863384,-2.779703384205217,-4.202439447301421,6.730977792761421,2.283853730628479,11.352319032101333,80.8855002019142,55.7065801372798,1.1068139963167503,1.9795836101635296
BARKAPOWER,Baraka Power Ltd.,9.4,6.818181818181814,17.500000000000004,13.253012048192767,11.904761904761905,22.077922077922082,38.235294117647065,-14.545454545454543,-65.56776556776556,-55.96447819729922,-58.573375337586164,5.323033707865163,3.6095227843481594
BATASHOE,Bata Shoe Co. (Bangladesh) Ltd.,905.9,-0.5270670912484976,1.3991493172151332,2.3615819209039524,11.153374233128831,10.341047503045065,12.66011690088297,6.3013377141515985,39.51948251963654,-23.982545942770837,75.90291262135922,1.0676595087168261,1.6181319295486771
BATBC,British American Tobacco Bangladesh Co Ltd,252.6,0.11890606420926791,9.826086956521737,14.922656960873512,13.835060838215409,-5.499438832772173,1.854838709677417,-12.866505691617794,-55.723049956178784,-13.72295842560698,171.28878823876755,4.472251307342801,2.221089507513756
BAYLEASING,Bay Leasing and Investment Ltd.,5.1,0.0,-1.9230769230769333,8.510638297872328,10.869565217391305,27.499999999999993,54.54545454545454,6.2499999999999964,-81.5344827124569,-66.68601875836993,-80.56358783390861,6.184581234525739,5.295808388981661
BBS,Bangladesh Building Systems PLC,15.8,1.9354838709677464,5.333333333333338,-3.067484662576687,31.66666666666667,77.52808988764045,71.73913043478262,44.95412844036698,-22.167487684729064,-36.581151523350066,-27.131742808490344,3.0416100264241797,3.158312610070495
BBSCABLES,BBS Cables PLC,23.2,3.111111111111108,4.504504504504505,-1.6949152542372972,17.171717171717166,63.38028169014085,52.631578947368425,40.6060606060606,-60.5277775802796,-19.74400995927023,-19.74400995927023,2.6838600643798722,2.3579714601447583
BDAUTOCA,Bangladesh Autocars Limited,214.9,2.235965746907715,2.5775656324582368,-1.3767783386874712,-8.16239316239316,68.15336463223787,69.21259842519684,101.78403755868544,58.01470588235295,789.8417635260877,895.4162102557123,3.864401937591587,3.6638651792854033
BDCOM,BDCOM Online Ltd.,33.3,1.8348623853210833,1.524390243902439,-0.29940119760479467,18.085106382978715,29.069767441860453,28.07692307692307,58.9318185791477,39.065341613504266,94.36975822154905,176.9148712618647,2.0301547656103134,4.609084111704327
BDFINANCE,Bangladesh Finance PLC,13.8,0.0,5.343511450381688,2.2222222222222276,10.400000000000004,7.8125,6.1538461538461595,25.45454545454546,-69.46137798863785,77.9143091613289,-15.061046339975068,4.322388665151758,4.2260567813109144
BDLAMPS,Bangladesh Lamps PLC,183.4,0.4381161007667094,-0.8112493239588967,2.458100558659221,-1.6621983914209084,30.07092198581561,36.35687732342008,38.2064807837227,10.184166113265286,7.058374165466806,63.53166653584133,2.5105377278275984,2.9233769204749316
BDTHAI,Bangladesh Thai Aluminium Ltd.,19.4,2.1052631578947296,7.77777777777777,-5.825242718446615,56.45161290322579,77.98165137614677,73.21428571428571,46.96969696969696,-26.792452830188683,7.403249519638955,21.76969670272423,3.3634843362040927,4.558800457954937
BDTHAIFOOD,BD Thai Food & Beverage Ltd.,24.7,1.6460905349794182,12.27272727272727,-1.5936254980079765,13.302752293577976,72.7272727272727,71.52777777777777,73.94366197183099,104.13223140495867,104.13223140495867,104.13223140495867,4.13500646625093,5.082192610034841
BDWELDING,Bangladesh Welding Electrodes Ltd.,13.9,0.0,-0.7142857142857117,-4.137931034482756,-4.794520547945201,-16.265060240963862,-23.204419889502766,32.38095238095239,-33.17307692307692,47.77894727508699,-36.7341200120836,2.042784425734751,3.746220718440853
BEACHHATCH,Beach Hatchery Ltd,33.7,0.29761904761905184,1.506024096385542,0.5970149253731428,15.017064846416389,12.333333333333343,-27.991452991452984,-27.991452991452984,56.018518518518526,254.7368421052632,49.303797808540295,2.153069465589838,2.879269791241857
BEACONPHAR,Beacon Pharmaceuticals PLC,109.3,0.7373271889400895,0.7373271889400895,-1.0859728506787356,6.53021442495127,0.8302583025830179,4.3935052531041014,-4.790940766550523,-51.828999559277214,550.5952380952381,609.7402597402597,1.8346840626874934,2.3016445287171567
BENGALWTL,Bengal Windsor Thermoplastics PLC,24.6,1.6528925619834798,3.797468354430389,-2.3809523809523725,-6.106870229007625,39.772727272727266,41.3793103448276,32.25806451612903,-10.218978102189771,-40.6578948019102,-50.30717873002259,2.2578538778667863,3.0324231577561487
BERGERPBL,Berger Paints Bangladesh Ltd.,1498.5,-0.23966446974235467,7.434757671350734,4.936974789915967,8.500470639345457,6.269058931990646,8.508327299058653,-2.0588235294117645,-15.629750577107142,36.22727272727273,470.85714285714283,2.5531976280546456,1.5032163063164974
BESTHLDNG,Best Holdings PLC,15.7,0.6410256410256387,1.2903225806451568,5.369127516778516,23.62204724409449,33.05084745762711,16.29629629629629,-3.0864197530864197,-46.59863945578231,-46.59863945578231,-46.59863945578231,3.118757303816727,3.781452856628252
BEXIMCO,Bangladesh Export Import Company Ltd.,23.5,1.2931034482758652,-4.081632653061225,-20.338983050847457,-78.65576748410537,-78.65576748410537,-78.65576748410537,-78.65576748410537,-73.32432425914915,15.27198181056002,-40.82641773125222,6.732634245161836,5.13802067647487
BGIC,Bangladesh General Insurance Company PLC,40.9,0.0,0.7389162561576285,3.5443037974683507,7.631578947368418,17.191977077363898,32.36245954692557,20.29411764705882,-18.363273453093818,188.0281690140845,30.67092651757188,3.326823002649979,3.9858850443277665
BIFC,Bangladesh Industrial Finance Company Ltd.,4.8,-2.040816326530623,0.0,4.347826086956526,2.1276595744680775,140.0,182.35294117647055,-25.000000000000007,-31.428571428571434,-36.0,-76.43776743133965,5.346830221450279,8.018819968205893
BNICL,Bangladesh National Insurance Company Ltd,116.5,-1.0195412064570968,12.127045235803653,-3.1587697423108874,40.87061668681982,110.28880866425993,158.88888888888889,172.196261682243,-4.036243822075787,824.6031746031746,214.86486486486487,4.88340863572718,4.74436148199878
BPML,Bashundhara Paper Mill Ltd.,28.9,0.6968641114982554,-1.7006802721088436,-0.34482758620690146,7.037037037037032,21.94092827004219,11.583011583011583,-13.731343283582094,-37.31019522776573,-81.35483870967742,-81.35483870967742,1.7395306187609372,2.62557882970921
BPPL,Baraka Patenga Power Ltd.,21.2,2.9126213592232904,4.433497536945806,3.9215686274509842,24.705882352941174,34.17721518987341,42.28187919463086,42.28187919463086,-53.20088300220751,-33.542319749216304,-33.542319749216304,2.3567402820570926,2.8825086047630926
BRACBANK,BRAC Bank PLC,63.6,0.47393364928910625,0.31545741324921583,-2.9007633587786237,-1.2955230161548388,-6.110375554795333,15.727875706575793,4.4857392055630925,132.43657770351447,263.6769889967995,866.1082746162041,1.7627017835558998,2.0030955480620047
BSC,Bangladesh Shipping Corporation,123.2,0.9836065573770515,2.666666666666669,9.80392156862745,19.033816425120776,9.026548672566374,9.706144256455925,13.968547641073089,168.99563318777297,249.32658339632607,146.69515392706424,2.799106793189682,3.20970037780741
BSCPLC,Bangladesh Submarine Cables PLC,157.6,-0.567823343848584,-0.8805031446540916,-0.8805031446540916,10.985915492957743,10.13277428371768,22.837100545596243,19.847908745247146,-13.406593406593409,44.58715596330274,260.0639707562257,2.978676996545303,2.7366502777972355
BSRMLTD,Bangladesh Steel Re-Rolling Mills Ltd.,105.4,0.4766444232602478,2.3300970873786464,-1.495327102803733,23.274853801169595,24.881516587677723,38.13892529488861,27.75757575757576,14.814814814814826,-21.226683295188664,133.81233262842812,3.1474819231518167,4.018484312144835
BSRMSTEEL,BSRM Steels Limited,100.2,1.0080645161290323,6.369426751592356,16.511627906976745,37.26027397260275,37.072503419972655,57.795275590551185,55.34883720930233,68.40336134453783,14.693027982353406,78.04769258311838,2.9694291766755905,3.622004661867646
BXPHARMA,Beximco Pharmaceuticals Plc,150.9,2.5832766825288997,-0.5928853754940748,6.2676056338028205,31.21739130434783,28.42553191489362,46.50485436893205,39.72222222222223,-18.38831800973499,91.895953553128,243.3470463762146,2.50695799434183,2.806161432000479
CAPITECGBF,CAPITEC GRAMEEN BDT10 (MUTUAL FUND) Units,10.7,8.08080808080807,21.590909090909072,40.78947368421052,50.70422535211267,55.072463768115924,57.35294117647058,42.66666666666666,-25.69444444444445,-25.69444444444445,-25.69444444444445,8.294939165599859,4.881071971166363
CAPMBDBLMF,CAPM BDBL Mutual Fund 01 Units,10.7,4.901960784313726,2.8846153846153744,6.999999999999993,-13.008130081300823,3.883495145631054,5.940594059405937,12.631578947368414,-21.32352941176471,-0.925925925925939,-0.925925925925939,3.1715200931857934,4.033345564729841
CAPMIBBLMF,CAPM IBBL Islamic Mutual Fund Units,14.3,1.4184397163120643,-5.921052631578938,30.000000000000004,58.8888888888889,81.01265822784809,90.66666666666669,62.49999999999999,-37.826086956521735,43.00000000000001,43.00000000000001,7.171073538243991,6.633261296295849
CENTRALINS,Central Insurance PLC,43.9,2.331002331002331,6.038647342995169,0.9195402298850542,8.663366336633663,1.6203703703703605,7.862407862407851,3.7825059101654883,-34.575260804768995,244.56775759654798,66.7421652274847,2.8543372335621195,3.513372460173231
CENTRALPHL,Central Pharmaceuticals Ltd.,11.8,3.5087719298245648,10.280373831775714,13.461538461538463,37.20930232558141,40.47619047619048,34.090909090909086,3.5087719298245643,-35.16483516483516,-7.457407348197281,-65.51863008575069,5.2420809394493615,4.469733166223916
CITYBANK,City Bank PLC,31.5,0.0,-0.6309148264984205,-1.5625,8.996539792387548,35.67415691972288,48.463114294714536,43.18181772623968,89.1199423259824,158.90849195220306,210.2814769737939,1.335799347251188,2.2080351146745003
CITYGENINS,City Insurance PLC,113.2,0.2657218777679337,4.814814814814817,5.498602050326194,12.524850894632216,33.33333333333333,30.565167243367934,125.94810379241517,170.81339712918663,1156.6238508130482,372.1826761583694,3.7513624752876544,1.2908834144123347
CLICL,Chartered Life Insurance PLC,51.2,0.0,0.3921568627451036,-3.939962476547832,-8.571428571428566,-16.4763458401305,-8.243727598566299,10.583153347732194,365.4545454545455,365.4545454545455,365.4545454545455,5.677668927752009,5.073790811540377
CNATEX,C & A Textiles Ltd,3.2,0.0,0.0,0.0,-8.571428571428566,39.13043478260871,33.33333333333335,-3.0303030303030196,-45.762711864406775,-56.000000044,-81.31563977047212,5.705645161290315,5.9703644043618365
CONFIDCEM,Confidence Cement PLC,69.4,1.3138686131386945,2.359882005899718,2.359882005899718,10.509554140127403,23.268206039076393,40.485829959514184,25.952813067150643,-44.95431627359343,61.262636925087165,29.41797225131691,2.061685764569975,3.307772035875259
CONTININS,Continental Insurance PLC,34.9,0.8670520231213791,7.384615384615381,4.804804804804809,29.259259259259256,34.230769230769226,44.214876033057855,40.72580645161289,-27.29166648489583,295.9309080145009,52.00035057116956,2.615804717294054,5.289390627427434
COPPERTECH,Coppertech Industries Ltd,30.0,7.526881720430113,14.068441064638781,10.294117647058826,21.457489878542514,58.73015873015875,58.73015873015875,35.74660633484162,-26.74418586337209,15.762500875280265,15.762500875280265,4.242214158946286,3.0414481072589536
CROWNCEMNT,Crown Cement PLC,68.9,-0.2894356005788548,1.6224188790560599,4.236006051437234,39.47368421052633,43.24324324324325,47.22222222222224,36.43564356435645,-8.133333333333326,-7.640750670241272,-14.727722772277216,2.1457818391463306,3.4799773605745283
CRYSTALINS,Crystal Insurance Company Ltd,69.2,0.8746355685131321,3.748125937031484,-7.238605898123312,-10.129870129870127,-20.91428571428571,20.347826086956527,49.13793103448277,34.725663568973616,407.46666615920003,407.46666615920003,2.920493615349696,3.2949863675109334
CVOPRL,CVO Petrochemical Refinery PLC,175.6,0.05698005698005375,0.3428571428571396,1.2103746397694493,11.209626345788466,10.094043887147333,19.050847457627114,21.187025534851614,69.43859632178948,-25.370000308595053,46.59464225342161,1.7870259222519187,2.5164244484873355
DACCADYE,Dacca Dyeing and Manufacturing Company Limited,17.2,2.3809523809523725,1.17647058823529,-0.578034682080933,6.172839506172839,4.242424242424238,-11.340206185567007,1.7751479289940872,-23.21428571428571,97.70114942528737,-38.7702266006263,3.919538686563339,3.5678769854370476
DAFODILCOM,Daffodil Computers PLC.,170.6,2.3395320935812873,3.9609993906154783,7.974683544303795,45.315161839863705,292.18390804597703,372.5761772853185,208.499095840868,191.6239316239316,671.945701357466,986.6242038216561,2.77742197812048,3.1310580752711545
DBH,DBH Finance PLC,43.7,-0.6818181818181753,0.22935779816514087,5.555555555555566,10.63291139240507,14.099216710182784,24.857142857142865,9.523809523809536,-40.41221532415846,-37.37786147471635,27.427434155675815,2.134624104242648,2.8319427565987243
DBH1STMF,DBH First Mutual Fund Units,6.0,5.263157894736839,0.0,27.6595744680851,33.333333333333336,7.1428571428571495,-7.6923076923076925,-1.6393442622950762,-39.3939393939394,1.694915254237282,-18.918918918918923,5.964200273410802,5.915069937332071
DELTALIFE,Delta Life Insurance Company Ltd.,81.3,1.3715710723191947,6.973684210526312,0.8684863523573236,5.721716514954474,10.612244897959181,19.911504424778762,12.137931034482756,-40.70021881838075,-13.69426751592357,-97.5850146146717,2.5865366133381436,3.304413216797654
DELTASPINN,Delta Spinners Limited,7.9,0.0,5.333333333333338,14.492753623188404,23.4375,49.05660377358492,58.000000000000014,33.89830508474576,-26.851851851851855,19.487499781935323,-49.57671725318256,3.5735150925024284,4.063172761604817
DESCO,Dhaka Electric Supply Co. Ltd.,26.3,1.5444015444015529,1.1538461538461566,3.952569169960474,17.410714285714295,13.362068965517247,28.292682926829272,6.477732793522273,-26.740947075208908,-48.932038834951456,-60.43696265180875,2.3381481390261474,2.8556700734731435
DESHBANDHU,Deshbandhu Polymer Limited,23.8,0.8474576271186409,12.796208530805684,10.185185185185182,38.37209302325582,55.55555555555555,40.00000000000001,23.95833333333334,32.96089385474862,146.98113172597013,9.916140344351104,6.026870174435695,3.8201117300389615
DGIC,Desh General Insurance Company Ltd,34.7,0.28901734104046656,6.441717791411047,19.243986254295535,57.01357466063349,58.44748858447491,76.14213197969546,43.98340248962656,-24.89177489177489,131.33333333333334,131.33333333333334,4.709673962732613,5.728425772421054
DHAKABANK,Dhaka Bank PLC,12.2,0.0,-0.8130081300813123,-2.4000000000000057,-2.4000000000000057,-5.426356589147296,7.964601769911491,-4.687500000000011,-0.2969928659376677,32.986900857848994,-4.738823372940923,1.4821839859097754,1.9375336834666894
DHAKAINS,Dhaka Insurance Limited,45.4,2.48306997742664,9.397590361445781,7.582938388625581,12.935323383084565,15.228426395939087,26.111111111111107,18.537859007832903,-43.8813349814586,215.27777777777777,-4.7490196840439225,3.4903877614915615,3.695113662025484
DOMINAGE,Dominage Steel Building Systems Ltd,85.0,0.1177856301531146,10.677083333333337,6.649937264742783,29.179331306990886,191.0958904109589,194.11764705882354,525.0000000000001,201.52027102407095,542.59999890758,542.59999890758,6.5338244678559345,4.504550530532945
DOREENPWR,Doreen Power Generations & Systems Ltd.,32.6,3.164556962025316,4.153354632587861,6.885245901639349,9.395973154362418,14.788732394366209,15.602836879432633,27.843137254901965,-37.567266781493295,27.691960889619427,-17.99338511098848,2.3659923718488156,2.7360025124544447
DSHGARME,Desh Garments Limited.,165.2,-0.8998200359928016,-1.6081000595592716,6.237942122186488,29.36570086139388,51.83823529411764,41.92439862542953,31.111111111111104,6.2690057416842055,61.51017695290702,1519.3150852579145,4.725236761242638,5.315520139675215
DSSL,Dragon Sweater & Spinning Ltd.,14.6,2.8169014084507067,9.774436090225555,30.357142857142865,56.98924731182794,84.81012658227846,71.76470588235294,29.20353982300884,-14.83333292169445,160.18203782406,60.769199132088566,3.4123606889564373,5.395233869274026
DULAMIACOT,Dulamia Cotton Spinning Mills Limited,206.7,3.2983508245877036,-4.9218031278748935,-0.6250000000000054,59.24499229583974,59.367771781033156,53.11111111111111,138.9595375722543,313.4,2895.6521739130435,2146.739130434783,5.0381066628758395,7.022488585975111
DUTCHBANGL,Dutch-Bangla Bank PLC,48.6,-1.8181818181818152,0.6211180124223691,9.459459459459467,18.125000295312496,23.85922361061894,32.20207286936529,13.400000283499999,-6.03218352586485,134.9083312941139,112.63254127886714,3.702452429316977,3.606730269595265
EASTERNINS,Eastern Insurance PLC,61.8,4.568527918781719,6.551724137931029,2.3178807947019844,11.55234657039711,8.802816901408452,23.353293413173642,30.655391120507403,-46.724137931034484,177.13004484304932,69.31506849315068,3.163430360422103,3.5431048812125043
EASTLAND,Eastland Insurance PLC,30.2,3.7800687285223296,10.622710622710619,15.708812260536389,37.272727272727266,39.8148148148148,61.49732620320856,50.248756218905456,-22.36503856041131,119.94184414282657,-14.99307617620276,4.019255135725581,4.79839216013477
EASTRNLUB,Eastern Lubricants Blenders PLC,2123.0,0.5589238347859125,1.5886687721312955,13.83378016085791,34.36708860759494,33.943217665615144,27.814569536423843,14.75675618297298,211.43052653053,248.5665679332856,1666.0706108117197,2.5922621700384108,2.7940950748984874
EBL,Eastern Bank PLC,24.3,0.0,0.0,-2.799999999999997,-5.5682424578634695,-3.3629347166484087,2.577868455600384,-4.8326999830721205,5.143673189298855,78.49243858432173,83.83026562732012,1.073019759888445,1.1455913098941797
EBL1STMF,EBL First Mutual Fund Units,5.3,8.163265306122437,5.9999999999999964,29.268292682926834,39.473684210526315,76.66666666666666,70.96774193548386,15.21739130434783,-43.010752688172055,34.57011734704662,-22.70009163320742,6.897278911564628,5.958747569234502
EBLNRBMF,EBL NRB Mutual Fund,4.1,5.1282051282051215,2.499999999999991,32.25806451612902,28.124999999999982,78.26086956521739,78.26086956521739,13.888888888888877,-48.10126582278482,3.40785713126068,-40.322176812703475,7.071160229054961,5.9599897209255035
ECABLES,Eastern Cables Ltd.,143.0,3.3984092552422185,0.3508771929824561,11.806098514464422,20.370370370370374,25.991189427312776,27.56467439785906,23.80952380952381,2.8776978417266186,-2.4083476269849347,244.68127420073662,3.3418380294734495,5.002533057681857
EGEN,eGeneration PLC,26.8,1.1320754716981158,1.5151515151515234,0.37453183520599787,12.605042016806722,32.67326732673268,35.35353535353535,29.46859903381643,-58.255451713395644,78.66666666666667,78.66666666666667,2.1357425477851906,2.8001022716391066
EHL,Eastern Housing Ltd.,94.6,0.3181336161187669,1.0683760683760684,2.491874322860235,15.647921760391196,18.249999999999993,29.234972677595614,13.975903614457826,74.21731123388581,185.4310351963362,141.98724016477158,2.314302086294569,3.4460522185203857
EIL,Express Insurance Ltd.,33.2,1.2195121951219685,8.143322475570043,6.752411575562705,22.962962962962973,12.542372881355941,17.73049645390072,-7.262569832402219,-13.315926892950378,121.33333333333334,121.33333333333334,2.7062867116725697,3.6910070591806052
EMERALDOIL,Emerald Oil Industries Ltd.,30.4,3.7542662116040884,9.747292418772561,39.44954128440366,112.58741258741257,153.33333333333331,111.11111111111109,36.93693693693693,-15.320334261838441,-11.299734844475095,-29.26153860709646,4.919410853595007,5.982057703890649
ENVOYTEX,Envoy Textiles Ltd.,58.5,0.5154639175257684,2.6315789473684212,3.907637655417412,20.61855670103093,14.931237721021613,20.61855670103093,30.289532293986642,67.14285714285714,92.6361334957262,30.558304679497624,2.4969523996025353,3.022440330597016
EPGL,Energypac Power Generation PLC,20.3,0.4950495049505021,2.525252525252525,2.0100502512562923,4.63917525773197,40.97222222222222,30.128205128205135,17.341040462427745,-60.117878192534384,-56.344086021505376,-56.344086021505376,3.034265591507604,3.4360926145884347
ESQUIRENIT,Esquire Knit Composite PLC,26.6,-0.37453183520598454,6.400000000000006,5.555555555555565,22.018348623853214,34.343434343434346,29.126213592233007,14.655172413793114,-30.548302872062653,-43.763213530655385,-43.763213530655385,3.07983940478897,3.1375554010797675
ETL,Evince Textiles Ltd.,14.9,1.3605442176870821,4.929577464788741,7.97101449275362,41.90476190476191,52.0408163265306,49.00000000000001,60.21505376344086,27.350427350427363,46.55832323932553,14.153467876244992,3.0395235373978893,3.6641348168543337
EXIM1STMF,EXIM Bank 1st Mutual Fund 2013- Units,6.9,2.9850746268656745,30.18867924528303,97.14285714285715,86.48648648648648,137.93103448275863,146.42857142857144,43.750000000000014,-26.595744680851062,3.413750398530752,-11.493439612831967,10.34576306670614,6.736520248549774
FAMILYTEX,Familytex (BD) Ltd.,2.8,3.7037037037036904,7.692307692307681,7.692307692307681,-6.666666666666672,133.33333333333334,115.38461538461536,16.666666666666664,-48.14814814814815,-60.471341139984645,-91.44967620326868,6.701261701261696,7.535462103267482
FARCHEM,FAR Chemicals Industries Ltd,25.1,1.6194331983805754,4.583333333333339,28.061224489795915,58.86075949367089,90.15151515151517,73.10344827586208,1.6194331983805754,56.87500000000001,49.03241647672377,11.360333466965743,9.685254372542051,6.989916091581469
FAREASTFIN,Fareast Finance & Investment Ltd.,2.0,5.263157894736848,17.647058823529413,53.84615384615385,-16.666666666666664,127.2727272727273,233.33333333333334,-41.1764705882353,-72.6027397260274,-75.0,-89.37823838558418,6.210526315789481,7.672946003330785
FAREASTLIF,Fareast Islami Life Insurance Company Limited,22.5,1.3513513513513546,0.0,-4.25531914893617,4.16666666666666,-0.8810572687224638,8.17307692307692,-22.68041237113402,-61.86440677966102,-58.26893337171442,-71.38728315099067,3.9310935011240393,3.8166475090087246
FASFIN,FAS Finance & Investment Limited,2.6,8.333333333333341,36.842105263157904,73.33333333333334,4.0000000000000036,225.0,271.42857142857144,-10.344827586206891,-66.23376623376622,-61.072222044668294,-86.23006070155733,2.0833333333333375,8.651601666307545
FBFIF,First Bangladesh Fixed Income Fund Units,3.9,2.631578947368424,0.0,21.87499999999999,25.80645161290322,62.5,49.999999999999986,8.333333333333329,-44.285714285714285,-31.468760918541985,-48.00360189448957,9.78801169590643,6.092960087205069
FEDERALINS,Federal Insurance PLC,29.3,1.0344827586206922,9.73782771535581,10.15037593984962,27.94759825327512,40.191387559808625,52.60416666666667,30.80357142857144,-26.566416040100247,314.12015690133626,51.78802671728088,2.7581312440949857,3.659112185661816
FEKDIL,Far East Knitting & Dyeing Industries PLC.,26.6,0.0,-0.37453183520598454,34.343434343434346,90.00000000000001,91.36690647482014,87.32394366197185,59.28143712574852,49.438202247191015,70.8702012343756,11.81044946337481,3.4071060275446174,4.589147037652505
FINEFOODS,Fine Foods Limited,474.5,-1.5968477810037307,-4.469498691362994,-7.684824902723736,-10.808270676691729,7.304387155133426,24.802735402419785,83.20463320463321,800.3795066413662,5902.347946478871,2978.492345944805,3.373792798764029,2.952626991249576
FIRSTFIN,First Finance Ltd.,4.7,4.444444444444448,11.904761904761905,17.500000000000004,-4.081632653061228,27.027027027027025,88.00000000000001,46.875,-36.486486486486484,-18.811290328604322,-86.20003913956644,5.947028423772606,5.853462178028558
FORTUNE,Fortune Shoes Ltd.,20.0,0.5025125628140775,0.5025125628140775,15.606936416184967,52.67175572519084,39.86013986013985,43.884892086330936,23.456790123456795,-63.127090116238,-23.792259635442825,-23.792259635442825,5.992718632739066,5.500362662200851
FUWANGCER,Fu-Wang Ceramic Industry Ltd.,17.7,2.312138728323691,8.588957055214715,6.626506024096372,43.90243902439023,63.88888888888887,53.91304347826086,32.08955223880596,-35.4014598540146,54.99144687581337,16.208833582051305,4.6158210826722,4.179822426936573
FUWANGFOOD,Fu-Wang Foods Limited,12.9,0.7812499999999972,0.0,6.611570247933891,30.3030303030303,31.63265306122448,15.17857142857144,-15.131578947368414,-37.980769230769226,31.067938555903122,-22.567118095726194,2.519743625796778,3.4397752164771553
GBBPOWER,GBB POWER Ltd.,10.1,7.446808510638291,23.170731707317078,21.686746987951793,23.170731707317078,31.16883116883116,57.812499999999986,36.48648648648648,-72.09944751381215,-22.591240652726572,-61.768808789444144,6.494754092446203,4.090327894189251
GEMINISEA,Gemini Sea Food PLC,124.0,0.8130081300813009,-1.3524264120922855,2.904564315352697,5.173876166242573,8.296943231441048,-9.290416971470366,-16.2727886563133,79.44230759680642,13.075981630640818,599.8486430566932,1.7853747317273108,3.0207737682814852
GENEXIL,Genex Infosys PLC,40.2,0.24937655860349484,-1.951219512195115,13.559322033898319,47.79411764705884,46.18181818181819,49.44237918215615,65.4320987654321,-54.585559270884964,20.144458756359228,20.144458756359228,2.997668451118744,4.759880053230129
GENNEXT,Generation Next Fashions Ltd.,3.0,0.0,0.0,0.0,-3.225806451612906,25.000000000000004,11.111111111111104,7.1428571428571495,-59.45945945945947,-45.820895594357324,-86.5338710464558,4.758620689655177,6.666162761400857
GHAIL,Golden Harvest Agro Industries Ltd.,16.1,0.6250000000000089,5.228758169934645,-0.6172839506172708,21.969696969696987,53.33333333333334,50.467289719626194,21.969696969696987,-16.58031088082901,11.031470513112392,-56.3572300249209,2.815412333453102,2.6781213643344794
GHCL,Global Heavy Chemicals Ltd.,25.6,4.0650406504065035,9.401709401709414,28.000000000000007,35.44973544973546,39.89071038251367,28.643216080402023,23.671497584541076,-43.487858719646795,-30.623306233062326,-68.96969696969697,4.896531393950352,4.557028562448463
GLDNJMF,ICB AMCL CMSF GOLDEN JUBILEE MUTUAL FUND,9.4,9.302325581395356,9.302325581395358,40.298507462686565,51.61290322580645,51.61290322580645,54.098360655737714,23.6842105263158,-14.545454545454543,-14.545454545454543,-14.545454545454543,6.584672949002223,5.446193404743012
GLOBALINS,Global Insurance PLC,44.8,2.050113895216398,10.891089108910888,14.871794871794865,39.5638629283489,61.151079136690626,75.68627450980391,50.33557046979864,-26.55737704918033,438.75643054955367,89.14144742774164,3.9949655731052496,4.753659820384783
GOLDENSON,Golden Son Limited,17.1,1.7857142857142898,4.907975460122704,1.1834319526627388,17.123287671232887,85.86956521739134,69.30693069306933,43.69747899159665,-8.556149732620309,-24.999999999999993,-56.81818181818181,2.660083530946068,3.108788035392534
GP,Grameenphone Ltd.,259.7,-0.03849114703619043,0.30899961375048723,0.038520801232652495,5.999999999999996,-1.925981873111791,-0.11538461538461976,-16.949152542372882,-31.65789473684211,-5.735027223230494,51.34032634032634,0.455837708363728,0.8239626018197106
GPHISPAT,GPH Ispat Limited,19.5,0.0,2.0942408376963275,7.734806629834246,21.875,25.000000000000004,21.11801242236024,2.6315789473684212,-57.727739685579216,-2.111733925789667,4.130324682725843,2.7213787422259004,3.353691595749483
GQBALLPEN,G.Q. Ball Pen Industries Limited,604.0,-0.9186351706036782,1.1555853290906006,-3.0497592295345104,-3.5451932290003265,25.833333333333332,34.911771275407645,165.7281126264848,386.31239935587763,823.5474006116207,345.25640892064104,4.389053260959949,4.193241643390064
GRAMEENS2,Grameen Mutual Fund One - Grameen Two Units,13.7,3.787878787878788,-0.7246376811594305,6.20155038759689,12.295081967213115,17.094017094017094,25.6880733944954,-2.142857142857148,-30.10204081632654,21.7777779942716,-25.18173524440641,3.1677925224155485,2.6589932680952932
GREENDELMF,Green Delta Mutual Fund 2010 Units,5.5,10.0,3.773584905660381,44.736842105263165,57.142857142857146,83.33333333333333,83.33333333333333,34.14634146341464,-42.10526315789474,0.0,-23.611111111111114,8.145408163265303,6.80185687863885
GREENDELT,Green Delta Insurance PLC,69.3,1.7621145374449383,4.210526315789469,3.1249999999999916,13.606557377049176,23.309608540925257,29.291044776119392,42.29979466119095,-41.02127659574468,93.79417217786181,32.934092137832735,2.3613509958541954,3.0868179299595964
GSPFINANCE,GSP Finance Company PLC,4.2,0.0,2.4390243902439157,13.513513513513512,-2.325581395348829,61.53846153846153,162.5,-15.999999999999996,-78.34852280257928,-55.7738983685069,-71.12571635473546,6.788455824757586,7.142320743327281
HAKKANIPUL,Hakkani Pulp & Paper Mills PLC,82.0,1.7369727047146473,1.3597033374536394,2.6282853566958626,7.611548556430443,13.573407202216062,21.12259970457902,20.58823529411765,15.492957746478874,56.48854961832061,340.8602150537634,2.2729258254949034,3.0429804280285473
HAMI,Hami Industries PLC,160.0,1.781170483460567,2.5641025641025643,0.692259282567649,-13.560237709346298,32.231404958677686,48.69888475836432,57.17092337917485,-8.519153802172672,-8.519153802172672,-8.519153802172672,2.7093812947215214,3.62344007802304
HEIDELBCEM,Heidelberg Materials Bangladesh PLC,224.8,0.17825311942959254,-2.6839826839826793,-6.4502704952143155,10.466830466830471,-4.5435244161358765,2.6952946550936527,-9.171717171717168,-29.968847352024916,-59.24583031182016,-14.848484848484844,1.9543086892386325,3.2198710855039225
HFL,Hamid Fabrics PLC,15.3,1.3245033112582854,-1.2903225806451568,-2.5477707006369337,6.9930069930069925,150.81967213114757,135.38461538461542,73.86363636363636,-23.499999999999996,-5.555555555555547,-73.26955068426098,3.934240292814149,4.759621665157977
HRTEX,H.R. Textile Mills Ltd.,21.2,0.952380952380949,1.4354066985645968,-2.3041474654377883,12.169312169312173,23.255813953488374,15.84699453551912,-27.645051194539253,-61.89542487333612,-8.54901971901884,-24.88957043210879,3.4888100294177433,3.3451595489520103
HWAWELLTEX,Hwa Well Textiles (BD)PLC,49.4,0.202839756592295,2.066115702479339,6.4655172413793105,17.899761336515514,20.487804878048777,10.762331838565016,14.087759815242498,16.784869976359342,78.98550724637678,23.499999999999996,3.389792842590671,2.741972264239311
IBNSINA,BN SINA Pharmaceutical Industry PLC,318.5,-0.43763676148795794,0.15723270440251572,-0.21929824561403152,3.274967574578477,-12.01657458563536,1.1111111111111112,1.1111111111111112,25.789889415481838,82.68814907268897,431.7129234247556,1.4162307949956543,1.926216181947213
IBP,Indo-Bangla Pharmaceuticals Ltd.,20.8,0.0,7.216494845360837,15.555555555555559,56.39097744360902,69.10569105691056,85.71428571428574,57.575757575757585,-9.983193602581741,-20.60265640585683,-20.60265640585683,5.532563039663154,4.377828316947102
ICB,Investment Corporation of Bangladesh,46.4,0.21598272138229252,-1.0660980810234542,-0.21505376344086327,30.70422535211267,28.888888888888882,27.123287671232873,-4.526748971193421,-57.4995745311259,-39.14791837824103,-57.57810187323711,1.9830793852949506,2.822904231379531
ICB3RDNRB,ICB AMCL Third NRB Mutual Fund 2010 Units,6.6,6.451612903225798,6.451612903225797,34.69387755102039,40.425531914893604,53.48837209302325,60.97560975609757,37.49999999999999,-14.285714285714294,40.425531914893604,-7.042253521126761,5.337301587301588,4.733664075713671
ICBAGRANI1,ICB AMCL First Agrani Bank Mutual Fund Units,8.9,4.70588235294118,1.1363636363636322,23.611111111111114,32.83582089552239,36.92307692307693,39.0625,27.142857142857146,-6.315789473684207,3.4883720930232642,3.4883720930232642,4.766491214025526,4.910327188693577
ICBAMCL2ND,ICB AMCL Second Mutual Fund Units,8.3,3.750000000000009,5.06329113924051,25.757575757575776,36.065573770491824,59.61538461538463,48.21428571428574,36.065573770491824,-27.826086956521735,56.60377358490568,9.210526315789489,4.859286116947675,4.228529898567868
ICBEPMF1S1,ICB Employees Provident Mutual Fund One Scheme One Units,7.1,7.575757575757576,4.411764705882351,10.937499999999988,7.575757575757576,82.05128205128206,108.82352941176471,36.538461538461526,-15.476190476190482,10.937499999999988,-14.457831325301218,7.293975122100124,5.324775604049803
ICBIBANK,ICB Islamic Bank Limited,2.8,3.7037037037036904,0.0,0.0,0.0,21.73913043478261,16.666666666666664,-6.666666666666672,-44.00000000000001,-28.205128205128208,-62.666666666666664,4.3162393162393045,4.529914529914517
ICBSONALI1,ICB AMCL Sonali Bank Ltd 1st Mutual Fund 2013- Units,6.9,9.523809523809533,4.5454545454545565,30.18867924528303,46.808510638297875,60.46511627906978,64.28571428571428,23.214285714285726,-25.806451612903228,6.1538461538461595,-42.49999999999999,5.165930619559654,5.029019192794871
ICICL,Islami Commercial Insurance PLC.,34.0,1.1904761904761862,14.86486486486486,16.838487972508588,47.186147186147174,49.779735682819386,51.7857142857143,51.111111111111114,132.8767123287671,132.8767123287671,132.8767123287671,4.134383667443553,3.7820722948508365
IDLC,IDLC Finance PLC.,46.5,-1.0638297872340425,-0.641025641025635,12.318840579710148,25.675675675675677,21.15384644094769,36.3826819052025,16.806220387709327,-11.318677263169059,23.06981484129949,-1.6504719574943745,2.849263097779998,3.257366895701681
IFADAUTOS,IFAD Autos PLC,26.6,0.3773584905660431,9.465020576131689,2.3076923076923133,15.652173913043484,33.00000000000001,22.580645161290334,13.191489361702132,-48.00840681623304,-43.01319203085526,51.31422172556548,3.0524331135911,3.0261805998901057
IFIC,IFIC Bank PLC,5.0,2.0408163265306047,0.0,0.0,11.11111111111111,4.1666666666666705,6.382978723404252,-26.470588235294112,-58.14583329339748,-21.168481631516784,-52.94024076755431,2.8489795918367244,3.0479834791059175
IFIC1STMF,IFIC Bank 1st Mutual Fund Units,4.9,6.521739130434799,4.255319148936174,36.11111111111112,28.947368421052648,96.00000000000001,96.00000000000001,28.947368421052648,-35.52631578947368,17.90625016580567,-24.07987806410339,8.641304347826086,5.967466158541673
IFILISLMF1,IFIL Islamic Mutual Fund - 1 Units,6.0,5.263157894736839,5.263157894736839,36.36363636363635,50.0,66.66666666666667,76.47058823529412,20.0,-18.918918918918923,-13.043478260869568,-4.761904761904759,5.581852358168146,5.371005528854722
ILFSL,International Leasing and Financial Services Ltd.,2.1,5.000000000000004,16.666666666666668,61.53846153846153,-15.999999999999996,165.82278481012656,250.0,-32.25806451612903,-75.29411764705883,-67.07199979136819,-87.22620679006234,8.549707602339188,9.882130580936415
INDEXAGRO,Index Agro Industries Ltd,74.5,0.5398110661268632,1.9151846785225797,1.9151846785225797,5.37482319660537,13.221884498480247,11.360239162929737,13.864629096920815,-46.01449262061541,4.300000260749994,4.300000260749994,2.031598297053745,2.9469100004113216
INTECH,Intech Ltd.,26.4,0.0,-1.1235955056179803,-23.03206997084548,-27.67123287671233,-7.692307692307702,-16.719242902208205,21.658986175115206,-27.472527472527474,187.80714294528374,116.6867996062945,2.300659626271633,3.5195339036875635
INTRACO,Intraco Refueling Station PLC,21.9,0.45871559633026543,0.0,6.82926829268292,23.72881355932203,14.65968586387433,6.82926829268292,1.860465116279063,-1.4500004336200054,-52.89989656855999,-52.89989656855999,3.915696272954876,3.0485587835309653
IPDC,IPDC Finance PLC,32.3,0.31055900621116245,-0.3086419753086464,-1.8237082066869346,80.39893662121008,64.63592274168688,77.56544542128437,79.44444484320987,42.64323522562876,170.30248378533855,517.9205400902532,3.3477353451536067,4.79113196234371
ISLAMIBANK,Islami Bank Bangladesh PLC,30.7,-1.2861736334405212,-4.062500000000002,-4.062500000000002,-7.8078078078078015,-43.148148148148145,-6.9696969696969715,-31.47321428571428,7.3426573426573345,-5.828220858895712,-21.465116357604654,2.743213226149708,2.0915315361520426
ISLAMICFIN,Islamic Finance & Investment PLC,12.3,-0.8064516129032229,2.5000000000000058,16.037735849056617,16.037735849056617,16.037735849056617,29.473684210526322,39.772727272727266,-47.659574468085104,12.341614181981262,-32.55417988119688,2.1354125016659977,2.9543330162391146
ISLAMIINS,Islami Insurance Bangladesh Limited,61.0,0.6600660066006577,6.830122591943955,-2.0866773675762396,44.20803782505911,49.50980392156864,62.666666666666664,49.14425427872861,-3.1746031746031744,469.05961702328824,223.89600447761484,2.761998994619572,3.0889646430157383
ISNLTD,Information Services Network Ltd.,60.3,1.5151515151515127,0.4999999999999953,-1.147540983606562,-3.3653846153846176,-17.510259917920656,-23.08673469387756,39.260969976905315,38.94009216589861,440.6206903262877,299.0763652181572,1.6531300430302562,2.9387533044611844
ITC,IT Consultants PLC,51.2,-1.538461538461533,-1.9157088122605364,5.349794238683129,32.987012987012996,30.612244897959183,32.987012987012996,29.620253164556967,16.894977168949787,70.97515691432031,74.27725221191439,2.9238241066000867,3.4844554128013248
JAMUNABANK,Jamuna Bank PLC,24.1,-0.41322314049585895,0.0,0.41666666666667257,-5.118110236220462,0.8368200836820203,14.218009478672984,14.218009478672984,41.85561071269912,204.64957893920297,105.94597705286516,1.1680729410811512,1.3388227744101069
JAMUNAOIL,JAMUNA OIL PLC,183.4,0.5482456140350876,0.49315068493151,-1.6621983914209084,8.0730701237478,8.0730701237478,8.39243498817968,-3.0142781597038546,8.649289099526063,-1.8726591760299625,14.23556047181973,0.8359323590386117,1.2453733214864946
JANATAINS,Janata Insurance PLC,34.7,1.461988304093567,5.15151515151516,0.2890173410404665,-3.611111111111103,31.43939393939396,42.79835390946503,38.49269412923045,-10.631131712178806,343.0827279301636,-81.44165037847918,2.7602053348236293,3.290946849455093
JHRML,JMI Hospital Requisite Manufacturing Ltd,49.6,-0.6012024048096136,-0.4016064257028027,-2.7450980392156836,10.222222222222225,17.257683215130037,17.535545023696677,-0.998003992015968,125.45454545454545,125.45454545454545,125.45454545454545,1.9038857910205185,2.3931395421422996
JMISMDL,JMI Syringes & Medical Devices Ltd.,145.0,0.7644197359277236,-2.619207521826733,-0.1377410468319481,17.50405186385737,20.33195020746888,22.88135593220339,-0.4120879120879082,-48.76591338852521,27.968850987956365,318.683650489062,2.980944646339811,3.5187032056581184
JUTESPINN,Jute Spinners Limited,231.9,2.5198938992042517,6.132723112128149,5.409090909090911,13.676470588235297,18.923076923076927,18.80122950819673,12.40911294231701,71.77777777777777,293.7181663837012,248.7218045112782,4.6443281809557355,5.120439243271142
KARNAPHULI,Karnaphuli Insurance PLC,53.4,4.093567251461992,18.666666666666664,38.34196891191709,67.9245283018868,71.15384615384616,87.36842105263158,60.84337349397588,26.241134751773057,477.1911796069432,95.6239729780342,4.494961884800528,6.019960029834539
KAY&QUE,Kay and Que (Bangladesh) Ltd.,426.3,-0.6988120195667366,-0.0703234880450097,-3.333333333333331,-8.734746307000643,7.924050632911395,12.957074721780614,72.47251842857392,114.4398614061262,2000.5981313484067,2046.263308254795,1.6955868394527511,2.252484089107961
KBPPWBIL,Khan Brothers PP Woven Bag Industries Ltd,39.9,0.25125628140703876,1.0126582278480976,-3.8554216867469915,-19.55645161290323,-16.875000000000004,-16.875000000000004,-67.92604501607717,180.98591549295776,87.3765384969238,19.203371967386175,2.6965919677035686,4.195677629957533
KDSALTD,KDS Accessories Ltd.,50.9,0.7920792079207893,-1.1650485436893232,-4.502814258911817,4.948453608247419,21.190476190476186,23.844282238442815,25.061425061425048,9.969136077391976,4.41046116184794,-2.452786582395438,2.3501844630710846,2.5484616113963017
KEYACOSMET,Keya Cosmetic Ltd.,5.6,1.818181818181812,7.692307692307681,5.660377358490563,16.666666666666664,36.58536585365854,24.44444444444444,16.666666666666664,-37.07865168539326,-21.95604235684731,-64.17310924849195,5.187516187516185,3.8943199139277596
KOHINOOR,Kohinoor Chemical Company (Bangladesh) PLC,526.4,-0.3030303030303073,0.20940415000952273,3.2156862745097996,4.485907105994435,3.114593535749261,5.301060212042409,12.434951343875717,87.5549391292645,325.27169213391636,1039.5719032794832,2.920071887410776,2.3260586391125857
KPCL,Khulna Power Company Ltd.,11.0,2.8037383177570163,6.7961165048543615,2.8037383177570163,0.0,-2.654867256637174,4.761904761904762,-1.7857142857142796,-70.74468085106383,-80.7324840963756,-74.5390781189121,2.850437044430326,2.79570941136128
KPPL,Khulna Printing & Packaging Ltd,15.2,0.0,-0.6535947712418393,-3.1847133757961785,7.042253521126761,21.599999999999994,-5.000000000000004,-20.000000000000004,-10.58823529411765,72.7272727272727,-55.88390505858913,2.535349919455884,3.3652553742431714
KTL,Kattali Textile Ltd.,12.2,3.3898305084745637,12.96296296296295,19.607843137254903,31.182795698924718,34.06593406593406,5.172413793103446,1.6666666666666607,-61.26984126984127,-36.22816040374207,-36.22816040374207,5.020642748719389,4.118834534142005
LANKABAFIN,LankaBangla Finance PLC,18.0,-0.5524861878453117,-1.098901098901095,7.784431137724555,28.571428571428573,37.40458015267176,46.341463414634134,7.784431137724555,-50.13850415512466,-1.6423579834443456,-37.13622652947359,3.466239825915932,3.944893681789844
LEGACYFOOT,Legacy Footwear Ltd.,78.4,3.157894736842113,9.040333796940194,12.643678160919558,-3.567035670356693,52.233009708737875,44.649446494464954,30.232558139534888,21.739130434782606,233.92592463969274,400.6480761629584,3.8741856804089414,3.3906014662267383
LHB,LafargeHolcim Bangladesh PLC,58.3,-0.6814310051107422,-2.508361204013378,4.107142857142852,15.445544554455441,11.047619047619044,23.77919320594479,3.552397868561279,-6.720000000000004,-16.355810616929706,702.1557996279149,2.164927737590603,2.6564368652277404
LIBRAINFU,Libra Infusions Ltd.,640.0,0.45518756867053484,0.2506265664160437,-0.9900990099009866,2.4,1.571179177908265,0.6289308176100629,-18.9873417721519,47.69230695384617,82.85714267428571,443.3962258511925,1.2315641351763649,1.7352406282110262
LINDEBD,Linde Bangladesh Limited,724.9,0.09665838166251474,-1.3741496598639487,1.3846153846153815,14.699367088607593,-11.801922374984791,-4.492753623188409,-23.20974576271187,-47.732352729108094,-49.55462769659012,40.6207565470417,1.2643771491370122,1.3988554281426027
LOVELLO,Taufika Foods and Lovello Ice-cream PLC,68.9,-0.8633093525179775,-2.545968882602542,-2.9577464788732315,-18.557919621749395,-2.407932011331429,1.026392961876837,-23.606124417263114,143.36238567944645,430.5300006949943,430.5300006949943,2.710320482865928,3.405708049799122
LRBDL,Lub-rref (Bangladesh) Ltd,15.8,1.9354838709677464,8.219178082191789,19.696969696969706,50.47619047619049,71.73913043478262,59.59595959595959,8.219178082191789,-68.08080808080808,-60.98765432098765,-60.98765432098765,5.012915006124207,4.91773367190722
LRGLOBMF1,LR Global Bangladesh Mutual Fund One Units,5.0,8.695652173913052,4.1666666666666705,38.888888888888886,56.249999999999986,66.66666666666667,78.57142857142858,28.205128205128208,-44.44444444444444,-15.254237288135597,-45.65217391304348,6.833798204057228,5.989315295368937
MAGURAPLEX,Magura Multiplex PLC,92.7,0.0,0.7608695652173944,2.7716186252771617,13.325183374083135,11.552346570397123,10.488676996424312,4.391891891891898,-20.542857492468574,418.7357489838719,418.7357489838719,1.822966936777155,2.563838208969475
MAKSONSPIN,Maksons Spinning Mills PLC,6.4,0.0,6.666666666666672,8.47457627118644,16.36363636363637,33.33333333333335,36.17021276595745,-4.477611940298504,-69.66824644549763,-5.3521125094227315,-60.35955037383966,6.1124411212109155,4.464407280690369
MALEKSPIN,Malek Spinning Mills PLC,46.4,4.97737556561085,5.694760820045558,25.405405405405403,74.4360902255639,57.823129251700685,60.55363321799308,77.77777777777777,45.45454545454545,190.0,85.6,3.6736214571637555,5.426425167234027
MARICO,Marico Bangladesh Limited.,2721.0,-0.01837222120154327,-1.0545454545454545,-1.8114896073902937,-1.7689530685920578,-2.577873254564984,2.559270287588108,-4.559803577692038,14.327731092436975,115.09881422924902,624.6338215712384,0.8073362169037709,0.6318553142078358
MATINSPINN,Matin Spinning PLC,61.6,-0.32362459546924877,9.608540925266901,9.80392156862745,33.622559652928416,29.14046121593291,32.473118279569896,22.46520874751492,7.317073170731712,60.41666666666668,36.88888888888889,3.8725760948454493,3.559511834021207
MBL1STMF,MBL 1st Mutual Fund 2010- Units,7.7,0.0,10.000000000000002,83.33333333333333,97.43589743589745,113.88888888888887,126.47058823529414,57.14285714285714,-14.444444444444441,30.50847457627118,11.594202898550723,7.241384895847139,6.354647293704434
MEGCONMILK,Meghna Condensed Milk Industries Ltd.,36.9,2.785515320334262,-1.6000000000000039,-10.218978102189787,5.428571428571424,36.16236162361623,156.25,107.30337078651684,149.32432432432432,434.78260869565213,288.42105263157896,6.565248586139946,6.002106216270966
MEGHNACEM,Meghna Cement Mills PLC,31.9,-1.2383900928792526,2.903225806451608,1.2698412698412653,3.236245954692557,-3.3333333333333375,8.873720136518763,-25.8139534883721,-55.23849966155829,-50.786021383453345,-56.813191374141674,4.108820456505627,4.228460486816465
MEGHNAINS,Meghna Insurance PLC,39.3,0.0,4.521276595744669,15.929203539823007,33.6734693877551,34.12969283276449,39.85765124555158,46.09665427509293,257.27272727272725,257.27272727272725,257.27272727272725,4.509306749789657,6.3707393527048435
MEGHNALIFE,Meghna Life Insurance PLC,60.2,-0.9868421052631486,-1.3114754098360608,-1.3114754098360608,7.308377896613193,10.661764705882362,18.50393700787403,9.454545454545459,-9.984633925438963,66.91586993475113,-7.568422473344846,3.3091370275279397,2.672108440296357
MEGHNAPET,Meghna Pet Industries Ltd.,84.3,-1.0563380281690207,-12.187500000000002,4.460966542750922,101.67464114832536,215.73033707865164,286.697247706422,230.58823529411765,433.54430379746833,1552.9411764705883,1217.1874999999998,7.505708574489648,6.698550299073287
MERCANBANK,Mercantile Bank PLC,7.3,-2.6666666666666687,-2.666666666666669,-1.3513513513513584,2.8169014084507067,-8.750000000000002,-1.3513513513513584,-24.74226804123711,-51.64935079126295,12.919785295867076,-29.442963378681732,2.1934272300469453,2.327580313947182
MERCINS,Mercantile Islami Insurance PLC,44.5,-0.8908685968819567,6.971153846153843,-0.44742729306488327,71.15384615384616,76.5873015873016,74.50980392156863,60.64981949458484,-20.818505338078296,312.03703703703707,61.29449887463433,3.6965705128028694,4.550101157296645
METROSPIN,Metro Spinning Ltd.,9.8,2.0833333333333446,5.376344086021505,6.521739130434798,11.363636363636363,28.947368421052648,15.29411764705883,-15.517241379310336,-50.999999877499995,27.99756083668559,-34.78940817281645,3.8222201983688393,3.3682928376414893
MHSML,Mozaffar Hossain Spinning Mills Ltd.,23.5,1.2931034482758652,7.798165137614676,0.0,6.818181818181818,33.522727272727266,74.07407407407408,45.061728395061735,23.03664921465968,61.139786831398794,-5.028238412566197,2.347529250421416,2.85240533319093
MIDASFIN,MIDAS Financing PLC,6.0,0.0,0.0,-3.225806451612906,3.448275862068969,-3.225806451612906,33.333333333333336,-23.076923076923073,-69.4014779615499,-57.27051897559778,-75.61132511222618,4.36760211169769,4.75801295880898
MIDLANDBNK,Midland Bank PLC,18.4,-1.0752688172043163,-2.127659574468096,10.843373493975886,14.285714285714267,-3.157894736842113,7.602339181286532,-15.207373271889404,110.57777699863998,110.57777699863998,110.57777699863998,3.249776240268963,4.064085266248979
MIRACLEIND,Miracle Industries Limited,29.5,0.3401360544217735,1.7241379310344827,-1.3377926421404636,11.742424242424248,-4.530744336569575,-7.232704402515725,4.609929078014186,-17.36694677871149,32.03487013528631,220.0814075304518,3.137853437397499,3.2602730337179655
MIRAKHTER,Mir Akhter Hossain Ltd,42.0,-0.47393364928910625,0.7194244604316478,0.7194244604316478,-1.4084507042253553,44.827586206896555,52.17391304347825,52.17391304347825,-54.248366013071895,-48.148148148148145,-48.148148148148145,2.8643327368428313,3.3086594069197726
MITHUNKNIT,Mithun Knitting & Dyeing (CEPZ) Ltd.,14.4,-0.6896551724137907,-3.3557046979865772,-5.2631578947368345,-8.860759493670887,2.85714285714286,-1.3698630136986254,-8.860759493670887,7.462686567164179,-71.29568095059437,-72.41800792245259,3.3343715671301855,4.758880790203763
MJLBD,MJL Bangladesh PLC,93.5,0.0,-0.7430997876857779,-0.5319148936170213,5.292792792792796,7.34787600459243,3.888888888888889,-0.7430997876857779,8.217592592592586,-5.782149476547497,64.27430531724373,1.2229803946573716,1.4904563715405876
MLDYEING,M.L. Dyeing & Textile Ind. PLC,18.1,1.68539325842697,10.365853658536604,60.17699115044248,118.07228915662651,126.25000000000001,115.47619047619048,75.72815533980584,-43.7888198757764,162.26900110729974,162.26900110729974,8.26963621362516,7.524314954244916
MONNOAGML,Monno Agro & General Machinery Ltd.,348.6,-0.2575107296137274,-0.9659090909090845,-1.8028169014084443,4.842105263157902,-1.8028169014084443,-5.656292286874148,-3.9669421487603245,16.103871401050213,729.3304438179166,2703.2338984373837,1.5984297990720884,2.123264221741747
MONNOCERA,Monno Ceramic Industries Limited.,93.8,0.21367521367521675,-1.985370950888198,-3.0991735537190084,14.66992665036675,19.490445859872608,14.66992665036675,6.7121729237770085,-19.96587030716724,270.6334221953042,447.71383497866566,1.5225506650498897,2.835930332306216
MONNOFABR,Monno Fabrics Ltd.,23.4,1.7391304347826024,4.932735426008959,3.539823008849545,5.405405405405403,16.999999999999993,9.345794392523365,60.27397260273972,-0.847457627118656,-0.847457627118656,-0.847457627118656,3.1942412505598545,2.3644719342190976
MONOSPOOL,Monospool Bangladesh PLC,120.1,0.5020920502092002,-1.5573770491803325,4.6167247386759565,20.582329317269078,27.765957446808507,26.821541710665247,33.18707771627926,-2.6112183413945145,151.1181808022946,151.1181808022946,1.4267735286717274,2.6509116265098114
MPETROLEUM,Meghna Petroleum PLC,214.6,0.0,0.2803738317756983,-1.5596330275229384,6.607054148037745,8.383838383838382,11.364815775817336,1.7061611374407557,13.066385669125385,19.22222222222222,50.35668774773247,0.9278761992021071,1.090702561798859
MTB,Mutual Trust Bank PLC,13.5,0.7462686567164152,-0.7352941176470562,-0.7352941176470562,30.264616241395814,22.71304426134793,37.678049677387534,23.608759944055784,7.331840403086879,144.10532516978344,177.9394607666463,2.3951277480689264,2.7380833084705953
NAHEEACP,Nahee Aluminum Composite Panel PLC,36.9,1.0958904109589003,0.5449591280653835,1.6528925619834751,53.74999999999999,119.64285714285712,99.45945945945945,70.83333333333331,-15.17241379310345,-41.45290457721406,-41.45290457721406,3.1651937681556936,4.4472826141305175
NATLIFEINS,National Life Insurance PLC,102.5,-0.870406189555131,0.49019607843137253,-1.1571841851494724,2.2954091816367237,-1.5369836695485057,9.275053304904054,0.885826771653549,-57.13090757005437,-18.257537853553767,-24.54415129023872,1.6475143866714028,2.714906619157672
NAVANACNG,Navana CNG Limited,22.9,0.0,2.232142857142857,5.045871559633017,12.254901960784315,11.165048543689306,7.511737089201867,2.232142857142857,-31.76418885787666,-45.11467363802027,-61.158076574052366,2.7981717830764956,2.1421486709695623
NAVANAPHAR,Navana Pharmaceuticals PLC,71.7,0.42016806722688677,0.7022471910112359,-0.5547850208044265,24.263431542461003,20.504201680672274,36.8320610687023,29.65641952983726,171.5909090909091,171.5909090909091,171.5909090909091,2.2081817386065383,2.544575732700651
NBL,National Bank PLC,3.9,0.0,0.0,0.0,-2.500000000000002,14.705882352941178,21.87499999999999,2.6315789473684235,-48.16455686688432,-30.90488622821598,-63.44868495369446,2.6315789473684226,3.544315981989112
NCCBANK,National Credit and Commerce Bank PLC,15.4,0.0,-1.2820512820512775,-4.347826086956529,-1.7422861934781908,22.2595981457525,31.27874885255554,31.27874885255554,15.824371567363773,128.81904116997325,39.79715674024807,2.2112854465795646,2.691684059040821
NCCBLMF1,NCCBL Mutual Fund-1 2012- Dividend Units,7.7,5.479452054794526,5.479452054794526,71.11111111111111,83.33333333333333,92.5,92.5,37.500000000000014,-13.483146067415731,28.33333333333334,-35.833333333333336,8.528502526680716,7.368060731991743
NEWLINE,New Line Clothings Ltd.,7.2,5.882352941176476,24.137931034482765,26.31578947368421,33.33333333333333,89.47368421052633,80.0,0.0,-76.0,-71.14851996950442,-71.14851996950442,7.242212742022829,6.302111792144901
NFML,National Feed Mill Ltd,21.5,3.8647342995169116,5.91133004926108,-7.72532188841202,52.4822695035461,46.25850340136056,52.4822695035461,100.93457943925235,-37.0579710300002,66.46501752561124,-22.921877275479503,3.7187967858699507,4.709375876058401
NHFIL,National Housing Finance PLC,30.4,0.0,-4.702194357366771,2.013422818791939,30.472103004291835,20.15810276679841,35.11111111111111,19.2156862745098,-24.00000007600001,12.834355620204146,-0.4556700643526034,2.569913433278026,3.2490863557769947
NITOLINS,Nitol Insurance PLC,38.1,2.4193548387096735,7.627118644067805,10.115606936416185,24.509803921568626,36.07142857142858,35.587188612099645,33.21678321678321,-30.906735584827103,135.31708404222732,59.94303744165966,5.395427086701423,5.5640808234288
NORTHERN,Northern Jute Manufacturing Co. Ltd.,114.9,-0.6914433880725991,-5.4320987654320945,1.952085181898849,3.5135135135135185,28.236607142857157,34.701055099648315,5.412844036697253,-60.66415611092091,-58.09118524269909,666.0000051066667,4.980153670660363,5.91311397869348
NORTHRNINS,Northern Islami Insurance PLC,38.8,0.7792207792207718,3.191489361702116,-2.7568922305764447,30.576923403365377,30.159744712513138,46.54676295629495,29.3333336351111,-34.39613510723704,215.5915496647056,26.92149011759379,3.63135172605025,4.547284562639331
NPOLYMER,National Polymer Industries PLC,36.0,0.5586592178771029,0.8403361344537735,7.142857142857138,22.033898305084747,29.032258064516135,35.33834586466165,18.421052631578952,-38.46153846153846,-9.225109611480725,149.44442404042948,2.7055258238260844,3.4506826945673192
NRBBANK,NRB Bank PLC,6.9,0.0,6.1538461538461595,11.290322580645164,15.000000000000005,0.0,13.114754098360669,-29.59183673469388,-23.33333333333333,-23.33333333333333,-23.33333333333333,5.828619909502259,3.523159342692315
NRBCBANK,NRBC Bank PLC,8.7,1.1627906976744147,8.749999999999991,17.56756756756755,26.08695652173911,47.45762711864405,70.58823529411764,20.83333333333332,-66.18213677407697,-31.586462539637953,-31.586462539637953,4.2071078015491,3.0778784288397527
NTC,National Tea Company Limited,174.7,1.8658892128279818,0.0,10.151324085750312,9.11930043722673,9.187499999999993,0.5178365937859477,1.5697674418604586,-65.74509803921569,-69.56445993031359,-77.3116883116883,3.9068413485369136,4.783351420021365
NTLTUBES,National Tubes Limited,70.4,0.7153075822603718,0.28490028490028896,4.761904761904766,15.789473684210542,20.96219931271478,12.64000000000001,-15.789473684210513,-27.49742533470648,-4.562370746312435,198.76127536352254,1.934516924196156,3.64052113136725
NURANI,Nurani Dyeing & Sweater Ltd.,3.0,3.448275862068969,0.0,3.448275862068969,0.0,42.85714285714285,50.0,-3.225806451612906,-69.69696969696969,-82.27108003686878,-82.27108003686878,6.1871921182266085,4.9549395748082095
OAL,Olympic Accessories Ltd,6.8,1.4925373134328304,3.030303030303033,-4.225352112676054,17.24137931034483,30.769230769230763,19.298245614035082,-12.820512820512821,-59.763313609467446,-61.9199999634432,-71.82732798462808,3.61881665305722,3.62096829129314
OIMEX,Oimex Electrode Ltd.,16.6,0.6060606060606146,3.105590062111801,1.8404907975460165,18.57142857142858,34.959349593495936,8.496732026143794,-34.12698412698412,-35.65891472868216,-66.70846758829832,-66.70846758829832,2.690490957087795,3.1418982750470725
OLYMPIC,Olympic Industries PLC.,153.9,-0.19455252918286833,1.584158415841588,-0.7096774193548351,7.773109243697475,5.628002745367205,11.845930232558148,-5.524861878453039,-11.602527283170586,-52.04896130445474,108.28571563565629,1.4979896059434639,1.7588684167823505
ONEBANKPLC,One Bank PLC,8.1,0.0,2.531645569620244,2.531645569620244,24.61538461538461,6.578947368421053,15.71428571428571,-1.219512195121947,-11.752631181369757,-11.752631181369757,-11.752631181369757,2.5253975981824,2.418110494113396
ORIONINFU,Orion Infusion Ltd.,278.0,-1.8014835747085913,-3.939184519695915,-10.983029138648737,-13.557213930348263,-22.497909116253133,-18.2593354895619,-18.950437317784257,292.6553672316384,300.0,504.3478260869565,2.031321838754417,3.1435056947804556
ORIONPHARM,Orion Pharma Ltd.,28.9,1.048951048951039,0.3472222222222148,1.048951048951039,12.015503875968983,7.434944237918216,6.249999999999998,-7.961783439490446,-49.82638888888889,-21.891891891891895,-57.707316904,3.0036107096440823,2.644752109695617
PADMALIFE,Padma Islami Life Insurance Ltd.,17.7,-0.5617977528089967,-1.117318435754186,-3.2786885245901716,2.312138728323691,3.5087719298245488,5.9880239520958085,-21.333333333333336,-48.843930635838156,-9.999999649152539,-63.875275605114844,2.056764047934723,4.338668725512208
PADMAOIL,Padma Oil PLC,201.1,-0.0497017892644107,-0.19851116625310455,-0.8382642998027697,14.456459874786571,16.918604651162788,18.643067846607668,0.5499999999999972,-5.007085498346715,5.8978409689310105,18.29411752876471,0.7877569667122851,1.5331946034367947
PARAMOUNT,Paramount Insurance PLC.,63.9,1.4285714285714262,5.6198347107438,-2.293577981651387,19.216417910447756,13.701067615658355,46.89655172413793,53.60576923076922,-33.15899581589958,886.0506576843696,385.5726192241498,3.391143599730551,4.911919030552732
PDL,Pacific Denims Ltd.,5.8,1.7543859649122744,5.4545454545454515,0.0,9.433962264150944,52.631578947368425,26.086956521739136,-14.705882352941178,-59.876712343882055,-70.55888181252438,-70.55888181252438,4.587558237286007,4.623273985187225
PENINSULA,The Peninsula Chittagong PLC,25.0,0.4016064257028169,2.0408163265306123,6.382978723404255,19.617224880382782,20.19230769230769,36.61202185792349,125.22522522522523,10.619469026548666,63.398692810457504,-30.921052458881576,2.099792031853551,3.1973524951375145
PEOPLESINS,Peoples Insurance PLC,64.6,1.8927444794952615,17.66848816029143,1.572327044025146,20.74766355140186,68.66840731070495,77.96143250688705,77.96143250688705,9.677419354838703,358.1560283687943,144.6969696969697,3.859423047436152,4.167936997114788
PF1STMF,Phoenix Finance 1st Mutual Fund Units,14.3,0.0,12.598425196850405,60.674157303370784,90.66666666666669,180.39215686274514,186.00000000000003,164.8148148148148,30.000000000000004,191.83673469387753,81.01265822784809,5.952533715780997,5.11099887218327
PHARMAID,Pharma Aids Limited.,614.8,0.5396565821749721,-1.6320000000000072,1.3016971494480107,8.430335097001755,7.85964912280701,24.70588235294117,0.5890052356020793,39.72727272727272,158.1024349286314,338.82940756602426,2.2642101961587606,3.1062133248138486
PHENIXINS,Phoenix Insurance PLC,47.7,4.3763676148796495,7.191011235955062,9.403669724770644,22.307692307692314,45.871559633027516,77.98507462686567,80.6818181818182,-22.185970636215327,144.61538461538464,6.473214285714299,3.0495013985527977,3.872168993182773
PHOENIXFIN,Phoenix Finance and Investments Ltd.,4.1,0.0,5.128205128205121,7.894736842105259,2.499999999999991,13.888888888888877,70.83333333333333,13.888888888888877,-86.51315789473684,-69.5780001156036,-84.9727570434382,10.564804016023528,6.502083626350085
PHPMF1,PHP First Mutual Fund Units 2010-,4.1,5.1282051282051215,2.499999999999991,28.124999999999982,28.124999999999982,70.83333333333333,70.83333333333333,17.14285714285713,-45.33333333333334,1.7148932534446202,-26.58364336792143,6.887314439946021,6.454704419440442
PIONEERINS,Pioneer Insurance PLC,69.4,0.5797101449275445,4.518072289156626,-4.143646408839778,8.777429467084653,35.69832434832559,51.49688185908819,64.49209971453539,-38.789199753136835,219.2459837487869,73.19637536632116,2.2467072585164463,3.00944050830672
PLFSL,Peoples Leasing and Financial Services Ltd.,2.1,5.000000000000004,16.666666666666668,40.00000000000001,-19.23076923076923,156.0975609756098,296.2264150943396,-4.545454545454549,-29.999999999999996,-73.75,-92.84829722004332,10.073099415204686,7.767013688066321
POPULAR1MF,Popular Life First Mutual Fund Units 2010-,4.2,5.000000000000004,0.0,31.25,35.483870967741936,75.00000000000001,75.00000000000001,16.666666666666668,-42.46575342465753,8.65181212376707,-19.984637812511068,7.5452091767881235,6.4610209361505895
POPULARLIF,Popular Life Insurance Co. Ltd.,59.1,-0.1689189189189213,-1.3355592654423993,-4.058441558441558,6.294964028776978,30.1762114537445,39.05882352941177,22.869022869022867,-38.62928348909657,-11.791044776119401,-46.96153814330769,2.9517132185953017,3.04090479638371
POWERGRID,Power Grid Co. of Bangladesh Ltd.,41.0,0.7371007371007301,6.4935064935064934,3.5353535353535315,24.242424242424242,29.337539432176662,52.41635687732343,24.242424242424242,-17.171717171717173,-28.446771378708547,-24.493554327808468,3.3934537282647117,2.9850275285697108
PRAGATIINS,Pragati Insurance PLC,80.0,1.2658227848101267,7.962213225371128,-5.882352941176471,7.853402736487484,0.48780450624389743,14.603615711127151,55.178907144108585,6.512631961182527,451.2017423718582,101.14345594347732,3.008893055389456,3.386945174187895
PRAGATILIF,Pragati Life Insurance PLC,164.7,-0.7233273056057968,-0.7233273056057968,-4.142857238714292,-6.323681580686792,-23.814129597496258,22.577807724041445,73.36842087013851,92.23243150613763,261.6146273324898,148.7004605532525,2.8742904612339357,2.9052695020700523
PREMIERBAN,The Premier Bank PLC,5.7,0.0,11.764705882352953,29.545454545454536,35.714285714285715,32.55813953488373,42.50000000000001,-22.972972972972975,-50.80109502365324,49.384200977520415,-22.049456862633022,5.551335456995837,5.823420854735871
PREMIERCEM,Premier Cement Mills PLC,50.4,1.8181818181818152,-0.7874015748031469,3.703703703703698,25.373134328358194,31.592689295039172,28.57142857142856,5.439330543933057,-29.707112970711304,-47.169811320754725,-52.0,2.625083554599297,3.9644570665067853
PREMIERLEA,Premier Leasing & Finance Limited,2.9,7.407407407407398,15.999999999999996,15.999999999999996,20.833333333333336,286.6666666666667,437.037037037037,-3.333333333333336,-73.39449541284404,-59.01199812239334,-78.6056845222967,9.429357360391837,8.693135241311149
PRIME1ICBA,Prime Bank 1st ICB AMCL Mutual Fund Units,7.0,7.6923076923076925,2.941176470588238,40.0,52.17391304347827,59.09090909090907,62.79069767441861,34.615384615384606,-16.666666666666668,34.615384615384606,-2.7777777777777803,5.118371212121207,5.413000320413602
PRIMEBANK,Prime Bank PLC,30.2,-0.657894736842103,-0.9836065573770515,0.6666666666666643,3.4246575342465753,-3.9090906688636338,10.104166941927083,12.846975350001903,45.75224190777579,130.66467686354596,6.292776639252306,1.2543654756312688,1.4773089666988086
PRIMEFIN,Prime Finance and Investment Ltd.,3.7,2.77777777777778,0.0,12.121212121212132,-2.631578947368412,105.55555555555556,236.36363636363635,-21.27659574468085,-71.31782945736433,-49.315068493150676,-86.38036804468365,7.227370227370223,6.641580880060136
PRIMEINSUR,Prime Islami Insurance PLC,55.1,8.893280632411066,18.49462365591398,17.234042553191493,58.78962536023054,63.01775147928996,84.28093645484952,51.79063360881544,-9.819967266775777,317.4242424242425,54.28000036410081,5.964308299387833,5.20279864154517
PRIMELIFE,Prime Life Insurance Company Limited,41.4,1.2224938875305624,5.882352941176463,-2.5882352941176503,5.0761421319796955,10.695187165775401,25.45454545454545,6.426735218508997,-34.285714285714285,-35.02242136731887,-54.45999993032381,3.3110622911781906,3.351722356193949
PRIMETEX,Prime Textile Spining Mills Ltd.,17.6,-1.1235955056179736,4.761904761904766,-1.6759776536312692,-3.8251366120218537,36.43410852713179,27.536231884057973,23.943661971831002,-22.807017543859644,-1.1235955056179734,-12.87128712871286,4.888018972904339,4.2276778933818076
PROGRESLIF,Progressive Life Insurance Co. Ltd.,39.8,-1.4851485148514887,-3.398058252427198,-6.1320754716981165,-5.011933174224347,-17.93814432989691,-12.719298245614045,-20.717131474103592,-64.52762923351159,-2.8579618182213364,-46.80154949335687,7.33107639584412,4.123632992648748
PROVATIINS,Provati Insurance PLC,60.8,1.3333333333333286,7.80141843971631,-7.598784194528876,72.23796033994334,86.50306748466257,111.84668989547038,69.83240223463687,-59.042973498748665,674.0604007987997,225.52661229794722,4.226652022113056,5.382452544848174
PTL,Paramount Textile PLC,65.2,0.0,3.4920634920634965,-3.120356612184241,4.6548956661316305,28.094302554027514,25.86872586872588,30.923694779116477,33.049470166471686,537.814915281642,155.19240445233456,1.976680754300769,2.4119042808074016
PUBALIBANK,Pubali Bank PLC,39.0,0.0,4.55764075067025,5.405405405405405,15.000027427506549,7.296676302056768,45.145665679800565,57.368458553259174,129.81090948591387,267.50178441198153,123.71390524134281,2.7854271003736133,2.237866007321896
PURABIGEN,Purabi General Insurance Co. Ltd.,32.0,0.9463722397476363,5.610561056105609,0.6289308176100606,12.280701754385966,48.83720930232558,64.94845360824743,70.2127659574468,-24.748858722378603,346.294419734153,8.09580275216231,3.7283429591567776,4.099883244167583
QUASEMIND,Quasem Industries Limited.,46.6,1.3043478260869596,1.3043478260869596,1.525054466230943,15.920398009950246,20.72538860103627,23.221153709899678,31.099744118112795,20.202712826445403,24.606075307016987,193.2505606398515,2.190087595391397,3.485436171817009
QUEENSOUTH,Queen South Textile Mills Ltd.,19.4,9.604519774011296,10.857142857142849,24.35897435897435,65.8119658119658,73.21428571428571,63.025210084033596,43.703703703703695,-33.23376647828673,-20.107193545657516,-20.107193545657516,6.987641534521124,4.770482431865209
RAHIMAFOOD,Rahima Food Corporation Ltd.,86.0,-0.9216589861751119,-4.017857142857137,-11.248710010319922,-12.86727456940223,-38.04034582132565,-46.25,-39.94413407821229,-73.44039530574429,57.221206581352824,400.0,3.302437832850868,4.853124298578897
RAHIMTEXT,Rahim Textile Mills Ltd.,212.7,0.9971509971509945,3.252427184466014,-5.466666666666672,10.207253886010356,-11.742738589211623,-0.2812939521800388,20.852272727272723,-30.98637248539909,45.38977909214552,427.3683836478809,3.2601317139147823,4.228701668747546
RAKCERAMIC,RAK Ceramics (Baneladesh) Limited,31.3,0.6430868167202549,0.6430868167202549,5.033557046979865,37.885462555066084,32.62711864406779,40.990990990990994,44.23963133640554,-23.65853658536585,-30.84060866432598,-22.026176518542133,2.187133476418823,2.8981044028913696
RANFOUNDRY,Rangpur Foundry Limited,162.2,0.18529956763433164,1.3116801998750747,-10.13850415512466,6.151832460732969,5.667752442996735,13.505948215535327,6.710526315789466,20.50520059435364,54.1825095057034,161.61290322580643,2.0674188504655167,3.9120902662511177
RDFOOD,Rangpur Dairy and Food Products Limited,28.3,0.35460992907801925,4.428044280442801,-1.0489510489510514,39.40886699507389,42.21105527638193,41.50000000000001,17.916666666666668,-34.93526809489055,212.89530292859803,74.91473255999094,2.675366150454136,3.4197724146228596
RECKITTBEN,Reckitt Benckiser (Bangladesh) PLC,3320.0,0.13572613482129392,0.44777925692848186,-1.0432190760059612,-1.6878886585726978,-4.25930732185598,-2.9239766081871346,-1.1875353433137918,-25.925925925925927,116.28664495114006,349.255751014885,0.6715267729342198,0.7198468650215814
REGENTTEX,Regent Textile Mills Ltd.,7.5,0.0,19.04761904761905,15.384615384615385,82.9268292682927,102.7027027027027,87.5,97.36842105263159,-33.6283185840708,-28.620191925247532,-70.76996853282664,6.714515869445444,5.517798420121662
RELIANCE1,Reliance Insurance Mutual Fund Reliance One Units,12.6,4.9999999999999964,3.278688524590167,15.596330275229352,6.7796610169491425,-15.436241610738259,-19.745222929936304,-26.31578947368422,-6.666666666666669,46.51162790697675,38.46153846153846,3.8491786545126536,3.511733535952125
RELIANCINS,Reliance Insurance PLC,115.7,2.028218694885359,5.181818181818184,-6.618240516545603,25.4880694143167,62.95774647887324,76.91131498470948,89.67213114754098,8.638497652582162,279.3022155874124,139.60074576831758,3.831335539481299,4.791976770198824
RENATA,Renata PLC,473.9,0.78689919183326,-0.12644889357218603,4.039517014270028,13.918269230769226,6.01789709172259,20.89285714285714,-8.865384615384619,-59.286109562324214,-28.388413707351205,52.55785033280768,1.385746025071539,1.2954079370821474
RENWICKJA,Renwick Janeswar and Co. (BD) Limited,862.0,7.494700087292683,-2.0454545454545454,43.78648874061718,55.37130497476569,85.3763440860215,76.35024549918167,27.514792899408285,-9.72876741020002,30.211480362537763,998.0891719745223,7.379219340003554,7.3000745240427065
REPUBLIC,Republic Insurance PLC,37.4,1.6304347826086998,4.761904761904749,3.314917127071811,14.72392638036809,6.857142857142853,36.496350364963504,23.432343234323426,-29.994057369609063,440.74886601456603,82.35482476299356,4.05721846203259,4.881036046253513
RINGSHINE,Ring Shine Textiles Ltd.,5.0,6.382978723404251,28.205128205128208,31.57894736842106,38.888888888888886,85.18518518518516,56.249999999999986,66.66666666666667,-53.70370370370371,-66.3333333367,-66.3333333367,7.507740875281096,5.5502746666062945
ROBI,Robi Axiata PLc,32.1,0.31250000000000444,-1.5337423312883436,-1.5337423312883436,8.080808080808088,6.644518272425249,13.427561837455832,18.01470588235295,-25.522041763341065,114.00000000000001,114.00000000000001,1.7485859791113718,1.710163943216661
RSRMSTEEL,Ratanpur Steel Re-Rolling Mills Ltd,7.8,1.298701298701294,0.0,-2.500000000000002,1.298701298701294,13.043478260869556,16.41791044776119,-29.09090909090909,-70.22900763358778,-76.26808500014478,-82.7909712823773,2.358168147641832,3.3676010577943685
RUNNERAUTO,Runner Automobiles PLC,48.1,1.263157894736845,14.797136038186164,11.860465116279073,13.981042654028432,49.84423676012461,30.000000000000007,74.9090909090909,-24.843749999999996,-48.093525052890634,-48.093525052890634,4.427955153660306,2.664082092876724
RUPALIBANK,Rupali Bank PLC,17.4,0.5780346820809125,-3.333333333333341,1.1627906976744145,3.5714285714285587,-14.285714285714297,0.5780346820809125,-24.347826086956527,-41.027215234868166,19.609037486195483,-41.97092822810627,3.622529909934128,3.0180107680407366
RUPALIINS,Rupali Insurance Company Ltd.,30.0,0.0,4.166666666666664,9.890109890109887,29.09836097848362,32.352941507352945,47.19626205023365,38.157895082236834,-27.752293397362386,187.2302648946363,-4.278881716849379,3.230161980161978,4.303154139225338
RUPALILIFE,Rupali Life Insurance Co. Ltd.,89.7,0.4479283314669717,2.1640091116173186,-3.8585209003215373,2.3972602739726128,-1.4285714285714255,14.122137404580165,5.77830188679246,22.318181423427703,216.14604145399943,-10.882706089799305,2.395702592489757,3.0689073551366293
SAFKOSPINN,Safko Spinning Mills Limited,21.2,0.47393364928908943,5.472636815920387,-1.3953488372093057,-3.63636363636364,54.74452554744526,53.62318840579709,52.51798561151078,-21.854014594832496,99.44812478082817,7.362501105643855,3.3877012279916086,4.307666898273333
SAIFPOWER,SAIF Powertec Ltd.,9.9,-0.9999999999999963,4.210526315789477,-9.174311926605505,54.6875,106.25000000000001,98.00000000000001,37.5,-63.68858145685778,-28.148359684968383,-27.977398364765534,4.585241906609837,5.074096864719278
SAIHAMCOT,Saiham Cotton Mills Ltd.,23.7,3.493449781659392,12.322274881516575,17.326732673267326,10.747663551401873,28.804347826086964,20.918367346938762,64.58333333333333,27.419354838709662,82.3076923076923,-8.204225429686577,6.35567215527951,4.363042150031348
SAIHAMTEX,Saiham Textile Mills Ltd.,26.1,6.097560975609756,35.937500000000014,38.829787234042556,41.84782608695654,22.535211267605636,50.86705202312139,74.00000000000001,8.750000000000005,106.0526320127424,11.363074167268506,7.541712064203842,4.057731464182021
SALAMCRST,S. Alam Cold Rolled Steels Limited,13.0,-7.142857142857142,-4.411764705882351,-12.751677852348996,-17.721518987341774,20.370370370370363,-12.751677852348996,-36.27450980392157,-64.57765667574932,-47.58064516129032,-72.6890756302521,5.249092651344763,3.6107294115632023
SALVO,Salvo Organic Industries PLC,38.1,0.793650793650805,-0.5221932114882396,0.793650793650805,14.414414414414429,32.75261324041813,25.742574257425744,43.773584905660385,-14.189189189189184,292.572431908845,122.55075256477419,1.8547074349834658,2.4081269723306558
SAMATALETH,Samata Leather Complex (Pvt.) Ltd.,105.7,1.732435033686234,3.4246575342465753,0.858778625954204,-5.540661304736373,18.365061590145583,25.83333333333334,42.837837837837846,20.800000000000004,321.1484360852045,618.759997699968,4.393618941786634,4.984103373502945
SAMORITA,Samorita Hospital Ltd.,96.6,1.2578616352201137,4.094827586206893,16.525934861278635,40.203193033381694,38.793103448275865,32.87482806052268,51.88679245283017,50.25164021048152,93.47436719966691,146.0752105649146,3.08880964306111,3.728711098588395
SANDHANINS,Shandhani Life Insurance Co.Ltd,28.2,0.7142857142857117,2.5454545454545427,11.023622047244098,25.33333333333333,34.928229665071775,46.11398963730569,26.457399103139007,-33.802816901408455,41.787710629924156,-33.76769991400333,2.541447668023721,3.353500199799343
SAPORTL,Summit Alliance Port Limited,57.3,3.616636528028933,9.770114942528725,7.909604519774002,12.573673870333986,29.931972789115633,36.104513064133,145.92274678111588,85.4368932038835,53.10790906912621,171.88951048783346,3.2238002696443764,3.7051859256334274
SBACBANK,SBAC Bank PLC.,7.6,1.3333333333333286,13.432835820895514,16.92307692307692,28.813559322033885,11.76470588235294,22.580645161290313,-11.627906976744187,-27.42690897822288,-27.42690897822288,-27.42690897822288,8.759352623726404,4.110509045656674
SEAPEARL,Sea Pearl Beach Resort & Spa Ltd.,39.8,0.7594936708860687,0.5050505050504943,6.989247311827941,17.058823529411757,24.76489028213166,20.6060606060606,-24.04580152671756,-8.29493087557604,65.83333374791665,65.83333374791665,3.0902764790987924,4.463623523856053
SEMLFBSLGF,SEML FBLSL Growth Fund Units,7.9,3.947368421052641,8.219178082191789,29.508196721311485,49.05660377358492,51.92307692307692,61.224489795918366,36.20689655172415,-38.75968992248062,29.508196721311485,29.508196721311485,5.984593195966158,4.3385924562099945
SEMLIBBLSF,SEML IBBL Shariah Fund Units,8.3,2.469135802469149,1.2195121951219687,13.698630136986313,36.065573770491824,40.67796610169492,43.103448275862085,16.901408450704242,-37.59398496240601,-39.41605839416058,-39.41605839416058,2.8868670886075876,3.0923559561973986
SHAHJABANK,Shahjalal Islami Bank PLC,17.6,0.0,0.0,0.5714285714285795,10.000000000000009,-3.296703296703285,7.317073170731725,-7.368421052631572,-11.137255248699724,149.38930369163108,8.185782376554863,1.3819831620110703,1.4660428449898404
SHARPIND,Sharp Industries PLC,36.7,4.558404558404562,4.261363636363636,69.90740740740742,133.75796178343953,208.40336134453784,184.49612403100778,94.1798941798942,125.15337423312884,125.15337423312884,125.15337423312884,5.897794296943021,7.381546863410368
SHASHADNIM,Shasha Denims PLC,29.9,3.4602076124567476,3.103448275862064,20.080321285140563,57.36842105263157,85.7142857142857,88.05031446540879,61.62162162162161,9.523809523809515,2.4345738916899906,-10.423099478987549,2.716619781417103,2.6858585196083036
SHEPHERD,Shepherd Industries PLC,18.5,2.2099447513812076,10.77844311377246,8.823529411764707,10.119047619047615,55.462184873949575,38.05970149253731,0.0,5.347221800833344,-49.011944756174074,-49.011944756174074,4.4748040665963655,3.6817466531870866
SHURWID,Shurwid Industries Ltd,6.7,8.064516129032258,11.66666666666667,-2.8985507246376834,9.836065573770501,34.00000000000001,45.65217391304349,-5.633802816901401,-70.6140350877193,-22.42105275407202,-77.6960527194154,3.9312286922734265,4.290675685779726
SHYAMPSUG,Shyampur Sugar Mills Ltd.,304.5,5.036219385995179,-1.4244091939138808,11.661166116611666,108.70459218642905,101.52217074784912,100.32894736842105,125.89020771513351,361.3636363636364,2856.3106796116504,3706.25,5.5181976464627915,8.284966216427385
SICL,"Sikder Insurance Co., Ltd.",37.4,-0.7957559681697726,0.0,-4.102564102564107,32.155477031802114,84.23645320197043,102.16216216216215,72.35023041474655,38.51851851851851,38.51851851851851,38.51851851851851,4.421241099893858,4.13327126062611
SILCOPHL,Silco Pharmaceuticals Ltd.,21.3,0.0,-0.4672897196261583,-2.739726027397251,46.896551724137936,46.896551724137936,55.47445255474454,39.2156862745098,-36.417910447761194,-12.574626960273722,-12.574626960273722,2.6533867588511644,3.486619370899132
SILVAPHL,Silva Pharmaceuticals Ltd.,17.2,1.17647058823529,1.17647058823529,10.256410256410255,57.79816513761467,79.16666666666667,79.16666666666667,60.74766355140187,-32.015810276679844,-52.473684091710524,-52.473684091710524,3.259026172856587,4.458853552401806
SIMTEX,Simtex Industries PLC,28.4,0.7092198581560258,4.029304029304021,2.527075812274366,15.918367346938771,18.82845188284519,26.222222222222218,63.2183908045977,44.89795918367346,78.96160842542076,5.415741984709049,2.9036822430234945,3.415867773643078
SINGERBD,Singer Bangladesh Limited,78.4,-0.6337135614702154,-1.999999999999993,-3.921568627450967,-6.8883610451306385,-4.969696969696963,-7.764705882352935,-27.407407407407405,-56.68508287292818,-39.297200774003926,-22.741055263437673,1.55737204931315,2.948849936703276
SINOBANGLA,Sinobangla Industries Ltd.,58.4,0.0,2.276707530647981,-0.6802721088435351,4.285714285714283,10.188679245283017,27.510917030567693,38.0614657210402,42.651332437897224,135.68481013481102,221.07523310225483,1.4236943149769492,2.213849116779688
SIPLC,Sena Insurance PLC,124.0,-5.631659056316594,14.075436982520698,8.867427568042137,75.88652482269504,120.64056939501779,132.6454033771107,150.5050505050505,159.41422594142261,159.41422594142261,159.41422594142261,6.39872591829181,5.20868328069581
SKTRIMS,SK Trims & Industries Ltd.,15.4,0.6535947712418277,6.944444444444445,7.69230769230769,63.82978723404255,102.63157894736844,87.80487804878051,54.0,-62.89156626506024,-58.59111119503313,-58.59111119503313,4.17566743888116,5.070689822086091
SONALIANSH,Sonali Aansh Industries Limited.,218.1,3.3159639981051634,4.105011933174222,10.710659898477155,31.2274368231047,18.790849673202615,13.357588357588352,18.532608695652172,284.8257609175122,1055.4966887417218,1515.5555555555557,3.2450900045045863,3.54725307191748
SONALILIFE,Sonali Life Insurance PLC,84.7,0.4744958481613354,-0.35294117647058487,2.916160388821392,19.46403385049365,20.141843971631207,39.08045977011495,51.25000000000001,21.870503597122305,670.0,670.0,2.962884115577667,3.1655627002361317
SONALIPAPR,Sonali Paper & Board Mills Ltd.,242.4,2.0202020202020248,1.6778523489932886,3.1489361702127683,9.48509485094851,4.4377423524343005,2.494714587737846,56.38709677419355,13.97805208836704,60.60613509119138,60.60613509119138,3.0919656440455743,3.753339805553549
SONARBAINS,Sonar Bangla Insurance Ltd.,40.2,1.2594458438287153,5.511811023622051,-9.662921348314601,23.061224816284902,37.49185699774162,66.83794504650596,52.93478299103263,-47.85823503107777,340.66258315393384,93.12885070013019,4.076377649377142,5.124856987412495
SONARGAON,Sonargaon Textiles Limited.,108.0,-1.189387008234215,12.5,10.429447852760738,191.8918918918919,241.7721518987342,247.2668810289389,204.22535211267606,321.875,1127.2727272727273,478.57143001785715,6.285487598641495,6.915750545854611
SOUTHEASTB,Southeast Bank PLC,10.7,0.943396226415091,0.0,1.904761904761898,15.64646450395081,20.51578937727156,25.81318677170994,21.797872187530317,-24.686736928174142,3.718466377734024,-10.084067766387708,3.046199318814377,3.155622983504024
SPCERAMICS,Shinepukur Ceramics PLC,23.3,0.0,0.8658008658008627,-8.267716535433062,15.346534653465353,56.375838926174495,59.58904109589042,12.019230769230768,-28.086419753086414,170.93023255813955,2.6628349501005553,3.7318956471297,3.9487581475496714
SPCL,Shahjibazar Power Co Ltd,57.2,1.2389380530973502,1.5985790408525857,3.623188405797101,2.142857142857148,14.629258517034078,20.421052631578952,32.407407407407405,-18.509588910711233,-47.36078405559989,120.28158213387592,1.562358860782447,2.606062408889207
SQUARETEXT,Square Textiles PLC,51.3,0.0,-0.7736943907156782,2.3952095808383147,10.322580645161285,5.99173553719008,5.7731958762886535,-5.000000000000005,5.5555555555555465,-12.865440829470025,-32.774574942305904,1.4276194471231458,2.097736127072779
SQURPHARMA,Square Pharmaceuticals PLC,220.2,0.22758306781975424,0.09090909090908574,-1.6964285714285765,4.162724692526009,0.8241758241758164,10.653266331658287,-2.133333333333338,-0.9000900090009001,17.324710788469908,110.36446772951902,1.0279983645447073,1.0197271854660468
SSSTEEL,S.S. Steel Ltd,7.4,1.3698630136986376,0.0,7.246376811594202,48.00000000000001,89.74358974358977,80.4878048780488,27.586206896551733,-63.506849481037335,-80.14787223290325,-80.14787223290325,3.040334855403352,4.462885262161987
STANCERAM,Standard Ceramic Industries Ltd.,73.3,1.103448275862065,2.374301675977658,2.374301675977658,5.164992826398844,0.41095890410958513,4.564907275320975,4.864091559370516,-67.13004484304932,46.8937875751503,199.18367346938774,5.186372743468172,4.724276090657697
STANDARINS,Standard Insurance PLC,51.0,2.409638554216873,5.371900826446283,-1.9230769230769231,11.597374179431066,22.302158273381288,30.434782608695645,13.585746102449892,-40.55944055944055,532.7889801699952,95.3957755513783,3.016145022162007,3.912674716172328
STANDBANKL,Standard Islami Bank PLC,5.0,-1.9607843137254832,-1.9607843137254835,6.382978723404252,8.695652173913052,0.0,4.1666666666666705,-26.470588235294112,-41.82022920451305,-5.368217263187065,-44.8054064155321,3.9614245698279302,3.892371064323709
STYLECRAFT,Stylecraft Limited,59.6,2.5817555938037864,-0.5008347245408967,10.780669144981422,15.280464216634426,32.44444444444445,26.27118644067796,-18.35616438356164,-60.053619302949066,34.459517157787,142.67774141143693,3.2026717193178365,4.112783075854062
SUMITPOWER,Summit Power Ltd.,17.1,0.0,2.395209580838336,10.322580645161299,19.580419580419584,37.90322580645162,37.90322580645162,16.326530612244913,-61.224489795918366,-47.222222222222214,-62.75479457284428,2.9950127990977182,3.61056053043989
SUNLIFEINS,Sunlife Insurance Co. Ltd.,68.7,-0.434782608695648,1.178203240058906,-5.241379310344824,0.438596491228066,28.651685393258436,30.36053130929791,25.136612021857932,103.85756676557862,276.74193419565665,-25.721560522715198,3.8030011026025017,4.929150455090697
TAKAFULINS,Takaful Islami Insurance PLC,54.9,0.0,12.04081632653061,23.370786516853926,62.426035502958584,62.426035502958584,61.470588235294116,52.49999999999999,-7.41989881956155,394.4268827688112,78.80147489565199,4.270785222573332,4.767257536720032
TALLUSPIN,Tallu Spinning Mills Limited,8.2,0.0,1.2345679012345636,1.2345679012345636,5.128205128205121,9.333333333333323,30.15873015873015,46.42857142857142,2.499999999999991,-38.34586466165414,-64.34782611795842,2.454152653976348,2.805130541452362
TAMIJTEX,Tamijuddin Textile Mills PLC,133.7,1.2878787878787794,1.8278750952018104,-0.9629629629629713,8.876221498371327,12.352941176470578,6.111111111111102,14.719188654800158,75.08333315825,914.2758606699643,914.2758606699643,1.7349229994788886,2.743567896073209
TECHNODRUG,Techno Drugs Ltd.,48.9,-0.8113590263691656,4.042553191489358,13.194444444444432,31.099195710455774,56.73076923076923,67.46575342465754,54.746835443037966,85.22727272727273,85.22727272727273,85.22727272727273,3.350830635381542,3.995140069866215
TILIL,Trust Islami Life Insurance Ltd.,52.0,0.0,0.580270793036745,-2.2556390977443663,13.043478260869565,5.906313645621179,17.11711711711712,-2.0715630885122436,372.72727272727275,372.72727272727275,372.72727272727275,2.2463514611100797,3.1634020766413466
TITASGAS,Titas Gas Transmission and Distribution PLC,20.7,0.4854368932038731,2.4752475247524752,14.364640883977886,26.219512195121958,26.219512195121958,32.692307692307686,1.4705882352941213,-46.92307692307692,-57.755102040816325,-67.55485893416927,2.7821696416737303,3.7191638492751156
TOSRIFA,Tosrifa Industries PLC,24.5,3.3755274261603407,4.25531914893617,18.93203883495145,40.80459770114943,45.83333333333332,44.11764705882353,18.93203883495145,37.980768694387955,31.840624810479103,-43.57221262484084,4.455465550108524,5.684196845647867
TRUSTB1MF,Trust Bank 1st Mutual Fund Units,4.2,7.6923076923077,2.4390243902439157,31.25,31.25,75.00000000000001,75.00000000000001,13.513513513513512,-46.835443037974684,0.7515381071643102,-35.70220051640778,8.190356348251084,6.633857763859745
TRUSTBANK,Trust Bank PLC,15.6,0.0,-1.2658227848101333,-1.2658227848101333,-0.7272725106776858,-13.789473468684207,-5.862068730172407,-18.910890886386138,-28.444859092623474,70.7349292581655,64.35092664139287,1.4160463192721269,1.7039798750785726
TUNGHAI,Tung Hai Knitting & Dyeing Ltd,2.9,3.5714285714285747,-3.333333333333336,-3.333333333333336,-12.12121212121212,52.631578947368425,81.24999999999997,11.538461538461531,-57.97101449275362,-66.0638298052852,-88.30333335703858,5.0036489691662105,6.098991988975569
UCB,United Commercial Bank PLC,9.9,0.0,2.061855670103104,10.000000000000004,15.11627906976745,-3.883495145631071,-5.714285714285711,-3.883495145631071,-25.42717360064818,-13.330062590822644,-21.930670356745754,2.261729434041661,2.507817342324612
UNILEVERCL,Unilever Consumer Care Limited,2042.2,0.03428851334803064,-0.4047793221165547,-1.6281310211946027,-1.3429951690821234,-6.127327051252584,-5.453703703703702,-17.649905238114442,12.541158641592618,100.06857702669606,510.7514018691589,0.9185318010425957,1.0028178282577709
UNIONCAP,Union Capital Limited,4.9,0.0,0.0,6.521739130434798,11.363636363636363,25.641025641025653,75.00000000000003,0.0,-43.67816091954022,-46.94218729771708,-74.09521077844904,4.558184976118105,4.957037524505631
UNIONINS,Union Insurance PLC,52.6,0.5736137667304098,7.128309572301426,30.198019801980205,50.28571428571429,48.587570621468934,42.93478260869567,41.018766756032186,378.1818181818182,378.1818181818182,378.1818181818182,3.622280712643023,5.7524691278911035
UNIQUEHRL,Unique Hotel & Resorts PLC,45.6,1.7857142857142954,3.8724373576309863,9.615384615384615,20.634920634920647,19.06005221932116,19.06005221932116,17.22365038560412,3.63636363636364,4.827586206896555,-64.00947119179162,2.208127647362588,3.858070899568485
UNITEDFIN,United Finance PLC,18.4,1.6574585635358958,2.2222222222222143,14.999999999999991,42.635658914728666,46.031746031746025,58.620689655172406,38.34586466165412,2.2222222222222143,17.260116184764442,-21.07376182160413,2.982252631089838,4.26284585851676
UNITEDINS,United Insurance Company Limited,64.9,7.986688851913485,28.514851485148522,44.222222222222236,34.36853002070396,46.832579185520366,55.26315789473687,69.89528795811519,1.5649452269170692,213.97968186293693,69.99309833783228,7.141944975939311,4.961847681841031
UPGDCL,United Power Generation & Distribution Co. Ltd.,127.0,0.8737092930897493,0.7936507936507936,2.4193548387096775,8.547008547008547,4.785478547854783,9.388458225667533,-5.505952380952385,-54.675231977159164,40.864166804455294,127.68248978835652,1.571041920581532,2.515087271759856
USMANIAGL,Usmania Glass Sheet Factory Limited,69.9,9.905660377358497,4.328358208955232,51.956521739130444,91.50684931506851,124.03846153846156,105.58823529411767,97.4576271186441,23.49823321554771,-1.024574769749564,44.14167549432356,6.530520321287093,8.86194277840335
UTTARABANK,Uttara Bank PLC,21.3,-0.4672897196261583,0.0,-2.293577981651376,3.5992217898832783,7.3588709677419395,16.26637554585153,25.00000000000001,65.79426025299318,167.12024235616425,64.3600012417591,1.032863849765256,1.1290445846331778
UTTARAFIN,Uttara Finance and Investments Limited,13.6,0.740740740740738,6.249999999999991,0.7407407407407381,3.816793893129771,8.799999999999997,37.37373737373737,-24.02234636871508,-64.3979057591623,-74.27027020837983,-80.7735617827129,2.514386703949839,2.600826319282744
VAMLRBBF,Vanguard AML Rupali Bank Balanced Fund Units,8.3,2.469135802469149,1.2195121951219687,7.792207792207799,36.065573770491824,48.21428571428574,45.61403508771931,36.065573770491824,-16.999999999999993,-24.54545454545454,-24.54545454545454,2.974537037037044,3.7463201377126474
VFSTDL,VFS Thread Dyeing Ltd.,17.8,2.8901734104046244,5.3254437869822615,5.3254437869822615,47.10743801652894,60.360360360360374,39.0625,140.54054054054055,-31.538461380473365,-24.860171205601787,-24.860171205601787,4.560419133297066,3.7644339618938147
WALTONHIL,Walton Hi-Tech Industries PLC,394.8,0.6629270780214235,2.2003624126326686,-1.546134663341643,9.030654515327255,2.3062969681264667,3.894736842105266,-7.580336334389571,-68.92006014694442,14.888888774000003,14.888888774000003,1.5124467403949782,2.008638572475246
WATACHEM,Wata Chemicals Ltd.,141.1,1.4378145219266714,0.0709219858155988,2.2463768115941987,3.445747800586502,-2.013888888888893,-0.6338028169014125,15.089722675367048,-52.31497127407908,52.47110536399139,568.7552086154645,2.1257119693338917,3.0298032599857385
WMSHIPYARD,Western Marine Shipyard Limited,10.1,0.9999999999999963,2.020202020202013,-0.9803921568627417,18.823529411764703,26.249999999999996,23.170731707317078,16.09195402298851,-41.61849710982659,-23.474320058612548,-70.66515605580777,2.9922756981580525,3.5102944035665145
YPL,Yeakin Polymer Ltd.,26.3,1.5444015444015529,3.952569169960474,0.3816793893129825,15.350877192982455,67.515923566879,48.587570621468934,75.33333333333333,73.0263157894737,4.95905674504129,4.95905674504129,4.081681177947602,3.8257773066522414
ZAHEENSPIN,Zaheen Spinning PLC,5.8,1.7543859649122744,7.407407407407397,-1.6949152542372972,1.7543859649122744,41.46341463414635,44.99999999999999,-21.621621621621628,-45.794392523364486,-55.72500005162236,-59.24663380655766,2.890319232424494,3.845849479863758
ZAHINTEX,Zahintex Industries Ltd.,9.3,4.494382022471914,2.1978021978022095,6.896551724137948,10.714285714285717,57.6271186440678,60.34482758620692,111.36363636363637,-2.105263157894729,-48.129577756139774,-60.79600025349053,3.3811712631937265,4.881133377279454
ZEALBANGLA,Zeal Bangla Sugar Milla Limited,219.3,3.786086133459536,4.928229665071775,34.21052631578948,70.13188518231186,56.75482487491065,53.35664335664336,159.83412322274881,53.03558967201674,1314.8387096774193,2420.6896551724144,6.404583753937048,9.457579017884695
