Symbol,Name,Price,Change %,Perf % 1W,Perf % 1M,Perf % 3M,Perf % 6M,Perf % YTD,Perf % 1Y,Perf % 5Y,Perf % 10Y,Perf % All Time,Volatility 1W,Volatility 1M
1JANATAMF,First Janata Bank Mutual Fund Units,3.9,-2.500000000000002,14.705882352941178,29.999999999999996,25.80645161290322,62.5,49.999999999999986,8.333333333333329,-55.68181818181819,-10.83529454913431,-28.266366316838845,6.239315589160796,6.190877960727158
1STPRIMFMF,Prime Finance First Mutual Fund 2009 Units,23.9,-1.2396694214876063,0.42016806722688177,9.132420091324201,23.195876288659797,20.707070707070695,19.499999999999993,-3.6290322580645245,11.682242990654206,174.71264367816093,-21.895424836601315,3.750357625838655,4.880731874517556
AAMRANET,aamra networks ltd,20.5,-1.4423076923076956,-2.380952380952381,5.6701030927835125,20.58823529411765,21.301775147929003,15.168539325842692,7.329842931937165,-41.496203038081454,-65.97257592323268,-65.97257592323268,2.8593140001324278,3.6840599134682375
AAMRATECH,Aamra Technologies Limited,17.6,1.1494252873563382,0.5714285714285795,21.379310344827594,29.411764705882366,53.04347826086958,43.08943089430895,31.34328358208956,-32.160000270866604,-14.084210643093426,-40.1453334627042,2.930633644346702,5.505369294085098
ABB1STMF,AB Bank 1st Mutual Fund 2011 Units,4.0,-2.439024390243894,8.108108108108103,24.999999999999993,21.212121212121218,53.84615384615385,48.14814814814813,5.263157894736847,-50.61728395061728,-7.552000572511967,-40.33330668121587,8.014652014652018,6.41986174085962
ABBANK,AB Bank PLC,5.0,-1.9607843137254832,0.0,2.0408163265306047,-15.254237288135597,16.279069767441865,21.95121951219513,-28.571428571428573,-60.96270622809909,-63.259717544588256,-78.27377530164324,3.2489795918367297,3.39393164420017
ACFL,Aman Cotton Fibrous PLC,23.2,-0.8547008547008517,-1.6949152542372972,3.111111111111108,28.176795580110483,36.47058823529411,28.888888888888882,32.57142857142856,-52.84552845528456,-61.33333333333333,-61.33333333333333,3.3076465712773504,3.295034294022224
ACI,Advanced Chemical Industries PLC,200.1,-1.0874938210578433,-3.5662650602409665,5.8170280274986785,-4.25837320574163,-2.8640776699029153,2.6153846153846123,2.773497688751929,-10.873939550601023,-24.74420241304485,221.31259155313342,2.371341949079448,2.3755864426406723
ACIFORMULA,ACI Formulations PLC,173.1,-2.2586109542631285,-1.647727272727276,20.291869353717853,16.1744966442953,29.95495495495496,34.1860465116279,27.937915742793777,10.288228431060377,6.538687253451052,151.04281830716505,5.08057604709813,3.75991817358793
ACMELAB,ACME Laboratories Ltd.,82.8,-0.8383233532934166,-4.055619930475087,2.4752475247524752,7.953063885267268,12.500000000000004,16.129032258064516,4.810126582278477,9.668874172185427,-31.739488870568838,-38.666666666666664,2.3068293920638334,2.142261600816733
ACMEPL,ACME Pesticides Ltd,22.3,-2.1929824561403506,-3.0434782608695623,-4.291845493562231,-11.155378486055778,37.65432098765433,40.25157232704402,44.8051948051948,102.72727272727273,102.72727272727273,102.72727272727273,3.037405182248234,2.757359879347543
ACTIVEFINE,Active Fine Chemicals Ltd.,6.7,0.0,-1.4705882352941124,-5.633802816901401,-1.4705882352941124,19.642857142857153,24.074074074074066,-27.173913043478255,-72.42798353909465,-72.78124991664258,-77.2782607099203,2.6956128448665773,3.7187234965488107
ADNTEL,ADN Telecom Ltd.,67.3,-1.1747430249632853,-4.131054131054139,3.538461538461534,11.608623548922058,18.070175438596486,16.23488773747841,-10.860927152317883,27.221172022684307,66.17283950617283,66.17283950617283,2.4438093770249267,2.7304671711832733
ADVENT,Advent Pharma Ltd.,15.4,-1.2820512820512775,-3.749999999999998,-2.531645569620255,10.000000000000002,19.37984496124031,14.925373134328359,-6.097560975609746,-43.49640306265565,-58.18530426460909,-58.18530426460909,1.929049261383471,2.2613333113837166
AFCAGRO,AFC Agro Biotech Ltd.,7.2,0.0,-1.3698630136986254,-7.692307692307688,5.882352941176476,41.17647058823531,44.00000000000001,-15.29411764705882,-70.0,-77.65669497365944,-68.57739996771957,3.646322378716749,4.189365571317038
AFTABAUTO,Aftab Automobiles Ltd.,30.4,-2.2508038585209094,-4.402515723270447,-3.1847133757961785,6.666666666666662,-5.295950155763249,-11.111111111111123,-18.933333333333337,0.9518077478900541,-30.752065772825052,-55.31199963583749,2.2027076669934758,2.7002393233328887
AGNISYSL,Agni Systems PLC,33.1,-4.057971014492749,2.7950310559006164,17.793594306049823,31.34920634920636,56.87203791469194,59.13461538461538,24.43609022556391,42.67241379310346,111.69827501632345,78.59799377042643,4.7184383868341655,3.8417755618321805
AGRANINS,Agrani Insurance PLC,28.4,0.3533568904593564,-8.974358974358976,7.984790874524706,24.0174672489083,19.327731092436963,19.327731092436963,12.698412698412696,-39.008291423757726,235.08839972972706,72.13815448000682,4.86861014060605,4.428360764307931
AIBL1STIMF,AIBL 1st ISLAMIC Mutual Fund 2010- Units,6.4,-4.477611940298504,6.666666666666672,56.097560975609774,60.00000000000001,88.23529411764707,88.23529411764707,8.47457627118644,-33.33333333333333,-14.666666666666663,-16.88311688311688,8.84391146487921,7.1981046159916815
AIL,Alif Industries Ltd.,37.3,-1.0610079575596967,-1.8421052631579022,15.838509316770168,29.513888888888875,30.419580419580402,-8.353808353808367,-21.308016877637133,8.544973430111138,-66.22915394210462,-66.22915394210462,2.7349776886797192,3.6781076812172784
AL-HAJTEX,Alhaj Textile Mills Limited,101.4,-3.1518624641833783,-6.972477064220178,1.1976047904191645,-10.660792951541847,-23.12357846853677,-26.09329446064139,-21.999999999999996,136.91588785046733,60.289073167766894,337.93433452185013,5.485423035719917,3.930028986124715
ALARABANK,Al-Arafah Islami Bank PLC,17.4,-1.1363636363636525,6.7484662576686985,17.56756756756755,12.987012987012976,35.93749999999998,15.999999999999991,1.754385964912264,-17.82489094339382,48.192537270129286,-2.758096856426194,2.2032924314640154,3.92056338580447
ALIF,Alif Manufacturing Company Ltd.,5.5,-1.7857142857142794,-1.7857142857142796,1.8518518518518452,12.244897959183666,41.02564102564103,37.5,-8.333333333333334,-58.95522388059701,-35.950190321622145,-67.43067173166543,3.292929292929288,4.014186238828031
ALLTEX,Alltex Industries Limited,19.5,2.631578947368421,5.405405405405405,15.384615384615392,33.561643835616444,41.304347826086946,45.52238805970149,63.865546218487395,44.44444444444444,4.838709677419347,155.1851843156653,3.797545726017169,3.843913126091825
AMANFEED,Aman Feed PLC,38.0,-2.3136246786632357,3.8251366120218537,14.8036253776435,40.74074074074074,63.0901287553648,65.21739130434783,51.39442231075696,-46.251768033946256,-35.91786200325182,13.316830269763784,3.3525285718980644,3.477200489632255
AMBEEPHA,Ambee Pharmaceuticals PLC,806.5,-2.1237864077669903,0.18633540372670807,7.03384207033842,6.637577680814498,14.559659090909092,12.01388888888889,-8.237569689384456,92.069540366754,152.03125,331.4757039081686,2.885492348533046,1.9975241386844087
AMCLPRAN,Agricultural Marketing Co. Ltd.,230.3,-1.3281919451585236,-1.201201201201194,6.031307550644578,4.208144796380096,8.786017949929157,13.840830449826989,-0.5183585313174897,7.767898923724859,11.471442400774453,87.23577235772359,2.584485572726868,2.493413337338718
ANLIMAYARN,Anlima Yarn Dyeing Ltd.,33.3,-1.4792899408284024,-5.932203389830513,7.419354838709668,60.096153846153825,76.19047619047619,60.096153846153825,47.34513274336281,-14.175257731958764,-1.769911504424783,66.49999999999999,5.338673923497404,4.6377411640599755
ANWARGALV,Anwar Galvanizing Ltd.,112.2,-2.0942408376963275,-4.1025641025641,0.5376344086021582,10.107948969578015,22.489082969432324,29.561200923787542,55.40166204986149,-22.023166646980695,261.64929993045376,1288.4749915476586,2.8090457535784488,3.0650387771023784
AOL,Associated Oxygen Ltd,17.2,-3.37078651685394,-0.578034682080933,-7.02702702702703,1.17647058823529,18.62068965517241,13.157894736842106,10.256410256410255,-63.48412701644064,32.50879928148427,32.50879928148427,2.5313193560882237,3.0293662443206295
APEXFOODS,Apex Foods Limited,278.9,-2.6866713189113907,-7.649006622516564,3.372868791697541,2.953119232189,15.010309278350507,13.46623270951992,21.790393013100427,96.40845070422534,132.6105087572977,289.5251396648045,2.940272070071581,3.5571508597597084
APEXFOOT,Apex Footwear Ltd.,215.6,-1.6423357664233553,-1.5525114155251167,6.997518610421834,6.050172159370379,20.11142061281337,20.245398773006123,19.777777777777775,59.593103732234866,9.520129344853576,61.786823371989044,2.636140973374733,2.17216881874809
APEXSPINN,Apex Spinning and Knitting Mills Ltd.,380.5,0.3163722646981251,-1.194494936380167,7.973893303064706,22.34726688102894,78.7224048849225,111.38888888888889,180.19145802650957,188.25757575757575,286.6869918699187,443.57142857142856,3.7065817915360166,5.397599697370448
APEXTANRY,Apex Tannery Limited.,103.2,-2.180094786729855,-5.147058823529407,4.5592705167173255,31.46496815286625,46.79943100995733,73.15436241610738,42.73858921161826,-12.911392405063289,-33.84615384615385,41.17647058823531,3.9050907774028536,4.2614393742305445
APOLOISPAT,Appollo Ispat Complex Ltd.,3.1,3.333333333333336,6.896551724137938,-8.823529411764701,-13.88888888888889,82.3529411764706,82.3529411764706,-11.428571428571427,-69.0,-75.2337821909921,-87.27307767662282,6.850574712643683,5.580752858863074
ARAMIT,Aramit Limited,209.8,1.0597302504817039,-0.2377555872563005,16.55555555555556,11.595744680851068,23.33921222810113,15.465052283984603,3.3497536945812865,-37.279521674140504,-52.83273381294964,-1.0377358490565984,3.805544728750343,5.546369849542327
ARAMITCEM,Aramit Cement Limited,12.4,-0.7999999999999973,-3.1250000000000027,4.201680672268908,4.201680672268908,40.9090909090909,40.9090909090909,-0.7999999999999972,-75.6385068762279,-60.128617363344055,-65.68913034443987,4.057172829792811,5.050883663363637
ARGONDENIM,Argon Denims Ltd.,21.0,0.0,-0.943396226415091,10.526315789473685,20.0,16.022099447513806,19.31818181818181,25.748502994011982,-14.107558286600726,30.536497296017266,-45.536156595571256,3.5716392643436006,3.39119986627782
ASIAINS,Asia Insurance PLC,41.3,-0.7211538461538564,-9.030837004405289,3.249999999999993,0.4866180048661697,32.797427652733106,50.18181818181817,44.912280701754376,-58.94632206759444,222.65624999999994,24.971181849716157,4.268882302410224,3.6224351249959925
ASIAPACINS,Asia Pacific General Insurance PLC,42.7,-0.6976744186046445,-11.226611226611224,-6.359649122807014,9.207161125319695,31.38461538461539,35.12658227848102,36.85897435897437,-37.9360465116279,218.65671641791047,25.95870206489677,4.882242027646164,4.052553631581673
ASIATICLAB,Asiatic Laboratories Ltd,123.7,-3.0564263322883947,-10.55676066522054,3.9495798319327755,21.871921182266014,130.3538175046555,156.6390041493776,166.0215053763441,115.88132635253056,115.88132635253056,115.88132635253056,4.368618459080581,4.234938787729139
ATLASBANG,Atlas Bangladesh Limited,93.6,-0.5313496280552604,-0.4255319148936231,32.0169252468265,33.71428571428571,73.33333333333333,65.07936507936506,59.18367346938775,-25.418326693227094,6.941366962075669,-16.787099278401712,5.749319643500738,5.926603949804306
AZIZPIPES,Aziz Pipes Limited.,74.5,-0.930851063829791,-2.486910994764405,4.488078541374478,42.17557251908397,76.95961995249407,59.1880341880342,41.36622390891839,-34.64912280701754,62.41631477035589,379.128128499432,3.5873839368210954,4.8968641773356865
BANGAS,Bangas Limited,135.9,-0.4395604395604354,-3.617021276595741,4.058192955589595,-11.753246753246751,12.036273701566373,4.217791411042945,28.937381404174573,4.538461538461543,-3.1862832358753947,-3.0744032652019335,2.643442848724321,2.8439472763686444
BANKASIA,Bank Asia PLC,18.5,-0.5376344086021582,-0.5376344086021582,0.0,-7.500000369999996,2.4107138833864816,9.089673434590393,27.041138730733653,15.600784742367567,78.1189587916272,59.14760953257878,1.7451090387654906,2.454309232474398
BARKAPOWER,Baraka Power Ltd.,8.0,-1.2345679012345634,-2.439024390243894,-2.439024390243894,2.5641025641025665,1.265822784810122,17.647058823529413,-29.203539823008853,-71.83098591549296,-63.446690022870136,-64.74329815964781,3.031645569620242,3.207049246014188
BATASHOE,Bata Shoe Co. (Bangladesh) Ltd.,888.1,-0.8152780880053556,1.4971428571428598,1.2887773722627816,5.978520286396184,9.062998894756241,10.446461882850391,-0.7043828264758447,33.548872180451134,-25.50121634091099,72.44660194174757,1.1508604741838209,1.7552233673048867
BATBC,British American Tobacco Bangladesh Co Ltd,225.7,-1.0521701008329705,0.8039303260384024,5.221445221445216,3.532110091743114,-15.563037785260013,-8.991935483870972,-28.12101910828026,-59.91119005328597,-23.117972802175917,142.39857286417194,1.6750016203175218,1.522662417953637
BAYLEASING,Bay Leasing and Investment Ltd.,5.2,-1.886792452830182,18.181818181818176,6.122448979591833,4.0000000000000036,52.941176470588246,57.575757575757585,0.0,-81.2371133585397,-62.08822575696911,-80.18248171300485,6.611009837175703,4.982351677314344
BBS,Bangladesh Building Systems PLC,14.8,-1.9867549668874103,-2.631578947368412,-6.329113924050633,20.32520325203252,60.86956521739132,60.86956521739132,29.824561403508778,-26.732673267326728,-41.81045021988325,-31.743657820611208,2.82717265177057,3.5401370877177243
BBSCABLES,BBS Cables PLC,22.2,-1.7699115044247882,-3.896103896103905,-5.128205128205125,5.714285714285711,46.05263157894737,46.05263157894737,29.069767441860467,-61.08823509972894,-23.203319874818927,-23.203319874818927,1.9648258690814613,2.2206227267323775
BDAUTOCA,Bangladesh Autocars Limited,205.1,-2.2402287893231727,-4.426840633737186,1.5346534653465318,-16.558177379983732,57.64796310530362,61.49606299212598,91.6822429906542,40.479452054794514,655.408835360888,850.0226371495884,3.55192425751918,3.623929969393146
BDCOM,BDCOM Online Ltd.,32.9,-2.3738872403560958,-2.083333333333342,4.44444444444444,12.286689419795215,26.538461538461533,26.538461538461533,42.74793424116735,40.047298024975476,98.43615254727719,173.58856650196242,8.523422817469644,5.011199458240148
BDFINANCE,Bangladesh Finance PLC,12.7,-4.511278195488732,-0.7812500000000111,1.5999999999999943,-3.787878787878788,-3.787878787878788,-2.3076923076923133,14.414414414414413,-73.75828470065062,43.88634179033311,-21.831542646208945,5.8007617229664525,4.710575681374305
BDLAMPS,Bangladesh Lamps PLC,180.1,-0.05549389567147298,-4.202127659574471,8.168168168168165,-12.572815533980584,26.29733520336606,33.903345724907055,27.730496453900706,-0.30677710917338785,5.882966948260653,60.58916653819533,1.963169941942538,3.2342187265844244
BDTHAI,Bangladesh Thai Aluminium Ltd.,18.3,-1.6129032258064553,-5.181347150259067,-6.153846153846151,46.400000000000006,67.88990825688073,63.39285714285716,33.57664233576644,-30.681818181818176,12.25465610859405,14.86522936390998,3.802933678411194,5.498045207174613
BDTHAIFOOD,BD Thai Food & Beverage Ltd.,21.7,-1.3636363636363669,-9.20502092050209,-14.901960784313728,19.889502762430926,56.11510791366906,50.694444444444436,49.655172413793096,79.33884297520662,79.33884297520662,79.33884297520662,6.016681232682416,4.762263476977626
BDWELDING,Bangladesh Welding Electrodes Ltd.,13.9,-0.7142857142857117,-0.7142857142857117,-7.947019867549664,-9.150326797385622,-21.910112359550563,-23.204419889502766,33.65384615384615,-33.17307692307692,40.38999998596101,-36.7341200120836,2.582998453254217,4.7331607380241
BEACHHATCH,Beach Hatchery Ltd,33.6,-3.1700288184438077,-5.617977528089887,5.000000000000004,11.258278145695373,5.6603773584905674,-28.205128205128197,-30.290456431535272,77.7777777777778,232.67326732673268,48.8607598328473,2.757912478327295,2.901519752794167
BEACONPHAR,Beacon Pharmaceuticals PLC,108.2,-1.3673655423883317,-5.087719298245612,1.1214953271028063,5.664062499999997,3.04761904761905,3.3428844317096464,-8.614864864864867,-37.81609195402299,518.2857142857143,602.5974025974026,2.3128233370520004,2.378109051610927
BENGALWTL,Bengal Windsor Thermoplastics PLC,23.7,-2.066115702479339,-7.058823529411767,-1.659751037344407,0.851063829787231,37.79069767441861,36.20689655172415,27.419354838709662,-18.556701030927844,-45.91286312215786,-52.12520877648518,3.505098782355071,3.0154778011620436
BERGERPBL,Berger Paints Bangladesh Ltd.,1394.6,-0.29312933438193584,-1.0921985815602901,-1.0921985815602901,-0.08597220232125273,-1.3859425823787397,0.9847936278059312,-12.837500000000004,-27.17493472584857,26.781818181818174,431.27619047619044,0.8638705708209715,1.043620183334078
BESTHLDNG,Best Holdings PLC,15.2,-5.590062111801255,-6.74846625766872,5.555555555555547,15.151515151515152,26.66666666666666,12.592592592592588,-9.523809523809533,-48.29931972789116,-48.29931972789116,-48.29931972789116,3.8560487986005914,4.049258913494316
BEXIMCO,Bangladesh Export Import Company Ltd.,24.4,-4.687500000000011,-11.272727272727277,-30.08595988538682,-77.83832879200726,-77.83832879200726,-77.83832879200726,-77.83832879200726,-73.50568762910129,17.691875878514676,-38.56019543159806,3.782248965740822,6.1838804667244185
BGIC,Bangladesh General Insurance Company PLC,38.5,-2.7777777777777812,-13.288288288288285,0.7853403141361182,9.065155807365448,13.905325443786992,24.595469255663435,23.794212218649513,-21.428571428571427,153.28947368421052,23.00319488817891,4.337141775918675,3.9445808279910137
BIFC,Bangladesh Industrial Finance Company Ltd.,4.7,-2.083333333333326,4.444444444444448,17.500000000000004,-5.9999999999999964,213.33333333333334,176.47058823529412,-22.95081967213114,-31.884057971014496,-41.25,-76.92864727652008,10.894409937888199,8.144789238772718
BNICL,Bangladesh National Insurance Company Ltd,102.4,-4.477611940298504,-10.567685589519646,-3.849765258215957,34.55978975032853,89.98144712430428,127.55555555555557,152.83950617283952,-15.927750410509024,621.1267605633803,176.75675675675677,5.151988748642554,5.073230372351515
BPML,Bashundhara Paper Mill Ltd.,28.9,-1.3651877133105874,-3.3444816053511706,3.956834532374093,1.7605633802816902,20.41666666666666,11.583011583011583,-16.23188405797102,-39.53974895397489,-81.35483870967742,-81.35483870967742,3.340471481171477,2.9182733616048724
BPPL,Baraka Patenga Power Ltd.,20.3,-1.9323671497584474,-2.8708133971291767,5.729166666666674,34.43708609271524,33.55263157894738,36.241610738255034,34.43708609271524,-47.27272727272727,-36.36363636363636,-36.36363636363636,3.3369072602274787,3.2101314069168323
BRACBANK,BRAC Bank PLC,63.4,-0.7824726134585289,-3.058103975535179,-3.647416413373858,-1.4729494742714246,4.1571676986273545,15.363951569133727,14.818925011711896,123.5756224022483,291.7904278247159,863.070198280933,1.3858436350041239,2.3350113219959425
BSC,Bangladesh Shipping Corporation,119.5,-1.7269736842105217,-7.650695517774347,9.63302752293578,13.80952380952381,6.4113980409617115,6.4113980409617115,11.682242990654206,157.54310344827584,286.9326407619413,139.2862897263326,2.7892312570095528,3.0065740553007845
BSCPLC,Bangladesh Submarine Cables PLC,158.1,-1.9230769230769198,-5.668257756563246,7.259158751696057,12.767475035663342,18.872180451127814,23.22681215900232,14.81481481481482,-11.5771812080537,47.75700934579439,261.2063056888279,2.2516233679022966,2.665754591868951
BSRMLTD,Bangladesh Steel Re-Rolling Mills Ltd.,102.3,-1.9175455417066156,-9.708737864077671,11.437908496732026,21.785714285714285,25.367647058823536,34.07601572739188,23.55072463768116,15.723981900452477,-24.476510220695424,126.93549931582727,3.876316677308282,4.203736015392652
BSRMSTEEL,BSRM Steels Limited,94.2,-2.5853154084798344,-6.732673267326731,20.614596670934713,33.997155049786635,34.9570200573066,48.34645669291339,48.34645669291339,65.84507042253522,12.630434669978255,67.38615410508734,3.9844620665622834,4.203348075991038
BXPHARMA,Beximco Pharmaceuticals Plc,148.1,-1.9854401058901392,-5.064102564102567,1.4383561643835578,25.614927905004233,31.178033658104507,43.78640776699028,42.403846153846146,-19.902650081124936,89.4302323687093,236.9761270266228,2.1825931444659976,2.892271065869665
CAPITECGBF,CAPITEC GRAMEEN BDT10 (MUTUAL FUND) Units,9.0,2.2727272727272645,9.756097560975618,24.999999999999996,26.760563380281695,30.434782608695645,32.352941176470594,21.621621621621617,-37.5,-37.5,-37.5,5.220043913884748,4.022836220040964
CAPMBDBLMF,CAPM BDBL Mutual Fund 01 Units,10.1,-2.8846153846153912,0.0,3.061224489795907,-17.886178861788625,6.315789473684207,0.0,3.061224489795907,-30.3448275862069,-6.481481481481492,-6.481481481481492,4.666901483962828,4.262999224597137
CAPMIBBLMF,CAPM IBBL Islamic Mutual Fund Units,14.4,-5.263157894736835,-2.702702702702705,56.5217391304348,61.79775280898876,80.0,92.0,61.79775280898876,-39.49579831932773,44.00000000000001,44.00000000000001,5.988688139951891,6.840709504143539
CENTRALINS,Central Insurance PLC,40.6,-0.49019607843136215,-8.968609865470851,-3.33333333333333,-1.9323671497584474,-8.764044943820222,-0.24570024570024918,4.63917525773197,-27.499999999999996,214.50073618154158,54.208016132935754,4.175127149013852,3.5259985802075895
CENTRALPHL,Central Pharmaceuticals Ltd.,10.6,-0.9345794392523332,1.9230769230769162,17.777777777777775,17.777777777777775,27.710843373493958,20.45454545454544,-13.114754098360654,-28.859060402684566,-19.357484991598714,-69.02521007703028,3.2005590496156544,5.171527711002745
CITYBANK,City Bank PLC,31.8,-0.3134796238244448,-0.6249999999999978,5.647840531561459,15.362775695888608,41.744185596006844,49.877048716568964,61.1013211352452,90.2217398730616,143.38496372607722,213.2365386592586,3.6422573482078042,2.608373000173504
CITYGENINS,City Insurance PLC,107.7,0.0,0.6542056074766381,1.4124293785310733,7.915831663326659,25.378346915017456,24.22145328719723,129.14893617021278,186.43617021276592,1043.1315769218193,349.24093835915534,0.654509853424148,0.5323312523321118
CLICL,Chartered Life Insurance PLC,50.2,-2.7131782945736407,-10.0358422939068,-5.816135084427757,-11.619718309859145,-18.10766721044045,-10.0358422939068,6.3559322033898304,356.36363636363643,356.36363636363643,356.36363636363643,6.009235791517521,4.437962059703588
CNATEX,C & A Textiles Ltd,3.1,6.896551724137938,3.333333333333336,-3.1250000000000027,-13.88888888888889,40.9090909090909,29.166666666666675,-8.823529411764701,-49.18032786885245,-58.915662675351996,-81.89952602764487,4.137931034482763,5.878643318901363
CONFIDCEM,Confidence Cement PLC,67.7,-2.3088023088023006,-7.5136612021857925,6.1128526645768115,8.842443729903536,31.456310679611654,37.04453441295548,19.823008849557525,-45.91358668550177,57.694689573747915,26.24779137484372,4.066239876858958,3.325593438347861
CONTININS,Continental Insurance PLC,32.2,-0.9230769230769144,-12.021857923497263,2.875399361022371,9.897610921501714,22.90076335877864,33.05785123966944,33.05785123966944,-27.910447589039876,262.20438624337396,40.241011128700876,6.657071643295012,5.492536977747051
COPPERTECH,Coppertech Industries Ltd,26.0,-1.1406844106463905,-4.761904761904764,-0.7633587786259515,10.169491525423723,31.313131313131308,37.56613756613758,23.22274881516587,-23.529411584775087,0.3275007585762304,0.3275007585762304,2.6835734927338035,2.7195400694123046
CROWNCEMNT,Crown Cement PLC,69.9,-2.7816411682892905,-0.14285714285713474,19.283276450511952,42.07317073170732,46.84873949579833,49.35897435897438,38.41584158415842,-3.051317614424395,-5.027173913043463,-13.490099009900979,5.613192783293631,4.38140147058932
CRYSTALINS,Crystal Insurance Company Ltd,66.7,-0.29895366218236596,-8.630136986301366,-6.0563380281690105,-17.348203221809168,-12.236842105263156,16.000000000000004,45.31590413943356,24.56706269144273,389.1333328442,389.1333328442,3.9531620514606676,3.54143671045418
CVOPRL,CVO Petrochemical Refinery PLC,174.1,-2.355580482333156,-4.340659340659344,6.548347613219087,6.61359461114512,11.6025641025641,18.033898305084744,21.155184411969387,61.748310655073425,-23.154917708407964,45.34241011572154,2.73908200874731,2.6524180336840404
DACCADYE,Dacca Dyeing and Manufacturing Company Limited,17.2,-1.7142857142857182,-3.3707865168539404,6.172839506172839,10.256410256410255,-1.7142857142857184,-11.340206185567007,2.3809523809523725,-21.81818181818182,91.1111111111111,-38.7702266006263,2.2026745133457695,3.7937393529089976
DAFODILCOM,Daffodil Computers PLC.,164.9,-0.9014423076923076,-0.06060606060605716,4.5656309448319705,56.749049429657795,266.44444444444446,356.78670360110806,192.89520426287746,178.07757166947724,636.1607142857143,950.3184713375798,3.9312742562109175,3.8377371400881235
DBH,DBH Finance PLC,43.6,-1.8018018018017956,3.0732860520094665,9.547738693467348,13.541666666666673,15.957446808510637,24.571428571428573,16.57754010695188,-41.61976871327559,-37.74570366116679,27.135838196509507,4.041211846172582,3.111704070636173
DBH1STMF,DBH First Mutual Fund Units,5.7,-4.9999999999999964,7.547169811320762,23.913043478260885,21.27659574468085,0.0,-12.307692307692305,-8.064516129032258,-41.83673469387755,-1.7241379310344767,-22.972972972972975,8.798789346246975,5.820823030735703
DELTALIFE,Delta Life Insurance Company Ltd.,78.3,-3.094059405940594,-7.882352941176474,0.384615384615381,5.6680161943319884,5.525606469002687,15.486725663716815,11.221590909090896,-45.12964260686755,-19.027921406411586,-97.67412846652884,3.398303073843363,3.1017446095953396
DELTASPINN,Delta Spinners Limited,7.5,-3.8461538461538445,4.166666666666664,11.940298507462684,15.384615384615385,50.0,50.0,27.118644067796605,-27.184466019417478,13.437499792976567,-52.12979486061635,4.851516982014454,3.7103788000903624
DESCO,Dhaka Electric Supply Co. Ltd.,26.4,2.325581395348829,-2.2222222222222276,12.340425531914889,12.340425531914889,25.714285714285708,28.780487804878042,6.451612903225797,-25.212464589235125,-47.722772277227726,-60.286532852005735,3.1024159369184026,2.9974876669556565
DESHBANDHU,Deshbandhu Polymer Limited,21.1,1.4423076923076956,-2.314814814814815,2.92682926829269,15.300546448087434,34.394904458598745,24.117647058823536,5.500000000000007,31.875000000000007,118.96226384109116,-2.5533377619408246,3.0747112663588703,3.1094893120501808
DGIC,Desh General Insurance Company Ltd,31.8,-1.242236024844727,-8.88252148997134,18.215613382899637,43.24324324324325,45.20547945205481,61.42131979695433,34.17721518987342,-27.397260273972595,112.0,112.0,5.469413777550564,5.832317550403279
DHAKABANK,Dhaka Bank PLC,12.2,-2.4000000000000057,-2.4000000000000057,1.6666666666666607,0.8264462809917327,-1.6129032258064602,7.964601769911491,7.964601769911491,0.405140998676139,27.805592959846923,-4.738823372940923,2.2885705755021384,2.2346683185245406
DHAKAINS,Dhaka Insurance Limited,41.2,-0.7228915662650535,-11.015118790496748,-3.962703962703953,2.487562189054726,7.2916666666666785,14.44444444444445,13.812154696132595,-46.28422425032594,180.27210884353747,-13.560784382876856,4.812216884472262,4.125971766096686
DOMINAGE,Dominage Steel Building Systems Ltd,76.4,0.0,-0.5208333333333223,14.029850746268664,29.71137521222412,166.20209059233449,164.35986159169553,531.4049586776861,197.1111118538889,477.58399901810725,477.58399901810725,2.7930028651027117,3.647464382347876
DOREENPWR,Doreen Power Generations & Systems Ltd.,31.0,-1.8987341772151944,-2.5157232704402537,6.529209621993122,8.013937282229968,12.727272727272727,9.9290780141844,24.999999999999996,-42.81411728472907,12.47367840636893,-22.018249645418496,2.506120427888601,2.825105031936126
DSHGARME,Desh Garments Limited.,166.5,-3.0285381479324336,0.4221954161640462,12.576064908722106,30.078125,47.6063829787234,43.041237113402055,27.978478093774026,8.11688301157446,58.385363163741204,1532.0578795123656,6.588507401618475,5.539172858312824
DSSL,Dragon Sweater & Spinning Ltd.,13.3,-0.7462686567164152,4.724409448818909,24.29906542056076,35.71428571428571,60.24096385542168,56.47058823529412,27.88461538461539,-18.53749958963265,126.52774826955795,46.454133455943705,5.232456165870849,5.433596340869964
DULAMIACOT,Dulamia Cotton Spinning Mills Limited,214.9,-3.372302158273381,11.520498183705252,26.337448559670786,63.05007587253414,62.803030303030305,59.18518518518519,133.33333333333337,307.77988614800756,2843.8356164383563,2235.8695652173915,7.996091737642968,7.172465231520734
DUTCHBANGL,Dutch-Bangla Bank PLC,48.3,-3.4000000000000057,-4.545454545454554,12.587412587412585,27.105263492382267,27.424623434139452,31.386010691159317,4.567010559376754,-8.48660256707563,126.97332775147494,111.319994727763,3.490234904393888,3.2474225208141894
EASTERNINS,Eastern Insurance PLC,56.2,-1.7482517482517481,-10.651828298887116,-2.7681660899653884,-3.4364261168384878,2.742230347349177,12.175648702594811,19.82942430703626,-52.773109243697476,143.2900432900433,53.972602739726035,3.5825236675278136,3.634007209223924
EASTLAND,Eastland Insurance PLC,26.9,0.37313432835820104,-12.944983818770227,6.32411067193675,23.394495412844027,29.326923076923066,43.85026737967914,44.62365591397848,-26.502732240437165,88.41469740936499,-24.281912223173983,5.157435042576629,4.464709151948402
EASTRNLUB,Eastern Lubricants Blenders PLC,2056.6,-2.701424043147084,3.346733668341704,13.62430939226519,32.94117647058823,26.755007704160242,23.81697772426249,6.743944102958473,187.57542142930683,246.2350845083478,1610.8341112554792,4.127943290572235,2.6188235620001423
EBL,Eastern Bank PLC,24.3,0.0,-1.219512195121954,-2.0161290322580645,-8.318681668279316,0.1159996295708058,2.577868455600384,-0.2828688989417786,6.042337051338847,79.1253904270084,83.83026562732012,1.1532836785362062,1.3099297988752676
EBL1STMF,EBL First Mutual Fund Units,4.8,-4.0000000000000036,4.347826086956526,26.315789473684212,26.315789473684212,59.99999999999999,54.838709677419345,2.1276595744680775,-49.473684210526315,15.103999581021448,-29.99253581875389,6.521287560801234,6.260697998529028
EBLNRBMF,EBL NRB Mutual Fund,3.8,-2.5641025641025665,11.76470588235294,22.580645161290313,18.74999999999999,65.21739130434783,65.21739130434783,5.555555555555547,-53.65853658536585,-9.68788448972053,-44.688846802017856,6.827550883278438,6.48700745846956
ECABLES,Eastern Cables Ltd.,144.4,-2.0352781546811394,-1.7687074829931935,17.11273317112734,5.018181818181822,22.372881355932208,28.813559322033907,14.51229183187947,-2.1016949152542335,20.08522313231406,248.05577618591866,4.338897828160887,4.955214433806889
EGEN,eGeneration PLC,26.4,-2.941176470588238,-3.6496350364963503,2.325581395348829,13.304721030042908,32.663316582914575,33.33333333333332,26.923076923076913,-51.559633027522935,75.99999999999999,75.99999999999999,2.7498402949477154,2.960101952288426
EHL,Eastern Housing Ltd.,93.6,-1.680672268907572,-5.070993914807302,7.710011507479848,19.846350832266328,20.1540436456996,27.86885245901638,18.63117870722432,72.3756906077348,184.04624348468207,139.429235511867,3.0694629807261244,3.4070835654376186
EIL,Express Insurance Ltd.,30.6,0.32786885245902103,-9.734513274336274,4.436860068259388,6.9930069930069925,2.000000000000005,8.51063829787235,-10.787172011661795,-18.4,104.00000000000001,104.00000000000001,4.8148791790797745,3.8757690146690567
EMERALDOIL,Emerald Oil Industries Ltd.,27.7,-2.464788732394364,-2.1201413427561886,27.06422018348623,85.90604026845638,106.71641791044776,92.36111111111111,21.49122807017543,-19.47674418604651,-29.30394438443699,-35.544230901860914,3.937618925861318,5.763915537246168
ENVOYTEX,Envoy Textiles Ltd.,56.0,-3.2815198618307404,-5.245346869712353,9.161793372319694,12.676056338028165,5.860113421550097,15.463917525773196,29.032258064516135,73.91304347826085,81.1591780761895,24.97888994960456,2.793465829848915,3.1262816459825924
EPGL,Energypac Power Generation PLC,19.6,-1.507537688442197,-2.97029702970296,3.157894736842113,16.666666666666668,22.500000000000007,25.641025641025653,10.734463276836172,-62.30769230769231,-57.8494623655914,-57.8494623655914,2.535207270814943,3.590092035369523
ESQUIRENIT,Esquire Knit Composite PLC,25.3,-2.69230769230769,-3.4351145038167887,6.7510548523206815,21.634615384615383,24.01960784313727,22.81553398058252,16.05504587155963,-30.303030303030294,-46.511627906976734,-46.511627906976734,2.8003905665352864,2.981118945944378
ETL,Evince Textiles Ltd.,14.2,-1.3888888888888962,0.7092198581560258,9.230769230769225,24.561403508771917,44.89795918367346,41.99999999999999,57.777777777777764,32.71028037383178,26.604211097500677,8.790553278032133,3.839635969300414,3.738098967295964
EXIM1STMF,EXIM Bank 1st Mutual Fund 2013- Units,4.9,-1.9999999999999927,13.953488372093037,44.11764705882355,28.947368421052648,68.96551724137933,75.00000000000003,-1.999999999999993,-48.95833333333333,-0.502338311807121,-37.14751508737343,8.690939530975859,5.826684504910388
FAMILYTEX,Familytex (BD) Ltd.,2.5,8.695652173913052,8.695652173913052,-7.407407407407414,-21.875000000000004,108.33333333333334,92.3076923076923,8.695652173913052,-51.92307692307692,-65.95220561564355,-92.36578232434704,8.063241106719364,7.109274719686616
FARCHEM,FAR Chemicals Industries Ltd,24.4,-2.0080321285140563,11.926605504587146,34.06593406593406,42.69005847953215,70.62937062937061,68.27586206896551,7.488986784140967,76.81159420289853,41.20173929987686,8.254666796572263,6.1871502248419254,5.556075594052153
FAREASTFIN,Fareast Finance & Investment Ltd.,1.7,6.249999999999992,41.66666666666667,30.769230769230763,-34.61538461538462,109.87654320987652,183.33333333333337,-51.42857142857143,-76.05633802816902,-80.68181818181817,-90.97150262774656,5.883699633699635,9.839726929610725
FAREASTLIF,Fareast Islami Life Insurance Company Limited,22.1,-1.3392857142857018,-2.6431718061673917,-5.150214592274675,0.9132420091324331,5.238095238095245,6.250000000000003,-20.503597122302153,-60.67615658362989,-59.818181657454545,-71.89595367275084,3.2262507696153704,3.612113295868614
FASFIN,FAS Finance & Investment Limited,1.8,5.882352941176476,38.46153846153846,50.00000000000001,-35.71428571428571,109.30232558139535,157.14285714285717,-40.0,-77.21518987341771,-75.47247179989006,-90.46696510107816,8.37518853695324,12.841678159015618
FBFIF,First Bangladesh Fixed Income Fund Units,3.7,-5.1282051282051215,8.823529411764714,15.625,23.33333333333334,54.16666666666668,42.307692307692314,5.71428571428572,-49.315068493150676,-35.88619476575968,-50.6700838486183,6.267765091294504,5.365752078587894
FEDERALINS,Federal Insurance PLC,26.5,-0.37593984962406546,-11.960132890365452,4.3307086614173285,22.68518518518518,28.640776699029118,38.02083333333334,38.02083333333334,-24.285714285714285,253.96610910748853,37.28268628013458,4.550103693990961,3.894625657988748
FEKDIL,Far East Knitting & Dyeing Industries PLC.,26.7,2.69230769230769,9.426229508196725,66.875,75.65789473684211,84.13793103448276,88.02816901408451,70.06369426751593,66.875,74.52156279664416,12.230789498951399,3.7007402319902303,5.162674750307475
FINEFOODS,Fine Foods Limited,491.5,-0.34468775344687524,-2.5188417294724292,0.7172131147540983,-1.3844301765650036,14.275749825621944,29.274066280904794,95.66082802547771,818.6915887850467,6409.978491057555,3088.786065399097,1.927154486599684,2.7136777475007534
FIRSTFIN,First Finance Ltd.,4.3,2.3809523809523725,10.256410256410255,-4.444444444444448,-14.000000000000004,59.259259259259245,71.99999999999999,38.709677419354826,-40.277777777777786,-28.04218758691155,-87.3745038936459,5.375457875457876,6.480784815669285
FORTUNE,Fortune Shoes Ltd.,19.9,-3.8647342995169116,-5.238095238095245,23.60248447204967,41.134751773049636,45.255474452554736,43.16546762589926,17.058823529411757,-58.44744297134032,-24.173298337265617,-24.173298337265617,4.781210060385653,5.204075458166885
FUWANGCER,Fu-Wang Ceramic Industry Ltd.,16.3,-2.3952095808383147,1.242236024844716,6.5359477124183005,28.346456692913396,46.84684684684686,41.739130434782616,16.428571428571434,-28.50877192982456,40.87857098882903,7.017174428668725,4.788235933273137,3.9659781146584296
FUWANGFOOD,Fu-Wang Foods Limited,12.9,-2.272727272727265,0.7812499999999972,11.206896551724142,26.47058823529413,40.21739130434784,15.17857142857144,-20.858895705521476,-36.453201970443345,25.327736889630614,-22.567118095726194,3.7290235041685387,3.6459216135776926
GBBPOWER,GBB POWER Ltd.,8.2,-1.2048192771084507,0.0,0.0,-4.651162790697679,38.983050847457605,28.124999999999982,7.894736842105259,-76.0932944606414,-38.057553825373944,-68.96081505677643,3.9726824694407314,3.4747543910684806
GEMINISEA,Gemini Sea Food PLC,124.9,-2.7258566978193146,-5.3787878787878745,5.400843881856545,4.170141784820684,3.3085194375516953,-8.63204096561813,-19.367333763718527,76.25998980605078,9.131142339443501,604.928189659524,4.309255183229022,3.148875240970461
GENEXIL,Genex Infosys PLC,40.3,-2.6570048309178778,-1.4669926650366782,17.49271137026239,46.54545454545454,50.93632958801497,49.81412639405204,62.49999999999998,-53.021714457950104,20.44332556918598,20.44332556918598,4.316368500966931,4.405082273077522
GENNEXT,Generation Next Fashions Ltd.,3.0,7.1428571428571495,7.1428571428571495,0.0,-14.285714285714286,15.384615384615381,11.111111111111104,11.111111111111104,-54.54545454545454,-49.583333476180556,-86.5338710464558,8.14814814814814,6.365767485506488
GHAIL,Golden Harvest Agro Industries Ltd.,15.4,-2.531645569620255,-1.2820512820512775,-3.749999999999998,20.312499999999993,45.28301886792453,43.92523364485983,8.450704225352121,-14.91712707182321,6.204015273411845,-58.254741762967825,2.7498792857577428,3.1753221567616636
GHCL,Global Heavy Chemicals Ltd.,23.1,0.8733624454148596,8.962264150943406,21.57894736842106,22.22222222222224,16.666666666666668,16.080402010050268,7.441860465116286,-38.06970509383377,-37.05722070844687,-72.0,6.058347952491716,3.979054065116438
GLDNJMF,ICB AMCL CMSF GOLDEN JUBILEE MUTUAL FUND,8.4,-2.3255813953488293,5.000000000000004,31.25,35.483870967741936,35.483870967741936,37.7049180327869,7.6923076923077,-23.63636363636363,-23.63636363636363,-23.63636363636363,5.958752243638623,4.912702527662595
GLOBALINS,Global Insurance PLC,39.4,-1.745635910224446,-13.785557986870906,10.674157303370778,28.33876221498371,43.272727272727266,54.50980392156862,37.282229965156795,-39.29121725731896,351.88106566964905,66.34314796100492,4.832495211191697,4.652721395564487
GOLDENSON,Golden Son Limited,16.3,-1.8072289156626546,-1.2121212121212077,0.0,11.643835616438365,69.79166666666669,61.3861386138614,29.365079365079374,-12.365591397849464,-29.130434782608692,-58.838383838383834,2.9450343458827053,3.283332105369625
GP,Grameenphone Ltd.,258.2,-0.30888030888031326,-0.15467904098995905,1.4937106918238927,5.863058630586298,-2.566037735849061,-0.6923076923076967,-17.560664112388253,-29.06593406593407,-1.8250950570342248,50.46620046620047,0.8496376447394822,0.9936018807985224
GPHISPAT,GPH Ispat Limited,19.0,-2.0618556701030855,-4.5226130653266265,9.195402298850583,13.772455089820363,20.25316455696202,18.01242236024844,-2.0618556701030855,-45.18945306942938,-7.58170601292114,1.460316357527744,2.92070641990158,3.4370049578326545
GQBALLPEN,G.Q. Ball Pen Industries Limited,604.2,0.29880478087650536,-2.5483870967741864,2.5806451612903305,0.532445923460906,16.640926640926647,34.95644404735315,176.01644586569213,349.21933085501865,912.0603015075377,345.4038448176347,3.164279795567178,4.005059538493147
GRAMEENS2,Grameen Mutual Fund One - Grameen Two Units,13.6,-1.4492753623188481,4.615384615384612,8.799999999999997,9.677419354838703,17.24137931034483,24.770642201834857,-4.225352112676054,-31.31313131313132,25.16814177014957,-25.72785396525016,2.723531257092813,2.7052310102879726
GREENDELMF,Green Delta Mutual Fund 2010 Units,5.0,-3.8461538461538494,19.047619047619044,38.888888888888886,42.857142857142854,66.66666666666667,66.66666666666667,19.047619047619044,-46.23655913978495,-9.090909090909092,-30.555555555555557,9.90180923433203,6.744100535732131
GREENDELT,Green Delta Insurance PLC,65.2,0.0,-5.643994211287977,4.6548956661316305,6.188925081433232,15.808170515097702,21.641791044776124,41.431670281995665,-49.26070038910506,81.91898867970812,25.069304579894588,3.0165369429948052,3.7953833759743767
GSPFINANCE,GSP Finance Company PLC,4.0,0.0,11.111111111111109,11.111111111111109,-11.11111111111111,135.2941176470588,150.0,-20.0,-79.74776792758264,-56.308257811255814,-72.5006822426052,7.135531135531135,7.5650998880714235
HAKKANIPUL,Hakkani Pulp & Paper Mills PLC,80.5,-1.468788249694006,-4.733727810650888,4.954367666232069,-0.3712871287128678,13.061797752808985,18.906942392909894,21.96969696969697,6.622516556291391,77.70419426048566,332.79569892473114,3.0782856251128745,2.9057460656555025
HAMI,Hami Industries PLC,156.4,0.0,-1.0126582278480976,1.8892508143322513,-12.67448352875488,39.39393939393939,45.35315985130113,54.088669950738925,-10.577472841623784,-10.577472841623784,-10.577472841623784,3.7906445049025916,4.168604584337856
HEIDELBCEM,Heidelberg Materials Bangladesh PLC,231.0,-0.8158007728638925,-6.666666666666667,2.6666666666666665,2.348249889233501,-1.702127659574468,5.527638190954772,-16.0,-30.526315789473685,-56.47258338044093,-12.5,3.117459103915978,3.5015437745938223
HFL,Hamid Fabrics PLC,15.3,-0.649350649350647,12.500000000000009,2.684563758389264,-5.555555555555547,155.00000000000003,135.38461538461542,64.51612903225806,-18.617021276595743,-6.134969325153374,-73.26955068426098,3.619585011951207,5.04533964082156
HRTEX,H.R. Textile Mills Ltd.,20.7,-1.428571428571432,-4.166666666666676,0.0,9.523809523809527,27.77777777777778,13.114754098360647,-23.33333333333334,-61.79530205444799,3.972602630531046,-26.661042827577923,3.0347056365087393,3.3771611484360182
HWAWELLTEX,Hwa Well Textiles (BD)PLC,47.2,-0.631578947368415,-0.21141649048624592,9.006928406466526,13.73493975903615,14.841849148418493,5.829596412556056,14.841849148418493,10.280373831775714,61.09215017064847,18.000000000000007,1.8240865045235326,2.572186538472218
IBNSINA,BN SINA Pharmaceutical Industry PLC,321.7,0.12449424214129388,-5.354516034127681,2.0621827411167515,1.803797468354427,0.8463949843260152,2.1269841269841234,2.0621827411167515,25.175097276264587,75.41624472180207,437.05509408396824,1.9236444836015876,1.7860314379862914
IBP,Indo-Bangla Pharmaceuticals Ltd.,19.3,-0.5154639175257623,5.46448087431694,29.53020134228188,46.212121212121225,54.400000000000006,72.32142857142858,34.02777777777778,-10.856502584335574,-26.328426376588308,-26.328426376588308,3.0948231399613024,4.472148074000773
ICB,Investment Corporation of Bangladesh,46.9,-1.263157894736845,-3.893442622950817,7.322654462242552,22.77486910994763,29.201101928374666,28.4931506849315,-5.252525252525255,-59.619100061524335,-38.60967817944421,-57.120969350319406,3.0997168086739455,3.3693470818068025
ICB3RDNRB,ICB AMCL Third NRB Mutual Fund 2010 Units,6.0,-3.2258064516129057,5.263157894736839,27.6595744680851,33.333333333333336,39.53488372093024,46.341463414634156,25.000000000000004,-25.0,25.000000000000004,-15.49295774647887,5.904520166515462,4.473466152313012
ICBAGRANI1,ICB AMCL First Agrani Bank Mutual Fund Units,8.5,-3.409090909090917,-2.2988505747126355,23.188405797101446,26.86567164179104,32.81249999999999,32.81249999999999,23.188405797101446,-12.37113402061855,-1.1627906976744145,-1.1627906976744145,5.6928075797424516,4.871876342125742
ICBAMCL2ND,ICB AMCL Second Mutual Fund Units,7.7,-3.749999999999998,4.054054054054052,26.229508196721323,24.193548387096772,50.98039215686276,37.500000000000014,24.193548387096772,-39.84375,42.59259259259258,1.3157894736842175,5.1201001464159335,4.206288215465411
ICBEPMF1S1,ICB Employees Provident Mutual Fund One Scheme One Units,6.6,-2.941176470588238,4.761904761904759,8.196721311475411,22.222222222222207,78.37837837837836,94.11764705882354,29.411764705882355,-23.255813953488374,1.538461538461533,-20.481927710843387,5.321711863429507,5.494993880823385
ICBIBANK,ICB Islamic Bank Limited,2.7,-3.5714285714285587,-3.571428571428559,-6.896551724137922,-6.896551724137922,22.727272727272727,12.500000000000012,-6.896551724137922,-49.0566037735849,-32.49999999999999,-64.0,4.501424501424489,5.261000641117588
ICBSONALI1,ICB AMCL Sonali Bank Ltd 1st Mutual Fund 2013- Units,6.3,-4.545454545454543,0.0,23.529411764705888,31.25,46.51162790697675,49.99999999999999,6.7796610169491425,-32.97872340425533,1.6129032258064457,-47.5,6.1027610382449105,5.152612551899378
ICICL,Islami Commercial Insurance PLC.,30.0,0.33444816053512183,-6.25,8.695652173913038,36.98630136986302,24.48132780082987,33.92857142857144,41.509433962264154,105.47945205479452,105.47945205479452,105.47945205479452,4.391703882696808,3.786372510325292
IDLC,IDLC Finance PLC.,46.9,-1.263157894736845,6.108597285067862,16.08910891089109,26.075268817204286,24.670886371056387,37.55586626567736,27.909091211421494,-11.719328604125979,19.680879636194213,-0.8044545119674472,4.1497721496998885,2.90845332604383
IFADAUTOS,IFAD Autos PLC,25.9,-1.5209125475285252,-2.996254681647943,2.3715415019762762,11.637931034482756,25.120772946859898,19.354838709677416,6.584362139917686,-48.816200068078246,-43.755575998089725,47.3322685222611,2.3770855090265934,2.824724439898501
IFIC,IFIC Bank PLC,5.0,0.0,-1.9607843137254835,0.0,-3.8461538461538494,6.382978723404252,6.382978723404252,-20.634920634920633,-57.19460224002736,-20.20122365869524,-52.94024076755431,3.2489795918367235,3.177957920465967
IFIC1STMF,IFIC Bank 1st Mutual Fund Units,4.6,-2.1276595744680966,14.999999999999991,31.42857142857142,17.948717948717942,83.99999999999999,83.99999999999999,24.32432432432431,-41.77215189873418,6.260000221020789,-28.728048794872578,7.192307692307694,5.212007783989209
IFILISLMF1,IFIL Islamic Mutual Fund - 1 Units,5.6,-1.75438596491229,7.692307692307681,27.272727272727256,36.58536585365854,51.35135135135133,64.70588235294117,14.28571428571427,-29.113924050632917,-16.4179104477612,-11.111111111111114,6.390017529640167,5.4477074731528
ILFSL,International Leasing and Financial Services Ltd.,1.7,6.249999999999992,41.66666666666667,30.769230769230763,-37.037037037037045,161.53846153846152,183.33333333333337,-45.16129032258064,-79.01234567901236,-75.0099998588065,-89.6593102586219,7.217032967032969,10.155219517830584
INDEXAGRO,Index Agro Industries Ltd,72.9,-2.5401069518716466,-5.324675324675317,3.8461538461538503,1.250000000000008,6.423357664233585,8.968609865470851,9.506438033781722,-34.63279232456812,2.060000255150002,2.060000255150002,2.4362793649502956,2.9781976027090082
INTECH,Intech Ltd.,26.7,-1.4760147601476092,-2.197802197802203,-21.00591715976331,-30.649350649350648,-11.295681063122931,-15.772870662460567,33.49999999999999,-29.36507936507936,183.48434778122248,119.1491496018206,2.228385232220674,3.6046669560789018
INTRACO,Intraco Refueling Station PLC,21.6,-0.9174311926605472,-0.9174311926605472,6.40394088669951,20.67039106145253,6.40394088669951,5.365853658536592,-2.7027027027026933,-0.7319153532071326,-53.54510346488108,-53.54510346488108,2.497964891309805,2.7726971668530704
IPDC,IPDC Finance PLC,32.2,0.0,-1.2269938650306704,17.948717948717956,76.09375044023439,70.75757618446973,77.01570720016588,94.3103453133621,41.711264940126874,205.98661723817142,516.0074734026673,4.1027606784951764,5.400034388695412
ISLAMIBANK,Islami Bank Bangladesh PLC,31.8,-0.9345794392523387,-0.3134796238244447,-9.14285714285714,-14.285714285714288,-13.821138211382108,-3.636363636363634,-30.263157894736842,10.801393728223001,-4.79041916167664,-18.65116287204651,1.5621449112692432,2.343269882344531
ISLAMICFIN,Islamic Finance & Investment PLC,12.0,-1.6393442622950762,1.694915254237282,13.207547169811324,13.207547169811324,21.212121212121207,26.31578947368421,42.85714285714285,-50.413223140495866,11.355199956602648,-34.199199884094526,3.3492049223134623,3.5419791334455084
ISLAMIINS,Islami Insurance Bangladesh Limited,56.5,-1.0507880910683036,-13.210445468509977,-1.3961605584642185,36.144578313253014,47.90575916230365,50.666666666666664,48.68421052631579,2.9143897996357038,419.80974275242363,200.00203693418422,3.9187727027481016,3.2357340249745143
ISNLTD,Information Services Network Ltd.,60.0,-1.1532125205930852,-4.761904761904762,2.214650766609876,-21.05263157894737,-23.27365728900256,-23.469387755102044,39.53488372093023,22.448979591836736,362.2222229617778,297.090910664833,2.781080271939107,3.162896266128391
ITC,IT Consultants PLC,52.2,-1.6949152542372854,4.400000000000006,24.880382775119628,30.827067669172944,31.818181818181824,35.58441558441559,29.850746268656714,25.480769230769237,63.31241584840888,77.68110479417834,3.210870684813314,4.139394596005382
JAMUNABANK,Jamuna Bank PLC,24.1,1.2605042016806753,0.41666666666667257,1.2605042016806751,3.433476394849788,7.589285714285728,14.218009478672984,34.636871508379905,40.536023649383395,197.27902482216948,105.94597705286516,1.4272153401158778,1.4389220986585096
JAMUNAOIL,JAMUNA OIL PLC,182.4,-1.0845986984815619,-1.9354838709677389,4.228571428571432,6.66666666666667,5.984892504357938,7.801418439716324,-1.829924650161467,6.0465116279069795,-2.719999999999997,13.612683915266732,1.2263800264142,1.5289025641259764
JANATAINS,Janata Insurance PLC,32.5,-1.8126888217522703,-10.95890410958904,-5.797101449275362,-10.714285714285712,19.485294117647065,33.74485596707818,33.59683814743551,-6.605262786085376,306.7733836179665,-82.61826044093873,4.186055180942644,3.3682659208023207
JHRML,JMI Hospital Requisite Manufacturing Ltd,49.7,-2.5490196078431318,-6.226415094339617,-1.1928429423459133,14.252873563218396,12.443438914027148,17.77251184834123,-5.513307984790872,125.90909090909093,125.90909090909093,125.90909090909093,2.520120761300049,2.387671356034716
JMISMDL,JMI Syringes & Medical Devices Ltd.,144.0,-2.0408163265306123,-5.387647831800256,3.597122302158273,17.743254292722817,14.741035856573705,22.033898305084747,-0.6896551724137931,-46.72470093178425,27.3341998481047,315.7961770374133,2.8075119778134674,3.788925701619049
JUTESPINN,Jute Spinners Limited,218.4,-1.265822784810119,-4.210526315789471,5.5072463768115965,4.000000000000003,9.748743718592968,11.885245901639355,1.581395348837212,46.577181208053695,304.44444444444446,228.42105263157896,5.642475050273498,4.69509030890594
KARNAPHULI,Karnaphuli Insurance PLC,44.0,0.4566210045662165,-6.382978723404255,26.80115273775215,36.222910216718276,42.857142857142854,54.3859649122807,61.17216117216117,12.244897959183666,362.0000021252,61.18829234145141,5.75765237670922,5.953590554535121
KAY&QUE,Kay and Que (Bangladesh) Ltd.,421.8,-0.9626672927917271,-6.141522029372489,-0.04739336492890726,-16.35930993456276,12.06163655685442,11.764705882352951,71.17457821352673,101.83046182083835,1935.1238238064464,2023.6074675624502,2.3851971729617465,2.514999245441595
KBPPWBIL,Khan Brothers PP Woven Bag Industries Ltd,39.3,-2.722772277227726,-4.146341463414641,-6.205250596658714,-21.084337349397593,-20.766129032258075,-18.125000000000004,-69.296875,195.48872180451124,84.55884618869936,17.410840058102167,3.452185614166729,4.300804463549584
KDSALTD,KDS Accessories Ltd.,51.1,-3.402646502835534,-4.485981308411212,2.200000000000003,8.03382663847781,23.429951690821262,24.330900243309003,19.67213114754098,8.17540349624497,11.284662676140949,-2.0694969422476737,2.153814652762343,2.9086186766090893
KEYACOSMET,Keya Cosmetic Ltd.,5.2,0.0,0.0,6.122448979591833,8.333333333333341,23.80952380952381,15.555555555555559,4.0000000000000036,-41.573033707865164,-29.38880025033299,-66.73217287359967,3.5294117647058867,3.9468922223708365
KOHINOOR,Kohinoor Chemical Company (Bangladesh) PLC,525.3,-0.7557150954090309,-1.84977578475338,4.454165838138791,3.1010794896957714,5.059999999999991,5.081016203240644,8.20786506033145,87.43624269498073,367.76439153403805,1037.1905790135118,2.7546581989894743,1.8775831753141565
KPCL,Khulna Power Company Ltd.,10.3,0.0,-0.9615384615384581,-3.738317757009333,-5.504587155963299,5.1020408163265305,-1.904761904761898,-10.434782608695645,-73.10704960835508,-81.81380419057761,-76.15931860225407,2.5395012373881602,2.7329027532694283
KPPL,Khulna Printing & Packaging Ltd,15.0,-2.5974025974025996,-1.315789473684206,-0.6622516556291367,-0.6622516556291367,12.78195488721804,-6.25,-25.0,-5.6603773584905674,56.25,-56.46437999202874,4.0721109536441435,4.075425469626625
KTL,Kattali Textile Ltd.,10.8,-3.5714285714285587,0.9345794392523498,5.882352941176485,10.204081632653061,17.391304347826104,-6.896551724137922,-3.571428571428559,-65.27331189710611,-43.54624035741101,-43.54624035741101,4.749626105600935,3.762981509389709
LANKABAFIN,LankaBangla Finance PLC,18.2,-2.6737967914438503,7.692307692307696,17.419354838709673,26.38888888888888,44.44444444444444,47.967479674796735,7.058823529411761,-51.206434316353885,-2.2408303686213404,-36.43774015757886,5.736445334501552,3.816491331496886
LEGACYFOOT,Legacy Footwear Ltd.,71.8,-2.972972972972977,1.1267605633802777,8.952959028831549,-10.250000000000004,30.07246376811593,32.47232472324722,17.512274959083463,0.8426966292134751,219.8133789337443,358.50168199617866,3.6350983365144334,3.11497629118964
LHB,LafargeHolcim Bangladesh PLC,59.0,-1.6666666666666667,-4.530744336569575,8.45588235294118,16.370808678500982,19.19191919191919,25.265392781316343,5.924596050269295,-6.7930489731437556,-20.80536912751678,711.7871728653,2.588807705119976,2.4987662777687083
LIBRAINFU,Libra Infusions Ltd.,640.8,-0.48144121758037317,-5.347119645494836,0.9133858267716464,2.527999999999993,0.945179584120983,0.7547169811320683,-21.470588235294123,63.46938693775508,81.07378317984514,444.0754711335065,2.3106349449205306,1.9606048338780155
LINDEBD,Linde Bangladesh Limited,732.4,-1.1472533405317857,-2.3596853752833016,5.078909612625535,9.150521609538,-10.123941587924898,-3.5046113306982902,-26.68668668668669,-45.54646840148699,-50.312075983717776,42.0756547041707,1.1584557248560314,1.295480952475987
LOVELLO,Taufika Foods and Lovello Ice-cream PLC,70.7,-2.8846153846153766,-6.851119894598158,2.7616279069767526,-10.392902408111535,1.7266187050359754,3.665689149560117,-21.527483947581924,172.19500035657543,444.3900007131509,444.3900007131509,2.819865676036975,3.4108687739987094
LRBDL,Lub-rref (Bangladesh) Ltd,14.4,-2.702702702702705,-3.999999999999998,22.03389830508474,38.46153846153846,53.191489361702125,45.45454545454545,-5.882352941176472,-71.2,-64.44444444444444,-64.44444444444444,3.5548456236933923,4.347814093158402
LRGLOBMF1,LR Global Bangladesh Mutual Fund One Units,4.6,-4.1666666666666705,21.052631578947366,35.29411764705882,35.29411764705882,48.38709677419353,64.28571428571428,17.948717948717942,-48.31460674157304,-25.806451612903235,-50.0,8.675619719097979,6.118658080506436
MAGURAPLEX,Magura Multiplex PLC,91.9,-0.8629989212513454,-4.66804979253112,6.984866123399301,7.737397420867537,11.124546553808951,9.535160905840286,-0.10869565217390686,-25.76514617494918,414.2590650659959,414.2590650659959,2.3460288199952966,2.7943649274768165
MAKSONSPIN,Maksons Spinning Mills PLC,5.9,-1.6666666666666607,1.724137931034492,3.5087719298245643,0.0,22.91666666666668,25.531914893617024,-3.2786885245901525,-69.74358974358974,-13.95833311822916,-63.45646050088344,3.4430465409578845,4.330212411772013
MALEKSPIN,Malek Spinning Mills PLC,43.7,2.1028037383177702,-2.237136465324385,45.66666666666667,59.48905109489053,47.138047138047156,51.21107266435988,84.38818565400847,50.6896551724138,168.09815950920245,74.80000000000001,5.700385439291671,6.191792773646551
MARICO,Marico Bangladesh Limited.,2742.7,-0.08742850897963976,0.2742029833284586,-0.9390688770903313,-0.08378870673953304,-1.871198568872994,3.3771814104255364,1.5814814814814748,14.279166666666661,115.41784480050265,630.4127829560585,0.44530778966288226,0.6893509238287521
MATINSPINN,Matin Spinning PLC,56.2,-2.430555555555553,-3.2702237521514603,9.126213592233015,20.0854700854701,17.573221757322187,20.860215053763447,17.81970649895178,1.9963702359346667,43.367346938775505,24.888888888888893,2.845019792193239,3.169997380786423
MBL1STMF,MBL 1st Mutual Fund 2010- Units,6.8,3.030303030303033,41.66666666666667,74.35897435897436,65.85365853658537,83.78378378378376,100.0,35.99999999999999,-28.42105263157895,15.254237288135583,-1.4492753623188481,6.48500955566173,5.940155128505579
MEGCONMILK,Meghna Condensed Milk Industries Ltd.,37.8,-4.545454545454556,2.1621621621621543,7.999999999999992,12.83582089552238,173.91304347826082,162.5,106.5573770491803,150.33112582781453,455.8823529411764,297.8947368421052,5.006614217642468,6.170729595546445
MEGHNACEM,Meghna Cement Mills PLC,32.3,-0.6153846153846242,-2.12121212121213,8.026755852842806,-1.524390243902439,10.996563573883146,10.23890784982934,-23.095238095238102,-50.54062462967293,-48.17567492632395,-56.27166399325317,5.133764138911891,4.363396387558737
MEGHNAINS,Meghna Insurance PLC,37.1,1.366120218579235,-11.24401913875597,13.455657492354735,23.66666666666667,21.241830065359476,32.02846975088968,50.20242914979758,237.27272727272728,237.27272727272728,237.27272727272728,8.331163071535475,5.920303906496929
MEGHNALIFE,Meghna Life Insurance PLC,62.5,0.0,-3.993855606758824,1.2965964343598009,13.636363636363637,10.815602836879435,23.031496062992133,20.65637065637066,-5.877976565619694,67.62770450273594,-4.036983464851382,2.3635193810973014,3.0545789749475456
MEGHNAPET,Meghna Pet Industries Ltd.,96.7,-3.3966033966033886,14.98216409036862,39.538239538239544,162.05962059620597,408.94736842105266,343.5779816513762,259.4795539033458,504.375,1873.469387755102,1410.9375,7.360760559088979,6.766914760129989
MERCANBANK,Mercantile Bank PLC,7.6,0.0,-1.2987012987013056,2.702702702702693,-12.643678160919539,-2.5641025641025665,2.702702702702693,-9.523809523809533,-49.00000015635526,16.4616297867879,-26.54335913397002,2.396491228070179,2.498399761395184
MERCINS,Mercantile Islami Insurance PLC,41.3,1.2254901960784315,-9.628008752735242,8.398950131233583,62.598425196850386,65.19999999999999,61.96078431372548,53.53159851301115,-26.90265486725664,275.45454545454544,49.69579333758197,6.104661771203295,5.071070970748716
METROSPIN,Metro Spinning Ltd.,9.1,-1.0869565217391266,-1.0869565217391266,1.1111111111111072,0.0,15.18987341772151,7.058823529411761,-23.529411764705888,-46.62011158273774,26.572727161113136,-39.44730758904385,1.961299569995235,3.57506323648067
MHSML,Mozaffar Hossain Spinning Mills Ltd.,22.8,-1.7241379310344769,-2.1459227467811157,2.7027027027027093,30.285714285714292,45.22292993630574,68.8888888888889,43.39622641509434,23.913043478260885,46.51280026044117,-7.857184502404648,2.0859638276024333,3.1063182971521095
MIDASFIN,MIDAS Financing PLC,6.0,-3.2258064516129057,0.0,5.263157894736839,-1.6393442622950762,11.111111111111104,33.333333333333336,-22.077922077922082,-69.55147070773458,-57.77321874457208,-75.61132511222618,5.492248120372793,4.789856934998336
MIDLANDBNK,Midland Bank PLC,18.8,-2.083333333333326,0.5347593582887776,16.77018633540372,12.574850299401207,8.045977011494267,9.941520467836254,-28.517110266159694,115.15555475948001,115.15555475948001,115.15555475948001,5.362006355856217,3.790089812545326
MIRACLEIND,Miracle Industries Limited,28.9,-3.0201342281879264,-1.0273972602739752,5.0909090909090855,9.0566037735849,-7.961783439490446,-9.119496855345918,-2.3648648648648742,-24.146981627296594,34.93284313025147,213.57127720779852,4.539944135067611,3.2038240819020487
MIRAKHTER,Mir Akhter Hossain Ltd,41.2,-2.3696682464454977,0.0,-0.7228915662650534,6.459948320413436,50.364963503649655,49.275362318840585,46.619217081850536,-53.2349602724177,-49.1358024691358,-49.1358024691358,4.011073418807692,3.23417701176511
MITHUNKNIT,Mithun Knitting & Dyeing (CEPZ) Ltd.,14.5,1.3986013986013937,-7.643312101910824,-5.228758169934645,-7.643312101910824,1.3986013986013937,-0.6849315068493127,-8.227848101265826,4.316546762589925,-69.1489360454957,-72.22646631080295,5.7499592402380415,5.268923714440054
MJLBD,MJL Bangladesh PLC,94.1,-0.7383966244725769,-2.8895768833849447,3.1798245614034992,6.207674943566592,0.965665236051493,4.555555555555549,-2.284527518172381,9.16473317865428,-3.1323526990073565,65.32847198238112,1.204936816337715,1.4405999903954134
MLDYEING,M.L. Dyeing & Textile Ind. PLC,16.4,5.806451612903216,27.131782945736422,56.19047619047618,88.50574712643677,100.0,95.23809523809521,67.34693877551018,-47.77070063694268,137.63600100329919,137.63600100329919,8.496387795519073,6.270979676811296
MONNOAGML,Monno Agro & General Machinery Ltd.,351.0,-0.6510048117746989,-3.1991174848317767,1.7391304347826086,1.7391304347826086,1.8276762402088806,-5.006765899864682,-6.149732620320855,14.330582319037344,1030.6001153066525,2722.533271232133,1.7677273784547087,2.1485143154652198
MONNOCERA,Monno Ceramic Industries Limited.,93.7,-1.2644889357218154,-3.995901639344254,0.9698275862069027,11.018957345971561,17.565872020075282,14.547677261613698,1.8478260869565248,-24.617860016090102,304.72624100009733,447.12991831024493,3.079799783018216,3.00402224014212
MONNOFABR,Monno Fabrics Ltd.,22.4,-0.8849557522124019,-1.3215859030837036,5.660377358490563,-5.084745762711876,10.344827586206884,4.672897196261682,58.86524822695035,-5.084745762711876,-5.084745762711876,-5.084745762711876,1.6993314972497107,2.1674081943598384
MONOSPOOL,Monospool Bangladesh PLC,121.3,-0.6552006552006528,0.2479338842975183,11.386593204775014,16.634615384615383,27.415966386554615,28.088701161562824,29.40166936508582,-6.720669064793877,153.62727170123514,153.62727170123514,2.4071484816543096,3.130047441317409
MPETROLEUM,Meghna Petroleum PLC,214.3,-0.6029684601113093,-0.7870370370370318,2.3400191021967554,6.616915422885578,7.74258421317245,11.209133367929436,2.486848397895752,9.953822473063111,19.05555555555556,50.14649666514013,1.0591042498013412,1.1921226434576944
MTB,Mutual Trust Bank PLC,13.6,-0.7299270072992675,-3.546099290780142,7.936507936507937,29.241212903238953,25.44000074850787,38.69788708240522,48.34643578321184,5.612312198866288,132.25165075678535,179.99827158714,2.641755323378341,3.3241281593124428
NAHEEACP,Nahee Aluminum Composite Panel PLC,36.7,-0.8108108108108031,-3.926701570680628,12.923076923076932,46.80000000000001,105.02793296089389,98.37837837837839,69.12442396313367,-18.625277161862524,-41.77023300768986,-41.77023300768986,4.030251133437694,5.270414231772294
NATLIFEINS,National Life Insurance PLC,102.0,-1.4492753623188406,-6.934306569343061,-0.4878048780487805,3.0303030303030303,-4.0451552210724335,8.742004264392326,2.6156941649899337,-57.5,-10.070000178780836,-24.912228601018043,2.9463206984528982,2.9355273498894427
NAVANACNG,Navana CNG Limited,22.3,-0.8888888888888857,-3.0434782608695623,2.7649769585253523,7.729468599033823,7.211538461538462,4.694835680751174,-2.6200873362445325,-38.53562469790259,-45.965384340639375,-62.175768890889415,1.7779252903845357,1.9407258216504524
NAVANAPHAR,Navana Pharmaceuticals PLC,71.2,-1.928374655647371,-3.26086956521738,1.7142857142857184,15.960912052117271,34.086629001883246,35.877862595419856,29.45454545454546,169.69696969696972,169.69696969696972,169.69696969696972,2.912248809384945,2.4760596753097257
NBL,National Bank PLC,3.8,0.0,0.0,-2.5641025641025665,-15.555555555555559,15.151515151515152,18.74999999999999,0.0,-48.846153718269235,-34.10896948346048,-64.38589816000999,3.186344238975818,4.185224238181709
NCCBANK,National Credit and Commerce Bank PLC,15.6,-1.8867924528301931,0.0,0.0,18.423412080223624,30.838769736635264,32.98366766882249,51.62623791001753,18.110774729773937,121.71285966691798,41.61270423038116,2.304656552104487,2.817529446015102
NCCBLMF1,NCCBL Mutual Fund-1 2012- Dividend Units,7.0,-4.109589041095888,20.689655172413797,66.66666666666666,59.09090909090907,70.73170731707319,75.0,25.000000000000007,-23.913043478260864,16.666666666666668,-41.666666666666664,11.054483332459098,6.928186070519633
NEWLINE,New Line Clothings Ltd.,5.6,-1.75438596491229,3.7037037037036904,-1.75438596491229,-3.448275862068969,47.368421052631575,39.99999999999999,-23.28767123287672,-80.95238095238093,-77.5599599762812,-77.5599599762812,5.605601059659931,5.274298764179227
NFML,National Feed Mill Ltd,20.2,-2.8846153846153912,-4.716981132075472,-9.82142857142857,34.66666666666666,35.57046979865771,43.262411347517734,69.74789915966386,-43.327777783445,40.09261406202971,-27.582414928590048,3.6662083698588623,5.701720263424989
NHFIL,National Housing Finance PLC,32.4,-0.3076923076923121,0.9345794392523276,15.302491103202836,36.70886075949367,33.88429752066115,43.99999999999999,31.51291500297653,-19.91011244953921,15.646017474645777,6.093299010361041,2.402752360301522,4.210703827028879
NITOLINS,Nitol Insurance PLC,34.0,-0.8746355685131112,-9.814323607427063,7.255520504731863,13.333333333333334,16.040955631399314,20.996441281138786,34.38735177865612,-34.97267743927856,100.8241937135288,42.73131950174352,7.267519901248557,5.6106790512543405
NORTHERN,Northern Jute Manufacturing Co. Ltd.,118.1,0.5962521294718813,-9.083910700538885,10.787992495309568,2.9642545771577953,36.531791907514446,38.45252051582649,12.583412774070531,-61.65584415584416,-40.702928633104605,687.3333385822223,6.751923461363056,5.483559661850251
NORTHRNINS,Northern Islami Insurance PLC,37.2,-0.5347593582887586,-11.428571428571422,-2.105262900276997,19.44954156384985,24.000000289333336,40.50359747356115,36.09756129095777,-32.771084175352,190.31081135122048,21.68761423645592,6.245752426430109,4.1185001771277525
NPOLYMER,National Polymer Industries PLC,35.6,-4.0431266846361185,0.5649717514124374,10.903426791277258,19.46308724832215,29.927007299270084,33.83458646616541,17.880794701986762,-39.66101694915254,-12.196388457558509,146.6728193288692,4.891461168951775,3.456612750783094
NRBBANK,NRB Bank PLC,6.5,3.174603174603177,6.557377049180334,8.333333333333334,-5.797101449275367,-4.411764705882351,6.557377049180334,-41.964285714285715,-27.77777777777778,-27.77777777777778,-27.77777777777778,2.9305230288836843,2.9346696005730015
NRBCBANK,NRBC Bank PLC,8.0,2.5641025641025665,6.666666666666667,8.108108108108103,11.111111111111109,45.45454545454545,56.862745098039234,12.676056338028173,-67.78853055637428,-37.09100003644868,-37.09100003644868,3.4050586682165633,2.6897308598039325
NTC,National Tea Company Limited,170.4,-2.1814006888633655,-5.960264900662242,6.500000000000003,6.76691729323309,2.588801926550278,-1.9562715765247443,-3.236797274275973,-67.26224783861672,-67.8186968838527,-77.87012987012987,4.23627634746811,4.2992312904439585
NTLTUBES,National Tubes Limited,69.3,-1.9801980198019882,-5.068493150684936,8.45070422535211,9.305993690851734,10.174880763116056,10.879999999999997,-20.06920415224914,-33.62068965517242,11.496845702187132,194.09313043596748,2.9638667986327225,3.919499076505444
NURANI,Nurani Dyeing & Sweater Ltd.,2.9,7.407407407407398,7.407407407407397,-3.333333333333336,-6.451612903225812,38.09523809523809,44.99999999999999,-9.375000000000009,-70.40816326530611,-82.86204403563981,-82.86204403563981,4.444444444444433,5.212168144066853
OAL,Olympic Accessories Ltd,6.6,-1.4925373134328437,-4.347826086956532,4.761904761904759,3.124999999999989,19.999999999999996,15.789473684210515,-16.45569620253165,-55.70469798657719,-64.07903610007672,-72.65593598508019,3.356643356643358,4.073688028616051
OIMEX,Oimex Electrode Ltd.,16.1,-4.1666666666666625,-3.5928143712574725,5.921052631578962,20.14925373134329,22.90076335877864,5.228758169934645,-34.81781376518218,-38.78326996197718,-67.71122458865078,-67.71122458865078,2.800812718328934,3.142579267634448
OLYMPIC,Olympic Industries PLC.,151.7,-1.9392372333548804,-6.358024691358032,1.7437961099932893,2.569303583502355,3.1972789115646183,10.247093023255811,-4.5911949685534665,-14.196832579185532,-55.717264276928645,105.30827200733629,1.9801275203315165,1.711933526513839
ONEBANKPLC,One Bank PLC,7.9,-1.2499999999999956,0.0,0.0,9.722222222222223,9.722222222222223,12.857142857142861,-2.4691358024691272,-13.931578559607534,-13.931578559607534,-13.931578559607534,2.551119766309635,2.630205235663991
ORIONINFU,Orion Infusion Ltd.,288.9,-0.48225973131244715,-6.383668178872341,-5.987634233647912,-10.695517774343129,-25.541237113402065,-15.054395765951202,-17.92613636363637,287.7852348993288,296.84065934065933,528.0434782608695,2.2994263306404283,2.878943330913599
ORIONPHARM,Orion Pharma Ltd.,28.8,-2.372881355932201,-3.999999999999998,6.273062730627304,3.9711191335740126,3.225806451612911,5.882352941176476,-14.029850746268655,-49.473684210526315,-22.371967654986523,-57.853658368000005,2.274261049234001,2.700475853277563
PADMALIFE,Padma Islami Life Insurance Ltd.,17.3,-1.1428571428571388,-6.98924731182796,-6.98924731182796,1.7647058823529453,-1.7045454545454584,3.592814371257494,-23.111111111111107,-52.9891304347826,-14.91803243818865,-64.69165355754163,4.668100460523194,4.725836878103875
PADMAOIL,Padma Oil PLC,201.7,-0.5424063116370921,-0.04955401387513515,8.791801510248103,14.732650739476664,19.419775014801647,18.99705014749262,4.45365095805282,-10.035682426404996,8.382590005373453,18.64705870488235,1.1085937757712654,2.035020979172616
PARAMOUNT,Paramount Insurance PLC.,59.8,2.3972602739726003,-11.40740740740741,2.5728987993138936,11.775700934579435,14.559386973180064,37.47126436781609,46.568627450980394,-39.04179408766564,822.7829316044649,354.4169425603155,6.59791895937764,5.199255262870106
PDL,Pacific Denims Ltd.,5.5,0.0,1.8518518518518452,-5.172413793103446,-1.7857142857142796,37.5,19.565217391304355,-19.117647058823525,-59.74637682151177,-72.08169827049724,-72.08169827049724,3.7037037037036904,4.924833138069967
PENINSULA,The Peninsula Chittagong PLC,24.5,-3.9215686274509802,-3.162055335968382,4.25531914893617,12.385321100917428,9.865470852017934,33.87978142076502,120.72072072072072,8.407079646017692,60.13071895424836,-32.30263140970394,2.810993601559103,3.2808082643802607
PEOPLESINS,Peoples Insurance PLC,53.9,1.3157894736842024,-12.783171521035598,-8.177172061328799,0.9363295880149813,39.99999999999999,48.48484848484849,70.56962025316454,17.429193899782135,266.6666666666667,104.16666666666667,5.866963867472272,4.075654715701231
PF1STMF,Phoenix Finance 1st Mutual Fund Units,12.7,0.7936507936507908,4.95867768595041,47.67441860465116,69.33333333333331,139.62264150943398,153.99999999999997,130.90909090909088,8.547008547008547,159.1836734693877,60.75949367088606,4.529395682097454,5.049469542230873
PHARMAID,Pharma Aids Limited.,615.6,-0.8695652173913007,-8.799999999999997,9.732620320855618,11.320072332730565,23.095380923815235,24.868154158215013,-0.8695652173913007,46.571428571428584,172.87234042553192,339.4004282655246,3.2560864095706403,3.237289090112298
PHENIXINS,Phoenix Insurance PLC,44.0,1.1494252873563218,-5.781584582441119,4.761904761904762,11.39240506329114,41.935483870967744,64.17910447761194,78.13765182186235,-27.152317880794698,131.57894736842104,-1.7857142857142796,4.352175517659531,3.9362863260482706
PHOENIXFIN,Phoenix Finance and Investments Ltd.,3.9,8.333333333333329,5.405405405405397,5.405405405405397,-4.8780487804877986,25.80645161290322,62.5,0.0,-86.39252331904295,-70.58236474543523,-85.7057932852217,5.0652080652080675,5.753477035358205
PHPMF1,PHP First Mutual Fund Units 2010-,3.9,-4.8780487804877986,11.428571428571427,25.80645161290322,18.181818181818183,69.56521739130436,62.5,11.428571428571427,-50.63291139240506,-5.262500485529695,-30.16492905729111,7.659892567013312,6.960922455245016
PIONEERINS,Pioneer Insurance PLC,64.9,-0.4601226993864987,-9.610027855153191,-2.4060150375939764,3.6741214057508054,30.047710248783407,41.673597012317344,63.8100965633714,-44.84409578360558,201.6662814084573,61.966062842568356,3.6908196354602025,3.632827295212006
PLFSL,Peoples Leasing and Financial Services Ltd.,1.8,5.882352941176476,38.46153846153846,38.46153846153846,-37.93103448275862,109.30232558139535,239.62264150943395,-9.999999999999998,-40.0,-79.3103448275862,-93.86996904575143,2.4999999999999964,8.921229178406213
POPULAR1MF,Popular Life First Mutual Fund Units 2010-,3.9,-2.500000000000002,11.428571428571427,25.80645161290322,25.80645161290322,69.56521739130436,62.5,8.333333333333329,-47.297297297297305,-1.1680309283851766,-25.70002082590314,7.717823971693943,5.916913654127599
POPULARLIF,Popular Life Insurance Co. Ltd.,59.1,-3.5889070146818858,-10.993975903614464,-2.152317880794697,13.872832369942202,27.09677419354839,39.05882352941177,23.125000000000004,-41.83070866141732,-8.936825885978434,-46.96153814330769,2.419962392008731,3.0551374057125837
POWERGRID,Power Grid Co. of Bangladesh Ltd.,38.3,-4.250000000000007,-8.153477218225433,9.42857142857142,20.440251572327032,32.52595155709342,42.37918215613382,9.742120343839538,-25.77519379844962,-33.50694444444445,-29.46593001841621,2.939165670876245,3.1076496290843236
PRAGATIINS,Pragati Insurance PLC,75.3,0.938337801608583,-8.72727272727273,0.9383378016085829,6.390946109914306,-0.6927020332793437,7.870653288098426,55.428857143552335,-1.2318180090185917,388.84245181340214,89.32627790679801,4.1023698533921555,4.09894966121313
PRAGATILIF,Pragati Life Insurance PLC,163.6,-3.9906103286385037,-10.257816785518386,-4.22565203885765,-8.696093444421948,-1.499726427591956,21.759133841245788,60.822162482815855,93.27011052967588,106.53312725910685,147.03943744087496,3.3434838049784656,2.6712130997764163
PREMIERBAN,The Premier Bank PLC,5.1,-1.9230769230769333,1.999999999999993,18.604651162790695,6.2499999999999964,24.390243902439025,27.499999999999993,-29.166666666666675,-54.312500132303384,29.894490296732574,-30.254777192882184,8.19522144522144,5.59203576762448
PREMIERCEM,Premier Cement Mills PLC,49.5,-2.941176470588235,-4.8076923076923075,6.2231759656652335,28.23834196891191,28.906250000000007,26.275510204081623,-0.8016032064128228,-32.19178082191781,-45.30386740331492,-52.857142857142854,2.993674544995831,4.312481043054515
PREMIERLEA,Premier Leasing & Finance Limited,2.5,0.0,13.636363636363628,8.695652173913052,-7.407407407407414,303.2258064516129,362.96296296296293,-16.666666666666668,-74.48979591836735,-63.82421839271894,-81.5566245881868,6.893544137022399,8.348097555114101
PRIME1ICBA,Prime Bank 1st ICB AMCL Mutual Fund Units,6.5,-4.411764705882351,8.333333333333334,38.29787234042553,44.44444444444444,54.76190476190475,51.162790697674424,22.641509433962266,-22.61904761904762,27.450980392156872,-9.722222222222223,6.157132768361578,5.283648234604171
PRIMEBANK,Prime Bank PLC,30.7,-0.9677419354838732,0.0,2.675585284280939,-2.9066262632906654,3.9838712277016053,11.927083613151042,13.503521410519369,44.9161182127357,121.61562440510056,8.052590822021385,1.56932469786123,1.6062747593733948
PRIMEFIN,Prime Finance and Investment Ltd.,3.7,5.71428571428572,15.625,19.35483870967742,-2.631578947368412,146.66666666666669,236.36363636363635,-17.777777777777775,-72.5925925925926,-54.32098765432098,-86.38036804468365,5.528877484522642,6.143308765447396
PRIMEINSUR,Prime Islami Insurance PLC,46.1,0.21739130434782916,-7.799999999999998,17.302798982188307,28.41225626740948,36.390532544378715,54.18060200668897,31.714285714285722,-30.362537764350456,231.65467625899282,29.08000030462881,4.583023631459808,5.236856618418062
PRIMELIFE,Prime Life Insurance Company Limited,39.6,-1.9801980198019733,-11.607142857142847,4.210526315789477,11.54929577464789,6.166219839142103,20.000000000000004,9.392265193370163,-40.36144578313253,-32.827140387038085,-56.4399999333532,4.663334522608053,3.1884576323554112
PRIMETEX,Prime Textile Spining Mills Ltd.,16.4,-1.796407185628747,-3.5294117647058907,-10.382513661202198,-19.607843137254903,28.124999999999982,18.84057971014491,17.985611510791355,-25.114155251141554,-2.3809523809523934,-18.811881188118814,3.786518484259017,4.169117698526862
PROGRESLIF,Progressive Life Insurance Co. Ltd.,40.7,-0.9732360097323567,-5.348837209302319,5.440414507772024,-0.48899755501221454,-14.675052410901467,-10.745614035087716,-12.095032397408195,-63.2007233273056,-5.646021062257592,-45.598569456774484,3.2688938855789074,3.3411826927244177
PROVATIINS,Provati Insurance PLC,55.7,2.0146520146520173,-12.28346456692913,7.321772639691724,62.39067055393588,79.09967845659163,94.07665505226483,80.25889967637542,-66.15400750906473,579.0830686352061,198.22092606900756,6.865143874078593,6.136218608348716
PTL,Paramount Textile PLC,63.1,-1.4062499999999978,-4.826546003016585,5.166666666666669,1.774193548387099,21.34615384615385,21.814671814671826,37.77292576419215,30.14375020090942,509.966805007138,146.9730171923667,2.611488801047817,3.0390786642323286
PUBALIBANK,Pubali Bank PLC,37.3,-1.5831134564643838,-1.3227513227513228,0.8108108108108031,16.562527792877706,17.520575955349322,38.8188033296554,63.721413107731045,118.90724672773852,245.99056197669148,113.96227347441247,1.9978701261528298,2.1896623436493003
PURABIGEN,Purabi General Insurance Co. Ltd.,30.1,-1.3114754098360608,-10.946745562130165,-5.047318611987374,20.400000000000006,44.71153846153847,55.15463917525775,63.58695652173915,-23.584155012773866,312.09301548326147,1.6776144637526773,5.341228220139988,3.762198242188091
QUASEMIND,Quasem Industries Limited.,45.7,-2.141327623126338,10.12048192771085,3.86363636363637,11.463414634146348,15.696202531645575,20.84134602022351,25.674999874325017,18.339882920185662,17.571846075118188,187.58692320260116,4.046669342494783,3.6436040866866994
QUEENSOUTH,Queen South Textile Mills Ltd.,17.5,0.0,10.759493670886071,21.527777777777775,47.05882352941176,56.250000000000014,47.05882352941176,36.71874999999999,-37.11864429544843,-27.931746755103422,-27.931746755103422,4.963993954010934,3.9247956439634053
RAHIMAFOOD,Rahima Food Corporation Ltd.,89.6,-2.6086956521739193,-6.666666666666672,-9.9497487437186,-20.14260249554368,-38.16425120772947,-44.00000000000001,-27.858293075684387,-63.87096774193548,65.31365313653134,420.9302325581395,3.6216190909883026,4.932736527463527
RAHIMTEXT,Rahim Textile Mills Ltd.,210.2,-1.8674136321195145,-5.908683974932864,7.794871794871789,-2.232558139534889,-18.46392552366176,-1.4533520862634892,33.206590621039275,-32.41157556270097,67.8240247607598,421.169883605005,4.628962343807039,4.813286032360565
RAKCERAMIC,RAK Ceramics (Baneladesh) Limited,31.2,-2.803738317757016,0.0,9.090909090909083,28.925619834710744,33.33333333333334,40.54054054054054,24.799999999999997,-16.800000000000004,-32.8142372522937,-22.27529416544775,3.5649391590028867,3.1593355000887886
RANFOUNDRY,Rangpur Foundry Limited,162.0,-1.699029126213599,1.25,6.229508196721311,5.882352941176471,9.1644204851752,13.365990202939114,3.7796284433055773,16.546762589928058,54.285714285714285,161.29032258064515,3.276337362231056,5.193082485926363
RDFOOD,Rangpur Dairy and Food Products Limited,27.1,-2.8673835125447926,-7.191780821917801,0.7434944237918322,30.288461538461544,33.49753694581281,35.50000000000001,11.065573770491815,-31.919512447019752,190.03957262469908,67.49785344083938,4.086566445251872,3.6671671941027952
RECKITTBEN,Reckitt Benckiser (Bangladesh) PLC,3304.7,-0.5057955742887305,-0.40684708576939305,-0.9679352712016837,-4.502239560757121,-5.225271731337299,-3.3713450292397713,-5.173601147776189,-26.72505543237251,111.63624719820683,347.1853856562922,0.7039086991168946,0.7459814755828911
REGENTTEX,Regent Textile Mills Ltd.,6.2,3.333333333333336,5.0847457627118615,8.771929824561402,51.21951219512197,67.56756756756756,55.00000000000001,67.56756756756756,-44.64285714285714,-44.32374970853033,-75.83650732047002,5.137961795195168,5.955933353083358
RELIANCE1,Reliance Insurance Mutual Fund Reliance One Units,12.2,-3.174603174603177,1.6666666666666607,17.307692307692296,4.273504273504273,-19.736842105263158,-22.29299363057325,-31.460674157303377,-11.594202898550733,56.4102564102564,34.06593406593406,3.4822305309824606,3.4562644279435735
RELIANCINS,Reliance Insurance PLC,106.3,-0.8395522388059753,-8.911739502999147,-3.2757051865332194,46.21733149931224,48.879551820728274,62.53822629969417,91.87725631768953,3.404669260700389,245.0860965187314,120.13447947426238,4.771683579375939,5.10944687521348
RENATA,Renata PLC,474.1,0.14786649767639323,0.23255813953488852,5.825892857142862,13.393924898349676,14.738625363020338,20.943877551020414,-10.37807183364839,-59.56407978306378,-29.411014571377148,52.62223431691102,1.3336716362122762,1.2444093852926426
RENWICKJA,Renwick Janeswar and Co. (BD) Limited,919.8,-7.043961596766048,-4.187500000000004,67.23636363636362,86.95121951219511,99.95652173913042,88.17512274959081,31.025641025641022,-3.1789473684210576,144.23791821561335,1071.71974522293,8.558501663765947,6.7014875638526945
REPUBLIC,Republic Insurance PLC,34.7,-1.4204545454545454,-14.532019704433495,4.204204204204221,2.6627218934911414,5.471124620060803,26.642335766423376,27.57352941176472,-34.49186611440498,414.4662070766574,69.19017163839244,5.6802037134396395,4.690771018862158
RINGSHINE,Ring Shine Textiles Ltd.,3.9,2.631578947368424,0.0,5.405405405405397,-9.302325581395348,44.44444444444443,21.87499999999999,25.80645161290322,-62.5,-73.740000002626,-73.740000002626,3.1578947368421075,4.853604173779611
ROBI,Robi Axiata PLc,32.5,-0.9146341463414549,-2.402402402402394,1.2461059190031107,12.84722222222222,7.615894039735101,14.840989399293283,26.4591439688716,-28.571428571428573,116.66666666666667,116.66666666666667,1.6621361422584682,1.8016519891238272
RSRMSTEEL,Ratanpur Steel Re-Rolling Mills Ltd,7.8,1.298701298701294,-2.500000000000002,0.0,0.0,13.043478260869556,16.41791044776119,-25.000000000000004,-69.76744186046511,-76.43521116065136,-82.7909712823773,3.6811574390521793,3.984641465331588
RUNNERAUTO,Runner Automobiles PLC,41.9,-1.4117647058823564,-0.4750593824228096,2.444987775061125,-2.558139534883724,11.43617021276595,13.24324324324324,45.99303135888502,-37.83382789317508,-54.784172551270636,-54.784172551270636,1.967294544334481,2.304839165677777
RUPALIBANK,Rupali Bank PLC,17.6,-0.5649717514124173,-4.864864864864857,4.761904761904766,-10.659898477157348,-8.808290155440412,1.7341040462427786,-24.786324786324776,-41.642105304315564,27.60015854638701,-41.30392740314196,2.82893400638592,2.794568641863127
RUPALIINS,Rupali Insurance Company Ltd.,28.4,1.0676156583629792,-5.333333333333338,5.576208178438662,23.223140803925613,25.29411796029411,39.34579474088785,38.6976747314808,-27.090464374762224,171.91131743358898,-9.384008025284082,4.584930942073799,4.31852071343387
RUPALILIFE,Rupali Life Insurance Co. Ltd.,87.2,-1.2457531143827796,-8.21052631578947,-5.831533477321805,2.83018867924529,-3.003337041156844,10.941475826972022,5.8252427184465985,19.70928628928281,185.0507394287934,-13.366465674810472,3.794115656170331,3.1890996705196195
SAFKOSPINN,Safko Spinning Mills Limited,20.1,-1.4705882352941038,-7.373271889400911,-1.4705882352941038,18.93491124260357,47.79411764705884,45.652173913043484,58.267716535433095,-15.05857741794145,85.86693290258467,1.7918052935585715,3.542468696630497,5.2039222898173705
SAIFPOWER,SAIF Powertec Ltd.,9.6,-1.0309278350515427,0.0,12.941176470588232,39.13043478260869,100.0,91.99999999999999,27.999999999999996,-60.40466940952953,-30.770411816020154,-30.159901444621127,3.9830540515579416,5.988250641911131
SAIHAMCOT,Saiham Cotton Mills Ltd.,21.1,-1.860465116279063,2.4271844660194173,9.326424870466324,-2.314814814814815,9.895833333333346,7.653061224489796,52.89855072463769,11.640211640211657,62.307692307692314,-18.274647956387618,3.097816040235769,3.340185613434633
SAIHAMTEX,Saiham Textile Mills Ltd.,19.1,-2.551020408163265,-2.5510204081632653,5.524861878453038,3.243243243243251,-9.47867298578199,10.40462427745665,32.63888888888889,-18.376068376068364,48.55555586917284,-18.504416988703888,2.8178416404463293,2.747131511800555
SALAMCRST,S. Alam Cold Rolled Steels Limited,13.5,-1.459854014598535,-6.250000000000002,-6.250000000000002,-16.14906832298137,15.38461538461539,-9.395973154362418,-39.732142857142854,-57.8125,-46.215139442231084,-71.63865546218487,2.773352871697375,2.946532547012304
SALVO,Salvo Organic Industries PLC,38.3,-2.544529262086514,0.261780104712027,1.5915119363395074,18.209876543209873,31.164383561643827,26.40264026402639,59.58333333333332,1.3227513227513228,277.0156268084968,123.71899798506169,3.0728277653988605,2.318966641426844
SAMATALETH,Samata Leather Complex (Pvt.) Ltd.,101.9,-3.2288698955365542,-4.677268475210477,-0.9718172983479105,-3.8679245283018813,11.978021978021983,21.309523809523814,44.53900709219859,7.376185458377239,292.21886666942794,592.919997782656,6.045384792946493,4.974095260972859
SAMORITA,Samorita Hospital Ltd.,93.0,-1.898734177215187,-0.42826552462527373,28.275862068965516,30.06993006993007,30.43478260869566,27.922971114167808,43.518518518518526,36.12189479617286,86.26414233508306,136.90470582336502,2.9117830514970393,4.3330867766042696
SANDHANINS,Shandhani Life Insurance Co.Ltd,27.3,-1.4440433212996338,-4.210526315789471,12.345679012345679,32.524271844660184,30.000000000000007,41.45077720207254,31.8840579710145,-35.308056872037916,37.64705995709345,-35.881496725258536,3.473168655909354,3.221278133105956
SAPORTL,Summit Alliance Port Limited,52.3,-1.5065913370998196,0.0,-1.5065913370998196,2.148437499999989,18.86363636363636,24.228028503562935,121.6101694915254,82.86713286713285,35.64753034478048,148.16442231262982,4.097806832124519,3.939732584796446
SBACBANK,SBAC Bank PLC.,6.7,-1.4705882352941124,3.0769230769230798,4.687499999999997,1.5151515151515234,4.687499999999997,8.064516129032258,-20.23809523809524,-36.02109080974911,-36.02109080974911,-36.02109080974911,2.7508610792192862,3.0688538408000285
SEAPEARL,Sea Pearl Beach Resort & Spa Ltd.,39.6,-3.178484107579455,-6.382978723404245,11.54929577464789,6.166219839142103,20.731707317073187,20.000000000000004,-24.427480916030532,-9.382151029748286,65.00000041250001,65.00000041250001,3.728133346662532,4.450782707971942
SEMLFBSLGF,SEML FBLSL Growth Fund Units,7.3,-3.947368421052629,4.285714285714283,35.18518518518517,35.18518518518517,40.38461538461538,48.97959183673468,23.728813559322024,-43.84615384615385,19.672131147540988,19.672131147540988,4.806878489742937,4.136783818078961
SEMLIBBLSF,SEML IBBL Shariah Fund Units,8.0,-3.6144578313253093,1.265822784810122,24.999999999999993,31.147540983606564,33.333333333333336,37.931034482758626,15.94202898550724,-42.02898550724638,-41.60583941605839,-41.60583941605839,2.7602694722176047,3.6073062068352666
SHAHJABANK,Shahjalal Islami Bank PLC,17.4,-1.6949152542372923,-1.1363636363636525,1.1627906976744145,1.1627906976744145,1.1627906976744145,6.097560975609756,-2.7932960893854752,-13.000000304499999,144.37342890180778,6.956398485912178,1.6019928347514576,1.5296148033815453
SHARPIND,Sharp Industries PLC,35.3,0.857142857142849,12.77955271565494,87.76595744680849,113.93939393939392,165.41353383458642,173.64341085271317,86.77248677248677,116.56441717791408,116.56441717791408,116.56441717791408,7.368313490208095,7.503667522054401
SHASHADNIM,Shasha Denims PLC,28.9,3.956834532374093,6.642066420664196,23.504273504273506,43.78109452736317,80.62499999999999,81.76100628930816,59.6685082872928,11.583011583011583,5.977020416672465,-13.418982439556526,3.0510443139878296,2.5831173859984107
SHEPHERD,Shepherd Industries PLC,16.7,-1.1834319526627177,0.0,2.453987730061341,14.383561643835614,30.46874999999999,24.62686567164178,-10.695187165775401,-3.834270058659546,-53.97294472584363,-53.97294472584363,3.241220373491207,3.607470270030686
SHURWID,Shurwid Industries Ltd,5.9,-1.6666666666666607,-1.6666666666666607,-7.8125,-9.230769230769225,43.90243902439026,28.260869565217405,-19.178082191780813,-70.64676616915422,-34.444444517283955,-80.35921060366432,3.039548022598862,4.298825071669952
SHYAMPSUG,Shyampur Sugar Mills Ltd.,302.6,-8.71794871794871,-8.108108108108105,82.61919130959568,102.95103957075791,132.05521472392638,99.07894736842107,133.4876543209877,388.0645161290323,4350.0,3682.5000000000005,10.060877931504548,8.739208663028656
SICL,"Sikder Insurance Co., Ltd.",37.4,-4.347826086956529,-9.223300970873797,-2.8571428571428608,57.14285714285713,69.23076923076921,102.16216216216215,72.35023041474655,38.51851851851851,38.51851851851851,38.51851851851851,5.5260762026955845,4.296528896244017
SILCOPHL,Silco Pharmaceuticals Ltd.,21.4,-2.7272727272727337,-0.925925925925939,5.940594059405937,45.578231292517,46.575342465753415,56.20437956204379,37.179487179487175,-35.151515151515156,-12.164179199523842,-12.164179199523842,4.320502371207022,4.04176284170316
SILVAPHL,Silva Pharmaceuticals Ltd.,16.8,-0.5917159763313483,-1.17647058823529,28.244274809160316,51.35135135135136,64.70588235294119,75.00000000000001,47.368421052631575,-25.33333333333333,-53.578947252368415,-53.578947252368415,3.4393339566713728,5.071919550262372
SIMTEX,Simtex Industries PLC,27.3,-2.150537634408595,-4.210526315789471,2.631578947368418,8.33333333333334,25.80645161290323,21.333333333333336,72.78481012658227,47.56756756756757,66.60562757242141,1.3327378937520156,3.0488668808424073,3.319346350003248
SINGERBD,Singer Bangladesh Limited,76.9,0.0,1.3175230566534912,-3.9950062421972397,-19.052631578947363,-10.99537037037037,-9.529411764705875,-36.02329450915141,-58.20652173913044,-33.88227519611896,-24.219223848958634,3.061544516661216,3.8175371767208475
SINOBANGLA,Sinobangla Industries Ltd.,57.3,-1.5463917525773294,-4.817275747508315,-1.2068965517241428,12.795275590551181,23.758099352051836,25.10917030567686,30.227272727272723,33.20405070449617,149.0336599775149,215.02758316368494,2.0758027891648565,2.554595156448661
SIPLC,Sena Insurance PLC,108.9,-2.3318385650224163,-1.8918918918918868,9.889001009081747,47.16216216216217,84.26395939086294,104.31519699812385,122.6993865030675,127.8242677824268,127.8242677824268,127.8242677824268,5.174873330719043,4.642318885545985
SKTRIMS,SK Trims & Industries Ltd.,14.3,-1.3793103448275814,0.7042253521126861,2.8776978417266212,48.95833333333335,90.66666666666669,74.39024390243904,36.1904761904762,-65.37530266343825,-61.54888896681648,-61.54888896681648,4.399554259865766,5.654525864361006
SONALIANSH,Sonali Aansh Industries Limited.,208.6,-1.6501650165016504,-5.310939627780307,13.989071038251364,33.46129238643633,14.615384615384613,8.419958419958414,10.957446808510635,244.15343369766967,1224.4444444444443,1445.1851851851852,2.725711859852043,3.4022692910664944
SONALILIFE,Sonali Life Insurance PLC,85.6,-1.7221584385763493,2.8846153846153744,8.354430379746828,38.06451612903225,26.44017725258492,40.55829228243021,40.32786885245901,18.723994452149793,678.1818181818181,678.1818181818181,3.3231512090426865,3.5305553960614446
SONALIPAPR,Sonali Paper & Board Mills Ltd.,238.2,-1.9753086419753134,-3.6017806556050207,4.473684210526311,1.8383924754168375,5.16556291390728,0.7188160676532721,49.811320754716974,41.94536959608496,57.823355522779636,57.823355522779636,3.453795954191081,3.4870850360805905
SONARBAINS,Sonar Bangla Insurance Ltd.,38.7,1.3089005235602091,-14.94505494505494,-6.746987951807222,29.824281452944824,45.64516162702914,60.61264858954678,61.25000040312502,-51.843397050671555,305.36572958703914,85.92255030087159,6.522481615254436,5.653933476840342
SONARGAON,Sonargaon Textiles Limited.,95.4,-1.344364012409511,8.286038592508527,26.190476190476208,145.24421593830337,193.53846153846158,206.75241157556272,177.32558139534888,289.38775510204084,1155.263157894737,411.0714298491071,8.408995033170266,7.610820070404543
SOUTHEASTB,Southeast Bank PLC,10.6,-0.9345794392523332,0.952380952380949,7.070707070707063,24.637362596273405,19.389473588698937,24.637362596273405,43.56962006052684,-21.245632451800486,2.11488097319442,-10.92440358165511,3.6611555642712226,3.420452031829463
SPCERAMICS,Shinepukur Ceramics PLC,23.1,-2.941176470588232,-6.477732793522258,-2.5316455696202445,10.5263157894737,46.20253164556963,58.219178082191796,3.587443946188344,-28.482972136222898,165.51724137931038,1.7816088990267338,2.813514745748861,3.948420189147539
SPCL,Shahjibazar Power Co Ltd,56.3,-1.7452006980802792,-5.059021922428331,7.238095238095233,7.442748091603051,14.430894308943078,18.526315789473678,32.47058823529411,-22.344827457674207,-52.74200857573462,116.81561318421701,2.3973787320525526,2.613251190923486
SQUARETEXT,Square Textiles PLC,50.7,0.5952380952381037,-2.1235521235521126,3.6809815950920335,4.320987654320991,1.6032064128256598,4.53608247422681,3.4693877551020464,9.032258064516135,-12.036587624579909,-33.56083722368244,2.180351890947165,2.0308917604200225
SQURPHARMA,Square Pharmaceuticals PLC,220.3,-0.22644927536231885,-2.9515418502202593,0.0,3.4272300469483623,1.3339466421343171,10.703517587939704,0.13636363636364154,-1.7395182872435224,17.819594446696293,110.46000109361057,1.1670464817233568,1.1972340222708853
SSSTEEL,S.S. Steel Ltd,7.2,-3.9999999999999973,-1.3698630136986254,14.28571428571429,38.46153846153846,84.61538461538461,75.60975609756099,18.032786885245912,-64.49315084641472,-80.68441622660858,-80.68441622660858,3.9090851414795083,5.168590382296753
STANCERAM,Standard Ceramic Industries Ltd.,71.3,-1.7906336088154233,-7.28218465539663,2.1489971346704873,3.4833091436864896,22.931034482758616,1.711840228245368,-4.933333333333337,-67.3385249656436,54.99999999999999,191.0204081632653,3.9377698053456087,4.192531293518641
STANDARINS,Standard Insurance PLC,46.8,-1.8867924528302005,-14.285714285714294,-4.489795918367353,3.539823008849545,12.230215827338116,19.693094629155997,6.363636363636357,-44.87632508833923,511.7846404650102,79.30435874126478,6.331762328428196,4.143711189017709
STANDBANKL,Standard Islami Bank PLC,5.1,-1.9230769230769333,6.2499999999999964,8.510638297872328,-3.773584905660381,4.0816326530612095,6.2499999999999964,-21.538461538461544,-40.656633788603315,-4.585057665311317,-43.70151454384275,3.6496598639455793,3.8650557595864514
STYLECRAFT,Stylecraft Limited,58.0,-3.4941763727121486,-9.5163806552262,11.538461538461538,7.806691449814132,26.637554585152845,22.881355932203384,-20.765027322404375,-63.22130627774254,26.881282253103002,136.1629027158279,4.359308203484563,3.866884942562654
SUMITPOWER,Summit Power Ltd.,16.7,-1.7647058823529453,-4.022988505747123,9.868421052631579,20.143884892086323,36.885245901639344,34.6774193548387,11.33333333333333,-62.63982102908278,-48.9296636085627,-63.62602744833332,3.0820802153907914,3.4080845312926593
SUNLIFEINS,Sunlife Insurance Co. Ltd.,67.0,-1.7595307917888603,-4.285714285714286,7.2,-5.633802816901408,24.074074074074073,27.134724857685004,15.318416523235799,93.08357348703169,129.32885831085133,-27.559600509780473,4.810084515405976,5.798631114506379
TAKAFULINS,Takaful Islami Insurance PLC,47.6,3.9301310043668223,-4.032258064516129,28.648648648648656,44.24242424242425,43.37349397590361,40.00000000000001,40.00000000000001,-17.217391304347824,331.98098238210946,55.026415392222866,5.316888323854764,5.092914496521347
TALLUSPIN,Tallu Spinning Mills Limited,8.1,0.0,1.2499999999999956,0.0,0.0,2.531645569620244,28.57142857142857,47.27272727272726,-1.219512195121947,-41.72661870503598,-64.782608726276,2.753320831379898,2.8291861144182713
TAMIJTEX,Tamijuddin Textile Mills PLC,131.4,-1.9402985074626824,-4.505813953488364,5.1200000000000045,3.4645669291338628,8.595041322314053,4.28571428571429,18.475409717590164,95.32432412899999,896.827584831962,896.827584831962,3.1071968125051965,3.2977969976217216
TECHNODRUG,Techno Drugs Ltd.,47.3,-2.2727272727272756,10.772833723653381,13.975903614457826,26.133333333333326,49.211356466876964,61.98630136986301,44.207317073170735,79.16666666666667,79.16666666666667,79.16666666666667,5.90348344686365,3.8665883243328127
TILIL,Trust Islami Life Insurance Ltd.,50.5,-0.7858546168958714,-9.660107334525938,-2.6974951830443135,10.745614035087716,2.0202020202020203,13.738738738738741,15.296803652968043,359.09090909090907,359.09090909090907,359.09090909090907,3.1442977974775816,3.3896840262139523
TITASGAS,Titas Gas Transmission and Distribution PLC,20.2,-3.3492822966507143,-3.809523809523813,16.763005780346813,18.823529411764703,22.424242424242422,29.487179487179485,-1.463414634146345,-46.56084656084656,-58.178053830227746,-68.33855799373039,3.4472112921478653,3.9816844576447963
TOSRIFA,Tosrifa Industries PLC,23.2,-2.109704641350211,-0.42918454935622924,15.999999999999996,31.818181818181802,36.47058823529411,36.47058823529411,14.851485148514852,32.84916151020566,17.778301717486144,-46.56634011821663,6.377630728488556,5.131492883508052
TRUSTB1MF,Trust Bank 1st Mutual Fund Units,3.9,-4.8780487804877986,11.428571428571427,21.87499999999999,25.80645161290322,69.56521739130436,62.5,2.6315789473684235,-52.439024390243894,-8.210188848381,-40.294900479521516,8.946751906504232,6.124956871457406
TRUSTBANK,Trust Bank PLC,15.8,-1.2499999999999956,-2.4691358024691272,0.6369426751592447,-6.797752575983134,-8.342541233906164,-4.655172175431021,-16.633165642722396,-25.39594092875534,68.00657314020752,66.45798980346203,1.8932216515886566,1.7378017601363673
TUNGHAI,Tung Hai Knitting & Dyeing Ltd,2.8,7.692307692307682,7.692307692307681,-6.666666666666672,-12.50000000000001,64.70588235294117,74.99999999999997,7.692307692307681,-57.57575757575758,-68.88888892345679,-88.70666668955448,5.384615384615381,6.322320915528071
UCB,United Commercial Bank PLC,9.7,-1.0204081632653206,6.5934065934065895,7.77777777777777,6.5934065934065895,-2.020202020202031,-7.619047619047626,-7.619047619047626,-26.933695346089642,-15.583449885755607,-23.507828531356957,4.232130807017153,2.3659357344951664
UNILEVERCL,Unilever Consumer Care Limited,2058.2,-0.16492045013582127,0.1508442411561437,0.3853094669072641,-4.491879350348036,-5.910857142857151,-4.712962962962972,-15.991836734693884,10.174640347942447,93.70154696782541,515.5364485981307,1.1178162041492843,1.2494108452748984
UNIONCAP,Union Capital Limited,4.8,-2.040816326530623,6.6666666666666625,0.0,-4.0000000000000036,45.45454545454546,71.42857142857143,-9.433962264150944,-47.826086956521735,-49.38086934554137,-74.6238799462358,7.137144958176306,5.228272147472355
UNIONINS,Union Insurance PLC,48.6,-1.6194331983805612,-8.301886792452828,26.233766233766236,35.75418994413409,26.892950391644924,32.065217391304365,38.068181818181806,341.8181818181818,341.8181818181818,341.8181818181818,6.798661896928328,5.653468802869392
UNIQUEHRL,Unique Hotel & Resorts PLC,43.9,-3.51648351648352,-5.183585313174944,8.395061728395058,16.445623342175054,12.853470437017995,14.621409921671022,10.579345088161197,3.7825059101654883,-0.9029345372460466,-65.3512233622731,3.4783229998659513,3.7290888532811275
UNITEDFIN,United Finance PLC,17.9,-2.717391304347826,7.831325301204801,21.768707482993193,43.19999999999999,51.694915254237266,54.3103448275862,36.64122137404579,-0.5555555555555635,12.770000589787092,-23.21849655471271,5.265100185887827,4.377508244552807
UNITEDINS,United Insurance Company Limited,49.1,1.2371134020618586,1.446280991735543,16.90476190476191,2.7196652719665364,9.598214285714297,17.4641148325359,31.635388739946396,-22.919937205651493,153.76317191337722,28.60802971321363,4.1078291788464965,3.6849543610587507
UPGDCL,United Power Generation & Distribution Co. Ltd.,125.9,-1.0220125786163499,-3.819709702062643,3.1967213114754145,7.791095890410967,4.049586776859509,8.440999138673568,-4.2585551330798435,-55.43362831858407,36.42298520384183,125.71043672719755,1.7663916476647294,2.426143963768222
USMANIAGL,Usmania Glass Sheet Factory Limited,62.6,-7.259259259259257,-20.254777070063692,60.51282051282051,85.207100591716,103.24675324675324,84.11764705882354,81.44927536231884,7.931034482758623,1.8589238966891541,29.08825301780621,8.168476525035258,9.032965572358268
UTTARABANK,Uttara Bank PLC,21.3,-0.4672897196261583,-0.9302325581395315,0.9478672985781956,8.231707317073177,10.477178423236511,16.26637554585153,23.83720930232559,67.17587916217278,167.12024235616425,64.3600012417591,0.9416245903091476,1.2308072873771438
UTTARAFIN,Uttara Finance and Investments Limited,13.6,-0.7299270072992675,2.2556390977443526,4.615384615384612,4.615384615384612,38.77551020408162,37.37373737373737,-10.526315789473683,-65.21739130434783,-73.1073445681956,-80.7735617827129,3.2736650914184287,3.192721904737913
VAMLRBBF,Vanguard AML Rupali Bank Balanced Fund Units,8.1,-1.219512195121947,-1.219512195121947,19.117647058823525,30.64516129032257,42.105263157894726,42.105263157894726,32.786885245901644,-19.801980198019802,-26.36363636363637,-26.36363636363637,2.484567901234565,4.1594970700136
VFSTDL,VFS Thread Dyeing Ltd.,16.8,-0.5917159763313483,1.2048192771084294,5.6603773584905674,34.400000000000006,37.7049180327869,31.25,124.00000000000001,-31.093749827734367,-29.081509901916295,-29.081509901916295,3.2874990199260044,3.814519598079299
WALTONHIL,Walton Hi-Tech Industries PLC,386.3,-2.5233409033560434,-5.06266896043253,1.9799366420274551,3.0133333333333363,0.5727675084613352,1.6578947368421082,-9.415902882953224,-69.96961133745089,12.415343802928575,12.415343802928575,2.361654798532231,2.138485716593904
WATACHEM,Wata Chemicals Ltd.,138.8,-2.2535211267605555,-7.404936624416274,5.792682926829286,-2.937062937062929,0.3615328994938539,-2.2535211267605555,7.513555383423716,-54.47687766480813,77.00112134163565,557.854166944199,2.4481537775309388,3.068788945934054
WMSHIPYARD,Western Marine Shipyard Limited,9.8,-1.9999999999999927,-2.97029702970296,8.888888888888896,10.1123595505618,15.29411764705883,19.512195121951237,7.692307692307705,-33.33333333333333,-27.32720344820139,-71.53648805415013,2.8531475070503,4.418137979594873
YPL,Yeakin Polymer Ltd.,25.2,-1.1764705882352968,-0.39525691699605303,2.857142857142854,37.70491803278688,56.52173913043476,42.37288135593221,70.27027027027025,69.12751677852349,0.5691342195832845,0.5691342195832845,3.4787697619364946,4.280339432559922
ZAHEENSPIN,Zaheen Spinning PLC,5.4,-1.818181818181812,-3.571428571428559,-6.896551724137922,-5.263157894736839,38.461538461538474,35.00000000000001,-23.94366197183098,-51.35135135135134,-55.4500000690525,-62.05721078541575,2.5858585858585754,4.194223653977417
ZAHINTEX,Zahintex Industries Ltd.,9.0,1.1235955056179736,-5.2631578947368425,4.651162790697679,20.0,47.54098360655739,55.17241379310345,104.54545454545452,-2.173913043478253,-50.03738344531369,-62.06064540660374,3.846054500839462,5.0098062364025
ZEALBANGLA,Zeal Bangla Sugar Milla Limited,208.7,-5.093224192814923,-13.04166666666667,72.33691164327003,55.74626865671641,50.25197984161266,45.94405594405594,136.88989784335982,33.35463258785942,2193.4065934065934,2298.8505747126437,9.502871517418622,9.78232556906757
