Symbol,Name,Price,Change %,Perf % 1W,Perf % 1M,Perf % 3M,Perf % 6M,Perf % YTD,Perf % 1Y,Perf % 5Y,Perf % 10Y,Perf % All Time,Volatility 1W,Volatility 1M
1JANATAMF,First Janata Bank Mutual Fund Units,3.8,2.7027027027026933,8.571428571428566,8.571428571428566,18.74999999999999,15.151515151515152,46.15384615384614,22.580645161290313,-52.5,-9.575510586817137,-30.10569025743272,6.098670098670093,5.474404026593327
1STPRIMFMF,Prime Finance First Mutual Fund 2009 Units,36.6,3.3898305084745846,53.13807531380754,67.12328767123289,57.08154506437768,98.91304347826089,83.00000000000001,61.233480176211465,79.41176470588238,311.2359550561798,19.6078431372549,9.547024404528488,5.972628338864494
AAMRANET,aamra networks ltd,18.9,0.0,0.0,-3.076923076923084,-7.804878048780495,11.83431952662722,6.179775280898864,-13.302752293577992,-59.318215427421514,-68.62837487556574,-68.62837487556574,3.154585123296014,4.621833159065443
AAMRATECH,Aamra Technologies Limited,16.5,0.6097560975609843,0.0,-7.821229050279323,-0.6024096385542254,13.013698630136988,34.14634146341463,17.021276595744684,-54.334203830146365,-22.51265834035187,-43.8862501212852,4.024680474381718,5.533454776327616
ABB1STMF,AB Bank 1st Mutual Fund 2011 Units,3.8,2.7027027027026933,2.702702702702693,5.555555555555547,18.74999999999999,5.555555555555547,40.740740740740726,22.580645161290313,-39.682539682539684,-16.400000451440008,-43.31664134715508,7.702702702702697,5.623469618604514
ABBANK,AB Bank PLC,4.4,-2.2222222222222143,-8.333333333333321,-4.347826086956506,-11.999999999999993,-26.66666666666666,7.317073170731725,-11.999999999999993,-68.14970468065961,-68.99206103104325,-80.88092226544605,3.6363636363636282,4.275400753315708
ACFL,Aman Cotton Fibrous PLC,21.8,-2.678571428571419,-3.9647577092510953,-8.016877637130795,-8.78661087866108,25.287356321839095,21.111111111111114,12.953367875647668,-49.53703703703703,-63.66666666666667,-63.66666666666667,4.779044391505728,5.845879036799822
ACI,Advanced Chemical Industries PLC,184.0,-2.490726020137779,-0.21691973969631545,-4.06673618352451,-7.398087569199793,-8.0,-5.641025641025641,2.5069637883008355,-26.794069229571285,-27.077440450727668,195.4598543017319,2.2398940981566273,2.094926636630175
ACIFORMULA,ACI Formulations PLC,152.9,-2.6114649681528626,-1.9871794871794835,-5.031055900621115,1.9333333333333371,13.68029739776952,18.52713178294574,8.056537102473502,-5.339032782215509,-1.9871792421474337,121.74723812342889,2.912822953673093,3.475562803605312
ACMELAB,ACME Laboratories Ltd.,79.0,-0.3783102143757846,0.7653061224489723,-1.8633540372670807,-3.5409035409035474,3.6745406824146944,10.799438990182331,0.1267427122940359,-16.754478398314017,-25.821596244131456,-41.48148148148148,1.4522658989504502,1.4885902273170513
ACMEPL,ACME Pesticides Ltd,25.3,-1.5564202334630295,0.7968127490039811,-0.39370078740156644,7.659574468085109,27.13567839195981,59.11949685534591,50.595238095238095,130.0,130.0,130.0,3.5772621515108876,4.0976877814209685
ACTIVEFINE,Active Fine Chemicals Ltd.,5.6,-1.75438596491229,-3.448275862068969,-11.111111111111114,-22.22222222222223,-22.22222222222223,3.7037037037036904,-33.333333333333336,-80.28169014084506,-78.33333326949403,-81.00869551873936,2.85087719298246,3.7483624503127064
ADNTEL,ADN Telecom Ltd.,57.9,-2.525252525252525,-0.17241379310345073,-6.913183279742772,-15.226939970717421,-3.015075376884429,0.0,-24.511082138200788,-21.43826322930801,42.962962962962955,42.962962962962955,2.858726313778468,3.1700028642287243
ADVENT,Advent Pharma Ltd.,13.8,-2.127659574468078,-1.4285714285714235,-5.479452054794513,-12.101910828025469,-3.4965034965034962,2.985074626865674,-10.389610389610388,-46.88301903789886,-62.52968823711722,-62.52968823711722,3.4637681159420244,4.015727309018513
AFCAGRO,AFC Agro Biotech Ltd.,6.0,-3.2258064516129057,-3.225806451612906,-11.76470588235294,-25.925925925925924,-17.808219178082187,20.0,-23.076923076923073,-82.85714285714286,-81.41224482424545,-73.81449997309963,3.973585852701019,4.116554158927018
AFTABAUTO,Aftab Automobiles Ltd.,27.2,-1.0909090909090935,3.422053231939158,-3.546099290780142,-13.099041533546329,-6.8493150684931505,-20.46783625730995,-23.595505617977533,-14.56410212432676,-41.77087349896506,-60.015999674170374,2.1076191686097587,3.0030552585644434
AGNISYSL,Agni Systems PLC,28.2,-2.4221453287197208,-6.000000000000002,-4.081632653061222,-5.369127516778528,33.0188679245283,35.57692307692307,2.5454545454545427,15.573770491803282,74.5723275274727,52.159015840665404,3.628002675256225,4.3545362846807665
AGRANINS,Agrani Insurance PLC,29.2,-1.0169491525423753,3.546099290780142,-1.3513513513513584,9.363295880149813,39.71291866028709,22.689075630252095,8.148148148148145,-36.00824337250559,213.20682675768094,76.9871165780352,3.3353485073194395,4.269469403243671
AIBL1STIMF,AIBL 1st ISLAMIC Mutual Fund 2010- Units,6.4,3.2258064516129057,6.666666666666672,18.51851851851852,56.097560975609774,52.38095238095239,88.23529411764707,48.8372093023256,-28.089887640449437,-28.089887640449437,-16.88311688311688,7.992258385950125,7.6842127885378115
AIL,Alif Industries Ltd.,31.6,-1.2499999999999956,-3.067484662576687,-11.731843575418983,-7.331378299120234,3.947368421052641,-22.35872235872236,-43.36917562724014,-44.294871846648995,-71.38984623513421,-71.38984623513421,3.224011139038394,5.376149727957887
AL-HAJTEX,Alhaj Textile Mills Limited,75.7,-4.177215189873414,-10.308056872037916,-13.879408418657567,-26.504854368932033,-35.847457627118644,-44.82507288629736,-53.27160493827161,5.138888888888893,-4.766824477679237,226.93914322785062,4.806141392739665,5.998939043877198
ALARABANK,Al-Arafah Islami Bank PLC,15.6,-0.6369426751592334,-2.500000000000002,-12.84916201117318,3.999999999999998,-5.454545454545456,3.999999999999998,-7.1428571428571495,-35.35862075663701,24.6156507840915,-12.817604078175204,4.617461601723391,5.551743461294096
ALIF,Alif Manufacturing Company Ltd.,5.2,-1.886792452830182,-3.703703703703707,-5.4545454545454515,-5.4545454545454515,-1.886792452830182,30.000000000000004,-5.4545454545454515,-75.11961722488039,-44.657262576133675,-69.20718054630186,3.439767779390426,3.760693639103594
ALLTEX,Alltex Industries Limited,23.1,-1.7021276595744619,-4.149377593360995,-8.333333333333325,29.050279329608955,63.82978723404257,72.38805970149254,65.00000000000001,20.312500000000014,9.47867298578199,202.2962952662497,3.629245358112689,3.6372068276323364
AMANFEED,Aman Feed PLC,30.7,-3.1545741324921135,-4.658385093167712,-16.34877384196186,-9.705882352941178,31.196581196581203,33.47826086956521,16.730038022813684,-55.051244509516835,-47.97112769279858,-8.451929229427682,3.605876119022521,4.770588032554926
AMBEEPHA,Ambee Pharmaceuticals PLC,750.8,-0.7534699272967674,-1.0282098602689254,-2.4555021436923594,-1.7277486910994824,-0.05324813631524107,4.2777777777777715,-9.922015596880629,39.294990723562144,51.92229866450829,301.6763279531965,2.172470060410319,3.166642323699418
AMCLPRAN,Agricultural Marketing Co. Ltd.,215.8,0.0,-0.2772643253234724,-3.185284881112604,-2.3971053821800012,2.178030303030314,6.673257538309441,-5.764192139737986,-23.880070546737212,1.7924528301886846,75.44715447154474,1.7063044433140493,2.1792660262855295
ANLIMAYARN,Anlima Yarn Dyeing Ltd.,25.2,-3.816793893129771,-14.57627118644068,-23.170731707317067,-23.63636363636364,22.92682926829268,21.153846153846146,9.565217391304346,-41.53132250580047,-20.50473186119874,25.999999999999993,5.807921966249323,8.916815217922972
ANWARGALV,Anwar Galvanizing Ltd.,121.1,0.7487520798668814,7.073386383731211,14.895635673624277,2.194092827004215,24.845360824742265,39.838337182448036,58.30065359477123,-51.300268486895966,244.41436164328596,1398.6124908771965,3.902686485228359,3.599859012982935
AOL,Associated Oxygen Ltd,16.3,3.164556962025316,3.8216560509554234,-4.117647058823525,-16.836734693877553,-4.117647058823525,7.236842105263167,1.242236024844716,-70.13527399868323,25.57519931908104,25.57519931908104,4.842145417579628,4.160250119321247
APEXFOODS,Apex Foods Limited,263.3,-0.7164404223227667,-2.409191994069681,-4.945848375451259,-1.4226881317858522,14.627775359164138,7.119609438567941,13.638325420802772,64.45971267957528,59.09365558912388,267.7374301675978,3.6363992379712373,4.1450225985266345
APEXFOOT,Apex Footwear Ltd.,206.9,-3.7674418604651136,-4.434180138568126,-3.7674418604651136,0.9760858955588092,11.416262789445353,15.393195761293917,12.543516100957355,23.358828864204657,11.007791329174172,55.25831983146816,2.631698803608732,2.244124416369776
APEXSPINN,Apex Spinning and Knitting Mills Ltd.,355.0,2.3644752018454405,6.670673076923074,6.863335340156535,-3.2697547683923704,76.61691542288557,97.22222222222223,128.14910025706942,151.77304964539007,193.38842975206612,407.14285714285717,6.070592249881196,6.470729692483871
APEXTANRY,Apex Tannery Limited.,93.5,-0.3198294243070332,-2.705515088449526,-6.7796610169491505,-7.1499503475670325,29.86111111111111,56.87919463087248,15.574783683559945,-29.857464366091527,-36.264485344239944,27.906976744186053,3.9066880494179173,4.993761564813449
APOLOISPAT,Appollo Ispat Complex Ltd.,2.8,0.0,-6.666666666666672,-9.677419354838719,-15.151515151515152,-28.205128205128208,64.70588235294117,11.999999999999993,-77.23577235772358,-78.7217074408389,-88.50471532082062,5.0000000000000036,4.727372618738973
ARAMIT,Aramit Limited,173.8,-2.959240647682849,-6.054054054054048,-19.870908252650988,-18.78504672897196,2.175191064079963,-4.347826086956509,-22.755555555555553,-58.883368819493725,-58.100289296046284,-18.018867924528298,6.501898903925213,5.872491958345136
ARAMITCEM,Aramit Cement Limited,10.9,-2.678571428571419,-6.837606837606828,-14.843750000000002,-9.166666666666664,-9.166666666666664,23.86363636363636,-14.843750000000002,-80.84358523725835,-68.31395348837209,-69.83963877051569,4.190612690612692,7.020101023707378
ARGONDENIM,Argon Denims Ltd.,21.1,-1.4018691588784915,-0.9389671361502314,-3.6529680365296677,7.653061224489796,26.34730538922157,19.886363636363633,3.431372549019622,-12.339468676333176,16.69972649162535,-45.27680496031207,3.221348940083243,4.500369341205157
ASIAINS,Asia Insurance PLC,42.0,0.0,0.7194244604316478,-1.1764705882352942,-0.47393364928910625,6.060606060606057,52.72727272727273,39.0728476821192,-52.595936794582386,193.7062937062937,27.08933747428763,2.7108089408814426,4.345054944783541
ASIAPACINS,Asia Pacific General Insurance PLC,47.6,-0.4184100418409953,0.4219409282700482,-3.6437246963562697,3.70370370370371,31.129476584022054,50.63291139240506,40.412979351032455,-32.0,223.80952380952385,40.412979351032455,3.414294939172836,4.2405353871699
ASIATICLAB,Asiatic Laboratories Ltd,108.1,-0.1846722068328743,-3.3958891867739154,-4.925241864555857,-12.185215272136475,38.589743589743584,124.2738589211618,77.21311475409834,88.6561954624782,88.6561954624782,88.6561954624782,4.753744685421621,5.652130164106375
ATLASBANG,Atlas Bangladesh Limited,79.5,-3.6363636363636362,-6.908665105386423,-9.659090909090908,12.76595744680851,-1.8518518518518519,40.2116402116402,33.61344537815126,-35.36585365853659,-17.94902514036967,-29.322375989668117,2.348731962932765,3.7770915502460465
AZIZPIPES,Aziz Pipes Limited.,78.4,-0.3811944091486622,7.544581618655692,-4.969696969696963,-4.390243902439018,52.233009708737875,67.52136752136755,60.985626283367566,-48.657498362802876,69.64074895354644,404.21000368262384,6.761081950570665,5.465350872649931
BANGAS,Bangas Limited,117.7,-2.0798668885191347,-5.00403551251009,-7.68627450980392,-13.70967741935484,-8.046874999999998,-9.739263803680982,-2.727272727272725,-20.847343644922656,-21.9105769639237,-16.05487317376209,2.8093525914758812,3.34507135897341
BANKASIA,Bank Asia PLC,16.5,-2.3668639053254354,-2.3668639053254354,-3.508771929824569,-12.234042553191491,-17.50000033,-2.7038047745545133,-1.0911606373952283,-3.4669122474659626,38.58249058458171,41.94246255608378,1.4344117421040536,1.425527006499853
BARKAPOWER,Baraka Power Ltd.,9.8,-3.9215686274509665,-1.0101010101010064,-4.854368932038835,18.072289156626503,20.98765432098767,44.11764705882355,13.953488372093037,-66.43835616438355,-56.44898445393305,-56.81054024556855,3.488410828248827,4.314722984238361
BATASHOE,Bata Shoe Co. (Bangladesh) Ltd.,888.7,0.3500451671183404,-0.14606741573033197,-2.286970863111595,0.3047404063205469,4.676089517078922,10.521079467727896,0.9886363636363688,-1.9094922737306792,-25.319327731092432,72.56310679611651,1.305270855106858,1.979438723030821
BATBC,British American Tobacco Bangladesh Co Ltd,225.3,-0.5298013245033062,-2.5519031141868416,-5.88972431077694,1.0313901345291532,-0.22143489813994685,-9.153225806451609,-19.53571428571428,-65.35445179148086,-19.375743915636132,141.96897858350883,1.757081620983632,2.05319320040392
BAYLEASING,Bay Leasing and Investment Ltd.,4.3,0.0,-6.52173913043478,-10.416666666666668,-8.510638297872347,-18.867924528301888,30.303030303030305,7.499999999999996,-87.76422761342785,-73.44661881801308,-83.61243680113861,5.508339206013624,4.718594065064255
BBS,Bangladesh Building Systems PLC,11.8,-4.838709677419352,-3.2786885245901525,-10.606060606060597,-28.48484848484848,2.6086956521739193,28.260869565217405,-0.8403361344537785,-42.9951690821256,-51.36675879213465,-45.5794028569738,3.9847906991049737,4.359606202020004
BBSCABLES,BBS Cables PLC,17.0,-2.2988505747126355,1.796407185628747,-7.608695652173906,-29.460580912863072,-12.820512820512821,11.8421052631579,-14.141414141414144,-74.97663539007118,-41.191731435672146,-41.191731435672146,4.251924043301169,4.609190513902832
BDAUTOCA,Bangladesh Autocars Limited,182.6,-1.3506212857914641,-0.7608695652173944,-12.631578947368423,-12.631578947368423,-2.1436227224008575,43.77952755905511,37.811320754716974,5.855072463768113,453.2412330858264,745.8026988957331,3.8579610700772276,5.325776075151997
BDCOM,BDCOM Online Ltd.,28.5,-1.041666666666669,-1.3840830449826942,-4.362416107382552,-14.156626506024104,4.395604395604393,9.615384615384615,0.4194633382969755,13.845109266115173,59.90472461316332,136.99921414303736,3.375689284039077,3.8473117804284658
BDFINANCE,Bangladesh Finance PLC,11.5,-0.8620689655172384,-6.504065040650412,-10.852713178294575,-14.814814814814815,-14.814814814814815,-11.538461538461538,-8.0,-82.30769237573965,18.609539379719735,-29.217538616645893,3.303340301303408,3.419691852202187
BDLAMPS,Bangladesh Lamps PLC,223.6,0.49438202247190755,-1.410934744268085,4.927264195213515,30.37900874635568,54.419889502762416,66.2453531598513,37.26212400245549,-0.3116667464173384,28.010700804237317,99.37666650716531,2.9458579651449126,3.4142271683988414
BDTHAI,Bangladesh Thai Aluminium Ltd.,14.8,-3.2679738562091507,-2.631578947368412,-3.896103896103894,-32.72727272727272,18.400000000000006,32.14285714285715,14.728682170542637,-46.57039711191335,-26.151652603067223,-7.103530350499032,5.0064128030448005,5.228303643849743
BDTHAIFOOD,BD Thai Food & Beverage Ltd.,20.1,-3.8277511961722355,-4.739336492890995,-15.18987341772151,-22.393822393822386,8.648648648648656,39.58333333333334,28.025477707006385,66.11570247933886,66.11570247933886,66.11570247933886,4.574116728860669,5.247091952932853
BDWELDING,Bangladesh Welding Electrodes Ltd.,12.0,-2.439024390243908,0.0,-12.408759124087588,-22.580645161290324,-27.272727272727273,-33.70165745856354,22.44897959183673,-45.70135746606335,17.669902935469874,-45.381974111151315,2.9547222481519464,4.533301697396494
BEACHHATCH,Beach Hatchery Ltd,27.4,-3.5211267605633805,-0.3636363636363688,-9.570957095709579,-16.46341463414634,-12.179487179487182,-41.45299145299145,-50.18181818181818,1.858736059479554,149.09090909090907,21.392405339881417,3.217653122762611,3.9530202573728577
BEACONPHAR,Beacon Pharmaceuticals PLC,101.6,-1.3592233009708794,0.6937561942517231,-4.060434372049113,-8.468468468468474,0.19723865877710908,-2.9608404966571236,-19.81057616416733,-51.38755980861244,449.18918918918916,559.7402597402596,2.1033517117626612,2.71192496823939
BENGALWTL,Bengal Windsor Thermoplastics PLC,21.7,-3.124999999999997,-1.3636363636363669,-11.065573770491802,-11.42857142857143,14.814814814814818,24.712643678160926,9.595959595959588,-21.660649819494587,-49.21276600823404,-56.16527554640204,4.557375509009843,4.765651247706834
BERGERPBL,Berger Paints Bangladesh Ltd.,1453.3,-0.7647661317855954,-2.8023006955591283,-2.7046930441186374,1.6649178034277687,3.96308748837541,5.235336712527151,3.1221173632299726,-20.064902920631425,32.11818181818181,453.6380952380952,2.243586362339898,1.3122440513277864
BESTHLDNG,Best Holdings PLC,15.0,2.040816326530617,-2.5974025974025996,3.4482758620689653,-3.225806451612903,9.489051094890515,11.11111111111111,-17.58241758241758,-48.97959183673469,-48.97959183673469,-48.97959183673469,3.418554973704108,3.891874712103751
BEXIMCO,Bangladesh Export Import Company Ltd.,20.9,-4.128440366972487,2.450980392156863,-13.636363636363638,-39.067055393586,-81.0172570390554,-81.0172570390554,-81.0172570390554,-84.32499996081249,5.192881208967897,-47.37328215247538,5.023016034823783,4.595967038157263
BGIC,Bangladesh General Insurance Company PLC,41.7,-0.9501187648456023,1.4598540145985435,-0.23923444976075198,6.377551020408163,27.914110429447856,34.951456310679625,24.477611940298516,-31.63934426229508,172.54901960784312,33.226837060702884,4.165999871696666,5.137905458846049
BIFC,Bangladesh Industrial Finance Company Ltd.,3.5,-2.77777777777778,-10.256410256410255,-16.666666666666668,-22.22222222222222,-40.67796610169492,105.88235294117648,6.060606060606066,-54.54545454545455,-56.25,-82.81920541868516,6.764705882352936,6.139480985994238
BNICL,Bangladesh National Insurance Company Ltd,168.7,0.7164179104477544,13.98648648648648,51.436265709156174,40.70058381984986,191.36442141623485,274.88888888888886,284.2824601366742,8.071748878923763,1149.6296296296296,355.9459459459459,6.659496723962111,7.248389524380337
BPML,Bashundhara Paper Mill Ltd.,27.4,-2.142857142857148,7.874015748031496,-2.142857142857148,-3.5211267605633805,-2.8368794326241162,5.7915057915057915,-22.598870056497177,-47.60994263862333,-82.3225806451613,-82.3225806451613,4.776835234449638,3.8595320732189387
BPPL,Baraka Patenga Power Ltd.,18.8,-2.083333333333326,-2.5906735751295336,-5.9999999999999964,-6.9306930693069235,22.077922077922082,26.174496644295306,33.33333333333334,-59.39524838012959,-41.06583072100313,-41.06583072100313,2.949198597748673,3.4030708877629263
BRACBANK,BRAC Bank PLC,64.4,0.31152647975078324,0.7824726134585401,4.038772213247184,-7.999999999999992,7.3333589323394435,17.18357225634405,4.309884032836929,145.7876636366436,278.7027546430856,878.2605799572885,1.3536758056836766,1.3143087467525183
BSC,Bangladesh Shipping Corporation,109.2,-0.9074410163339384,-2.4999999999999973,-6.8259385665529,-1.974865350089769,0.7380073800737981,-2.7604630454140646,-4.461942257217843,122.85714285714286,144.11976128205467,118.66161370807966,2.234075773661808,2.455242740677877
BSCPLC,Bangladesh Submarine Cables PLC,147.6,-0.20283975659229977,-0.5390835579514901,-4.4660194174757315,-3.0860144451740097,6.570397111913353,15.042868277474653,5.730659025787966,-31.91881918819189,21.983471074380162,237.2172721041809,2.029044806235725,2.202543394068352
BSRMLTD,Bangladesh Steel Re-Rolling Mills Ltd.,96.1,-0.2076843198338555,-1.738241308793459,-2.7327935222672095,0.0,17.48166259168704,25.950196592398424,10.332950631458095,-11.018518518518523,-34.37866830072642,113.18183269062563,1.9049196442791982,2.5767703511624735
BSRMSTEEL,BSRM Steels Limited,85.2,-0.6993006993006927,0.23529411764706218,-7.891891891891889,4.411764705882364,26.597325408618136,34.1732283464567,30.875576036866377,21.71428571428572,-6.280000093720001,51.393846388040785,2.005011412190311,2.6160570914848997
BXPHARMA,Beximco Pharmaceuticals Plc,147.1,-0.8760107816711666,-1.2088650100738827,2.0110957004160928,3.518648838845883,29.035087719298243,42.815533980582515,24.66101694915254,-39.58932238193019,98.78378359574506,234.7007986874829,1.5766079625448306,2.051832993912942
CAPITECGBF,CAPITEC GRAMEEN BDT10 (MUTUAL FUND) Units,9.4,2.1739130434782727,9.302325581395358,2.1739130434782727,28.767123287671243,38.235294117647065,38.235294117647065,23.6842105263158,-34.72222222222222,-34.72222222222222,-34.72222222222222,6.102365483924709,5.353085849663095
CAPMBDBLMF,CAPM BDBL Mutual Fund 01 Units,7.2,-8.860759493670887,,-21.739130434782602,-26.530612244897963,-35.71428571428571,-28.71287128712871,-31.428571428571427,-38.46153846153845,-33.333333333333336,-33.333333333333336,8.090607544610037,6.690843608005435
CAPMIBBLMF,CAPM IBBL Islamic Mutual Fund Units,15.9,9.655172413793107,17.77777777777778,20.454545454545464,60.6060606060606,98.75,112.0,74.72527472527474,-18.041237113402055,59.0,59.0,4.90586306465032,5.6378274258316585
CENTRALINS,Central Insurance PLC,43.8,-0.454545454545461,3.301886792452827,0.0,2.336448598130841,9.774436090225562,7.616707616707602,3.546099290780142,-26.262626262626267,239.28897154560397,66.36234252764989,2.5262547523643293,3.338078329263057
CENTRALPHL,Central Pharmaceuticals Ltd.,9.2,-2.1276595744680966,-2.127659574468096,-9.803921568627452,-16.36363636363637,-2.127659574468096,4.545454545454529,-10.67961165048545,-50.0,-27.39999995107392,-73.11622006685647,4.083882904121031,4.4910391977636674
CITYBANK,City Bank PLC,29.6,-0.671140939597313,-1.6611295681063123,-2.950819672131143,-4.51612903225806,11.973683866133582,39.50819628963652,34.015747617313544,66.6822637530216,139.13295528540525,191.56608629918412,0.806056162782159,1.2927488002219492
CITYGENINS,City Insurance PLC,131.4,1.545595054095827,1.8604651162790742,3.220738413197179,23.033707865168548,33.26572008113591,51.55709342560554,99.09090909090911,174.89539748953976,1113.6946543576353,448.09897214849593,1.185270042612103,1.103618884906647
CLICL,Chartered Life Insurance PLC,43.9,-3.51648351648352,0.9195402298850542,0.6880733944954063,-19.15285451197053,-26.833333333333336,-21.326164874551967,-20.181818181818187,299.09090909090907,299.09090909090907,299.09090909090907,4.751877031528396,4.312509859507391
CNATEX,C & A Textiles Ltd,3.1,-6.0606060606060534,3.333333333333336,-3.1250000000000027,-6.060606060606053,-26.190476190476193,29.166666666666675,3.333333333333336,-59.21052631578948,-59.8823530072526,-81.89952602764487,7.503787276868479,6.790976195719983
CONFIDCEM,Confidence Cement PLC,59.2,-3.5830618892508075,-1.9867549668874103,-6.031746031746027,-11.641791044776117,-4.207119741100315,19.83805668016195,-0.3367003367003295,-57.673151539667906,30.296211057141075,10.396886992477821,3.701741902109215,3.340285917089573
CONTININS,Continental Insurance PLC,32.9,-1.201201201201197,3.459119496855339,-7.062146892655368,-0.6042296072507638,35.950413223140494,35.950413223140494,18.345323741007185,-36.14602572456531,169.56327508940822,43.28972876193349,3.3570015482472604,4.218713492918763
COPPERTECH,Coppertech Industries Ltd,22.0,-1.7857142857142794,-2.654867256637174,-9.090909090909088,-20.577617328519853,6.280193236714979,16.40211640211641,-3.0837004405286312,-44.9999998625,-15.107499358127805,-15.107499358127805,3.868466650939853,4.436076733097568
CROWNCEMNT,Crown Cement PLC,60.1,-0.6611570247933861,-3.8399999999999976,-7.822085889570554,-1.9575856443719344,17.382812499999996,28.41880341880343,-3.064516129032256,-26.79658952496954,-22.750642673521845,-25.618811881188115,4.1934042295602625,4.9891681939832235
CRYSTALINS,Crystal Insurance Company Ltd,74.0,3.3519553072625783,22.923588039867106,11.111111111111121,-1.0695187165775364,-7.5,28.695652173913043,32.37924865831843,30.658105815267596,442.66666612399996,442.66666612399996,6.636325169544021,5.077275448833663
CVOPRL,CVO Petrochemical Refinery PLC,161.7,0.3101736972704715,1.890359168241966,-4.658018867924532,-2.999400119976005,2.60152284263959,9.627118644067789,-8.592425093758763,-23.099870377774025,-24.656395663659588,34.99062444406763,2.3062990340235983,3.3393166866418644
DACCADYE,Dacca Dyeing and Manufacturing Company Limited,15.0,-4.458598726114645,-6.25,-3.225806451612903,-10.714285714285717,-14.285714285714286,-22.680412371134015,-30.555555555555557,-43.39622641509434,59.57446808510638,-46.60194180287177,3.3711347484102783,4.289129671317343
DAFODILCOM,Daffodil Computers PLC.,159.7,-3.212121212121219,-3.795180722891573,-2.9769137302551676,10.137931034482751,110.68601583113457,342.38227146814404,163.9669421487603,140.1503759398496,546.5587044534414,917.1974522292994,2.571456469307889,3.0316717847770165
DBH,DBH Finance PLC,39.9,-0.7462686567164285,-1.2376237623762376,-5.225653206650838,-2.682926829268296,9.016393442622944,13.999999999999996,3.367875647668386,-51.16240031369367,-42.4078117053444,16.34678770735617,2.556551574180251,2.835816094207212
DBH1STMF,DBH First Mutual Fund Units,6.0,1.6949152542372818,9.090909090909092,13.207547169811324,27.6595744680851,25.000000000000004,-7.6923076923076925,-10.447761194029853,-26.829268292682922,-15.49295774647887,-18.918918918918923,6.068260018304618,5.664686844668619
DELTALIFE,Delta Life Insurance Company Ltd.,70.9,-3.0095759233925974,-1.52777777777777,-6.0927152317880715,-12.899262899262899,-2.071823204419889,4.572271386430692,-9.450830140485301,-60.87196467991169,-27.65306122448979,-97.89394263444309,3.0504306148656553,3.0226504010064117
DELTASPINN,Delta Spinners Limited,7.1,0.0,0.0,-6.578947368421053,2.8985507246376705,20.338983050847446,41.99999999999999,26.78571428571429,-42.27642276422765,4.7682924376156945,-54.68287246805014,3.180124223602478,4.553496585857974
DESCO,Dhaka Electric Supply Co. Ltd.,22.6,-0.4405286343612241,0.8928571428571556,-6.611570247933875,-9.9601593625498,0.44444444444445075,10.243902439024398,-4.23728813559322,-41.90231362467866,-58.53211009174312,-66.00286524452005,2.491301307600872,3.551212262144588
DESHBANDHU,Deshbandhu Polymer Limited,17.0,-1.1627906976744147,-1.1627906976744145,-10.994764397905765,-20.930232558139537,-1.7341040462427786,0.0,-20.560747663551396,-24.778761061946906,61.206896329369805,-21.488471182606357,3.5276484888712614,4.330292434683816
DGIC,Desh General Insurance Company Ltd,39.0,-1.0152284263959355,27.450980392156858,19.26605504587155,37.32394366197184,87.5,97.96954314720813,69.56521739130434,-16.129032258064516,160.0,160.0,6.7361947847168615,5.040291166372245
DHAKABANK,Dhaka Bank PLC,11.4,0.0,-2.564102564102555,-6.557377049180319,-8.799999999999997,-8.799999999999997,0.8849557522123862,1.7857142857142954,-8.749246476891646,6.308869060792752,-10.985457905862821,1.9438245479030327,1.7568687759193353
DHAKAINS,Dhaka Insurance Limited,46.0,1.3215859030837036,2.678571428571435,0.8771929824561372,7.72833723653395,19.79166666666667,27.77777777777778,21.372031662269134,-42.71481942714819,178.78787878787878,-3.4901961556392136,3.868538446501197,3.9662599471955624
DOMINAGE,Dominage Steel Building Systems Ltd,62.9,-4.261796042617966,1.9448946515397012,-0.6319115323854638,-21.177944862155385,50.47846889952154,117.64705882352942,238.17204301075267,77.54032302449598,375.5239991916092,375.5239991916092,5.732699262076872,4.325026491865769
DOREENPWR,Doreen Power Generations & Systems Ltd.,30.7,-0.9677419354838732,0.32679738562090804,-4.062500000000002,-0.6472491909385091,14.981273408239701,8.865248226950355,-3.761755485893415,-55.73553994463877,-2.5184019045132886,-22.772911745624125,3.2322955267860376,3.8584124334686916
DSHGARME,Desh Garments Limited.,151.1,-1.6276041666666667,-6.14906832298137,-12.860438292964249,-4.124365482233503,30.59636992221261,29.810996563573873,16.49961449498844,-35.82625489042858,43.85730472260209,1381.1047783442548,4.866464414974217,5.790509231801024
DSSL,Dragon Sweater & Spinning Ltd.,11.1,-1.7699115044247882,-0.8928571428571398,-9.016393442622949,2.777777777777768,19.354838709677406,30.58823529411764,0.0,-43.60483841587682,97.80963149637437,22.228637696313907,3.573353637512927,4.80015363389853
DULAMIACOT,Dulamia Cotton Spinning Mills Limited,205.7,4.628687690742622,7.191245440333497,-2.280285035629459,-0.57999033349445,71.41666666666666,52.37037037037037,54.42942942942943,224.96050552922588,2642.6666666666665,2135.8695652173915,4.518513122176361,5.813341654242206
DUTCHBANGL,Dutch-Bangla Bank PLC,45.5,-1.0869565217391304,-1.3015184381778773,-1.3015184381778773,1.336302895322943,14.294258658941386,23.769430361237045,17.672414087284494,-10.406862351367954,111.07924124357405,99.06956025079124,2.7376116906203807,2.582517385027842
EASTERNINS,Eastern Insurance PLC,62.1,3.156146179401991,5.612244897959192,-2.968749999999998,5.254237288135595,19.423076923076927,23.952095808383234,20.116054158607344,-60.943396226415096,172.36842105263156,70.13698630136986,4.097168261815187,4.380885331392173
EASTLAND,Eastland Insurance PLC,27.8,-0.35842293906809275,0.3610108303249149,-3.1358885017421554,7.751937984496124,35.60975609756098,48.66310160427808,32.38095238095239,-35.19813519813519,81.80353004696762,-21.748593301272734,2.589193420920817,3.2900916501848974
EASTRNLUB,Eastern Lubricants Blenders PLC,1975.8,0.005061497190864455,-1.2050602530126573,4.7613997879109204,9.517210797627628,20.54911531421598,18.95243829018663,21.712525058788497,61.00753748698069,231.48610659195487,1543.6186117954762,2.3773205464898384,2.56793619524868
EBL,Eastern Bank PLC,22.9,0.0,-0.4347826086956584,-3.7815126050420256,-8.032128514056225,-11.659176346599889,-3.3319675871091117,-6.0278887977681865,-11.868219601439398,63.584623307144504,73.23922151710413,2.0272664038952053,2.158890493472538
EBL1STMF,EBL First Mutual Fund Units,4.8,6.6666666666666625,11.627906976744187,9.090909090909078,19.999999999999996,19.999999999999996,54.838709677419345,17.07317073170732,-42.16867469879519,7.592452137536891,-29.99253581875389,7.257131476545029,6.449068884828383
EBLNRBMF,EBL NRB Mutual Fund,3.7,2.77777777777778,5.71428571428572,5.71428571428572,15.625,15.625,60.86956521739132,15.625,-45.58823529411764,-17.832075620375548,-46.144403465122636,6.35480859010271,5.437792448186081
ECABLES,Eastern Cables Ltd.,120.0,-1.4778325123152687,-6.25,-12.023460410557188,-2.5182778229082,-1.9607843137254948,7.047279214986625,-10.846953937592865,-20.106524633821568,-12.000000178346673,189.24302730131745,3.7905315466915237,4.6964095643167
EGEN,eGeneration PLC,22.7,-1.7316017316017407,-6.198347107438017,-9.920634920634921,-14.015151515151514,3.1818181818181785,14.64646464646464,-20.905923344947734,-64.25196850393701,51.33333333333333,51.33333333333333,2.623974894802572,3.9932001853619936
EHL,Eastern Housing Ltd.,82.5,-2.7122641509433927,-2.9411764705882355,-8.231368186874311,-8.839779005524862,8.695652173913036,12.704918032786882,-2.5974025974026005,28.90625,139.95844931846173,111.03538386462638,3.1013925667020237,3.453651942702777
EIL,Express Insurance Ltd.,31.6,-1.2499999999999956,1.607717041800643,-2.4691358024691272,1.9354838709677464,13.669064748201441,12.05673758865249,-2.1671826625386865,-16.180371352785148,110.66666666666669,110.66666666666669,2.717902282385293,3.5240935204981008
EMERALDOIL,Emerald Oil Industries Ltd.,28.9,-1.7006802721088436,5.474452554744526,-3.0201342281879264,30.769230769230756,76.21951219512196,100.69444444444443,80.62499999999999,-27.750000000000007,-20.12562822499305,-32.75192321529894,6.5556329885625795,5.230608857455071
ENVOYTEX,Envoy Textiles Ltd.,72.9,-1.2195121951219396,3.1117397454031157,17.770597738287574,34.50184501845019,45.80000000000001,50.30927835051547,21.702838063439078,62.00000000000001,106.7305312367988,62.69573352368167,4.507304922015313,5.659991660363048
EPGL,Energypac Power Generation PLC,16.7,-2.33918128654972,-1.1834319526627177,-9.729729729729733,-15.228426395939087,-5.113636363636376,7.051282051282049,-16.08040201005025,-68.84328358208955,-64.08602150537635,-64.08602150537635,3.335716737477465,3.6255219635218694
ESQUIRENIT,Esquire Knit Composite PLC,23.1,-0.8583690987124433,-4.545454545454537,-12.49999999999999,-6.477732793522258,14.925373134328357,12.135922330097086,-15.384615384615381,-41.370558375634516,-51.16279069767441,-51.16279069767441,5.470467740712532,4.888386855893967
ETL,Evince Textiles Ltd.,14.6,-0.6802721088435351,5.035971223021577,17.741935483870964,10.606060606060609,47.47474747474747,45.99999999999999,37.735849056603776,-2.666666666666669,32.495000559791364,11.855075905582336,3.5770862962981207,4.956249638690024
EXIM1STMF,EXIM Bank 1st Mutual Fund 2013- Units,6.8,-1.4492753623188481,-8.108108108108116,4.615384615384612,100.0,88.88888888888889,142.85714285714286,65.85365853658537,-5.555555555555561,5.885714427903668,-12.776143386559047,7.680766129825183,7.225731076008559
FAMILYTEX,Familytex (BD) Ltd.,2.3,0.0,-4.1666666666666705,-8.000000000000007,-11.538461538461549,-37.837837837837846,76.9230769230769,21.052631578947366,-60.3448275862069,-68.3031247481089,-92.97651973839928,5.2173913043478315,6.522944631010995
FARCHEM,FAR Chemical & Textile Ind. PLC,15.8,-5.389221556886219,0.6369426751592447,-7.058823529411761,-16.40211640211639,5.333333333333338,8.965517241379315,-25.821596244131456,-3.658536585365841,-4.046539847658591,-29.900666582547462,4.895700051204649,6.095379801096803
FAREASTLIF,Fareast Islami Life Insurance Company Limited,18.0,-4.255319148936174,0.5586592178771029,-13.461538461538463,-23.404255319148938,-20.0,-13.461538461538463,-37.5,-73.91304347826087,-64.87804864342652,-77.10982652079254,5.093177674463025,6.0502268090388265
FBFIF,First Bangladesh Fixed Income Fund Units,3.6,2.85714285714286,2.85714285714286,0.0,16.129032258064516,9.0909090909091,38.46153846153846,12.499999999999996,-36.84210526315789,-35.800000165849994,-52.00332482568267,4.571428571428576,5.1180906174272005
FEDERALINS,Federal Insurance PLC,27.6,-1.075268817204291,1.0989010989011014,-7.070707070707063,2.985074626865674,38.69346733668343,43.750000000000014,25.45454545454546,-29.770992366412205,191.721502778335,42.98121288044206,2.6768163796146647,3.805026671891982
FEKDIL,Far East Knitting & Dyeing Industries PLC.,22.1,1.376146788990829,-3.9130434782608634,-5.957446808510633,25.568181818181817,54.545454545454554,55.63380281690143,5.238095238095245,16.315789473684216,28.6545017811951,-7.104852137572054,4.7176005408270445,5.625625773164804
FINEFOODS,Fine Foods Limited,458.0,-0.7583965330444203,6.959364782811773,3.901996370235932,-10.476935105551215,-5.136702568351286,20.462914255654923,49.380300065231566,722.262118491921,5566.293200621984,2871.4425594156387,3.176526254368783,3.109467786332626
FIRSTFIN,First Finance Ltd.,4.3,-2.2727272727272845,-4.444444444444448,-12.244897959183684,2.3809523809523725,-18.867924528301888,71.99999999999999,79.16666666666667,-48.80952380952382,-30.222727318082505,-87.3745038936459,6.025369978858346,7.888931889754849
FORTUNE,Fortune Shoes Ltd.,15.5,-1.8987341772151944,-1.2738853503184668,-6.0606060606060606,-13.88888888888889,3.3333333333333335,11.510791366906473,-1.8987341772151942,-77.15407742606824,-40.93900121746819,-40.93900121746819,3.1055434783982596,4.579736852616294
FUWANGCER,Fu-Wang Ceramic Industry Ltd.,12.7,-2.307692307692313,-0.7812500000000111,-10.563380281690142,-20.625000000000004,0.7936507936507908,10.434782608695645,-7.299270072992701,-47.083333333333336,6.312578298952313,-16.618520537172227,3.6063583999115534,4.332100733911134
FUWANGFOOD,Fu-Wang Foods Limited,9.6,0.0,-2.040816326530623,0.0,-21.95121951219513,-10.280373831775698,-14.285714285714285,-35.570469798657726,-52.23880597014926,-12.482192074725903,-42.3755297456567,3.144736842105266,4.0517675558595405
GBBPOWER,GBB POWER Ltd.,13.1,-1.5037593984962485,-5.7553956834532425,-10.273972602739727,59.75609756097562,52.32558139534884,104.68749999999997,92.64705882352942,-72.42105263157895,-1.7499997543749992,-50.41300941997209,4.880066632175913,6.148797094625206
GEMINISEA,Gemini Sea Food PLC,108.9,-0.2747252747252721,-4.2216358839050105,-7.39795918367346,-9.999999999999996,-6.923076923076918,-20.336503291880017,-37.9133409350057,18.94978221458161,-9.217044887029678,514.6251389425313,4.505456652161554,4.511387058649225
GENEXIL,Genex Infosys PLC,34.7,-1.6997167138810036,-1.6997167138810039,-5.1912568306010884,-2.2535211267605555,29.477611940298516,28.99628252788106,18.835616438356176,-70.33863024672524,3.7067840508871965,3.7067840508871965,4.023763208349035,3.94872252567912
GENNEXT,Generation Next Fashions Ltd.,2.8,-3.448275862068969,-3.448275862068969,-9.677419354838719,-9.677419354838719,-28.205128205128208,3.7037037037036904,-3.448275862068969,-62.16216216216217,-52.944444577768515,-87.43161297669208,5.665024630541877,5.884750178587529
GHAIL,Golden Harvest Agro Industries Ltd.,12.6,-2.3255813953488427,-1.5625000000000082,-8.695652173913052,-20.25316455696203,4.999999999999997,17.757009345794398,-3.816793893129771,-38.23529411764706,-14.067733998561103,-65.84478871515549,3.4599409448818856,4.3701786711041075
GHCL,Global Heavy Chemicals Ltd.,20.1,-1.4705882352941038,1.005025125628155,-10.66666666666666,2.030456852791889,6.349206349206365,1.005025125628155,-12.987012987012987,-54.93273542600897,-53.037383177570085,-75.63636363636364,4.269366279116778,5.810819689526163
GLDNJMF,ICB AMCL CMSF GOLDEN JUBILEE MUTUAL FUND,9.5,0.0,9.195402298850583,14.457831325301195,43.93939393939395,55.7377049180328,55.7377049180328,33.802816901408455,-13.636363636363637,-13.636363636363637,-13.636363636363637,7.28166688032189,6.158491017736371
GLOBALINS,Global Insurance PLC,45.1,1.1210762331838564,1.5765765765765831,-4.042553191489358,16.83937823834197,62.81588447653431,76.86274509803923,58.80281690140846,-20.176991150442475,365.5292498200311,90.40801962033814,3.8709998853835748,4.088907934408588
GOLDENSON,Golden Son Limited,12.1,-3.968253968253968,-3.200000000000003,-14.788732394366196,-27.544910179640716,2.542372881355923,19.801980198019802,-5.468750000000009,-31.25000000000001,-47.16157205240175,-69.44444444444444,4.218169420403882,4.442890092262735
GP,Grameenphone Ltd.,242.4,-0.45174537987679436,0.8319467554076538,-1.4233428222854818,-6.589595375722541,-1.2627291242362502,-6.769230769230767,-18.793969849246228,-37.022603273577545,-9.585975382320036,41.25874125874127,0.894899635446103,1.0965437684337598
GPHISPAT,GPH Ispat Limited,16.2,-4.70588235294118,0.0,-6.358381502890182,-9.497206703910612,-2.40963855421688,0.621118012422347,-22.85714285714286,-69.0593965210316,-25.80636615873818,-13.49173026358161,4.89853517203118,4.330528581467921
GQBALLPEN,G.Q. Ball Pen Industries Limited,601.2,-3.8079999999999927,2.6814688300597855,7.07034728406056,-6.761786600496264,11.74721189591079,34.28635246817066,10.820276497695861,369.68750000000006,798.6547085201794,343.19230636273085,4.212184112024183,4.671987042248606
GRAMEENS2,Grameen Mutual Fund One - Grameen Two Units,12.9,0.7812499999999972,10.256410256410266,-3.0075187969924837,-2.272727272727265,4.032258064516129,18.34862385321101,0.0,-24.561403508771935,29.000000258,-29.550685011156396,5.023006515823376,3.170165686022068
GREENDELMF,Green Delta Mutual Fund 2010 Units,5.3,3.921568627450984,15.21739130434783,20.45454545454544,47.222222222222214,51.42857142857142,76.66666666666666,43.243243243243235,-34.567901234567906,-24.28571428571429,-26.388888888888893,7.414920750909063,7.138223547468744
GREENDELT,Green Delta Insurance PLC,64.6,-1.071975497702914,-0.15455950540959587,-7.050359712230224,-4.154302670623162,20.74766355140186,20.52238805970148,27.416173570019705,-42.42424242424243,57.27249990772961,23.918360059220696,3.4098804345831946,4.199604831817793
GSPFINANCE,GSP Finance Company PLC,3.6,0.0,0.0,-7.692307692307688,2.85714285714286,-33.333333333333336,125.0,44.00000000000001,-84.76377955545213,-72.69832068212318,-75.25061401834468,5.194211017740434,5.957507253946883
HAKKANIPUL,Hakkani Pulp & Paper Mills PLC,69.8,-2.6499302649930345,-3.1900138696255165,-9.702457956015524,-11.868686868686876,-22.958057395143484,3.1019202363367713,-9.702457956015524,-14.039408866995078,36.86274509803921,275.26881720430106,2.9894311867246524,3.9873757439795723
HAMI,Hami Industries PLC,142.8,-2.5255972696245657,-4.225352112676045,-10.188679245283012,-11.30434782608695,-16.491228070175435,32.713754646840165,13.333333333333343,-18.353344768439104,-18.353344768439104,-18.353344768439104,4.780411312623018,4.935857089858562
HEIDELBCEM,Heidelberg Materials Bangladesh PLC,207.3,-2.3091423185673787,-2.994852597098726,-2.3551577955723033,-17.046818727490994,-13.588995414756146,-5.299223389675649,-15.765948801300278,-41.17480136208853,-61.68915172796156,-21.477272727272723,2.581254108591148,2.9827984454025986
HFL,Hamid Fabrics PLC,12.0,-1.6393442622950762,-4.761904761904759,-17.808219178082187,-18.918918918918923,1.694915254237282,84.61538461538461,79.1044776119403,-42.58373205741626,-32.58426966292135,-79.03494171314587,5.793799432793036,6.110207080375648
HRTEX,H.R. Textile Mills Ltd.,16.9,-0.5882352941176554,-1.1695906432748704,-10.582010582010582,-22.477064220183497,-17.15686274509804,-7.650273224043728,-28.99159663865547,-77.049382739,-21.22881365277938,-40.12423303314334,4.135190046121217,4.994953755423087
HWAWELLTEX,Hwa Well Textiles (BD)PLC,46.0,0.4366812227074298,-2.127659574468085,-1.2875536480686725,1.098901098901099,7.476635514018699,3.139013452914795,-7.630522088353408,-1.7094017094017033,36.49851632047477,15.0,2.426083143813494,3.731372129399777
IBNSINA,BN SINA Pharmaceutical Industry PLC,318.4,0.06285355122564068,1.1435832274459865,0.7594936708860688,-0.655226209048369,0.9511731135066582,1.0793650793650722,1.0793650793650722,16.8440366972477,65.11314293826057,431.5459805916552,1.0400992069994444,1.4926806485717479
IBP,Indo-Bangla Pharmaceuticals Ltd.,14.9,-3.2467532467532463,-3.2467532467532467,-11.83431952662721,-12.865497076023397,8.75912408759125,33.0357142857143,7.97101449275362,-33.273913290364774,-43.12401829073398,-43.12401829073398,8.246142606706789,6.061972280102621
ICB,Investment Corporation of Bangladesh,39.5,-0.5037783375314933,-1.9851116625310106,-5.5023923444976015,-16.313559322033903,6.182795698924723,8.219178082191782,-24.03846153846154,-67.67157799456311,-48.14742289371247,-63.88653068950141,2.223799213790883,3.7323373789902683
ICB3RDNRB,ICB AMCL Third NRB Mutual Fund 2010 Units,6.8,6.249999999999992,13.33333333333333,23.63636363636363,41.66666666666667,44.68085106382978,65.85365853658537,51.11111111111111,-4.225352112676054,47.82608695652175,-4.225352112676054,6.806101002822316,5.314127647623799
ICBAGRANI1,ICB AMCL First Agrani Bank Mutual Fund Units,8.9,7.228915662650598,12.658227848101266,11.250000000000004,25.352112676056347,36.92307692307693,39.0625,23.611111111111114,-2.19780219780219,3.4883720930232642,3.4883720930232642,6.364807662706575,5.045691299746305
ICBAMCL2ND,ICB AMCL Second Mutual Fund Units,10.6,1.9230769230769162,35.8974358974359,45.205479452054796,63.076923076923066,82.75862068965517,89.28571428571429,76.66666666666666,-23.74100719424461,112.0,39.473684210526315,8.15565131611231,6.31564150597417
ICBEPMF1S1,ICB Employees Provident Mutual Fund One Scheme One Units,7.0,4.477611940298504,14.754098360655743,18.644067796610162,11.111111111111114,37.25490196078432,105.88235294117648,52.17391304347827,-9.090909090909092,14.754098360655743,-15.662650602409643,7.863250180138226,7.369560632985735
ICBIBANK,ICB Islamic Bank Limited,2.5,0.0,-3.8461538461538494,-3.8461538461538494,-10.714285714285708,-21.875000000000004,4.1666666666666705,13.636363636363628,-65.27777777777777,-35.8974358974359,-66.66666666666667,5.73333333333334,5.583259430627857
ICBSONALI1,ICB AMCL Sonali Bank Ltd 1st Mutual Fund 2013- Units,8.0,0.0,6.666666666666667,33.333333333333336,50.943396226415096,66.66666666666667,90.47619047619047,53.84615384615385,-5.882352941176471,29.032258064516125,-33.333333333333336,6.127880558260308,6.821454542097276
ICICL,Islami Commercial Insurance PLC.,38.2,1.866666666666674,6.406685236768815,6.406685236768815,32.63888888888889,78.50467289719629,70.5357142857143,69.02654867256638,161.64383561643837,161.64383561643837,161.64383561643837,4.4178733026490535,3.7497872663820817
IDLC,IDLC Finance PLC.,43.2,-0.23094688221707696,-0.23094688221707696,-2.9213483146067354,5.365853658536592,13.117207250527063,26.703910931284913,11.449631713879356,-29.265346006314623,8.646565270824421,-8.630115883091541,1.9647734642885424,2.566491727798567
IFADAUTOS,IFAD Autos PLC,22.8,-2.564102564102555,-2.1459227467811157,-0.8695652173913012,-13.636363636363628,5.069124423963141,5.069124423963141,-8.799999999999997,-56.468459795901325,-53.050532323844365,29.697904336198977,2.4260716563754885,3.418505018069018
IFIC,IFIC Bank PLC,4.8,-2.040816326530623,-7.692307692307699,4.347826086956526,-5.8823529411764675,-12.72727272727273,2.1276595744680775,-4.0000000000000036,-65.45031844758192,-33.93167979064755,-54.822631136852145,3.7333333333333356,4.751939092025997
IFIC1STMF,IFIC Bank 1st Mutual Fund Units,4.2,0.0,2.4390243902439157,2.4390243902439157,16.666666666666668,-8.695652173913032,68.00000000000001,31.25,-32.25806451612903,-0.9999999434285688,-34.92560976923148,4.890824622531947,5.66049347248012
IFILISLMF1,IFIL Islamic Mutual Fund - 1 Units,6.4,4.918032786885258,10.344827586206907,18.51851851851852,48.8372093023256,48.8372093023256,88.23529411764707,52.38095238095239,-4.477611940298504,-1.538461538461533,1.5873015873015959,4.307642206467144,3.9376167715870634
INDEXAGRO,Index Agro Industries Ltd,73.2,-3.8107752956635896,8.284023668639067,1.1049723756906038,0.9655172413793143,13.841368584758952,9.41704035874439,-4.993819298934266,-37.96610154245906,2.480000256199998,2.480000256199998,5.307163617734636,4.0669803227057715
INTECH,Intech Ltd.,24.1,-2.4291497975708416,-2.8225806451612874,0.8368200836820203,-29.53216374269006,-44.59770114942528,-23.974763406940056,-36.07427055702918,-39.59899749373433,133.54047617713107,97.80878297392795,5.896551724137931,5.157509441578266
INTRACO,Intraco Refueling Station PLC,21.5,-0.9216589861751119,-5.286343612334798,-5.286343612334798,6.965174129353226,13.157894736842104,4.878048780487805,-20.37037037037037,-2.4369752014843638,-53.760172430321454,-53.760172430321454,3.2595305351313946,2.543951315578852
IPDC,IPDC Finance PLC,35.1,0.8620689655172536,8.333333333333343,10.377358490566039,13.225806451612907,95.00000043333334,92.95811561260317,63.07522164662611,-5.689508618598377,128.2146020652835,571.4864073426592,3.8121909353905545,4.152355827539887
ISLAMIBANK,Islami Bank Bangladesh PLC,26.6,-1.115241635687722,-1.4814814814814763,-4.316546762589925,-17.133956386292834,-31.9693094629156,-19.39393939393939,-35.4368932038835,-10.738255033557046,-14.743589743589737,-31.95348844013953,1.575307688818998,2.503698010262026
ISLAMICFIN,Islamic Finance & Investment PLC,10.7,0.0,-2.7272727272727337,-4.464285714285714,0.943396226415091,-5.309734513274348,12.631578947368414,52.85714285714285,-68.34319526627219,-17.804867540281755,-41.32761989665096,2.7987403408546565,3.0662258916978433
ISLAMIINS,Islami Insurance Bangladesh Limited,64.7,-0.1543209876543122,6.942148760330583,3.5200000000000045,7.833333333333338,68.48958333333334,72.53333333333335,58.57843137254903,-12.211668928086839,432.78652933040655,243.54215556888002,2.3384898348040144,4.087984368235916
ISNLTD,Information Services Network Ltd.,53.5,-2.9038112522686053,0.9433962264150944,-6.468531468531473,-11.276948590381423,-34.436274509803916,-31.760204081632658,-52.44444444444444,16.557734204793032,359.83471132144524,254.0727286761428,9.071137791131546,7.1636124651434026
ITC,IT Consultants PLC,44.7,-0.6666666666666604,-0.22321428571427304,-5.8947368421052575,-6.092436974789913,17.015706806282722,16.10389610389611,-1.5418502202643078,5.6737588652482405,40.12436771171375,52.15221042719869,3.019811232620733,2.8951277053898554
JAMUNABANK,Jamuna Bank PLC,23.0,0.0,-2.542372881355938,-4.564315352697101,-4.564315352697101,-0.432900432900439,9.004739336492884,6.976744186046512,18.667185257400604,158.67701308437702,96.5459532039792,1.2170214444754017,1.7842263329315462
JAMUNAOIL,JAMUNA OIL PLC,177.8,-0.22446689113354507,-0.39215686274509165,0.33860045146728146,-0.6703910614525076,3.6130536130536233,5.082742316784884,-4.408602150537629,-3.891891891891886,-8.820512820512814,10.747451755122947,1.1013479314039503,1.0272593463646382
JANATAINS,Janata Insurance PLC,32.7,-0.9090909090909005,0.9259259259259391,-2.9673590504451037,-5.217391304347818,24.809160305343525,34.56790123456791,23.86363636363638,-34.35955855097678,282.74941683151786,-82.51129588980604,3.1373732304252084,4.26724358662556
JHRML,JMI Hospital Requisite Manufacturing Ltd,43.0,-2.714932126696839,-2.0501138952163975,-10.97308488612836,-15.686274509803921,-2.0501138952163975,1.8957345971563913,-22.661870503597125,95.45454545454545,95.45454545454545,95.45454545454545,3.524942890189577,3.6691228855506477
JMISMDL,JMI Syringes & Medical Devices Ltd.,129.3,-0.5384615384615297,0.154918667699471,-5.205278592375362,-5.274725274725267,8.473154362416114,9.576271186440687,-11.438356164383555,-57.21459867705927,10.665827208480994,273.35031729817734,3.2660983701023447,4.341597226810157
JUTESPINN,Jute Spinners Limited,205.4,-1.107366393837257,-2.1904761904761876,-7.016749660479855,-1.76948828311812,-7.477477477477476,5.225409836065583,-9.034543844109834,26.711906230721784,280.3703703703704,208.87218045112783,2.155451625294253,2.8813502059826828
KARNAPHULI,Karnaphuli Insurance PLC,55.0,0.0,1.6635859519408476,-5.008635578583763,45.502645502645514,87.07482993197279,92.98245614035088,79.73856209150327,16.525423728813553,427.2826113377966,101.48536542681425,3.1007394508142125,4.6051274986715605
KAY&QUE,Kay and Que (Bangladesh) Ltd.,395.2,1.6460905349794182,1.5938303341902285,-0.7035175879397013,-9.337003899977057,-15.914893617021278,4.716481187069426,12.944728607318078,46.67559087230655,1534.3851556855748,1889.6862759143673,3.327155644620798,3.8297494901613227
KBPPWBIL,Khan Brothers PP Woven Bag Industries Ltd,37.9,0.0,8.908045977011499,4.407713498622594,-9.112709832134303,-20.545073375262064,-21.041666666666668,-75.3896103896104,136.875,97.76025645792168,13.228265603106166,6.240193305954343,6.0159747947863185
KDSALTD,KDS Accessories Ltd.,44.8,-1.5384615384615448,-1.5384615384615448,-5.2854122621564485,-17.34317343173433,11.999999999999993,9.00243309002432,-7.628865979381449,-39.06735736062176,-22.052221744584067,-14.143120606902077,2.7232053852414704,3.288060598268828
KEYACOSMET,Keya Cosmetic Ltd.,5.3,-3.63636363636364,0.0,-7.017543859649129,5.9999999999999964,-1.8518518518518616,17.777777777777775,12.765957446808503,-43.010752688172055,-30.040000039177606,-66.09240696732275,4.122990915443739,5.426331249030497
KOHINOOR,Kohinoor Chemical Company (Bangladesh) PLC,521.9,-0.6283320639756413,-1.0240849611226963,-2.229299363057321,1.339805825242714,0.967305088024763,4.400880176035208,2.516071326055358,60.087176206443544,327.12597522912216,1029.8301221914178,1.3209615629990528,1.81223268647381
KPCL,Khulna Power Company Ltd.,10.5,-1.8691588785046664,-0.943396226415091,-5.405405405405403,-1.8691588785046664,-3.669724770642205,0.0,-0.943396226415091,-78.30578512396694,-82.20338984860673,-75.69639274987064,3.240030409841737,3.977866469817537
KPPL,Khulna Printing & Packaging Ltd,14.1,5.22388059701492,3.6764705882352944,-0.7042253521126736,-14.024390243902433,-16.071428571428577,-11.875000000000002,11.023622047244098,-14.024390243902433,49.99999999999999,-59.07651719250701,4.442598946352962,4.899976087961466
KTL,Kattali Textile Ltd.,12.7,-1.5503875968992331,-0.7812500000000111,1.5999999999999943,24.50980392156863,25.742574257425737,9.482758620689653,-5.223880597014934,-58.36065573770492,-33.61456042028888,-33.61456042028888,3.2987264673311154,4.581558695465143
LANKABAFIN,LankaBangla Finance PLC,14.5,-1.3605442176870701,-0.6849315068493127,-8.805031446540882,-10.493827160493824,-3.973509933774832,17.88617886178861,-15.697674418604649,-66.04215456674474,-28.887560567371956,-49.3597380376315,3.3056867684879023,3.12893933734762
LEGACYFOOT,Legacy Footwear Ltd.,67.9,-1.1644832605531255,-4.231311706629055,-2.999999999999992,-2.020202020202008,8.466453674121412,25.27675276752768,5.108359133126953,-7.994579945799446,172.6777766909621,333.5969945339907,3.4915835249206086,3.301522585887308
LHB,LafargeHolcim Bangladesh PLC,52.0,-3.7037037037037033,-1.5151515151515098,-2.985074626865674,-6.306306306306307,-0.7633587786259515,10.403397027600846,-4.587155963302752,-35.40372670807454,-33.842239185750635,615.4734404914509,2.726263186951772,2.5162260068476696
LIBRAINFU,Libra Infusions Ltd.,570.0,-1.2816072047107685,-1.7241379310344827,-6.60330984761592,-14.925373134328359,-12.963811268896013,-10.377358490566039,-26.26131953428202,-10.000000449999993,54.285714133052636,383.9622636487184,1.3101737806194136,2.3125074813830158
LINDEBD,Linde Bangladesh Limited,671.2,-0.8713631664451302,-1.294117647058817,-3.4244604316546696,-5.384832252607828,-11.158173395102576,-11.56785243741765,-25.965144495918814,-57.98961006446767,-52.89824561403509,30.20368574199807,1.186952354994271,1.27183063957038
LOVELLO,Taufika Foods and Lovello Ice-cream PLC,51.1,-2.480916030534346,-1.351351351351343,-16.910569105691053,-29.807692307692303,-24.40828402366863,-25.073313782991203,-45.527918648449024,71.07391327331236,293.4700005154457,293.4700005154457,4.725930033509171,6.469378513707195
LRBDL,Lub-rref (Bangladesh) Ltd,12.8,-3.7593984962406015,-11.111111111111109,-13.513513513513512,-0.7751937984496097,28.000000000000007,29.292929292929298,-11.724137931034479,-74.24547283702213,-68.39506172839506,-68.39506172839506,5.498596523980558,5.4634529952157855
LRGLOBMF1,LR Global Bangladesh Mutual Fund One Units,4.8,6.6666666666666625,11.627906976744187,11.627906976744187,37.14285714285713,37.14285714285713,71.42857142857143,37.14285714285713,-46.666666666666664,-31.428571428571434,-47.826086956521735,7.142731664470796,6.283047245225955
MAGURAPLEX,Magura Multiplex PLC,83.7,-2.219626168224289,0.843373493975907,-4.886363636363633,-8.524590163934423,-2.3337222870478413,-0.23837902264601052,-20.58823529411765,-48.34514308442422,368.3730549077678,368.3730549077678,3.783132109873114,3.469855541070646
MAKSONSPIN,Maksons Spinning Mills PLC,5.8,-1.6949152542372972,-1.6949152542372972,-4.918032786885243,0.0,-9.375000000000009,23.40425531914893,-15.942028985507253,-82.78931750741839,-14.225351961664359,-64.07584252629219,3.8475499092558976,4.8076363025314075
MALEKSPIN,Malek Spinning Mills PLC,48.6,1.250000000000003,-0.4098360655737618,3.4042553191489393,49.53846153846155,80.0,68.16608996539793,46.38554216867469,37.67705382436262,185.88235294117646,94.4,3.327505016217094,5.24427070989539
MARICO,Marico Bangladesh Limited.,2659.9,-0.03382441371016577,0.003759681179032598,-2.6996378534586727,-4.320143884892083,-2.38899082568807,0.25630394632694514,-7.4817391304347804,13.182417769456627,115.90097402597402,608.3621837549933,0.6630317243142748,1.0055844284099376
MATINSPINN,Matin Spinning PLC,65.2,0.3076923076923121,2.034428794992182,5.1612903225806495,18.54545454545455,39.614561027837254,40.215053763440864,14.991181657848324,0.6172839506172928,63.40852130325816,44.88888888888889,8.120962082606418,4.806373384412809
MBL1STMF,MBL 1st Mutual Fund 2010- Units,10.6,0.0,5.9999999999999964,21.83908045977012,165.0,165.0,211.7647058823529,130.43478260869566,29.268292682926834,51.42857142857142,53.62318840579709,6.251665714829625,6.747475147402579
MEGCONMILK,Meghna Condensed Milk Industries Ltd.,30.8,-6.0975609756097455,-7.228915662650609,-22.0253164556962,-21.025641025641022,-6.666666666666665,113.88888888888887,82.2485207100592,45.28301886792453,340.0,224.21052631578948,6.154917918630388,6.750260999019127
MEGHNACEM,Meghna Cement Mills PLC,28.7,-2.3809523809523787,1.0563380281690167,-5.901639344262297,-11.692307692307693,-8.888888888888891,-2.047781569965875,-37.06140350877193,-63.490288189204094,-63.70071225874282,-61.14541042124972,4.113993512586683,5.804103483604914
MEGHNAINS,Meghna Insurance PLC,35.6,-1.1111111111111072,0.5649717514124374,-6.068601583113449,6.268656716417914,27.142857142857146,26.690391459074732,36.92307692307693,223.63636363636363,223.63636363636363,223.63636363636363,2.7069457709355698,4.136332786418425
MEGHNALIFE,Meghna Life Insurance PLC,51.7,-2.6365348399246678,-2.268431001890351,-7.014388489208631,-16.207455429497568,-3.364485981308406,1.771653543307098,-17.936507936507933,-44.149872127302665,34.6480880335596,-20.61939272212506,3.685700956270947,4.910675478089751
MEGHNAPET,Meghna Pet Industries Ltd.,76.6,-1.6688061617458425,7.735583684950774,-7.932692307692318,11.824817518248167,173.57142857142853,251.3761467889908,217.84232365145223,147.89644012944984,1267.857142857143,1096.8749999999998,7.430766959196824,8.261628374879118
MERCANBANK,Mercantile Bank PLC,6.3,-1.5625000000000084,-5.970149253731348,-11.267605633802816,-14.864864864864872,-28.409090909090917,-14.864864864864872,-31.521739130434778,-59.32911405944865,-16.017560280239064,-39.1083108610541,3.8013051017083286,3.3053650575052673
MERCINS,Mercantile Islami Insurance PLC,53.8,4.873294346978558,8.686868686868682,26.58823529411764,28.400954653937944,122.31404958677686,110.98039215686272,95.63636363636363,-1.2844036697247758,337.3983739837398,95.00323684169273,4.533226472533456,5.429078363584461
METROSPIN,Metro Spinning Ltd.,9.7,-2.020202020202031,-3.000000000000007,-2.020202020202031,6.5934065934065895,-3.960396039603964,14.117647058823522,-12.612612612612615,-68.46749217610541,33.18846145188904,-35.45482237513466,5.247704336140845,5.714234681470796
MHSML,Mozaffar Hossain Spinning Mills Ltd.,19.9,-1.4851485148514887,-7.441860465116286,-1.4851485148514887,-13.478260869565222,15.697674418604649,47.4074074074074,11.79775280898875,-13.478260869565222,17.165157250319044,-19.57710401744968,3.1858001563703153,4.814343202019784
MIDASFIN,MIDAS Financing PLC,4.5,0.0,-4.255319148936174,-19.64285714285714,-25.0,-31.818181818181817,0.0,-28.57142857142857,-81.06250000189375,-70.57970158082553,-81.70849383416963,5.900869156683104,4.91507749458374
MIDLANDBNK,Midland Bank PLC,16.8,-1.17647058823529,-0.5917159763313484,-5.617977528089887,-0.5917159763313484,4.347826086956517,-1.7543859649122846,-15.15151515151515,92.26666595528,92.26666595528,92.26666595528,2.6022077470041345,2.937202836852222
MIRACLEIND,Miracle Industries Limited,26.8,-0.740740740740738,-2.1897810218978027,-7.586206896551722,-6.944444444444445,-6.293706293706295,-15.723270440251572,-27.95698924731183,-33.49875930521091,0.8278074731827474,190.78582107851213,3.244737057050861,3.600745680321117
MIRAKHTER,Mir Akhter Hossain Ltd,34.7,-1.1396011396011354,-0.857142857142849,-2.528089887640445,-17.183770883054883,23.049645390070935,25.72463768115942,7.763975155279502,-60.83521444695259,-57.160493827160494,-57.160493827160494,3.9529086914232305,4.558567129258538
MITHUNKNIT,Mithun Knitting & Dyeing (CEPZ) Ltd.,13.5,-0.7352941176470562,-2.8776978417266212,-3.5714285714285716,-11.764705882352944,-15.094339622641511,-7.534246575342464,-20.58823529411765,-33.8235294117647,-77.83857720164458,-74.1418824272993,4.752902155887229,4.8896286080826625
MJLBD,MJL Bangladesh PLC,90.2,-0.44150110375275003,-0.9879253567508139,-2.1691973969631237,-3.837953091684429,1.3483146067415763,0.22222222222222537,-8.146639511201629,-7.676560900716479,-16.848112175233073,58.47638865898808,1.3997346075615815,1.4296434912771205
MLDYEING,M.L. Dyeing & Textile Ind. PLC,11.4,-2.564102564102555,-4.201680672268908,-12.307692307692305,3.63636363636364,28.089887640449437,35.714285714285715,23.913043478260885,-61.744966442953015,65.1860006974153,65.1860006974153,4.482323850208903,6.320973569968978
MONNOAGML,Monno Agro & General Machinery Ltd.,307.1,-0.9993552546743927,-2.4459974587039355,-8.791208791208781,-13.856942496493684,-12.755681818181813,-16.887686062246274,-18.454593733404142,-18.6910036969689,654.2189025924092,2369.515577194838,3.302082836473561,4.265166215289095
MONNOCERA,Monno Ceramic Industries Limited.,83.6,-2.107728337236547,-1.6470588235294183,-4.566210045662101,-13.097713097713108,-0.2386634844868769,2.200488997555009,-2.107728337236547,-48.7116564417178,230.33000101841608,388.15433479974894,3.767995008913911,3.5782575755171666
MONNOFABR,Monno Fabrics Ltd.,19.5,-2.5,0.0,-9.30232558139535,-14.096916299559469,-15.584415584415588,-8.87850467289719,-7.582938388625599,-17.372881355932208,-17.372881355932208,-17.372881355932208,5.193292543887428,5.102192407875058
MONOSPOOL,Monospool Bangladesh PLC,108.0,-0.5524861878452987,2.857142857142857,0.6523765144454826,-6.896551724137931,13.68421052631579,14.044350580781412,11.891891556216214,-21.16560908693739,125.81818090464462,125.81818090464462,3.612555548702591,3.484254429203223
MPETROLEUM,Meghna Petroleum PLC,204.8,-0.048804294777937685,-0.9192065795839272,-2.1032504780114616,-4.522144522144517,2.4000000000000057,6.279190451478995,-2.476190476190471,1.0858835143139276,11.243889190657262,43.49044571638217,1.1949912918275842,1.1782354459602724
MTB,Mutual Trust Bank PLC,13.5,-0.7352941176470562,3.8461538461538463,0.7462686567164153,2.2727272727272783,30.264616241395814,37.678049677387534,34.40000089838935,8.88737425923959,104.42317882104273,177.9394607666463,3.4672751239915396,3.3615740475762435
NAHEEACP,Nahee Aluminum Composite Panel PLC,33.2,-2.63929618768328,-7.77777777777777,-0.30030030030028326,-7.002801120448178,46.90265486725664,79.45945945945947,29.18287937743192,-36.39846743295019,-47.32348054101644,-47.32348054101644,4.402394063747724,6.624673349208191
NATLIFEINS,National Life Insurance PLC,92.8,-2.4185068349106174,-3.333333333333336,-6.262626262626265,-10.597302504816955,-7.2927072927072905,-1.0660980810234542,-17.65749778172139,-60.54421768707483,-28.438484394675765,-31.684851119357596,2.288513446237198,2.6846619704863346
NAVANACNG,Navana CNG Limited,19.9,-0.9950248756219046,2.051282051282044,-4.784688995215311,-9.132420091324201,-4.326923076923087,-6.572769953051654,-22.568093385214013,-43.88810713571042,-50.91778498421768,-66.24653815823764,2.542409014770824,3.2780293518096832
NAVANAPHAR,Navana Pharmaceuticals PLC,62.8,-1.8750000000000044,0.15948963317383463,-6.268656716417914,-10.54131054131055,6.44067796610169,19.847328244274806,8.275862068965512,137.87878787878788,137.87878787878788,137.87878787878788,2.5445337130197463,3.065264766024289
NBL,National Bank PLC,3.3,0.0,-5.71428571428572,-8.333333333333341,-15.384615384615387,-34.00000000000001,3.124999999999989,-2.941176470588238,-60.2409638554217,-42.16356066526516,-69.07196419158763,4.226827094474155,4.649574861842666
NCCBANK,National Credit and Commerce Bank PLC,14.3,-0.694444444444442,0.0,-4.666666666666662,-11.728395061728387,14.400052532504136,21.901695363087295,21.901695363087295,4.104048248478618,92.76066509476681,29.81164554451607,2.090132090132085,2.260357765231465
NCCBLMF1,NCCBL Mutual Fund-1 2012- Dividend Units,7.0,4.477611940298504,1.4492753623188352,7.6923076923076925,66.66666666666666,55.55555555555556,75.0,42.85714285714285,-19.540229885057467,-2.7777777777777803,-41.666666666666664,5.977588494136186,6.578324065093065
NEWLINE,New Line Clothings Ltd.,5.3,-3.63636363636364,-3.63636363636364,-13.114754098360654,-10.169491525423737,-18.461538461538463,32.49999999999999,3.9215686274509842,-84.72622478386167,-78.76210497755186,-78.76210497755186,4.816820496065779,5.7760970517223
NFML,National Feed Mill Ltd,15.5,-3.125,3.3333333333333335,-6.0606060606060606,-32.900432900432904,-3.125,9.9290780141844,55.0,-49.66237942462087,1.7122262413790188,-44.432051059066616,4.963524621552831,5.626920676565532
NHFIL,National Housing Finance PLC,26.5,-1.8518518518518516,0.0,-2.930402930402933,-4.332129963898915,13.247863247863254,17.77777777777778,3.9215686274509802,-66.68571431693454,-28.585746243846938,-13.226159760044206,2.419161210233607,3.340349183520334
NITOLINS,Nitol Insurance PLC,57.5,-1.372212692967405,2.6785714285714284,20.79831932773109,70.11834319526629,113.75464684014871,104.62633451957295,111.39705882352942,-6.828703470775464,266.8635642131157,141.38384915736037,2.614178544264131,4.263071003845359
NORTHERN,Northern Jute Manufacturing Co. Ltd.,93.7,-4.094165813715455,-4.387755102040813,-11.687087653157391,-13.240740740740739,-25.516693163751984,9.847596717467768,-5.353535353535351,-73.6056338028169,-61.53267175870736,524.6666708311111,6.678255516789251,5.151972604849421
NORTHRNINS,Northern Islami Insurance PLC,36.6,-1.876675603217147,1.6666666666666705,-7.575757575757575,-7.575757575757575,32.06185597643214,38.237410417535976,22.000000284666665,-34.86440661682203,150.1360950512405,19.724910781029205,3.709215696412752,4.250739928373923
NPOLYMER,National Polymer Industries PLC,31.4,-1.8750000000000044,-1.8750000000000044,-3.0864197530864197,-4.5592705167173255,14.598540145985401,18.045112781954877,-5.421686746987964,-49.67948717948718,-25.388586335104975,117.57096985748571,3.405390930339579,3.3066307893562548
NRBBANK,NRB Bank PLC,6.6,1.538461538461533,0.0,-1.4925373134328437,8.196721311475411,-5.71428571428572,8.196721311475411,-22.35294117647059,-26.66666666666667,-26.66666666666667,-26.66666666666667,3.0866841491841512,3.131569274161645
NRBCBANK,NRBC Bank PLC,9.0,0.0,-3.2258064516129106,-1.098901098901095,20.0,30.434782608695645,76.47058823529413,47.54098360655739,-63.500451365787704,-29.22737504100477,-29.22737504100477,2.4669163545567936,3.569039703762848
NTC,National Tea Company Limited,152.2,0.13157894736841358,-1.806451612903233,-3.365079365079372,-4.456999372253623,-14.494382022471916,-12.428078250863074,-15.01954215522055,-73.07147912243454,-71.20151371807,-80.23376623376622,3.4952696691931813,3.7138701081104464
NTLTUBES,National Tubes Limited,60.7,-2.0967741935483826,-0.8169934640522876,-6.615384615384611,-8.030303030303028,-2.5682182985553683,-2.8799999999999955,-23.164556962025312,-46.8476357267951,-31.74280364918633,157.596724638719,3.8735304577273344,3.1092969543012594
NURANI,Nurani Dyeing & Sweater Ltd.,3.0,0.0,3.448275862068969,-9.090909090909086,-3.225806451612906,-16.666666666666668,50.0,15.384615384615381,-70.2970297029703,-82.27108003686878,-82.27108003686878,5.522167487684734,7.2410156627163795
OAL,Olympic Accessories Ltd,6.0,-3.2258064516129057,-4.761904761904759,-9.090909090909086,-16.666666666666668,-10.447761194029853,5.263157894736839,-10.447761194029853,-59.45945945945947,-65.69113919232916,-75.14175998643655,3.60162171690464,4.2385223879764595
OIMEX,Oimex Electrode Ltd.,14.1,-2.758620689655175,2.173913043478253,-11.320754716981135,-12.962962962962962,2.919708029197083,-7.843137254901968,-44.92187500000001,-44.92187500000001,-71.72225259006062,-71.72225259006062,4.418216222659281,5.646892493494369
OLYMPIC,Olympic Industries PLC.,142.4,-0.7665505226480797,-2.931152010906601,-2.19780219780219,-8.717948717948715,-2.7986348122866858,3.4883720930232642,-10.270951480781338,-26.179367547952307,-51.137254779803925,92.72180576034734,1.5676626833819283,1.776801216658594
ONEBANKPLC,One Bank PLC,7.6,-1.2987012987013056,0.0,-5.000000000000004,-5.000000000000004,1.3333333333333286,8.571428571428566,4.109589041095888,-17.199999626964217,-17.199999626964217,-17.199999626964217,2.3756208703577153,2.509650276567574
ORIONINFU,Orion Infusion Ltd.,279.7,6.3902624572080695,28.894009216589858,20.97750865051903,-9.511484956324825,-17.419545320342486,-17.759482505145556,-46.003861003861005,210.43285238623753,301.86781609195407,508.04347826086956,9.826619935431001,7.476101330813927
ORIONPHARM,Orion Pharma Ltd.,28.9,-4.304635761589407,14.68253968253968,6.249999999999998,1.048951048951039,0.0,6.249999999999998,-19.722222222222225,-65.63614744351962,-23.7467018469657,-57.707316904,6.888907140985553,4.62281932286078
PADMALIFE,Padma Islami Life Insurance Ltd.,16.0,-2.439024390243894,3.225806451612903,-5.32544378698224,-14.438502673796789,-9.604519774011296,-4.191616766467062,-22.705314009661834,-70.09345794392523,-19.66527165728891,-67.34488190292868,4.887530049937498,3.797259290643392
PADMAOIL,Padma Oil PLC,191.6,-1.894521249359968,-1.8945212493599677,-1.3896037056098902,0.20920502092050508,7.882882882882883,13.038348082595867,-3.7185929648241234,-17.66222604211431,2.405130946018172,12.705882240235296,1.1705973809129668,0.9198959509105512
PARAMOUNT,Paramount Insurance PLC.,66.9,3.240740740740754,13.197969543147215,8.427876823338739,2.1374045801526806,27.91586998087956,53.79310344827587,52.39179954441916,-22.479721900347617,842.5750613591711,408.3694558074433,5.415475825158397,5.081664113379175
PDL,Pacific Denims Ltd.,5.6,0.0,1.8181818181818117,-3.448275862068969,-8.196721311475411,-6.666666666666672,21.73913043478261,-11.111111111111114,-69.09289617283669,-71.57409278450629,-71.57409278450629,4.490245603453151,4.14741565673835
PENINSULA,The Peninsula Chittagong PLC,20.3,-2.8708133971291767,-1.4563106796116538,-7.727272727272725,-13.983050847457628,-5.140186915887841,10.92896174863388,47.10144927536231,-38.484848484848484,30.128205128205135,-43.90789459661183,4.621050160169627,4.936143573381211
PEOPLESINS,Peoples Insurance PLC,62.4,1.7944535073409484,5.227655986509277,-2.347417840375587,1.7944535073409487,55.22388059701491,71.900826446281,80.8695652173913,17.735849056603772,302.5806451612903,136.36363636363637,3.4582278268643876,4.7357038500934205
PF1STMF,Phoenix Finance 1st Mutual Fund Units,18.0,-1.098901098901095,2.857142857142857,27.65957446808511,109.30232558139535,227.27272727272728,260.0,267.3469387755102,85.56701030927837,275.0,127.84810126582278,6.05270869388001,6.336195335791463
PHARMAID,Pharma Aids Limited.,555.9,-0.35848718408316904,-0.6789351438270623,-6.977911646586353,-5.427015991833954,3.2120311919791966,12.758620689655169,-4.435275915420331,-10.164835164835162,107.11624441132639,296.78800856531046,1.9534304657409227,2.58609585664382
PHENIXINS,Phoenix Insurance PLC,48.3,0.207468879668038,1.2578616352201137,-5.479452054794529,11.034482758620683,69.4736842105263,80.22388059701491,78.88888888888887,-25.00000000000001,131.10047846889952,7.812500000000001,2.915539934162042,4.571297016034269
PHOENIXFIN,Phoenix Finance and Investments Ltd.,3.4,0.0,-5.555555555555561,-12.820512820512821,-10.526315789473683,-19.047619047619055,41.66666666666667,6.249999999999991,-89.60244648318043,-78.40952565479573,-87.53838388968046,4.744503862150927,5.353787899342965
PHPMF1,PHP First Mutual Fund Units 2010-,3.7,0.0,2.7777777777777803,0.0,19.35483870967742,2.7777777777777803,54.16666666666668,19.35483870967742,-42.1875,-8.208510966403622,-33.74621474666079,4.969969969969965,5.166059627581082
PIONEERINS,Pioneer Insurance PLC,68.4,0.7363770250368188,2.395209580838336,-0.1459854014598457,-3.6619718309859075,36.80000032832002,49.31392967091689,64.72477105401379,-35.19367161564558,201.1462385308164,70.70075036104276,2.062751158253627,3.5913873692727654
PLFSL,Peoples Leasing and Financial Services Ltd.,1.7,0.0,-5.555555555555561,-10.526315789473683,41.66666666666667,-45.16129032258064,220.75471698113208,54.545454545454525,-43.333333333333336,-76.7123287671233,-94.21052632098746,8.104575163398685,9.129400298130948
POPULAR1MF,Popular Life First Mutual Fund Units 2010-,3.7,0.0,2.7777777777777803,2.7777777777777803,19.35483870967742,12.121212121212132,54.16666666666668,19.35483870967742,-39.34426229508196,-8.64148964228938,-29.510276168164513,5.557271557271552,5.301863975902014
POPULARLIF,Popular Life Insurance Co. Ltd.,55.3,-2.1238938053097396,-2.469135802469146,-9.787928221859707,-10.662358642972539,9.288537549407105,30.117647058823525,8.858267716535433,-42.930856553147585,-21.000000000000004,-50.37179457402564,3.5190752803456085,4.35572437594002
POWERGRID,Power Grid Co. of Bangladesh Ltd.,37.7,-0.7894736842105189,-1.8229166666666556,0.2659574468085144,-4.071246819338408,25.24916943521595,40.14869888475838,11.538461538461556,-32.67857142857142,-34.66204506065858,-30.570902394106806,2.3944921411504643,2.684241416584799
PRAGATIINS,Pragati Insurance PLC,74.1,-2.1136063408190338,2.7739251040221915,-3.7662337662337735,-13.130128956623684,10.773584497454083,6.151599052431515,27.204999529341485,-3.317900337269233,356.6950637500177,86.30912606764585,2.8778661747958427,3.9318975875235536
PRAGATILIF,Pragati Life Insurance PLC,143.6,-2.972972972972977,-0.9655172413793143,-6.020942408376974,-16.687763798325808,-23.506053347296447,6.874154154051927,-21.37381789886755,51.1169667902104,181.92948696744477,116.83901721582913,3.975171730276429,4.639676369373036
PREMIERBAN,The Premier Bank PLC,5.7,1.7857142857142954,1.7857142857142954,0.0,32.55813953488373,9.615384615384615,42.50000000000001,-8.064516129032258,-53.515517361918384,35.62512962907127,-22.049456862633022,2.8766233766233817,2.676715729956259
PREMIERCEM,Premier Cement Mills PLC,40.1,-5.647058823529409,-6.088992974238878,-16.458333333333332,-18.825910931174086,2.8205128205128243,2.295918367346935,-19.315895372233403,-52.7122641509434,-57.65575501583949,-61.80952380952382,5.835838635125995,4.3845617587047405
PREMIERLEA,Premier Leasing & Finance Limited,1.9,-5.000000000000004,-5.000000000000004,-13.636363636363647,-17.391304347826086,-42.42424242424243,251.85185185185185,58.333333333333336,-85.60606060606061,-75.9431052311581,-85.98303468702198,7.1052631578947425,8.680647339866898
PRIME1ICBA,Prime Bank 1st ICB AMCL Mutual Fund Units,7.8,9.859154929577468,27.8688524590164,32.20338983050846,62.5,69.56521739130436,81.39534883720931,62.5,0.0,59.18367346938774,8.333333333333329,8.575603509761708,6.100317485863993
PRIMEBANK,Prime Bank PLC,28.1,-0.35460992907800665,-2.090592334494766,-4.745762711864402,-6.644518272425249,-1.6499997541249933,2.4479169227864666,3.526316029218847,35.61715223869205,104.09133384683633,-1.098442928377814,1.0678770637504615,1.4621668808589534
PRIMEFIN,Prime Finance and Investment Ltd.,2.7,-3.5714285714285587,-6.896551724137922,-15.625,-12.90322580645161,-44.89795918367347,145.45454545454544,35.00000000000001,-84.48275862068967,-65.82278481012658,-90.06134965422861,5.742565225323848,6.113790657821762
PRIMEINSUR,Prime Islami Insurance PLC,51.8,-0.19267822736031104,-1.5209125475285252,-4.07407407407408,17.727272727272723,58.4097859327217,73.24414715719064,55.08982035928143,-1.5209125475285252,217.7914110429448,45.0400003422944,3.6571507005224086,5.168856801783348
PRIMELIFE,Prime Life Insurance Company Limited,37.2,-1.5873015873015723,2.1978021978022095,-2.105263157894729,-12.470588235294112,4.201680672268907,12.727272727272736,-12.880562060889929,-47.234042553191486,-35.30434782608695,-59.0799999373924,4.600856254836474,4.381106525758391
PRIMETEX,Prime Textile Spining Mills Ltd.,14.5,-0.6849315068493127,-6.451612903225806,-7.051282051282049,-19.444444444444443,-28.217821782178213,5.072463768115937,-2.0270270270270316,-41.056910569105696,-31.603773584905657,-28.217821782178213,4.974137931034481,8.03686799887123
PROGRESLIF,Progressive Life Insurance Co. Ltd.,35.7,-2.1917808219178005,-1.3812154696132595,-12.285012285012284,-15.201900237529689,-14.999999999999995,-21.71052631578947,-37.36842105263157,-67.3076923076923,-11.189384193944084,-52.28179188223216,6.039681782068036,4.925114463205138
PROVATIINS,Provati Insurance PLC,54.1,-1.6363636363636338,6.078431372549022,-5.5846422338568855,-8.30508474576271,72.29299363057326,88.50174216027875,63.93939393939394,-61.94299595209632,532.7641535949017,189.65443627169316,3.7705193112872872,4.77969884144482
PTL,Paramount Textile PLC,78.9,3.5433070866141767,-2.472187886279357,12.714285714285722,19.364599092284436,49.14933837429113,52.316602316602335,38.90845070422537,31.121582936815575,628.2278487341468,208.81412133879135,3.8743790322230893,2.652223838289725
PUBALIBANK,Pubali Bank PLC,38.7,-1.2755102040816324,0.0,0.5194805194805269,4.312668463611863,18.99735459871368,44.02916055918672,56.15793194900335,120.88883889102048,193.2916859139336,121.99302904717867,1.7413667803126829,1.9587422942768726
PURABIGEN,Purabi General Insurance Co. Ltd.,28.4,-0.6993006993007091,1.7921146953405018,-8.387096774193552,-9.841269841269845,37.8640776699029,46.39175257731959,41.99999999999999,-36.40869588746174,247.38716274457036,-4.064975057455955,2.828168225071707,4.477356787927294
QUASEMIND,Quasem Industries Limited.,39.6,-1.4925373134328392,-2.2222222222222188,-6.161137440758296,-13.157894736842104,1.538461538461542,4.71153834575166,-0.3203662399300348,-16.3371431102562,-1.0490929587894329,149.20004723901545,2.8715429284138714,3.3288640889123284
QUEENSOUTH,Queen South Textile Mills Ltd.,14.0,-3.4482758620689653,-1.4084507042253471,-8.496732026143794,-7.894736842105259,19.658119658119663,17.64705882352941,1.4492753623188352,-51.974110219803315,-42.34539740408274,-42.34539740408274,3.912774820309067,5.197091044251258
RAHIMAFOOD,Rahima Food Corporation Ltd.,73.2,-1.876675603217147,-4.935064935064931,7.174231332357256,-24.999999999999993,-35.56338028169014,-54.25,-46.879535558780844,-77.676120768527,18.44660194174758,325.58139534883725,2.692679589047829,4.565776232291574
RAHIMTEXT,Rahim Textile Mills Ltd.,181.9,-0.49234135667396367,-7.618080243778568,-6.57421674370826,-12.210424710424702,-13.38095238095238,-14.72105016408814,-1.4092140921409184,-39.6082337317397,6.095625857061051,351.00286311964993,3.295597442534454,5.170936991007531
RAKCERAMIC,RAK Ceramics (Baneladesh) Limited,26.9,-1.465201465201473,-2.181818181818187,-14.603174603174606,-9.12162162162163,17.467248908296945,21.17117117117117,6.746031746031744,-41.90064794816414,-41.97546686155409,-32.98735298238925,2.141142511122167,2.8975719912022173
RANFOUNDRY,Rangpur Foundry Limited,148.5,-1.7857142857142783,-4.069767441860472,-3.5714285714285716,-2.9411764705882355,1.0204081632653061,3.9188243526941875,-16.573033707865168,-12.595644496762803,41.42857142857143,139.51612903225808,2.8620940720596746,3.4685239410644533
RDFOOD,Rangpur Dairy and Food Products Limited,22.9,-3.7815126050420256,-2.1367521367521367,-4.979253112033207,-20.20905923344948,14.499999999999995,14.499999999999995,-9.12698412698413,-55.99440314451282,125.26543207844792,41.53877652380891,4.322702332828916,5.060644826549233
RECKITTBEN,Reckitt Benckiser (Bangladesh) PLC,3252.9,-0.39500275583318295,0.043057050592037245,-1.4929440978741364,-2.4032403240324007,-9.63915664324009,-4.885964912280699,-3.474777448071214,-32.88423050735552,107.72030651340997,340.17591339648175,0.6311181399355555,0.7793112989322959
REGENTTEX,Regent Textile Mills Ltd.,6.0,-1.6393442622950762,1.694915254237282,-6.250000000000005,-6.250000000000005,33.333333333333336,50.0,100.0,-61.53846153846154,-46.974999737526254,-76.61597482626132,4.4360023378141396,5.707341800056751
RELIANCE1,Reliance Insurance Mutual Fund Reliance One Units,13.6,1.4925373134328304,10.569105691056901,-2.1582733812949693,24.770642201834857,10.569105691056901,-13.375796178343947,-4.895104895104903,15.254237288135583,72.1518987341772,49.45054945054945,6.243512350852812,5.395627304469991
RELIANCINS,Reliance Insurance PLC,110.9,3.2588454376163876,0.2712477396021803,2.2119815668202816,-0.1800180018001698,60.028860028860045,69.57186544342507,76.03174603174605,9.801980198019807,240.11036761144655,129.66052468199152,5.110374941456142,7.639768378878591
RENATA,Renata PLC,448.8,-0.06680026720107134,-0.8614976805831627,-3.35917312661498,-1.12359550561797,5.35211267605634,14.48979591836735,-7.463917525773194,-63.37279163428863,-30.74498541478467,44.47766032784151,0.9603871555731172,1.1436492320953815
RENWICKJA,Renwick Janeswar and Co. (BD) Limited,737.7,-0.45877749291593267,0.9165526675786656,-5.179948586118246,29.48920484465508,46.95219123505977,50.920621931260236,16.1732283464567,-41.69301296237749,-4.1948051948051885,839.7452229299363,1.919183428470868,2.4597140894929086
REPUBLIC,Republic Insurance PLC,38.9,-1.017811704834602,1.832460732984282,-2.5062656641604013,12.753623188405793,19.69230769230769,41.97080291970803,22.327044025157225,-25.80060516145194,389.60313150263596,89.66852094332752,3.1070747410065307,4.673402697668974
RINGSHINE,Ring Shine Textiles Ltd.,3.7,-2.631578947368412,-5.128205128205121,-11.904761904761905,2.7777777777777803,-2.631578947368412,15.625,27.586206896551733,-73.38129496402877,-75.08666666915799,-75.08666666915799,5.291607396870557,6.437472567928281
ROBI,Robi Axiata PLc,30.2,0.6666666666666643,0.33222591362125536,-1.6286644951140066,-8.484848484848486,4.137931034482756,6.71378091872791,1.6835016835016836,-27.577937649880106,101.33333333333333,101.33333333333333,1.2691252721599955,1.6993990329641138
RSRMSTEEL,Ratanpur Steel Re-Rolling Mills Ltd,6.6,-4.347826086956532,-5.71428571428572,-13.157894736842106,-21.428571428571434,-19.51219512195122,-1.4925373134328437,-25.84269662921349,-81.40845070422536,-80.99731535311442,-85.43851416201156,6.6585767174002495,4.57745045391382
RUNNERAUTO,Runner Automobiles PLC,45.9,-1.5021459227467873,-0.8639308855291546,-7.272727272727275,9.026128266033247,17.091836734693864,24.054054054054053,46.17834394904459,-27.71653543307087,-50.46762577812225,-50.46762577812225,2.292871743405769,3.1511630987034747
RUPALIBANK,Rupali Bank PLC,16.8,-1.17647058823529,-2.890173410404624,-5.084745762711856,-1.17647058823529,-7.182320441988953,-2.890173410404624,-24.663677130044842,-51.63225809595516,7.892175596103342,-43.971930702999146,1.6582135812905108,2.392456739466964
RUPALIINS,Rupali Insurance Company Ltd.,28.4,-1.3888888888888962,4.797047970479694,-5.016722408026756,3.6496350364963503,33.721973396993704,39.34579474088785,20.241935784475807,-39.87903210776209,144.35273805881377,-9.384008025284082,3.123084825603358,3.9057139919589385
RUPALILIFE,Rupali Life Insurance PLC,78.3,-2.369077306733174,0.0,-0.7604562737642693,-17.405063291139243,-5.662650602409642,-0.3816793893129735,-28.688524590163937,-0.12755102040817412,168.95826158679918,-22.208649797450235,3.448822974545675,3.6632115239765377
SAFKOSPINN,Safko Spinning Mills Limited,20.0,-0.9900990099009866,-4.761904761904762,-2.9126213592233077,-4.761904761904762,24.22360248447204,44.92753623188405,36.986301369863014,-24.907063207354792,78.82842929389645,1.2853784015508103,2.4721000664195074,4.014295339582733
SAIFPOWER,SAIF Powertec Ltd.,7.7,-3.749999999999998,-1.2820512820512775,-18.94736842105263,-32.45614035087719,4.054054054054052,54.0,18.461538461538463,-78.35013270765548,-51.759496375256795,-43.982420950373196,3.3173577477374905,4.8130093151658295
SAIHAMCOT,Saiham Cotton Mills Ltd.,22.2,-1.3333333333333366,-3.4782608695652204,6.730769230769224,10.999999999999996,10.44776119402984,13.265306122448967,21.31147540983606,12.69035532994924,56.33802816901409,-14.014084579706415,3.049442737513161,6.264543810766104
SAIHAMTEX,Saiham Textile Mills Ltd.,35.7,2.2922636103151985,4.692082111436954,11.562500000000009,92.97297297297298,87.89473684210527,106.35838150289018,119.01840490797547,50.00000000000001,167.75000066937505,52.324204895459225,5.6066128788360325,7.900893595648623
SALAMCRST,S. Alam Cold Rolled Steels Limited,12.6,-1.5625000000000084,4.132231404958678,0.7999999999999972,-13.698630136986301,-22.22222222222222,-15.436241610738259,-40.0,-65.66757493188011,-53.333333333333336,-73.52941176470588,5.582012028430838,4.817798473219846
SALVO,Salvo Organic Industries PLC,30.5,-2.866242038216556,0.993377483443711,-8.955223880597014,-19.736842105263158,-7.012195121951211,0.6600660066006577,-13.597733711048152,-47.231833910034595,184.96822182480253,78.1574265938481,3.2011278933752494,3.740888977576199
SAMATALETH,Samata Leather Complex (Pvt.) Ltd.,84.8,-3.1963470319634673,-2.0785219399538075,-10.736842105263161,-19.772942289498584,-2.528735632183911,0.952380952380949,-19.23809523809524,-13.469387755102042,235.25581285416118,476.63999815475205,5.417347161248681,5.949920158180685
SAMORITA,Samorita Hospital Ltd.,97.6,7.017543859649113,2.092050209205021,-2.4975024975024978,23.23232323232322,41.65457184325107,34.250343878954595,33.151432469304225,21.380895694599452,89.83350854026081,148.62257299312284,6.227410377963222,6.892823430668795
SANDHANINS,Shandhani Life Insurance Co.Ltd,24.4,-1.6129032258064602,0.4115226337448472,-5.426356589147296,-4.313725490196084,21.393034825870632,26.42487046632123,6.086956521739125,-40.487804878048784,22.853147849717832,-42.69261978374756,2.8173477821316024,3.1701232293080905
SAPORTL,Summit Alliance Port Limited,61.4,-0.48622366288493396,1.4876033057851217,0.9868421052631603,17.624521072796924,24.796747967479664,45.84323040380047,48.66828087167071,110.99656357388314,58.8612680246181,191.34408279150043,1.7112047417270624,2.7181464529547426
SBACBANK,SBAC Bank PLC.,6.8,-1.4492753623188481,0.0,-1.4492753623188481,3.030303030303033,0.0,9.677419354838703,-9.333333333333336,-65.82430617561823,-35.06618171735732,-35.06618171735732,2.9762949956101874,3.4502875031616806
SEAPEARL,Sea Pearl Beach Resort & Spa Ltd.,36.1,-4.497354497354487,1.6901408450704265,-2.4324324324324285,-3.475935828876998,-10.42183622828783,9.393939393939398,-27.510040160642564,-18.69369369369369,50.41666704270835,50.41666704270835,5.379139997765394,5.290574140562042
SEMLFBSLGF,SEML FBLSL Growth Fund Units,7.3,2.8169014084507067,5.797101449275353,7.352941176470589,28.070175438596486,37.735849056603776,48.97959183673468,40.38461538461538,-29.807692307692314,19.672131147540988,19.672131147540988,4.874055929781588,4.094073795702737
SEMLIBBLSF,SEML IBBL Shariah Fund Units,8.2,2.499999999999991,3.7974683544303662,6.493506493506482,18.84057971014491,30.15873015873015,41.37931034482758,24.24242424242424,-24.074074074074083,-40.14598540145985,-40.14598540145985,2.259493670886073,2.1701793039770108
SHAHJABANK,Shahjalal Islami Bank PLC,17.2,-1.7142857142857182,-1.7142857142857184,-2.2727272727272845,-2.824858757062147,-3.3707865168539404,4.878048780487809,-4.444444444444448,-17.98148176930573,111.60304558442736,5.727014595269514,1.8571592069081329,1.5406807622386334
SHARPIND,Sharp Industries PLC,18.0,-5.759162303664929,-8.62944162436548,-38.56655290102389,-18.181818181818183,6.50887573964498,39.534883720930225,4.04624277456647,10.429447852760733,10.429447852760733,10.429447852760733,5.426428812120896,8.944553705948456
SHASHADNIM,Shasha Denims PLC,26.6,-1.8450184501845017,-2.5641025641025617,-3.2727272727272676,8.130081300813007,43.01075268817204,67.29559748427673,27.88461538461539,-14.743589743589737,-5.773041601172372,-20.309513248865166,3.977455409785096,4.080885541596898
SHEPHERD,Shepherd Industries PLC,12.9,-3.731343283582089,-0.7692307692307665,-15.686274509803923,-23.214285714285715,-5.839416058394153,-3.7313432835820897,-25.862068965517235,-34.542079463109474,-64.44616688403491,-64.44616688403491,4.314394130451352,5.252575018974152
SHURWID,Shurwid Industries Ltd,5.7,-1.7241379310344769,-3.3898305084745792,-4.999999999999997,-17.39130434782609,-14.925373134328359,23.913043478260885,16.326530612244895,-76.25,-36.66666673703704,-81.02500007472655,2.776769509981854,3.6755882958234745
SHYAMPSUG,Shyampur Sugar Mills Ltd.,283.8,-7.224583197123232,-3.7966101694915215,-7.072691552062857,25.85365853658537,78.60289490245437,86.71052631578948,37.633365664403506,129.9837925445705,1620.0,3447.5,5.778182615921507,4.59549429708691
SICL,"Sikder Insurance Co., Ltd.",35.8,-1.6483516483516523,-1.6483516483516523,-10.275689223057647,-6.28272251308902,75.49019607843137,93.5135135135135,53.64806866952787,32.59259259259258,32.59259259259258,32.59259259259258,3.9995121842383003,5.554581200325047
SILCOPHL,Silco Pharmaceuticals Ltd.,17.1,-2.2857142857142776,-3.932584269662917,0.0,-19.718309859154925,18.750000000000007,24.8175182481752,-7.5675675675675595,-48.024316109422486,-29.813432911769038,-29.813432911769038,4.168063876936062,4.988914935428576
SILVAPHL,Silva Pharmaceuticals Ltd.,12.7,-3.0534351145038197,-2.3076923076923133,-8.633093525179865,-8.633093525179865,24.50980392156863,32.291666666666664,-0.7812500000000111,-49.2,-64.90789464911185,-64.90789464911185,4.33710558333317,4.697928076427148
SIMTEX,Simtex Industries PLC,23.8,-1.2448132780083017,-3.252032520325206,-4.799999999999997,-12.177121771217713,-2.4590163934426146,5.77777777777778,13.875598086124414,8.181818181818185,34.35248689106414,-11.658638759293115,2.4299751042835487,3.6185927248135923
SINGERBD,Singer Bangladesh Limited,79.4,-1.9753086419753016,7.297297297297305,6.720430107526881,0.2525252525252561,-8.31408775981523,-6.5882352941176405,-25.794392523364483,-59.05105724600309,-45.09574473575532,-21.75560953975703,2.8421750520027205,2.34242265427626
SINOBANGLA,Sinobangla Industries Ltd.,49.4,-1.2000000000000028,-0.2020202020202049,-3.703703703703701,-15.699658703071675,-2.178217821782181,7.860262008733628,-11.151079136690651,7.349588181174543,90.48977367873742,171.59446087759227,2.1995132105875403,3.0268079750825834
SIPLC,Sena Insurance PLC,153.9,3.3579583613163195,10.08583690987124,10.007147962830594,51.625615763546804,151.06035889070148,188.74296435272046,216.0164271047228,221.96652719665272,221.96652719665272,221.96652719665272,6.384688658069874,7.1620806610036825
SKTRIMS,SK Trims & Industries Ltd.,12.3,-1.5999999999999945,0.0,-13.380281690140835,-14.58333333333333,29.473684210526322,50.00000000000002,29.473684210526322,-70.0,-66.92666673369528,-66.92666673369528,8.24241686728081,6.636822642967421
SONALIANSH,Sonali Aansh Industries Limited.,223.1,4.057835820895517,5.634469696969699,3.3348772579898047,17.174369747899153,38.57142857142856,15.95634095634095,-1.020408163265311,252.37907206317868,1005.8240396530359,1552.5925925925926,2.9673074028140225,3.5717805559340223
SONALILIFE,Sonali Life Insurance PLC,84.9,0.0,4.685573366214564,0.0,1.0714285714285783,41.50000000000001,39.40886699507391,18.741258741258747,14.729729729729735,671.8181818181819,671.8181818181819,2.154050608553423,2.6495792032078747
SONALIPAPR,Sonali Paper & Board Mills Ltd.,226.3,0.26583961010191526,1.7535971223021607,-2.8338342636324576,-3.20786997433704,-3.86576040781648,-4.312896405919657,-16.80147058823529,-9.836821794787769,49.93881341227975,49.93881341227975,2.979761383633388,3.055088490107125
SONARBAINS,Sonar Bangla Insurance Ltd.,36.6,-1.3477088948787062,-0.8130081300812931,-2.6595744680851063,-16.247139588100687,42.33333368916667,51.897233549803936,31.16040986071359,-50.91058369848781,283.3691396094478,75.83372974190956,3.4741199363840742,4.712882841495518
SONARGAON,Sonargaon Textiles Limited.,107.8,4.761904761904753,9.999999999999998,0.7476635514018665,14.802981895633643,182.19895287958113,246.6237942122186,215.20467836257305,341.8032786885246,1214.6341463414635,477.50000144375,5.826694735911312,7.164043797164522
SOUTHEASTB,Southeast Bank PLC,11.7,0.0,-4.878048780487816,3.539823008849545,12.49999999999999,31.778947262997875,37.57142852607536,31.778947262997875,-13.60630387952089,9.995763470863853,-1.6807096137136615,2.396404361921607,3.032970166045875
SPCERAMICS,Shinepukur Ceramics PLC,23.8,1.276595744680854,13.333333333333336,19.597989949748758,-2.05761316872428,9.174311926605505,63.01369863013699,14.423076923076923,-32.95774647887324,153.1914893617021,4.865900077785116,5.386734702756413,5.130473535148593
SPCL,Shahjibazar Power Co Ltd,50.0,-1.5748031496062938,0.8064516129032229,-4.761904761904762,-8.759124087591236,3.0927835051546393,5.2631578947368425,2.669404517453793,-58.76288653331917,-60.796337012334966,92.5538305366048,2.8089581806884034,3.2168008794909646
SQUARETEXT,Square Textiles PLC,48.7,-0.40899795501021624,0.4123711340206244,-1.217038539553741,-2.5999999999999943,1.4583333333333393,0.4123711340206244,-13.652482269503539,-6.525911708253356,-22.522726881819207,-36.181711494937566,1.5659941997078672,2.474628673020298
SQURPHARMA,Square Pharmaceuticals PLC,217.4,-0.09191176470587713,1.5413358243811357,-0.22946305644791187,-4.017660044150108,2.5471698113207575,9.246231155778897,-0.7305936073059335,-10.534979423868311,15.357232662536235,107.68953353495658,0.5737152624057642,0.8003593811512224
SSSTEEL,S.S. Steel Ltd,5.9,-1.6666666666666607,-3.2786885245901525,-7.8125,-16.901408450704217,7.27272727272728,43.90243902439026,13.461538461538463,-76.48708497149438,-84.17195218569314,-84.17195218569314,4.06779661016948,4.604162420118887
STANCERAM,Standard Ceramic Industries Ltd.,65.1,0.7739938080495357,0.1538461538461451,-10.69958847736627,-10.57692307692308,-4.685212298682289,-7.132667617689016,-22.03592814371258,-71.3215859030837,28.149606299212596,165.7142857142857,4.65811892320893,6.038989791697646
STANDARINS,Standard Insurance PLC,52.4,-0.19047619047619319,1.5503875968992193,4.590818363273447,2.3437499999999916,37.532808398950124,34.01534526854219,34.70437017994859,-45.416666666666664,468.287701696259,100.75958115474947,3.3086934406639106,4.047337436808087
STANDBANKL,Standard Islami Bank PLC,4.4,-2.2222222222222143,-4.347826086956506,-6.382978723404252,-8.333333333333321,-21.428571428571416,-8.333333333333321,-19.999999999999996,-52.385675577649245,-26.167697754623937,-51.42875764566825,2.7171717171717074,3.6593592592874096
STYLECRAFT,Stylecraft Limited,52.7,-1.8621973929236497,-1.8621973929236497,-5.215827338129494,-3.6563071297989027,-0.5660377358490513,11.652542372881355,-31.111111111111104,-69.88571428571429,15.687956281339563,114.58249953662293,3.3628304465841463,5.007657603483577
SUMITPOWER,Summit Power Ltd.,15.4,-1.2820512820512775,0.0,-1.9108280254777004,0.6535947712418277,10.000000000000002,24.193548387096772,1.3157894736842175,-67.78242677824268,-52.02492211838007,-66.45753429367264,2.208673889888308,2.9915778825538384
SUNLIFEINS,Sunlife Insurance Co. Ltd.,53.9,3.653846153846151,8.016032064128257,0.0,-24.084507042253524,-11.928104575163406,2.2770398481973353,-4.601769911504427,42.5925925925926,210.61016853337202,-41.72332041010698,5.495010159847221,5.433271207613616
TAKAFULINS,Takaful Islami Insurance PLC,54.2,0.7434944237918322,-1.4545454545454495,2.2641509433962317,35.50000000000001,73.71794871794873,59.41176470588236,52.676056338028175,-8.445945945945946,373.6598198053151,76.52167466929579,3.304785082933737,4.39573931801343
TALLUSPIN,Tallu Spinning Mills Limited,7.0,-2.77777777777778,-2.7777777777777803,-10.256410256410255,-15.662650602409643,-14.634146341463408,11.111111111111114,4.477611940298504,-48.148148148148145,-52.054794520547944,-69.56521741776938,3.412474849094568,4.187851463281555
TAMIJTEX,Tamijuddin Textile Mills PLC,114.0,-1.4693171996542809,-4.362416107382552,-9.523809523809524,-12.57668711656442,0.8849557522123894,-9.523809523809524,-12.307692395384608,-22.59259267,764.8275850140309,764.8275850140309,3.276335985921216,4.015596397734912
TECHNODRUG,Techno Drugs Ltd.,40.3,-1.7073170731707388,-1.2254901960784315,-10.044642857142858,-6.712962962962976,18.529411764705877,38.01369863013698,-0.24752475247525105,52.65151515151515,52.65151515151515,52.65151515151515,3.9175789256860263,4.06847079661779
TILIL,Trust Islami Life Insurance Ltd.,44.4,-2.8446389496717814,2.068965517241376,-2.2026431718061676,-16.69793621013133,1.1389521640091116,0.0,-25.378151260504204,303.6363636363636,303.6363636363636,303.6363636363636,4.511786686175675,3.9771129529659635
TITASGAS,Titas Gas Transmission and Distribution PLC,17.9,-0.5555555555555635,4.069767441860461,0.0,-0.5555555555555635,4.069767441860461,14.743589743589737,-13.526570048309182,-56.553398058252434,-63.09278350515464,-71.9435736677116,3.561601915764854,3.1529264504862997
TOSRIFA,Tosrifa Industries PLC,19.3,-4.926108374384236,3.2085561497326283,-8.530805687203793,-6.310679611650488,13.529411764705886,13.529411764705886,-12.27272727272727,-20.87000031651999,-3.387790860735606,-55.54872259834401,6.197773887734767,5.458681580639419
TRUSTB1MF,Trust Bank 1st Mutual Fund Units,3.8,2.7027027027026933,2.702702702702693,5.555555555555547,22.580645161290313,15.151515151515152,58.333333333333336,15.151515151515152,-41.53846153846154,-9.71200045577383,-41.82580046722609,4.866445392761177,5.5664055570070605
TRUSTBANK,Trust Bank PLC,13.6,0.0,-2.85714285714286,-9.333333333333336,-13.924050632911399,-19.322033720540077,-17.9310342775862,-20.223463464311358,-37.07927458394018,27.67111440285628,43.28029502070149,1.7658270120700412,1.8985276309972805
TUNGHAI,Tung Hai Knitting & Dyeing Ltd,4.2,0.0,0.0,-2.325581395348829,40.00000000000001,20.000000000000004,162.5,133.33333333333334,-43.24324324324324,-60.512820563445096,-83.06000003433175,6.490931832395251,7.950496357565861
UCB,United Commercial Bank PLC,8.6,-2.2727272727272845,-7.5268817204301195,-6.52173913043478,-3.3707865168539404,-9.473684210526319,-18.0952380952381,-18.867924528301888,-36.789999735782196,-30.882195949918017,-32.18219849171854,2.7380217117609282,3.2963977611013457
UNILEVERCL,Unilever Consumer Care Limited,1991.7,0.12064545317448806,0.13574660633484392,-1.0532068160365664,-4.703349282296649,-7.577726218097446,-7.791666666666665,-16.174242424242422,9.807380862134318,99.41927409261577,495.6485981308411,0.599569285594646,1.0703421410096567
UNIONCAP,Union Capital Limited,4.2,-2.3255813953488293,-6.6666666666666625,-8.695652173913032,-8.695652173913032,-24.999999999999993,50.000000000000014,0.0,-70.83333333333333,-59.57499984587968,-77.79589495295633,4.762985171379956,4.660076273487281
UNIONINS,Union Insurance PLC,47.0,-0.8438818565400814,-1.6736401673640109,-3.490759753593435,17.5,43.29268292682928,27.717391304347835,40.718562874251504,327.27272727272725,327.27272727272725,327.27272727272725,3.1119573114803467,4.236391834558833
UNIQUEHRL,Unique Hotel & Resorts PLC,41.8,-4.128440366972487,2.955665024630531,-3.6866359447004644,0.0,8.010335917312647,9.138381201044387,-0.2386634844868769,-21.72284644194757,-9.130434782608702,-67.008681925809,4.695630013347402,3.334242869508664
UNITEDFIN,United Finance PLC,17.1,0.0,2.395209580838336,-1.7241379310344667,11.764705882352944,35.71428571428573,47.4137931034483,23.91304347826087,-33.203125,-8.03536541649005,-26.650072127686435,3.259645095300244,4.245040871957256
UNITEDINS,United Insurance Company Limited,62.5,-0.15974440894568917,4.166666666666667,1.2965964343598009,41.72335600907029,48.80952380952381,49.521531100478484,49.88009592326138,-12.21910112359551,190.43311551655137,63.70675879991552,3.5015085811859348,4.2323671317752165
UPGDCL,United Power Generation & Distribution Co. Ltd.,114.3,-0.3487358326068053,0.43936731107205623,-4.030226700251887,-8.560000000000002,-3.1355932203389854,-1.5503875968992225,-21.06353591160222,-61.5539858728557,21.060981556263606,104.91424080952085,1.6306117754034106,2.1334611139614674
USMANIAGL,Usmania Glass Sheet Factory Limited,52.6,-3.30882352941176,-12.186978297161932,-12.333333333333332,24.94061757719715,47.752808988764045,54.70588235294118,43.71584699453552,-28.822733423545337,-31.362157066989788,8.467126337645475,4.491164478544652,6.412058911719635
UTTARABANK,Uttara Bank PLC,20.7,0.4854368932038731,-0.4807692307692376,-1.8957345971564081,-4.6082949308755765,3.0876494023904435,12.991266375545845,20.348837209302328,52.31253069097494,126.47857795094346,59.73014205185038,0.6786736081797214,0.8965534680148164
UTTARAFIN,Uttara Finance and Investments Limited,12.0,0.0,-6.976744186046513,-7.6923076923076925,-10.447761194029853,-9.090909090909086,21.212121212121207,-6.976744186046513,-76.47058823529412,-77.65957441223405,-83.03549569062905,6.36834733893557,4.8731322264075345
VAMLRBBF,Vanguard AML Rupali Bank Balanced Fund Units,8.7,6.097560975609757,8.749999999999991,8.749999999999991,19.178082191780813,44.99999999999999,52.631578947368396,58.18181818181817,-2.2471910112359668,-20.909090909090914,-20.909090909090914,2.960328214393253,2.1755416575783557
VFSTDL,VFS Thread Dyeing Ltd.,13.2,-3.649635036496351,-3.6496350364963503,-5.0359712230215905,-20.95808383233533,15.789473684210515,3.124999999999989,62.96296296296296,-49.044117519669115,-44.27832920864853,-44.27832920864853,3.5417453712220985,5.326752762976268
WALTONHIL,Walton Hi-Tech Industries PLC,340.2,-0.9606986899563352,-5.164723866799987,-2.2924282961409914,-3.001555307504912,-1.2872593967644872,-1.5210527300578995,-4.632224380928864,-68.4081351362112,8.899999782084755,8.899999782084755,3.6078522116115765,1.9631531817815666
WATACHEM,Wata Chemicals Ltd.,127.9,-1.5396458814472669,-1.691006917755564,-11.180555555555552,-5.955882352941172,-4.051012753188301,-9.929577464788728,-9.29078014184397,-60.316475333540176,33.80096586084101,506.19270858907095,3.8789665482812,3.8405974690213007
WMSHIPYARD,Western Marine Shipyard Limited,8.7,-1.1363636363636525,0.0,-5.434782608695652,-20.909090909090914,-8.421052631578954,6.097560975609756,-7.446808510638309,-43.870967741935495,-34.65010006541931,-74.73137204807205,2.3068698209035134,3.1813151743334034
YPL,Yeakin Polymer Ltd.,21.0,-2.3255813953488373,6.598984771573607,-10.25641025641025,-20.45454545454545,20.0,18.644067796610173,14.130434782608702,39.0728476821192,-44.06869400969148,-16.19238815034726,5.748564062356087,6.776696478914173
ZAHEENSPIN,Zaheen Spinning PLC,5.1,-3.7735849056603805,-1.9230769230769333,-5.555555555555569,-15.000000000000005,-10.526315789473694,27.499999999999993,0.0,-54.464285714285715,-60.61584308071204,-64.16514351955931,3.93001508295626,5.01903404841154
ZAHINTEX,Zahintex Industries Ltd.,7.4,-3.896103896103894,-7.499999999999996,-15.909090909090912,-15.909090909090912,2.7777777777777803,27.586206896551733,21.311475409836078,-27.450980392156854,-55.37461952483525,-68.80541955654084,3.9648479374506795,6.062736332640889
ZEALBANGLA,Zeal Bangla Sugar Milla Limited,176.9,-5.350454788657036,-2.2651933701657425,-3.121577217962754,24.05329593267883,35.555555555555564,23.70629370629371,53.95996518711923,22.000000000000004,750.4807692307692,1933.3333333333335,6.1350316408145735,6.742269856849826
