Symbol,Name,Price,Change %,Perf % 1W,Perf % 1M,Perf % 3M,Perf % 6M,Perf % YTD,Perf % 1Y,Perf % 5Y,Perf % 10Y,Perf % All Time,Volatility 1W,Volatility 1M
1JANATAMF,First Janata Bank Mutual Fund Units,3.8,2.7027027027026933,8.571428571428566,5.555555555555547,22.580645161290313,11.76470588235294,46.15384615384614,22.580645161290313,-54.216867469879524,-1.5377783142874937,-30.10569025743272,5.131501249148308,5.5562505790281165
1STPRIMFMF,Prime Finance First Mutual Fund 2009 Units,31.2,9.859154929577468,35.06493506493505,32.20338983050846,42.46575342465754,62.5,56.0,42.46575342465754,48.57142857142857,242.85714285714286,1.9607843137254832,5.863782320218972,5.298018112014807
AAMRANET,aamra networks ltd,19.5,4.278074866310164,9.550561797752806,-9.30232558139535,-0.5102040816326603,13.372093023255818,9.550561797752806,-5.797101449275359,-56.553983891763906,-67.63245026844083,-67.63245026844083,3.1533985606133754,5.303121850629721
AAMRATECH,Aamra Technologies Limited,16.7,0.0,1.2121212121212077,-18.137254901960784,15.972222222222214,14.383561643835614,35.77235772357722,23.7037037037037,-53.53805791545961,-19.88318976743955,-43.206083456088656,3.9333509343170387,6.3282732813212474
ABB1STMF,AB Bank 1st Mutual Fund 2011 Units,3.8,0.0,8.571428571428566,0.0,18.74999999999999,8.571428571428566,40.740740740740726,18.74999999999999,-41.53846153846154,-5.950000456142506,-43.31664134715508,7.325560854972618,5.4121766930258755
ABBANK,AB Bank PLC,4.4,-2.2222222222222143,0.0,-8.333333333333321,-10.204081632653061,-31.25,7.317073170731725,-21.428571428571416,-69.17054749566465,-69.5266806751038,-80.88092226544605,6.778656126482207,4.478675739199391
ACFL,Aman Cotton Fibrous PLC,22.1,0.454545454545461,2.7906976744186114,-4.7413793103448185,-5.957446808510633,24.858757062146907,22.777777777777786,16.315789473684216,-49.31192660550459,-63.166666666666664,-63.166666666666664,3.10219291781216,5.369383353420565
ACI,Advanced Chemical Industries PLC,190.0,0.10537407797681171,6.741573033707865,-3.061224489795918,-2.0113460546673574,-8.21256038647343,-2.5641025641025643,7.893242475865988,-25.944157559102827,-24.956062136764302,205.09441476809272,2.549225071597986,2.1512570028365627
ACIFORMULA,ACI Formulations PLC,156.9,0.5769230769230806,4.460719041278307,-6.939501779359424,8.057851239669434,12.796549245147384,21.62790697674419,12.796549245147384,-5.806174724461223,-1.937499754843743,127.54834311030734,2.6899201214942408,3.6316879566003735
ACMELAB,ACME Laboratories Ltd.,78.3,-0.3816793893129735,1.6883116883116847,-3.8083538083538184,-3.2138442521631747,1.0322580645161255,9.817671809256662,0.25608194622279495,-17.05508474576272,-26.40977443609023,-42.0,1.2090223291023945,1.4951734646097297
ACMEPL,ACME Pesticides Ltd,25.9,4.435483870967733,4.858299595141697,5.714285714285708,12.121212121212109,39.24731182795698,62.89308176100627,61.87499999999999,135.45454545454544,135.45454545454544,135.45454545454544,3.830103502005606,4.406637655364909
ACTIVEFINE,Active Fine Chemicals Ltd.,5.6,-1.75438596491229,-1.75438596491229,-16.4179104477612,-22.22222222222223,-28.205128205128208,3.7037037037036904,-32.530120481927725,-77.68924302788844,-78.63013692503552,-81.00869551873936,2.8508771929824595,4.032441708668613
ADNTEL,ADN Telecom Ltd.,58.2,0.6920415224913594,3.9285714285714337,-9.345794392523365,-11.145038167938928,0.34482758620690146,0.5181347150259141,-20.708446866485016,-21.66890982503364,43.70370370370371,43.70370370370371,2.3181720815056925,2.9752141559350993
ADVENT,Advent Pharma Ltd.,13.9,-0.7142857142857117,3.7313432835820897,-9.74025974025974,-12.578616352201257,-4.794520547945201,3.7313432835820897,-12.025316455696204,-44.18110253185901,-62.25816423883548,-62.25816423883548,3.2002760427857826,4.31802625016255
AFCAGRO,AFC Agro Biotech Ltd.,6.1,-3.174603174603177,1.6666666666666607,-12.857142857142861,-22.784810126582286,-23.750000000000004,21.999999999999993,-20.779220779220786,-83.00835654596099,-81.4184614658506,-73.37807497265129,3.2903225806451606,3.998944511555787
AFTABAUTO,Aftab Automobiles Ltd.,26.2,-0.38022813688213464,3.9682539682539684,-8.391608391608399,-16.82539682539683,-10.580204778157,-23.391812865497084,-24.27745664739885,-19.088234891938576,-43.91165020856192,-61.485999686149405,2.084822570168223,2.9224762494832164
AGNISYSL,Agni Systems PLC,28.7,-1.7123287671232876,3.6101083032490977,-7.717041800643094,0.7017543859649098,35.37735849056604,37.980769230769226,10.384615384615383,18.59504132231405,82.54855900753495,54.85687073145735,3.617134548237578,4.282223318545962
AGRANINS,Agrani Insurance PLC,29.6,1.0238907849829375,9.22509225092251,-6.91823899371069,13.84615384615385,43.689320388349515,24.36974789915967,13.409961685823754,-37.37216284485562,226.63394495624132,79.41159762704939,4.452921641836445,4.455924599495419
AIBL1STIMF,AIBL 1st ISLAMIC Mutual Fund 2010- Units,6.2,-1.5873015873015817,5.0847457627118615,8.771929824561402,55.00000000000001,47.61904761904762,82.3529411764706,44.186046511627914,-31.11111111111111,-24.390243902439018,-19.48051948051948,7.110768725091418,7.313800308588605
AIL,Alif Industries Ltd.,31.8,-0.6249999999999978,7.43243243243243,-15.199999999999998,-2.453987730061352,-2.1538461538461515,-21.86732186732187,-41.436464088397784,-43.489499249760286,-71.20876931257177,-71.20876931257177,4.89231105108375,5.733641939104809
AL-HAJTEX,Alhaj Textile Mills Limited,81.7,1.2391573729863692,27.060653188180414,-11.002178649237466,-19.980411361410376,-32.92282430213464,-40.45189504373177,-49.5679012345679,23.413897280966765,3.4659368944222746,252.85241745991274,7.201018795780796,5.903385271084085
ALARABANK,Al-Arafah Islami Bank PLC,15.2,-1.9354838709677464,2.702702702702693,-16.93989071038252,2.702702702702693,-13.142857142857146,1.3333333333333286,-11.111111111111123,-37.01609201928735,19.76839977952433,-15.053050127452762,5.254968973235229,5.875805140351022
ALIF,Alif Manufacturing Company Ltd.,5.3,0.0,0.0,-7.017543859649129,-1.8518518518518616,-1.8518518518518616,32.49999999999999,-5.357142857142854,-74.27184466019418,-41.66123188756955,-68.61501094142304,3.8171262699564625,3.927281302546601
ALLTEX,Alltex Industries Limited,23.6,-1.2552301255230007,0.4255319148936231,-2.880658436213989,38.82352941176471,62.75862068965518,76.11940298507463,76.11940298507463,13.461538461538463,14.009661835748803,208.83950512049753,3.430681223990407,4.025737579101959
AMANFEED,Aman Feed PLC,31.0,-2.2082018927444773,1.639344262295082,-19.060052219321143,-6.0606060606060606,34.78260869565217,34.78260869565217,20.15503875968992,-55.714285714285715,-46.80185572205561,-7.557322674666386,2.959887389902853,4.949347090895813
AMBEEPHA,Ambee Pharmaceuticals PLC,759.7,-0.17082785808146578,1.3068409121216253,-2.7646230641238847,0.6625149065853981,-1.5294880103694044,5.5138888888888955,-6.5674578772598675,38.4545288864589,40.68518518518519,306.4378081327163,2.6324425982921156,3.1918898767106505
AMCLPRAN,Agricultural Marketing Co. Ltd.,215.7,0.9358914365933552,3.8517091959557055,-6.217391304347831,-0.41551246537396386,3.0085959885386737,6.623826000988619,-6.217391304347831,-28.100000000000005,-0.6448641179180128,75.36585365853657,2.221284333463287,2.310658440352739
ANLIMAYARN,Anlima Yarn Dyeing Ltd.,26.2,-0.7575757575757549,-5.07246376811595,-22.485207100591712,-18.885448916408663,30.348258706467647,25.961538461538456,19.634703196347036,-41.77777777777778,-11.486486486486493,30.999999999999993,8.379297834099669,9.011818339073121
ANWARGALV,Anwar Galvanizing Ltd.,118.4,2.77777777777778,3.8596491228070224,7.343608340888494,2.422145328719733,20.570264765784117,36.72055427251733,54.77124183006537,-52.1186254119091,220.51249792493198,1365.1999910805953,3.475975736066341,3.8016305297710273
AOL,Associated Oxygen Ltd,15.2,-3.797468354430389,-2.5641025641025665,-17.391304347826086,-18.27956989247313,-9.523809523809533,0.0,-3.7974683544303884,-72.48054147518336,17.100799365032618,17.100799365032618,4.832099026801012,4.2542340265771195
APEXFOODS,Apex Foods Limited,260.7,-0.9498480243161094,6.8004916018025385,-9.47916666666667,-2.5420560747663594,15.866666666666662,6.061838893409266,9.999999999999996,57.52265861027189,45.236768802228404,264.1061452513967,4.661361842842884,3.977965149915606
APEXFOOT,Apex Footwear Ltd.,215.1,-0.13927576601671837,3.1654676258992778,0.09306654257793794,7.335329341317359,14.536741214057498,19.966536530953697,15.894396551724139,23.974350401066165,7.361787448424736,61.41162201908555,2.1083504430529,2.015313415318418
APEXSPINN,Apex Spinning and Knitting Mills Ltd.,325.8,-0.7614986293024673,16.35714285714286,-5.565217391304344,-1.2727272727272694,70.66526977475118,81.00000000000001,113.3595284872299,123.30363262508567,207.64872521246457,365.42857142857144,6.987591402422391,6.329476958830355
APEXTANRY,Apex Tannery Limited.,91.8,-1.3963480128893633,4.555808656036446,-14.842300556586272,-7.645875251509063,36.40416047548291,54.02684563758388,19.220779220779217,-29.275808936825893,-37.037037037037045,25.581395348837216,4.447243456270885,5.03785130633463
APOLOISPAT,Appollo Ispat Complex Ltd.,2.8,-3.448275862068969,-6.666666666666672,-15.151515151515152,-17.647058823529413,-37.777777777777786,64.70588235294117,3.7037037037036904,-77.41935483870968,-78.7217074408389,-88.50471532082062,4.92610837438424,5.021572018929156
ARAMIT,Aramit Limited,180.0,-0.11098779134294597,3.507763082231164,-20.704845814977972,-2.227050516023897,5.882352941176471,-0.9356081452944351,-19.642857142857142,-57.63709108025417,-57.08154506437768,-15.09433962264151,6.607125187953756,5.98118831164818
ARAMITCEM,Aramit Cement Limited,11.1,0.909090909090906,0.9090909090909058,-9.016393442622949,-6.7226890756302575,-11.200000000000003,26.136363636363622,-9.756097560975618,-80.59440559440559,-67.91907514450867,-69.28623764703892,5.6170555108608164,7.9745628449941925
ARGONDENIM,Argon Denims Ltd.,21.7,3.33333333333333,3.8277511961722523,-6.06060606060607,14.21052631578947,29.166666666666657,23.29545454545453,9.595959595959588,-9.490415175319484,27.01926394468361,-43.72069514875697,3.2703237019623965,4.825413642426098
ASIAINS,Asia Insurance PLC,41.6,-0.47846889952152094,6.66666666666667,-8.57142857142857,-1.187648456057007,11.528150134048271,51.27272727272728,54.07407407407408,-53.36322869955157,201.44927536231884,25.87896283167537,4.102427124233991,4.55088292263745
ASIAPACINS,Asia Pacific General Insurance PLC,48.2,0.0,3.433476394849788,-7.485604606525909,6.63716814159292,36.93181818181818,52.53164556962026,50.62500000000001,-33.33333333333333,219.20529801324503,42.182890855457245,3.6127783984244104,4.302718836905049
ASIATICLAB,Asiatic Laboratories Ltd,105.4,-2.497687326549481,0.0,-13.606557377049176,-12.603648424543938,48.66008462623413,118.67219917012447,67.83439490445862,83.94415357766145,83.94415357766145,83.94415357766145,4.38690127852704,5.652030413329081
ATLASBANG,Atlas Bangladesh Limited,82.2,-0.3636363636363602,1.858736059479554,-8.666666666666664,14.644351464435147,22.68656716417911,44.973544973544975,39.322033898305094,-32.234130255564715,-15.981415890131181,-26.922003853468162,2.096332365564231,3.9826376818609406
AZIZPIPES,Aziz Pipes Limited.,74.0,-0.13495276653170624,1.092896174863384,-11.904761904761905,-7.384230287859832,52.892561983471076,58.11965811965813,47.11729622266403,-52.25806451612903,55.18885986382787,375.9125034759459,3.7934702509114393,5.1466447610002675
BANGAS,Bangas Limited,120.1,0.5862646566164058,2.6495726495726446,-10.239162929745902,-9.42684766214178,-4.984177215189882,-7.898773006134978,1.0092514718250534,-20.83058668424522,-21.055661442872356,-14.343162856149766,3.2685176985994118,3.3920458302830285
BANKASIA,Bank Asia PLC,16.9,-0.5882352941176554,1.1976047904191576,-2.873563218390805,-8.648648648648656,-16.271689841041198,-0.34510913272554017,6.607557683663608,-1.126716180737873,40.447939155572605,45.383491951382766,1.0700365962917813,1.6259058780495097
BARKAPOWER,Baraka Power Ltd.,9.7,0.0,-3.960396039603964,-11.818181818181824,19.753086419753085,18.29268292682927,42.647058823529406,-10.185185185185198,-67.00680272108843,-57.18662485902626,-57.25124901857297,2.6848393996774016,4.798570158132689
BATASHOE,Bata Shoe Co. (Bangladesh) Ltd.,884.8,-0.29299075952220227,1.004566210045657,-3.28997704667177,1.4446227929373892,5.837320574162674,10.036065166024118,1.689460981496372,-2.4476295479603136,-25.333333333333336,71.80582524271843,1.580991094051843,1.961487579460482
BATBC,British American Tobacco Bangladesh Co Ltd,227.5,-0.3067484662576637,1.0213143872113728,-5.91397849462366,5.324074074074074,1.066192803198581,-8.266129032258064,-19.469026548672566,-65.21406727828746,-18.06722525111722,144.33174712715606,1.7823192978814457,2.0266812076400504
BAYLEASING,Bay Leasing and Investment Ltd.,4.4,-2.2222222222222143,-6.382978723404252,-13.725490196078418,-8.333333333333321,-18.51851851851852,33.33333333333335,10.000000000000009,-86.68587893126511,-71.4237068713473,-83.23133068023486,4.465085638998685,4.710842693217692
BBS,Bangladesh Building Systems PLC,12.1,-1.62601626016261,5.217391304347823,-13.571428571428573,-23.899371069182394,5.217391304347823,31.521739130434792,7.079646017699105,-42.65402843601897,-49.9962621792725,-44.195828353337546,4.627689670058083,4.604598537920029
BBSCABLES,BBS Cables PLC,16.7,-0.5952380952381037,7.051282051282049,-16.91542288557215,-29.831932773109248,-11.640211640211637,9.868421052631579,-13.020833333333334,-74.46359210538965,-42.22952441033676,-42.22952441033676,3.4205420073569814,4.491453075063792
BDAUTOCA,Bangladesh Autocars Limited,179.3,0.27964205816554805,5.470588235294124,-18.425841674249316,-14.619047619047615,1.8750000000000064,41.18110236220473,43.55484387510008,-0.6097560975609725,446.88068483882563,730.5171079518344,4.90290023726052,5.311342540749797
BDCOM,BDCOM Online Ltd.,28.3,-0.7017543859649098,3.284671532846723,-8.41423948220064,-13.719512195121942,1.071428571428574,8.846153846153848,6.5053765903081295,15.558333891865285,56.95749901236713,135.33606176308626,3.665570409718028,3.9533657985094304
BDFINANCE,Bangladesh Finance PLC,11.7,-2.500000000000006,0.8620689655172383,-12.686567164179113,-10.687022900763361,-16.428571428571434,-10.000000000000004,-7.874015748031496,-81.8684211209696,21.510316151065645,-27.986539288239737,3.108848677400088,3.504061799922266
BDLAMPS,Bangladesh Lamps PLC,225.4,2.54777070063694,2.9693924166285974,-2.170138888888889,30.89430894308944,59.18079096045199,67.58364312267658,42.74857504749841,-2.436084221290563,28.013800319309237,100.98166650588134,3.0634013237890905,3.7086221053519113
BDTHAI,Bangladesh Thai Aluminium Ltd.,14.7,-0.6756756756756852,2.7972027972027873,-9.25925925925926,-26.865671641791053,30.088495575221227,31.250000000000004,14.843749999999988,-47.122302158273385,-23.703554923136803,-7.731209199482155,3.9798640704877966,4.93745903077097
BDTHAIFOOD,BD Thai Food & Beverage Ltd.,21.0,0.9615384615384581,-9.871244635193134,-13.580246913580249,-21.05263157894737,28.048780487804887,45.833333333333336,34.61538461538461,73.55371900826447,73.55371900826447,73.55371900826447,6.6919517574932454,4.876209823008475
BDWELDING,Bangladesh Welding Electrodes Ltd.,12.3,-0.8064516129032229,6.956521739130441,-9.558823529411757,-19.078947368421048,-23.124999999999996,-32.04419889502763,21.782178217821794,-46.05263157894737,18.314285645550747,-44.01652346393009,3.968157551996509,4.54186609151137
BEACHHATCH,Beach Hatchery Ltd,27.1,-2.8673835125447926,3.0418250950570367,-10.264900662251648,-16.35802469135802,-14.779874213836475,-42.09401709401709,-49.81481481481482,2.6515151515151625,160.5769230769231,20.063291412802435,3.6026131184096313,3.959234145032055
BEACONPHAR,Beacon Pharmaceuticals PLC,101.3,-0.3933136676499564,1.7068273092369508,-5.855018587360593,-6.377079482439931,-1.7458777885547985,-3.247373447946519,-17.440912795436027,-53.101851851851855,441.7112299465241,557.7922077922078,2.010102395142218,2.644812535521001
BENGALWTL,Bengal Windsor Thermoplastics PLC,21.3,-0.9302325581395315,5.970149253731339,-15.476190476190473,-12.704918032786876,18.333333333333336,22.413793103448292,10.362694300518134,-25.524475524475527,-52.95180727804229,-56.97328890038542,4.020328325153354,4.632268828176072
BERGERPBL,Berger Paints Bangladesh Ltd.,1461.7,-0.14346222161496852,0.18505825908156584,-2.8770764119601298,3.8139204545454577,3.843421426541641,5.843591600289648,1.1557093425605567,-21.413978494623652,32.09525100537708,456.83809523809526,1.3025517403893319,0.9907972158580095
BESTHLDNG,Best Holdings PLC,14.7,-2.000000000000005,-1.342281879194638,-1.342281879194638,-6.962025316455705,8.088235294117645,8.888888888888884,-17.877094972067038,-50.0,-50.0,-50.0,3.6175620590747726,3.8792185691619174
BEXIMCO,Bangladesh Export Import Company Ltd.,22.1,-1.3392857142857018,11.055276381909563,-11.599999999999996,-29.84126984126984,-79.92733878292462,-79.92733878292462,-79.92733878292462,-82.8111110681389,9.331250841798083,-44.351652419603155,4.1016333979224635,4.502591439455779
BGIC,Bangladesh General Insurance Company PLC,41.6,0.0,4.0000000000000036,1.463414634146345,7.772020725388601,30.000000000000004,34.62783171521036,30.817610062893085,-33.96825396825397,184.93150684931507,32.9073482428115,4.718276726454542,5.425914211461043
BIFC,Bangladesh Industrial Finance Company Ltd.,3.6,0.0,-7.692307692307688,-18.181818181818187,-18.181818181818187,-40.0,111.76470588235294,2.85714285714286,-54.43037974683545,-55.55555555555556,-82.32832557350474,5.964122016753593,6.3349492317720815
BNICL,Bangladesh National Insurance Company Ltd,151.9,-1.1711125569290717,14.210526315789478,33.245614035087726,27.647058823529417,179.74217311233886,237.55555555555554,256.5727699530517,1.2666666666666704,1068.4615384615386,310.5405405405405,8.960660641386736,7.227832778782445
BPML,Bashundhara Paper Mill Ltd.,25.5,-0.39062500000000555,2.0,-9.893992932862192,-9.574468085106382,-11.149825783972124,-1.544401544401539,-27.142857142857142,-50.29239766081871,-83.54838709677419,-83.54838709677419,3.3126410915678792,3.5433188568005707
BPPL,Baraka Patenga Power Ltd.,19.0,-1.041666666666663,4.3956043956043995,-9.952606635071096,-4.040404040404044,25.82781456953643,27.51677852348993,37.681159420289845,-58.78524945770065,-40.438871473354226,-40.438871473354226,2.969876272407296,3.4176635456981916
BRACBANK,BRAC Bank PLC,63.7,0.3149606299212643,2.5764895330112743,1.4331210191082893,-2.4502297090352134,3.6138860929943255,15.909837775296827,3.760647969615689,140.07710782227323,261.8988158885497,867.6273127838398,1.7440683720323564,1.396484634425934
BSC,Bangladesh Shipping Corporation,110.7,-0.8952551477170994,3.361344537815134,-3.739130434782606,-0.9838998211091183,1.0958904109589067,-1.4247551202137083,-2.466960352422905,121.8436873747495,159.92452912143918,121.66520730297087,2.2642671849432103,2.429057923310226
BSCPLC,Bangladesh Submarine Cables PLC,147.4,-1.0073875083948958,1.6551724137931074,-6.590621039290244,-0.47265361242403015,5.135520684736104,14.886983632112232,6.272530641672688,-31.88539741219963,24.703891708967856,236.76033813114003,2.0126186372030714,2.2358683659465544
BSRMLTD,Bangladesh Steel Re-Rolling Mills Ltd.,96.3,-0.41365046535677935,1.9047619047619018,-3.4102306920762344,2.4468085106382946,17.01093560145808,26.212319790301443,11.97674418604651,-9.91580916744622,-35.22901625058078,113.6254993559547,2.348242162145249,2.664125405726299
BSRMSTEEL,BSRM Steels Limited,86.8,0.34682080924855163,5.724725943970771,-7.855626326963912,9.873417721518985,25.79710144927536,36.69291338582676,33.53846153846153,22.25352112676056,-6.023622145290314,54.23692331551572,1.7894289822722034,2.745247652749997
BXPHARMA,Beximco Pharmaceuticals Plc,148.8,1.6393442622950858,0.40485829959515707,0.8813559322033976,-0.20120724346075317,27.179487179487186,44.466019417475735,29.166666666666675,-39.757085020242904,101.08108089086927,238.56885686402074,1.7577612685866915,2.1781359095649617
CAPITECGBF,CAPITEC GRAMEEN BDT10 (MUTUAL FUND) Units,9.2,1.098901098901095,9.52380952380951,-11.538461538461549,26.027397260273965,27.777777777777764,35.29411764705882,22.66666666666666,-36.11111111111112,-36.11111111111112,-36.11111111111112,5.366527362146124,5.003093023660818
CAPMBDBLMF,CAPM BDBL Mutual Fund 01 Units,7.2,-8.860759493670887,,-21.739130434782602,-26.530612244897963,-35.71428571428571,-28.71287128712871,-31.428571428571427,-38.46153846153845,-33.333333333333336,-33.333333333333336,8.090607544610037,6.690843608005435
CAPMIBBLMF,CAPM IBBL Islamic Mutual Fund Units,14.5,3.571428571428571,19.834710743801654,11.538461538461538,52.63157894736842,72.61904761904762,93.33333333333333,72.61904761904762,-29.611650485436897,45.0,45.0,3.2555520402933045,5.455812709166817
CENTRALINS,Central Insurance PLC,44.0,0.22779043280182557,5.515587529976012,-3.7199124726477084,3.773584905660381,10.831234256926944,8.1081081081081,7.579462102689489,-28.917609046849755,245.35264998287272,67.12198792731952,3.0843531558060895,3.6040037826009703
CENTRALPHL,Central Pharmaceuticals Ltd.,9.3,-1.0638297872340388,1.086956521739146,-12.264150943396215,3.333333333333341,1.086956521739146,5.681818181818182,-7.92079207920791,-47.752808988764045,-26.152187447683435,-72.82400506758317,4.511752359921617,4.60855041459029
CITYBANK,City Bank PLC,29.9,0.0,1.3559322033898258,-4.166666666666669,-1.967213114754103,10.208333018956989,40.92213071149094,36.4484123139747,66.08084084798962,140.5286995863882,194.5211479846488,0.936239366119729,1.381531400061963
CITYGENINS,City Insurance PLC,127.5,-0.5460218408736262,-0.23474178403755647,0.950118764845608,20.05649717514124,29.704984740590035,47.05882352941176,93.76899696048632,159.14634146341461,1086.7307673411287,431.831194436326,0.7341487949899195,1.0716206981749252
CLICL,Chartered Life Insurance PLC,42.3,-0.23584905660377695,-0.47058823529412436,-8.043478260869572,-20.78651685393259,-28.547297297297305,-24.193548387096776,-25.78947368421053,284.5454545454545,284.5454545454545,284.5454545454545,3.6489092051532004,3.99674325734753
CNATEX,C & A Textiles Ltd,2.8,-3.448275862068969,-3.448275862068969,-17.647058823529413,-12.50000000000001,-42.85714285714287,16.666666666666664,-9.677419354838719,-63.63636363636364,-63.33333335079365,-83.65118479916309,5.665024630541876,6.793263238642452
CONFIDCEM,Confidence Cement PLC,61.6,-0.8051529790660225,5.479452054794526,-5.084745762711871,-4.347826086956529,-3.749999999999998,24.69635627530365,3.8785834738617275,-56.715104946554625,35.7343272119248,14.872436465145839,2.776208842553358,3.182178992848488
CONTININS,Continental Insurance PLC,33.1,-1.488095238095238,5.414012738853512,-11.021505376344088,1.2232415902140628,37.34439834024896,36.77685950413224,23.04832713754648,-37.26534280345216,163.0821384592997,44.160790942857105,3.6283414316927196,4.261496467376466
COPPERTECH,Coppertech Industries Ltd,22.3,-2.1929824561403506,6.190476190476193,-14.885496183206103,-16.791044776119403,17.368421052631582,17.989417989418,3.720930232558143,-44.90588222201162,-13.949874349375001,-13.949874349375001,4.530497301033239,4.484362463614627
CROWNCEMNT,Crown Cement PLC,59.6,-0.33444816053510995,2.2298456260720485,-10.375939849624059,-0.9966777408637897,20.892494929006094,27.350427350427363,2.758620689655175,-27.9322853688029,-23.687580025608188,-26.237623762376234,5.092059330830325,5.769104767733355
CRYSTALINS,Crystal Insurance Company Ltd,72.2,5.555555555555551,23.630136986301377,6.020558002936871,-1.0958904109589003,-7.19794344473007,25.56521739130435,34.953271028037385,24.09374987590626,429.46666613720004,429.46666613720004,5.670631278926925,5.0334946535633955
CVOPRL,CVO Petrochemical Refinery PLC,155.7,0.7115135834411348,6.9368131868131835,-10.311059907834105,-5.6935190793458545,0.9073233959818388,5.559322033898297,-5.176613885505481,-35.001897596848245,-30.121840292605015,29.981695893267336,3.912663351967291,3.368443292443056
DACCADYE,Dacca Dyeing and Manufacturing Company Limited,15.9,0.632911392405061,3.921568627450978,-4.216867469879524,-3.0487804878048674,-9.14285714285714,-18.041237113402055,-18.46153846153846,-43.81625441696113,74.72527472527474,-43.39805831104408,3.3074473297403224,4.443461405443024
DAFODILCOM,Daffodil Computers PLC.,166.4,0.6654567453115512,1.835985312117503,-0.12004801920767626,4.0650406504065035,142.5655976676385,360.9418282548477,189.3913043478261,153.2724505327245,617.2413793103449,959.8726114649683,2.215719243401184,3.001515731105503
DBH,DBH Finance PLC,40.0,-0.7444168734491244,0.2506265664160437,-8.466819221967969,-1.2345679012345678,7.816711590296492,14.285714285714286,5.2631578947368425,-51.60930263791971,-42.7316044062831,16.63838366652248,2.657853566744817,3.0365639741208676
DBH1STMF,DBH First Mutual Fund Units,5.7,0.0,7.547169811320762,7.547169811320762,23.913043478260885,9.615384615384615,-12.307692307692305,-8.064516129032258,-31.325301204819283,-9.523809523809518,-22.972972972972975,5.1097819757204075,5.385753138516569
DELTALIFE,Delta Life Insurance Company Ltd.,70.8,-1.392757660167131,4.117647058823525,-7.450980392156866,-10.266159695817501,1.1428571428571388,4.424778761061947,-8.997429305912597,-55.6668753913588,-29.200000000000003,-97.89691309617167,3.2223607314748346,2.8544201383653904
DELTASPINN,Delta Spinners Limited,6.9,0.0,1.4705882352941255,-9.210526315789465,2.985074626865674,11.290322580645164,38.00000000000001,23.214285714285726,-40.51724137931034,7.038461401232748,-55.959411271767046,3.760199732066737,5.114373110380827
DESCO,Dhaka Electric Supply Co. Ltd.,22.6,0.44444444444445075,1.8018018018018114,-11.71875,-5.439330543933043,0.44444444444445075,10.243902439024398,-4.23728813559322,-43.92059553349875,-58.3793738489871,-66.00286524452005,1.7176222302369113,3.897550772845985
DESHBANDHU,Deshbandhu Polymer Limited,16.9,-2.3121387283237116,4.320987654320984,-17.560975609756103,-18.357487922705317,3.048780487804878,-0.5882352941176554,-19.52380952380953,-29.875518672199178,65.98214272376434,-21.95030370506162,4.034383880773104,4.386508614589869
DGIC,Desh General Insurance Company Ltd,37.7,5.602240896358543,28.23129251700682,7.714285714285722,33.21554770318022,87.56218905472637,91.37055837563454,66.8141592920354,-20.79831932773109,151.33333333333337,151.33333333333337,6.239614880710188,4.90288838275393
DHAKABANK,Dhaka Bank PLC,11.4,-0.8695652173913012,-3.3898305084745792,-7.317073170731709,-4.201680672268908,-11.627906976744185,0.8849557522123862,1.7857142857142954,-9.369999912088897,5.093910604842604,-10.985457905862821,1.743867004550822,1.7039470172453646
DHAKAINS,Dhaka Insurance Limited,44.4,-1.3333333333333366,6.987951807228913,-7.306889352818372,1.1389521640091116,16.535433070866134,23.33333333333333,21.643835616438352,-46.18181818181818,172.3926380368098,-6.847058898051766,4.1300496063761285,3.812151373185498
DOMINAGE,Dominage Steel Building Systems Ltd,66.1,9.983361064891835,6.270096463022494,6.612903225806442,-11.275167785234906,67.34177215189872,128.71972318339098,284.3023255813953,79.34108569534129,399.71599915048273,399.71599915048273,4.224901152262687,3.9416781886971206
DOREENPWR,Doreen Power Generations & Systems Ltd.,30.3,0.6644518272425225,4.844290657439455,-9.281437125748496,2.020202020202025,14.339622641509436,7.446808510638303,4.123711340206183,-54.91302462418687,-4.856054204504457,-23.779127879231627,3.374979548006576,3.739502872957444
DSHGARME,Desh Garments Limited.,157.5,6.203641267700599,2.272727272727273,-15.775401069518717,7.802874743326492,45.96848934198331,35.309278350515456,28.048780487804876,-39.63414640182927,53.05295753286204,1443.8385346738594,5.653972645502952,6.069893152482706
DSSL,Dragon Sweater & Spinning Ltd.,11.3,-0.8771929824561372,4.62962962962963,-7.377049180327858,4.62962962962963,31.395348837209315,32.94117647058824,8.653846153846157,-42.58870937832505,115.33036696633536,24.4309554926439,4.209312715104566,5.467749969902915
DULAMIACOT,Dulamia Cotton Spinning Mills Limited,183.9,-1.8152696209289938,5.085714285714289,-13.254716981132074,0.6568144499179076,44.80314960629922,36.22222222222223,36.728624535315994,185.11627906976744,2352.0,1898.913043478261,5.05250070250213,6.25408485516769
DUTCHBANGL,Dutch-Bangla Bank PLC,45.5,-1.7278617710583093,4.118993135011435,-4.612159329140467,5.813953488372093,11.363636628417032,23.769430361237045,14.294258658941386,-12.026015440881705,111.8538439774392,99.06956025079124,3.010486975742404,2.5615930212198217
EASTERNINS,Eastern Insurance PLC,60.0,-1.1532125205930852,3.2702237521514603,-9.774436090225564,2.739726027397263,16.959064327485386,19.760479041916163,23.966942148760335,-55.68685376661743,166.66666666666666,64.38356164383562,3.9028212820655774,4.179388774901491
EASTLAND,Eastland Insurance PLC,28.1,-1.0563380281690042,3.6900369003690034,-6.953642384105953,9.33852140077822,39.80099502487562,50.2673796791444,36.40776699029126,-35.84474885844748,95.75014113428438,-20.904153660638986,2.7667689723498747,3.3884928136494987
EASTRNLUB,Eastern Lubricants Blenders PLC,1976.9,-0.5333333333333288,-0.6333249560190957,-2.375308641975304,9.281370923161973,18.37724550898204,19.018663455749554,20.220140483939705,65.76567906005378,235.61911721248396,1544.5336742881248,1.598874355937565,2.684969475631834
EBL,Eastern Bank PLC,22.8,-0.8695652173913012,-2.1459227467811157,-4.999999999999997,-8.064516129032258,-13.02222254404,-3.7540987330169235,-7.17786596742689,-12.691809159445091,60.661869401898365,72.48271836637443,1.8537599505371407,2.0506867805177826
EBL1STMF,EBL First Mutual Fund Units,4.5,-2.173913043478253,0.0,0.0,12.5,9.756097560975618,45.16129032258064,9.756097560975618,-48.275862068965516,2.8076917699289887,-34.36800233008177,7.425651867512328,6.327311434406848
EBLNRBMF,EBL NRB Mutual Fund,3.6,0.0,2.85714285714286,-2.702702702702705,16.129032258064516,12.499999999999996,56.5217391304348,12.499999999999996,-48.57142857142857,-28.183050917935613,-47.59996012822744,5.243697478991601,5.485367033575793
ECABLES,Eastern Cables Ltd.,120.6,-0.33057851239669894,-7.159353348729801,-15.070422535211272,-3.2102728731942216,4.869565217391299,7.582515611061552,-10.000000000000004,-22.193548387096776,-12.145695541692481,190.68924243782402,4.681696773212111,4.6738576568862324
EGEN,eGeneration PLC,22.8,-0.8695652173913012,4.587155963302752,-14.285714285714286,-12.307692307692305,5.069124423963141,15.15151515151515,-10.937500000000002,-62.43822075782538,52.00000000000001,52.00000000000001,3.8217048868720007,4.0874024203222135
EHL,Eastern Housing Ltd.,84.6,-0.704225352112686,4.573547589616797,-8.836206896551726,-4.729729729729733,11.609498680738783,15.573770491803266,-0.11806375442740086,39.14473684210526,145.38674094495858,116.40719363572595,2.8959728839207513,3.254775692695479
EIL,Express Insurance Ltd.,32.2,0.0,7.692307692307707,-4.733727810650871,7.692307692307707,18.81918819188192,14.184397163120579,-1.5290519877675839,-15.706806282722512,114.66666666666669,114.66666666666669,2.7144670448361565,3.702952333676623
EMERALDOIL,Emerald Oil Industries Ltd.,26.8,0.37453183520599787,3.875968992248062,-4.626334519572955,19.111111111111114,63.414634146341484,86.11111111111111,48.88888888888889,-36.94117647058823,-27.389162642056345,-37.6384616667824,5.413453383298572,5.542521951385352
ENVOYTEX,Envoy Textiles Ltd.,70.2,-2.904564315352689,3.0837004405286472,7.339449541284399,37.109375,37.37769080234834,44.742268041237125,20.205479452054803,59.545454545454554,103.25387313002045,56.66996561539715,4.131763893847994,5.540184900280533
EPGL,Energypac Power Generation PLC,16.8,-0.5917159763313483,0.5988023952095893,-12.953367875647668,-11.57894736842105,1.8181818181818226,7.6923076923077,-13.846153846153843,-67.93893129770991,-63.87096774193548,-63.87096774193548,3.000766284978345,3.6014256679588645
ESQUIRENIT,Esquire Knit Composite PLC,23.5,-0.423728813559328,5.855855855855858,-7.114624505928856,-2.8925619834710714,15.763546798029553,14.077669902912614,-15.162454873646208,-39.743589743589745,-50.31712473572938,-50.31712473572938,3.195916667836682,4.3038833412586035
ETL,Evince Textiles Ltd.,14.9,2.758620689655175,12.878787878787888,11.194029850746269,12.030075187969922,58.51063829787234,49.00000000000001,41.90476190476191,23.1404958677686,45.61884687073895,14.153467876244992,4.736475101460817,5.333246366332981
EXIM1STMF,EXIM Bank 1st Mutual Fund 2013- Units,7.0,-4.109589041095888,-2.7777777777777803,2.941176470588238,100.0,112.12121212121212,150.0,70.73170731707319,-6.666666666666667,21.637681435308654,-10.210735839104899,8.35554209772057,7.240959846734397
FAMILYTEX,Familytex (BD) Ltd.,2.3,-4.1666666666666705,0.0,-11.538461538461549,-14.814814814814827,-45.23809523809524,76.9230769230769,21.052631578947366,-61.666666666666664,-67.53003022213024,-92.97651973839928,5.2173913043478315,7.129983968485115
FARCHEM,FAR Chemical & Textile Ind. PLC,15.9,-1.242236024844727,8.9041095890411,-16.31578947368421,-12.637362637362632,9.655172413793105,9.655172413793105,-24.64454976303318,-0.6249999999999978,-1.947953570446766,-29.456999915348398,5.5176663723498285,7.040369901527772
FAREASTLIF,Fareast Islami Life Insurance Company Limited,17.5,-2.234636871508372,-5.405405405405405,-16.666666666666668,-25.53191489361702,-23.245614035087723,-15.865384615384617,-36.594202898550726,-76.12551159618009,-65.57377035409836,-77.74566467299275,6.787218294785781,6.152272672823449
FBFIF,First Bangladesh Fixed Income Fund Units,3.5,-2.77777777777778,0.0,-2.7777777777777803,12.90322580645161,9.374999999999995,34.615384615384606,9.374999999999995,-40.67796610169492,-34.61111118563369,-53.336565802747046,4.621848739495802,5.417410345318357
FEDERALINS,Federal Insurance PLC,28.0,-0.7092198581560258,7.6923076923076925,-9.67741935483871,4.868913857677905,43.58974358974359,45.83333333333334,28.440366972477058,-29.292929292929298,221.07712568982058,45.053404371462946,3.1948860192690596,3.8411075701418675
FEKDIL,Far East Knitting & Dyeing Industries PLC.,21.8,-1.8018018018017956,-0.9090909090909058,-10.655737704918025,32.121212121212125,55.71428571428572,53.52112676056339,7.920792079207928,26.011560693641616,27.4057393108598,-8.36587224430185,4.776043841139809,5.780269429355672
FINEFOODS,Fine Foods Limited,439.8,0.5946935041171141,2.25528946756568,1.0105649977032694,-14.601941747572814,-6.0055567428937735,15.675960021041563,46.60000000000001,711.4391143911439,5526.61902028281,2753.3634009410434,3.640611316402348,3.5408623224521363
FIRSTFIN,First Finance Ltd.,4.3,-6.52173913043478,-2.2727272727272845,-20.37037037037038,2.3809523809523725,-17.307692307692314,71.99999999999999,104.76190476190474,-46.25,-30.222727318082505,-87.3745038936459,6.4904862579281115,8.386959647957028
FORTUNE,Fortune Shoes Ltd.,15.5,0.0,1.3071895424836555,-11.931818181818189,-4.907975460122704,1.3071895424836555,11.510791366906473,0.0,-77.36589392617485,-40.93900121746819,-40.93900121746819,3.001049120097008,4.648767822695665
FUWANGCER,Fu-Wang Ceramic Industry Ltd.,12.7,-0.7812500000000111,4.0983606557377055,-20.12578616352202,-16.447368421052634,8.547008547008547,10.434782608695645,-5.925925925925931,-43.80530973451328,8.357050949825782,-16.618520537172227,3.9598074434244173,4.7184096959568524
FUWANGFOOD,Fu-Wang Foods Limited,9.5,-2.0618556701030855,1.0638297872340388,-15.929203539823012,-18.8034188034188,-8.653846153846157,-15.178571428571425,-34.02777777777778,-54.32692307692307,-7.02573554651543,-42.975784644139445,3.3621191743341736,4.70971487688077
GBBPOWER,GBB POWER Ltd.,13.1,-2.9629629629629655,-7.746478873239435,-4.379562043795618,57.8313253012048,45.55555555555555,104.68749999999997,92.64705882352942,-72.12765957446808,-0.32608670733695533,-50.41300941997209,4.867379104615051,7.086541890396412
GEMINISEA,Gemini Sea Food PLC,107.0,-1.0175763182238615,-0.9259259259259259,-12.295081967213115,-9.245122985581004,-12.295081967213115,-21.726408193123625,-36.68639053254438,20.03755728361212,-8.724014604529593,503.90165166988845,3.4744902517363436,4.000872312534937
GENEXIL,Genex Infosys PLC,34.0,-2.0172910662824286,2.7190332326283944,-12.596401028277633,-1.1627906976744145,25.000000000000004,26.394052044609673,39.344262295081975,-69.79296493523391,1.6147163610998385,1.6147163610998385,4.038208334436365,3.8926003505463487
GENNEXT,Generation Next Fashions Ltd.,2.9,0.0,0.0,-6.451612903225812,-6.451612903225812,-32.55813953488372,7.407407407407397,-6.451612903225812,-61.84210526315789,-48.39705890852249,-86.98274201157395,4.975369458128084,5.51902509730548
GHAIL,Golden Harvest Agro Industries Ltd.,12.8,0.0,7.563025210084036,-11.111111111111109,-21.47239263803681,14.285714285714299,19.62616822429908,0.0,-36.63366336633663,-10.727210466349653,-65.30264250428495,2.883813010228981,4.456011182078298
GHCL,Global Heavy Chemicals Ltd.,19.8,0.0,-3.883495145631071,-13.157894736842104,3.1250000000000075,2.061855670103104,-0.5025125628140596,-12.389380530973453,-52.40384615384615,-50.12594458438287,-76.0,4.381442456111161,5.688731895176547
GLDNJMF,ICB AMCL CMSF GOLDEN JUBILEE MUTUAL FUND,9.6,4.347826086956526,10.3448275862069,6.6666666666666625,47.692307692307686,49.999999999999986,57.37704918032787,37.14285714285713,-12.72727272727273,-12.72727272727273,-12.72727272727273,7.110136244217472,5.927949945861621
GLOBALINS,Global Insurance PLC,45.5,-1.3015184381778773,3.881278538812792,-6.37860082304527,21.333333333333332,71.05263157894736,78.43137254901961,73.66412213740458,-23.01184433164129,369.6581123461511,92.0967825438001,3.3436449041622804,4.073453533293221
GOLDENSON,Golden Son Limited,12.4,-0.7999999999999973,5.0847457627118615,-15.646258503401354,-24.390243902439018,8.771929824561402,22.77227722772278,-0.7999999999999972,-29.54545454545455,-44.64285714285714,-68.68686868686869,4.100016352725195,4.640142184869898
GP,Grameenphone Ltd.,240.9,-0.41339396444811904,1.6455696202531669,-2.7059773828756013,-5.5294117647058805,-4.0621266427717995,-7.346153846153844,-19.78021978021978,-37.24928366762177,-8.749999999999998,40.384615384615394,0.7249881654276966,1.0977628015079097
GPHISPAT,GPH Ispat Limited,16.4,-0.6060606060606146,6.493506493506482,-9.39226519337018,-6.818181818181833,-1.796407185628747,1.863354037267063,-19.607843137254903,-66.23215610071549,-29.03755147235243,-12.423726933502376,3.2573098833249268,3.9137846074087874
GQBALLPEN,G.Q. Ball Pen Industries Limited,592.8,-1.3315579227696406,4.292751583391974,11.912403247120993,-0.2859545836837755,13.781190019193849,32.41009604645968,28.256166161834695,347.3962264150943,759.1304347826086,336.999998689,4.059403324229699,4.626523186660428
GRAMEENS2,Grameen Mutual Fund One - Grameen Two Units,13.0,5.6910569105691,11.111111111111116,-2.2556390977443663,3.1746031746031775,0.0,19.266055045871557,2.3622047244094544,-25.714285714285715,36.565656841546776,-29.004566290312646,3.6843130940863,2.8325489980459566
GREENDELMF,Green Delta Mutual Fund 2010 Units,5.2,6.122448979591832,18.181818181818176,8.333333333333341,44.44444444444444,44.44444444444444,73.33333333333334,40.54054054054054,-36.58536585365852,-22.388059701492537,-27.77777777777778,6.545788459698612,6.980824153602669
GREENDELT,Green Delta Insurance PLC,65.1,-1.063829787234047,6.721311475409827,-8.951048951048959,2.197802197802184,24.95201535508636,21.455223880597,32.31707317073169,-43.24324324324325,67.3494564334259,24.87748049311559,3.8296310339778588,4.321790741803609
GSPFINANCE,GSP Finance Company PLC,3.5,0.0,2.941176470588238,-7.894736842105259,-5.40540540540541,-32.69230769230769,118.75,34.615384615384606,-85.1284585290306,-66.94931115286873,-75.93809696227954,5.782446311858081,6.058119650003771
HAKKANIPUL,Hakkani Pulp & Paper Mills PLC,70.9,-0.8391608391608312,4.726735598227478,-11.152882205513773,-9.450830140485301,-5.466666666666659,4.726735598227478,-6.955380577427818,-14.783653846153843,40.67460317460319,281.18279569892474,3.8173434298652107,3.785537117915016
HAMI,Hami Industries PLC,151.6,-0.8502289077828721,5.277777777777774,-5.131414267834804,3.6935704514363925,2.29419703103914,40.89219330855019,33.68606701940034,-13.32189822755861,-13.32189822755861,-13.32189822755861,4.766042156473487,4.790107415691566
HEIDELBCEM,Heidelberg Materials Bangladesh PLC,208.2,-0.5730659025788047,2.309582309582304,-4.09949332105021,-7.177886758805181,-16.720000000000002,-4.888076747373238,-15.089722675367048,-41.69700364043686,-61.86813186813187,-21.13636363636364,2.2888641232333455,3.09509535023164
HFL,Hamid Fabrics PLC,12.4,2.4793388429752126,-7.462686567164179,-21.01910828025477,-16.778523489932887,20.388349514563103,90.76923076923077,51.21951219512197,-40.38461538461538,-29.14285714285714,-78.33610643691739,4.24151043110704,6.466587775258256
HRTEX,H.R. Textile Mills Ltd.,16.9,-1.1695906432748704,3.048780487804878,-16.748768472906413,-19.52380952380953,-17.9611650485437,-7.650273224043728,-31.30081300813009,-77.86904764117857,-20.214592343163442,-40.12423303314334,5.100980771712479,4.878770089017714
HWAWELLTEX,Hwa Well Textiles (BD)PLC,45.3,-0.4395604395604458,0.4434589800443364,-8.48484848484849,3.8990825688073296,6.338028169014073,1.5695067264573894,-11.867704280155644,-3.4115138592750562,37.272727272727266,13.249999999999995,3.314739090631674,3.902865676652503
IBNSINA,BN SINA Pharmaceutical Industry PLC,315.4,-0.03169572107766172,2.071197411003229,-0.536108483128365,-0.9733124018838376,-1.437500000000007,0.12698412698411976,1.5780998389693968,15.531135531135524,61.059365034204596,426.53769559864344,1.2992410699235482,1.5265569811115853
IBP,Indo-Bangla Pharmaceuticals Ltd.,15.4,-0.6451612903225784,6.20689655172414,-11.494252873563209,0.0,18.461538461538463,37.500000000000014,17.557251908396953,-25.530516718265297,-41.21542830049015,-41.21542830049015,4.771521068821839,5.148895879222764
ICB,Investment Corporation of Bangladesh,39.7,-1.243781094527363,-1.488833746898249,-8.101851851851851,-13.695652173913038,3.116883116883124,8.767123287671241,-19.959677419354836,-68.83506569153705,-50.084231965857484,-63.70367768033433,2.6594440068815137,3.936085220908795
ICB3RDNRB,ICB AMCL Third NRB Mutual Fund 2010 Units,6.4,3.2258064516129057,14.285714285714299,12.280701754385968,36.17021276595745,28.000000000000007,56.097560975609774,42.22222222222223,-9.859154929577455,39.13043478260871,-9.859154929577455,4.734688808459304,4.744497846784594
ICBAGRANI1,ICB AMCL First Agrani Bank Mutual Fund Units,8.4,-1.17647058823529,9.090909090909092,1.2048192771084294,21.73913043478261,16.666666666666668,31.25,20.000000000000004,-9.677419354838712,-2.325581395348829,-2.325581395348829,5.851404114492901,4.572064978809856
ICBAMCL2ND,ICB AMCL Second Mutual Fund Units,9.6,9.09090909090908,27.999999999999996,23.076923076923073,54.838709677419345,57.37704918032787,71.42857142857143,59.99999999999999,-31.914893617021278,108.69565217391305,26.315789473684212,6.040411873745205,6.180400470289248
ICBEPMF1S1,ICB Employees Provident Mutual Fund One Scheme One Units,6.7,1.5151515151515234,15.51724137931035,4.687499999999997,6.349206349206355,21.81818181818182,97.05882352941177,45.65217391304349,-14.102564102564099,19.642857142857153,-19.277108433734945,7.231060993930487,7.7019077664164595
ICBIBANK,ICB Islamic Bank Limited,2.5,0.0,0.0,-3.8461538461538494,-13.79310344827586,-28.571428571428573,4.1666666666666705,8.695652173913052,-63.76811594202899,-37.5,-66.66666666666667,4.80512820512821,5.590097037465464
ICBSONALI1,ICB AMCL Sonali Bank Ltd 1st Mutual Fund 2013- Units,8.2,0.0,22.388059701492523,34.42622950819672,60.784313725490186,60.784313725490186,95.23809523809521,60.784313725490186,-3.5294117647058907,36.66666666666666,-31.66666666666667,6.415854693544567,6.701181896611553
ICICL,Islami Commercial Insurance PLC.,38.5,5.191256830601089,8.75706214689266,2.941176470588239,33.21799307958478,83.33333333333333,71.87500000000001,79.06976744186046,163.6986301369863,163.6986301369863,163.6986301369863,4.182087838343225,3.684677732787503
IDLC,IDLC Finance PLC.,42.9,-0.23255813953488702,2.1428571428571397,-5.506607929515419,5.147058823529416,8.804348098097831,25.824022660928758,14.910714572991063,-31.50053396483416,5.520820838427015,-9.264628967236748,2.179833375024365,2.7347700159418475
IFADAUTOS,IFAD Autos PLC,23.3,0.4310344827586268,3.0973451327433597,-4.508196721311467,-8.267716535433062,7.373271889400929,7.373271889400929,-4.897959183673467,-55.750449365201604,-52.133565637260844,32.54215662427352,2.3668122381778725,3.5957558444193465
IFIC,IFIC Bank PLC,4.9,-1.9999999999999927,6.521739130434798,2.0833333333333446,-3.921568627450967,-16.94915254237288,4.255319148936174,-12.499999999999988,-65.81909718960794,-32.5552564529527,-53.88143595220322,6.610312635692569,4.67746244146239
IFIC1STMF,IFIC Bank 1st Mutual Fund Units,4.3,4.87804878048781,7.499999999999996,-2.2727272727272845,19.444444444444436,19.444444444444436,71.99999999999999,30.303030303030305,-34.848484848484844,7.967391377108455,-33.37621952564176,5.490306441525958,6.340467776147804
IFILISLMF1,IFIL Islamic Mutual Fund - 1 Units,6.1,1.6666666666666607,15.094339622641508,12.96296296296295,48.78048780487805,38.63636363636362,79.41176470588235,45.23809523809522,-10.294117647058826,-8.955223880597023,-3.1746031746031775,4.623447359737509,3.8522006012951673
INDEXAGRO,Index Agro Industries Ltd,69.4,2.9673590504451037,7.763975155279502,-7.343124165554071,-2.528089887640445,7.264296754250391,3.736920777279521,-8.912499772281247,-42.30403786290898,-2.8399997570999975,-2.8399997570999975,3.240060050453061,3.94064362419728
INTECH,Intech Ltd.,24.2,-0.8196721311475381,6.140350877192976,-7.98479087452472,-27.76119402985075,-42.38095238095238,-23.659305993690854,-30.259365994236322,-40.24691358024691,144.19999999778,98.62956630576998,4.911677076752946,5.196506020255098
INTRACO,Intraco Refueling Station PLC,21.5,-2.272727272727273,-4.867256637168148,-5.7017543859649145,3.8647342995169116,14.973262032085564,4.878048780487805,-15.354330708661413,-4.049587216169654,-53.760172430321454,-53.760172430321454,2.9246741855798115,2.423051690620138
IPDC,IPDC Finance PLC,33.3,-0.5970149253731428,4.71698113207546,-1.4792899408284026,13.265306122448976,82.10937545527341,83.06282763246963,67.29665109392069,-8.206962057848088,124.3844267957505,537.0512069661124,3.514390356710008,4.163683459042819
ISLAMIBANK,Islami Bank Bangladesh PLC,26.9,0.0,-1.102941176470591,-6.59722222222223,-20.64896755162242,-35.02415458937198,-18.484848484848488,-35.18072289156627,-10.333333333333337,-12.944983818770227,-31.186046580441865,2.187119958294758,2.5911514937888014
ISLAMICFIN,Islamic Finance & Investment PLC,10.9,0.0,0.9259259259259226,-4.385964912280701,1.8691588785046829,-4.385964912280701,14.736842105263161,49.3150684931507,-66.76829268292684,-15.144597338993584,-40.23093989471919,1.834955055138536,3.0390414633827203
ISLAMIINS,Islami Insurance Bangladesh Limited,64.0,0.4709576138147522,6.135986733001664,0.4709576138147522,6.666666666666667,68.86543535620054,70.66666666666667,54.58937198067633,-12.087912087912086,405.192901116815,239.82531617323525,3.6864145133033768,4.108400409611863
ISNLTD,Information Services Network Ltd.,56.5,9.922178988326852,35.16746411483254,-6.6115702479338845,-3.9115646258503354,-30.332922318125767,-27.93367346938776,-44.11473788328387,18.697478991596636,373.87096865910513,273.92727420938445,7.9465482632461475,6.135994156351797
ITC,IT Consultants PLC,44.4,-0.8928571428571397,3.0162412993039376,-6.131078224101478,4.964539007092203,15.625,15.324675324675322,0.9090909090909058,5.213270142180084,41.99006344837498,51.13105465251949,2.6784797137936556,2.8222937746097223
JAMUNABANK,Jamuna Bank PLC,23.2,-0.42918454935622924,2.6548672566371585,-5.306122448979594,-2.9288702928870265,-1.276595744680854,9.952606635071078,9.433962264150944,23.249470112012535,170.88540071341149,98.25504844923117,1.910031996988515,1.8196673401939978
JAMUNAOIL,JAMUNA OIL PLC,178.9,-0.38975501113585115,2.3455377574370675,-0.05586592178770632,1.359773371104819,3.4104046242774597,5.732860520094573,-3.609913793103442,-3.713670613562974,-9.187817258883246,11.432615967331241,1.1203421769599724,1.043439974281526
JANATAINS,Janata Insurance PLC,32.9,-0.6042296072507639,8.580858085808574,-8.356545961002785,-6.000000000000004,29.52755905511811,35.3909465020576,31.07569721115537,-34.44014572000369,281.557452761784,-82.40433133867336,3.2244664991985417,4.377699929365802
JHRML,JMI Hospital Requisite Manufacturing Ltd,43.1,-0.23148148148148476,3.1100478468899624,-16.472868217054263,-14.314115308151084,-1.5981735159817256,2.1327014218009444,-22.061482820976483,95.9090909090909,95.9090909090909,95.9090909090909,3.1480877629549076,3.5371161020530333
JMISMDL,JMI Syringes & Medical Devices Ltd.,129.6,-1.0687022900763403,2.4505928853754897,-7.4285714285714315,-7.823613086770981,5.96892886345053,9.830508474576268,-7.4285714285714315,-55.59183687710434,7.016393103705209,274.2165593336719,4.7393982398538395,4.484608991250966
JUTESPINN,Jute Spinners Limited,204.9,-0.7748184019370432,0.44117647058823806,-9.616232906925445,-6.821282401091405,-5.619530170428369,4.969262295081976,-5.576036866359445,18.92048752176436,242.07011686143574,208.1203007518797,1.8196526696320205,3.0311736033520322
KARNAPHULI,Karnaphuli Insurance PLC,53.3,-3.090909090909096,1.3307984790874443,-9.199318568994899,43.66576819407007,82.53424657534246,87.01754385964911,77.07641196013287,12.92372881355931,429.398651324258,95.25763594998544,3.476276849762106,4.604799656390657
KAY&QUE,Kay and Que (Bangladesh) Ltd.,380.2,-2.3876765083440334,9.916160740098297,-8.517805582290672,-12.517257248044187,-15.847720230190353,0.7419183889772155,16.81507201987084,33.37121043436784,1418.132295422779,1814.1668069398847,4.22022438580829,3.8785441482806124
KBPPWBIL,Khan Brothers PP Woven Bag Industries Ltd,39.9,5.277044854881266,41.48936170212766,3.6363636363636327,-6.993006993006993,-19.393939393939394,-16.875000000000004,-73.29317269076304,167.78523489932886,100.48518520251106,19.203371967386175,7.846901761534879,5.7438914620668555
KDSALTD,KDS Accessories Ltd.,44.5,-1.1111111111111112,2.2988505747126435,-8.436213991769549,-12.573673870333986,12.090680100755659,8.272506082725057,-6.708595387840677,-36.42857127418367,-26.951280529836545,-14.71805506712371,2.9023809978369366,3.2060279721172855
KEYACOSMET,Keya Cosmetic Ltd.,5.5,3.7735849056603805,10.0,-3.5087719298245643,7.8431372549019684,-1.7857142857142796,22.22222222222222,17.021276595744677,-38.20224719101124,-28.10485437970933,-64.81287515476889,4.65541990381058,5.4362310859743594
KOHINOOR,Kohinoor Chemical Company (Bangladesh) PLC,523.1,-0.13363879343259485,0.9066358024691447,-6.83882457702582,2.689438555162946,0.9845559845559889,4.6409281856371365,4.600981535310054,59.95342232175387,314.04920480488784,1032.4279304815686,1.4898041648025164,1.9679295695285013
KPCL,Khulna Power Company Ltd.,10.5,-0.943396226415091,0.9615384615384581,-8.695652173913043,-1.8691588785046664,-6.249999999999994,0.0,-4.545454545454546,-78.70182555780933,-82.31240430469573,-75.69639274987064,3.044025157232708,4.191421089424069
KPPL,Khulna Printing & Packaging Ltd,12.8,-2.2900763358778544,5.785123966942158,-14.093959731543622,-16.33986928104575,-19.496855345911946,-19.999999999999996,-13.513513513513512,-15.231788079470192,39.13043478260871,-62.84960425986452,4.326848539057838,4.66241554681489
KTL,Kattali Textile Ltd.,12.8,-0.7751937984496096,4.0650406504065035,0.0,24.271844660194173,31.958762886597953,10.344827586206907,-3.7593984962406015,-55.24475524475524,-33.091840423598235,-33.091840423598235,2.6775359911406413,4.779409067252275
LANKABAFIN,LankaBangla Finance PLC,14.5,-1.3605442176870701,0.0,-15.697674418604649,-10.493827160493824,-5.228758169934645,17.88617886178861,-13.690476190476193,-66.89497716894977,-24.42836469756072,-49.3597380376315,2.9131160573824584,3.193599556412657
LEGACYFOOT,Legacy Footwear Ltd.,68.9,-2.130681818181818,0.43731778425657636,-5.874316939890706,3.453453453453471,15.798319327731102,27.12177121771218,9.888357256778313,-11.553273427471115,175.81803691636276,339.98281183198765,3.7825979043718854,3.2991321146070307
LHB,LafargeHolcim Bangladesh PLC,53.5,-0.37243947858473525,4.901960784313726,-3.2549728752260347,-2.3722627737226225,1.3257575757575812,13.588110403397025,0.9433962264150944,-34.27518427518428,-32.278481012658226,636.1120974287043,2.0911394754416053,2.2741688406246507
LIBRAINFU,Libra Infusions Ltd.,575.9,0.38347568415547006,1.9292035398230047,-5.867930696305979,-9.874804381846639,-11.914958702967267,-9.449685534591199,-24.58093242535359,-12.02260966649262,58.94204215746434,388.9716976057841,1.3610185073978247,2.7557633866261293
LINDEBD,Linde Bangladesh Limited,680.2,-0.1028051108826453,0.919881305637989,-2.4103299856527913,-2.8424510784173656,-14.116161616161612,-10.382081686429506,-25.571725571725565,-58.14153846153846,-53.24443222436073,31.94956353055287,1.3659376998609982,1.2148047626674106
LOVELLO,Taufika Foods and Lovello Ice-cream PLC,54.7,3.2075471698113263,27.2093023255814,-14.664586583463326,-20.953757225433524,-20.60957910014514,-19.794721407624632,-39.15783883094544,78.97592093035158,321.19000055175894,321.19000055175894,6.943009186195513,6.869820149344723
LRBDL,Lub-rref (Bangladesh) Ltd,13.4,-2.898550724637684,7.200000000000002,-14.102564102564099,11.66666666666667,26.415094339622648,35.35353535353535,-4.964539007092194,-72.98387096774194,-66.91358024691358,-66.91358024691358,5.661523868609578,5.139633248020642
LRGLOBMF1,LR Global Bangladesh Mutual Fund One Units,4.7,0.0,9.302325581395358,4.444444444444448,38.235294117647065,34.28571428571429,67.85714285714288,34.28571428571429,-48.35164835164835,-26.562500000000004,-48.91304347826086,5.019713949847867,6.29099108548687
MAGURAPLEX,Magura Multiplex PLC,81.9,-0.36496350364963154,2.5031289111389237,-9.502762430939221,-6.8259385665529,-1.0869565217391202,-2.3837902264600714,-18.01801801801802,-50.777963488401326,358.30051609254696,358.30051609254696,2.9312715875578625,3.3003677847886794
MAKSONSPIN,Maksons Spinning Mills PLC,5.7,-1.7241379310344769,0.0,-10.937500000000002,-3.3898305084745792,-17.39130434782609,21.27659574468085,-17.39130434782609,-82.01892744479495,-16.874999792187495,-64.69522455170095,3.8477549806720175,5.043525436041201
MALEKSPIN,Malek Spinning Mills PLC,47.0,-0.423728813559328,3.7527593818984615,-4.665314401622712,54.09836065573771,72.16117216117216,62.62975778546714,41.993957703927485,30.555555555555557,179.76190476190476,88.0,3.596570335635237,5.365046560735633
MARICO,Marico Bangladesh Limited.,2655.3,0.04144374952906201,-0.5393864479154825,-2.7362637362637297,-3.541848299912816,-4.862056610533853,0.08292186498813739,-6.272502647370272,13.015535220259638,116.75918367346941,607.1371504660453,0.9081329852325881,0.9771181375905202
MATINSPINN,Matin Spinning PLC,59.7,-1.3223140495867722,-6.718749999999996,-12.719298245614038,14.149139579349916,25.684210526315795,28.38709677419355,5.851063829787242,0.16778523489933123,51.522842639593925,32.66666666666667,5.445792902205114,4.396492670440102
MBL1STMF,MBL 1st Mutual Fund 2010- Units,10.6,0.952380952380949,15.21739130434783,21.83908045977012,165.0,146.51162790697674,211.7647058823529,140.90909090909088,27.710843373493958,55.88235294117647,53.62318840579709,6.722381130041875,6.275556606523443
MEGCONMILK,Meghna Condensed Milk Industries Ltd.,33.4,1.8292682926829311,3.0864197530864197,-2.33918128654972,-7.988980716253441,7.395498392282949,131.94444444444443,77.6595744680851,39.7489539748954,370.4225352112676,251.57894736842104,6.388052361875779,6.898966270794088
MEGHNACEM,Meghna Cement Mills PLC,28.5,-1.7241379310344827,-0.3496503496503546,-5.940594059405942,-13.373860182370818,-13.109756097560968,-2.730375426621163,-41.95519348268839,-64.82695868945414,-65.47762947155556,-61.41617411169397,6.9232945340452225,5.789414355453804
MEGHNAINS,Meghna Insurance PLC,36.2,0.0,8.383233532934145,-8.585858585858583,7.738095238095241,34.07407407407408,28.825622775800714,41.40625000000001,229.09090909090912,229.09090909090912,229.09090909090912,3.374917870685289,4.363515196898827
MEGHNALIFE,Meghna Life Insurance PLC,50.8,-1.3592233009708794,-4.3314500941619665,-10.877192982456144,-14.189189189189198,-4.690431519699812,0.0,-12.41379310344828,-46.97854806516516,34.68083813123147,-22.001260160231208,4.771742547400485,4.992042883387377
MEGHNAPET,Meghna Pet Industries Ltd.,80.8,5.208333333333334,29.279999999999998,-4.941176470588239,14.285714285714278,210.76923076923077,270.64220183486236,202.6217228464419,163.1921824104234,1293.103448275862,1162.4999999999998,8.36218068944022,8.123750761604764
MERCANBANK,Mercantile Bank PLC,6.3,-4.545454545454543,-4.545454545454543,-13.698630136986301,-13.698630136986301,-30.0,-14.864864864864872,-30.76923076923077,-60.086956659575485,-8.585485893266966,-39.1083108610541,3.729592506674838,3.3435831225090467
MERCINS,Mercantile Islami Insurance PLC,49.2,-1.0060362173038229,1.8633540372670927,10.06711409395973,22.084367245657585,108.47457627118644,92.94117647058825,84.26966292134833,-9.72477064220183,303.27868852459017,78.33009763218,4.785722194481848,5.200999156865787
METROSPIN,Metro Spinning Ltd.,9.4,-4.081632653061227,0.0,-9.615384615384615,4.444444444444448,-9.615384615384615,10.58823529411765,-20.33898305084746,-69.44272437684441,27.435442983935605,-37.45106498208926,6.710959307147151,6.12961165571087
MHSML,Mozaffar Hossain Spinning Mills Ltd.,20.3,0.0,4.102564102564107,-6.4516129032258,-8.558558558558552,14.689265536723171,50.37037037037038,14.044943820224718,-12.121212121212123,20.785000208958067,-17.96056339468484,4.348632786705014,4.965152550489232
MIDASFIN,MIDAS Financing PLC,4.5,0.0,-6.2499999999999964,-23.728813559322038,-21.05263157894737,-32.83582089552239,0.0,-29.687500000000004,-79.80000000655377,-69.23477365366652,-81.70849383416963,5.247199095487721,4.522411912964672
MIDLANDBNK,Midland Bank PLC,17.0,-1.1627906976744147,5.590062111801233,-6.5934065934065895,6.25,4.938271604938276,-0.5847953216374352,-15.0,94.5555548357,94.5555548357,94.5555548357,3.3736007659195675,2.985490542893811
MIRACLEIND,Miracle Industries Limited,26.6,0.0,0.0,-10.43771043771043,-4.999999999999995,-10.135135135135135,-16.35220125786163,-14.469453376205788,-33.83084577114428,16.249156901897003,188.6157776376277,2.330943511700491,3.5033487794957154
MIRAKHTER,Mir Akhter Hossain Ltd,34.3,0.8823529411764622,11.363636363636353,-9.736842105263165,-18.13842482100239,23.826714801444037,24.27536231884056,8.88888888888888,-62.224669603524234,-57.65432098765432,-57.65432098765432,5.314085514472624,4.474443738136398
MITHUNKNIT,Mithun Knitting & Dyeing (CEPZ) Ltd.,13.5,0.0,-0.7352941176470562,-14.012738853503182,-14.556962025316459,-16.14906832298137,-7.534246575342464,-18.674698795180728,-34.78260869565217,-78.04878039857228,-74.1418824272993,4.332024501263447,5.549724769364738
MJLBD,MJL Bangladesh PLC,90.7,-0.7658643326039418,0.22099447513812467,-1.4130434782608665,-1.8398268398268427,1.227678571428581,0.7777777777777809,-7.825203252032522,-8.568548387096774,-15.721238727356194,59.354860879935906,1.600070675534397,1.5593993917410713
MLDYEING,M.L. Dyeing & Textile Ind. PLC,11.8,0.0,8.256880733944957,-18.62068965517241,8.256880733944957,32.58426966292135,40.47619047619048,28.260869565217405,-60.92715231788079,70.98200072188601,70.98200072188601,5.499352499352502,6.992186203697272
MONNOAGML,Monno Agro & General Machinery Ltd.,307.2,-0.22734654108476413,0.7213114754098323,-11.469740634005767,-11.162521688837485,-14.189944134078214,-16.860622462787553,-18.080000000000002,-22.545891922669245,663.7401402723477,2370.319717727952,4.263031443018976,4.116021565413302
MONNOCERA,Monno Ceramic Industries Limited.,82.4,0.12150668286756806,3.000000000000007,-8.849557522123893,-12.05976520811099,0.6105006105006104,0.7334963325183479,-5.287356321839074,-51.01070154577883,223.96453964353876,381.1473347786999,3.8351710166140554,3.2862835730762066
MONNOFABR,Monno Fabrics Ltd.,19.0,-1.5544041450777237,1.0638297872340388,-15.929203539823012,-13.636363636363637,-14.027149321266972,-11.214953271028032,-4.5226130653266265,-19.491525423728817,-19.491525423728817,-19.491525423728817,4.0183014324600625,4.793874347813645
MONOSPOOL,Monospool Bangladesh PLC,105.0,0.3824091778202731,5.740181268882178,-6.8322981366459645,-7.325684024713149,10.993657505285418,10.876451953537485,12.639925040047984,-28.550296145266717,119.5454536572934,119.5454536572934,3.3018271770664533,3.3132730127748484
MPETROLEUM,Meghna Petroleum PLC,204.9,-0.14619883040934842,-0.2919708029197053,-3.120567375886522,-2.6140684410646386,2.964824120603018,6.331084587441629,-0.533980582524269,0.6385068762279035,8.989361702127662,43.56050941057962,0.9665960919722489,1.148181520365284
MTB,Mutual Trust Bank PLC,13.6,1.4925373134328304,10.569105691056901,-6.20689655172414,7.936507936507937,32.24682261085576,38.69788708240522,35.395556460599636,8.6442445689471,117.73592260772593,179.99827158714,3.8903764651796173,3.1179855295703383
NAHEEACP,Nahee Aluminum Composite Panel PLC,34.3,0.5865102639296063,3.9393939393939306,2.3880597014925287,1.7804154302670454,59.534883720930225,85.40540540540539,41.15226337448558,-31.809145129224653,-45.57817417339953,-45.57817417339953,6.001045594546921,6.66831527152483
NATLIFEINS,National Life Insurance PLC,93.3,-1.3742071881606734,2.302631578947362,-8.439646712463208,-8.70841487279844,-7.623762376237626,-0.5330490405117271,-9.505334626576138,-61.69950738916257,-27.117986260455258,-31.316773808578272,2.522718092440773,2.6305033783609453
NAVANACNG,Navana CNG Limited,19.7,0.5102040816326422,2.0725388601036197,-8.372093023255816,-9.216589861751153,-5.288461538461545,-7.511737089201884,-13.215859030837004,-42.9940942089947,-50.97234737882063,-66.58576893051666,2.067307692307696,3.193997998303051
NAVANAPHAR,Navana Pharmaceuticals PLC,63.9,-0.9302325581395371,4.411764705882345,-6.851311953352764,-8.714285714285715,11.518324607329845,21.946564885496183,13.09734513274336,142.04545454545456,142.04545454545456,142.04545454545456,2.803370309012785,3.041035997234983
NBL,National Bank PLC,3.4,0.0,0.0,-8.108108108108116,-15.000000000000002,-33.33333333333333,6.249999999999991,-5.555555555555561,-59.99999999999999,-40.41094129148531,-68.13475098527209,4.759358288770059,4.338265489608926
NCCBANK,National Credit and Commerce Bank PLC,14.4,-0.6896551724137907,1.4084507042253598,-4.635761589403969,-9.999999999999998,16.093076547035828,22.754154771220765,22.754154771220765,4.164328545200551,98.19513954029962,30.719419289582614,2.0989691060113618,2.3350410059867652
NCCBLMF1,NCCBL Mutual Fund-1 2012- Dividend Units,7.0,0.0,6.060606060606066,4.477611940298504,66.66666666666666,52.17391304347827,75.0,42.85714285714285,-21.348314606741575,7.6923076923076925,-41.666666666666664,4.467225868760394,6.110904912639264
NEWLINE,New Line Clothings Ltd.,5.4,-5.263157894736839,1.8867924528301987,-16.92307692307692,-3.571428571428559,-19.402985074626862,35.00000000000001,-3.571428571428559,-83.07210031347962,-78.36138997712831,-78.36138997712831,4.844264749925126,5.710615869290392
NFML,National Feed Mill Ltd,15.9,-1.8518518518518454,8.9041095890411,-12.637362637362632,-27.06422018348624,1.2738853503184782,12.765957446808516,63.91752577319589,-47.0,10.796018615729633,-42.998039473494146,5.970279853047869,5.845550123691608
NHFIL,National Housing Finance PLC,26.5,-0.7490636704119823,1.9230769230769231,-7.9861111111111125,-6.028368794326239,12.288135593220334,17.77777777777778,7.287449392712553,-65.70588238723529,-17.57069423976008,-13.226159760044206,2.1469237398586216,3.4523115094610493
NITOLINS,Nitol Insurance PLC,58.2,-1.0204081632652966,3.743315508021393,21.250000000000004,76.36363636363637,102.78745644599304,107.11743772241992,117.16417910447761,-8.105262935412732,266.14838427881165,144.32243514710217,3.7453160275562083,4.3588487948767245
NORTHERN,Northern Jute Manufacturing Co. Ltd.,96.7,0.5197505197505197,2.1119324181626187,-13.583556747095622,-10.46296296296296,-16.637931034482758,13.364595545134824,-9.626168224299063,-73.47050754458162,-63.39432162013881,544.6666709644444,3.9650942459320797,4.850563572931797
NORTHRNINS,Northern Islami Insurance PLC,37.4,0.26809651474531215,7.780979827089324,-10.311750599520394,-1.5906916388696215,28.333333654166655,41.25899315890287,29.603960697593365,-34.110738090310406,155.60355068077575,22.341848721598144,3.6762930893671477,4.316358230137152
NPOLYMER,National Polymer Industries PLC,31.2,0.9708737864077693,1.6286644951140066,-6.586826347305387,-4.294478527607369,15.555555555555554,17.293233082706756,-4.8780487804877986,-51.24999999999999,-26.7570252803867,116.18516750170555,2.857540712200866,3.326556840075496
NRBBANK,NRB Bank PLC,6.6,0.0,4.761904761904759,0.0,9.999999999999995,-7.042253521126761,8.196721311475411,-22.35294117647059,-26.66666666666667,-26.66666666666667,-26.66666666666667,3.3799533799533816,3.059870139962511
NRBCBANK,NRBC Bank PLC,9.1,1.1111111111111072,1.1111111111111072,-4.210526315789477,22.972972972972965,33.8235294117647,78.43137254901961,39.99999999999999,-64.00453355226149,-28.44101254146038,-28.44101254146038,3.6213353997158664,3.9093745665696202
NTC,National Tea Company Limited,153.2,-1.9833653230966235,2.269692923898516,-6.299694189602453,-2.9765674477517523,-5.954573357888285,-11.852704257767561,-18.510638297872344,-73.44887348353552,-71.25703564727955,-80.10389610389609,2.212232984873716,3.616679571522218
NTLTUBES,National Tubes Limited,60.2,-0.49586776859503656,-1.3114754098360608,-11.470588235294114,-6.521739130434787,-0.3311258278145625,-3.6799999999999953,-21.61458333333333,-49.62343096234309,-37.49019883049957,155.47484058073945,2.853080211605639,2.823694673199906
NURANI,Nurani Dyeing & Sweater Ltd.,3.0,0.0,3.448275862068969,-23.076923076923073,-3.225806451612906,-23.076923076923073,50.0,20.0,-69.69696969696969,-82.27108003686878,-82.27108003686878,4.830870279146147,7.591076794797216
OAL,Olympic Accessories Ltd,6.2,-1.5873015873015817,1.639344262295091,-10.144927536231886,-3.1250000000000027,-8.823529411764701,8.771929824561402,-10.144927536231886,-56.944444444444436,-64.39728809871123,-74.31315198598443,4.624582097177535,4.1356837774778406
OIMEX,Oimex Electrode Ltd.,13.7,-2.8368794326241162,0.0,-14.375000000000004,-11.612903225806456,0.0,-10.45751633986929,-44.08163265306123,-47.10424710424711,-72.52445819034259,-72.52445819034259,2.9335855282762626,5.480445531934626
OLYMPIC,Olympic Industries PLC.,143.4,-0.9668508287292855,-0.34746351633078526,-3.758389261744963,-5.471324983520095,-5.033112582781453,4.215116279069776,-9.240506329113922,-26.08247422680412,-48.55825064102346,94.0751892277655,1.6347660901405474,1.852187630541004
ONEBANKPLC,One Bank PLC,7.5,-2.5974025974025996,0.0,-7.407407407407403,-5.06329113924051,-2.5974025974025996,7.142857142857143,-1.315789473684206,-18.289473316083107,-18.289473316083107,-18.289473316083107,2.919480519480521,2.5037331793779907
ORIONINFU,Orion Infusion Ltd.,274.7,8.749010292953283,66.48484848484847,13.325082508250818,-11.387096774193552,-22.423044337757705,-19.229638341664227,-42.770833333333336,228.5885167464115,287.9943502824858,497.17391304347825,7.784910135444543,6.304811042298346
ORIONPHARM,Orion Pharma Ltd.,25.0,0.0,2.880658436213989,-9.747292418772561,-11.660777385159012,-15.824915824915823,-8.088235294117645,-28.774928774928778,-67.53246753246754,-33.6870026525199,-63.41463400000001,3.2595594859564616,3.7513568621172344
PADMALIFE,Padma Islami Life Insurance Ltd.,15.8,0.0,0.6369426751592447,-10.22727272727273,-11.731843575418983,-5.9523809523809526,-5.389221556886219,-20.2020202020202,-71.48014440433212,-20.999999683999995,-67.75307087914207,2.6966855113037216,3.358165687222748
PADMAOIL,Padma Oil PLC,195.0,0.5673027333677124,1.5625,-1.465386558868118,4.278074866310161,10.419026047565122,15.044247787610619,-2.451225612806406,-16.02067183462532,3.229221810481733,14.705882238235299,1.0149338294183143,0.863999114126403
PARAMOUNT,Paramount Insurance PLC.,64.6,3.3599999999999905,18.098720292504552,-1.2232415902140845,2.3771790808240776,29.199999999999992,48.50574712643677,51.999999999999986,-27.170236753100347,787.0297343722589,390.89188109358486,5.247559524519721,4.980367608001459
PDL,Pacific Denims Ltd.,5.3,0.0,-5.357142857142854,-10.169491525423737,-10.169491525423737,-14.51612903225807,15.21739130434783,-19.696969696969695,-68.87790697620136,-73.09690924247917,-73.09690924247917,2.9984411116486545,3.8761987783786163
PENINSULA,The Peninsula Chittagong PLC,20.4,-0.9708737864077808,-0.9708737864077808,-12.820512820512821,-13.191489361702132,-0.9708737864077808,11.47540983606556,64.51612903225805,-32.00000000000001,32.46753246753246,-43.631578806447365,3.1423363985978128,4.632584426472198
PEOPLESINS,Peoples Insurance PLC,61.7,-0.4838709677419309,7.49128919860628,-5.801526717557247,0.9819967266775801,58.20512820512822,69.97245179063363,86.96969696969698,14.897579143389198,298.06451612903226,133.71212121212125,4.430868244906889,4.615724947885504
PF1STMF,Phoenix Finance 1st Mutual Fund Units,18.5,0.543478260869573,9.467455621301784,25.850340136054427,115.11627906976744,224.56140350877192,270.0,285.4166666666667,90.7216494845361,320.45454545454544,134.1772151898734,5.635517205218958,5.8998662236757315
PHARMAID,Pharma Aids Limited.,549.0,-0.23623478102852163,3.5849056603773586,-10.338069573738357,-5.977050864874118,-0.2905920813657869,11.359026369168356,-7.68454683033463,-14.618973561430794,103.33333333333333,291.86295503211994,2.426558578030752,2.6385858360072594
PHENIXINS,Phoenix Insurance PLC,47.6,-0.6263048016701402,-0.20964360587002392,-12.014787430683919,10.955710955710963,65.27777777777777,77.61194029850746,67.01754385964914,-27.878787878787875,118.34862385321101,6.250000000000011,3.248610469977355,4.699594447397983
PHOENIXFIN,Phoenix Finance and Investments Ltd.,3.5,-2.77777777777778,-5.40540540540541,-5.40540540540541,-7.894736842105259,-16.666666666666668,45.83333333333334,12.90322580645161,-89.45783132530121,-77.02653854293698,-87.17186576878869,5.732026143790854,5.70331236651449
PHPMF1,PHP First Mutual Fund Units 2010-,3.7,-2.631578947368412,5.71428571428572,-2.631578947368412,23.33333333333334,12.121212121212132,54.16666666666668,19.35483870967742,-42.1875,0.3302320779543775,-33.74621474666079,4.512453630100688,5.503683566045358
PIONEERINS,Pioneer Insurance PLC,67.0,-1.0339734121122641,5.845181674565565,-6.81502086230877,-0.7407407407407407,34.77011527945401,46.25779660747706,63.60465157180233,-38.443749754005836,202.98195007100387,67.20687535365299,3.5899271351032134,3.9057700052454085
PLFSL,Peoples Leasing and Financial Services Ltd.,1.8,0.0,-5.2631578947368345,-9.999999999999998,50.00000000000001,-45.454545454545446,239.62264150943395,63.63636363636363,-40.0,-74.28571428571429,-93.86996904575143,7.9084967320261335,8.548945894147133
POPULAR1MF,Popular Life First Mutual Fund Units 2010-,3.7,-2.631578947368412,5.71428571428572,-2.631578947368412,19.35483870967742,15.625,54.16666666666668,19.35483870967742,-41.269841269841265,-8.64148964228938,-29.510276168164513,5.067075478840184,5.352595379574597
POPULARLIF,Popular Life Insurance Co. Ltd.,54.9,-0.7233273056057841,-5.181347150259067,-12.85714285714286,-8.955223880597014,14.613778705636744,29.17647058823529,9.580838323353287,-44.263959390862944,-21.906116642958747,-50.73076893515385,4.5030244792610326,4.3587157109989265
POWERGRID,Power Grid Co. of Bangladesh Ltd.,37.5,-0.7936507936507862,-0.2659574468085144,-4.580152671755719,3.021978021978026,21.75324675324675,39.40520446096655,11.940298507462687,-33.86243386243387,-34.21052631578947,-30.939226519337016,1.754641444622988,2.7201380576199368
PRAGATIINS,Pragati Insurance PLC,74.9,-0.7947019867549594,4.172461752433936,-7.301980198019791,-0.531208499335978,12.459183264124526,7.297635209542803,28.792987839537027,-3.293138634035122,350.2274806505093,88.32056062708065,3.140367171617857,4.06382895815435
PRAGATILIF,Pragati Life Insurance PLC,140.7,-2.2916666666666745,4.999999999999991,-11.342155009451796,-17.631719082318288,-25.447976954744846,4.7158320994088125,-21.436548301913714,41.79446776728177,179.41470426386962,112.45995628319749,4.256775114477318,4.84986544716238
PREMIERBAN,The Premier Bank PLC,5.7,0.0,1.7857142857142954,-3.3898305084745792,35.714285714285715,7.547169811320762,42.50000000000001,-12.307692307692305,-54.147959329027564,37.43346481287506,-22.049456862633022,2.8896103896103953,2.6749255401961434
PREMIERCEM,Premier Cement Mills PLC,41.7,-1.4184397163120432,2.2058823529411904,-19.653179190751437,-12.394957983193274,6.9230769230769305,6.377551020408163,-14.020618556701026,-51.34189031505251,-56.380753138075306,-60.285714285714285,3.978363849449138,3.98410967800216
PREMIERLEA,Premier Leasing & Finance Limited,2.0,-4.761904761904765,0.0,-16.666666666666664,-16.666666666666664,-39.39393939393939,270.3703703703704,33.333333333333336,-85.07462686567163,-73.86008038699691,-85.24529967054946,7.000000000000005,8.918628656795581
PRIME1ICBA,Prime Bank 1st ICB AMCL Mutual Fund Units,6.9,6.153846153846159,15.000000000000005,13.114754098360669,46.808510638297875,43.750000000000014,60.46511627906978,43.750000000000014,-10.389610389610388,40.816326530612244,-4.166666666666664,5.879328469285096,5.429398677126026
PRIMEBANK,Prime Bank PLC,28.1,-0.35460992907800665,-0.7067137809187254,-6.333333333333329,-6.953642384105953,-2.301324259064569,2.4479169227864666,5.375000263437509,33.81692458639925,106.62662984769348,-1.098442928377814,1.4888765971767286,1.5402966403436398
PRIMEFIN,Prime Finance and Investment Ltd.,2.9,0.0,7.407407407407397,-9.375000000000009,-6.451612903225812,-39.583333333333336,163.6363636363636,26.086956521739136,-81.76100628930817,-62.337662337662344,-89.32515333231962,4.975369458128084,5.880653197341752
PRIMEINSUR,Prime Islami Insurance PLC,52.1,-1.8832391713747645,7.422680412371136,-10.63464837049742,25.240384615384613,64.35331230283913,74.247491638796,53.6873156342183,-2.0676691729323333,210.1190476190476,45.88000034427681,4.094146644127779,5.335205990031933
PRIMELIFE,Prime Life Insurance Company Limited,35.5,-0.8379888268156346,0.0,-11.027568922305761,-14.457831325301205,-6.332453825857517,7.575757575757576,-13.202933985330072,-52.220726783310894,-37.828371278458846,-60.9499999402535,4.330233538958411,4.336587031324259
PRIMETEX,Prime Textile Spining Mills Ltd.,14.8,0.0,2.7777777777777803,-10.3030303030303,-18.681318681318675,-29.857819905213272,7.246376811594202,-1.9867549668874103,-41.269841269841265,-28.155339805825246,-26.732673267326728,8.152468387555631,8.261923785995984
PROGRESLIF,Progressive Life Insurance Co. Ltd.,35.0,-2.506963788300832,-2.7777777777777777,-11.83879093198993,-15.865384615384617,-16.666666666666668,-23.245614035087723,-30.417495029821072,-69.51219512195122,-11.397259865380455,-53.21744302179624,5.368129809700438,4.943435828643262
PROVATIINS,Provati Insurance PLC,54.9,1.2915129151291433,8.498023715415014,-7.575757575757576,1.1049723756906105,77.09677419354838,91.28919860627178,65.36144578313251,-61.88868960651291,531.84717185367,193.93768117035034,3.9717753983231905,4.680994386223415
PTL,Paramount Textile PLC,78.3,2.3529411764705843,-1.7565872020075353,14.30656934306569,25.079872204472835,43.14442413162705,51.158301158301164,36.41114982578397,32.99485313196541,656.9001716649589,206.46572497880052,3.6017962060526596,2.3430088857106695
PUBALIBANK,Pubali Bank PLC,39.8,-0.2506265664160437,6.989247311827941,0.0,9.04109589041095,22.707804076088532,48.12301266810416,57.28526088644806,131.71067972506626,232.78222256095768,128.3029084257806,2.1302251855555756,2.1850874868535244
PURABIGEN,Purabi General Insurance Co. Ltd.,28.8,0.0,5.4945054945054945,-9.433962264150944,-10.835913312693489,41.87192118226601,48.45360824742269,48.45360824742269,-37.01910851466136,277.00133860477723,-2.713777523053919,3.3146890263348867,4.657732601212336
QUASEMIND,Quasem Industries Limited.,39.9,0.5037783375314754,5.835543766578238,-8.486238532110098,-11.1358574610245,0.0,5.504807575643711,3.02816890041493,-7.6401741870389435,-2.867339794427653,151.08792638476552,3.2430939991793997,3.2108087480485734
QUEENSOUTH,Queen South Textile Mills Ltd.,14.6,0.6896551724137907,7.352941176470589,-11.515151515151517,-2.013422818791951,25.862068965517242,22.689075630252095,8.148148148148145,-50.07741954454451,-39.874485864257714,-39.874485864257714,4.004887341083133,5.30412959686827
RAHIMAFOOD,Rahima Food Corporation Ltd.,74.3,0.40540540540540154,9.425625920471267,-13.704994192799068,-24.949494949494955,-38.59504132231405,-53.5625,-44.922164566345444,-78.14062959694027,19.838709677419352,331.97674418604646,4.928493288950392,5.705608112668784
RAHIMTEXT,Rahim Textile Mills Ltd.,180.6,-0.055340343110124146,3.1999999999999966,-14.690599905526687,-7.384615384615387,-10.193933366484336,-15.330520393811542,8.664259927797838,-42.11538461538461,3.5089321437373915,347.77964309735444,5.013597972832002,5.36670427706578
RAKCERAMIC,RAK Ceramics (Baneladesh) Limited,27.1,-0.73260073260073,1.1194029850746294,-11.147540983606554,-6.228373702422136,15.319148936170217,22.072072072072082,11.065573770491815,-41.341991341991346,-42.995778122398185,-32.48911768857801,2.4456358410246364,3.0611996382739886
RANFOUNDRY,Rangpur Foundry Limited,150.1,-0.7275132275132238,-3.7820512820512855,-11.183431952662724,-2.5324675324675363,-0.9240924092409278,5.038488453463953,-17.071823204419893,-13.236994219653182,37.454212454212445,142.09677419354838,2.8059061986192315,3.4267539015971322
RDFOOD,Rangpur Dairy and Food Products Limited,23.5,0.0,7.798165137614676,-6.3745019920318775,-12.962962962962964,19.89795918367346,17.5,-5.622489959839352,-55.423572911484186,134.61784553771002,45.2472160833847,4.4679425396914185,4.933292789138102
RECKITTBEN,Reckitt Benckiser (Bangladesh) PLC,3270.9,0.0887392900856821,0.6430769230769259,-0.9448532751885109,-1.2140980338860143,-6.78540894841835,-4.359649122807014,-3.006849924383954,-31.21135646687697,108.60331632653062,342.61163734776727,0.7529653799504625,0.7351374579457503
REGENTTEX,Regent Textile Mills Ltd.,5.9,-1.6666666666666607,-3.2786885245901525,-13.23529411764705,1.724137931034492,20.408163265306122,47.50000000000001,84.375,-62.65822784810126,-46.149200571054685,-77.00570857915694,4.7350477303720995,6.858371224477111
RELIANCE1,Reliance Insurance Mutual Fund Reliance One Units,13.4,3.875968992248062,11.66666666666667,0.0,27.619047619047624,3.0769230769230798,-14.649681528662414,0.0,10.743801652892566,67.5,47.25274725274726,4.192210771756071,5.045858379473635
RELIANCINS,Reliance Insurance PLC,106.0,-2.2140221402214073,3.81978452497552,-9.012875536480687,-7.585004359197909,51.42857142857143,62.0795107033639,72.92006525285481,6.747230614300103,228.10697571606664,119.513215656367,8.046928599134176,7.752346778842071
RENATA,Renata PLC,448.9,0.13383894713360828,0.6727965911639381,-4.183564567769482,0.42505592841162804,3.337937384898711,14.515306122448974,-7.633744855967083,-63.93232991670807,-30.57313107156251,44.50985231989316,1.2130451667931004,1.1217790199328588
RENWICKJA,Renwick Janeswar and Co. (BD) Limited,725.3,-1.104445050449962,-0.6438356164383624,-14.660548299799979,36.849056603773576,44.19483101391649,48.383797054009804,14.744502452143637,-44.5912910618793,-4.060846560846567,823.9490445859872,2.2388584521379715,2.7524095538819386
REPUBLIC,Republic Insurance PLC,39.0,-0.5102040816326603,5.405405405405405,-6.921241050119329,12.716763005780344,20.743034055727563,42.335766423357676,29.139072847682122,-28.456738407371766,380.49143244412625,90.15610068868314,5.1702728108928735,4.759329105615488
RINGSHINE,Ring Shine Textiles Ltd.,3.9,0.0,2.6315789473684235,-15.21739130434782,5.405405405405397,-4.8780487804877986,21.87499999999999,39.28571428571429,-72.53521126760563,-73.740000002626,-73.740000002626,5.263157894736844,6.631200130076897
ROBI,Robi Axiata PLc,30.0,0.0,2.040816326530617,-5.06329113924051,-7.6923076923076925,0.0,6.0070671378091856,5.2631578947368425,-28.909952606635073,100.0,100.0,1.2747521465934062,1.681648138899133
RSRMSTEEL,Ratanpur Steel Re-Rolling Mills Ltd,6.7,0.0,-4.285714285714283,-11.842105263157888,-17.283950617283946,-25.555555555555554,0.0,-25.555555555555554,-80.466472303207,-80.92278752347207,-85.21788558870868,5.985290936621238,4.242018922350136
RUNNERAUTO,Runner Automobiles PLC,46.3,-1.2793176972281481,5.22727272727272,-14.10018552875696,12.106537530266344,19.02313624678663,25.13513513513513,50.32467532467531,-26.273885350318473,-50.03597110080741,-50.03597110080741,2.8468955500382696,3.6800162548068065
RUPALIBANK,Rupali Bank PLC,17.0,0.0,-1.7341040462427786,-4.494382022471914,0.5917159763313694,-6.07734806629835,-1.7341040462427786,-22.018348623853214,-51.83333336464166,10.708909477992071,-43.30492987803485,2.1295228150431775,2.5596582766479337
RUPALIINS,Rupali Insurance Company Ltd.,28.7,0.7017543859649098,7.089552238805965,-8.012820512820513,5.128205128205123,32.17105296200656,40.817757361390186,29.892241704040934,-41.48543675288255,146.93392895380128,-8.426796842452575,3.6808049351366425,3.931749846519478
RUPALILIFE,Rupali Life Insurance PLC,76.5,-0.5201560468140516,5.517241379310345,-10.63084112149532,-18.961864406779664,-5.086848635235725,-2.671755725190833,-29.166666666666668,-9.582850812909049,150.07318309980155,-23.99695669865827,2.800845690521857,3.682317230516302
SAFKOSPINN,Safko Spinning Mills Limited,20.5,-0.4854368932038904,-0.9661835748792237,-0.9661835748792237,0.4901960784313795,22.02380952380952,48.55072463768115,46.42857142857143,-24.981884076453735,92.86257349089516,3.8175128615895804,2.2467904519136574,4.119788804974729
SAIFPOWER,SAIF Powertec Ltd.,7.9,0.0,2.5974025974025996,-20.999999999999996,-11.235955056179774,0.0,58.000000000000014,19.696969696969706,-78.1927084149971,-52.776039647113834,-42.52741889713613,4.086672820850029,5.110160727656631
SAIHAMCOT,Saiham Cotton Mills Ltd.,22.4,-0.8849557522124019,-0.8849557522124019,1.8181818181818117,14.871794871794865,16.666666666666664,14.28571428571427,25.139664804469277,13.131313131313119,61.151079136690626,-13.239436693037105,3.379990386953584,6.285736576943775
SAIHAMTEX,Saiham Textile Mills Ltd.,36.5,3.399433427762048,6.725146198830401,16.242038216560513,101.6574585635359,87.17948717948718,110.98265895953757,129.55974842767296,52.71966527196654,177.71739199864132,55.737632456141775,8.311568291728026,7.529300749382847
SALAMCRST,S. Alam Cold Rolled Steels Limited,11.9,0.0,8.181818181818185,-13.138686131386853,-17.36111111111111,-27.439024390243894,-20.13422818791946,-42.23300970873787,-66.09686609686611,-55.76208178438661,-75.00000000000001,4.878675937997974,4.397921361084667
SALVO,Salvo Organic Industries PLC,30.5,-0.6514657980456003,3.741496598639461,-12.103746397694533,-19.312169312169306,-0.6514657980456003,0.6600660066006577,-3.1746031746031744,-44.94584837545126,187.40384772351328,78.1574265938481,2.533933936427095,3.750515015885098
SAMATALETH,Samata Leather Complex (Pvt.) Ltd.,82.7,3.6340852130325887,12.05962059620597,-16.71701913393756,-20.404234841193457,0.6082725060827251,-1.5476190476190443,-21.313035204567072,-16.040609137055835,217.1202996884537,462.35999820044805,6.429662564404127,6.021746634984193
SAMORITA,Samorita Hospital Ltd.,95.7,-1.644398766700919,13.92857142857143,-15.384615384615378,27.600000000000005,40.735294117647065,31.636863823933975,31.095890410958912,16.048685194541054,81.14577283925769,143.78258437952724,6.224056504447343,7.440196643943753
SANDHANINS,Shandhani Life Insurance Co.Ltd,24.0,-0.8264462809917326,-0.8264462809917327,-14.285714285714286,-4.382470119521917,19.40298507462686,24.352331606217614,4.803493449781666,-42.857142857142854,20.00000096,-43.632085033194315,2.342146504881544,3.0781657492687033
SAPORTL,Summit Alliance Port Limited,60.6,-1.4634146341463392,2.8862478777589184,-2.4154589371980677,13.27102803738318,22.177419354838708,43.942992874109265,57.812500000000014,105.42372881355932,55.27652150545053,187.54806868346785,1.7573380548254636,2.8496856012245244
SBACBANK,SBAC Bank PLC.,6.8,-1.4492753623188481,3.030303030303033,-4.225352112676054,6.249999999999991,-2.85714285714286,9.677419354838703,-9.333333333333336,-66.77804645782997,-35.06618171735732,-35.06618171735732,3.600446963045737,3.7425238006657566
SEAPEARL,Sea Pearl Beach Resort & Spa Ltd.,34.3,0.0,5.864197530864193,-7.795698924731197,-7.046070460704611,-16.949152542372882,3.9393939393939306,-30.000000000000004,-21.867881548974946,42.916667023958325,42.916667023958325,4.673548230160691,4.9339322300956345
SEMLFBSLGF,SEML FBLSL Growth Fund Units,7.2,2.85714285714286,7.462686567164179,5.882352941176476,30.909090909090914,26.31578947368421,46.938775510204074,38.46153846153846,-33.944954128440365,18.032786885245912,18.032786885245912,3.8174289478637324,4.087335644226594
SEMLIBBLSF,SEML IBBL Shariah Fund Units,8.1,1.2499999999999956,2.531645569620244,6.578947368421053,26.56249999999999,20.895522388059693,39.6551724137931,24.61538461538461,-25.000000000000007,-40.87591240875913,-40.87591240875913,1.9153357191331863,2.1895870004333418
SHAHJABANK,Shahjalal Islami Bank PLC,17.2,-1.7142857142857182,0.5847953216374144,-2.2727272727272845,0.5847953216374144,-5.4945054945054945,4.878048780487809,-4.9723756906077465,-19.47272757067818,116.64121344431585,5.727014595269514,1.9754938472351893,1.51460894867128
SHARPIND,Sharp Industries PLC,19.5,-0.5102040816326603,8.938547486033528,-43.313953488372086,-6.250000000000003,12.716763005780344,51.16279069767442,14.035087719298236,19.631901840490794,19.631901840490794,19.631901840490794,6.8408798503464485,9.65105872832395
SHASHADNIM,Shasha Denims PLC,26.8,-1.4705882352941124,-4.285714285714283,-6.620209059233445,13.559322033898303,38.860103626943,68.55345911949685,29.46859903381643,-14.37699680511182,-5.064568229752617,-19.710336656751373,3.777135599836655,4.515223885554575
SHEPHERD,Shepherd Industries PLC,13.0,-0.7633587786259515,5.6910569105691,-17.197452229299362,-19.753086419753085,-6.474820143884894,-2.985074626865674,-24.418604651162788,-33.70646794038824,-64.17055577460881,-64.17055577460881,4.25380268143959,5.107915634608188
SHURWID,Shurwid Industries Ltd,5.9,1.7241379310344922,1.724137931034492,-6.34920634920634,-10.606060606060597,-15.71428571428571,28.260869565217405,1.724137931034492,-74.34782608695653,-34.444444517283955,-80.35921060366432,3.4605801470362056,4.003338803985559
SHYAMPSUG,Shyampur Sugar Mills Ltd.,308.6,5.576462538487858,3.6265950302216288,-0.643915003219575,55.07537688442212,86.24019312009659,103.0263157894737,48.15170427268364,151.9183673469388,2043.0555555555557,3757.5000000000005,4.195535638110044,4.455410527039971
SICL,"Sikder Insurance Co., Ltd.",36.5,-1.3513513513513513,8.308605341246281,-10.975609756097562,-7.8282828282828305,85.27918781725889,97.29729729729729,58.69565217391305,35.18518518518518,35.18518518518518,35.18518518518518,4.082498598243175,5.724158368910083
SILCOPHL,Silco Pharmaceuticals Ltd.,17.4,-0.5714285714285796,6.7484662576686985,-7.446808510638309,-16.346153846153857,24.285714285714278,27.00729927007299,7.407407407407403,-46.62576687116565,-28.582089629519388,-28.582089629519388,5.449498269134782,5.195358178858757
SILVAPHL,Silva Pharmaceuticals Ltd.,13.2,-1.4925373134328437,8.196721311475411,-13.157894736842106,-1.4925373134328437,36.08247422680412,37.49999999999999,11.864406779661005,-39.44954128440367,-63.52631569828948,-63.52631569828948,4.437223337568763,5.362673440210753
SIMTEX,Simtex Industries PLC,23.9,-0.41666666666667257,1.271186440677954,-8.076923076923082,-12.773722627737227,0.42016806722688177,6.222222222222216,26.455026455026456,6.696428571428572,33.801976678771155,-11.287456569206118,2.442524890200624,3.613808669675265
SINGERBD,Singer Bangladesh Limited,78.9,1.544401544401548,10.195530726257,5.200000000000007,-1.8656716417910446,-10.238907849829351,-7.176470588235287,-25.495750708215297,-58.71271585557299,-48.715000051285,-22.248332401597352,2.611545653764591,2.2387598424137654
SINOBANGLA,Sinobangla Industries Ltd.,48.8,-1.0141987829614605,3.609341825902326,-9.124767225325895,-19.60461285008238,3.1712473572938693,6.550218340611354,-8.61423220973783,2.2828334140170856,107.91920237981044,168.29574272928141,3.237411470661569,3.0966747322426476
SIPLC,Sena Insurance PLC,138.2,-0.4322766570605351,2.5222551928783212,-6.241519674355507,30.377358490566028,131.87919463087246,159.28705440900563,182.04081632653057,189.1213389121339,189.1213389121339,189.1213389121339,6.6625632544603945,7.097973956420602
SKTRIMS,SK Trims & Industries Ltd.,11.7,-2.500000000000006,-2.5000000000000058,-18.18181818181819,-17.605633802816904,25.80645161290321,42.6829268292683,27.17391304347826,-71.73913043478261,-68.54000006375894,-68.54000006375894,6.706724214532649,6.500477799508683
SONALIANSH,Sonali Aansh Industries Limited.,211.9,-0.2823529411764679,8.112244897959187,-4.074241738343142,15.476839237057224,31.614906832298143,10.135135135135135,-3.7255792821444746,230.83528493364562,909.047619047619,1469.6296296296296,2.7021551103350503,3.522939346539232
SONALILIFE,Sonali Life Insurance PLC,84.6,2.0506634499396723,4.7029702970297,-1.6279069767441927,4.4444444444444375,43.38983050847457,38.91625615763546,22.78664731494918,13.557046979865763,669.090909090909,669.090909090909,2.4351565423346964,2.7830744375120187
SONALIPAPR,Sonali Paper & Board Mills Ltd.,221.5,-0.09021199819575491,4.530438886267104,-7.322175732217573,-4.07102641836293,-5.301410859341601,-6.342494714587738,-14.11399767351686,-9.365735793621624,46.75849390552348,46.75849390552348,2.952493909606933,2.965371574822097
SONARBAINS,Sonar Bangla Insurance Ltd.,37.4,-1.0582010582010546,5.949008498583574,-4.834605597964373,-12.000000000000004,51.0384619160577,55.217391660182145,42.2826090513587,-52.98346612572115,306.8160541845569,79.67708995484746,3.5925733321908133,4.785114581141051
SONARGAON,Sonargaon Textiles Limited.,100.5,-0.29761904761904484,14.074914869466522,-13.21243523316062,21.376811594202902,165.17150395778364,223.15112540192928,196.46017699115043,295.66929133858264,1110.8433734939758,438.3928584888393,6.686261179301811,7.253701817002549
SOUTHEASTB,Southeast Bank PLC,11.8,-1.6666666666666607,-4.838709677419351,6.3063063063063165,19.191919191919194,31.520833286753053,38.74725270151192,40.28888877665778,-13.399189526352952,12.977663168980996,-0.8403737984462448,2.4927682635244763,3.052586519198998
SPCERAMICS,Shinepukur Ceramics PLC,22.7,6.572769953051637,12.376237623762377,5.092592592592583,-3.4042553191489393,1.3392857142857175,55.47945205479452,10.731707317073168,-36.056338028169016,155.0561797752809,0.01915679687907549,3.9980487553808026,5.008445915809097
SPCL,Shahjibazar Power Co Ltd,49.6,-0.998003992015968,2.4793388429752126,-8.990825688073393,-7.462686567164179,3.5490605427975006,4.4210526315789505,8.533916849015315,-53.486023368377474,-61.10996631623629,91.01339989231198,2.856979526803406,3.2282671784750367
SQUARETEXT,Square Textiles PLC,48.6,-0.2053388090349105,1.2500000000000029,-3.952569169960474,-1.4198782961460361,-0.6134969325153317,0.2061855670103122,-13.98230088495575,-7.954545454545446,-22.232945906057246,-36.31275520850033,2.1491308913989307,2.869668790219927
SQURPHARMA,Square Pharmaceuticals PLC,216.0,0.09267840593141272,1.5514809590973255,-1.2797074954296213,-2.218198279764602,0.9345794392523364,8.542713567839195,-1.549680948040112,-11.475409836065573,13.428841983531472,106.35206643767535,0.7562684851849444,0.7858193549239423
SSSTEEL,S.S. Steel Ltd,5.9,-1.6666666666666607,-3.2786885245901525,-14.492753623188404,-9.230769230769225,-1.6666666666666607,43.90243902439026,9.25925925925926,-74.40963867014428,-84.17195218569314,-84.17195218569314,4.384180790960448,4.815164338483715
STANCERAM,Standard Ceramic Industries Ltd.,64.1,-3.7537537537537538,3.2206119162640787,-12.670299727520451,-7.101449275362327,-8.428571428571436,-8.55920114122682,-19.97503121098627,-72.37068965517241,24.224806201550372,161.63265306122446,6.218429007816079,5.998547547551282
STANDARINS,Standard Insurance PLC,52.6,-1.682242990654203,0.7662835249042118,1.7408123791102486,4.158415841584161,42.16216216216217,34.526854219948845,41.77897574123989,-48.12623274161736,466.2622036246738,101.52583909808821,4.139781661391678,4.207183278101751
STANDBANKL,Standard Islami Bank PLC,4.5,0.0,2.2727272727272645,-8.163265306122456,-4.255319148936174,-19.64285714285714,-6.2499999999999964,-21.05263157894737,-52.25836454167795,-26.015151653032365,-50.324865773978885,4.050505050505044,3.8666600100664237
STYLECRAFT,Stylecraft Limited,53.1,-0.7476635514018665,-1.666666666666664,-7.491289198606267,0.0,0.3780718336483986,12.499999999999996,-29.2,-70.1685393258427,1.9398857314699294,116.2112092105252,4.3547895384526525,5.058918510810172
SUMITPOWER,Summit Power Ltd.,15.4,-0.6451612903225784,0.6535947712418277,-7.228915662650609,1.3157894736842175,10.000000000000002,24.193548387096772,1.3157894736842175,-67.84968684759917,-52.02492211838007,-66.45753429367264,3.0135282457776476,3.125016334506793
SUNLIFEINS,Sunlife Insurance Co. Ltd.,49.8,-0.9940357852882704,8.026030368763548,-15.878378378378388,-26.222222222222225,-4.414587332053751,-5.502846299810257,-10.108303249097474,27.365728900255743,190.26285621401598,-46.15624037891146,5.849466896132682,5.61060046604512
TAKAFULINS,Takaful Islami Insurance PLC,53.6,-1.4705882352941124,-2.5454545454545427,0.18691588785046995,38.860103626943,70.70063694267517,57.64705882352942,55.36231884057972,-11.842105263157888,354.9367460574038,74.56756018956189,4.214712252865841,5.179137202473864
TALLUSPIN,Tallu Spinning Mills Limited,7.0,-1.4084507042253471,0.0,-15.662650602409643,-16.666666666666668,-15.662650602409643,11.111111111111114,9.374999999999995,-50.70422535211267,-50.70422535211267,-69.56521741776938,3.999999999999999,4.406832242465659
TAMIJTEX,Tamijuddin Textile Mills PLC,114.9,0.43706293706293703,1.6814159292035449,-13.544018058690744,-8.446215139442227,0.9666080843585313,-8.809523809523807,-10.867418990374404,-25.957820813610656,771.6551712115102,771.6551712115102,3.3500071913947544,3.912889138698536
TECHNODRUG,Techno Drugs Ltd.,39.3,-1.995012468827941,0.0,-16.560509554140136,-5.528846153846164,30.999999999999993,34.5890410958904,-1.9950124688279407,48.86363636363636,48.86363636363636,48.86363636363636,4.006096531332254,4.210429875457085
TILIL,Trust Islami Life Insurance Ltd.,43.3,-0.9153318077803334,2.364066193853428,-8.262711864406791,-18.147448015122876,3.8369304556354775,-2.4774774774774806,-31.487341772151904,293.63636363636357,293.63636363636357,293.63636363636357,3.033858498804392,3.7309202658582223
TITASGAS,Titas Gas Transmission and Distribution PLC,17.3,-1.1428571428571388,2.3668639053254568,-6.486486486486482,-3.888888888888885,0.5813953488372176,10.897435897435905,-17.619047619047617,-59.67365967365968,-63.578947368421055,-72.88401253918495,2.9446046841263858,2.9370264855678885
TOSRIFA,Tosrifa Industries PLC,18.9,1.0695187165775364,5.5865921787709505,-8.695652173913047,-6.435643564356439,14.545454545454536,11.176470588235286,-12.093023255813959,-5.500000378000003,3.254441447732244,-56.46999259630579,3.8297791847098592,4.83472337897164
TRUSTB1MF,Trust Bank 1st Mutual Fund Units,3.8,0.0,8.571428571428566,0.0,22.580645161290313,15.151515151515152,58.333333333333336,11.76470588235294,-43.28358208955225,-9.71200045577383,-41.82580046722609,5.530538056853846,5.759292321322398
TRUSTBANK,Trust Bank PLC,13.7,-0.7246376811594305,-0.7246376811594305,-9.868421052631579,-12.179487179487182,-19.636871283901886,-17.327586000215515,-21.820651978464678,-37.338939893114016,30.244743829808318,44.33382660173605,1.4556536673698357,1.845626752000861
TUNGHAI,Tung Hai Knitting & Dyeing Ltd,3.9,-4.8780487804877986,-9.302325581395348,-30.357142857142854,34.48275862068966,2.6315789473684235,143.74999999999997,77.27272727272725,-48.0,-61.69642860220822,-84.27000003187948,5.48968105065667,8.65398718269083
UCB,United Commercial Bank PLC,9.0,0.0,-2.173913043478253,-5.2631578947368425,1.1235955056179734,-8.163265306122456,-14.285714285714286,-18.181818181818183,-33.84999972349299,-27.667414366193274,-29.027882142496143,2.6459828917792567,3.414774088207918
UNILEVERCL,Unilever Consumer Care Limited,1985.8,-0.0654219717175761,0.5468354430379724,-2.2255046774987712,-3.320350535540411,-9.0334402198809,-8.064814814814817,-18.65142763508254,8.402592971682019,101.73206349206349,493.8841121495327,0.8657708756935831,1.0967888675919175
UNIONCAP,Union Capital Limited,4.3,0.0,0.0,-8.510638297872347,-10.416666666666668,-25.862068965517242,53.57142857142858,2.3809523809523725,-70.74829931972788,-58.61249984221016,-77.26722578516957,4.695962951776904,4.8664606749936326
UNIONINS,Union Insurance PLC,47.8,0.0,3.9130434782608634,-8.076923076923082,16.870415647921757,50.31446540880501,29.89130434782609,58.27814569536423,334.5454545454545,334.5454545454545,334.5454545454545,4.3880004626580345,4.46575580727539
UNIQUEHRL,Unique Hotel & Resorts PLC,40.2,0.24937655860349484,2.290076335877877,-8.63636363636363,-1.2285012285012284,3.076923076923084,4.960835509138397,-4.285714285714279,-26.37362637362637,-12.227074235807848,-68.27150749802684,1.9620527896202424,2.7270760540848
UNITEDFIN,United Finance PLC,16.4,-0.6060606060606146,3.7974683544303662,-11.35135135135136,5.128205128205121,28.124999999999982,41.37931034482758,22.388059701492523,-36.43410852713179,-7.276922605461898,-29.652700754038463,3.320735964250651,4.385329888769795
UNITEDINS,United Insurance Company Limited,61.7,-1.2799999999999954,2.491694352159468,-6.0882800608828,42.16589861751153,51.597051597051596,47.60765550239236,43.822843822843836,-12.72984441301273,190.53844580403523,61.6113122872766,3.894554143887659,4.362297731632447
UPGDCL,United Power Generation & Distribution Co. Ltd.,114.3,-0.8673026886383347,2.053571428571426,-7.449392712550609,-7.073170731707319,-3.6256323777403012,-1.5503875968992225,-20.01399580125963,-62.0265780730897,18.776812085104883,104.91424080952085,1.8772917197619243,2.3443307044905866
USMANIAGL,Usmania Glass Sheet Factory Limited,57.2,0.0,14.171656686626749,-14.626865671641788,46.66666666666667,58.8888888888889,68.23529411764707,52.53333333333334,-23.63150867823765,-26.08427207116525,17.952844610519417,5.8115611047954765,6.478751221686846
UTTARABANK,Uttara Bank PLC,20.6,-0.4830917874396033,0.0,-2.830188679245273,-3.286384976525818,0.980392156862759,12.445414847161578,20.32710280373832,50.401708068100184,123.544605278289,58.95849885353228,0.870503259697011,0.9904576582718454
UTTARAFIN,Uttara Finance and Investments Limited,12.2,1.6666666666666607,3.389830508474564,-8.955223880597023,-7.575757575757576,-10.948905109489052,23.23232323232322,-10.294117647058826,-76.078431372549,-77.52631573328948,-82.75275395213951,7.318394024276379,4.344560272879552
VAMLRBBF,Vanguard AML Rupali Bank Balanced Fund Units,8.1,1.2499999999999956,1.2499999999999956,-1.219512195121947,17.391304347826075,32.786885245901644,42.105263157894726,42.105263157894726,-10.989010989010989,-26.36363636363637,-26.36363636363637,1.5063291139240451,1.8337968446275799
VFSTDL,VFS Thread Dyeing Ltd.,13.8,0.0,10.400000000000004,-10.389610389610388,-14.814814814814806,26.605504587155966,7.8125,76.92307692307693,-45.52631565328947,-41.74552599085981,-41.74552599085981,2.9880139873429292,5.874310447173381
WALTONHIL,Walton Hi-Tech Industries PLC,348.3,0.2590673575129632,-1.6101695888034997,-1.7615385597769146,1.0630439509316032,-0.8719276555192802,0.8236841097026334,-10.140085467489673,-67.30465483656408,11.492856919753446,1.357142755785718,3.107991973552267,2.026399648168218
WATACHEM,Wata Chemicals Ltd.,129.1,-0.6158583525789155,-1.3750954927425603,-10.719225449515907,-5.07352941176471,-2.566037735849061,-9.084507042253524,-6.652205350686924,-60.3744628606507,31.5085822884835,511.88020859147036,3.1945078053442995,3.993733530097618
WMSHIPYARD,Western Marine Shipyard Limited,8.7,-1.1363636363636525,2.35294117647058,-12.121212121212132,-3.333333333333341,0.0,6.097560975609756,-2.2471910112359668,-41.61073825503357,-35.48435408156655,-74.73137204807205,2.3095429029671335,3.37413469444867
YPL,Yeakin Polymer Ltd.,20.6,0.9803921568627592,19.76744186046513,-12.711864406779661,-13.807531380753128,25.609756097560997,16.384180790960464,21.893491124260375,42.06896551724139,-30.64116036595288,-17.788723614150165,5.331304060990934,6.473467102673756
ZAHEENSPIN,Zaheen Spinning PLC,5.0,-5.660377358490563,-3.8461538461538494,-19.35483870967742,-13.79310344827586,-19.35483870967742,25.0,-26.470588235294112,-52.83018867924528,-59.0046296867005,-64.86778776427384,4.768929110105578,5.540852462386815
ZAHINTEX,Zahintex Industries Ltd.,7.9,1.282051282051289,0.0,-12.22222222222222,-10.22727272727273,6.756756756756756,36.20689655172415,36.20689655172415,-18.556701030927826,-51.372020977447825,-66.6976776346855,3.9017202207075554,6.178264039233795
ZEALBANGLA,Zeal Bangla Sugar Milla Limited,183.0,7.647058823529412,7.71041789287816,-12.857142857142858,41.31274131274131,35.055350553505534,27.972027972027973,78.53658536585365,18.83116883116883,916.6666666666666,2003.448275862069,6.618516519456172,7.010377738865839
