Symbol,Name,Price,Change %,Perf % 1W,Perf % 1M,Perf % 3M,Perf % 6M,Perf % YTD,Perf % 1Y,Perf % 5Y,Perf % 10Y,Perf % All Time,Volatility 1W,Volatility 1M
1JANATAMF,First Janata Bank Mutual Fund Units,3.7,2.77777777777778,-7.499999999999996,12.121212121212132,23.33333333333334,32.14285714285715,42.307692307692314,12.121212121212132,-55.95238095238095,-8.208510966403622,-31.94501419802659,4.3131998395156295,5.510241522509177
1STPRIMFMF,Prime Finance First Mutual Fund 2009 Units,25.0,0.8064516129032229,0.0,3.73443983402489,35.13513513513514,27.551020408163257,25.0,24.37810945273631,22.549019607843146,208.64197530864195,-18.300653594771244,2.833081693098525,3.88271615092069
AAMRANET,aamra networks ltd,20.6,-0.4830917874396033,-3.738317757009333,-1.4354066985645797,27.95031055900621,18.390804597701166,15.730337078651688,15.730337078651688,-51.73212971034905,-65.80658848871185,-65.80658848871185,3.438063401486986,3.004872975189001
AAMRATECH,Aamra Technologies Limited,21.8,-0.4566210045662003,-2.678571428571419,27.48538011695906,56.83453237410072,78.68852459016395,77.23577235772358,71.65354330708662,-23.735973889831012,4.134763801502484,-25.8618334935768,5.146692828279278,5.698762043407194
ABB1STMF,AB Bank 1st Mutual Fund 2011 Units,3.9,5.405405405405398,-4.8780487804877986,8.333333333333329,25.80645161290322,34.48275862068966,44.44444444444443,11.428571428571427,-46.57534246575342,1.1739585380349467,-41.82497401418548,4.198489987963672,5.980859685520084
ABBANK,AB Bank PLC,4.9,2.0833333333333446,0.0,-1.999999999999993,16.666666666666668,-25.75757575757575,19.512195121951237,-25.75757575757575,-67.92864249145322,-62.62722661654385,-78.70829979561037,3.3248299319727925,3.2244257443237005
ACFL,Aman Cotton Fibrous PLC,22.7,1.793721973094164,-3.8135593220339072,-3.4042553191489393,9.66183574879227,23.369565217391308,26.111111111111107,22.043010752688158,-50.65217391304348,-62.16666666666666,-62.16666666666666,4.2532247995879615,3.5606739862380055
ACI,Advanced Chemical Industries PLC,197.5,0.7653061224489796,-1.3979031452820825,-4.4970986460348215,5.614973262032086,-11.712114438980775,1.2820512820512822,1.2820512820512822,-17.934876159323622,-24.029795997141946,217.13761535104373,1.715892342940919,1.8328829793894446
ACIFORMULA,ACI Formulations PLC,172.1,1.0569583088666958,0.11634671320534533,-1.091954022988509,23.812949640287766,18.68965517241379,33.410852713178286,22.928571428571427,14.587825266801934,5.183352998697616,149.59254206044545,3.3006240315277853,3.9436719181307542
ACMELAB,ACME Laboratories Ltd.,82.4,0.36540803897687135,-0.7228915662650534,-4.074505238649592,9.720372836218392,1.9801980198019908,15.56802244039272,0.6105006105006104,-8.546059933407314,-26.428571428571423,-38.962962962962955,1.1886801269833391,1.459663886810489
ACMEPL,ACME Pesticides Ltd,24.4,0.8264462809917326,-2.0080321285140563,3.829787234042547,4.7210300429184455,46.987951807228896,53.45911949685533,50.61728395061728,121.8181818181818,121.8181818181818,121.8181818181818,4.432921712679902,4.744716886202812
ACTIVEFINE,Active Fine Chemicals Ltd.,6.8,0.0,0.0,0.0,-1.4492753623188481,0.0,25.925925925925913,-24.444444444444446,-71.90082644628099,-72.71604930271681,-76.93913027275494,3.8674275680421406,3.178675576182925
ADNTEL,ADN Telecom Ltd.,65.6,2.3400936037441498,-1.0558069381598836,-4.9275362318840665,9.69899665551839,0.4594180704440998,13.298791018998266,-13.112582781456961,2.499999999999991,61.975308641975296,61.975308641975296,2.693192956657223,2.3403068900350714
ADVENT,Advent Pharma Ltd.,15.7,1.2903225806451568,-1.8750000000000044,0.0,12.142857142857139,10.563380281690142,17.164179104477604,5.369127516778516,-40.90774927548253,-57.37073226976381,-57.37073226976381,3.4340950657570564,3.0041539596855316
AFCAGRO,AFC Agro Biotech Ltd.,7.2,0.0,0.0,-2.702702702702705,2.85714285714286,2.85714285714286,44.00000000000001,-9.999999999999998,-77.14285714285714,-78.1407999095204,-68.57739996771957,3.6820925553319963,3.8553487001670104
AFTABAUTO,Aftab Automobiles Ltd.,29.3,0.6872852233676952,-4.248366013071897,-8.15047021943573,2.447552447552445,-4.87012987012987,-14.327485380116965,-16.99716713881019,-1.5144811994260494,-39.05047139601054,-56.92899964901443,2.1037816785045744,2.2684123588218443
AGNISYSL,Agni Systems PLC,31.7,0.9554140127388558,-0.31446540880503593,-6.764705882352943,20.07575757575758,44.090909090909086,52.40384615384614,22.86821705426356,30.991735537190085,99.43865643439321,71.04400007620899,3.0996414467800224,3.707526244026162
AGRANINS,Agrani Insurance PLC,31.6,0.9584664536741236,-3.363914373088689,0.9584664536741236,30.578512396694226,30.578512396694226,32.77310924369748,26.907630522088365,-27.668070724940872,269.998695145741,91.5340028721203,4.780463639129769,4.257050110635815
AIBL1STIMF,AIBL 1st ISLAMIC Mutual Fund 2010- Units,6.0,1.6949152542372818,-9.090909090909086,-6.250000000000005,50.0,57.894736842105274,76.47058823529412,30.43478260869566,-36.8421052631579,-16.666666666666668,-22.077922077922082,4.97685258753112,6.348541881232888
AIL,Alif Industries Ltd.,37.8,1.3404825737265416,1.6129032258064362,-1.3054830287206267,13.513513513513514,33.098591549295776,-7.125307125307139,-20.421052631578952,-4.633027627926955,-65.77646163569851,-65.77646163569851,2.995427740108596,2.8267472026228084
AL-HAJTEX,Alhaj Textile Mills Limited,96.2,2.014846235418882,-1.5353121801432958,-13.333333333333332,1.369863013698627,-36.71052631578947,-29.88338192419824,-35.13149022252192,92.0159681021988,24.312815153040262,315.4761635207296,2.595058322009396,3.5013083829789737
ALARABANK,Al-Arafah Islami Bank PLC,16.4,1.8633540372670632,2.499999999999991,-8.888888888888896,22.388059701492523,3.7974683544303662,9.333333333333323,-7.865168539325855,-38.627681732677665,40.71035970894342,-8.346711979620093,2.741604136930943,2.7376654197970685
ALIF,Alif Manufacturing Company Ltd.,5.9,0.0,5.35714285714287,5.35714285714287,11.320754716981144,34.090909090909086,47.50000000000001,5.35714285714287,-62.893081761006286,-29.24103793371166,-65.06199331215016,5.961889075273063,4.053402734027524
ALLTEX,Alltex Industries Limited,24.6,1.6528925619834798,6.034482758620699,26.15384615384616,48.192771084337345,65.10067114093961,83.5820895522388,121.62162162162164,42.19653179190752,20.000000000000007,221.92592482899315,3.511491010650511,4.15723824090988
AMANFEED,Aman Feed PLC,39.0,0.5154639175257806,0.25706940874036355,2.6315789473684212,21.875,58.53658536585365,69.56521739130434,59.183673469387756,-45.833333333333336,-35.11375045111354,16.298852118968096,3.7777676536851486,3.3389195987035074
AMBEEPHA,Ambee Pharmaceuticals PLC,789.0,1.0631484565133795,-0.13922288317934725,-5.282112845138055,1.1797896896640223,2.361183186299954,9.583333333333334,-6.627218934911243,67.94380587484035,54.705882352941174,322.113242881023,1.7432007131815437,1.8600974551624352
AMCLPRAN,Agricultural Marketing Co. Ltd.,232.0,0.8695652173913043,-0.4291845493562232,-2.233459755583654,8.461898083216454,6.764841233317988,14.681166584280765,-3.45401581356638,9.900521080056848,0.04312203536006654,88.6178861788618,2.3809195964587837,2.502922340415604
ANLIMAYARN,Anlima Yarn Dyeing Ltd.,34.5,0.877192982456132,-2.542372881355928,-2.542372881355928,45.56962025316456,84.49197860962568,65.86538461538461,56.10859728506786,-21.052631578947373,9.523809523809524,72.5,4.420237955228658,4.529793538602121
ANWARGALV,Anwar Galvanizing Ltd.,114.2,0.6167400881057294,1.0619469026548698,-3.220338983050845,16.530612244897963,10.873786407766993,31.87066974595844,34.828807556080285,-39.71847555556597,208.3399979772896,1313.2249913969931,2.974679636951938,2.49259993915353
AOL,Associated Oxygen Ltd,19.2,1.587301587301591,2.6737967914438503,10.3448275862069,16.36363636363636,18.51851851851852,26.315789473684212,37.14285714285713,-60.793893164338215,47.91679919793594,47.91679919793594,2.963069054190807,2.661466024796208
APEXFOODS,Apex Foods Limited,290.4,0.7633587786259503,-1.2580754845290871,-1.5593220338983127,3.3451957295373584,19.260780287474326,18.14483319772171,11.435149654643112,90.80157687253613,122.5287356321839,305.58659217877096,3.6198955011100744,2.9680595753440637
APEXFOOT,Apex Footwear Ltd.,217.3,1.399906672888474,0.0,-1.5851449275362317,8.976930792377134,12.01030927835052,21.193530395984382,15.683560477001707,67.5980214436086,7.538107239931737,63.06250797186096,1.3206312597297614,1.7815910243100148
APEXSPINN,Apex Spinning and Knitting Mills Ltd.,352.5,1.0607798165137583,-0.423728813559322,-10.099464422341244,-4.986522911051213,56.666666666666664,95.83333333333333,123.24255858138062,161.11111111111111,232.8611898016997,403.57142857142856,3.995536834081177,3.9899275135869905
APEXTANRY,Apex Tannery Limited.,107.6,1.701323251417767,1.5094339622641455,-4.609929078014186,-4.862953138815208,49.860724233983284,80.53691275167783,32.18673218673217,-8.11272416737831,-27.8336686787391,47.195622435020525,4.791713061756848,3.6967150041398087
APOLOISPAT,Appollo Ispat Complex Ltd.,3.4,3.030303030303033,3.030303030303033,13.33333333333333,0.0,41.66666666666667,100.0,3.030303030303033,-74.6268656716418,-72.30444460154703,-86.04144003242504,6.761363636363635,6.484659919916267
ARAMIT,Aramit Limited,214.0,0.4694835680751174,5.783489866534843,3.1325301204819276,26.927639383155405,22.215876641918907,17.776554760594394,-3.6036036036036037,-34.53655552156623,-52.967032967032964,0.9433962264150944,5.470483430232999,4.025679115672831
ARAMITCEM,Aramit Cement Limited,13.3,3.1007751937984525,-0.7462686567164153,2.3076923076923133,24.29906542056076,14.655172413793114,51.13636363636363,3.1007751937984525,-77.06896551724138,-63.956639566395665,-63.19882528879438,7.256289455737623,5.337428847179019
ARGONDENIM,Argon Denims Ltd.,23.0,1.3215859030837036,-1.2875536480686725,9.523809523809524,29.213483146067407,31.428571428571427,30.681818181818173,28.49162011173185,-10.769301635714239,34.62871293676143,-40.34912389038757,3.2026574902674936,4.2115910994608745
ASIAINS,Asia Insurance PLC,46.2,1.5384615384615448,1.0940919037199124,3.355704697986577,22.22222222222224,12.682926829268299,68.00000000000001,79.76653696498056,-52.857142857142854,278.6885245901639,39.798271221716405,3.9288519446825725,3.654571595397125
ASIAPACINS,Asia Pacific General Insurance PLC,54.5,2.2514071294559157,0.18382352941176733,15.71125265392781,27.039627039627046,34.90099009900991,72.46835443037975,64.15662650602408,-18.898809523809526,275.86206896551727,60.766961651917406,3.1716461474276443,4.1449077275773245
ASIATICLAB,Asiatic Laboratories Ltd,121.9,1.7529215358931625,7.87610619469027,-8.689138576779023,1.7529215358931625,87.53846153846155,152.9045643153527,133.52490421455937,112.73996509598607,112.73996509598607,112.73996509598607,3.412598216606841,4.073303535952435
ATLASBANG,Atlas Bangladesh Limited,88.0,0.6864988558352337,-5.376344086021505,-11.11111111111111,24.118476727785605,66.9829222011385,55.202821869488524,36.434108527131784,-28.513403736799347,-9.102438977012659,-21.765648894223826,4.293259907666316,4.134188794536466
AZIZPIPES,Aziz Pipes Limited.,81.0,0.37174721189590726,-3.3412887828162257,6.299212598425193,36.134453781512605,85.35469107551486,73.0769230769231,36.36363636363637,-31.06382978723404,74.28926711555758,420.93125380475163,2.4677319951813246,3.554276800160811
BANGAS,Bangas Limited,136.7,1.1843079200592113,-0.3644314868804665,-3.04964539007093,3.1698113207547083,5.559845559845551,4.831288343558269,11.500815660685152,-0.3644314868804665,-21.397500041462834,-2.50383315933117,2.749763926661055,2.132112452726372
BANKASIA,Bank Asia PLC,17.9,0.5617977528089768,-0.5555555555555635,-3.7634408602150686,3.8582883571195765,-7.516667050472499,5.551629971846913,1.1536454021132314,4.212926314049755,72.34212769568252,53.986065439630266,1.1229890768345265,1.3002868607988896
BARKAPOWER,Baraka Power Ltd.,11.5,3.603603603603607,18.556701030927844,41.97530864197532,43.75,47.43589743589744,69.11764705882354,8.490566037735851,-61.40939597315436,-49.41393628046834,-49.318491104493724,8.146742535165519,5.749378899617992
BATASHOE,Bata Shoe Co. (Bangladesh) Ltd.,916.0,0.8477375316525428,0.13117621337997873,3.1531531531531534,7.91705937794534,8.402366863905325,13.916179579654269,5.1664753157290475,37.125748502994014,-24.918032786885245,77.86407766990291,0.7304644068063084,1.1473981738789312
BATBC,British American Tobacco Bangladesh Co Ltd,243.9,0.37037037037037274,1.3715710723192067,9.61797752808989,15.10146295422369,-12.58064516129032,-1.6532258064516105,-16.185567010309274,-57.21052631578948,-15.315765444667418,161.94511263434444,2.2047949400235303,2.86197401046299
BAYLEASING,Bay Leasing and Investment Ltd.,5.3,1.9230769230769162,3.9215686274509842,17.777777777777775,15.21739130434783,15.21739130434783,60.60606060606061,26.190476190476183,-83.13636359420454,-62.7991847490471,-79.8013755921011,5.412895927601814,6.3312263951153795
BBS,Bangladesh Building Systems PLC,14.8,2.0689655172413843,-3.896103896103894,-2.631578947368412,20.32520325203252,34.545454545454554,60.86956521739132,39.622641509433976,-33.0316742081448,-40.12601587627544,-31.743657820611208,3.125548774193146,3.104576629038137
BBSCABLES,BBS Cables PLC,20.5,1.4851485148514887,-9.292035398230095,-9.691629955947134,-8.88888888888889,22.754491017964074,34.86842105263159,26.543209876543216,-65.5993148983747,-29.084146731251707,-29.084146731251707,4.3959347779280336,2.92951151801746
BDAUTOCA,Bangladesh Autocars Limited,219.5,2.1405304792926914,4.028436018957346,3.2941176470588234,-3.68582711715665,48.61205145565336,72.83464566929133,75.6,46.333333333333336,627.9936948409708,916.723397632056,4.441571697373271,3.8052969990258707
BDCOM,BDCOM Online Ltd.,31.9,1.2698412698412653,-1.8461538461538505,-13.315217391304346,14.336917562724015,19.029850746268647,22.692307692307686,41.32911424606632,31.72191079131939,88.47803285956867,165.27280460220675,2.82708832422908,3.655748575897576
BDFINANCE,Bangladesh Finance PLC,13.5,3.8461538461538463,-0.7352941176470562,3.8461538461538463,18.421052631578945,0.0,3.8461538461538463,26.16822429906543,-74.98251757943837,68.24505327202941,-16.90754533258431,3.624926597895706,4.29575493533242
BDLAMPS,Bangladesh Lamps PLC,228.1,2.424786708576563,15.845606907059416,23.36398053001622,23.43073593073592,54.121621621621614,69.59107806691449,42.02988792029888,29.82287223656724,17.33990375228192,103.38916650395532,5.42996877675748,3.7585686216215715
BDTHAI,Bangladesh Thai Aluminium Ltd.,17.0,1.1904761904761862,-8.108108108108109,-10.052910052910047,38.21138211382113,49.122807017543856,51.7857142857143,38.21138211382113,-37.72893772893773,-9.788988957658038,6.705404327129486,4.199747113268121,3.7466350330302607
BDTHAIFOOD,BD Thai Food & Beverage Ltd.,23.9,0.8438818565400814,-3.6290322580645245,1.702127659574462,8.63636363636363,52.22929936305732,65.9722222222222,61.48648648648647,97.52066115702479,97.52066115702479,97.52066115702479,4.626113709138462,4.79690230895743
BDWELDING,Bangladesh Welding Electrodes Ltd.,13.6,1.4925373134328304,-0.7299270072992675,-2.85714285714286,-11.68831168831169,-33.00492610837439,-24.86187845303868,37.37373737373737,-40.869565217391305,19.44347819647394,-38.099570659304824,1.7746066433255268,2.115620000094266
BEACHHATCH,Beach Hatchery Ltd,31.4,1.9480519480519412,-3.0864197530864197,-11.048158640226626,8.275862068965512,-1.567398119122257,-32.9059829059829,-34.446764091858036,18.045112781954877,161.66666666666666,39.113924367601335,2.815533447329095,2.5742517960731326
BEACONPHAR,Beacon Pharmaceuticals PLC,106.8,0.8498583569405018,-1.1111111111111138,-5.235137533274184,4.8086359175662325,-2.0183486238532136,2.0057306590257826,-8.639863130881102,-48.380860318994685,528.2352941176471,593.5064935064935,1.314229464849463,1.681202503807304
BENGALWTL,Bengal Windsor Thermoplastics PLC,26.8,-0.740740740740738,8.943089430894306,5.511811023622056,1.5151515151515234,42.5531914893617,54.02298850574714,38.14432989690723,-10.963455149501662,-37.80590722941658,-45.863105283114045,3.1252477928080635,2.7563952447998146
BERGERPBL,Berger Paints Bangladesh Ltd.,1492.5,-0.04687918564157818,1.015228426395939,5.926188786373315,8.854204653198169,4.334148898986369,8.073859522085446,-4.2041078305519894,-15.77789063822583,38.83075205804382,468.57142857142856,0.6616356801098081,1.414191654782259
BESTHLDNG,Best Holdings PLC,15.0,0.0,-1.9607843137254948,-8.53658536585365,13.636363636363642,8.695652173913038,11.11111111111111,-6.25,-48.97959183673469,-48.97959183673469,-48.97959183673469,2.5307900624043342,3.134688317682594
BEXIMCO,Bangladesh Export Import Company Ltd.,25.6,0.7874015748031609,-6.909090909090904,-4.8327137546468295,-76.74841053587647,-76.74841053587647,-76.74841053587647,-76.74841053587647,-74.617563677179,28.848696600458304,-35.538565698725826,5.959999443313692,6.029893938264551
BGIC,Bangladesh General Insurance Company PLC,44.4,0.680272108843531,-1.9867549668874143,2.068965517241376,22.651933701657445,24.36974789915965,43.689320388349515,40.95238095238094,-14.285714285714285,217.14285714285714,41.85303514376996,3.369706097345104,4.295639078472895
BIFC,Bangladesh Industrial Finance Company Ltd.,4.3,2.3809523809523725,-10.416666666666668,-4.444444444444448,-4.444444444444448,10.256410256410255,152.9411764705882,-28.33333333333334,-50.57471264367816,-44.155844155844164,-78.89216665724177,8.437618220942099,8.407910959460613
BNICL,Bangladesh National Insurance Company Ltd,117.1,0.515021459227463,3.080985915492958,5.211141060197662,48.22784810126582,109.10714285714285,160.2222222222222,191.2935323383084,-7.21077654516641,829.3650793650794,216.48648648648646,4.319560904583289,5.2689332866236605
BPML,Bashundhara Paper Mill Ltd.,28.5,1.0638297872340452,-0.3496503496503546,-4.362416107382552,5.555555555555555,-2.730375426621163,10.038610038610043,-12.844036697247715,-41.83673469387755,-81.61290322580645,-81.61290322580645,1.6300650185925574,1.9423221868914258
BPPL,Baraka Patenga Power Ltd.,21.1,1.4423076923076956,-1.860465116279063,1.4423076923076956,28.658536585365873,35.25641025641027,41.61073825503357,50.71428571428572,-52.04545454545455,-33.855799373040746,-33.855799373040746,2.9409570924306148,3.0603804519487845
BRACBANK,BRAC Bank PLC,63.7,0.15723270440251794,-1.0869565217391348,-1.5455950540958268,-0.9331259720062121,-10.116542986314892,15.909837775296827,5.55478022503918,135.17757502947154,273.33987632663553,867.6273127838398,0.875910364488857,1.3479632757771538
BSC,Bangladesh Shipping Corporation,117.5,0.8583690987124464,-3.6885245901639343,-5.241935483870968,16.10671936758893,0.771869639794173,4.63045414069457,-2.0833333333333335,142.2680412371134,199.090910048,135.28149826647766,2.4110476698111953,2.5552485994531255
BSCPLC,Bangladesh Submarine Cables PLC,155.4,0.12886597938145428,-0.639386189258312,-5.818181818181815,11.238367931281331,6.438356164383565,21.122369446609504,3.6000000000000036,-14.143646408839777,43.490304709141284,255.03769705277585,1.1957019765979364,2.0060089773121956
BSRMLTD,Bangladesh Steel Re-Rolling Mills Ltd.,98.7,0.5091649694501018,-0.9036144578313168,-9.449541284403667,15.573770491803275,17.220902612826603,29.357798165137623,13.05841924398626,-3.1403336604514256,-29.541593062143733,118.94949933990375,2.257820977358144,3.725695631405868
BSRMSTEEL,BSRM Steels Limited,94.1,0.965665236051493,-1.362683438155148,-5.900000000000006,32.72214386459801,26.81940700808624,48.18897637795275,43.00911854103343,39.61424332344212,1.9802954589961375,67.20846179712015,2.204831763062513,2.9703296829529684
BXPHARMA,Beximco Pharmaceuticals Plc,146.9,0.6854009595613434,0.27303754266211994,-4.299674267100974,21.908713692946062,17.520000000000003,42.62135922330098,21.404958677685954,-23.48958333333333,96.34264865721666,234.2457330196549,1.9408520911328977,2.3124934445962007
CAPITECGBF,CAPITEC GRAMEEN BDT10 (MUTUAL FUND) Units,10.2,0.9900990099009866,-8.10810810810811,22.891566265060224,45.71428571428571,43.66197183098591,49.99999999999999,43.66197183098591,-29.166666666666675,-29.166666666666675,-29.166666666666675,4.1107865102725185,5.578908318955417
CAPMBDBLMF,CAPM BDBL Mutual Fund 01 Units,9.6,1.0526315789473648,-15.044247787610628,-4.0000000000000036,-23.80952380952381,-7.692307692307699,-4.9504950495049505,10.3448275862069,-27.81954887218046,-11.111111111111121,-11.111111111111121,5.252846862956311,5.15761447255162
CAPMIBBLMF,CAPM IBBL Islamic Mutual Fund Units,12.9,0.0,-7.857142857142855,-11.643835616438352,41.758241758241766,55.42168674698794,72.0,61.25000000000001,-39.15094339622641,29.000000000000007,29.000000000000007,5.828506143842344,5.544359235191601
CENTRALINS,Central Insurance PLC,48.0,1.0526315789473684,-2.0408163265306123,8.10810810810811,18.811881188118814,10.091743119266052,17.93611793611793,21.827411167512693,-21.951219512195124,279.2600012229239,82.31489592071222,4.051068310841106,4.220280352411235
CENTRALPHL,Central Pharmaceuticals Ltd.,10.7,1.904761904761898,-6.140350877192993,0.943396226415091,22.98850574712644,20.224719101123583,21.590909090909072,0.943396226415091,-50.0,-14.50094333266675,-68.73299507775698,4.865539378636199,4.209985268976424
CITYBANK,City Bank PLC,31.3,0.0,0.0,-0.6349206349206327,16.356877323420083,24.98263849397847,47.52049134681159,43.40637408491374,77.47922629329584,156.15092893281687,208.31143585015076,1.0924284373096709,1.7863972310119574
CITYGENINS,City Insurance PLC,125.0,0.0,3.6484245439469367,16.822429906542055,20.65637065637066,47.05882352941177,44.1753171856978,121.23893805309734,181.53153153153153,1250.4464252314854,421.40313180031956,1.944403724357855,2.534632296036314
CLICL,Chartered Life Insurance PLC,49.0,-0.20366598778004363,-7.547169811320755,-10.583941605839412,-7.196969696969692,-12.966252220248665,-12.186379928315409,10.112359550561798,345.45454545454544,345.45454545454544,345.45454545454544,2.9985390060841812,4.083573522091172
CNATEX,C & A Textiles Ltd,3.6,5.882352941176476,12.499999999999996,20.000000000000004,12.499999999999996,28.571428571428584,50.00000000000001,16.129032258064516,-52.0,-49.87341777862522,-78.98009474178113,7.498599439775912,5.933280892749451
CONFIDCEM,Confidence Cement PLC,66.3,1.2213740458015223,-1.0447761194029894,-8.551724137931037,13.139931740614326,0.6069802731411099,34.21052631578947,10.499999999999996,-52.6275111059311,47.78940895336449,23.637054182454037,1.929131848182043,2.399919198895029
CONTININS,Continental Insurance PLC,37.5,0.5361930294906243,1.6260162601626056,5.633802816901408,8.381502890173406,43.12977099236641,54.95867768595041,61.63793103448276,-17.452829991396705,304.6746474269706,63.324158923176476,4.240225770449793,4.303884196421642
COPPERTECH,Coppertech Industries Ltd,26.5,1.5325670498084236,-5.357142857142857,-1.1194029850746294,5.577689243027883,29.901960784313733,40.21164021164022,26.79425837320575,-35.590277616753475,2.256875773164235,2.256875773164235,3.6882284479781378,3.401309205619895
CROWNCEMNT,Crown Cement PLC,67.0,0.9036144578313166,-2.898550724637681,-3.318903318903315,39.00414937759336,34.0,43.16239316239317,32.41106719367588,-22.363847045191193,-11.37566137566137,-17.079207920792076,3.36025446244795,3.8396130547119585
CRYSTALINS,Crystal Insurance Company Ltd,71.0,1.1396011396011354,-0.6993006993006993,-2.338376891334254,6.927710843373485,-9.090909090909085,23.47826086956522,61.73120728929385,44.629629485,420.666666146,420.666666146,3.0488825797341224,3.2274918557490864
CVOPRL,CVO Petrochemical Refinery PLC,176.8,0.6260671599317148,0.28360748723766305,-1.0078387458006624,9.813664596273298,2.255639097744364,19.864406779661024,9.609423434593923,19.166666541074353,-25.564878362184462,47.59642796358168,2.8667671796162417,2.4173410433247238
DACCADYE,Dacca Dyeing and Manufacturing Company Limited,16.7,1.2121212121212077,0.0,-3.468208092485557,9.868421052631579,-11.640211640211637,-13.917525773195875,2.453987730061341,-27.705627705627712,77.6595744680851,-40.55016187386391,2.653020854726469,2.998290391706566
DAFODILCOM,Daffodil Computers PLC.,165.0,-0.18148820326679452,-0.2418379685610675,-1.6686531585220568,12.627986348122867,193.59430604982205,357.0637119113573,187.9581151832461,136.72883787661405,646.606334841629,950.955414012739,2.729412399176063,3.0985683998553184
DBH,DBH Finance PLC,44.2,0.454545454545461,1.609195402298857,4.491725768321527,19.13746630727763,13.043478260869568,26.285714285714292,14.80519480519481,-42.08352681999683,-36.25902848571816,28.885413951507346,1.5549481282316464,2.5342505159706112
DBH1STMF,DBH First Mutual Fund Units,5.5,1.8518518518518452,-6.7796610169491585,5.769230769230766,17.021276595744677,17.021276595744677,-15.384615384615385,-8.333333333333334,-43.87755102040816,-9.836065573770487,-25.675675675675677,4.782628622251265,5.2601373435302365
DELTALIFE,Delta Life Insurance Company Ltd.,79.0,1.6731016731016692,-4.009720534629401,-5.727923627684961,6.756756756756757,0.25380710659898836,16.51917404129794,7.046070460704611,-43.490701001430615,-15.68836712913554,-97.65333523442884,2.9916510175278836,3.207676051149451
DELTASPINN,Delta Spinners Limited,7.8,2.631578947368424,0.0,6.8493150684931505,18.181818181818183,29.999999999999996,56.0,39.28571428571429,-39.06250000000001,20.99999984487179,-50.214986655041,2.870813397129189,3.6384077014891942
DESCO,Dhaka Electric Supply Co. Ltd.,25.1,0.40000000000000563,-3.461538461538456,-5.283018867924523,18.39622641509435,7.264957264957277,22.439024390243908,-0.7905138339920921,-34.8051948051948,-53.43228200371057,-62.24212024944484,2.377523183284319,2.8045149187601632
DESHBANDHU,Deshbandhu Polymer Limited,20.8,1.960784313725501,-6.3063063063063005,-3.255813953488369,14.9171270718232,23.07692307692309,22.35294117647059,5.05050505050505,11.827956989247308,93.89830485469693,-3.938835329306598,3.7316712575150994,4.201845267548358
DGIC,Desh General Insurance Company Ltd,33.7,1.2012012012012183,-6.6481994459833755,-3.714285714285706,31.640625000000004,50.4464285714286,71.06598984771576,52.488687782805435,-29.052631578947363,124.66666666666669,124.66666666666669,3.3089530716508206,4.512618511892567
DHAKABANK,Dhaka Bank PLC,12.5,1.6260162601625958,3.3057851239669453,0.8064516129032229,12.612612612612615,-9.420289855072467,10.619469026548666,1.6260162601625958,-5.754032172930011,23.71807634678519,-2.396335423095202,2.123150739704119,2.1270808476785317
DHAKAINS,Dhaka Insurance Limited,49.4,1.4373716632443443,-6.439393939393938,7.860262008733628,26.020408163265294,23.499999999999996,37.222222222222214,37.222222222222214,-36.25806451612903,238.3561643835616,3.64313717198745,4.149574619005674,4.598006436265094
DOMINAGE,Dominage Steel Building Systems Ltd,64.7,-4.431314623338257,-18.101265822784807,-13.61815754339119,-12.567567567567565,86.45533141210375,123.87543252595158,322.87581699346407,116.35350372559714,389.1319991684756,389.1319991684756,5.932866765399672,4.945275717953223
DOREENPWR,Doreen Power Generations & Systems Ltd.,34.3,0.8823529411764622,-2.2792022792022912,8.88888888888888,19.09722222222221,15.100671140939586,21.631205673758856,33.98437499999998,-42.78468048663877,36.95719598293044,-13.716966543156602,2.985792934084341,3.230190951564579
DSHGARME,Desh Garments Limited.,191.0,1.4877789585547352,15.199034981905903,17.46617466174662,55.28455284552845,71.91719171917192,64.0893470790378,46.92307692307692,12.956989134354846,67.16165470197905,1772.2105404616325,5.6849173217321045,4.81816787838443
DSSL,Dragon Sweater & Spinning Ltd.,12.7,2.4193548387096686,-6.617647058823532,2.4193548387096686,33.68421052631578,44.3181818181818,49.41176470588235,18.69158878504673,-32.35869531323216,135.0274521687304,39.84718006695375,3.764323920138269,3.891231878204559
DULAMIACOT,Dulamia Cotton Spinning Mills Limited,203.2,-0.24545900834560627,-4.105710240679573,5.833333333333328,47.139753801593045,43.09859154929577,50.51851851851851,81.42857142857142,238.66666666666663,2440.0,2108.695652173913,4.761947795275726,5.918541315164028
DUTCHBANGL,Dutch-Bangla Bank PLC,49.0,1.2396694214876063,0.2044989775051154,-3.543307086614168,24.365482233502544,23.975903908713892,33.2901557736399,19.09722251996527,-6.719801022446547,133.50593424833158,114.38260334700594,1.853556547816181,2.9039440438600943
EASTERNINS,Eastern Insurance PLC,68.3,2.398800599700141,4.754601226993856,9.630818619582666,22.1824686940966,24.408014571948996,36.32734530938123,55.93607305936074,-34.89037178265015,206.2780269058296,87.12328767123286,3.861797759885198,4.03349841759776
EASTLAND,Eastland Insurance PLC,30.5,0.9933774834437109,-1.2944983818770182,0.993377483443711,18.21705426356589,36.77130044843049,63.101604278074866,65.7608695652174,-20.572916666666664,124.67987728948647,-14.148636535569011,3.6708586032922437,4.058484366063952
EASTRNLUB,Eastern Lubricants Blenders PLC,2045.9,0.6246311233523533,-2.1100478468899477,2.7625696920990506,4.5800746306803735,26.048918735752583,23.172787477423242,19.68993699905422,193.81666791110547,209.91193606243172,1601.9330488269889,2.3044817610672403,2.7603604406056896
EBL,Eastern Bank PLC,24.2,0.8333333333333304,0.0,-0.8196721311475381,3.418803418803422,-5.9396229712531765,2.1557373096925576,-6.293233414907822,0.4544391541636124,75.28043975851679,83.07376247659039,0.9145919778699813,1.1266692287332618
EBL1STMF,EBL First Mutual Fund Units,4.7,4.444444444444448,-5.9999999999999964,4.444444444444448,23.6842105263158,30.555555555555557,51.61290322580645,14.63414634146343,-46.59090909090909,21.72247979044258,-31.451024655863183,4.82540016258795,5.4850151963530465
EBLNRBMF,EBL NRB Mutual Fund,3.6,0.0,-7.692307692307688,5.882352941176476,16.129032258064516,33.33333333333333,56.5217391304348,5.882352941176476,-52.0,-9.202857153039393,-47.59996012822744,4.97247623563413,5.888546602942887
ECABLES,Eastern Cables Ltd.,143.7,1.3399153737658513,1.9872249822569077,-2.1783526208305086,19.949916527545902,20.351758793969832,28.189116859946473,10.79414032382421,-3.5570469798657793,-6.012432620864812,246.3685251933276,3.6991575034654383,3.4752660543434395
EGEN,eGeneration PLC,26.8,0.7518796992481176,0.0,-2.5454545454545427,15.51724137931035,21.81818181818182,35.35353535353535,27.619047619047624,-56.49350649350649,78.66666666666667,78.66666666666667,1.7231889201967752,2.189194751723691
EHL,Eastern Housing Ltd.,93.1,1.7486338797814145,-0.5341880341880342,-4.805725971370146,13.260340632603395,15.652173913043473,27.185792349726764,4.022346368715078,68.96551724137929,173.0586599005237,138.15023318541472,2.1036102478247347,2.515112788695669
EIL,Express Insurance Ltd.,34.3,0.5865102639296063,-2.000000000000008,1.7804154302670454,24.27536231884056,14.333333333333323,21.631205673758856,6.8535825545171205,-6.539509536784756,128.66666666666666,128.66666666666666,3.24032861847858,3.4130533992797067
EMERALDOIL,Emerald Oil Industries Ltd.,29.0,1.7543859649122806,-1.3605442176870701,3.5714285714285716,71.5976331360947,93.33333333333333,101.38888888888889,38.095238095238095,-10.493827160493824,-21.234567990696547,-32.51923090808543,2.361174390127534,3.709124161521867
ENVOYTEX,Envoy Textiles Ltd.,59.3,2.065404475043022,6.082289803220034,1.5410958904109564,21.765913757700194,14.92248062015503,22.268041237113398,25.635593220338972,70.40229885057472,71.69451106282354,32.3437173930634,4.342771011396001,3.342316833434777
EPGL,Energypac Power Generation PLC,19.7,2.072538860103619,-4.830917874396135,-1.9900497512437916,11.931818181818167,23.899371069182383,26.282051282051277,14.534883720930234,-64.6953405017921,-57.634408602150536,-57.634408602150536,4.044629131297399,3.3758621914432725
ESQUIRENIT,Esquire Knit Composite PLC,25.4,0.395256916996039,-2.3076923076923133,-3.0534351145038197,9.482758620689653,23.902439024390237,23.300970873786394,7.627118644067784,-35.038363171355506,-46.30021141649049,-46.30021141649049,1.6408416417680007,2.4560144032389295
ETL,Evince Textiles Ltd.,13.7,0.7352941176470562,-3.5211267605633805,-2.8368794326241162,19.130434782608692,36.99999999999999,36.99999999999999,53.932584269662904,6.20155038759689,35.63000055065779,4.959899993594382,3.5004011433216533,3.359976739361621
EXIM1STMF,EXIM Bank 1st Mutual Fund 2013- Units,7.0,1.4492753623188355,-1.4084507042253471,66.66666666666666,100.0,100.0,150.0,45.83333333333334,-23.076923076923073,31.53209005030371,-10.210735839104899,4.451273046532045,6.647093013013084
FAMILYTEX,Familytex (BD) Ltd.,2.9,7.407407407407398,7.407407407407397,26.086956521739136,3.5714285714285747,44.99999999999999,123.07692307692307,26.086956521739136,-56.71641791044776,-60.50455851414652,-91.14430749624256,8.703703703703704,7.8491083718826955
FARCHEM,FAR Chemicals Industries Ltd,20.6,5.10204081632653,-14.166666666666663,-11.206896551724128,10.75268817204301,37.33333333333334,42.06896551724139,-4.1860465116279,21.893491124260375,26.062528886907224,-8.604666556992258,7.265048494543653,6.520142863480401
FAREASTFIN,Fareast Finance & Investment Ltd.,2.1,-8.695652173913032,-4.545454545454549,61.53846153846153,0.0,90.9090909090909,250.0,-41.666666666666664,-75.86206896551725,-72.36842105263159,-88.84715030486338,4.257246376811599,6.593687097984924
FAREASTLIF,Fareast Islami Life Insurance Company Limited,22.0,1.8518518518518452,-0.4524886877828118,-4.3478260869565215,4.761904761904762,-5.172413793103446,5.769230769230766,-20.86330935251799,-63.394342762063225,-55.99999982399999,-72.02312130319088,3.1419157098076815,3.7976284710743458
FASFIN,FAS Finance & Investment Limited,2.5,-7.407407407407414,-10.714285714285708,92.3076923076923,13.636363636363628,108.33333333333334,257.14285714285717,-13.79310344827586,-70.58823529411765,-59.02871606001319,-86.75967375149744,7.407407407407403,6.6971428697434865
FBFIF,First Bangladesh Fixed Income Fund Units,3.7,2.77777777777778,-5.128205128205121,8.823529411764714,19.35483870967742,32.14285714285715,42.307692307692314,8.823529411764714,-44.776119402985074,-28.981631217918267,-50.6700838486183,6.086093612409405,6.597023857045041
FEDERALINS,Federal Insurance PLC,31.4,1.2903225806451568,4.666666666666662,7.534246575342464,25.099601593625486,47.41784037558684,63.54166666666667,56.2189054726368,-17.368421052631582,319.41644626321283,62.66703204514058,3.893405717808746,3.8809610910502195
FEKDIL,Far East Knitting & Dyeing Industries PLC.,23.8,1.7094017094017186,-0.8333333333333304,-5.55555555555555,66.43356643356643,64.13793103448276,67.60563380281691,33.70786516853932,38.37209302325582,46.566349185274305,0.04092846723009133,5.2170372644658,4.610692248779755
FINEFOODS,Fine Foods Limited,429.0,0.046641791044773465,-7.60284298944648,-12.556053811659195,-24.285210024708793,-8.66510538641686,12.835349815886378,59.06562847608455,659.29203539823,5266.4827821535,2683.2944497583167,5.216333646382111,3.950206384736888
FIRSTFIN,First Finance Ltd.,5.4,8.000000000000007,12.500000000000012,35.00000000000001,28.571428571428573,5.882352941176485,116.00000000000003,74.19354838709678,-38.63636363636364,-9.634375109144726,-84.1447258199274,7.436208879687141,6.918545934028825
FORTUNE,Fortune Shoes Ltd.,18.1,1.68539325842697,-4.73684210526315,-13.809523809523805,34.07407407407408,17.53246753246754,30.215827338129504,11.042944785276077,-65.59439638131259,-31.03199497007575,-31.03199497007575,3.531810127615711,4.236659093382875
FUWANGCER,Fu-Wang Ceramic Industry Ltd.,16.0,1.265822784810122,-6.432748538011704,-1.2345679012345636,19.402985074626862,33.333333333333336,39.130434782608695,25.984251968503944,-37.254901960784316,41.97333287381298,5.047533181515309,3.4772551745443296,4.186564197815535
FUWANGFOOD,Fu-Wang Foods Limited,11.8,1.7241379310344922,-3.2786885245901525,-7.8125,14.563106796116504,16.831683168316843,5.35714285714287,-18.62068965517241,-44.60093896713615,14.640875604468315,-29.16992197903636,3.035388251102482,3.077063455278848
GBBPOWER,GBB POWER Ltd.,16.8,4.347826086956517,29.230769230769234,100.0,102.40963855421685,110.00000000000001,162.5,140.00000000000003,-59.12408759124087,25.10638324490721,-36.40752353095657,8.949917183874039,7.12591685166544
GEMINISEA,Gemini Sea Food PLC,121.0,2.023608768971337,-3.1224979983987233,-6.707787201233608,7.364685004436555,-3.354632587859427,-11.48500365764447,-33.51648351648352,34.082748007951125,-8.250100291834318,582.916821047257,3.513006289059075,2.691491552492597
GENEXIL,Genex Infosys PLC,38.4,2.3999999999999964,-1.790281329923281,-3.517587939698489,44.36090225563909,36.65480427046263,42.750929368029745,62.025316455696206,-63.368057689189314,14.764856125477461,14.764856125477461,4.124111929928792,3.7165334272340416
GENNEXT,Generation Next Fashions Ltd.,3.4,3.030303030303033,6.249999999999991,21.428571428571434,13.33333333333333,25.925925925925913,25.925925925925913,30.769230769230763,-59.99999999999999,-38.5970150069383,-84.73838718598324,5.550356506238858,6.263794670799187
GHAIL,Golden Harvest Agro Industries Ltd.,14.8,0.680272108843547,-4.51612903225806,-4.51612903225806,12.121212121212132,29.824561403508778,38.317757009345804,8.823529411764714,-32.11009174311926,3.6126540787461927,-59.88118039557947,4.044652857466569,3.326359310459034
GHCL,Global Heavy Chemicals Ltd.,23.0,4.545454545454546,-4.166666666666667,-1.7094017094017033,9.004739336492884,16.751269035533,15.577889447236188,20.41884816753926,-46.63573085846868,-38.337801608579085,-72.12121212121212,5.3394273767408365,5.0820297536434165
GLDNJMF,ICB AMCL CMSF GOLDEN JUBILEE MUTUAL FUND,9.2,2.2222222222222143,-8.000000000000007,12.195121951219512,48.38709677419353,48.38709677419353,50.819672131147534,33.333333333333314,-16.36363636363637,-16.36363636363637,-16.36363636363637,5.469395723788464,5.875359787672911
GLOBALINS,Global Insurance PLC,48.4,0.6237006237006177,6.607929515418502,7.079646017699105,48.92307692307691,61.33333333333333,89.80392156862744,79.25925925925925,-18.92797319932999,482.0493580044285,104.34031373889944,4.764453758956043,4.417391960538098
GOLDENSON,Golden Son Limited,15.8,1.282051282051289,-4.242424242424238,-4.242424242424238,6.04026845637584,56.43564356435645,56.43564356435645,43.63636363636364,-18.97435897435897,-29.14798206278027,-60.1010101010101,3.043210230046749,2.930353266045769
GP,Grameenphone Ltd.,250.9,-0.1988862370723946,-2.751937984496122,-2.6764934057408865,5.02302218501465,-6.029962546816478,-3.499999999999998,-18.006535947712415,-30.26681489716509,-7.4852507374631205,46.21212121212122,1.3953943999765255,0.8185734941159976
GPHISPAT,GPH Ispat Limited,18.3,2.8089887640449436,-2.6595744680851063,-8.040201005025114,17.307692307692314,5.172413793103461,13.66459627329192,-4.687499999999993,-60.86520266376622,-6.809065876839375,-2.27769529774959,3.0004870844794462,2.7068172150740892
GQBALLPEN,G.Q. Ball Pen Industries Limited,526.4,0.5539637058261657,-7.3239436619718346,-12.325116588940707,-21.197604790419163,8.580858085808574,17.57873576055394,69.04303147077714,295.7894736842105,612.3139377537212,288.0512808871282,4.592325667714813,4.19700992773015
GRAMEENS2,Grameen Mutual Fund One - Grameen Two Units,13.4,1.5151515151515234,-2.8985507246376834,3.0769230769230798,11.66666666666667,6.349206349206355,22.93577981651376,0.0,-34.95145631067962,27.853211262534806,-26.820091406937653,3.1595626616704435,3.029687645442727
GREENDELMF,Green Delta Mutual Fund 2010 Units,4.9,4.255319148936174,-9.25925925925926,19.512195121951237,44.11764705882355,58.06451612903226,63.33333333333334,22.500000000000007,-48.95833333333333,-15.517241379310336,-31.94444444444444,5.776639166304817,6.977089463188774
GREENDELT,Green Delta Insurance PLC,73.5,1.9417475728155422,3.5211267605633805,7.456140350877184,27.16262975778547,24.787775891341262,37.12686567164179,53.125,-34.316353887399465,104.61757274923768,40.99070378254988,3.7361681947505985,3.4385468486338016
GSPFINANCE,GSP Finance Company PLC,4.2,2.4390243902439157,-4.545454545454549,13.513513513513512,7.6923076923077,7.6923076923077,162.5,-10.638297872340425,-80.7930444216429,-54.463495342285604,-71.12571635473546,7.890243902439025,7.282059632488394
HAKKANIPUL,Hakkani Pulp & Paper Mills PLC,80.4,0.751879699248131,-2.308626974483586,-4.739336492890995,3.076923076923084,5.789473684210534,18.759231905465292,7.200000000000007,-1.3496932515337354,51.69811320754718,332.258064516129,3.3484453464493953,2.8493075374311276
HAMI,Hami Industries PLC,160.0,-0.062460961898809696,0.0,-3.0303030303030303,-14.893617021276595,10.192837465564747,48.69888475836432,53.84615384615385,-8.519153802172672,-8.519153802172672,-8.519153802172672,2.1792547177452923,3.132268416305626
HEIDELBCEM,Heidelberg Materials Bangladesh PLC,222.3,-1.024042742653599,2.0661157024793386,-9.780844155844154,11.26126126126126,-6.281618887015168,1.5532206486980382,-11.398963730569946,-31.80981595092024,-58.917020883385696,-15.795454545454541,2.107586953115658,2.4632957325603675
HFL,Hamid Fabrics PLC,16.0,0.6289308176100606,1.265822784810122,14.285714285714286,8.108108108108103,119.1780821917808,146.15384615384616,97.53086419753087,-21.182266009852217,-1.2345679012345636,-72.04658895086115,3.0134045856221614,3.9695521488724363
HRTEX,H.R. Textile Mills Ltd.,20.7,1.4705882352941213,2.4752475247524752,-5.045871559633034,5.612244897959172,11.89189189189189,13.114754098360647,-24.72727272727273,-67.42489273695041,-8.185483970927098,-26.661042827577923,2.3554457422313098,3.1338945994414487
HWAWELLTEX,Hwa Well Textiles (BD)PLC,48.3,1.4705882352941086,-4.921259842519685,1.0460251046025104,15.550239234449762,14.999999999999995,8.295964125560527,-7.824427480916033,11.290322580645158,58.36065573770491,20.749999999999993,2.613339834778476,2.8640945053909914
IBNSINA,BN SINA Pharmaceutical Industry PLC,317.6,-0.2512562814070209,-1.3358185771978734,-4.135224871717473,3.116883116883124,-5.504314192204701,0.8253968253968326,3.452768729641701,22.862669245647975,55.19646161238581,430.21043792685214,1.0650746812665317,1.4434609688683835
IBP,Indo-Bangla Pharmaceuticals Ltd.,18.3,1.6666666666666705,-4.188481675392674,-2.1390374331550728,27.083333333333336,38.63636363636365,63.39285714285716,41.860465116279066,-19.103004601892767,-30.14560635707596,-30.14560635707596,4.6717528769174885,4.581747823773256
ICB,Investment Corporation of Bangladesh,44.2,0.6833712984054767,-3.282275711159737,-6.947368421052626,4.000000000000007,9.677419354838724,21.095890410958912,-15.969581749049427,-61.32500005897937,-43.80764190480959,-59.589484974075,2.2091616561232534,2.4625461823825407
ICB3RDNRB,ICB AMCL Third NRB Mutual Fund 2010 Units,6.0,0.0,-7.6923076923076925,5.263157894736839,33.333333333333336,33.333333333333336,46.341463414634156,33.333333333333336,-23.076923076923073,30.43478260869566,-15.49295774647887,5.612744319084696,5.562428627639286
ICBAGRANI1,ICB AMCL First Agrani Bank Mutual Fund Units,8.6,2.3809523809523725,-6.52173913043478,0.0,30.303030303030305,30.303030303030305,34.374999999999986,22.857142857142854,-7.5268817204301195,0.0,0.0,6.007386828545152,5.643515092488632
ICBAMCL2ND,ICB AMCL Second Mutual Fund Units,8.1,5.194805194805188,-8.988764044943828,12.499999999999991,37.288135593220325,28.57142857142857,44.642857142857146,37.288135593220325,-27.027027027027028,58.82352941176471,6.578947368421053,5.441250184284241,5.329651879052592
ICBEPMF1S1,ICB Employees Provident Mutual Fund One Scheme One Units,6.5,4.838709677419352,-8.450704225352109,3.1746031746031775,3.1746031746031775,35.41666666666667,91.17647058823529,30.0,-21.686746987951814,4.838709677419351,-21.686746987951814,4.651054570310751,5.504582595029079
ICBIBANK,ICB Islamic Bank Limited,2.7,0.0,0.0,0.0,3.8461538461538494,3.8461538461538494,12.500000000000012,-9.999999999999995,-59.701492537313435,-30.769230769230763,-64.0,3.8461538461538463,4.493427300444832
ICBSONALI1,ICB AMCL Sonali Bank Ltd 1st Mutual Fund 2013- Units,6.3,3.2786885245901667,-13.698630136986301,-1.5625000000000082,34.042553191489354,34.042553191489354,49.99999999999999,23.529411764705888,-30.76923076923077,-4.545454545454543,-47.5,5.647813470597678,5.42437950150663
ICICL,Islami Commercial Insurance PLC.,38.3,0.7894736842105189,-1.0335917312661644,21.202531645569604,32.068965517241374,65.08620689655172,70.98214285714285,83.2535885167464,162.32876712328763,162.32876712328763,162.32876712328763,2.9256332962109974,3.744684666612212
IDLC,IDLC Finance PLC.,46.1,1.0964912280701753,1.5418502202643234,5.011389521640098,27.700831024930746,17.773722907127436,35.20949754472765,23.167939222763838,-17.64427022300017,25.183016721864004,-2.4964894030213016,2.5447910900407016,3.2115608437328613
IFADAUTOS,IFAD Autos PLC,25.2,1.6129032258064457,-3.0769230769230798,-3.0769230769230798,7.692307692307695,11.013215859030838,16.129032258064516,7.692307692307695,-51.80027489087431,-47.67759268221652,43.35031531895676,2.462855518342467,3.100327289594213
IFIC,IFIC Bank PLC,4.8,0.0,-2.040816326530623,-4.0000000000000036,14.285714285714276,-26.153846153846157,2.1276595744680775,-23.80952380952381,-68.64566471375994,-23.860289538475648,-54.822631136852145,2.482993197278914,2.8556071226501056
IFIC1STMF,IFIC Bank 1st Mutual Fund Units,4.3,2.3809523809523725,-6.52173913043478,7.499999999999996,22.857142857142854,48.275862068965516,71.99999999999999,19.444444444444436,-40.277777777777786,5.670213006525798,-33.37621952564176,5.6177486722013175,6.6308681838304775
IFILISLMF1,IFIL Islamic Mutual Fund - 1 Units,5.5,1.8518518518518452,-8.333333333333334,5.769230769230766,34.14634146341464,41.02564102564103,61.76470588235294,27.90697674418605,-21.428571428571427,-22.535211267605632,-12.698412698412696,4.3295920775631735,5.1081571250530455
ILFSL,International Leasing and Financial Services Ltd.,2.1,-8.695652173913032,0.0,61.53846153846153,0.0,75.00000000000001,250.0,-29.999999999999996,-74.6987951807229,-67.5052629868698,-87.22620679006234,6.086956521739136,8.364952107236203
INDEXAGRO,Index Agro Industries Ltd,74.1,1.091405184174621,0.13513513513512745,-2.8833551769331622,5.555555555555543,5.555555555555543,10.762331838565004,-3.5873603600361474,-43.782514310323336,3.740000259349986,3.740000259349986,4.830049982953306,2.838185393371858
INTECH,Intech Ltd.,26.6,0.7575757575757683,-0.7462686567164153,-3.9711191335739997,-21.301775147928982,-13.355048859934847,-16.08832807570977,25.47169811320756,-27.717391304347817,149.83538454523853,118.32836626997857,2.583059687818912,2.5254424898129613
INTRACO,Intraco Refueling Station PLC,22.8,3.1674208144796343,-4.999999999999997,3.63636363636364,31.034482758620705,16.326530612244895,11.219512195121954,2.7027027027027093,1.7520656498293943,-50.964275879596705,-50.964275879596705,3.756437370596662,3.7983715768112587
IPDC,IPDC Finance PLC,34.8,2.052785923753653,16.778523489932873,7.739938080495357,95.4010700620778,79.11764750661763,91.30890094924756,92.31578995447367,27.62815785597017,182.1229872503977,565.7472072799013,3.835155493093282,4.535885366824117
ISLAMIBANK,Islami Bank Bangladesh PLC,28.5,-1.041666666666669,-5.0,-13.109756097560968,-12.57668711656442,-37.086092715231786,-13.636363636363637,-38.04347826086956,-3.0612244897959138,-7.166123778501627,-27.093023328720932,2.906909623101511,2.202516480401157
ISLAMICFIN,Islamic Finance & Investment PLC,11.9,0.8474576271186409,-1.6528925619834653,0.0,12.264150943396233,7.2072072072072135,25.263157894736846,54.54545454545455,-58.68055555555554,7.003139495491639,-34.747539885060405,2.616533793004375,2.551953525751412
ISLAMIINS,Islami Insurance Bangladesh Limited,65.4,0.925925925925939,-0.6079027355622971,2.6687598116169586,33.74233128834357,63.500000000000014,74.4,66.83673469387756,8.099173553719018,510.10654021841066,247.25899496452476,2.3023473128574703,3.3699966130041434
ISNLTD,Information Services Network Ltd.,61.7,0.98199672667758,2.152317880794709,-0.6441223832528157,8.626760563380293,-19.34640522875817,-21.301020408163268,23.89558232931728,37.111111111111114,409.26984191653315,308.3418198003366,4.1320061149743665,2.7716859384452732
ITC,IT Consultants PLC,47.2,1.5053763440860277,-4.259634888438122,-9.05587668593448,21.64948453608249,16.831683168316843,22.597402597402603,16.831683168316843,7.762557077625584,65.27244663158189,60.66184188285857,2.984964471330495,3.3014207531872914
JAMUNABANK,Jamuna Bank PLC,24.4,0.0,1.2448132780082868,2.092050209205021,-2.0080321285140563,-0.40816326530612823,15.63981042654027,12.96296296296295,36.568609207481806,200.97959359588944,108.50961992074313,1.3223366289295237,1.2159336173601407
JAMUNAOIL,JAMUNA OIL PLC,180.3,0.11104941699057026,-1.4215418261344965,-2.698327037236913,8.158368326334747,2.9697315819531793,6.560283687943277,-5.105263157894731,-0.9340659340659279,-4.6031746031745975,12.30464314650544,1.082162084594617,1.0533873963953226
JANATAINS,Janata Insurance PLC,36.0,0.8403361344537735,-0.5524861878453117,0.5586592178771029,4.651162790697679,35.33834586466165,48.148148148148145,46.341463414634134,-4.813558943224128,346.16229928967584,-80.74638079611674,2.7741092884583747,3.3005361491059064
JHRML,JMI Hospital Requisite Manufacturing Ltd,52.0,1.9607843137254901,-1.8867924528301887,-0.7633587786259515,5.263157894736844,12.311015118790502,23.22274881516587,-2.621722846441945,136.36363636363637,136.36363636363637,136.36363636363637,4.467131763751329,3.0055282873462787
JMISMDL,JMI Syringes & Medical Devices Ltd.,146.8,1.6620498614958488,-2.328675981370592,-3.2938076416337285,17.44000000000001,16.507936507936517,24.406779661016955,-8.249999999999993,-46.33118296743913,18.838094857813335,323.88110270202964,3.3066665340861343,3.3347932169004832
JUTESPINN,Jute Spinners Limited,223.0,0.3600360036003652,-0.44642857142857145,-8.53158326497129,0.044863167339611626,0.45045045045045046,14.241803278688531,-6.459731543624163,33.532934131736525,259.6774193548387,235.33834586466165,3.291885711210956,4.232500999685026
KARNAPHULI,Karnaphuli Insurance PLC,59.4,3.484320557491289,4.577464788732397,21.72131147540984,75.2212389380531,88.57142857142857,108.42105263157895,96.03960396039604,44.8780487804878,542.0441211358132,117.60419466095941,4.609984820507253,5.260566591589832
KAY&QUE,Kay and Que (Bangladesh) Ltd.,424.0,0.6886725243410062,-0.6793159990630071,-3.4608378870673926,-6.813186813186813,-15.233906437425029,12.347641759406471,30.651162294223266,78.5371785552186,1937.2499624021673,2034.683656345374,2.6578043022636617,2.1528337403654385
KBPPWBIL,Khan Brothers PP Woven Bag Industries Ltd,39.2,1.2919896640826873,0.0,-4.390243902439018,-19.00826446280991,-20.808080808080803,-18.33333333333333,-67.33333333333333,148.1012658227848,81.30000001359753,17.112084739888186,3.4527528745897196,2.894649104055463
KDSALTD,KDS Accessories Ltd.,49.7,0.6072874493927213,-1.5841584158415785,-6.75422138836772,4.852320675105495,17.494089834515382,20.924574209245744,15.850815850815861,-1.3516065684622651,2.9183212276048063,-4.752524423281981,1.688923565471104,2.1519114104691672
KEYACOSMET,Keya Cosmetic Ltd.,5.6,3.7037037037036904,0.0,7.692307692307681,24.44444444444444,5.660377358490563,24.44444444444444,21.73913043478261,-46.66666666666667,-23.301627815024066,-64.17310924849195,3.3131313131313047,3.895596855680889
KOHINOOR,Kohinoor Chemical Company (Bangladesh) PLC,560.0,1.101281819823077,2.3953190711281813,3.6461225245234217,12.4272234491066,8.485083301046096,12.022404480896183,16.888045423908917,94.840142719486,297.16580549272436,1112.3105354037057,2.0167787833622812,2.4981679917024655
KPCL,Khulna Power Company Ltd.,12.1,0.8333333333333304,9.999999999999998,15.238095238095235,13.084112149532714,9.999999999999998,15.238095238095235,16.34615384615384,-71.99074074074073,-78.46278319382493,-71.99298593080331,5.9873144682686785,3.6308275923839015
KPPL,Khulna Printing & Packaging Ltd,15.0,1.3513513513513467,-1.9607843137254948,-1.9607843137254948,0.671140939597313,-5.6603773584905674,-6.25,-19.354838709677423,-10.17964071856287,57.89473684210526,-56.46437999202874,2.278443686586269,2.982050132294444
KTL,Kattali Textile Ltd.,12.1,2.542372881355923,5.217391304347823,14.150943396226415,30.107526881720414,27.36842105263157,4.310344827586207,-3.200000000000003,-63.554216867469876,-36.75088040043271,-36.75088040043271,3.6301742081679897,4.267469510628177
LANKABAFIN,LankaBangla Finance PLC,17.5,1.1560693641618456,0.0,1.7441860465116321,34.61538461538461,11.464968152866247,42.27642276422763,0.0,-57.00245700245701,-3.032402621415148,-38.88244245921044,3.3671604361155287,3.6927021221028733
LEGACYFOOT,Legacy Footwear Ltd.,72.2,0.13869625520112142,-7.435897435897433,2.4113475177305004,6.646971935007385,28.469750889679712,33.21033210332103,5.710102489019042,-1.634877384196189,175.09939652683713,361.05600891537745,2.919720177846786,3.5512496842463745
LHB,LafargeHolcim Bangladesh PLC,57.1,0.17543859649123056,-0.695652173913041,-6.3934426229508174,16.768916155419227,4.963235294117652,21.231422505307854,-1.0398613518197597,-15.407407407407405,-24.370860927152314,685.6448740781124,1.3321779026759457,2.068437649068477
LIBRAINFU,Libra Infusions Ltd.,611.0,-0.6827048114434403,-3.9610185476265394,-7.142857142857143,3.314169766655398,-8.601346297681376,-3.930817610062893,-23.625,35.57692239903846,37.52657232778398,418.77358436731043,2.1768129244422925,1.7026679466484327
LINDEBD,Linde Bangladesh Limited,715.4,0.16802016241948076,-0.6388888888888921,-4.980741134280781,10.571870170015453,-15.045719035743977,-5.744400527009225,-24.63126843657818,-48.60632183908046,-48.22695035460993,38.77788554801163,0.7569404235219757,1.0534711083464432
LOVELLO,Taufika Foods and Lovello Ice-cream PLC,67.0,1.2084592145015063,-1.9033674963396738,-9.45945945945946,-11.609498680738783,-2.474526928675404,-1.7595307917888603,-19.137930832327587,128.94970448679115,415.90000067582895,415.90000067582895,2.5769270211227395,2.638326164802839
LRBDL,Lub-rref (Bangladesh) Ltd,15.9,2.580645161290325,1.2738853503184782,6.7114093959731544,59.0,55.882352941176485,60.6060606060606,11.971830985915501,-68.32669322709164,-60.74074074074074,-60.74074074074074,3.4836790593082556,4.0994717553168165
LRGLOBMF1,LR Global Bangladesh Mutual Fund One Units,4.6,4.545454545454529,-6.122448979591851,17.948717948717942,35.29411764705882,35.29411764705882,64.28571428571428,27.777777777777764,-47.727272727272734,-25.806451612903235,-50.0,5.6841215111335375,6.068790428329365
MAGURAPLEX,Magura Multiplex PLC,92.4,1.0940919037199124,0.544069640914037,-1.702127659574462,13.513513513513512,-0.21598272138227714,10.131108462455304,-7.135678391959793,-39.039707048519496,417.05699251466837,417.05699251466837,3.1423940860979274,2.3113050324076387
MAKSONSPIN,Maksons Spinning Mills PLC,6.7,1.5151515151515234,6.349206349206355,15.51724137931035,19.642857142857153,17.543859649122805,42.5531914893617,-1.4705882352941124,-70.48458149779736,-0.9154927833019249,-58.5014042976134,4.934024309024307,4.422783413374903
MALEKSPIN,Malek Spinning Mills PLC,50.4,1.2048192771084365,10.769230769230766,17.209302325581394,80.0,69.6969696969697,74.39446366782008,59.99999999999999,29.56298200514139,198.22485207100593,101.6,4.117182321195289,4.217452040697352
MARICO,Marico Bangladesh Limited.,2729.0,0.19826699955941002,0.33088235294117646,-1.108856355993619,-1.1231884057971016,-2.2214260121820137,2.8608043420903884,-6.058519793459553,16.305830207978175,118.30253579713624,626.7643142476697,0.3895704439002441,0.5431355135937457
MATINSPINN,Matin Spinning PLC,64.3,0.6259780907668209,6.280991735537185,11.24567474048443,37.1002132196162,29.37625754527162,38.27956989247311,21.320754716981128,11.053540587219342,68.76640419947505,42.888888888888886,2.890359162360295,3.392651689726291
MBL1STMF,MBL 1st Mutual Fund 2010- Units,8.5,0.0,2.409638554216859,84.78260869565219,136.11111111111111,112.5,150.0,97.67441860465117,0.0,46.55172413793104,23.188405797101446,5.072690022232811,5.626155343606872
MEGCONMILK,Meghna Condensed Milk Industries Ltd.,34.7,2.058823529411773,5.792682926829286,-7.957559681697612,-14.95098039215685,41.056910569105696,140.97222222222226,89.61748633879782,105.32544378698229,375.3424657534247,265.2631578947369,3.591665806252372,5.274923035724544
MEGHNACEM,Meghna Cement Mills PLC,30.0,-1.9607843137254948,-6.25,-10.979228486646893,0.0,-14.772727272727279,2.3890784982935127,-25.742574257425737,-58.508064202178964,-55.05091564154838,-59.38544643336208,3.708401577191392,3.873695791608744
MEGHNAINS,Meghna Insurance PLC,40.7,1.243781094527363,-1.927710843373487,-3.0952380952380887,23.33333333333334,29.206349206349213,44.83985765124556,61.50793650793653,270.00000000000006,270.00000000000006,270.00000000000006,3.4092259258489435,4.8559617148619765
MEGHNALIFE,Meghna Life Insurance PLC,59.6,1.1884550084889691,-4.792332268370607,-8.868501529051994,8.75912408759125,4.195804195804193,17.3228346456693,4.745166959578213,-10.245238452974938,65.58144439836661,-8.489667432082275,2.9752182570095944,2.78624236721405
MEGHNAPET,Meghna Pet Industries Ltd.,84.3,1.688781664656202,9.196891191709836,-5.387205387205384,43.12393887945671,251.25,286.697247706422,195.78947368421052,303.34928229665076,1217.1874999999998,1217.1874999999998,4.33726266645379,6.566387450280176
MERCANBANK,Mercantile Bank PLC,7.2,1.4084507042253596,-2.702702702702705,-5.2631578947368345,4.347826086956519,-16.279069767441854,-2.702702702702705,-25.773195876288653,-55.49090923333819,11.372938921951096,-30.40949812691896,2.535434831209483,2.3578404258333157
MERCINS,Mercantile Islami Insurance PLC,44.6,1.3636363636363669,-1.978021978021975,-1.978021978021975,56.491228070175445,74.90196078431373,74.90196078431373,79.11646586345383,-20.071684587813614,309.1743119266055,61.65695842266722,4.474332678560128,4.620188794259015
METROSPIN,Metro Spinning Ltd.,10.4,0.9708737864077635,8.333333333333341,11.827956989247308,15.555555555555559,22.35294117647059,22.35294117647059,-2.8037383177569994,-54.309623326772986,42.79999990718001,-30.79692295890726,5.2978537518131334,3.9223104552656207
MHSML,Mozaffar Hossain Spinning Mills Ltd.,21.7,0.9302325581395315,-3.555555555555559,-6.06060606060607,-4.405286343612335,17.934782608695656,60.74074074074073,39.99999999999999,8.499999999999996,43.5455002307494,-12.302671215007939,3.4583683686307634,2.873835180048966
MIDASFIN,MIDAS Financing PLC,5.8,0.0,-1.6949152542372972,-3.333333333333336,5.4545454545454515,-3.333333333333336,28.888888888888882,-19.444444444444446,-70.4214286961649,-57.94383200665435,-76.42428094181864,4.144390784090557,4.794001471992525
MIDLANDBNK,Midland Bank PLC,18.6,2.19780219780221,1.6393442622950858,1.086956521739146,25.675675675675677,4.494382022471914,8.771929824561402,-7.92079207920791,112.86666587906001,112.86666587906001,112.86666587906001,2.6226387423821516,3.673119977624798
MIRACLEIND,Miracle Industries Limited,30.0,1.0101010101010124,-3.846153846153844,-1.315789473684206,8.303249097472927,-11.24260355029585,-5.6603773584905674,7.913669064748199,-31.818181818181817,30.23109460855093,225.50651613266282,3.185576292396117,3.451032609890386
MIRAKHTER,Mir Akhter Hossain Ltd,39.3,1.8134715025906623,-5.072463768115946,-7.746478873239447,2.8795811518324457,33.22033898305084,42.39130434782607,41.36690647482013,-57.00218818380745,-51.48148148148148,-51.48148148148148,3.371743448861822,3.2543809229960132
MITHUNKNIT,Mithun Knitting & Dyeing (CEPZ) Ltd.,15.9,-3.0487804878048674,16.91176470588236,7.43243243243243,2.5806451612903247,-1.242236024844727,8.9041095890411,-22.4390243902439,-7.017543859649129,-72.30769219836999,-69.54488374770806,10.324424624149138,5.7991395733712485
MJLBD,MJL Bangladesh PLC,92.9,0.0,0.3239740820734464,-3.2291666666666607,4.85327313769753,0.3239740820734464,3.2222222222222285,-8.562992125984241,0.8686210640608159,-8.836448370221953,63.22013865210634,1.1218079567466968,1.3458339471775262
MLDYEING,M.L. Dyeing & Textile Ind. PLC,16.1,3.870967741935493,-13.440860215053762,20.14925373134329,64.28571428571429,82.95454545454547,91.66666666666667,71.27659574468086,-50.914634146341456,133.28900098494617,133.28900098494617,9.009068647717543,8.063611204243319
MONNOAGML,Monno Agro & General Machinery Ltd.,346.0,-0.028893383415204487,-1.3683010262257729,-4.1551246537396125,0.610642628671132,-4.1551246537396125,-6.359945872801083,-9.778357235984355,3.830947933329149,781.0699771657931,2682.3262445764044,1.9687551104016556,1.9146686268632673
MONNOCERA,Monno Ceramic Industries Limited.,92.0,1.4332965821389163,-2.7484143763213473,-5.930470347648259,-8.0,10.843373493975903,12.46943765281174,2.2222222222222223,-33.81294964028777,245.3450010374164,437.2033349470922,2.4131452862148617,2.337773075767305
MONNOFABR,Monno Fabrics Ltd.,23.0,2.2222222222222223,-5.349794238683129,1.7699115044247724,-1.2875536480686725,-8.0,7.476635514018699,59.72222222222222,-2.542372881355938,-2.542372881355938,-2.542372881355938,4.146062448607652,3.464885303128771
MONOSPOOL,Monospool Bangladesh PLC,114.6,1.1473962930273585,-3.2911392405063338,-6.525285481239805,12.906403940886696,11.478599221789882,21.013727560718046,14.301820988180502,-12.140000351147137,139.61818084881733,139.61818084881733,2.68761201836763,2.279534060178006
MPETROLEUM,Meghna Petroleum PLC,212.0,0.14170996693434643,-0.9345794392523364,-1.3953488372093024,5.788423153692612,5.367793240556666,10.015568240788797,-0.888265544647034,6.0,18.17168338907469,48.53503169859872,0.8405320053651532,0.8372619434939136
MTB,Mutual Trust Bank PLC,13.5,0.7462686567164152,0.0,-2.8776978417266212,35.47520080738884,22.71304426134793,37.678049677387534,28.290909867185732,2.4531203625496296,124.31300143063342,177.9394607666463,2.2489224720175174,2.171488985858685
NAHEEACP,Nahee Aluminum Composite Panel PLC,35.8,0.5617977528089768,-1.1049723756906233,-5.039787798408502,31.617647058823522,64.22018348623851,93.5135135135135,70.47619047619047,-29.388560157790934,-43.198210944831,-43.198210944831,2.571479587609159,3.078933005158875
NATLIFEINS,National Life Insurance PLC,102.9,1.6798418972332043,-1.9065776930409912,-3.8317757009345743,5.8641975308642,-2.924528301886787,9.701492537313444,-1.9999999999999947,-56.28717077315208,-15.996759765300991,-24.24968944161526,1.952354560076303,2.218749638571148
NAVANACNG,Navana CNG Limited,21.8,-1.3574660633484195,-4.385964912280701,-5.217391304347823,4.30622009569379,2.83018867924529,2.347417840375587,2.83018867924529,-42.08554188248656,-47.97727247307076,-63.02384582158696,1.6760091244701816,2.0879176244908786
NAVANAPHAR,Navana Pharmaceuticals PLC,68.4,1.3333333333333417,-0.8695652173912961,-9.881422924901186,5.23076923076924,23.021582733812956,30.534351145038183,21.061946902654874,159.09090909090912,159.09090909090912,159.09090909090912,2.082392462522052,2.366816176255772
NBL,National Bank PLC,3.7,2.77777777777778,0.0,-2.631578947368412,-2.631578947368412,-36.206896551724135,15.625,-5.128205128205121,-55.95238095238095,-34.44822539599977,-65.3231113663255,3.288288288288281,3.2102454470875488
NCCBANK,National Credit and Commerce Bank PLC,15.5,0.649350649350647,0.649350649350647,-0.6410256410256387,-0.49378144168604693,24.961297672156615,32.13120826068902,26.929192185729583,6.685140329806692,117.92289623049601,40.70493048531462,1.6884757829030275,2.074392297631378
NCCBLMF1,NCCBL Mutual Fund-1 2012- Dividend Units,6.9,2.9850746268656745,-5.479452054794513,21.05263157894737,56.81818181818181,60.46511627906978,72.50000000000001,35.29411764705884,-21.590909090909093,9.523809523809533,-42.49999999999999,4.140376934208289,6.756066911674383
NEWLINE,New Line Clothings Ltd.,6.7,6.349206349206354,-5.633802816901401,17.543859649122805,31.372549019607856,28.846153846153847,67.5,-2.8985507246376834,-77.2108843537415,-73.15209497162216,-73.15209497162216,6.806782190050267,6.6355950937687185
NFML,National Feed Mill Ltd,19.4,2.6455026455026456,-3.960396039603964,-6.280193236714979,12.138728323699409,19.753086419753085,37.588652482269495,93.99999999999999,-39.149068325249104,36.48493587938062,-30.450438099734995,4.577867318815677,3.907452084571781
NHFIL,National Housing Finance PLC,29.7,1.7123287671232876,-0.33557046979866245,-6.012658227848108,26.92307692307693,18.799999999999997,31.999999999999996,22.727272727272727,-51.600000044456294,9.56402417412218,-2.747809240502377,2.7994997204795444,3.0219348220462887
NITOLINS,Nitol Insurance PLC,49.6,2.904564315352694,2.904564315352694,25.888324873096455,56.962025316455694,61.03896103896104,76.51245551601423,87.8787878787879,-5.309090672363633,206.34455035418566,108.21980727313174,4.846398150333263,6.020893182057646
NORTHERN,Northern Jute Manufacturing Co. Ltd.,117.0,2.631578947368421,1.2110726643598666,-6.921241050119334,5.882352941176471,22.257053291536046,37.162954279015246,-4.098360655737705,-61.73969914977109,-57.5830814013293,680.0000052,3.6980056794107092,4.592896251725028
NORTHRNINS,Northern Islami Insurance PLC,42.2,1.4423076923076956,-6.222222222222216,0.47619047619048294,23.426184134526824,42.93548422830646,59.38848960710432,51.228669292953924,-22.26315770039473,224.9400004256714,38.04347636501182,4.156782509189036,4.860139931459647
NPOLYMER,National Polymer Industries PLC,34.1,0.5899705014749347,-5.277777777777774,-2.0114942528735513,6.562500000000004,17.18213058419244,28.19548872180451,10.714285714285715,-47.45762711864407,-26.39839436987898,136.27930166051794,3.321420740161136,3.654812069803708
NRBBANK,NRB Bank PLC,7.0,1.4492753623188355,2.941176470588238,16.666666666666668,25.000000000000007,-6.666666666666667,14.754098360655743,-23.076923076923073,-22.22222222222222,-22.22222222222222,-22.22222222222222,3.1886493727925895,3.924115434008859
NRBCBANK,NRBC Bank PLC,10.3,-1.904761904761898,11.956521739130451,39.18918918918919,39.18918918918919,58.46153846153847,101.96078431372553,43.055555555555564,-58.96892742049902,-19.004662546927676,-19.004662546927676,5.8061511531107834,4.338144415373215
NTC,National Tea Company Limited,167.3,1.5169902912621358,1.393939393939401,-6.011235955056174,7.7963917525773345,-1.5882352941176403,-3.7399309551208284,-8.026388125343592,-67.88867562380038,-70.85365853658537,-78.27272727272728,3.3497786910009997,3.862605568980517
NTLTUBES,National Tubes Limited,67.3,0.8995502248875477,-3.857142857142861,-7.172413793103451,15.63573883161511,8.54838709677419,7.679999999999995,-21.653084982537845,-36.026615969581755,-25.970000293899105,185.60559420404923,2.863118299214157,2.5773645429053516
NURANI,Nurani Dyeing & Sweater Ltd.,4.1,7.894736842105258,32.25806451612902,51.851851851851826,41.37931034482758,51.851851851851826,104.99999999999999,41.37931034482758,-62.72727272727273,-75.77047605038733,-75.77047605038733,8.563279733709395,6.150053784106893
OAL,Olympic Accessories Ltd,7.0,1.4492753623188355,0.0,4.477611940298504,18.644067796610162,12.90322580645161,22.807017543859644,0.0,-59.77011494252873,-59.63234037542791,-70.99871998417598,3.4953111679454367,3.5997976713253244
OIMEX,Oimex Electrode Ltd.,16.3,5.844155844155846,-0.6097560975609627,-1.8072289156626546,17.266187050359715,21.641791044776124,6.5359477124183005,-30.932203389830512,-41.57706093189964,-67.3101217885098,-67.3101217885098,3.8387730424657946,2.8862018204627296
OLYMPIC,Olympic Industries PLC.,149.5,0.47043010752687403,-0.7304116865869816,-6.737367436057399,5.355884425651864,-4.777070063694268,8.648255813953492,-9.831121833534384,-18.306010928961747,-51.26513493018351,102.33082837901632,1.8327265308344602,1.758256093394641
ONEBANKPLC,One Bank PLC,8.2,0.0,3.7974683544303662,3.7974683544303662,13.888888888888877,0.0,17.14285714285713,0.0,-10.66315749225087,-10.66315749225087,-10.66315749225087,2.231556760012049,2.287080641956972
ORIONINFU,Orion Infusion Ltd.,245.3,0.6978653530377739,-8.810408921933082,-19.01617695609111,-21.150755384120863,-34.58666666666666,-27.874154660394005,-49.52674897119341,210.50632911392404,245.49295774647888,433.2608695652174,3.782950627743035,3.141145420902594
ORIONPHARM,Orion Pharma Ltd.,28.1,0.3571428571428622,-3.7671232876712257,-6.020066889632098,11.507936507936517,-6.333333333333329,3.3088235294117725,-11.356466876971602,-61.50684931506849,-25.464190981432363,-58.878048616,1.698444962752776,2.257316292631714
PADMALIFE,Padma Islami Life Insurance Ltd.,17.9,2.2857142857142776,0.0,-4.7872340425532025,5.294117647058815,2.873563218390805,7.185628742514966,-6.770833333333337,-48.26589595375723,-8.98305049264579,-63.46708662890146,4.302725413031718,3.8012902974886043
PADMAOIL,Padma Oil PLC,199.7,1.0116337885685383,-0.34930139720559733,-2.585365853658542,14.77011494252873,12.19101123595505,17.81710914454277,-1.3339920948616684,-8.310376492194685,6.223404255319143,17.470588117823528,1.0101032317015974,0.82032726856223
PARAMOUNT,Paramount Insurance PLC.,67.8,1.6491754122938445,6.103286384976524,1.9548872180451085,33.20235756385068,23.948811700182805,55.86206896551723,70.78085642317379,-24.33035714285714,946.2321532237913,415.20850678243124,4.603286470244808,4.511802619744628
PDL,Pacific Denims Ltd.,6.1,1.6666666666666607,3.389830508474564,12.96296296296295,15.094339622641508,32.608695652173914,32.608695652173914,-4.687500000000011,-62.88554218141882,-69.0360653545515,-69.0360653545515,5.419034022860755,4.452071947342875
PENINSULA,The Peninsula Chittagong PLC,23.1,1.3157894736842135,-7.228915662650591,-11.15384615384615,2.666666666666673,6.451612903225817,26.229508196721312,117.92452830188682,-2.5316455696202445,54.00000000000001,-36.17105247200657,3.793736901963002,2.6961861480884393
PEOPLESINS,Peoples Insurance PLC,67.4,1.8126888217522703,3.8520801232665636,11.589403973509945,42.79661016949153,61.63069544364509,85.67493112947662,108.02469135802473,24.814814814814824,361.64383561643837,155.30303030303034,4.47970795040584,4.502526057617722
PF1STMF,Phoenix Finance 1st Mutual Fund Units,14.4,0.6993006993006968,1.4084507042253598,21.008403361344538,97.26027397260275,182.35294117647064,188.0,182.35294117647064,39.80582524271844,206.38297872340422,82.27848101265822,3.705025280116814,4.290267166512144
PHARMAID,Pharma Aids Limited.,615.0,1.0018065363770772,0.0,-5.355493998153271,3.850050658561289,9.723461195361285,24.746450304259636,-7.518796992481203,35.01646542261251,108.47457627118644,338.97216274089936,2.4318261562549597,2.5359200306402716
PHENIXINS,Phoenix Insurance PLC,54.0,1.313320825515953,6.0903732809430275,18.16192560175054,36.70886075949367,65.13761467889907,101.49253731343283,103.77358490566037,-12.195121951219512,179.79274611398966,20.535714285714292,4.382232967838429,3.9028380144032995
PHOENIXFIN,Phoenix Finance and Investments Ltd.,4.0,2.5641025641025665,-2.439024390243894,11.111111111111109,14.285714285714286,2.5641025641025665,66.66666666666667,17.647058823529413,-87.73006134969324,-70.79614982922602,-85.33927516432995,5.593068035943521,7.1742746091467104
PHPMF1,PHP First Mutual Fund Units 2010-,3.8,5.555555555555548,-5.000000000000004,8.571428571428566,26.66666666666666,40.740740740740726,58.333333333333336,15.151515151515152,-48.64864864864865,-1.5377783142874937,-31.955571901975958,4.811734811734807,5.791687390532062
PIONEERINS,Pioneer Insurance PLC,72.7,0.0,4.30416068866571,2.5387870239774286,24.48630136986302,43.21763636645137,58.70062408005348,78.77049222822497,-35.55049316391182,212.85037991902493,81.43193788373989,3.561616992039124,3.123614776282786
PLFSL,Peoples Leasing and Financial Services Ltd.,2.3,4.545454545454529,27.777777777777764,64.28571428571428,64.28571428571428,64.28571428571428,333.9622641509433,14.999999999999991,-23.33333333333334,-67.14285714285714,-92.16718266957126,9.445976795821995,8.4569731989161
POPULAR1MF,Popular Life First Mutual Fund Units 2010-,3.8,2.7027027027026933,-5.000000000000004,8.571428571428566,31.034482758620687,35.714285714285715,58.333333333333336,15.151515151515152,-44.11764705882353,2.5781082827630173,-27.60514849703383,5.368870895186683,6.363375775402712
POPULARLIF,Popular Life Insurance Co. Ltd.,64.1,6.833333333333323,4.227642276422755,0.31298904538340494,19.144981412639403,18.047882136279924,50.823529411764696,40.87912087912087,-28.139013452914806,-8.689458689458702,-42.47435862920513,4.258773824262954,3.238444154262386
POWERGRID,Power Grid Co. of Bangladesh Ltd.,39.1,0.7731958762886708,-5.09708737864078,-5.326876513317181,22.187500000000004,18.844984802431618,45.35315985130113,18.484848484848488,-25.52380952380952,-32.11805555555556,-27.99263351749539,2.866421550259802,2.973874721952936
PRAGATIINS,Pragati Insurance PLC,82.1,0.6127450980392157,6.209573091849932,0.7361963190183979,12.465753424657526,7.041771755844178,17.61196062354423,64.19999937603998,13.077850225345419,421.4009002690847,106.42347166199359,3.16165409446067,3.7789061875254037
PRAGATILIF,Pragati Life Insurance PLC,163.4,0.8641975308642011,-6.037952846463485,-8.356702187324736,-2.3682782067713486,-32.147980438084694,21.61028404437386,36.06358805583399,90.71511419613171,252.48204663974448,146.73743323862453,3.01500881185472,3.2771746795987955
PREMIERBAN,The Premier Bank PLC,5.9,0.0,5.35714285714287,13.461538461538463,47.50000000000001,5.35714285714287,47.50000000000001,-19.178082191780813,-54.69642869682238,48.18301217842589,-19.314350085883298,2.7707199032062944,4.899420152695224
PREMIERCEM,Premier Cement Mills PLC,50.4,0.7999999999999973,4.132231404958678,-2.3255813953488427,27.594936708860754,28.57142857142856,28.57142857142856,7.692307692307695,-42.4,-49.700598802395206,-52.0,3.3481662068101175,2.9151137249204764
PREMIERLEA,Premier Leasing & Finance Limited,2.5,0.0,8.695652173913052,8.695652173913052,-3.8461538461538494,78.57142857142858,362.96296296296293,-3.8461538461538494,-78.44827586206897,-63.82421839271894,-81.5566245881868,8.481159420289863,8.3949422794536
PRIME1ICBA,Prime Bank 1st ICB AMCL Mutual Fund Units,6.3,4.9999999999999964,-8.695652173913052,4.999999999999997,43.181818181818166,43.181818181818166,46.51162790697675,28.57142857142856,-23.170731707317067,16.666666666666654,-12.500000000000004,6.974779389441997,5.681003104915392
PRIMEBANK,Prime Bank PLC,30.0,-0.33222591362126713,0.0,-2.280130293159607,2.3890784982935127,-6.804733494822481,9.375000273437502,11.702127938829785,36.23417698842032,124.78639189819135,5.588850966144677,0.8675629729219242,1.2304191918894292
PRIMEFIN,Prime Finance and Investment Ltd.,3.3,3.124999999999989,-2.941176470588238,3.124999999999989,0.0,6.451612903225797,199.99999999999997,-19.51219512195122,-77.55102040816325,-53.521126760563384,-87.85276068850163,6.350806451612897,6.8841901265955325
PRIMEINSUR,Prime Islami Insurance PLC,60.3,1.3445378151260456,0.33277870216305444,26.150627615062763,58.26771653543306,73.77521613832852,101.67224080267559,79.4642857142857,11.25461254612545,353.38345864661653,68.8400003984624,5.990051761139592,6.024157324366194
PRIMELIFE,Prime Life Insurance Company Limited,41.2,3.517587939698507,-5.287356321839074,-6.575963718820859,0.7334963325183479,7.2916666666666785,24.848484848484855,1.4778325123152745,-34.7068145800317,-26.559714795008908,-54.6799999306604,3.593456916939464,3.565796019175259
PRIMETEX,Prime Textile Spining Mills Ltd.,16.8,1.2048192771084292,-1.17647058823529,-2.325581395348829,-10.638297872340425,19.148936170212774,21.73913043478261,18.309859154929587,-31.428571428571423,-15.15151515151515,-16.831683168316825,2.870133847291589,3.5304853346481715
PROGRESLIF,Progressive Life Insurance Co. Ltd.,39.5,1.542416452442163,-5.275779376498807,-6.839622641509432,1.0230179028132955,-12.416851441241688,-13.377192982456142,-16.842105263157894,-61.650485436893206,6.452500491916999,-47.20254283888433,4.589423590313796,4.750446861304555
PROVATIINS,Provati Insurance PLC,60.8,1.502504173622702,2.8764805414551535,-3.7974683544303884,55.897435897435884,87.65432098765433,111.84668989547038,91.7981072555205,-61.58605684414727,674.0604007987997,225.52661229794722,3.887750744116906,4.383187660794031
PTL,Paramount Textile PLC,67.1,1.0542168674698622,5.835962145110403,2.5993883792048753,15.8894645941278,29.787234042553173,29.536679536679532,41.263157894736835,38.14705902668683,515.8374057600928,162.62899292563873,1.8705668524883932,2.185771399808038
PUBALIBANK,Pubali Bank PLC,40.5,0.7462686567164107,5.7441253263707654,9.1644204851752,20.348865901778073,19.730105672913254,50.728191282869815,51.71013388568779,134.84660677850113,275.6733983929224,132.31828621216368,2.5625943639232673,2.518738668774092
PURABIGEN,Purabi General Insurance Co. Ltd.,32.5,0.6191950464396374,-0.30674846625767305,-4.411764705882353,10.921501706484639,46.3963963963964,67.52577319587631,85.71428571428571,-17.953431671978773,357.54388102043555,9.784799670164846,2.1716699069426855,3.6776177633727327
QUASEMIND,Quasem Industries Limited.,43.0,0.7025761124121713,-4.444444444444445,-14.68253968253968,2.8708133971291936,2.380952380952381,13.70192295119498,10.772833604319656,3.3086639619550366,0.5146473601229982,170.5960108908501,2.2601073130285085,2.219075097966716
QUEENSOUTH,Queen South Textile Mills Ltd.,17.3,2.3668639053254568,-5.978260869565206,9.493670886075948,32.061068702290086,51.75438596491228,45.3781512605042,33.07692307692308,-41.41214079969786,-28.755383935045096,-28.755383935045096,5.85151988041147,6.3640288887689564
RAHIMAFOOD,Rahima Food Corporation Ltd.,85.8,0.5861664712778429,2.631578947368425,-10.157068062827227,-14.200000000000003,-37.82608695652174,-46.375,-45.69620253164557,-73.62434675683984,34.48275862068966,398.83720930232556,3.640651415274804,3.3463178295187683
RAHIMTEXT,Rahim Textile Mills Ltd.,212.0,1.0004764173415885,-0.4694835680751174,-3.063557384545034,10.359187922956796,-6.649053280493173,-0.6094702297233996,3.566194430874456,-40.31531531531531,29.914186982977327,425.63280363587563,5.259956625768927,4.082109176803462
RAKCERAMIC,RAK Ceramics (Baneladesh) Limited,30.0,1.3513513513513467,-0.9900990099009924,-5.362776025236592,21.457489878542514,18.110236220472448,35.135135135135144,36.36363636363637,-33.6283185840708,-34.05709339755128,-25.26470592831514,3.193910063346252,2.779945390361561
RANFOUNDRY,Rangpur Foundry Limited,163.8,0.49079754601227693,1.4241486068111526,-6.878908470721998,7.550886408404464,5.405405405405409,14.62561231630511,3.8022813688212924,22.42152466367713,45.859305431878916,164.1935483870968,3.176695845076969,2.3541753711012894
RDFOOD,Rangpur Dairy and Food Products Limited,26.3,1.1538461538461564,-3.3088235294117596,-8.996539792387535,-17.03470031545741,30.8457711442786,31.500000000000007,12.875536480686694,-39.26233205768364,193.20574865344784,62.553267361405005,2.5778356372872495,2.7466655083870726
RECKITTBEN,Reckitt Benckiser (Bangladesh) PLC,3313.7,0.3999394031207338,0.4029814567931077,-0.7725707441233772,-0.7933656667265434,-6.524682651622008,-3.1081871345029293,-1.2604290822407682,-25.8514208995301,111.62983778260315,348.403247631935,0.24697810445230123,0.6263012009553863
REGENTTEX,Regent Textile Mills Ltd.,6.6,3.124999999999989,-4.347826086956532,9.999999999999995,46.66666666666666,60.97560975609757,64.99999999999999,88.57142857142856,-51.470588235294116,-38.2414702761095,-74.27757230888746,5.536403085824495,5.616546419587214
RELIANCE1,Reliance Insurance Mutual Fund Reliance One Units,12.6,3.2786885245901667,4.999999999999997,5.882352941176465,27.272727272727266,-3.816793893129771,-19.745222929936304,-16.000000000000004,-3.816793893129771,59.49367088607594,38.46153846153846,3.341354105585802,3.4528463918602563
RELIANCINS,Reliance Insurance PLC,118.1,1.5477214101461714,4.052863436123343,3.687445127304643,40.59523809523809,60.89918256130788,80.58103975535167,95.52980132450331,13.014354066985641,283.39292567132816,144.57085631148058,3.924853924212482,4.179245966769575
RENATA,Renata PLC,468.2,-0.021353833013030694,-0.2981260647359527,-1.61798697205295,14.754901960784311,0.4074630066480758,19.438775510204078,-5.983935742971889,-61.19215499945783,-28.486073854112338,50.72290678586318,1.183284357224041,1.2800133451937061
RENWICKJA,Renwick Janeswar and Co. (BD) Limited,813.7,-3.2000951701165805,-6.685779816513756,-15.23958333333333,61.128712871287135,70.76600209863591,66.46890343698855,17.927536231884062,-11.071038251366117,4.3205128205128265,936.5605095541401,7.360230982497793,7.043905761024237
REPUBLIC,Republic Insurance PLC,42.7,2.3980815347721824,1.9093078758949984,7.8282828282828305,24.853801169590643,20.963172804532597,55.83941605839418,54.15162454873648,-16.972221804776996,512.3185687533272,108.19655126684026,5.372102342432976,4.921127762318042
RINGSHINE,Ring Shine Textiles Ltd.,4.8,2.1276595744680775,0.0,23.076923076923073,41.1764705882353,49.999999999999986,49.999999999999986,59.99999999999999,-62.79069767441861,-67.68000000323201,-67.68000000323201,4.699352451433857,5.825090373387671
ROBI,Robi Axiata PLc,31.5,0.31847133757962237,-0.6309148264984205,-3.963414634146333,10.526315789473685,-0.3164556962025361,11.307420494699643,12.903225806451617,-25.178147268408555,110.0,110.0,1.1389096397522107,1.404339825122354
RSRMSTEEL,Ratanpur Steel Re-Rolling Mills Ltd,7.9,1.282051282051289,-1.2499999999999956,-1.2499999999999956,5.333333333333338,5.333333333333338,17.910447761194032,-23.300970873786408,-76.69616519174042,-76.07694106596857,-82.57034270907444,2.3012009087958445,3.014776547754563
RUNNERAUTO,Runner Automobiles PLC,48.2,1.473684210526322,0.626304801670155,16.144578313253017,21.41057934508816,43.026706231454,30.270270270270277,64.50511945392492,-26.07361963190184,-47.985611383561924,-47.985611383561924,3.1026039134072376,3.41936810505054
RUPALIBANK,Rupali Bank PLC,17.6,0.5714285714285796,-1.1235955056179734,-2.2222222222222143,10.000000000000009,-9.278350515463904,1.7341040462427786,-22.807017543859644,-45.20465119272106,34.42650453661117,-41.30392740314196,1.8279519331243446,2.705922527999838
RUPALIINS,Rupali Insurance Company Ltd.,31.8,1.2738853503184782,0.9523809523809547,1.2738853503184782,19.250000298125006,39.12500034781251,56.028037773247675,59.76076590950985,-20.499999801249995,199.9535018306912,1.464385380139661,3.5491168653182834,3.7855892603939187
RUPALILIFE,Rupali Life Insurance Co. Ltd.,87.4,0.9237875288683735,-5.513513513513507,-6.623931623931612,2.7027027027027164,-6.623931623931612,11.195928753180677,1.6279069767441927,22.120547554419726,219.48715518287327,-13.167764908009575,3.052889348970119,2.9622667908213907
SAFKOSPINN,Safko Spinning Mills Limited,20.4,1.4925373134328215,-5.555555555555569,-1.4492753623188441,-4.672897196261682,43.66197183098591,47.82608695652172,42.65734265734264,-38.49552240348173,88.64106622948889,3.311085969581819,4.0292232390659874,4.232478633344117
SAIFPOWER,SAIF Powertec Ltd.,10.2,1.9999999999999927,0.9900990099009866,7.368421052631572,67.21311475409836,54.54545454545454,103.99999999999997,52.23880597014924,-64.55081981299806,-25.652633104058165,-25.794895284909952,5.745668412995149,4.354640560535961
SAIHAMCOT,Saiham Cotton Mills Ltd.,22.8,1.3333333333333366,1.7857142857142954,11.764705882352953,20.000000000000004,10.144927536231892,16.326530612244895,36.52694610778444,12.31527093596059,76.74418604651163,-11.690140919698473,4.27516964958926,4.32321427889603
SAIHAMTEX,Saiham Textile Mills Ltd.,31.0,2.9900332225913573,14.391143911439109,58.16326530612243,82.3529411764706,35.964912280701746,79.1907514450867,103.94736842105263,24.999999999999996,134.17266236748878,32.27031797644918,5.45741292403345,5.240799474317233
SALAMCRST,S. Alam Cold Rolled Steels Limited,13.6,0.740740740740738,7.086614173228349,-4.895104895104903,-12.820512820512821,-16.04938271604938,-8.724832214765105,-26.086956521739125,-59.763313609467446,-46.45669291338583,-71.42857142857143,4.872233800976763,3.952288442423073
SALVO,Salvo Organic Industries PLC,35.4,1.7241379310344869,-5.600000000000004,-8.762886597938142,-7.086614173228353,14.19354838709677,16.831683168316825,34.09090909090909,-21.333333333333336,245.38495732172723,106.77943939089253,3.0382528886287554,2.466366389113569
SAMATALETH,Samata Leather Complex (Pvt.) Ltd.,103.2,1.0773751224289996,-2.4574669187145504,0.6829268292682955,-4.972375690607727,11.56756756756757,22.85714285714286,5.306122448979594,20.701754385964914,273.27659457719875,601.7599977543681,4.294590238391098,4.964016793596151
SAMORITA,Samorita Hospital Ltd.,107.2,3.976721629485944,6.1386138613861405,12.842105263157897,55.36231884057972,45.06089309878213,47.45529573590096,50.35063113604489,61.36020667036945,86.91918892052047,173.0772523039218,7.257342359877314,4.246496507299599
SANDHANINS,Shandhani Life Insurance Co.Ltd,28.9,2.482269503546097,-1.7006802721088436,0.6968641114982553,26.200873362445417,34.41860465116279,49.74093264248703,32.56880733944953,-28.465346534653467,47.57446924058307,-32.123635727471495,2.6359983036722503,2.9786532407536366
SAPORTL,Summit Alliance Port Limited,60.9,0.0,2.010050251256274,13.40782122905027,35.93750000000001,34.140969162995596,44.655581947743464,153.75,98.37133550488599,49.54333307794656,188.97157397398007,1.8548355877141403,3.0448275572478254
SBACBANK,SBAC Bank PLC.,7.0,0.0,-2.7777777777777803,6.060606060606066,16.666666666666668,0.0,12.90322580645161,-14.634146341463408,-54.04499993961513,-33.1563635325737,-33.1563635325737,3.7070490576308086,4.776800494409193
SEAPEARL,Sea Pearl Beach Resort & Spa Ltd.,38.7,1.0443864229765163,-1.0230179028132955,-10.416666666666666,12.500000000000014,14.836795252225517,17.27272727272728,-31.50442477876106,-9.154929577464786,61.25000040312502,61.25000040312502,2.7822712540782506,2.904770904790429
SEMLFBSLGF,SEML FBLSL Growth Fund Units,7.2,2.85714285714286,-7.692307692307688,4.347826086956519,33.33333333333333,35.84905660377359,46.938775510204074,33.33333333333333,-43.30708661417322,18.032786885245912,18.032786885245912,5.054295893783682,5.202199373134151
SEMLIBBLSF,SEML IBBL Shariah Fund Units,7.6,0.0,-6.172839506172839,-3.7974683544303884,24.59016393442623,22.580645161290313,31.034482758620687,18.74999999999999,-35.59322033898306,-44.52554744525548,-44.52554744525548,2.071437334595231,2.738673024199323
SHAHJABANK,Shahjalal Islami Bank PLC,17.5,0.0,0.5747126436781691,-1.1299435028248548,8.695652173913034,-4.371584699453556,6.707317073170741,-5.913978494623663,-18.068182121329542,133.38571224432283,7.571090431233522,0.6844155844155864,1.3796547265156338
SHARPIND,Sharp Industries PLC,38.3,1.8617021276595629,-9.882352941176478,19.687499999999993,134.9693251533742,130.72289156626502,196.89922480620154,118.85714285714283,134.9693251533742,134.9693251533742,134.9693251533742,8.949297892967238,7.393474507219094
SHASHADNIM,Shasha Denims PLC,28.6,1.4184397163120643,-1.3793103448275814,4.761904761904764,34.9056603773585,58.8888888888889,79.87421383647799,52.12765957446809,1.0600706713780943,-0.6582574555459286,-14.31774732772721,3.425434803717312,3.0860178217901337
SHEPHERD,Shepherd Industries PLC,16.6,1.8404907975460165,-5.681818181818182,0.0,6.410256410256421,26.71755725190841,23.88059701492538,-4.597701149425271,-8.521505762422677,-54.24855583526971,-54.24855583526971,3.707213221775134,3.6812858260372496
SHURWID,Shurwid Industries Ltd,6.3,-3.0769230769230793,0.0,4.999999999999997,3.278688524590167,-11.267605633802816,36.956521739130444,-7.352941176470589,-71.10091743119266,-32.71844664766708,-79.02763166153987,4.639016897081412,4.337081367201988
SHYAMPSUG,Shyampur Sugar Mills Ltd.,284.3,-1.1817865832464294,-1.931700586409095,-10.737833594976449,98.67225716282321,72.19866747425804,87.03947368421053,136.1295681063123,210.03271537622686,1710.8280254777073,3453.75,3.1926474673718874,6.137993409960889
SICL,"Sikder Insurance Co., Ltd.",38.2,0.7915567282322014,1.8666666666666742,-7.50605326876512,4.65753424657535,81.90476190476191,106.4864864864865,87.25490196078434,41.48148148148149,41.48148148148149,41.48148148148149,2.715273874756413,3.9011176003913715
SILCOPHL,Silco Pharmaceuticals Ltd.,19.6,2.6178010471204183,-4.854368932038835,-14.035087719298243,20.245398773006137,33.33333333333335,43.06569343065695,30.666666666666675,-41.666666666666664,-19.552238893021826,-19.552238893021826,3.9914619122879307,3.5045659798287394
SILVAPHL,Silva Pharmaceuticals Ltd.,15.7,2.614379084967311,-4.848484848484853,-9.770114942528734,29.752066115702476,55.445544554455445,63.54166666666667,33.05084745762711,-34.03361344537816,-56.618420944177636,-56.618420944177636,4.395398868965228,3.9287232751304186
SIMTEX,Simtex Industries PLC,27.3,1.8656716417910446,-0.36496350364962726,-1.7985611510791366,12.809917355371907,14.705882352941176,21.333333333333336,53.37078651685393,13.750000000000002,62.22126900159451,1.3327378937520156,2.2799439291385024,2.726821804885719
SINGERBD,Singer Bangladesh Limited,75.0,0.8064516129032182,-3.7227214377407,-3.4749034749034786,-5.660377358490566,-18.91891891891892,-11.764705882352942,-29.709465791940023,-59.28338762214983,-46.57534252108088,-26.09157072395186,2.431813692397874,2.400366285622483
SINOBANGLA,Sinobangla Industries Ltd.,54.6,1.1111111111111138,-5.043478260869564,-8.235294117647056,4.597701149425284,7.69230769230769,19.21397379912665,19.47483588621444,25.136556986720503,125.24580260707108,200.1833514962862,2.264155517933271,1.9578791781209886
SIPLC,Sena Insurance PLC,156.2,1.3627514600908464,18.333333333333325,46.80451127819547,116.64355062413316,167.00854700854697,193.0581613508443,227.4633123689727,226.7782426778243,226.7782426778243,226.7782426778243,4.121310321758495,6.830494534315695
SKTRIMS,SK Trims & Industries Ltd.,14.3,3.6231884057971016,-3.378378378378378,1.4184397163120643,21.1864406779661,78.75000000000001,74.39024390243904,47.42268041237115,-66.27358490566039,-61.54888896681648,-61.54888896681648,4.84237426665738,4.097324035873225
SONALIANSH,Sonali Aansh Industries Limited.,223.0,1.5945330296127564,1.3175829168559772,-0.22371364653243847,19.442956614890203,23.88888888888889,15.904365904365902,6.190476190476191,281.8493150684932,922.3495702005731,1551.851851851852,3.750468632212849,3.0089247526242113
SONALILIFE,Sonali Life Insurance PLC,86.8,1.639344262295072,-3.2329988851728046,1.0477299185098852,19.72413793103448,29.745889387144977,42.52873563218391,39.325842696629216,31.51515151515151,689.0909090909091,689.0909090909091,2.8359882653128157,3.3335748181693536
SONALIPAPR,Sonali Paper & Board Mills Ltd.,242.1,0.8749999999999977,-3.082465972778229,-2.3396530859217473,8.176943699731895,-5.870917573872472,2.3678646934460863,29.465240641711226,15.569622565475477,60.407365122019115,60.407365122019115,2.8894011789652154,3.0926924131716453
SONARBAINS,Sonar Bangla Insurance Ltd.,41.3,1.9753086419753016,-5.922551252847383,-6.136363636363643,-6.741935261254947,45.03344515317137,71.403162448276,70.0588239195467,-43.8554251237207,356.2573939521105,98.41347099291978,3.6474361643637203,4.568762509184648
SONARGAON,Sonargaon Textiles Limited.,116.0,-2.192242833052272,3.47903657448707,30.483689538807642,177.51196172248805,231.42857142857142,272.9903536977492,219.55922865013775,369.6356275303644,1026.2135922330096,521.4285729821429,4.642095734408838,6.472358917367411
SOUTHEASTB,Southeast Bank PLC,12.0,2.56410256410257,10.091743119266052,16.504854368932033,29.696969537141104,32.37113388551811,41.09890105238499,28.399999897279987,-15.536527396083143,14.89253881591287,0.8402978320885585,3.5204708219379857,3.6477469509026688
SPCERAMICS,Shinepukur Ceramics PLC,22.3,0.9049773755656076,-5.508474576271189,-8.23045267489712,-5.106382978723401,43.870967741935495,52.73972602739727,16.14583333333334,-42.82051282051282,150.56179775280899,-1.7432953052685671,2.683271997386383,3.395253032607563
SPCL,Shahjibazar Power Co Ltd,55.5,1.2773722627737278,-3.141361256544498,-4.9657534246575326,2.398523985239847,6.936416184971101,16.842105263157894,28.770301624129925,-29.866342538404353,-52.83875713474327,113.73475189563133,2.829203076431896,2.2300057061704597
SQUARETEXT,Square Textiles PLC,51.2,1.185770750988145,-1.538461538461533,-1.538461538461533,10.822510822510822,2.4000000000000057,5.5670103092783565,-8.243727598566299,6.666666666666672,-13.759999656683945,-32.90561865586866,1.96493173243883,1.8864066085251519
SQURPHARMA,Square Pharmaceuticals PLC,218.9,0.045703839122483686,-0.4999999999999974,-2.92682926829268,5.544840887174542,-4.535542956825122,10.000000000000002,-2.7111111111111086,-5.238095238095236,14.951729213865924,109.12253399632932,0.7051644181684341,0.8526615810562235
SSSTEEL,S.S. Steel Ltd,7.1,1.4285714285714235,-2.739726027397263,-1.3888888888888962,47.916666666666664,51.06382978723403,73.17073170731707,29.090909090909086,-68.95546572228307,-80.95268822346122,-80.95268822346122,2.841046277665999,3.4573890799635723
STANCERAM,Standard Ceramic Industries Ltd.,72.4,2.840909090909091,1.6853932584269702,-2.1621621621621543,4.9275362318840665,-2.1621621621621543,3.281027104136964,-26.720647773279342,-68.45315904139433,37.642585551330804,195.51020408163268,2.4687128293709306,3.9625032073691444
STANDARINS,Standard Insurance PLC,52.8,1.538461538461533,-0.9380863039399625,-0.3773584905660431,6.882591093117407,31.01736972704715,35.038363171355485,18.120805369127503,-37.88235294117648,508.6966903265687,102.29209704142693,3.3737656493276034,4.013425266063836
STANDBANKL,Standard Islami Bank PLC,5.0,0.0,2.0408163265306047,4.1666666666666705,13.636363636363628,-10.714285714285708,4.1666666666666705,-28.571428571428573,-46.42852784435229,-13.421986045095982,-44.8054064155321,2.4326530612244843,3.4626370894678176
STYLECRAFT,Stylecraft Limited,58.8,-0.16977928692699734,-1.5075376884422205,-6.666666666666671,16.205533596837935,11.787072243345998,24.576271186440668,-30.331753554502377,-71.30307467057102,4.535633600459471,139.4203220636324,2.9244868874127845,3.311096795698529
SUMITPOWER,Summit Power Ltd.,17.0,0.5917159763313694,1.796407185628747,0.0,25.000000000000004,23.188405797101446,37.096774193548384,12.582781456953645,-63.44086021505376,-47.04049844236761,-62.972602791716554,2.7676602934466743,2.715290287405867
SUNLIFEINS,Sunlife Insurance Co. Ltd.,61.2,2.000000000000005,-7.552870090634441,-12.571428571428568,-4.524180967238677,11.678832116788332,16.129032258064516,13.543599257884981,85.45454545454547,260.832368744984,-33.830560465650215,7.323668760782932,5.3949759443442415
TAKAFULINS,Takaful Islami Insurance PLC,54.9,-0.1818181818181844,0.18248175182482013,9.362549800796803,61.470588235294116,61.470588235294116,61.470588235294116,61.470588235294116,-3.51493848857645,398.23016665499597,78.80147489565199,2.599090302899246,3.799693401291491
TALLUSPIN,Tallu Spinning Mills Limited,8.4,2.4390243902439157,2.4390243902439157,2.4390243902439157,5.000000000000004,6.329113924050633,33.33333333333334,33.33333333333334,-26.31578947368421,-41.25874125874126,-63.47826090132325,4.399349883726424,3.017984901251252
TAMIJTEX,Tamijuddin Textile Mills PLC,133.0,0.681302043906136,0.9870918754745721,-1.4814814814814814,14.26116838487972,7.4313408723748005,5.555555555555555,5.555555446649027,74.37425488889379,908.9655158497027,908.9655158497027,3.1505136510169773,2.5076752361964116
TECHNODRUG,Techno Drugs Ltd.,45.6,4.587155963302751,-2.355460385438975,-3.999999999999997,3.401360544217687,42.50000000000001,56.164383561643845,44.761904761904766,72.72727272727273,72.72727272727273,72.72727272727273,3.1717937088833654,3.9452957350429743
TILIL,Trust Islami Life Insurance Ltd.,49.8,1.2195121951219396,-6.566604127579738,-8.957952468007322,8.496732026143789,1.2195121951219396,12.16216216216216,-14.137931034482763,352.7272727272727,352.7272727272727,352.7272727272727,3.3751167594485243,3.0300036260010685
TITASGAS,Titas Gas Transmission and Distribution PLC,19.2,0.5235602094240727,-5.418719211822667,-6.341463414634149,18.51851851851852,4.918032786885238,23.076923076923073,-18.644067796610177,-53.84615384615385,-60.41237113402062,-69.90595611285265,2.7866344324420136,2.7823866937206563
TOSRIFA,Tosrifa Industries PLC,22.0,0.9174311926605472,-4.3478260869565215,-5.172413793103446,22.22222222222222,29.41176470588235,29.41176470588235,12.244897959183666,11.083743386811749,12.21563962049759,-49.330150112101975,2.963361647972403,4.032240166705321
TRUSTB1MF,Trust Bank 1st Mutual Fund Units,3.9,5.405405405405398,-4.8780487804877986,14.705882352941178,29.999999999999996,39.28571428571429,62.5,8.333333333333329,-48.0,1.3512496840374784,-40.294900479521516,5.226210015683701,6.477914324177836
TRUSTBANK,Trust Bank PLC,15.3,0.6578947368421146,-0.649350649350647,-4.374999999999996,4.318182078977279,-14.54787212679521,-7.67241356228447,-20.074626686734238,-31.389167085636696,64.2467505857635,61.19033189828918,1.5755967573280594,1.667017250108152
TUNGHAI,Tung Hai Knitting & Dyeing Ltd,5.5,10.0,19.565217391304355,103.7037037037037,83.33333333333333,111.53846153846153,243.75,96.42857142857143,-31.25,-38.26530619804249,-77.81666671162489,10.42214627258432,6.073386176866308
UCB,United Commercial Bank PLC,9.5,1.0638297872340388,1.0638297872340388,3.260869565217399,4.3956043956043995,-5.0,-9.523809523809524,-8.653846153846157,-32.22867621221006,-16.831878243718705,-25.08498670596815,1.699888017917128,2.8099122563653065
UNILEVERCL,Unilever Consumer Care Limited,2030.8,-0.2554027504911614,-0.5095042132079214,-1.182424212933675,0.4252793986747062,-9.136465324384789,-5.981481481481483,-17.940843704541788,12.861410211879123,100.20209488601355,507.34205607476633,0.608853526048254,0.7571862628434594
UNIONCAP,Union Capital Limited,4.9,2.0833333333333446,0.0,11.363636363636363,2.0833333333333446,11.363636363636363,75.00000000000003,8.888888888888896,-55.45454545454545,-45.481880495765786,-74.09521077844904,4.256475485661432,5.4248633286872865
UNIONINS,Union Insurance PLC,52.8,1.538461538461533,1.1494252873563109,-7.368421052631584,31.01736972704715,44.65753424657534,43.47826086956522,48.73239436619718,380.0,380.0,380.0,3.5254930352268286,4.64145606248755
UNIQUEHRL,Unique Hotel & Resorts PLC,43.3,0.9324009324009291,-0.6880733944954226,-6.277056277056289,14.248021108179417,10.459183673469372,13.054830287206267,9.620253164556955,-3.777777777777784,0.0,-65.82478295185477,1.9012247541443148,2.640098611177473
UNITEDFIN,United Finance PLC,19.2,1.0526315789473648,3.7837837837837798,17.07317073170732,51.181102362204726,51.181102362204726,65.51724137931035,48.83720930232557,-20.33195020746889,18.921348878481005,-17.64218624863039,3.862925311290261,4.563099962176131
UNITEDINS,United Insurance Company Limited,67.5,1.35135135135136,-2.1739130434782608,29.55854126679462,58.45070422535211,50.66964285714287,61.48325358851676,70.02518891687656,3.3690658499234347,228.056194336722,76.80329950390876,3.8678668454737486,5.906587843998912
UPGDCL,United Power Generation & Distribution Co. Ltd.,124.7,0.7269789983844958,1.962387571545385,-3.3333333333333313,6.581196581196584,-1.5007898894154752,7.407407407407415,-11.560283687943262,-57.5561606535058,40.856322637205274,123.55910611502406,1.4450870898668216,2.1158690719313245
USMANIAGL,Usmania Glass Sheet Factory Limited,64.5,1.25588697017268,-7.060518731988481,-9.154929577464788,72.0,90.26548672566372,89.70588235294117,80.67226890756301,-10.041841004184104,-19.009905898786222,33.00626708703675,5.623891392169292,6.970488439730036
UTTARABANK,Uttara Bank PLC,21.2,0.47393364928908943,0.952380952380949,-0.9345794392523332,3.5156249999999942,6.854838709677416,15.720524017467243,21.55963302752292,53.59170689171283,133.87396355815832,63.58835804344097,0.8530890850483044,1.0862757565639176
UTTARAFIN,Uttara Finance and Investments Limited,13.5,2.2727272727272783,-1.459854014598535,1.5037593984962352,8.0,-2.8776978417266212,36.36363636363636,-11.764705882352944,-69.31818181818181,-73.70129863811351,-80.91493265195768,2.3707844917585685,2.835350025254658
VAMLRBBF,Vanguard AML Rupali Bank Balanced Fund Units,8.1,0.0,-1.219512195121947,0.0,37.288135593220325,34.99999999999999,42.105263157894726,39.6551724137931,-15.625,-26.36363636363637,-26.36363636363637,2.2161999397771814,2.7558905315402775
VFSTDL,VFS Thread Dyeing Ltd.,15.9,1.2738853503184782,-5.3571428571428585,-4.216867469879524,-1.242236024844727,32.50000000000001,24.218749999999993,120.83333333333331,-41.62587397993882,-32.88071472859935,-32.88071472859935,3.527994614615415,3.8277449362999754
WALTONHIL,Walton Hi-Tech Industries PLC,389.9,0.33453422542458944,-0.025641025641031472,-3.965517241379316,8.456189151599437,-6.989503816793896,2.605263157894731,-4.478841966345212,-69.12683561965237,13.462962849499993,13.462962849499993,1.3987043814562015,1.5398524153634272
WATACHEM,Wata Chemicals Ltd.,145.4,2.178496134926208,1.5363128491620233,-0.47912388774811,15.3968253968254,0.9722222222222262,2.3943661971831025,10.992366412213745,-52.71544715447155,42.25272383602919,589.1354169573957,3.6088505802402686,2.6866458144261784
WMSHIPYARD,Western Marine Shipyard Limited,10.0,1.0101010101010066,-1.9607843137254835,-0.9900990099009866,16.279069767441865,23.456790123456795,21.95121951219513,17.647058823529413,-39.02439024390244,-31.391181143450137,-70.95560005525523,2.624407338693047,3.207420256822091
YPL,Yeakin Polymer Ltd.,22.7,1.793721973094164,-4.219409282700422,-9.200000000000003,-5.020920502092047,32.74853801169589,28.24858757062147,23.369565217391308,36.74698795180721,-9.407962429184899,-9.407962429184899,4.295466291157108,4.054653915518112
ZAHEENSPIN,Zaheen Spinning PLC,6.3,1.6129032258064457,12.500000000000004,16.666666666666654,12.500000000000004,16.666666666666654,57.49999999999999,-7.352941176470589,-46.61016949152543,-51.348982629114865,-55.73341258298503,7.382435510355422,4.2116238473441285
ZAHINTEX,Zahintex Industries Ltd.,9.3,1.086956521739146,4.494382022471914,1.086956521739146,13.414634146341482,52.459016393442646,60.34482758620692,116.2790697674419,-16.216216216216207,-47.88490593747233,-60.79600025349053,3.1075596909533876,3.3542953856023696
ZEALBANGLA,Zeal Bangla Sugar Milla Limited,194.0,0.7792207792207793,-11.697769685935363,-10.185185185185185,54.70494417862838,36.908962597036,35.66433566433567,119.70554926387317,12.790697674418604,865.1741293532338,2129.8850574712646,5.963793233546394,6.99304309962119
