Symbol,Name,Price,Change %,Perf % 1W,Perf % 1M,Perf % 3M,Perf % 6M,Perf % YTD,Perf % 1Y,Perf % 5Y,Perf % 10Y,Perf % All Time,Volatility 1W,Volatility 1M
1JANATAMF,First Janata Bank Mutual Fund Units,4.1,-2.380952380952394,5.128205128205121,32.25806451612902,32.25806451612902,57.692307692307665,57.692307692307665,17.14285714285713,-53.40909090909092,-6.2627455516540245,-24.587718435651098,6.803544978769631,6.233032463956653
1STPRIMFMF,Prime Finance First Mutual Fund 2009 Units,25.0,0.8064516129032229,5.042016806722686,7.296137339055791,30.20833333333334,26.903553299492394,25.0,15.740740740740735,20.19230769230769,204.87804878048783,-18.300653594771244,4.954664906383498,4.38367371120769
AAMRANET,aamra networks ltd,21.3,0.9478672985781956,-0.4672897196261583,0.4716981132075539,30.674846625766868,33.12500000000001,19.662921348314605,13.297872340425531,-43.29107331134915,-64.64467644706613,-64.64467644706613,2.887709022041894,3.500395346071392
AAMRATECH,Aamra Technologies Limited,21.9,2.3364485981308416,14.062499999999998,22.346368715083802,72.44094488188976,93.80530973451324,78.04878048780486,68.46153846153845,-25.596154138999758,2.4147057326467274,-25.521750160978534,6.029952123484385,4.916987329988736
ABB1STMF,AB Bank 1st Mutual Fund 2011 Units,4.3,0.0,4.878048780487809,30.303030303030305,38.709677419354826,65.38461538461537,59.259259259259245,13.157894736842106,-45.569620253164565,-0.6184006154503693,-35.858304682307065,7.375939849624059,7.074568851382206
ABBANK,AB Bank PLC,5.0,2.0408163265306047,0.0,2.0408163265306047,6.382978723404252,8.695652173913052,21.95121951219513,-28.571428571428573,-61.51252725825223,-61.62161577690488,-78.27377530164324,3.2489795918367257,3.4208138233648397
ACFL,Aman Cotton Fibrous PLC,24.0,0.0,3.89610389610389,-2.0408163265306123,29.72972972972973,37.142857142857146,33.333333333333336,23.076923076923077,-49.26004228329809,-60.0,-60.0,3.266428747231115,3.5769433179262853
ACI,Advanced Chemical Industries PLC,204.9,-0.19483682415976897,1.991040318566451,2.398800599700156,8.757961783439491,-0.4373177842565625,5.07692307692308,1.4356435643564385,-13.034534312894998,-20.426480186289965,229.02023992622208,1.6612411929987145,2.213302886312982
ACIFORMULA,ACI Formulations PLC,176.2,-1.0668163952835519,2.3823358512492705,15.921052631578942,24.171952078928808,29.368575624082233,36.5891472868217,25.40925266903914,13.086797348731652,13.99260656595217,155.53867467199586,4.082872965048406,4.20425420516939
ACMELAB,ACME Laboratories Ltd.,83.2,-0.12004801920767626,0.24096385542169016,0.24096385542169016,8.051948051948054,10.198675496688745,16.690042075736333,-0.3592814371257451,8.051948051948054,-26.3716814159292,-38.370370370370374,1.51773545031776,2.2058071096457383
ACMEPL,ACME Pesticides Ltd,25.5,4.5081967213114815,19.158878504672902,9.91379310344828,7.594936708860762,60.37735849056604,60.37735849056604,68.87417218543047,131.8181818181818,131.8181818181818,131.8181818181818,5.469296917119042,4.0379328453788075
ACTIVEFINE,Active Fine Chemicals Ltd.,7.0,1.4492753623188355,2.941176470588238,0.0,6.060606060606066,22.807017543859644,29.629629629629623,-23.076923076923073,-72.0,-71.01910819165077,-76.26086939842419,3.20971867007672,3.609301369063938
ADNTEL,ADN Telecom Ltd.,68.1,-0.2928257686676469,2.2522522522522523,-0.8733624454148595,12.56198347107437,8.43949044585987,17.61658031088082,-13.3587786259542,24.043715846994527,68.14814814814814,68.14814814814814,1.7498378864931754,2.7342259294145435
ADVENT,Advent Pharma Ltd.,16.6,0.0,5.732484076433135,3.750000000000009,21.16788321167885,18.57142857142858,23.88059701492538,3.750000000000009,-37.97802218112692,-54.927016285227964,-54.927016285227964,3.2536844919893917,2.5505400276534917
AFCAGRO,AFC Agro Biotech Ltd.,7.3,0.0,0.0,-10.975609756097555,4.285714285714283,35.18518518518517,45.99999999999999,-10.975609756097555,-78.52941176470588,-76.95376074188015,-68.14097496727122,3.9322602280348766,4.666227951737876
AFTABAUTO,Aftab Automobiles Ltd.,30.5,-0.3267973856209197,-0.6514657980456003,-2.2435897435897414,12.962962962962964,-0.32679738562091964,-10.818713450292405,-13.597733711048152,4.754673431494046,-32.06818147975785,-55.164999634639585,2.102282789568176,2.7858196892639793
AGNISYSL,Agni Systems PLC,33.3,-0.8928571428571555,2.1472392638036677,6.389776357827465,34.81781376518218,57.81990521327012,60.096153846153825,26.136363636363633,32.14285714285713,112.97741867201117,79.67713572674319,4.116166714807509,4.281121530241537
AGRANINS,Agrani Insurance PLC,31.4,1.6181229773462786,6.802721088435375,10.954063604240275,40.17857142857143,30.290456431535258,31.932773109243687,19.391634980988584,-32.901557605997006,273.35703863574855,90.32176234761317,3.971637199319155,4.580256779149844
AIBL1STIMF,AIBL 1st ISLAMIC Mutual Fund 2010- Units,6.7,1.5151515151515234,-5.633802816901401,59.52380952380952,67.5,91.42857142857143,97.05882352941177,17.543859649122805,-30.92783505154638,-8.219178082191776,-12.987012987012987,6.065551831680865,7.954907034840603
AIL,Alif Industries Ltd.,37.6,-0.5291005291005179,-3.836317135549872,11.572700296735901,15.692307692307695,39.25925925925927,-7.616707616707619,-22.79260780287475,-1.523809622285702,-65.95753855826096,-65.95753855826096,2.7667095652801943,3.7448548384679423
AL-HAJTEX,Alhaj Textile Mills Limited,98.9,0.6103763987792559,-0.10101010101009526,-3.228962818003911,1.2282497441146396,-20.879999999999995,-27.91545189504372,-23.154623154623142,116.41137855579868,45.93780445020187,327.13713692515756,2.951962257140816,4.238450272832593
ALARABANK,Al-Arafah Islami Bank PLC,16.6,3.750000000000009,-6.741573033707861,7.792207792207799,20.289855072463773,-7.77777777777777,10.666666666666677,-11.702127659574465,-20.91233491316423,42.42633970539398,-7.228988954981297,3.8307622504537227,3.3359932850099776
ALIF,Alif Manufacturing Company Ltd.,5.6,0.0,0.0,1.8181818181818117,3.7037037037036904,47.368421052631575,39.99999999999999,-5.084745762711876,-61.904761904761905,-34.78564832746982,-66.83850212678662,3.6233766233766262,4.012690350842766
ALLTEX,Alltex Industries Limited,22.6,0.0,17.098445595854926,26.966292134831463,37.8048780487805,62.58992805755396,68.65671641791046,113.20754716981135,49.66887417218545,20.21276595744681,195.75308541200187,5.233788654536393,4.086827464032544
AMANFEED,Aman Feed PLC,37.7,1.3440860215053763,-1.0498687664041957,9.593023255813968,37.0909090909091,59.07172995780593,63.91304347826088,50.80000000000001,-48.35616438356164,-35.059132399648355,12.4222237150025,3.0995672740805786,3.898720329011696
AMBEEPHA,Ambee Pharmaceuticals PLC,809.1,-0.6873695838959154,0.4469273743016788,7.30769230769231,7.151370679380214,7.250795334040303,12.375000000000002,-0.8334354700330867,83.30312641594928,147.65840220385675,332.866698117916,1.1876000048051438,2.3114461039949266
AMCLPRAN,Agricultural Marketing Co. Ltd.,227.5,0.352889280988095,0.22026431718061673,3.5974499089253213,7.260726072607263,9.375,12.456747404844286,-4.411764705882353,5.813953488372093,9.691417550626806,84.95934959349593,2.3716241298504173,2.7986307304142244
ANLIMAYARN,Anlima Yarn Dyeing Ltd.,35.0,4.790419161676651,6.0606060606060606,6.38297872340426,71.56862745098042,84.21052631578948,68.26923076923077,53.50877192982456,-13.580246913580247,3.244837758112099,75.0,5.342293959816612,4.994757599921542
ANWARGALV,Anwar Galvanizing Ltd.,111.9,0.17905102954342242,-1.7559262510974538,-5.169491525423724,11.7882117882118,27.73972602739727,29.214780600461907,61.93921852387845,-33.8956355789236,228.1242574319335,1284.7624915702586,1.9435982919003183,2.831678456105022
AOL,Associated Oxygen Ltd,18.1,2.2598870056497296,2.2598870056497296,0.5555555555555635,15.28662420382167,28.368794326241147,19.07894736842107,17.53246753246754,-65.66134754780725,39.442399243887536,39.442399243887536,1.7065301929708703,2.454149071365838
APEXFOODS,Apex Foods Limited,280.8,-0.1067235859124907,-2.432244614315497,-1.611772950245258,7.668711656441717,18.48101265822785,14.239218877135881,24.800000000000004,84.73684210526316,135.57046979865774,292.1787709497207,1.9625738848309753,3.244623626089384
APEXFOOT,Apex Footwear Ltd.,216.0,-0.09250693802034628,-0.3690036900369056,5.5718475073313805,9.477952356817024,14.954763171899945,20.46848856664807,21.0762331838565,65.13719904573931,12.43697848794824,62.086984454311846,1.4161322012290045,2.3065056062623603
APEXSPINN,Apex Spinning and Knitting Mills Ltd.,347.0,-0.9420496717099661,-7.417289220917825,-9.87012987012987,4.960677555958855,59.174311926605505,92.77777777777777,139.47550034506557,173.22834645669292,267.1957671957672,395.7142857142857,3.4524611825915557,4.5155373820440285
APEXTANRY,Apex Tannery Limited.,104.0,0.3861003861003916,0.7751937984496097,-1.4218009478672986,13.785557986870892,45.251396648044704,74.496644295302,48.57142857142857,-8.450704225352109,-30.01345895020188,42.27086183310534,2.270036489478271,3.972001313243576
APOLOISPAT,Appollo Ispat Complex Ltd.,3.4,3.030303030303033,6.249999999999991,3.030303030303033,0.0,78.94736842105263,100.0,3.030303030303033,-69.0909090909091,-72.30444460154703,-86.04144003242504,6.17424242424242,6.736318408504677
ARAMIT,Aramit Limited,207.0,1.570166830225706,0.4854368932038835,-0.7194244604316546,22.8486646884273,22.26816302421736,13.924050632911399,7.253886010362694,-37.27272727272727,-51.96101183569273,-2.358490566037736,3.9497123981758335,4.8535577268347545
ARAMITCEM,Aramit Cement Limited,12.5,-0.7936507936507908,0.0,6.837606837606844,10.619469026548666,5.932203389830502,42.04545454545453,-3.8461538461538463,-80.15873015873017,-66.21621621621621,-65.41242978270148,3.754908306649791,5.149002873931919
ARGONDENIM,Argon Denims Ltd.,24.5,0.40983606557377633,14.48598130841122,20.68965517241379,42.441860465116285,41.618497109826585,39.204545454545446,35.359116022099435,-4.5991699332647435,50.95668041429154,-36.4588493614998,4.95013507717224,4.300992701277863
ASIAINS,Asia Insurance PLC,44.3,1.3729977116704675,4.235294117647052,-1.1160714285714286,14.76683937823833,16.27296587926508,61.09090909090908,61.678832116788314,-55.16194331983806,263.1147540983606,34.04899166930813,3.2680956760518978,3.5468100942037832
ASIAPACINS,Asia Pacific General Insurance PLC,52.0,2.5641025641025585,19.266055045871557,10.638297872340425,23.80952380952381,33.676092544987156,64.55696202531645,52.04678362573098,-25.82025677603423,276.81159420289856,53.39233038348083,4.985640081398203,4.283837169985661
ASIATICLAB,Asiatic Laboratories Ltd,117.2,-1.5126050420168042,-3.9344262295081944,-13.441654357459381,3.716814159292038,85.73692551505546,143.15352697095435,150.96359743040685,104.53752181500874,104.53752181500874,104.53752181500874,3.908781305085113,4.386847128507367
ATLASBANG,Atlas Bangladesh Limited,96.0,1.4799154334038116,4.234527687296423,32.78008298755187,29.03225806451612,84.97109826589596,69.3121693121693,49.7659906396256,-21.76039119804401,-0.02622946209816069,-14.653435157335084,3.8213754298804044,6.343342029050753
AZIZPIPES,Aziz Pipes Limited.,82.2,2.6217228464419584,12.75720164609053,8.300395256916993,30.269413629160066,100.48780487804878,75.64102564102565,56.27376425855513,-28.521739130434778,94.1975014591515,428.6487538611184,4.573437307470051,4.774832652362042
BANGAS,Bangas Limited,135.5,0.0,-0.6598240469208253,0.8184523809523767,-1.094890510948905,11.24794745484401,3.9110429447852715,18.964003511852496,5.120248254460818,-12.830980329431624,-3.3596883181373256,1.899059932129615,2.5364234455329275
BANKASIA,Bank Asia PLC,18.1,0.5555555555555635,-0.5494505494505377,-1.092896174863384,-1.8075004074988728,-3.258621106643875,6.730977792761421,-0.31218313834992867,11.352319032101333,80.8855002019142,55.7065801372798,0.8907579452040744,2.027729141640869
BARKAPOWER,Baraka Power Ltd.,9.9,5.319148936170213,20.731707317073187,19.277108433734934,23.750000000000004,30.26315789473685,45.58823529411766,-12.389380530973453,-64.64285714285715,-56.15474131765725,-56.36983147256415,6.960396345227806,4.025996554480466
BATASHOE,Bata Shoe Co. (Bangladesh) Ltd.,912.0,1.0862336510751445,-0.32786885245901637,4.827586206896552,10.545454545454545,11.084043848964678,13.418729013804251,4.109589041095891,39.21538696382231,-23.936613844870724,77.0873786407767,1.0763731137220913,1.6807213712594784
BATBC,British American Tobacco Bangladesh Co Ltd,247.9,0.08074283407348287,5.4893617021276615,13.196347031963473,13.144682793245098,-6.452830188679243,-0.040322580645159,-19.250814332247554,-56.546888694127965,-15.167298684219231,166.24105544097577,3.444668064731077,2.3642361965297685
BAYLEASING,Bay Leasing and Investment Ltd.,5.7,5.555555555555552,3.63636363636364,18.750000000000007,26.66666666666667,46.15384615384616,72.72727272727273,18.750000000000007,-79.36206891392241,-62.766726847589915,-78.27695110848607,6.187302893185247,5.600212579691362
BBS,Bangladesh Building Systems PLC,16.1,-1.2269938650306704,7.333333333333343,-0.6172839506172708,29.838709677419363,75.00000000000003,75.00000000000003,49.07407407407408,-25.462962962962962,-35.37699617252759,-25.74816830485408,3.331957843611562,3.309058091004655
BBSCABLES,BBS Cables PLC,23.1,-1.7021276595744619,2.666666666666673,-1.28205128205127,16.666666666666668,60.41666666666667,51.973684210526336,38.32335329341319,-60.69791647001978,-20.089940950825092,-20.089940950825092,2.635841763559643,2.486068692786418
BDAUTOCA,Bangladesh Autocars Limited,208.4,-0.28708133971291594,0.4821600771456123,-0.7146260123868509,-3.6077705827937017,64.09448818897638,64.09448818897638,91.54411764705883,47.80141843971632,604.8661565473627,865.3082280934874,3.0711109019185923,3.6403008293543144
BDCOM,BDCOM Online Ltd.,33.6,-0.2967359050445146,3.067484662576687,-0.2967359050445146,18.727915194346295,31.764705882352946,29.230769230769234,44.59016429590165,35.69230836033137,96.1208371244459,179.40959983179144,2.3110013159181895,4.693330688631309
BDFINANCE,Bangladesh Finance PLC,14.2,1.4285714285714235,2.8985507246376705,4.411764705882351,18.33333333333333,7.575757575757576,9.230769230769225,26.78571428571429,-69.53036448694667,83.07124565875868,-12.599047683162757,3.3595112998477,4.328836510708632
BDLAMPS,Bangladesh Lamps PLC,184.8,0.9284543965046516,0.9836065573770554,1.3157894736842135,-3.6496350364963503,30.140845070422543,37.39776951672863,32.00000000000001,9.427780763403124,4.07157886411116,64.779999868176,3.033398836130533,3.135751517585065
BDTHAI,Bangladesh Thai Aluminium Ltd.,19.1,-0.5208333333333223,-2.5510204081632653,-4.020100502512549,54.032258064516135,67.54385964912281,70.5357142857143,46.923076923076934,-30.036630036630033,5.742374527067233,19.8866601557749,3.0482459785297977,4.481493912199782
BDTHAIFOOD,BD Thai Food & Beverage Ltd.,25.3,0.39682539682540247,7.203389830508471,5.416666666666669,18.779342723004696,60.12658227848101,75.69444444444444,68.66666666666667,109.0909090909091,109.0909090909091,109.0909090909091,3.182027880800678,4.926059456688644
BDWELDING,Bangladesh Welding Electrodes Ltd.,14.2,0.7092198581560258,2.1582733812949564,0.7092198581560258,-6.578947368421053,-14.457831325301218,-21.546961325966862,36.538461538461526,-33.95348837209303,46.34693873071011,-35.36866936486239,2.0250545817490266,3.7270139590721074
BEACHHATCH,Beach Hatchery Ltd,33.2,-0.5988023952095681,-0.895522388059693,-0.30030030030028326,11.036789297658878,8.143322475570043,-29.059829059829053,-29.36170212765957,53.70370370370371,235.3535353535354,47.088607930075305,1.979566995378145,2.915347507500852
BEACONPHAR,Beacon Pharmaceuticals PLC,109.0,0.36832412523020785,-0.2744739249771246,-2.242152466367713,1.8691588785046729,1.3953488372093024,4.1069723018147055,-5.872193436960274,-51.961216394887614,548.8095238095237,607.7922077922078,1.7956890106195602,2.2782911812356055
BENGALWTL,Bengal Windsor Thermoplastics PLC,25.0,-0.7936507936507908,4.166666666666667,-0.7936507936507908,-1.185770750988145,42.04545454545453,43.67816091954024,31.57894736842105,-10.714285714285714,-39.69298252226647,-49.49916537603922,2.048398265525099,3.1333465421291207
BERGERPBL,Berger Paints Bangladesh Ltd.,1496.0,-0.3331112591605596,6.552706552706553,11.984429972303309,8.405797101449275,4.982456140350878,8.32729905865315,-4.176274660517554,-15.527950310559007,36.0,469.9047619047619,2.676307974590382,1.2263247522519662
BESTHLDNG,Best Holdings PLC,15.7,0.6410256410256387,0.0,7.534246575342464,22.65624999999999,33.05084745762711,16.29629629629629,-4.848484848484853,-46.59863945578231,-46.59863945578231,-46.59863945578231,2.4583158776707172,3.818517046918249
BEXIMCO,Bangladesh Export Import Company Ltd.,23.2,4.035874439461877,0.8695652173913012,-24.18300653594772,-78.92824704813806,-78.92824704813806,-78.92824704813806,-78.92824704813806,-73.66486480052171,14.284681726429783,-41.58182516447028,7.58222451166924,5.414596769278019
BGIC,Bangladesh General Insurance Company PLC,41.2,2.2332506203474085,2.743142144638407,-1.904761904761898,10.75268817204301,18.051575931232104,33.33333333333335,22.61904761904762,-17.76447105788423,190.14084507042259,31.629392971246013,3.5522678359462185,4.087610258061127
BIFC,Bangladesh Industrial Finance Company Ltd.,5.1,4.0816326530612095,0.0,1.999999999999993,8.510638297872328,131.81818181818178,199.99999999999997,-15.000000000000005,-27.142857142857146,-32.89473684210527,-74.96512789579837,6.064342403628114,8.09244719011796
BNICL,Bangladesh National Insurance Company Ltd,117.7,4.159292035398233,0.17021276595744922,1.9930675909878657,40.2860548271752,119.18063314711358,161.55555555555554,180.90692124105016,-3.0477759472817154,805.3846153846154,218.1081081081081,5.9200829626769735,5.232759506782312
BPML,Bashundhara Paper Mill Ltd.,28.7,0.3496503496503422,-0.6920415224913471,0.3496503496503422,4.7445255474452575,19.583333333333332,10.810810810810814,-15.088757396449699,-39.83228511530399,-81.48387096774194,-81.48387096774194,1.6751930155681751,2.6617535799987926
BPPL,Baraka Patenga Power Ltd.,21.2,0.952380952380949,4.9504950495049505,4.9504950495049505,25.443786982248525,31.677018633540357,42.28187919463086,40.397350993377486,-51.81818181818182,-33.542319749216304,-33.542319749216304,2.225873962342417,2.9076717499224474
BRACBANK,BRAC Bank PLC,63.9,-0.15625000000000222,-1.5408320493066363,0.0,-0.29169942640876617,-4.812153460665812,16.27376191273888,4.978596465966687,133.53297665494614,257.2726140754054,870.6653891191107,1.5153188651858867,2.008901138680929
BSC,Bangladesh Shipping Corporation,123.0,0.49019607843136787,3.361344537815126,9.52804986642921,17.36641221374046,7.705779334500874,9.52804986642921,4.237288135593221,161.14649681528664,256.1530517623713,146.29467478107873,2.0091545977053498,3.0066332039624806
BSCPLC,Bangladesh Submarine Cables PLC,156.5,0.12795905310299974,-1.5723270440251573,1.888020833333337,10.366713681241176,10.5225988700565,21.979734996102874,2.1540469973890417,-14.010989010989011,34.79758828596039,257.55083390450073,2.7814468663106857,2.725761416794017
BSRMLTD,Bangladesh Steel Re-Rolling Mills Ltd.,102.6,-0.6776379477250754,-0.38834951456311234,-4.558139534883726,21.276595744680854,21.85273159144892,34.46920052424639,10.44133476856834,11.764705882352938,-23.696373848632863,127.6009993138209,2.7545198374604194,3.7372152614065346
BSRMSTEEL,BSRM Steels Limited,98.5,-0.3036437246963534,3.4663865546218458,13.218390804597702,37.569832402234645,34.93150684931507,55.118110236220474,40.714285714285715,61.47540983606557,9.444444334999998,75.02692334767626,2.8729132243025046,3.5714857110271057
BXPHARMA,Beximco Pharmaceuticals Plc,145.4,-0.27434842249657454,-1.1556764106050228,0.06882312456985155,14.039215686274513,24.914089347079038,41.16504854368933,22.184873949579835,-21.405405405405403,85.97674400006979,230.832740510945,2.3419940690142713,2.5594309864771922
CAPITECGBF,CAPITEC GRAMEEN BDT10 (MUTUAL FUND) Units,11.2,2.7522935779816415,14.28571428571427,47.368421052631575,59.99999999999999,62.31884057971013,64.70588235294117,47.368421052631575,-22.22222222222223,-22.22222222222223,-22.22222222222223,8.410596773228566,5.488017739118421
CAPMBDBLMF,CAPM BDBL Mutual Fund 01 Units,11.9,0.0,16.66666666666668,19.000000000000004,-3.252032520325206,16.66666666666668,17.821782178217827,27.95698924731182,-12.499999999999996,10.185185185185182,10.185185185185182,6.477340619594559,4.745953693954101
CAPMIBBLMF,CAPM IBBL Islamic Mutual Fund Units,13.9,-3.4722222222222223,4.511278195488719,28.703703703703695,49.46236559139784,65.47619047619047,85.33333333333333,57.954545454545446,-39.30131004366812,39.00000000000001,39.00000000000001,5.977372598374764,7.066942098794964
CENTRALINS,Central Insurance PLC,47.4,5.56792873051225,13.669064748201427,8.965517241379308,17.61786600496278,10.747663551401873,16.46191646191645,12.58907363420427,-25.58869701726845,267.1757363301742,80.0359597217033,4.189299028455077,3.7693334695510963
CENTRALPHL,Central Pharmaceuticals Ltd.,11.8,-1.6666666666666607,7.27272727272728,9.25925925925926,35.632183908045995,34.090909090909086,34.090909090909086,6.3063063063063165,-37.234042553191486,-8.585975557388116,-65.51863008575069,5.239932428826274,4.647914683388484
CITYBANK,City Bank PLC,31.5,0.0,-1.2539184952978013,0.31847133757962237,12.5,34.16666626416668,48.463114294714536,41.50390583820153,89.1199423259824,158.90849195220306,210.2814769737939,1.147921287723086,2.2163124000218497
CITYGENINS,City Insurance PLC,113.8,0.08795074758134944,4.691812327506894,6.4546304957904495,12.784935579781953,34.04004711425205,31.25720876585928,124.45759368836289,178.921568627451,1163.2844012590538,374.68541119101087,3.57706906514686,1.3961857402852438
CLICL,Chartered Life Insurance PLC,53.1,2.9069767441860463,-3.978300180831819,-4.838709677419347,-5.347593582887701,-9.230769230769228,-4.838709677419347,15.434782608695654,382.72727272727275,382.72727272727275,382.72727272727275,3.9042806825241887,5.224274713143376
CNATEX,C & A Textiles Ltd,3.3,3.124999999999989,3.124999999999989,3.124999999999989,-2.941176470588238,43.47826086956522,37.49999999999999,-2.941176470588238,-43.10344827586207,-54.625000045374996,-80.73175351329935,5.705645161290315,6.214377112084221
CONFIDCEM,Confidence Cement PLC,68.3,0.14662756598239635,-0.43731778425655565,2.398800599700141,12.151067323481115,14.023372287145241,38.259109311740886,16.156462585034014,-45.82679829231169,53.31726667297794,27.36667874301072,1.761505278554648,3.321514097245029
CONTININS,Continental Insurance PLC,35.8,3.468208092485537,7.185628742514966,2.2857142857142776,33.08550185873606,39.29961089494163,47.933884297520656,44.3548387096774,-25.416666480208335,302.6992865687201,55.92013038532579,3.4602862009517747,5.321246971732528
COPPERTECH,Coppertech Industries Ltd,28.6,-2.054794520547938,4.379562043795631,5.925925925925931,12.598425196850405,48.18652849740933,51.32275132275134,26.54867256637168,-28.499999821249997,10.36025083443386,10.36025083443386,4.671372338494992,3.139072662508149
CROWNCEMNT,Crown Cement PLC,68.4,0.7363770250368188,-3.3898305084745646,8.056872037914706,39.02439024390244,41.322314049586794,46.153846153846175,34.9112426035503,-9.643328929986787,-11.74193548387096,-15.346534653465335,3.055294589776151,3.4957857666107164
CRYSTALINS,Crystal Insurance Company Ltd,70.1,2.335766423357656,2.7859237536656765,-6.533333333333341,-4.365620736698503,-16.547619047619055,21.91304347826086,54.74613686534216,35.99647251922771,414.06666615259996,414.06666615259996,2.846126186916818,3.292287914444302
CVOPRL,CVO Petrochemical Refinery PLC,173.9,0.28835063437139563,-1.0244735344336842,1.6959064327485414,10.063291139240508,8.01242236024845,17.898305084745765,18.29931972789116,67.79824544623686,-20.06726784992892,45.175445830694876,1.7813541271263396,2.6053478703659003
DACCADYE,Dacca Dyeing and Manufacturing Company Limited,17.3,1.1695906432748495,-0.5747126436781487,-1.1428571428571388,11.612903225806456,0.5813953488372176,-10.824742268041225,2.3668639053254568,-29.674796747967484,88.04347826086959,-38.41423954597878,4.624004340778935,3.765737948003891
DAFODILCOM,Daffodil Computers PLC.,169.8,-0.7597895967270503,2.5362318840579814,5.074257425742585,38.04878048780488,301.4184397163121,370.3601108033241,211.55963302752298,193.77162629757788,668.3257918552036,981.5286624203824,2.411517205776883,3.175513110663792
DBH,DBH Finance PLC,43.2,0.2320185614849221,-0.4608294930875478,3.8461538461538494,9.923664122137419,14.285714285714302,23.428571428571434,4.600484261501225,-41.09399775752049,-38.09436191550906,25.969454359844285,2.044695614463059,2.8795728201668567
DBH1STMF,DBH First Mutual Fund Units,6.1,-1.6129032258064602,3.389830508474564,29.787234042553177,38.63636363636362,21.999999999999993,-6.1538461538461595,-1.6129032258064602,-38.38383838383839,5.172413793103446,-17.567567567567576,5.326668945089996,6.170781680458002
DELTALIFE,Delta Life Insurance Company Ltd.,81.7,3.1565656565656566,2.509410288582183,-0.12224938875304929,8.933333333333337,9.959623149394355,20.501474926253696,8.933333333333337,-40.40846097738876,-13.544973544973542,-97.57313276775741,2.843604944504458,3.4848341331501755
DELTASPINN,Delta Spinners Limited,7.9,0.0,-2.4691358024691272,16.176470588235304,21.538461538461544,41.071428571428584,58.000000000000014,36.20689655172415,-26.851851851851855,19.487499781935323,-49.57671725318256,3.0736773774748447,4.085745125949333
DESCO,Dhaka Electric Supply Co. Ltd.,25.9,0.0,1.968503937007874,0.0,16.666666666666664,11.158798283261792,26.34146341463414,-1.5209125475285252,-27.85515320334262,-49.70873786407767,-61.038681851020776,2.975321194306458,3.0210049689202982
DESHBANDHU,Deshbandhu Polymer Limited,22.7,-1.3043478260869596,-5.020920502092047,5.581395348837206,28.977272727272712,45.51282051282051,33.52941176470588,21.390374331550802,30.459770114942536,135.56603740250088,4.835982597343273,4.921135148060711,4.033371142966104
DGIC,Desh General Insurance Company Ltd,34.2,0.5882352941176554,0.0,12.131147540983616,59.81308411214956,62.085308056872044,73.60406091370561,50.00000000000001,-25.974025974025974,128.00000000000003,128.00000000000003,4.125517476351088,5.709161429515749
DHAKABANK,Dhaka Bank PLC,12.2,0.0,0.0,-1.6129032258064602,-1.6129032258064602,-4.687500000000011,7.964601769911491,-3.937007874015748,-2.3456848261472074,32.986900857848994,-4.738823372940923,1.4917806981890451,1.9672285065499413
DHAKAINS,Dhaka Insurance Limited,45.8,1.7777777777777715,8.530805687203777,2.4608501118568102,16.539440203562343,21.485411140583537,27.222222222222214,17.73778920308483,-41.95183776932827,218.05555555555554,-3.9098039984407884,3.6293929889842316,3.8238930387342824
DOMINAGE,Dominage Steel Building Systems Ltd,83.5,0.4813477737665532,6.505102040816319,4.6365914786967455,18.43971631205674,147.0414201183432,188.9273356401384,537.4045801526719,196.19932506482263,531.259998926858,531.259998926858,4.955608936972586,4.6467998086547455
DOREENPWR,Doreen Power Generations & Systems Ltd.,32.7,-0.30487804878047053,4.472843450479241,6.514657980456037,9.73154362416108,14.736842105263168,15.957446808510651,21.111111111111118,-38.31747329193562,31.03071159166304,-17.7418310775866,3.144080608847417,2.8818324236891577
DSHGARME,Desh Garments Limited.,164.5,-0.7242003621001742,-0.7242003621001742,6.818181818181818,43.04347826086956,50.22831050228311,41.32302405498281,39.17089678510998,2.695800125601192,60.82581179632691,1512.4535806593642,4.104182468870972,5.416536024124239
DSSL,Dragon Sweater & Spinning Ltd.,14.1,-1.398601398601406,-2.0833333333333384,25.89285714285715,49.99999999999999,76.25,65.88235294117646,28.181818181818176,-17.749999602458338,153.62002793111972,55.26340464126361,3.3992608131055873,5.106542339048184
DULAMIACOT,Dulamia Cotton Spinning Mills Limited,210.1,-0.3793266951161742,-2.0512820512820538,2.537823328452898,64.140625,61.11963190184048,55.629629629629626,125.91397849462365,320.2,2818.0555555555557,2183.695652173913,5.865681161266216,7.246488563582023
DUTCHBANGL,Dutch-Bangla Bank PLC,49.3,0.4073319755600728,0.4073319755600728,12.04545454545454,22.08726445616154,26.875000317187485,34.10621795184585,11.08369126483368,-4.678737609570731,128.70783721556484,115.69514989811006,3.377564777947922,3.7654188027787874
EASTERNINS,Eastern Insurance PLC,62.8,1.6181229773462786,9.407665505226479,2.1138211382113776,16.512059369202223,12.544802867383513,25.34930139720558,35.63714902807776,-47.093513058129744,182.88288288288288,72.05479452054793,3.6154894361102303,3.5882652084375084
EASTLAND,Eastland Insurance PLC,29.8,2.758620689655175,8.363636363636365,10.780669144981422,35.45454545454546,39.25233644859814,59.35828877005349,53.60824742268043,-22.39583333333333,117.0287071343123,-16.11899569704775,4.297844287223456,4.909866273202438
EASTRNLUB,Eastern Lubricants Blenders PLC,2087.0,-0.5527494520156251,0.0,12.81081081081081,30.4375,31.788330386461233,25.64720048163757,17.79424986269694,192.35864908014656,242.65587719112906,1636.1231110523124,2.518174044664737,2.909139212438609
EBL,Eastern Bank PLC,24.2,0.0,-0.8196721311475381,-2.0242914979757085,-5.956850513592432,-4.13076958548538,2.1557373096925576,-6.992537650411373,4.710983176174163,79.66245067765531,83.07376247659039,1.1601111073008403,1.2380279847985824
EBL1STMF,EBL First Mutual Fund Units,5.3,-3.63636363636364,8.163265306122437,32.49999999999999,43.243243243243235,70.96774193548386,70.96774193548386,15.21739130434783,-43.010752688172055,31.98223041054368,-22.70009163320742,6.2335631349782314,6.1500094685400954
EBLNRBMF,EBL NRB Mutual Fund,4.1,0.0,5.128205128205121,32.25806451612902,24.24242424242424,78.26086956521739,78.26086956521739,13.888888888888877,-48.10126582278482,-0.647352770523697,-40.322176812703475,6.916839916839917,6.3977186586544414
ECABLES,Eastern Cables Ltd.,138.9,-0.7857142857142816,-3.4746351633078527,6.928406466512702,11.120000000000003,22.811671087533167,23.907225691347023,20.57291666666667,-4.797806716929403,-7.603628550148058,234.79880410127495,3.4381699318191443,4.885236011674374
EGEN,eGeneration PLC,27.4,-0.7246376811594305,3.3962264150943344,2.621722846441945,16.59574468085106,38.38383838383837,38.38383838383837,25.114155251141554,-57.320872274143305,82.66666666666666,82.66666666666666,2.4029586256396493,2.9004415705744266
EHL,Eastern Housing Ltd.,95.9,0.9473684210526375,2.8969957081545092,3.1182795698924792,19.130434782608702,19.875000000000007,31.01092896174864,9.225512528473814,74.68123861566487,189.35344899924576,145.3126462135475,2.197898860502966,3.5470799368938524
EIL,Express Insurance Ltd.,33.2,2.1538461538461626,6.410256410256421,3.750000000000009,24.812030075187973,14.87889273356403,17.73049645390072,-3.4883720930232434,-11.936339522546419,121.33333333333334,121.33333333333334,3.032136964706729,3.7542858087378885
EMERALDOIL,Emerald Oil Industries Ltd.,29.3,-2.657807308970102,6.545454545454548,38.20754716981133,83.125,110.79136690647482,103.47222222222221,36.27906976744187,-18.384401114206124,-16.502590766590377,-31.821153986444934,5.766935116378665,6.302295115036782
ENVOYTEX,Envoy Textiles Ltd.,57.0,-1.2131715771230551,1.4234875444839807,-0.175131348511386,15.85365853658536,12.426035502958575,17.52577319587629,23.644251626898043,56.16438356164384,85.48203459850214,27.21065584156179,2.089201612607534,2.970458665172848
EPGL,Energypac Power Generation PLC,20.2,-0.4926108374384306,-0.49261083743843065,3.5897435897435863,13.483146067415722,40.27777777777777,29.487179487179485,15.428571428571425,-61.52380952380952,-56.55913978494624,-56.55913978494624,2.0935471159056145,3.287792578745913
ESQUIRENIT,Esquire Knit Composite PLC,26.3,-0.7547169811320728,-0.37878787878787074,2.734374999999997,14.347826086956525,34.18367346938775,27.669902912621353,12.875536480686694,-30.606860158311342,-44.39746300211416,-44.39746300211416,2.9545737162137207,3.2803220173249312
ETL,Evince Textiles Ltd.,14.7,-0.6756756756756852,1.3793103448275814,6.521739130434772,34.86238532110091,46.99999999999999,46.99999999999999,58.06451612903224,25.641025641025642,47.44486903696476,12.621206562469885,2.875819009701192,3.589249602840176
EXIM1STMF,EXIM Bank 1st Mutual Fund 2013- Units,6.9,1.4705882352941255,30.18867924528303,91.66666666666667,86.48648648648648,130.00000000000003,146.42857142857144,46.808510638297875,-24.99999999999999,4.659699328913671,-11.493439612831967,8.049576933974976,6.927665763386431
FAMILYTEX,Familytex (BD) Ltd.,2.9,7.407407407407398,0.0,11.538461538461531,-3.333333333333336,141.66666666666669,123.07692307692307,26.086956521739136,-46.296296296296305,-59.05960332355553,-91.14430749624256,7.578347578347569,7.805146122951499
FARCHEM,FAR Chemicals Industries Ltd,24.8,0.8130081300812979,-2.7450980392156836,27.835051546391767,55.00000000000001,83.70370370370371,71.03448275862068,3.333333333333336,44.186046511627914,46.70577795382473,10.029333465368538,6.740848877431544,7.12987937808779
FAREASTFIN,Fareast Finance & Investment Ltd.,2.4,9.09090909090908,19.999999999999996,84.6153846153846,4.347826086956526,166.66666666666666,299.99999999999994,-38.46153846153846,-67.12328767123289,-69.23076923076923,-87.25388606270101,6.210526315789481,7.288330618715401
FAREASTLIF,Fareast Islami Life Insurance Company Limited,22.6,1.345291479820631,0.8928571428571556,-3.004291845493559,8.653846153846157,6.603773584905671,8.653846153846157,-25.412541254125408,-60.69565217391305,-58.083461964477586,-71.26011552055063,2.4452251139398626,3.8454045359800375
FASFIN,FAS Finance & Investment Limited,3.0,7.1428571428571495,36.36363636363635,114.28571428571429,25.000000000000004,240.9090909090909,328.57142857142856,0.0,-63.414634146341456,-55.08333312846342,-84.11160850179694,2.083333333333337,7.882370897076777
FBFIF,First Bangladesh Fixed Income Fund Units,4.1,-2.380952380952394,7.894736842105259,28.124999999999982,36.66666666666666,70.83333333333333,57.692307692307665,13.888888888888877,-41.42857142857144,-27.954338401544142,-45.33711994036083,8.864498644986448,6.521100658933367
FEDERALINS,Federal Insurance PLC,28.9,2.120141342756176,5.860805860805852,5.0909090909090855,29.017857142857146,38.27751196172249,50.52083333333333,31.963470319634705,-25.8974358974359,313.2721288845848,49.71583522625996,3.4962512609098466,3.873832054059156
FEKDIL,Far East Knitting & Dyeing Industries PLC.,26.4,0.7633587786259515,-4.347826086956532,30.69306930693069,87.23404255319149,87.23404255319149,85.91549295774648,52.601156069364144,45.05494505494505,68.13601440839535,10.969769392221606,3.388426051051508,4.728016433633131
FINEFOODS,Fine Foods Limited,449.8,-2.3447676943117695,-5.997910135841169,-12.490272373540854,-17.011070110701105,-2.110990206746461,18.30615465544451,73.53395061728396,751.8939393939395,5526.675886742761,2818.2420594435685,3.5653608262440595,3.2162178687515794
FIRSTFIN,First Finance Ltd.,5.2,8.333333333333341,15.555555555555559,15.555555555555559,6.122448979591833,62.5,108.0,62.5,-29.729729729729733,-10.17419355505159,-84.73195819696713,6.165604586188457,6.112012729132301
FORTUNE,Fortune Shoes Ltd.,19.9,0.5050505050504942,-4.326923076923087,17.058823529411757,47.4074074074074,40.14084507042253,43.16546762589926,23.60248447204967,-63.31145466565682,-24.173298337265617,-24.173298337265617,4.370833742561491,5.417158111147075
FUWANGCER,Fu-Wang Ceramic Industry Ltd.,17.2,-1.1494252873563178,2.3809523809523725,6.8322981366459485,36.507936507936506,49.56521739130434,49.56521739130434,27.407407407407405,-37.22627737226277,50.61315741604463,12.926098170128952,4.288798575313514,4.205644232196452
FUWANGFOOD,Fu-Wang Foods Limited,12.9,0.0,0.7812499999999972,4.032258064516129,29.000000000000007,34.37500000000001,15.17857142857144,-15.686274509803923,-38.57142857142857,29.09699211934318,-22.567118095726194,2.3535925196850367,3.127275216477154
GBBPOWER,GBB POWER Ltd.,11.0,10.0,32.5301204819277,35.802469135802475,34.14634146341464,32.5301204819277,71.87499999999999,48.64864864864864,-70.66666666666667,-16.304347616847824,-58.36206897860252,8.953811789599133,4.686171534675747
GEMINISEA,Gemini Sea Food PLC,123.5,-0.16168148746968702,-0.5636070853462181,2.2350993377483466,7.391304347826087,7.391304347826087,-9.65618141916605,-17.556742323097467,65.22685304495438,0.3501435491130412,597.0266727217871,1.5434046398568784,3.056264567064841
GENEXIL,Genex Infosys PLC,40.8,-0.4878048780487874,3.291139240506322,14.929577464788727,52.80898876404493,52.23880597014924,51.67286245353159,65.1821862348178,-53.15948069253495,21.9376596333198,21.9376596333198,3.024292356290285,4.740199790563278
GENNEXT,Generation Next Fashions Ltd.,3.2,6.666666666666672,3.225806451612906,6.666666666666672,6.666666666666672,33.33333333333335,18.51851851851852,14.285714285714299,-56.75675675675675,-42.2089553006478,-85.63612911621952,5.448275862068968,7.105034234755089
GHAIL,Golden Harvest Agro Industries Ltd.,16.4,-1.2048192771084507,5.128205128205121,3.7974683544303662,30.15873015873015,53.27102803738317,53.27102803738317,25.190839694656482,-22.641509433962266,12.679932434803941,-55.54401070861509,3.2562374430419476,2.890361252436976
GHCL,Global Heavy Chemicals Ltd.,24.6,-0.8064516129032229,-3.529411764705877,24.242424242424246,32.25806451612903,33.69565217391306,23.618090452261324,24.87309644670052,-44.34389140271493,-33.33333333333333,-70.18181818181819,4.234758659075326,4.874108358563337
GLDNJMF,ICB AMCL CMSF GOLDEN JUBILEE MUTUAL FUND,10.0,-0.9900990099009866,17.647058823529413,49.25373134328358,63.93442622950821,61.29032258064516,63.93442622950821,31.57894736842106,-9.090909090909092,-9.090909090909092,-9.090909090909092,7.173062430378576,5.940570065858709
GLOBALINS,Global Insurance PLC,44.8,2.050113895216398,7.692307692307681,5.660377358490563,43.13099041533545,59.99999999999999,75.68627450980391,57.19298245614034,-26.55737704918033,433.5760805951519,89.14144742774164,3.818054393076591,4.814969746423833
GOLDENSON,Golden Son Limited,17.1,-1.1560693641618456,1.7857142857142898,-2.840909090909091,14.000000000000009,78.12500000000003,69.30693069306933,43.69747899159665,-11.85567010309277,-23.999999999999996,-56.81818181818181,2.476411211837341,3.1120229017889582
GP,Grameenphone Ltd.,258.4,-0.11596443757248218,-0.5388760585065566,0.038714672861001116,7.219917012448123,-1.7490494296578034,-0.6153846153846241,-19.250000000000007,-29.78260869565218,-6.478465436120171,50.58275058275057,0.4874403811325468,0.8399242238818024
GPHISPAT,GPH Ispat Limited,19.3,-0.5154639175257623,0.5208333333333408,7.821229050279343,19.875776397515523,21.383647798742142,19.875776397515523,-2.030456852791871,-58.16130132982968,-2.070202282577451,3.062321352646607,2.2814959038915603,3.378103203237297
GQBALLPEN,G.Q. Ball Pen Industries Limited,578.9,-1.5141204491323543,-4.155629139072851,-3.532744542576245,-12.28787878787879,18.968351829017664,29.305338396247485,158.20695807314897,328.81481481481484,791.9876733436055,326.75320384794554,4.679280352339924,4.420165019169026
GRAMEENS2,Grameen Mutual Fund One - Grameen Two Units,14.2,2.158273381294956,5.970149253731335,10.077519379844952,16.393442622950822,14.516129032258055,30.275229357798153,-4.054054054054063,-32.38095238095239,27.310344985626624,-22.451141640187668,3.389531845065396,2.766139040418766
GREENDELMF,Green Delta Mutual Fund 2010 Units,5.6,-1.75438596491229,9.803921568627452,51.35135135135133,69.69696969696969,86.66666666666664,86.66666666666664,33.33333333333332,-42.85714285714287,0.0,-22.22222222222223,6.764726345083483,7.186202262984234
GREENDELT,Green Delta Insurance PLC,69.6,1.605839416058386,5.135951661631407,-1.2765957446808591,19.38250428816466,22.10526315789473,29.850746268656703,38.92215568862274,-40.76595744680852,92.03799989668353,33.509564398169665,2.903569765003433,3.141317243763959
GSPFINANCE,GSP Finance Company PLC,4.6,2.2222222222222143,9.52380952380951,14.999999999999991,12.195121951219512,64.28571428571428,187.49999999999994,-8.000000000000007,-78.96381055703748,-51.56188868931709,-68.37578457899598,7.100988926977239,7.393916042817849
HAKKANIPUL,Hakkani Pulp & Paper Mills PLC,82.3,-1.4371257485029976,2.4906600249066004,4.707379134860055,4.441624365482234,15.427769985974756,21.565731166912844,21.207658321060368,13.517241379310342,52.69016697588126,342.47311827956986,2.8073419519893714,3.2386058557794293
HAMI,Hami Industries PLC,161.4,0.8750000000000036,2.3462270133164345,4.4660194174757315,-13.689839572192511,31.00649350649351,50.000000000000014,65.87872559095582,-7.718696397941681,-7.718696397941681,-7.718696397941681,2.2287485788900003,3.5929063407110244
HEIDELBCEM,Heidelberg Materials Bangladesh PLC,223.8,0.5842696629213534,0.0,-4.603580562659839,9.17073170731708,-2.737940026075612,2.238465052535407,-10.12048192771084,-30.280373831775695,-59.427121102248,-15.227272727272723,1.4485352122304036,3.213573104418724
HFL,Hamid Fabrics PLC,15.3,0.6578947368421146,-0.649350649350647,2.000000000000005,14.179104477611942,150.81967213114757,135.38461538461542,73.86363636363636,-23.499999999999996,-6.707317073170719,-73.26955068426098,3.849099570117347,4.98835500103093
HRTEX,H.R. Textile Mills Ltd.,20.8,-0.47846889952152094,-1.886792452830182,-4.147465437788012,11.229946524064179,19.540229885057485,13.66120218579235,-26.241134751773046,-63.682539718857136,-10.27450991299961,-26.306748348484092,2.8736310727157446,3.326019570572902
HWAWELLTEX,Hwa Well Textiles (BD)PLC,51.0,-0.7782101167315147,6.918238993710686,9.67741935483871,22.009569377990438,25.000000000000007,14.34977578475336,11.111111111111114,12.582781456953649,68.87417218543047,27.5,3.7883642492682537,2.747368090274166
IBNSINA,BN SINA Pharmaceutical Industry PLC,321.0,-0.49597024178549987,0.0,1.1660888748818117,4.5602605863192185,-10.78376876042246,1.9047619047619047,0.6269592476489029,26.278520849724632,74.2865385530724,435.8864942522655,1.2968762164891687,1.9050508709830096
IBP,Indo-Bangla Pharmaceuticals Ltd.,20.2,-1.4634146341463448,0.0,13.483146067415722,53.03030303030303,57.812499999999986,80.35714285714286,46.37681159420289,-12.57983224866112,-22.892964394149427,-22.892964394149427,3.5614007366211657,4.512695609847136
ICB,Investment Corporation of Bangladesh,46.1,0.6550218340611447,-1.9148936170212736,0.2173913043478292,28.41225626740948,27.700831024930746,26.3013698630137,-7.429718875501999,-60.307900060474886,-40.05760882218684,-57.85238138698772,2.043927536602712,2.9158375277594097
ICB3RDNRB,ICB AMCL Third NRB Mutual Fund 2010 Units,6.8,-1.4492753623188481,9.677419354838703,35.99999999999999,51.11111111111111,58.139534883720934,65.85365853658537,35.99999999999999,-11.68831168831169,44.68085106382978,-4.225352112676054,5.760187159440887,5.123765127917741
ICBAGRANI1,ICB AMCL First Agrani Bank Mutual Fund Units,9.7,2.1052631578947296,15.476190476190462,34.72222222222221,44.77611940298506,53.96825396825396,51.56249999999998,34.72222222222221,2.105263157894729,12.790697674418603,12.790697674418603,5.5184442466059735,5.442611561271367
ICBAMCL2ND,ICB AMCL Second Mutual Fund Units,8.5,0.0,6.25,30.76923076923077,39.344262295081975,66.66666666666669,51.7857142857143,37.096774193548384,-26.08695652173913,63.46153846153846,11.8421052631579,5.089313297144619,4.5853333344602145
ICBEPMF1S1,ICB Employees Provident Mutual Fund One Scheme One Units,7.4,-1.3333333333333286,10.447761194029853,19.35483870967742,23.33333333333334,85.00000000000001,117.64705882352942,42.307692307692314,-11.904761904761905,15.625,-10.843373493975907,6.7765825723572215,5.595375813493599
ICBIBANK,ICB Islamic Bank Limited,2.7,0.0,0.0,-3.571428571428559,-3.571428571428559,17.391304347826104,12.500000000000012,-12.90322580645161,-45.99999999999999,-32.49999999999999,-64.0,4.444444444444429,4.512277845611165
ICBSONALI1,ICB AMCL Sonali Bank Ltd 1st Mutual Fund 2013- Units,7.8,3.9999999999999973,21.87499999999999,44.44444444444443,65.95744680851062,81.39534883720931,85.7142857142857,32.20338983050846,-17.021276595744688,25.80645161290322,-35.0,5.763313716942749,5.350572481081029
ICICL,Islami Commercial Insurance PLC.,36.1,4.335260115606936,14.968152866242049,17.20779220779221,58.33333333333333,59.0308370044053,61.1607142857143,59.0308370044053,147.26027397260273,147.26027397260273,147.26027397260273,3.708444409301844,3.970140328409145
IDLC,IDLC Finance PLC.,46.0,0.0,-2.9535864978902926,10.576923076923073,23.989218328840966,21.356784222989962,34.91620145460893,13.647059093608311,-12.703687877796042,22.783506338060846,-2.707993764403037,2.870185352600545,3.2488323114789988
IFADAUTOS,IFAD Autos PLC,26.4,0.0,3.529411764705877,1.1494252873563109,19.457013574660618,30.04926108374383,21.658986175115206,11.392405063291138,-48.39932105069746,-43.09339865591518,50.176520810335646,3.025072128388534,2.969677346989589
IFIC,IFIC Bank PLC,5.0,0.0,0.0,0.0,8.695652173913052,4.1666666666666705,6.382978723404252,-27.536231884057973,-62.07843956006673,-19.209934560450943,-52.94024076755431,2.448979591836726,3.029430603410184
IFIC1STMF,IFIC Bank 1st Mutual Fund Units,4.9,0.0,6.521739130434798,36.11111111111112,32.432432432432435,88.46153846153847,96.00000000000001,28.947368421052648,-35.52631578947368,15.500000066000007,-24.07987806410339,7.808216298040534,6.418660634092251
IFILISLMF1,IFIL Islamic Mutual Fund - 1 Units,6.2,0.0,8.771929824561402,44.186046511627914,55.00000000000001,67.56756756756756,82.3529411764706,24.000000000000004,-16.216216216216218,-10.144927536231886,-1.5873015873015817,5.676791754576518,5.690249573560721
ILFSL,International Leasing and Financial Services Ltd.,2.5,8.695652173913052,25.0,78.57142857142858,13.636363636363628,212.5,316.6666666666667,-16.666666666666668,-70.58823529411765,-60.799999751628796,-84.79310332150278,12.1935999418837,10.325672546217513
INDEXAGRO,Index Agro Industries Ltd,74.5,1.2228260869565295,1.3605442176870748,1.2228260869565295,1.9151846785225797,10.37037037037037,11.360239162929737,14.53147906526413,-46.01449262061541,4.300000260749994,4.300000260749994,2.356058620888439,2.8661551679715505
INTECH,Intech Ltd.,27.3,3.0188679245283048,3.409090909090917,-19.705882352941174,-22.443181818181824,-5.862068965517239,-13.880126182965297,29.383886255924164,-24.37673130193906,194.98495590231536,124.07384959287275,2.0517009495944585,3.6019346247244037
INTRACO,Intraco Refueling Station PLC,21.8,0.4608294930875642,0.46082949308756416,5.3140096618357555,23.163841807909613,10.1010101010101,6.341463414634149,-2.242152466367713,-8.03125041242236,-53.114965534000355,-53.114965534000355,2.39637181528476,3.1614355183589193
IPDC,IPDC Finance PLC,31.8,-1.5479876160990602,-3.3434650455926986,-5.0746268656716405,76.66666705925925,63.67647099742646,74.81675431569175,66.11940335698374,32.20115372853144,164.41234862308852,508.35520665232366,3.570255183692387,4.769571980622784
ISLAMIBANK,Islami Bank Bangladesh PLC,30.5,0.0,-4.6875,-3.1746031746031744,-7.012195121951211,-43.09701492537313,-7.575757575757576,-36.98347107438016,6.643356643356638,-5.864197530864193,-21.97674426406977,2.771061644396813,2.12798184699815
ISLAMICFIN,Islamic Finance & Investment PLC,12.3,-0.8064516129032229,-0.8064516129032229,16.037735849056617,17.14285714285715,18.26923076923077,29.473684210526322,41.3793103448276,-49.59016393442622,12.341614181981262,-32.55417988119688,1.9565507130481097,2.9486314007814007
ISLAMIINS,Islami Insurance Bangladesh Limited,63.0,1.9417475728155387,6.960950764006793,-4.545454545454546,50.0,59.49367088607595,68.0,52.542372881355945,3.278688524590164,483.63593938104043,234.51554560802845,2.4271781340062715,2.99702541488057
ISNLTD,Information Services Network Ltd.,59.9,-0.16666666666666904,0.3350083752093731,-3.3870967741935507,2.0442930153321903,-20.133333333333336,-23.59693877551021,40.61032863849765,35.82766439909297,427.93220414146276,296.4290924803917,1.5797926461141851,2.8821197000603442
ITC,IT Consultants PLC,51.1,-0.19531250000000278,-4.127579737335827,2.404809619238483,32.04134366925064,31.362467866323914,32.727272727272734,20.803782505910178,15.349887133182856,70.64122106097203,73.93686695368798,2.813894962116863,3.5597820741028374
JAMUNABANK,Jamuna Bank PLC,24.1,0.0,-0.41322314049585895,0.8368200836820203,-5.859375,1.687763713080178,14.218009478672984,13.145539906103288,41.85561071269912,204.64957893920297,105.94597705286516,1.0836935826432144,1.3513979666899607
JAMUNAOIL,JAMUNA OIL PLC,183.5,0.2184598580010954,1.0462555066079327,2.5139664804469275,8.068315665488804,7.372732592159155,8.451536643026012,-5.800821355236145,5.459770114942529,-3.063919704173276,14.297848127475023,1.0108123371908786,1.1752863482809413
JANATAINS,Janata Insurance PLC,34.9,1.1594202898550683,5.12048192771083,-1.9662921348314686,-0.28571428571428975,35.27131782945735,43.621399176954725,36.86274509803921,-8.387499626679057,341.1801534721137,-81.3346858273465,2.8317702883605405,3.305856205793321
JHRML,JMI Hospital Requisite Manufacturing Ltd,50.7,0.0,2.42424242424243,-1.5533980582524216,3.8934426229508317,17.09006928406468,20.142180094786728,-2.4999999999999947,130.45454545454547,130.45454545454547,130.45454545454547,1.9749811722399637,2.4965782532201373
JMISMDL,JMI Syringes & Medical Devices Ltd.,142.0,-0.3508771929824561,0.14104372355429382,-2.0689655172413794,10.9375,20.237087214225237,20.338983050847457,-1.1142061281337008,-49.82592897359021,20.77548428938769,310.0212301341159,1.8644802374297842,3.2748423751466267
JUTESPINN,Jute Spinners Limited,227.3,-0.6555944055944056,3.695255474452565,4.843173431734317,10.286268801552653,15.969387755102046,16.444672131147552,11.421568627450984,68.37037037037038,250.231124807396,241.80451127819552,4.063714708396281,5.289172090938392
KARNAPHULI,Karnaphuli Insurance PLC,53.5,1.1342155009451822,14.806866952789697,34.08521303258146,75.40983606557377,73.7012987012987,87.71929824561404,67.1875,26.777251184834117,472.6577699397569,95.99031000608295,4.605947903867757,6.047147176966451
KAY&QUE,Kay and Que (Bangladesh) Ltd.,421.1,0.2857823291259932,-0.917647058823524,-3.373106929784302,-11.347368421052627,6.204287515762931,11.579226285108652,61.72681097964103,111.82412769908457,1890.2822124326067,2020.0832256769743,1.9951567758710531,2.358624981691236
KBPPWBIL,Khan Brothers PP Woven Bag Industries Ltd,39.5,0.2538071065989884,0.7653061224489723,-3.658536585365854,-20.2020202020202,-18.049792531120335,-17.708333333333332,-67.0558798999166,161.58940397350995,92.14940236165413,18.008350694530176,2.287375710464552,3.949512325787864
KDSALTD,KDS Accessories Ltd.,51.0,-0.39062500000000555,0.9900990099009901,-3.7735849056603774,8.974358974358982,22.89156626506024,24.08759124087591,22.89156626506024,0.0934581843366185,8.182030339892652,-2.261141762321556,2.1445694191106366,2.6243544473783156
KEYACOSMET,Keya Cosmetic Ltd.,5.7,-1.7241379310344769,5.555555555555552,7.547169811320762,21.27659574468085,32.55813953488373,26.66666666666667,16.326530612244895,-37.36263736263736,-23.900114537270067,-63.533343342215026,4.708273208273211,4.104085638399368
KOHINOOR,Kohinoor Chemical Company (Bangladesh) PLC,550.6,2.2469823584029753,2.057460611677483,8.663903690546682,8.428515163450179,5.884615384615389,10.142028405681145,17.64957253142031,94.10238306138386,329.45399119878243,1091.961037130858,3.204205233544503,2.66094021001965
KPCL,Khulna Power Company Ltd.,10.8,0.0,2.857142857142864,2.857142857142864,-0.9174311926605472,-0.9174311926605472,2.857142857142864,-0.9174311926605472,-71.27659574468085,-80.80775446218273,-75.00200397129554,3.2008268187072613,2.9115814847805237
KPPL,Khulna Printing & Packaging Ltd,15.0,-0.6622516556291367,-2.5974025974025996,-3.225806451612903,-7.975460122699389,0.671140939597313,-6.25,-14.285714285714286,-11.764705882352942,72.4137931034483,-56.46437999202874,1.9920529801324567,3.414623224935525
KTL,Kattali Textile Ltd.,11.8,-1.6666666666666607,2.6086956521739193,13.461538461538463,26.881720430107524,29.670329670329686,1.724137931034492,-3.2786885245901525,-62.42038216560509,-38.31904039050462,-38.31904039050462,4.266660759876767,4.178916664264016
LANKABAFIN,LankaBangla Finance PLC,17.8,0.0,-1.6574585635359154,4.093567251461984,27.142857142857146,35.877862595419856,44.71544715447154,-2.73224043715847,-51.761517615176146,-5.355147357587779,-37.83471290136833,3.0287358584176793,3.9758478970660938
LEGACYFOOT,Legacy Footwear Ltd.,76.3,-0.7802340702210774,3.6684782608695694,10.101010101010102,-0.3916449086161843,49.315068493150676,40.77490774907748,29.982964224872223,15.78148710166918,224.98148022970094,387.23785983716476,3.568472866221711,3.462000211265907
LHB,LafargeHolcim Bangladesh PLC,58.1,0.0,-0.8532423208191126,4.684684684684687,15.968063872255488,8.395522388059701,23.35456475583864,-4.597701149425283,-9.218749999999998,-20.519835841313263,699.4039787029479,1.5816268147561134,2.6445005786169067
LIBRAINFU,Libra Infusions Ltd.,639.2,0.487344757113665,-1.6464071395599218,-1.0985610397648011,-0.1249999999999929,-0.48264051066478425,0.5031446540880574,-18.57324840764331,47.507691570153874,60.133611529217816,442.71698056887857,1.152428148821821,1.7636604757270335
LINDEBD,Linde Bangladesh Limited,721.8,-0.3038674033149234,-1.9293478260869628,1.0924369747899096,12.0807453416149,-12.296476306196846,-4.9011857707509945,-26.361966945521328,-47.955872809863735,-49.654739485247966,40.01939864209505,0.9885524205794559,1.449246939020105
LOVELLO,Taufika Foods and Lovello Ice-cream PLC,70.6,0.5698005698005576,-1.1204481792717245,0.0,-13.90243902439025,0.7132667617689016,3.5190615835777,-19.772727072159096,121.5842394884017,443.62000071214214,443.62000071214214,2.6640538129223574,3.589248837295642
LRBDL,Lub-rref (Bangladesh) Ltd,16.3,0.6172839506172928,3.1645569620253164,22.55639097744361,58.252427184466015,79.12087912087914,64.64646464646465,13.986013986013985,-68.65384615384616,-59.75308641975309,-59.75308641975309,4.085801020500064,4.908074946939865
LRGLOBMF1,LR Global Bangladesh Mutual Fund One Units,5.2,1.960784313725501,10.638297872340425,48.57142857142858,67.74193548387096,73.33333333333334,85.71428571428574,30.000000000000004,-42.22222222222222,-13.33333333333333,-43.47826086956521,6.101055831745978,6.166849968386012
MAGURAPLEX,Magura Multiplex PLC,93.3,0.32258064516128726,1.3029315960912085,1.0834236186348862,10.41420118343195,11.336515513126493,11.203814064362325,1.8558951965065535,-20.658268065639053,422.09326192227877,422.09326192227877,1.4132762516481367,2.5304975090962176
MAKSONSPIN,Maksons Spinning Mills PLC,6.5,1.5624999999999944,6.557377049180334,10.169491525423723,18.181818181818183,32.65306122448979,38.29787234042553,-10.958904109589039,-68.44660194174757,-3.8732392673824667,-59.740168348430906,5.044642857142852,4.650489158582591
MALEKSPIN,Malek Spinning Mills PLC,45.7,-1.0822510822510822,3.86363636363637,13.681592039800995,63.21428571428572,54.915254237288146,58.13148788927337,56.50684931506851,43.26018808777431,173.65269461077847,82.80000000000001,4.157264358612423,5.332342310808812
MARICO,Marico Bangladesh Limited.,2727.9,0.1615568202680408,-0.4416058394160551,-0.7855973813420589,-1.697297297297294,-2.2748441642186714,2.8193434095963283,-8.151515151515149,14.617647058823533,115.64426877470356,626.4713715046604,0.6908521799726856,0.6477273251680182
MATINSPINN,Matin Spinning PLC,62.4,-0.7949125596184419,12.028725314183115,10.247349823321551,34.19354838709677,33.04904051172708,34.19354838709677,20.93023255813953,11.229946524064166,62.077922077922075,38.666666666666664,3.6573335590864104,3.5089567511849187
MBL1STMF,MBL 1st Mutual Fund 2010- Units,8.0,3.896103896103894,12.676056338028173,100.0,110.52631578947368,116.21621621621621,135.2941176470588,63.26530612244896,-10.1123595505618,33.333333333333336,15.94202898550724,5.223297186455081,6.460746708074525
MEGCONMILK,Meghna Condensed Milk Industries Ltd.,34.8,0.869565217391296,-5.434782608695652,-15.94202898550725,-0.28653295128940237,26.545454545454536,141.66666666666666,98.85714285714285,135.1351351351351,340.50632911392404,266.31578947368416,6.352263742824621,6.281529936597141
MEGHNACEM,Meghna Cement Mills PLC,32.0,1.265822784810122,-1.8404907975460165,-0.928792569659434,3.225806451612903,-8.571428571428571,9.215017064846414,-26.096997690531175,-55.098181478679166,-52.95799841363786,-56.677809528919546,3.378718833879537,4.275972140532119
MEGHNAINS,Meghna Insurance PLC,39.3,2.0779220779220706,3.9682539682539684,11.01694915254237,37.89473684210525,33.22033898305084,39.85765124555158,48.86363636363636,257.27272727272725,257.27272727272725,257.27272727272725,4.422082059414327,6.434117474851944
MEGHNALIFE,Meghna Life Insurance PLC,61.7,2.4916943521594686,2.152317880794709,-1.121794871794865,10.573476702508971,14.897579143389198,21.456692913385837,4.047217537942674,-5.04805390183938,73.83975016019335,-5.2653100765012795,2.770403658554047,2.8984177010315606
MEGHNAPET,Meghna Pet Industries Ltd.,82.6,-0.601684717208183,-8.222222222222229,-1.3142174432497113,96.66666666666666,211.69811320754712,278.89908256880733,216.47509578544057,422.7848101265823,1276.6666666666665,1190.6249999999998,6.7969831846921505,7.105673324798197
MERCANBANK,Mercantile Bank PLC,7.4,1.3698630136986376,-2.631578947368412,1.3698630136986374,2.7777777777777803,-7.499999999999996,0.0,-30.188679245283016,-50.98701313086928,15.556790076852364,-28.47642863044449,2.7635946577486226,2.4394870525662498
MERCINS,Mercantile Islami Insurance PLC,45.6,-0.2188183807439856,5.800464037122969,4.109589041095901,83.13253012048195,74.04580152671757,78.82352941176471,68.8888888888889,-18.861209964412815,322.2222222222222,65.28155390299608,3.8664772813365387,4.687540389408312
METROSPIN,Metro Spinning Ltd.,9.5,2.1505376344085945,2.1505376344085945,1.0638297872340388,5.555555555555555,15.853658536585375,11.764705882352942,-18.8034188034188,-56.818181720041316,25.611110946420986,-36.78565077977105,4.734426271865236,3.908947834818222
MHSML,Mozaffar Hossain Spinning Mills Ltd.,23.6,0.4255319148936231,2.6086956521739193,2.6086956521739193,7.27272727272728,31.111111111111118,74.81481481481482,49.367088607594944,23.56020942408377,55.20105286605507,-4.624103256874984,2.4165139020879782,2.895092593678995
MIDASFIN,MIDAS Financing PLC,6.3,1.6129032258064457,1.6129032258064457,-1.5625000000000082,14.545454545454543,10.526315789473678,39.99999999999999,-17.105263157894733,-66.20686542319764,-56.17743924297754,-74.39189136783749,3.651551954395932,4.807770182019402
MIDLANDBNK,Midland Bank PLC,18.6,0.5405405405405482,-1.0638297872340388,13.414634146341482,19.23076923076924,0.5405405405405482,8.771929824561402,-9.268292682926822,112.86666587906001,112.86666587906001,112.86666587906001,2.711547969922884,4.121196880737642
MIRACLEIND,Miracle Industries Limited,30.4,1.3333333333333286,0.330033003300323,3.4013605442176873,17.374517374517374,-2.875399361022371,-4.402515723270447,2.3569023569023546,-15.555555555555559,30.225363889516085,229.84660301443168,3.4016783968510462,3.4323671061732672
MIRAKHTER,Mir Akhter Hossain Ltd,43.1,1.8912529550827526,2.6190476190476226,4.106280193236722,3.1100478468899624,51.2280701754386,56.15942028985507,53.92857142857144,-53.903743315508024,-46.79012345679013,-46.79012345679013,2.4446878860359855,3.376449948031683
MITHUNKNIT,Mithun Knitting & Dyeing (CEPZ) Ltd.,14.5,0.694444444444442,0.0,-5.228758169934645,-5.228758169934645,5.072463768115937,-0.6849315068493127,-5.844155844155845,5.072463768115937,-70.95158586217988,-72.22646631080295,3.634516891559144,5.007190585568615
MJLBD,MJL Bangladesh PLC,94.5,0.21208907741251626,0.5319148936170213,0.746268656716421,6.418918918918922,7.264472190692402,5.0,-10.0,6.779661016949152,-7.092696396945223,66.03124975913938,1.0704740940013977,1.406785354708084
MLDYEING,M.L. Dyeing & Textile Ind. PLC,17.4,-1.1363636363636525,-0.5714285714285795,52.631578947368396,109.63855421686743,120.25316455696199,107.14285714285711,73.99999999999999,-45.96273291925467,152.12600106447593,152.12600106447593,7.421909700424591,7.759993423846748
MONNOAGML,Monno Agro & General Machinery Ltd.,352.0,-0.9287925696594458,0.5714285714285714,-0.22675736961451567,-0.8450704225352113,4.172832198875414,-4.7361299052774015,-0.8450704225352113,17.821083923487887,756.2325660696309,2730.5746765632784,2.017279200374739,2.238979135602263
MONNOCERA,Monno Ceramic Industries Limited.,96.4,-0.7209062821833044,2.991452991453004,-0.7209062821833045,-1.632653061224484,20.500000000000007,17.848410757946223,9.545454545454552,-20.853858784893262,286.7222149642272,462.89566835760525,2.0368432777381833,2.9693826077538117
MONNOFABR,Monno Fabrics Ltd.,24.5,-0.8097165991902806,10.360360360360364,8.407079646017692,6.986899563318784,18.93203883495145,14.48598130841122,71.32867132867132,3.813559322033892,3.813559322033892,3.813559322033892,4.301953533589828,2.7501198649175804
MONOSPOOL,Monospool Bangladesh PLC,118.7,-0.1682085786375129,-2.0627062706270625,-0.7525083612040063,16.372549019607845,25.874867444326622,25.343189017951424,27.69410625589153,-9.27160157205807,148.19090808686408,148.19090808686408,1.7227899439953742,2.6682682312760364
MPETROLEUM,Meghna Petroleum PLC,214.9,0.0931532370749963,-0.4170528266913835,0.18648018648018913,7.021912350597607,7.665330661322651,11.520498183705252,-0.09298000929799564,9.531090723751284,19.124168514412418,50.56687883032484,0.8350763983324302,1.087311072579381
MTB,Mutual Trust Bank PLC,13.4,0.0,-2.1897810218978027,1.5151515151515234,32.354016596431165,22.69313950002574,36.65821227236985,21.80405874830091,6.031876002057605,134.03700768867986,175.8806499461527,2.254719415756336,2.6808676778064173
NAHEEACP,Nahee Aluminum Composite Panel PLC,36.0,0.0,-5.511811023622051,-1.36986301369863,57.205240174672504,106.89655172413795,94.5945945945946,69.01408450704226,-26.53061224489796,-42.880882514355186,-42.880882514355186,2.9917584890234794,4.331528570208656
NATLIFEINS,National Life Insurance PLC,104.4,2.755905511811035,2.8571428571428625,0.3846153846153901,2.654867256637171,0.3846153846153901,11.300639658848624,-0.5714285714285661,-55.856236786469346,-15.46795935582987,-23.14545750927729,1.9435217909286437,2.8912487180605675
NAVANACNG,Navana CNG Limited,23.1,0.0,1.7621145374449434,3.125000000000013,13.793103448275865,11.594202898550735,8.450704225352116,2.666666666666673,-34.19186013454515,-44.63532580953136,-60.818845801773335,2.272714472033068,2.31142951799977
NAVANAPHAR,Navana Pharmaceuticals PLC,70.8,0.425531914893613,0.1414427157001334,-1.2552301255230205,20.81911262798634,18.39464882943144,35.11450381679389,22.70363951473136,168.1818181818182,168.1818181818182,168.1818181818182,2.014195603871447,2.643113276333101
NBL,National Bank PLC,3.8,2.7027027027026933,0.0,-2.5641025641025665,2.702702702702693,15.151515151515152,18.74999999999999,0.0,-49.49367079337446,-31.936737640749975,-64.38589816000999,3.2005689900426715,3.7743621954148256
NCCBANK,National Credit and Commerce Bank PLC,15.6,0.6451612903225784,-1.8867924528301931,-1.2658227848101333,-3.99995592859516,25.767499592622137,32.98366766882249,23.84738513465837,15.042962377637908,131.79071702932356,41.61270423038116,1.9590976175416368,2.6806093164005524
NCCBLMF1,NCCBL Mutual Fund-1 2012- Dividend Units,7.5,-1.315789473684206,8.695652173913038,70.45454545454544,78.57142857142857,87.5,87.5,33.92857142857144,-15.730337078651688,20.967741935483865,-37.5,8.237804723808297,7.835520936880897
NEWLINE,New Line Clothings Ltd.,7.1,-1.3888888888888962,14.516129032258055,31.48148148148147,29.090909090909086,73.17073170731707,77.49999999999999,0.0,-76.41196013289036,-71.54923496992797,-71.54923496992797,7.424292830561967,6.672287453716189
NFML,National Feed Mill Ltd,20.9,-1.8779342723004795,1.951219512195115,-5.000000000000006,39.33333333333333,39.33333333333333,48.22695035460992,91.74311926605502,-37.91470588856148,49.1896688541353,-25.072894653838215,4.120526926670503,4.97225336449335
NHFIL,National Housing Finance PLC,30.2,-0.657894736842103,-1.6286644951140066,-3.514376996805116,29.613733905579394,22.267206477732795,34.222222222222214,14.393939393939396,-26.1777778516,12.092024333229121,-1.1105669718239655,2.228961969782828,3.0015737164577954
NITOLINS,Nitol Insurance PLC,38.5,3.217158176943707,12.244897959183684,2.941176470588239,24.595469255663435,37.01067615658362,37.01067615658362,40.5109489051095,-29.69565200457126,129.40742470647066,61.62222943579781,6.577808694095555,5.658119066432355
NORTHERN,Northern Jute Manufacturing Co. Ltd.,114.0,0.8849557522123894,-4.682274247491634,4.491292392300647,1.9677996422182495,26.94877505567929,33.645955451348186,1.6042780748663077,-62.27663798808736,-58.41945272121581,660.0000050666666,4.6055415267890405,6.131465245533273
NORTHRNINS,Northern Islami Insurance PLC,38.7,1.574803149606303,2.1108179419525177,-4.4444444444444375,34.552980468832786,29.41082834900478,46.1690651136241,29.41082834900478,-34.24757265115291,194.0690793981454,26.594372875022692,4.031501970200587,4.735329737448462
NPOLYMER,National Polymer Industries PLC,37.8,2.1621621621621547,3.278688524590152,10.204081632653063,28.57142857142857,36.956521739130416,42.10526315789472,19.999999999999993,-35.384615384615394,-4.008779996922961,161.91664524245095,3.047856103616708,3.6350407252808026
NRBBANK,NRB Bank PLC,6.8,0.0,4.615384615384612,11.475409836065577,15.254237288135583,-1.4492753623188481,11.475409836065577,-31.31313131313132,-24.444444444444446,-24.444444444444446,-24.444444444444446,5.166475315729047,3.779974058866581
NRBCBANK,NRBC Bank PLC,8.7,0.0,7.407407407407403,20.83333333333332,19.178082191780813,49.99999999999999,70.58823529411764,15.999999999999991,-66.18213677407697,-31.586462539637953,-31.586462539637953,3.13572737170837,3.0969443891647352
NTC,National Tea Company Limited,170.0,-0.9324009324009291,-2.857142857142857,6.25,6.58307210031348,8.626198083067093,-2.186421173762952,-1.1627906976744187,-66.66666666666667,-69.42446043165468,-77.92207792207792,3.2125088356859415,4.8493255348153195
NTLTUBES,National Tubes Limited,69.5,-0.14367816091953206,-0.7142857142857143,1.9061583577712566,10.845295055821367,17.796610169491526,11.2,-15.552855407047385,-31.99608610567515,-5.782454074839699,194.9418840591593,1.8690671725798254,3.3686384139562913
NURANI,Nurani Dyeing & Sweater Ltd.,3.1,6.896551724137938,3.333333333333336,3.333333333333336,3.333333333333336,47.61904761904762,55.00000000000001,0.0,-69.3069306930693,-81.68011603809774,-81.68011603809774,5.543513957307068,5.090780745132138
OAL,Olympic Accessories Ltd,7.2,1.4084507042253596,7.462686567164179,2.85714285714286,24.137931034482765,30.909090909090914,26.31578947368421,-3.999999999999998,-57.39644970414201,-58.65491521140659,-70.17011198372386,3.817141700126906,3.788633278720309
OIMEX,Oimex Electrode Ltd.,16.6,0.0,0.0,4.402515723270447,22.962962962962973,32.80000000000001,8.496732026143794,-32.79352226720647,-39.19413919413919,-66.70846758829832,-66.70846758829832,2.1951671307814986,3.1211586367886492
OLYMPIC,Olympic Industries PLC.,154.0,0.4566210045662026,-0.5810200129115595,0.0,7.6923076923076925,4.054054054054054,11.918604651162795,-10.982658959537572,-13.23943661971831,-51.45601909285457,108.42105398239809,1.5128925946548748,1.760419297692577
ONEBANKPLC,One Bank PLC,8.1,1.2499999999999956,2.531645569620244,1.2499999999999956,24.61538461538461,7.999999999999996,15.71428571428571,-10.000000000000004,-11.752631181369757,-11.752631181369757,-11.752631181369757,2.265822784810118,2.456758970886457
ORIONINFU,Orion Infusion Ltd.,268.6,-0.5921539600295951,-5.222300635144657,-12.792207792207785,-14.730158730158724,-26.289791437980234,-21.023228462216995,-24.761904761904756,269.97245179063367,275.13966480446936,483.91304347826093,3.8459318714052886,3.4687703942308934
ORIONPHARM,Orion Pharma Ltd.,28.8,0.3484320557491339,0.0,1.4084507042253598,7.462686567164179,7.865168539325849,5.882352941176476,-10.55900621118013,-54.71698113207546,-24.010554089709757,-57.853658368000005,2.5888899290696425,2.734621224542597
PADMALIFE,Padma Islami Life Insurance Ltd.,18.0,1.6949152542372923,1.1235955056179734,-4.255319148936174,3.448275862068974,6.50887573964498,7.784431137724555,-10.447761194029857,-48.275862068965516,-8.08510603878678,-63.26299214079476,1.9260400616332816,4.169553747510109
PADMAOIL,Padma Oil PLC,200.4,0.0,-1.0370370370370343,2.6113671274961567,15.040183696900126,16.9877408056042,18.230088495575224,-2.2439024390243874,-6.0037523452157515,5.529225908372828,17.882352823294127,0.7985433611108566,1.4291388864041963
PARAMOUNT,Paramount Insurance PLC.,62.8,1.2903225806451568,-1.567398119122257,-3.8284839203675345,21.705426356589136,16.728624535315987,44.36781609195402,51.32530120481927,-34.30962343096234,869.0763897117123,377.21377914360886,3.466756100529582,4.857031660494249
PDL,Pacific Denims Ltd.,5.8,1.7543859649122744,3.5714285714285747,0.0,5.4545454545454515,48.71794871794872,26.086956521739136,-15.942028985507253,-62.92405064135907,-70.55888181252438,-70.55888181252438,3.8419324172500264,4.685694927825954
PENINSULA,The Peninsula Chittagong PLC,24.9,-0.40000000000000563,-1.5810276679841981,3.7499999999999942,23.267326732673265,15.813953488372087,36.06557377049179,130.55555555555551,5.957446808510633,62.74509803921567,-31.19736824904605,1.8588204034042748,3.1207011123405834
PEOPLESINS,Peoples Insurance PLC,63.4,2.9220779220779174,5.843071786310517,-0.9375000000000022,22.63056092843326,68.16976127320953,74.65564738292012,81.14285714285714,7.640067911714771,343.3566433566433,140.15151515151516,4.034025882633259,4.230239681762926
PF1STMF,Phoenix Finance 1st Mutual Fund Units,14.1,0.7142857142857117,8.46153846153846,58.426966292134814,98.59154929577466,176.47058823529412,182.0,156.36363636363637,28.181818181818176,199.99999999999997,78.48101265822783,5.8586088556690825,5.005367402027806
PHARMAID,Pharma Aids Limited.,615.0,0.6546644844517185,-0.7103648692282818,4.237288135593221,10.373295046661871,6.217616580310881,24.746450304259636,3.170608958228481,39.77272727272727,144.72741742936728,338.97216274089936,2.1786341274290173,3.1275661748726047
PHENIXINS,Phoenix Insurance PLC,50.4,2.4390243902438935,13.00448430493273,11.013215859030838,32.98153034300792,57.993730407523515,88.05970149253731,82.60869565217389,-17.781402936378463,159.7938144329897,12.500000000000004,3.8641203549861984,4.073907197517076
PHOENIXFIN,Phoenix Finance and Investments Ltd.,4.3,0.0,4.878048780487809,10.256410256410255,13.157894736842106,19.444444444444436,79.16666666666667,19.444444444444436,-85.66666666666667,-67.5651713859927,-84.23972080165468,8.869256948383445,6.929487774684468
PHPMF1,PHP First Mutual Fund Units 2010-,4.2,-2.3255813953488293,5.000000000000004,35.483870967741936,31.25,68.00000000000001,75.00000000000001,20.000000000000004,-44.0,4.195744308406698,-24.793000523236575,6.705269270737826,6.860114557877089
PIONEERINS,Pioneer Insurance PLC,69.1,1.917404129793506,2.0679468242245074,-6.36856368563686,14.975041597337759,35.11173216814549,50.84199620263678,61.23333373641665,-32.85174251940848,213.54125089790375,72.44768786473763,2.9202855342781477,3.0962653313993056
PLFSL,Peoples Leasing and Financial Services Ltd.,2.5,8.695652173913052,25.0,66.66666666666667,8.695652173913052,208.64197530864197,371.6981132075471,13.636363636363628,-16.666666666666668,-69.13580246913581,-91.4860681190992,11.422305764411036,7.649710356477275
POPULAR1MF,Popular Life First Mutual Fund Units 2010-,4.2,-2.3255813953488293,5.000000000000004,31.25,40.00000000000001,75.00000000000001,75.00000000000001,16.666666666666668,-42.46575342465753,10.963552776713506,-19.984637812511068,7.386392811296538,6.87196174213881
POPULARLIF,Popular Life Insurance Co. Ltd.,60.4,3.0716723549488005,1.6835016835016836,-3.97456279809221,8.828828828828827,33.03964757709251,42.11764705882352,24.5360824742268,-36.68763102725367,-9.850746268656717,-45.79487146964102,2.889689203195144,3.2905272045294796
POWERGRID,Power Grid Co. of Bangladesh Ltd.,41.0,0.24449877750611593,3.0150753768844294,4.59183673469387,26.543209876543216,29.74683544303797,52.41635687732343,21.301775147929003,-17.83567134268537,-30.743243243243246,-24.493554327808468,2.2747057632136354,3.060486078614497
PRAGATIINS,Pragati Insurance PLC,79.6,2.051282051282044,3.3766233766233693,-7.441860465116286,8.881805701566996,8.737400122233964,14.030597632571506,60.132811901065736,4.297845488391538,416.7577578266508,100.13773866375992,3.9388752977539956,3.5348263652588603
PRAGATILIF,Pragati Life Insurance PLC,167.2,2.013422818791936,1.3947847180109054,-6.592178864879379,-5.682051376369232,-23.14249903108388,24.438430184940678,71.56716401105825,102.23568367199822,265.2448642867751,152.4755130813832,2.5354533352074364,3.0168996404662547
PREMIERBAN,The Premier Bank PLC,5.7,0.0,3.63636363636364,26.66666666666667,42.50000000000001,32.55813953488373,42.50000000000001,-29.629629629629623,-52.533450863839974,49.384200977520415,-22.049456862633022,3.603896103896106,5.612381893696911
PREMIERCEM,Premier Cement Mills PLC,49.4,-0.4032258064516186,-0.6036217303823023,3.781512605042011,25.699745547073796,27.648578811369497,26.020408163265294,2.277432712215324,-31.005586592178766,-50.101010101010104,-52.95238095238095,2.1632526117181055,3.9459823918471995
PREMIERLEA,Premier Leasing & Finance Limited,3.2,6.666666666666672,14.285714285714299,18.51851851851852,39.13043478260871,280.952380952381,492.59259259259255,6.666666666666672,-70.64220183486238,-56.2964040428585,-76.39247947287912,9.224229155263636,8.920840869016775
PRIME1ICBA,Prime Bank 1st ICB AMCL Mutual Fund Units,7.2,0.0,9.0909090909091,41.17647058823531,60.0,63.63636363636363,67.44186046511629,38.46153846153846,-14.285714285714286,38.46153846153846,0.0,5.181809359119137,5.570900246211533
PRIMEBANK,Prime Bank PLC,30.2,0.0,-0.9836065573770515,0.6666666666666643,3.780068728522329,-2.1296293849537062,10.104166941927083,11.263158152398896,45.75224190777579,135.2172691322409,6.292776639252306,1.326060744213456,1.5337150554117587
PRIMEFIN,Prime Finance and Investment Ltd.,4.0,5.263157894736848,8.108108108108103,11.111111111111109,14.285714285714286,110.52631578947368,263.6363636363636,-4.761904761904766,-70.37037037037037,-45.205479452054796,-85.27607356182017,6.611490611490608,6.994061732540987
PRIMEINSUR,Prime Islami Insurance PLC,59.2,2.77777777777778,27.038626609442066,25.158562367864704,81.03975535168195,74.11764705882354,97.99331103678932,64.44444444444446,-3.1096563011456606,341.7910447761194,65.76000039119361,6.461086514650193,5.2598176648119495
PRIMELIFE,Prime Life Insurance Company Limited,43.6,5.060240963855425,9.000000000000004,-0.22883295194508332,11.224489795918364,18.478260869565233,32.121212121212125,14.736842105263161,-30.79365079365079,-31.26126108941441,-52.0399999266212,3.7653192913292144,3.684589262610866
PRIMETEX,Prime Textile Spining Mills Ltd.,17.5,0.0,0.5747126436781691,-5.405405405405405,-6.91489361702128,44.62809917355372,26.811594202898544,20.689655172413794,-24.892703862660948,-6.417112299465237,-13.366336633663364,4.053751596730585,4.258177065420676
PROGRESLIF,Progressive Life Insurance Co. Ltd.,41.1,3.007518796992488,7.310704960835522,-2.1428571428571397,3.0075187969924886,-10.652173913043475,-9.868421052631579,-20.194174757281548,-63.03956834532373,3.236816019141497,-45.06391166273787,4.503593571991338,4.442508299706561
PROVATIINS,Provati Insurance PLC,59.6,1.3605442176870821,2.936096718480143,-12.094395280235982,69.8005698005698,83.38461538461539,107.66550522648083,75.29411764705883,-59.85133586390494,665.5577401810373,219.10174494996141,4.311586071523072,5.238964630025142
PTL,Paramount Textile PLC,63.7,-0.3129890453834049,1.1111111111111156,-4.497751124437781,7.419898819561562,25.88932806324111,22.972972972972983,27.400000000000006,29.988516098224636,505.02668766545554,149.32141355235754,1.9353410732862666,2.440470932996209
PUBALIBANK,Pubali Bank PLC,39.0,0.0,2.6315789473684212,7.734806629834246,16.191737542442304,10.468006629670013,45.145665679800565,41.482683570493364,131.6869168735109,265.5675641948711,123.71390524134281,2.815593520422863,2.3654131320953775
PURABIGEN,Purabi General Insurance Co. Ltd.,31.6,0.9584664536741236,2.5974025974025996,-4.819277108433739,14.079422382671488,49.763033175355446,62.88659793814435,69.89247311827957,-24.30697702425023,340.71573948747607,6.744605217760285,3.301513534881657,4.0623315302526795
QUASEMIND,Quasem Industries Limited.,46.5,0.43196544276458504,1.0869565217391304,0.8676789587852464,14.532019704433495,17.72151898734177,22.95673063326899,22.661870371228197,10.916666323540584,20.48551499184175,192.62126759126812,2.0504951509027145,3.5667789046746194
QUEENSOUTH,Queen South Textile Mills Ltd.,19.3,0.5208333333333408,9.659090909090905,18.404907975460123,56.91056910569105,77.06422018348624,62.18487394957983,42.96296296296297,-32.70394761945303,-20.519012135628344,-20.519012135628344,7.281858129315762,5.2505418249680815
RAHIMAFOOD,Rahima Food Corporation Ltd.,85.0,0.9501187648456023,-5.027932960893855,-10.714285714285717,-12.641315519013359,-37.910883856829805,-46.875,-42.79946164199192,-73.7492279184682,54.26497277676951,394.1860465116279,2.820211847532499,4.81808969896476
RAHIMTEXT,Rahim Textile Mills Ltd.,210.3,0.3339694656488631,-2.0037278657968236,-2.7289546716003596,8.682170542635665,-13.135068153655507,-1.4064697609001406,31.766917293233096,-31.765087605451,44.91879391553313,421.41782360672016,2.6439461442168284,4.188008303305212
RAKCERAMIC,RAK Ceramics (Baneladesh) Limited,30.9,-0.3225806451612949,-2.8301886792452895,2.999999999999995,32.61802575107295,29.288702928870293,39.189189189189186,32.05128205128205,-28.965517241379317,-32.77662667274871,-23.0226471061646,1.8728468524898243,2.9448469859164463
RANFOUNDRY,Rangpur Foundry Limited,162.0,-0.18484288354899037,-0.796080832823032,-0.6134969325153374,8.0,5.331599479843946,13.365990202939114,1.25,15.879828326180249,53.99239543726235,161.29032258064515,1.4233207987275254,3.8134826677603444
RDFOOD,Rangpur Dairy and Food Products Limited,28.0,0.35842293906810546,1.0830324909747318,-1.4084507042253471,36.58536585365854,37.25490196078432,40.0,17.64705882352941,-34.45454569706364,207.0408638152565,73.06051278020306,2.3743678866153592,3.4752222011954585
RECKITTBEN,Reckitt Benckiser (Bangladesh) PLC,3319.0,0.48440811383590676,0.4236006051437216,-0.39015606242497,-0.6287425149700598,-4.351585014409222,-2.953216374269006,-4.8697297142365805,-25.948237394020527,115.912047879261,349.1204330175913,0.7261090259768603,0.7393339236342586
REGENTTEX,Regent Textile Mills Ltd.,7.3,0.0,5.797101449275353,23.728813559322024,78.04878048780489,108.57142857142857,82.5,82.5,-37.06896551724138,-33.91274360664617,-71.54943603861793,6.763033365303327,6.067521853190129
RELIANCE1,Reliance Insurance Mutual Fund Reliance One Units,12.5,0.8064516129032229,1.6260162601625958,13.636363636363637,9.649122807017541,-14.383561643835614,-20.38216560509554,-26.470588235294116,-7.407407407407407,54.320987654320994,37.36263736263737,3.89999166264273,3.6283075098590705
RELIANCINS,Reliance Insurance PLC,116.0,1.6652059596844924,0.7819287576020901,1.2216404886562005,24.731182795698924,58.46994535519126,77.37003058103973,86.19582664526484,8.10810810810811,267.60952273619154,140.22200958621292,3.9491236614367833,4.870419384108568
RENATA,Renata PLC,473.1,0.5526036131774756,-0.6926952141057839,3.750000000000005,13.589435774309727,2.6247288503253845,20.688775510204085,-7.957198443579762,-59.60839264477262,-28.75452139901812,52.300314396394434,1.3351940191085887,1.2827437528030943
RENWICKJA,Renwick Janeswar and Co. (BD) Limited,914.0,-0.5657093124456097,-2.1098854021634406,52.6131240607781,70.01488095238095,86.75929709848795,86.9885433715221,31.70028818443804,-4.283171012671482,25.205479452054796,1064.3312101910828,6.583349777955554,7.462832175488618
REPUBLIC,Republic Insurance PLC,37.6,2.73224043715847,5.027932960893867,0.26666666666667044,19.365079365079367,11.242603550295872,37.226277372262786,24.916943521594682,-29.61969404003477,430.48797716792166,83.32998425370478,4.124576617432834,4.885289867251854
RINGSHINE,Ring Shine Textiles Ltd.,4.9,-1.9999999999999927,8.888888888888896,32.432432432432435,40.00000000000001,88.46153846153847,53.12500000000001,58.06451612903226,-52.88461538461538,-67.006666669966,-67.006666669966,7.593645969025904,5.927645311834083
ROBI,Robi Axiata PLc,31.8,0.0,-2.453987730061352,-1.242236024844727,6.354515050167232,5.647840531561459,12.367491166077738,11.188811188811187,-26.218097447795824,112.0,112.0,1.698758167398617,1.7479520122792733
RSRMSTEEL,Ratanpur Steel Re-Rolling Mills Ltd,8.2,3.797468354430366,6.493506493506482,1.2345679012345636,6.493506493506482,10.810810810810795,22.388059701492523,-21.153846153846164,-71.52777777777777,-75.05106371810093,-81.90845698916586,3.3504958288435978,3.6456789172465505
RUNNERAUTO,Runner Automobiles PLC,46.0,0.21786492374727978,6.728538283062642,7.476635514018699,14.713216957605981,38.55421686746987,24.324324324324323,62.54416961130742,-29.555895865237364,-50.35971210879354,-50.35971210879354,3.954204709280891,2.845873656243479
RUPALIBANK,Rupali Bank PLC,17.6,0.0,-1.1235955056179734,3.5294117647058907,7.317073170731725,-11.111111111111107,1.7341040462427786,-27.272727272727263,-40.1600000490688,19.65436110963499,-41.30392740314196,2.429136020586482,3.1115099793621064
RUPALIINS,Rupali Insurance Company Ltd.,30.0,2.3890784982935127,1.694915254237288,5.633802816901413,32.352941507352945,34.04255349665007,47.19626205023365,41.255605701049696,-27.586206724256833,185.0867554632719,-4.278881716849379,3.4859406866604448,4.439388116531987
RUPALILIFE,Rupali Life Insurance Co. Ltd.,93.6,2.183406113537118,5.168539325842691,-1.8867924528302005,7.093821510297469,6.363636363636357,19.083969465648856,9.345794392523365,30.604650737566256,232.05474459570303,-7.008041137181891,2.2456677632540263,3.188626099950236
SAFKOSPINN,Safko Spinning Mills Limited,21.2,0.47393364928908943,0.952380952380949,1.4354066985645968,2.4154589371980677,57.03703703703703,53.62318840579709,55.88235294117647,-20.401486999796084,96.03875510123355,7.362501105643855,2.7724074171442643,4.0545083806931626
SAIFPOWER,SAIF Powertec Ltd.,9.8,-1.0101010101010066,3.157894736842113,-7.547169811320744,58.06451612903226,104.1666666666667,96.00000000000001,38.028169014084526,-65.25752521932846,-27.317769165861318,-28.70489939138406,3.280033662949715,5.110512171063114
SAIHAMCOT,Saiham Cotton Mills Ltd.,22.3,-0.8888888888888857,3.2407407407407374,12.060301507537702,4.2056074766355245,21.85792349726776,13.775510204081629,51.700680272108855,18.617021276595743,74.21875,-13.626760636371753,5.1780355441860735,4.588305250981145
SAIHAMTEX,Saiham Textile Mills Ltd.,25.3,-2.3166023166023084,30.41237113402063,35.29411764705883,34.57446808510638,18.779342723004696,46.24277456647398,70.94594594594594,5.857740585774068,92.50000048125,7.949646606585945,7.17050205913987,4.406111797625646
SALAMCRST,S. Alam Cold Rolled Steels Limited,13.1,0.0,-5.7553956834532425,-13.815789473684209,-17.088607594936715,11.96581196581197,-12.08053691275168,-33.50253807106599,-64.30517711171662,-48.627450980392155,-72.47899159663865,4.135411714849083,3.8669745215164237
SALVO,Salvo Organic Industries PLC,37.8,0.0,-1.8181818181818257,-1.8181818181818257,13.513513513513514,31.249999999999986,24.75247524752474,40.52044609665427,-16.55629139072848,278.8590929230714,120.79838443434286,1.8068175404932547,2.461913387368182
SAMATALETH,Samata Leather Complex (Pvt.) Ltd.,103.4,-0.9578544061302682,0.5836575875486465,0.48590864917395526,-9.298245614035084,15.659955257270692,23.095238095238102,41.64383561643836,18.171428571428578,289.18081050414696,603.119997750016,3.8295411972063196,4.878399151350281
SAMORITA,Samorita Hospital Ltd.,95.2,-0.10493179433367715,-4.225352112676059,5.5432372505543235,36.78160919540232,36.00000000000001,30.949105914718018,43.15789473684211,48.074080207431074,81.82485728376437,142.5089031654231,2.1777892886707546,3.597073541443864
SANDHANINS,Shandhani Life Insurance Co.Ltd,28.5,1.7857142857142856,3.6363636363636362,10.465116279069765,28.378378378378386,35.714285714285715,47.66839378238341,29.545454545454547,-31.654676258992808,43.2960905302425,-33.06310097691825,2.4458985426222104,3.3984205188925833
SAPORTL,Summit Alliance Port Limited,58.5,0.8620689655172413,5.405405405405405,15.841584158415841,15.841584158415841,32.65306122448979,38.954869358669825,145.7983193277311,83.9622641509434,58.71304321548726,177.58353164988233,3.239625290411666,3.6960058892515013
SBACBANK,SBAC Bank PLC.,7.3,1.388888888888884,2.8169014084507067,12.307692307692305,28.070175438596486,10.606060606060609,17.741935483870964,-19.780219780219777,-30.291636255398295,-30.291636255398295,-30.291636255398295,6.047008547008542,4.26743545258308
SEAPEARL,Sea Pearl Beach Resort & Spa Ltd.,39.7,0.7614213197969651,-0.5012531328320695,8.174386920980925,10.584958217270207,22.910216718266273,20.30303030303031,-24.091778202676856,-6.367924528301876,65.41666708020836,65.41666708020836,2.4381531669054217,4.5031630632460775
SEMLFBSLGF,SEML FBLSL Growth Fund Units,8.3,0.0,10.666666666666677,38.33333333333334,56.60377358490568,62.74509803921571,69.38775510204083,43.103448275862085,-38.97058823529411,36.065573770491824,36.065573770491824,5.804921093645279,4.708582546217248
SEMLIBBLSF,SEML IBBL Shariah Fund Units,8.5,0.0,4.938271604938276,18.05555555555555,39.344262295081975,44.06779661016948,46.55172413793104,19.718309859154935,-36.090225563909776,-37.95620437956204,-37.95620437956204,2.3392857142857095,3.1920014481970145
SHAHJABANK,Shahjalal Islami Bank PLC,17.5,0.0,0.0,0.0,10.759493670886071,-1.1299435028248548,6.707317073170741,-7.894736842105263,-11.642157207513936,145.77787389549636,7.571090431233522,1.49823931964654,1.5407146257466475
SHARPIND,Sharp Industries PLC,40.5,2.5316455696202533,10.054347826086966,78.41409691629956,162.98701298701297,226.61290322580643,213.953488372093,123.75690607734806,148.46625766871165,148.46625766871165,148.46625766871165,6.292507796631639,7.727265861121348
SHASHADNIM,Shasha Denims PLC,29.2,-2.013422818791951,1.388888888888884,14.960629921259846,51.29533678756476,63.12849162011174,83.64779874213836,52.87958115183245,6.9597069597069545,-2.109113623921366,-12.52021755138583,3.102416918613043,2.8144542088055413
SHEPHERD,Shepherd Industries PLC,17.6,-0.5649717514124173,2.923976608187134,4.761904761904766,7.975460122699389,43.08943089430895,31.34328358208956,-0.5649717514124174,-0.8791212644396678,-51.49244474100885,-51.49244474100885,4.881272870775629,3.8317860077718953
SHURWID,Shurwid Industries Ltd,6.5,-2.9850746268656745,6.557377049180334,-1.5151515151515098,6.557377049180334,30.0,41.30434782608697,-8.450704225352109,-71.49122807017544,-25.52083344194879,-78.36184219047765,6.073184057848257,4.771665477390852
SHYAMPSUG,Shyampur Sugar Mills Ltd.,322.0,-0.031046258925806498,3.870967741935484,19.880863737900214,111.84210526315789,105.35714285714285,111.84210526315789,136.93892568064754,407.0866141732283,3026.2135922330094,3925.0,5.246749602473006,8.257876643065067
SICL,"Sikder Insurance Co., Ltd.",37.0,2.7777777777777777,-2.6315789473684212,-7.5,23.745819397993316,81.37254901960786,100.0,72.89719626168225,37.03703703703704,37.03703703703704,37.03703703703704,4.733480155347166,4.393857691070049
SILCOPHL,Silco Pharmaceuticals Ltd.,21.5,-0.4629629629629695,-0.921658986175112,0.9389671361502314,45.27027027027026,50.34965034965034,56.93430656934308,43.333333333333336,-39.436619718309856,-11.753731438773947,-11.753731438773947,2.165014418055188,3.5104548651150362
SILVAPHL,Silva Pharmaceuticals Ltd.,17.2,-1.1494252873563178,0.0,6.172839506172839,56.36363636363635,75.51020408163264,79.16666666666667,60.74766355140187,-29.50819672131147,-52.473684091710524,-52.473684091710524,3.64334359643867,4.649631285995265
SIMTEX,Simtex Industries PLC,28.2,0.35587188612098886,2.5454545454545427,3.296703296703291,15.573770491803282,22.077922077922068,25.33333333333333,63.95348837209303,43.87755102040815,74.45562931930678,4.673377604535044,2.515531155500909,3.3907662041474897
SINGERBD,Singer Bangladesh Limited,77.5,-0.5134788189987236,-2.14646464646465,-5.256723716381415,-5.717761557177619,-8.284023668639053,-8.823529411764707,-29.159049360146255,-58.108108108108105,-40.06543730106333,-23.627956414750255,1.616730175091213,3.0142429859183673
SINOBANGLA,Sinobangla Industries Ltd.,57.8,-0.5163511187607647,1.048951048951039,-1.0273972602739752,8.037383177570089,18.930041152263364,26.200873362445417,34.41860465116279,38.58083367892847,133.26339085260403,217.77651495394397,1.4495971925651836,2.2262538618111236
SIPLC,Sena Insurance PLC,129.8,2.689873417721523,11.130136986301382,17.148014440433226,88.11594202898551,131.7857142857143,143.5272045028143,165.9836065573771,171.54811715481176,171.54811715481176,171.54811715481176,7.968064218484752,5.787450979972894
SKTRIMS,SK Trims & Industries Ltd.,14.8,-1.3333333333333286,-0.671140939597313,4.225352112676067,57.4468085106383,102.73972602739728,80.4878048780488,40.952380952380956,-65.5813953488372,-60.204444525096775,-60.204444525096775,4.277656464411432,5.132644373091737
SONALIANSH,Sonali Aansh Industries Limited.,222.4,1.3673655423883317,2.4884792626728136,9.556650246305422,28.11059907834102,20.869565217391308,15.592515592515593,17.98408488063661,283.44827586206895,1022.5236593059936,1547.4074074074074,2.865666925800105,3.4019462290581894
SONALILIFE,Sonali Life Insurance PLC,92.2,5.011389521640098,9.501187648456057,8.343125734430094,28.055555555555557,41.19448698315468,51.39573070607554,63.76554174067497,32.091690544412614,738.1818181818181,738.1818181818181,3.821950710379957,3.4043258393756632
SONALIPAPR,Sonali Paper & Board Mills Ltd.,238.9,0.2938706968933741,-1.6467682173734046,1.6595744680851088,7.13004484304933,1.1002962336013518,1.0147991543340404,44.787878787878796,12.332329389071312,58.287152117514935,58.287152117514935,2.8024535435373137,3.850123251143546
SONARBAINS,Sonar Bangla Insurance Ltd.,40.3,2.8061224489795773,4.947916666666663,-19.400000000000006,28.227273047840907,45.91379346823274,67.25296481030323,49.522968543948906,-47.72852914807051,341.7587587339187,93.6092707267474,4.498392267060728,5.144966521942044
SONARGAON,Sonargaon Textiles Limited.,106.0,0.8563273073263613,9.73084886128365,8.16326530612245,196.08938547486036,234.38485804416405,240.83601286173635,207.2463768115942,314.0625,1132.5581395348838,467.85714427678573,7.319799906103869,7.276924011459863
SOUTHEASTB,Southeast Bank PLC,10.9,0.9259259259259226,0.0,4.8076923076923075,17.80808066290317,22.768420954416836,28.16483512258304,8.999999890999995,-23.725064630236922,5.657129300682334,-8.403396135852889,3.25112115299031,3.3572054389791823
SPCERAMICS,Shinepukur Ceramics PLC,22.9,0.43859649122806077,0.8810572687224638,-11.583011583011583,8.0188679245283,50.6578947368421,56.84931506849314,16.836734693877535,-29.320987654320987,169.41176470588232,0.9003828479528968,3.4323469040108634,3.901225698775078
SPCL,Shahjibazar Power Co Ltd,57.8,-0.5163511187607647,2.3008849557522075,3.214285714285709,3.7701974865349985,15.3692614770459,21.684210526315784,29.887640449438198,-21.31937159757551,-47.97927370170543,122.59222810031515,1.8692114991682558,2.4920949864085657
SQUARETEXT,Square Textiles PLC,51.0,-0.5847953216374214,0.9900990099009901,1.1904761904761934,7.368421052631579,5.154639175257732,5.154639175257732,-8.928571428571429,3.6585365853658476,-13.496153494349361,-33.16770608299417,1.4611581319455487,2.13549646155883
SQURPHARMA,Square Pharmaceuticals PLC,220.9,0.3634711494775154,1.0983981693363871,-0.3158844765342909,4.940617577197152,0.40909090909091167,11.005025125628142,-5.274442538593474,-1.427933958054435,15.490034536926256,111.03320127815965,0.7409665191256052,0.9972346269449961
SSSTEEL,S.S. Steel Ltd,7.4,1.3698630136986376,0.0,7.246376811594202,51.0204081632653,89.74358974358977,80.4878048780488,23.33333333333334,-64.94736856864266,-80.14787223290325,-80.14787223290325,3.5806697108067005,4.615896030603861
STANCERAM,Standard Ceramic Industries Ltd.,74.0,-1.0695187165775364,2.0689655172413794,6.321839080459779,2.63522884882109,2.63522884882109,5.563480741797441,4.51977401129944,-66.81614349775785,48.893360160965784,202.0408163265306,5.732641770134073,4.966640407774517
STANDARINS,Standard Insurance PLC,51.5,2.1825396825396854,5.1020408163265305,-3.013182674199626,15.470852017937217,25.609756097560975,31.71355498721227,17.848970251716242,-39.976689976689975,528.3429139359931,97.31142040972514,3.0486649686583926,3.9537050028721428
STANDBANKL,Standard Islami Bank PLC,5.0,0.0,-1.9607843137254835,4.1666666666666705,13.636363636363628,-1.9607843137254835,4.1666666666666705,-35.8974358974359,-41.82022920451305,-5.368217263187065,-44.8054064155321,4.001280512204874,3.9514176078423016
STYLECRAFT,Stylecraft Limited,60.2,0.0,2.9059829059829108,11.481481481481486,14.231499051233396,31.72866520787746,27.54237288135593,-15.2112676056338,-62.04287515762926,29.83759050393142,145.12080592229034,2.59778065246019,4.259733269354128
SUMITPOWER,Summit Power Ltd.,17.0,0.0,0.5917159763313694,8.280254777070068,22.30215827338129,30.76923076923077,37.096774193548384,14.86486486486486,-61.711711711711715,-47.204968944099384,-62.972602791716554,2.8658579368548507,3.6040981245966788
SUNLIFEINS,Sunlife Insurance Co. Ltd.,68.5,0.7352941176470588,2.544910179640723,-5.517241379310345,10.483870967741936,26.85185185185185,29.98102466793168,28.27715355805244,103.2640949554896,275.6451600058585,-25.93780052119347,4.3667802520346015,5.316607575622471
TAKAFULINS,Takaful Islami Insurance PLC,54.6,-1.086956521739133,8.11881188118812,17.41935483870968,66.46341463414636,63.47305389221559,60.588235294117645,53.802816901408455,-8.848080133555923,395.507597438302,77.82441765578506,3.4076895847265134,4.717829480684045
TALLUSPIN,Tallu Spinning Mills Limited,8.3,2.469135802469149,0.0,2.469135802469149,3.750000000000009,6.410256410256421,31.74603174603176,48.21428571428574,2.469135802469149,-41.134751773049636,-63.91304350964083,2.7070159590484915,2.967869037524194
TAMIJTEX,Tamijuddin Textile Mills PLC,131.5,0.07610350076103067,-0.8295625942684723,-0.5295007564296434,9.400998336106488,10.970464135021096,4.365079365079365,15.90544860000007,80.81249981918752,897.5862055205707,897.5862055205707,2.098071957625376,2.870976089120503
TECHNODRUG,Techno Drugs Ltd.,47.1,-0.4228329809725069,1.2903225806451644,4.66666666666667,22.976501305483044,65.84507042253522,61.30136986301371,44.92307692307693,78.40909090909093,78.40909090909093,78.40909090909093,3.638849993458014,4.169631654537612
TILIL,Trust Islami Life Insurance Ltd.,54.1,1.500938086303948,5.664062499999997,-1.4571948998178454,15.8458244111349,14.135021097046419,21.84684684684685,-2.346570397111908,391.8181818181818,391.8181818181818,391.8181818181818,2.599382662680834,3.253916654147035
TITASGAS,Titas Gas Transmission and Distribution PLC,20.4,-0.4878048780487874,0.9900990099009866,3.5532994923857832,22.891566265060224,23.63636363636363,30.769230769230763,-4.225352112676066,-47.6923076923077,-59.921414538310415,-68.02507836990596,1.9651450151128564,3.5617675355328915
TOSRIFA,Tosrifa Industries PLC,23.7,-1.659751037344407,-0.8368200836820054,12.857142857142854,33.14606741573033,37.79069767441861,39.41176470588235,16.7487684729064,32.0244560230598,25.65086185503408,-45.4147526207644,3.82116695200033,5.792475961047235
TRUSTB1MF,Trust Bank 1st Mutual Fund Units,4.2,-2.3255813953488293,5.000000000000004,31.25,35.483870967741936,68.00000000000001,75.00000000000001,10.526315789473694,-46.835443037974684,0.7515381071643102,-35.70220051640778,7.320302429416685,7.044798569847965
TRUSTBANK,Trust Bank PLC,15.5,0.0,-1.8987341772151942,-1.8987341772151942,-0.7621948738567077,-12.967914196488325,-6.465517007543095,-30.448717774839743,-29.307503022234233,64.03913819746433,63.29739506035831,1.6841223292836154,1.8154036309139427
TUNGHAI,Tung Hai Knitting & Dyeing Ltd,3.3,9.999999999999993,13.79310344827586,17.857142857142858,6.451612903225797,73.6842105263158,106.24999999999997,17.857142857142858,-52.173913043478265,-62.9591837188255,-86.69000002697493,6.313993796752415,6.322657212640793
UCB,United Commercial Bank PLC,9.6,-3.0303030303030374,-2.040816326530623,6.6666666666666625,7.865168539325834,-6.796116504854379,-8.571428571428575,-11.92660550458716,-28.133333059341666,-15.45316938282021,-24.296407618662556,2.8955451958319967,2.7477957670506195
UNILEVERCL,Unilever Consumer Care Limited,2040.5,-0.1516930906243839,-0.6620904532398574,-1.3774770420492992,-1.4251207729468598,-7.25,-5.532407407407407,-18.3244606332306,12.4474753736998,104.66399197592779,510.2429906542056,0.6616275627647,0.9959351296948371
UNIONCAP,Union Capital Limited,5.2,4.0000000000000036,8.333333333333341,10.638297872340425,20.930232558139544,40.54054054054054,85.71428571428574,1.9607843137255008,-44.086021505376344,-42.14403644448615,-72.50920327508878,4.950383557678391,5.2028445897537585
UNIONINS,Union Insurance PLC,54.2,0.9310986964618249,5.242718446601947,32.51833740831297,63.253012048192765,50.97493036211701,47.28260869565219,50.13850415512466,392.72727272727275,392.72727272727275,392.72727272727275,3.758669855858382,5.814356768130479
UNIQUEHRL,Unique Hotel & Resorts PLC,45.5,-0.6550218340611291,1.336302895322943,7.311320754716984,22.31182795698924,17.571059431524542,18.798955613577032,12.623762376237627,2.4774774774774806,3.6446469248291606,-64.08839779005525,1.7792718092447863,3.479693493541431
UNITEDFIN,United Finance PLC,18.8,-1.570680628272255,5.617977528089887,13.253012048192767,45.73643410852713,54.098360655737714,62.06896551724139,40.298507462686565,-1.0526315789473646,19.80924914530281,-19.357974035117255,3.8191328268595877,4.558148812686977
UNITEDINS,United Insurance Company Limited,66.5,5.555555555555555,34.07258064516129,43.93939393939393,53.93518518518517,51.82648401826486,59.09090909090911,64.19753086419753,4.068857589984352,243.69146501506282,74.18399136311011,9.179856347721651,5.551905564033743
UPGDCL,United Power Generation & Distribution Co. Ltd.,123.2,-1.5974440894568689,-2.1445591739475796,-1.4399999999999977,4.4953350296861725,1.0664479081214087,6.115417743324728,-11.747851002865323,-56.03140613847252,35.89436477897443,120.86994284980726,3.1643829365411342,3.0218822739051303
USMANIAGL,Usmania Glass Sheet Factory Limited,72.8,0.41379310344827197,7.533234859675028,33.57798165137614,98.3651226158038,130.37974683544303,114.11764705882352,107.99999999999999,25.951557093425606,-9.442243264984972,50.12180223157015,6.819745242656624,9.415689059843539
UTTARABANK,Uttara Bank PLC,21.3,0.4716981132075539,-0.9302325581395315,-0.4672897196261583,1.622137404580152,8.231707317073177,16.26637554585153,16.7763157894737,65.79426025299318,138.94300177577728,64.3600012417591,1.1298609265656827,1.1206581720119753
UTTARAFIN,Uttara Finance and Investments Limited,13.8,2.2222222222222276,-0.7194244604316521,2.2222222222222276,11.290322580645164,1.4705882352941255,39.3939393939394,-24.99999999999999,-64.43298969072164,-73.51005478092455,-80.49082004422341,2.371621212671438,2.6568970705616652
VAMLRBBF,Vanguard AML Rupali Bank Balanced Fund Units,8.5,1.1904761904761862,1.1904761904761862,11.8421052631579,41.666666666666664,51.7857142857143,49.122807017543856,34.920634920634924,-17.47572815533981,-22.727272727272727,-22.727272727272727,2.9480820105820102,3.906511621713654
VFSTDL,VFS Thread Dyeing Ltd.,17.3,-1.1428571428571388,-1.7045454545454584,2.3668639053254568,42.97520661157026,51.75438596491228,35.15625,127.63157894736844,-33.46153830798816,-26.97084055375904,-26.97084055375904,4.18892426895267,3.780935439379763
WALTONHIL,Walton Hi-Tech Industries PLC,394.0,0.15251652262329,-0.6305170239596469,-0.25316455696202533,8.839779005524862,-2.451101757860851,3.6842105263157894,-5.371179133930126,-70.07939250500833,14.656084541428573,14.656084541428573,1.1394967338088229,1.991052315944068
WATACHEM,Wata Chemicals Ltd.,140.4,0.5730659025788047,-0.425531914893613,3.1594415870683408,-0.07117437722419524,4.854368932038835,-1.1267605633802777,12.861736334405144,-52.39064089521871,54.5532260318625,565.4375002807315,1.6976789861222419,2.8309979494923847
WMSHIPYARD,Western Marine Shipyard Limited,10.3,-0.9615384615384581,0.980392156862759,1.9801980198019908,19.76744186046513,27.160493827160508,25.609756097560997,13.1868131868132,-40.46242774566474,-21.618169483012455,-70.08426805691289,3.972703289746451,3.697301120014858
YPL,Yeakin Polymer Ltd.,25.1,-0.39682539682538837,-1.1811023622047132,-3.461538461538456,16.744186046511633,49.40476190476191,41.807909604519786,70.7482993197279,62.987012987012996,0.1700503536325656,0.1700503536325656,4.892181024077033,4.127656477265068
ZAHEENSPIN,Zaheen Spinning PLC,5.7,0.0,3.63636363636364,0.0,0.0,39.02439024390246,42.50000000000001,-19.71830985915492,-47.22222222222222,-56.48836211969784,-59.94927805127217,2.8508771929824586,3.6988266913315364
ZAHINTEX,Zahintex Industries Ltd.,9.0,-2.173913043478253,0.0,0.0,12.5,52.54237288135592,55.17241379310345,104.54545454545452,-5.2631578947368425,-47.33004954607229,-62.06064540660374,3.378729260751724,4.809871306017382
ZEALBANGLA,Zeal Bangla Sugar Milla Limited,224.0,1.4952424105120126,-3.8626609442060085,37.423312883435585,69.6969696969697,56.09756097560975,56.64335664335665,153.39366515837102,65.92592592592592,1209.9415204678362,2474.712643678161,4.973652587074457,9.236149395159877
