Symbol,Name,Price,Change %,Perf % 1W,Perf % 1M,Perf % 3M,Perf % 6M,Perf % YTD,Perf % 1Y,Perf % 5Y,Perf % 10Y,Perf % All Time,Volatility 1W,Volatility 1M
1JANATAMF,First Janata Bank Mutual Fund Units,3.4,0.0,0.0,-17.07317073170731,13.33333333333333,21.428571428571434,30.769230769230763,3.030303030303033,-62.63736263736263,-11.90222270225723,-37.46298601980823,6.880188439011976,5.528019099959791
1STPRIMFMF,Prime Finance First Mutual Fund 2009 Units,21.8,0.4608294930875642,4.30622009569379,-13.147410358565738,16.57754010695188,21.78770949720672,9.000000000000004,-8.016877637130795,7.920792079207928,172.5,-28.758169934640524,4.799991123160846,4.580236903711586
AAMRANET,aamra networks ltd,17.4,-1.6949152542372923,-15.121951219512201,-18.69158878504673,-2.2471910112359668,10.126582278480997,-2.2471910112359668,-21.621621621621625,-61.901185879584716,-71.11818639337798,-71.11818639337798,7.08046150407984,5.218474204502713
AAMRATECH,Aamra Technologies Limited,17.5,5.421686746987943,5.421686746987943,-19.724770642201836,21.527777777777775,47.05882352941176,42.27642276422763,11.464968152866247,-42.569659662844465,-17.117021395277117,-40.485416795302484,7.399415846688039,7.7405903299729815
ABB1STMF,AB Bank 1st Mutual Fund 2011 Units,3.5,0.0,2.941176470588238,-16.666666666666668,6.060606060606066,25.000000000000007,29.629629629629623,2.941176470588238,-50.0,-11.531915425178452,-47.791643346063886,5.97012138188609,5.401224940768457
ABBANK,AB Bank PLC,4.5,0.0,-2.173913043478253,-10.0,4.651162790697679,-32.83582089552239,9.756097560975618,-22.41379310344827,-69.25813115462803,-67.72103755138379,-80.44639777147891,4.080588493631974,3.564148571699479
ACFL,Aman Cotton Fibrous PLC,22.3,1.3636363636363669,-6.302521008403361,-5.907172995780585,-7.468879668049794,27.42857142857143,23.888888888888893,15.544041450777202,-51.52173913043478,-62.83333333333334,-62.83333333333334,8.06225092121674,4.938630294735904
ACI,Advanced Chemical Industries PLC,189.0,0.15898251192369442,-0.05288207297725771,-7.2164948453608195,-2.727740607308292,-8.739739256397874,-3.076923076923077,-2.4767801857585194,-28.007097828220388,-23.580698931310078,203.4886546903659,1.057686843231504,1.870507594033213
ACIFORMULA,ACI Formulations PLC,151.9,1.1318242343542058,-2.4405908798972273,-13.545816733067719,6.372549019607838,8.96700143472023,17.751937984496127,-0.9132420091324237,-9.377840682535513,-4.207206970745713,120.29696187670928,4.135149519301633,3.653376254759569
ACMELAB,ACME Laboratories Ltd.,77.8,-0.12836970474969,-2.992518703241902,-6.714628297362121,-1.5189873417721556,-0.38412291933418335,9.1164095371669,-5.696969696969701,-15.709642470205852,-29.272727272727277,-42.370370370370374,1.7723331772920967,1.6061884958369859
ACMEPL,ACME Pesticides Ltd,24.7,2.4896265560165887,-0.8032128514056197,-6.439393939393938,2.4896265560165887,47.02380952380952,55.34591194968553,39.548022598870055,124.54545454545455,124.54545454545455,124.54545454545455,5.447226956432515,5.003372054834805
ACTIVEFINE,Active Fine Chemicals Ltd.,5.9,1.7241379310344922,-1.6666666666666607,-15.71428571428571,-13.23529411764705,-11.940298507462684,9.25925925925926,-37.89473684210526,-76.86274509803923,-76.52040809019107,-79.99130420724325,4.921012962026322,4.434428886379349
ADNTEL,ADN Telecom Ltd.,59.9,1.0118043844856686,-3.0744336569579267,-11.911764705882355,-4.160000000000002,3.454231433506045,3.454231433506045,-29.19621749408983,-23.7913486005089,47.90123456790123,47.90123456790123,3.0050812941483045,2.7397297187621823
ADVENT,Advent Pharma Ltd.,14.1,2.173913043478253,-2.0833333333333384,-15.060240963855431,-4.081632653061222,7.633587786259542,5.22388059701492,-14.545454545454547,-47.31868149119817,-61.71511624227195,-61.71511624227195,4.461051249372421,3.7792361628637545
AFCAGRO,AFC Agro Biotech Ltd.,6.6,1.538461538461533,-2.941176470588238,-8.333333333333341,-8.333333333333341,-4.347826086956532,31.999999999999993,-21.428571428571434,-81.76795580110496,-79.72586838562172,-71.1959499704096,4.806785565181091,3.520384391357638
AFTABAUTO,Aftab Automobiles Ltd.,27.2,0.740740740740738,-4.225352112676054,-11.974110032362459,-10.526315789473683,-3.546099290780142,-20.46783625730995,-28.795811518324616,-24.08101227872902,-41.543859354021855,-60.015999674170374,3.704355218967893,2.499775249919056
AGNISYSL,Agni Systems PLC,31.2,3.65448504983388,7.216494845360817,-5.740181268882182,2.2950819672131124,52.94117647058824,49.999999999999986,4.6979865771812035,19.999999999999996,98.4500014297941,68.34614518541704,4.488888624893779,3.9467032256970827
AGRANINS,Agrani Insurance PLC,28.9,0.6968641114982554,0.3472222222222148,-9.96884735202493,10.30534351145038,36.32075471698113,21.42857142857142,5.0909090909090855,-37.934493737556274,212.17196896588925,75.16875579127455,4.37072160460087,4.504889725565271
AIBL1STIMF,AIBL 1st ISLAMIC Mutual Fund 2010- Units,5.7,-1.7241379310344769,5.555555555555552,-16.17647058823529,39.02439024390246,58.33333333333333,67.64705882352942,29.545454545454536,-37.36263736263736,-21.917808219178077,-25.974025974025974,8.402706308366687,7.52109259540125
AIL,Alif Industries Ltd.,33.4,1.8292682926829311,-1.1834319526627177,-12.10526315789474,-4.022988505747123,17.605633802816904,-17.936117936117945,-44.147157190635454,-13.552941274104922,-69.76015393207223,-69.76015393207223,7.202123166145046,4.5560159782083876
AL-HAJTEX,Alhaj Textile Mills Limited,77.1,-1.1538461538461613,-9.29411764705883,-21.406727828746178,-22.590361445783135,-39.671361502347416,-43.80466472303207,-54.37869822485207,15.074626865671632,-4.539442147770319,232.98557388199842,4.798045344669433,3.712558217699787
ALARABANK,Al-Arafah Islami Bank PLC,16.2,-0.6134969325153461,-5.813953488372094,-2.9940119760479043,12.499999999999991,-8.988764044943828,7.999999999999996,-7.4285714285714315,-32.61423083970073,35.97276274193205,-9.464435004258867,4.412936506808967,5.075149937760662
ALIF,Alif Manufacturing Company Ltd.,5.4,0.0,-3.571428571428559,-5.263157894736839,-1.8181818181818117,10.204081632653061,35.00000000000001,-5.263157894736839,-68.6046511627907,-35.23756014271915,-68.02284133654422,3.7681849946000856,4.474707965797635
ALLTEX,Alltex Industries Limited,23.9,2.1367521367521367,-1.6460905349794326,5.286343612334798,38.150289017341024,70.71428571428571,78.35820895522386,102.5423728813559,6.696428571428572,20.707070707070695,212.76543103304616,4.599986996939455,4.4576926653369675
AMANFEED,Aman Feed PLC,32.4,-1.219512195121947,-0.6134969325153461,-15.625,2.8571428571428528,40.8695652173913,40.8695652173913,15.302491103202836,-57.0291777188329,-44.25913027196841,-3.3824920857803566,5.992764777868658,4.538792805671819
AMBEEPHA,Ambee Pharmaceuticals PLC,757.2,-0.26343519494204426,0.5711249833975386,-7.092024539877295,-2.736030828516372,-3.8598273235144713,5.166666666666673,-9.996434090098646,45.503458877786336,49.940594059405946,305.10031370026695,3.462050702987691,2.372218862260869
AMCLPRAN,Agricultural Marketing Co. Ltd.,215.4,-1.4638609332113397,-2.090909090909088,-6.184668989547034,-1.1926605504587129,4.868549172346641,6.475531389026196,-12.828814245244837,-19.113781449493054,-2.9729729729729706,75.1219512195122,2.1420126092531304,2.4664405527900763
ANLIMAYARN,Anlima Yarn Dyeing Ltd.,28.7,3.9855072463768035,-5.901639344262297,-18.92655367231638,-2.7118644067796636,51.05263157894736,37.980769230769226,22.12765957446808,-40.824742268041234,-3.367003367003367,43.49999999999999,8.83508556210558,5.916020050803242
ANWARGALV,Anwar Galvanizing Ltd.,105.8,0.4748338081671415,0.5703422053231885,-5.6199821587867955,-13.278688524590166,12.433581296493095,22.17090069284065,26.858513189448427,-51.54198512048855,192.49760445222228,1209.2749920297886,4.076680264278585,3.6463026118111963
AOL,Associated Oxygen Ltd,15.9,-1.8518518518518454,-5.3571428571428585,-13.114754098360656,-12.15469613259669,0.632911392405061,4.605263157894744,1.2738853503184782,-73.03803488503397,22.493599335790705,22.493599335790705,4.337253225051123,3.732048675647777
APEXFOODS,Apex Foods Limited,259.8,-1.9622641509433918,-4.590525156077855,-6.7145421903052025,-5.286183011301494,14.04741000877963,5.695687550854353,1.8424147393179213,51.92982456140352,54.82717520858164,262.8491620111732,4.199877015967821,3.708200706123291
APEXFOOT,Apex Footwear Ltd.,206.3,0.38929440389294956,0.0,-5.927952576379389,2.0781791192479058,12.732240437158476,15.058561070831008,7.447916666666672,36.151570105677905,7.5800615146025,54.80807820798397,2.096945802698754,1.6897978609513171
APEXSPINN,Apex Spinning and Knitting Mills Ltd.,277.4,-0.10803024846957557,-17.440476190476197,-18.459729570840686,-11.65605095541402,49.86493787142084,54.1111111111111,86.8013468013468,86.17449664429529,165.4545454545454,296.2857142857142,7.372791182916805,5.560703784846107
APEXTANRY,Apex Tannery Limited.,97.6,-1.6129032258064602,-2.4000000000000057,-6.333973128598857,-7.047619047619053,51.55279503105588,63.75838926174495,21.847690387016232,-29.78417266187051,-34.45265278710544,33.51573187414501,4.967921706338837,4.552108686598687
APOLOISPAT,Appollo Ispat Complex Ltd.,3.0,3.448275862068969,-3.225806451612906,-14.285714285714286,-9.090909090909086,-18.918918918918923,76.47058823529412,7.1428571428571495,-77.09923664122138,-76.03269244289558,-87.6836235580221,4.235632183908049,5.632135268734416
ARAMIT,Aramit Limited,195.5,-2.347652347652342,-5.919153031761314,-6.414552417424607,8.913649025069638,20.90290661719234,7.594936708860766,-23.152515723270444,-50.63131313131313,-53.89150943396226,-7.783018867924528,5.07996110339973,5.500772076422546
ARAMITCEM,Aramit Cement Limited,11.8,2.6086956521739193,-1.6666666666666607,-3.2786885245901525,-9.230769230769225,2.6086956521739193,34.090909090909086,-11.940298507462684,-80.78175895765472,-67.22222222222223,-67.3493337148702,7.5128371399732385,8.287266953144535
ARGONDENIM,Argon Denims Ltd.,22.8,4.587155963302751,1.3333333333333366,-8.799999999999997,25.27472527472528,35.714285714285715,29.545454545454536,16.923076923076927,-10.890000158244503,29.152930756828,-40.86782716090594,6.447872420283211,4.826784211037412
ASIAINS,Asia Insurance PLC,41.8,0.48076923076922046,1.951219512195115,-9.130434782608702,-1.8779342723004795,9.999999999999993,51.99999999999999,38.87043189368769,-56.6390041493776,216.66666666666669,26.48415015298149,4.02081099434462,4.825801720102583
ASIAPACINS,Asia Pacific General Insurance PLC,48.9,0.20491803278688817,3.821656050955408,-9.444444444444446,6.07375271149674,34.34065934065934,54.746835443037966,36.97478991596637,-28.924418604651162,244.36619718309865,44.24778761061947,5.683378296670973,5.025255264076963
ASIATICLAB,Asiatic Laboratories Ltd,105.3,-0.4725897920604915,-4.619565217391312,-11.512605042016808,-19.55691367456074,57.634730538922156,118.4647302904564,93.21100917431193,83.76963350785341,83.76963350785341,83.76963350785341,6.7447656931336,5.264160727872128
ATLASBANG,Atlas Bangladesh Limited,82.5,1.6009852216748732,-0.7220216606498127,-13.157894736842104,17.354196301564727,30.744849445324878,45.50264550264549,26.923076923076923,-37.92325056433409,-16.146999954977648,-26.655295838334837,4.6794750533985185,4.569373908573994
AZIZPIPES,Aziz Pipes Limited.,79.2,0.1264222503160664,3.5294117647058862,-3.9999999999999964,13.467048710601729,64.65696465696466,69.23076923076924,39.191564147627425,-48.903225806451616,64.60305329003816,409.35500372020164,3.453156402969407,3.479876671290138
BANGAS,Bangas Limited,124.0,-1.3524264120922855,-0.40160642570281124,-9.157509157509157,-8.08005930318755,4.377104377104379,-4.907975460122704,-13.769123783031995,-18.42105263157895,-24.340576087973446,-11.561633590029729,2.4682018425974226,2.6918944554424407
BANKASIA,Bank Asia PLC,16.9,0.0,-1.7441860465116321,-6.6298342541436615,-5.5865921787709505,-18.865044568916897,-0.34510913272554017,-4.992228389580206,1.357537151756595,56.97122603831563,45.383491951382766,1.7542814525094386,1.9029979772239647
BARKAPOWER,Baraka Power Ltd.,10.2,3.030303030303019,-4.672897196261682,1.999999999999993,19.999999999999993,34.210526315789465,49.99999999999999,-16.393442622950822,-68.125,-53.72044214930587,-55.04770515355096,5.347985347985343,7.15971319555558
BATASHOE,Bata Shoe Co. (Bangladesh) Ltd.,887.7,0.2031832035218499,-1.6943521594684334,-2.4505494505494454,3.4253757427473017,4.558303886925801,10.396716826265392,2.034482758620695,-4.548387096774189,-24.739296311996604,72.36893203883497,2.9516324527171505,1.508735270912877
BATBC,British American Tobacco Bangladesh Co Ltd,231.6,-0.08628127696290641,-0.472711645896001,-6.234817813765184,6.238532110091741,-0.2154243860404998,-6.612903225806454,-20.712084902430682,-61.845140032948926,-14.818142962953857,148.73508850395314,2.1342419915469275,2.223799374885136
BAYLEASING,Bay Leasing and Investment Ltd.,4.6,0.0,-4.1666666666666705,-19.298245614035096,4.545454545454529,-25.806451612903235,39.39393939393939,-8.000000000000007,-86.31728042108595,-67.51070309739933,-82.46911843842737,4.416994295405492,5.29538316067357
BBS,Bangladesh Building Systems PLC,12.6,-0.7874015748031469,-2.3255813953488427,-21.739130434782616,-9.352517985611515,21.153846153846146,36.956521739130444,0.0,-43.497757847533634,-48.06958989668616,-41.889870847277116,4.244630492909812,4.229560274293811
BBSCABLES,BBS Cables PLC,17.9,0.0,-1.6483516483516523,-23.504273504273506,-26.033057851239676,11.874999999999991,17.76315789473684,-15.962441314554,-71.80749985699354,-38.078352511678325,-38.078352511678325,4.343887374303762,4.0061891579706295
BDAUTOCA,Bangladesh Autocars Limited,185.5,0.433134813210618,-6.737053795877327,-11.286465805834528,-20.726495726495727,37.20414201183433,46.06299212598425,34.90909090909091,10.089020771513352,406.94893959667473,759.2354909373412,5.53671152260037,4.591282897129163
BDCOM,BDCOM Online Ltd.,29.8,0.6756756756756733,2.758620689655175,-10.510510510510501,1.0169491525423753,13.74045801526718,14.615384615384617,-7.699114799201191,16.91992939753182,65.91248104821538,147.8097046127198,3.114966131647241,3.2794247228293107
BDFINANCE,Bangladesh Finance PLC,12.3,-0.8064516129032229,-4.651162790697671,-12.142857142857139,2.5000000000000058,-12.142857142857139,-5.384615384615379,25.51020408163265,-79.27186017520438,40.4182632185141,-24.293541303021254,3.4454551137784386,3.6274835050202645
BDLAMPS,Bangladesh Lamps PLC,228.3,-0.8253692441355244,10.771470160116458,23.072776280323456,26.132596685082877,66.64233576642337,69.73977695167288,33.82180539273155,15.281264652968941,29.86762350352661,103.567499837146,3.737235138745559,4.77100229325395
BDTHAI,Bangladesh Thai Aluminium Ltd.,16.4,-1.2048192771084507,4.458598726114645,-14.583333333333337,17.14285714285713,50.45871559633025,46.42857142857142,17.985611510791355,-42.85714285714286,-16.005088385113098,2.939331233230789,5.121908972868546,4.365302474295779
BDTHAIFOOD,BD Thai Food & Beverage Ltd.,25.1,2.8688524590164053,5.020920502092062,-2.7131782945736407,-5.283018867924523,50.29940119760481,74.30555555555556,57.86163522012579,107.43801652892564,107.43801652892564,107.43801652892564,4.5056287965448645,4.21173416163984
BDWELDING,Bangladesh Welding Electrodes Ltd.,12.5,-0.7936507936507908,-4.580152671755722,-10.714285714285714,-23.780487804878042,-25.5952380952381,-30.93922651933702,17.924528301886795,-49.79919678714859,19.10377352760102,-43.106223032449286,3.648692151344586,2.977938372488682
BEACHHATCH,Beach Hatchery Ltd,28.0,-1.4084507042253471,-5.084745762711864,-15.91591591591591,-17.647058823529413,-8.19672131147541,-40.17094017094017,-50.70422535211267,-1.4084507042253471,154.54545454545453,24.05063319403941,4.398230668467704,3.276833878980096
BEACONPHAR,Beacon Pharmaceuticals PLC,104.8,1.158301158301161,0.7692307692307665,-3.8532110091743146,0.9633911368015414,2.7450980392156836,0.09551098376312733,-21.380345086271575,-50.982226379794206,502.2988505747127,580.5194805194805,2.3806194908013367,1.9433933780439048
BENGALWTL,Bengal Windsor Thermoplastics PLC,22.2,0.4524886877827958,-3.896103896103905,-12.598425196850393,-11.200000000000003,27.58620689655173,27.58620689655173,3.7383177570093493,-25.75250836120401,-45.97345137883057,-55.15525885392283,4.762826547617861,4.263705271220995
BERGERPBL,Berger Paints Bangladesh Ltd.,1493.5,0.14080729515890497,0.2348993288590604,-0.43333333333333335,6.670952074851804,5.997161107168204,8.146270818247647,0.9803921568627451,-19.48787061994609,34.914182475158086,468.95238095238096,0.6366633722296965,0.8399232562030351
BESTHLDNG,Best Holdings PLC,14.4,1.4084507042253596,-0.6896551724137907,-8.860759493670887,-2.702702702702705,11.627906976744185,6.666666666666669,-22.580645161290327,-51.0204081632653,-51.0204081632653,-51.0204081632653,2.807395588026547,3.126396415579164
BEXIMCO,Bangladesh Export Import Company Ltd.,21.5,-0.4629629629629695,-6.521739130434782,-5.7017543859649145,-78.30474268415742,-80.47229791099001,-80.47229791099001,-80.47229791099001,-80.45454540657025,8.212772535541145,-45.86246728603927,4.391195523613279,5.545723869050474
BGIC,Bangladesh General Insurance Company PLC,42.0,1.2048192771084338,3.4482758620689618,-1.4084507042253553,-1.1764705882352942,32.91139240506328,35.92233009708739,20.343839541547283,-29.054054054054056,189.6551724137931,34.185303514377,5.837711020222073,5.09255699648647
BIFC,Bangladesh Industrial Finance Company Ltd.,4.0,0.0,-2.439024390243894,-21.568627450980387,-4.761904761904766,-47.368421052631575,135.2941176470588,-2.439024390243894,-53.48837209302325,-48.71794871794872,-80.36480619278304,5.720762976860537,7.712936390649101
BNICL,Bangladesh National Insurance Company Ltd,113.3,0.2654867256637143,5.986903648269402,-4.789915966386556,-1.134380453752179,110.20408163265306,151.77777777777777,147.92122538293214,-29.1875,751.8796992481202,206.21621621621622,7.966533562103535,5.589016977284326
BPML,Bashundhara Paper Mill Ltd.,25.7,-1.1538461538461564,-5.514705882352941,-10.763888888888893,-8.865248226950355,-6.204379562043794,-0.7722007722007695,-35.101010101010104,-52.407407407407405,-83.4193548387097,-83.4193548387097,3.819166662736801,2.688301676106426
BPPL,Baraka Patenga Power Ltd.,20.0,1.5228426395939123,0.5025125628140775,-8.256880733944957,5.820105820105828,41.843971631205676,34.22818791946308,31.57894736842106,-60.317460317460316,-37.304075235109714,-37.304075235109714,3.1470870475371937,3.2808785444444237
BRACBANK,BRAC Bank PLC,62.3,-0.16025641025641252,-0.9538950715421326,-2.9595015576324073,-7.429420505200595,-9.195162121302511,13.36236881320238,-2.9200310499949444,133.34229857166918,256.8225972023358,846.360778436942,1.110673166683948,1.3213612402076633
BSC,Bangladesh Shipping Corporation,112.7,2.4545454545454573,-0.704845814977971,-8.07504078303425,6.320754716981134,3.7753222836095843,0.3561887800534334,-6.317539484621775,115.90038314176245,197.83860409294792,125.6699987628258,2.7558752762718144,2.5112696036523627
BSCPLC,Bangladesh Submarine Cables PLC,147.8,0.6811989100817438,-2.7631578947368345,-5.377720870678603,3.3566433566433647,4.084507042253529,15.1987529228371,-2.1192052980132376,-34.04730031236055,35.59633027522936,237.6742060772218,3.116812191733839,2.3038245651132536
BSRMLTD,Bangladesh Steel Re-Rolling Mills Ltd.,96.4,-0.618556701030922,-3.4068136272545004,-6.6795740561471355,6.519337016574592,19.75155279503106,26.34338138925296,7.46934225195095,-4.0796019900497456,-36.19037211994863,113.84733268861928,3.6348077298180757,3.5284565289623475
BSRMSTEEL,BSRM Steels Limited,88.8,-0.44843049327354895,-1.4428412874583765,-9.387755102040819,16.84210526315789,26.857142857142854,39.84251968503936,27.76978417266187,28.69565217391304,-4.2352942134117635,57.790769474859395,2.401142036607669,2.5358777952076643
BXPHARMA,Beximco Pharmaceuticals Plc,150.0,-0.5305039787798483,2.8806584362139835,3.1636863823933936,20.0,28.314798973481604,45.63106796116505,13.722517058377555,-29.64352720450281,103.20197024565324,241.29925087098866,2.660110232470474,2.5593030301192248
CAPITECGBF,CAPITEC GRAMEEN BDT10 (MUTUAL FUND) Units,8.2,-2.380952380952394,-1.2048192771084507,-25.45454545454546,13.888888888888877,24.24242424242424,20.588235294117638,7.894736842105259,-43.055555555555564,-43.055555555555564,-43.055555555555564,4.786243636231827,4.874921519018206
CAPMBDBLMF,CAPM BDBL Mutual Fund 01 Units,7.5,-1.315789473684206,-1.315789473684206,-36.440677966101696,-29.24528301886792,-25.742574257425737,-25.742574257425737,-31.19266055045872,-40.94488188976377,-30.555555555555557,-30.555555555555557,6.005035220225091,6.466166901607924
CAPMIBBLMF,CAPM IBBL Islamic Mutual Fund Units,12.6,-4.545454545454543,0.0,-10.000000000000002,39.99999999999999,59.49367088607594,67.99999999999999,46.51162790697675,-34.375,25.999999999999993,25.999999999999993,6.049890664580667,5.836783387316138
CENTRALINS,Central Insurance PLC,43.0,0.0,-0.2320185614849221,-13.131313131313131,-0.4629629629629695,7.7694235588972465,5.6511056511056434,-7.127429805615545,-30.533117932148624,233.09191270458837,63.32376092897135,3.844716039093493,4.675617860584508
CENTRALPHL,Central Pharmaceuticals Ltd.,10.0,0.0,0.0,-14.529914529914526,9.890109890109894,16.279069767441865,13.636363636363628,-6.542056074766349,-50.980392156862735,-19.588607532312516,-70.77850007267007,4.443016489642908,4.19672639434867
CITYBANK,City Bank PLC,30.0,-0.33222591362126713,0.0,-4.761904761904762,2.3890784982935127,10.223641825654036,41.39344218544241,27.306272691616407,71.89849387748188,141.3331433977139,195.50616854647038,1.4495176995177008,1.4033110144448837
CITYGENINS,City Insurance PLC,128.2,0.47021943573667274,1.3438735177865522,11.478260869565208,20.715630885122398,31.893004115226322,47.86620530565165,105.44871794871793,160.04056795131845,1084.1374025011328,434.7510519744077,1.2648152920294247,2.161220317727304
CLICL,Chartered Life Insurance PLC,44.0,-0.677200902934531,2.3255813953488373,-17.910447761194032,-20.72072072072072,-19.26605504587156,-21.146953405017918,-34.32835820895522,300.0,300.0,300.0,3.222539310602839,3.7802145672576946
CNATEX,C & A Textiles Ltd,3.0,0.0,-6.250000000000005,-11.76470588235294,-9.090909090909086,-16.666666666666668,25.000000000000004,0.0,-58.33333333333333,-58.75000004125,-82.4834122848176,6.099740452354467,7.048733622097008
CONFIDCEM,Confidence Cement PLC,61.7,-0.16181229773461864,-3.5937499999999956,-9.530791788856305,-2.68138801261829,-3.894080996884735,24.898785425101224,-0.4838709677419309,-56.33873534097063,37.37580415462403,15.058917693173676,2.7394037150667825,2.6306213944684065
CONTININS,Continental Insurance PLC,34.7,0.5797101449275445,2.6627218934911414,-4.931506849315061,1.461988304093567,42.213114754098385,43.38842975206614,20.069204152249153,-32.52777760909722,169.34765897953133,51.129288390245975,4.756890662199925,4.692483041603809
COPPERTECH,Coppertech Industries Ltd,23.3,-1.271186440677969,-2.5104602510460166,-18.815331010452958,-16.487455197132608,28.729281767955793,23.280423280423292,-4.897959183673467,-45.268456245438266,-10.091124320198992,-10.091124320198992,4.487855445723654,4.108948470300245
CROWNCEMNT,Crown Cement PLC,58.4,-5.348460291734204,-6.109324758842451,-12.83582089552239,-1.8487394957983216,20.412371134020617,24.786324786324794,10.188679245283017,-32.641291810841984,-26.540880503144653,-27.722772277227723,5.024745324215324,5.091073836411624
CRYSTALINS,Crystal Insurance Company Ltd,61.2,0.4926108374384307,-4.374999999999996,-13.559322033898297,-19.47368421052631,-21.538461538461537,6.434782608695657,-1.7656500802568127,8.057784809383477,348.7999995512001,348.7999995512001,5.439457396557755,4.16675065467113
CVOPRL,CVO Petrochemical Refinery PLC,158.5,-3.353658536585366,-4.5755568934376845,-8.698156682027648,-2.220851326341761,2.2580645161290325,7.4576271186440675,-5.654761904761905,-12.51881594635527,-24.931617030795497,32.319195883640816,2.8770561051813397,2.8701736014529
DACCADYE,Dacca Dyeing and Manufacturing Company Limited,15.8,-0.6289308176100606,-2.4691358024691272,-7.602339181286553,-1.863354037267085,-10.73446327683615,-18.556701030927826,-22.549019607843128,-41.91176470588235,71.73913043478262,-43.7540453656916,4.007739879270957,3.6526104801910124
DAFODILCOM,Daffodil Computers PLC.,163.7,-0.7277137659187489,2.312499999999993,-1.9173157579388957,25.923076923076916,171.02649006622514,353.46260387811634,159.84126984126982,130.56338028169012,608.6580086580086,942.6751592356688,3.496466103689334,2.9620705494525423
DBH,DBH Finance PLC,40.9,0.2450980392156898,0.0,-5.760368663594471,6.2337662337662305,11.141304347826091,16.857142857142854,1.2376237623762376,-49.28205038294677,-40.204050330259605,19.26274729901923,2.6551214187697942,2.7595904274863234
DBH1STMF,DBH First Mutual Fund Units,5.3,0.0,5.9999999999999964,-13.114754098360654,15.21739130434783,20.45454545454544,-18.461538461538463,-7.017543859649129,-36.14457831325302,-15.873015873015873,-28.378378378378386,5.703812003756511,5.051989689521745
DELTALIFE,Delta Life Insurance Company Ltd.,75.1,0.0,-2.2135416666666705,-8.526187576126675,-1.184210526315797,5.6258790436005635,10.766961651917402,-16.55555555555556,-46.01006470165349,-23.44546381243629,-97.76918324184311,2.065701226441649,2.85001431808293
DELTASPINN,Delta Spinners Limited,7.2,0.0,0.0,-9.999999999999998,4.347826086956519,24.137931034482765,44.00000000000001,26.31578947368421,-41.935483870967744,11.69230754911243,-54.04460306619169,5.772660179899347,4.543764100702379
DESCO,Dhaka Electric Supply Co. Ltd.,22.6,-0.8771929824561372,-2.586206896551715,-14.393939393939384,-3.004291845493559,4.62962962962963,10.243902439024398,-10.31746031746031,-45.67307692307692,-58.53211009174312,-66.00286524452005,5.161100530160845,3.6521735738743226
DESHBANDHU,Deshbandhu Polymer Limited,18.4,-0.5405405405405482,-3.157894736842113,-19.298245614035096,-7.5376884422110555,17.197452229299362,8.23529411764705,-13.615023474178415,-22.68907563025211,77.54385954010463,-15.022815868232769,3.2592686422935797,3.906817652902308
DGIC,Desh General Insurance Company Ltd,30.4,-0.32786885245902103,-3.1847133757961785,-13.142857142857146,13.011152416356879,52.76381909547739,54.31472081218274,27.196652719665273,-38.46153846153846,102.66666666666666,102.66666666666666,4.990331033044345,4.899311147308838
DHAKABANK,Dhaka Bank PLC,11.9,0.8474576271186409,-0.8333333333333304,-1.6528925619834653,3.4782608695652204,-8.46153846153846,5.309734513274333,0.0,-5.394999908233146,16.351977003123658,-7.081311322786629,1.7704030764848246,2.024000566925684
DHAKAINS,Dhaka Insurance Limited,44.4,0.0,0.4524886877827958,-5.128205128205125,-0.44843049327354895,19.354838709677406,23.33333333333333,10.723192019950117,-47.142857142857146,165.8682634730539,-6.847058898051766,3.9874872204154856,4.68361714302802
DOMINAGE,Dominage Steel Building Systems Ltd,61.6,7.504363001745208,-3.5993740219092287,-26.227544910179642,-25.51390568319226,68.30601092896174,113.14878892733566,215.89743589743588,83.22946218719677,365.6959992083168,365.6959992083168,5.725467176237629,5.19310756623498
DOREENPWR,Doreen Power Generations & Systems Ltd.,31.1,0.6472491909385205,-3.4161490683229854,-10.888252148997127,-1.8927444794952615,17.803030303030315,10.28368794326242,-2.201257861635218,-56.36259480089474,-2.3440028303659592,-21.76669561201662,2.9571692527612035,3.3399601599731508
DSHGARME,Desh Garments Limited.,161.8,-3.1717534410532515,-6.528018486424022,-2.4125452352231602,2.4050632911392475,52.78564683663834,39.00343642611684,16.486681065514762,-17.218604733944183,55.42274699968828,1485.9877772078123,6.253020441083695,5.253398360769339
DSSL,Dragon Sweater & Spinning Ltd.,11.6,2.6548672566371585,0.0,-17.73049645390071,20.833333333333336,38.09523809523809,36.47058823529411,3.5714285714285747,-41.86818153829032,116.75492553519072,27.73443218713886,5.4070318105782125,4.871121857071819
DULAMIACOT,Dulamia Cotton Spinning Mills Limited,176.9,-1.2834821428571335,-8.767405879319236,-18.10185185185185,15.620915032679742,45.59670781893005,31.037037037037045,26.447462473195138,115.73170731707317,2197.402597402597,1822.826086956522,7.997029116100205,6.005983038056466
DUTCHBANGL,Dutch-Bangla Bank PLC,44.1,-0.2262443438914059,-4.130434782608693,-9.999999999999998,11.363636363636363,12.939024672591467,19.96114019627591,8.952941435394056,-13.269991459406953,109.1733065527247,92.94434301230537,3.2648189711224074,2.3677131473234616
EASTERNINS,Eastern Insurance PLC,58.1,-0.8532423208191127,-3.648424543946925,-8.934169278996858,-7.631160572337039,14.5956607495069,15.968063872255488,5.8287795992714075,-54.60937500000001,155.94713656387668,59.178082191780824,5.242143061605227,4.7160954714349375
EASTLAND,Eastland Insurance PLC,28.8,3.597122302158273,2.85714285714286,-5.2631578947368345,11.627906976744185,39.1304347826087,54.01069518716579,28.000000000000004,-35.71428571428571,101.7227987133722,-18.933794499160243,3.846004561405099,3.895454794569043
EASTRNLUB,Eastern Lubricants Blenders PLC,2036.8,-1.313048112796169,9.305570462595247,-2.995666047530593,7.482849604221634,34.309264754368606,22.624924744130038,19.064691532501957,94.10363567816167,250.52764136186056,1594.3629863878054,3.055395250794639,2.6448376403448743
EBL,Eastern Bank PLC,23.7,-0.4201680672268967,-5.200000000000002,-2.8688524590163906,-5.200000000000002,-8.229323633608074,0.0450815801534551,-4.270588608826528,-1.8869547951223298,69.88316084190447,79.29124672294182,0.968159415664998,1.2949033316428724
EBL1STMF,EBL First Mutual Fund Units,4.1,0.0,0.0,-22.641509433962266,10.810810810810795,13.888888888888877,32.25806451612902,-2.3809523809523934,-56.8421052631579,6.183439817194579,-40.20195767851895,5.17131242740999,5.374358436389021
EBLNRBMF,EBL NRB Mutual Fund,3.4,0.0,0.0,-17.07317073170731,9.677419354838703,25.925925925925913,47.82608695652175,3.030303030303033,-51.42857142857143,-10.598085058838285,-50.511073454437025,5.573465749936343,5.746338554388091
ECABLES,Eastern Cables Ltd.,131.0,0.0,-1.057401812688826,-6.894100923951663,8.17506193228737,13.91304347826087,16.8599464763604,-5.278380332610276,-20.557913887204368,-4.512048384437268,215.75697147060487,5.8732238524315346,4.118741214866051
EGEN,eGeneration PLC,24.1,0.8368200836820203,-2.4291497975708416,-12.043795620437946,-6.225680933852131,18.137254901960798,21.71717171717172,-16.89655172413793,-62.63565891472868,60.66666666666667,60.66666666666667,3.862698128341387,2.8640724923459437
EHL,Eastern Housing Ltd.,87.2,-1.1337868480725624,-4.907306434023991,-9.730848861283635,-3.111111111111108,13.394018205461634,19.12568306010929,-3.111111111111108,32.5227963525836,160.11363701392045,123.05800573327784,3.8565922864411624,2.7638398636409116
EIL,Express Insurance Ltd.,31.6,0.9584664536741236,0.9584664536741236,-8.139534883720922,7.482993197278922,18.796992481203006,12.05673758865249,-8.933717579250724,-21.782178217821777,110.66666666666669,110.66666666666669,4.137209901408552,4.103633091069821
EMERALDOIL,Emerald Oil Industries Ltd.,28.8,0.3484320557491339,-0.6896551724137907,-3.0303030303030254,17.073170731707314,77.7777777777778,100.0,44.72361809045228,-16.034985422740515,-17.284595375849587,-32.98461552251243,3.871527930555861,4.441126196714906
ENVOYTEX,Envoy Textiles Ltd.,66.7,6.379585326953747,11.352253756260442,17.017543859649127,33.667334669338686,34.747474747474755,37.52577319587629,25.84905660377359,64.69135802469137,98.8615423562708,48.85878499354687,4.877750876463295,5.154713592494503
EPGL,Energypac Power Generation PLC,17.8,1.1363636363636322,-1.6574585635359154,-14.009661835748787,-3.26086956521738,8.536585365853673,14.10256410256411,-21.585903083700437,-68.27094474153297,-61.72043010752688,-61.72043010752688,3.7516671308231406,3.9281906903431985
ESQUIRENIT,Esquire Knit Composite PLC,25.1,0.8032128514056338,-6.691449814126384,-5.283018867924523,4.583333333333339,25.500000000000007,21.844660194174757,-6.691449814126384,-34.9740932642487,-46.93446088794925,-46.93446088794925,4.415890319380644,2.952800124719738
ETL,Evince Textiles Ltd.,13.6,7.086614173228349,6.249999999999991,-5.555555555555561,20.353982300884944,44.68085106382978,35.99999999999999,21.428571428571434,3.816793893129771,32.067261724328944,4.193769336706834,7.259661183952701,4.923403781072462
EXIM1STMF,EXIM Bank 1st Mutual Fund 2013- Units,6.9,1.4705882352941255,21.05263157894737,0.0,91.66666666666667,137.93103448275863,146.42857142857144,64.28571428571428,-11.538461538461531,31.61750070448267,-11.493439612831967,5.955616963681482,6.038186176809581
FAMILYTEX,Familytex (BD) Ltd.,2.4,0.0,-4.0000000000000036,-20.000000000000004,-17.24137931034483,-29.411764705882355,84.6153846153846,26.315789473684212,-60.65573770491804,-66.52650575419617,-92.67115103137316,7.811594202898558,8.250038153239093
FARCHEM,FAR Chemicals Industries Ltd,15.7,6.802721088435375,-6.547619047619055,-37.698412698412696,-14.673913043478258,15.441176470588234,8.275862068965512,-32.327586206896555,-4.848484848484853,-7.125777666328709,-30.344333249746537,7.130955115017288,7.177884772707602
FAREASTLIF,Fareast Islami Life Insurance Company Limited,19.0,-2.0618556701030855,-2.0618556701030855,-15.555555555555555,-14.798206278026909,-13.242009132420087,-8.653846153846157,-42.42424242424242,-71.51424287856072,-62.438220606835685,-75.83815021639212,6.357117754433015,5.29613068832577
FBFIF,First Bangladesh Fixed Income Fund Units,3.5,2.941176470588238,2.941176470588238,-14.634146341463408,16.666666666666668,20.689655172413797,34.615384615384606,6.060606060606066,-41.666666666666664,-34.61111118563369,-53.336565802747046,5.478991596638661,6.090972255239352
FEDERALINS,Federal Insurance PLC,28.3,0.35460992907801925,-0.7017543859649098,-4.713804713804709,5.597014925373134,40.099009900990104,47.39583333333334,21.459227467811157,-31.80722891566265,201.744098374837,46.60754798972863,4.037208996888518,4.287158284896874
FEKDIL,Far East Knitting & Dyeing Industries PLC.,22.8,7.042253521126761,-2.9787234042553163,-12.643678160919542,48.05194805194805,64.02877697841727,60.56338028169015,19.371727748691097,31.791907514450866,23.55912729490392,-4.162471888535879,7.364157094141962,6.442739957310566
FINEFOODS,Fine Foods Limited,446.5,0.7900677200902935,-5.422579961872489,-2.297592997811816,-20.509168595335595,-3.605354058721932,17.438190426091534,52.02587674497788,636.7986798679868,5424.017279645668,2796.832102137735,3.204462296377306,4.226018733803755
FIRSTFIN,First Finance Ltd.,4.4,-4.347826086956506,-4.347826086956506,-19.999999999999996,4.761904761904766,-27.868852459016384,76.00000000000001,57.14285714285717,-50.0,-26.36875008893274,-87.08088770512603,10.418313570487486,9.704345982481968
FORTUNE,Fortune Shoes Ltd.,16.8,2.4390243902439157,3.067484662576687,-15.15151515151515,15.06849315068494,18.309859154929587,20.86330935251799,-3.999999999999996,-71.50461523972731,-35.98549809377197,-35.98549809377197,5.471196115430039,4.25680194001552
FUWANGCER,Fu-Wang Ceramic Industry Ltd.,14.1,0.7142857142857117,0.7142857142857117,-17.058823529411768,4.444444444444442,24.77876106194689,22.608695652173907,-3.4246575342465753,-43.82470119521913,27.667346513999323,-7.426861383789637,3.700399112758476,4.297125353410006
FUWANGFOOD,Fu-Wang Foods Limited,9.8,0.0,1.0309278350515612,-23.4375,-10.091743119266052,-4.854368932038835,-12.499999999999988,-38.36477987421384,-56.82819383259911,-3.37925952435794,-41.17501994869121,5.616922724863111,4.742839587965821
GBBPOWER,GBB POWER Ltd.,13.8,6.153846153846159,2.985074626865674,21.05263157894737,60.46511627906978,66.26506024096385,115.625,94.3661971830986,-70.76271186440678,4.2446045377853245,-47.763322900428605,6.281539884371568,9.550852638958329
GEMINISEA,Gemini Sea Food PLC,110.4,-2.902374670184694,-3.1578947368421004,-10.53484602917342,-10.17087062652563,-2.987697715289975,-19.239209948792965,-42.19895287958115,17.3899999429893,-10.641981203055586,523.0910499472494,5.206736069267347,3.60837592531923
GENEXIL,Genex Infosys PLC,35.5,1.4285714285714286,-0.28089887640449834,-13.414634146341463,0.0,36.53846153846154,31.97026022304833,22.837370242214536,-67.92299841422978,6.097718553501302,6.097718553501302,4.066972508132165,3.8294111846811405
GENNEXT,Generation Next Fashions Ltd.,3.0,0.0,-6.250000000000005,-9.090909090909086,-3.225806451612906,-14.285714285714286,11.111111111111104,0.0,-62.5,-45.820895594357324,-86.5338710464558,6.8353726362625125,5.72277979836344
GHAIL,Golden Harvest Agro Industries Ltd.,13.4,0.7518796992481176,0.0,-17.283950617283946,-1.4705882352941124,20.720720720720728,25.233644859813097,-2.1897810218978027,-39.91031390134529,-5.8318454091441705,-63.67620387167331,4.197907831495617,4.079699099908664
GHCL,Global Heavy Chemicals Ltd.,20.8,1.4634146341463448,-4.587155963302752,-15.102040816326529,0.9708737864077635,8.90052356020942,4.522613065326644,-19.066147859922175,-52.94117647058823,-48.641975308641975,-74.78787878787878,6.2853931195455885,4.937027242033233
GLDNJMF,ICB AMCL CMSF GOLDEN JUBILEE MUTUAL FUND,8.0,-1.2345679012345634,-2.439024390243894,-20.79207920792079,26.984126984126988,35.593220338983045,31.147540983606564,9.589041095890414,-27.272727272727273,-27.272727272727273,-27.272727272727273,5.485980821346683,5.893700444862322
GLOBALINS,Global Insurance PLC,45.5,1.336302895322943,3.409090909090909,-1.3015184381778773,21.65775401069519,67.89667896678965,78.43137254901961,55.821917808219176,-24.91749174917492,381.7006282513218,92.0967825438001,4.632576757382769,4.954899551927643
GOLDENSON,Golden Son Limited,13.6,0.0,-5.555555555555561,-20.000000000000004,-16.04938271604938,34.65346534653465,34.65346534653465,-1.4492753623188481,-28.42105263157895,-38.46153846153847,-65.65656565656566,4.2720683618161495,4.246491936658764
GP,Grameenphone Ltd.,242.1,-0.7380073800738054,-0.8599508599508576,-6.525096525096527,-1.5853658536585389,-5.096040768326147,-6.884615384615387,-20.492610837438427,-36.45669291338583,-9.664179104477613,41.08391608391609,1.2504804439731103,1.1636551673507332
GPHISPAT,GPH Ispat Limited,16.9,1.807228915662633,-2.873563218390805,-12.435233160621774,-6.111111111111119,3.6809815950920113,4.968944099378864,-20.657276995305175,-66.86553094024649,-17.796359558861443,-9.753718608304277,4.322796267371537,3.28156143197833
GQBALLPEN,G.Q. Ball Pen Industries Limited,554.6,1.94852941176471,-2.633426966292135,-0.9642857142857102,-21.7771509167842,9.453325439115854,23.87759660486934,19.39720129171152,295.01424501424503,666.0220994475138,308.8397423632244,4.7231545755868884,4.520147082424099
GRAMEENS2,Grameen Mutual Fund One - Grameen Two Units,11.9,0.0,-9.84848484848484,-17.931034482758616,-3.252032520325206,-5.55555555555555,9.174311926605505,-10.526315789473685,-33.51955307262569,10.50000019732143,-35.01187221959388,2.686006424036518,2.886209259980062
GREENDELMF,Green Delta Mutual Fund 2010 Units,4.4,-2.2222222222222143,7.317073170731725,-19.999999999999996,22.22222222222223,41.93548387096775,46.66666666666668,15.789473684210542,-46.341463414634134,-30.15873015873015,-38.888888888888886,6.850649350649345,6.584966795671234
GREENDELT,Green Delta Insurance PLC,67.3,1.355421686746975,2.4353120243531117,-6.0055865921787674,3.858024691358025,26.26641651031895,25.559701492537304,26.503759398496232,-42.28130360205832,83.24860188906737,29.097610402253142,5.022676400079563,4.542133408438918
GSPFINANCE,GSP Finance Company PLC,3.7,0.0,-2.631578947368412,-24.48979591836735,-2.631578947368412,-40.32258064516129,131.25,19.35483870967742,-84.34230415893704,-61.31720394698884,-74.56313107440981,6.338910338910328,7.677913047251024
HAKKANIPUL,Hakkani Pulp & Paper Mills PLC,70.4,0.14224751066857544,-4.7361299052774015,-13.619631901840485,-10.546378653113084,2.1770682148040637,3.9881831610044354,-18.139534883720923,-22.63736263736263,38.31041257367389,278.494623655914,4.247922632597418,3.344535128664872
HAMI,Hami Industries PLC,138.9,-4.993160054719551,-10.387096774193546,-21.034678794769754,-13.565650280024881,-9.805194805194802,29.089219330855027,35.51219512195122,-20.58319039451115,-20.58319039451115,-20.58319039451115,5.873828830171203,4.074865514379935
HEIDELBCEM,Heidelberg Materials Bangladesh PLC,210.8,0.524558893657617,-0.5660377358490513,-6.725663716814155,-13.959183673469385,-6.5602836879432544,-3.700319780721788,-17.07317073170731,-41.78403755868545,-60.37593984962406,-20.15151515151515,3.5033306905666968,2.986200557408022
HFL,Hamid Fabrics PLC,13.4,0.0,-5.633802816901401,-11.25827814569536,-13.548387096774192,69.62025316455696,106.15384615384616,63.414634146341484,-38.81278538812784,-22.543352601156073,-76.58901824634621,6.684009472951859,5.484831172231145
HRTEX,H.R. Textile Mills Ltd.,17.5,0.0,-8.376963350785347,-16.666666666666668,-16.666666666666668,-10.71428571428572,-4.371584699453556,-37.27598566308243,-75.57106601495867,-15.570175531173057,-37.99846615858037,5.5309237265428335,4.052618171618396
HWAWELLTEX,Hwa Well Textiles (BD)PLC,46.7,1.5217391304347887,1.0822510822510822,-8.070866141732273,8.352668213457079,3.777777777777784,4.708520179372201,-2.3012552301255114,0.21459227467811462,47.784810126582286,16.750000000000007,3.4471060255607764,3.5803281915335994
IBNSINA,BN SINA Pharmaceutical Industry PLC,313.8,-0.1590836780146357,-0.22257551669316014,-2.5163094128611267,-0.3809523809523773,-1.3827781269641664,-0.3809523809523773,-3.446153846153843,12.071428571428575,61.67189789237269,423.8666102690371,1.561788824431553,1.3276399768478935
IBP,Indo-Bangla Pharmaceuticals Ltd.,16.3,0.0,-4.678362573099419,-18.905472636815922,10.135135135135135,27.34375,45.5357142857143,13.194444444444446,-26.685589787616422,-37.779966318051265,-37.779966318051265,6.64999769183046,5.103591848762294
ICB,Investment Corporation of Bangladesh,40.9,2.2499999999999964,-4.662004662004662,-11.47186147186148,-3.7647058823529447,3.022670025188906,12.054794520547942,-23.977695167286242,-68.7589603016025,-46.76850225803009,-62.60655962533184,5.37255013966947,3.538929551933935
ICB3RDNRB,ICB AMCL Third NRB Mutual Fund 2010 Units,5.4,-3.5714285714285587,-1.8181818181818117,-21.73913043478261,12.500000000000012,31.70731707317075,31.70731707317075,17.391304347826104,-22.857142857142854,22.727272727272727,-23.94366197183098,4.807899647522291,5.186278796194825
ICBAGRANI1,ICB AMCL First Agrani Bank Mutual Fund Units,7.8,-1.2658227848101333,0.0,-18.749999999999996,13.043478260869556,19.999999999999996,21.87499999999999,11.428571428571427,-17.021276595744688,-9.302325581395348,-9.302325581395348,4.15692956832197,4.713973717237331
ICBAMCL2ND,ICB AMCL Second Mutual Fund Units,7.0,-5.40540540540541,-1.4084507042253471,-25.531914893617024,14.754098360655743,18.644067796610162,25.000000000000007,20.689655172413797,-38.05309734513275,48.93617021276595,-7.894736842105259,4.501081919171266,5.549498139264024
ICBEPMF1S1,ICB Employees Provident Mutual Fund One Scheme One Units,5.7,-4.9999999999999964,-3.3898305084745792,-21.917808219178077,-17.39130434782609,18.750000000000007,67.64705882352942,18.750000000000007,-26.92307692307692,3.63636363636364,-31.325301204819283,7.807425652253237,6.706671864645586
ICBIBANK,ICB Islamic Bank Limited,2.6,0.0,-3.703703703703707,-7.1428571428571335,-3.703703703703707,-25.71428571428571,8.333333333333341,4.0000000000000036,-64.3835616438356,-33.33333333333333,-65.33333333333334,4.869230769230773,5.277908446329501
ICBSONALI1,ICB AMCL Sonali Bank Ltd 1st Mutual Fund 2013- Units,5.9,-6.349206349206341,1.724137931034492,-23.37662337662337,18.000000000000007,37.20930232558141,40.47619047619048,11.320754716981144,-32.95454545454546,-3.2786885245901525,-50.833333333333336,8.737575087914921,6.256286274966376
ICICL,Islami Commercial Insurance PLC.,36.8,0.8219178082191704,4.545454545454529,-1.8666666666666742,22.66666666666666,71.9626168224299,64.28571428571428,51.440329218106974,152.05479452054792,152.05479452054792,152.05479452054792,3.7315437185993336,3.7014475629308654
IDLC,IDLC Finance PLC.,43.1,0.4662004662004729,-1.5981735159817256,-5.482456140350877,7.750000000000003,10.37804905643293,26.410614841166193,6.232394631778171,-25.8638367458592,9.98392137142795,-8.841620244473278,2.3819784926895924,2.746902366595158
IFADAUTOS,IFAD Autos PLC,24.5,3.3755274261603407,7.45614035087719,-2.0,-0.8097165991902805,16.666666666666668,12.903225806451616,-5.769230769230769,-56.04342955090501,-50.252235501485735,39.3683621156524,3.75112021333015,3.5064334552754755
IFIC,IFIC Bank PLC,4.7,0.0,2.1739130434782727,-5.9999999999999964,4.444444444444448,-22.95081967213114,0.0,-21.66666666666666,-68.38515621038266,-36.975420105422955,-55.76382632150104,3.982423681776135,3.3494780938240947
IFIC1STMF,IFIC Bank 1st Mutual Fund Units,4.0,0.0,5.263157894736847,-18.367346938775515,14.285714285714286,37.931034482758626,60.0,17.647058823529413,-42.02898550724638,2.666666827511111,-38.02439025641093,6.462789243277055,6.629756096947381
IFILISLMF1,IFIL Islamic Mutual Fund - 1 Units,5.2,0.0,-1.886792452830182,-16.129032258064516,18.181818181818176,36.842105263157904,52.941176470588246,18.181818181818176,-19.999999999999996,-14.75409836065573,-17.460317460317455,4.152152878567981,3.9080124095792788
INDEXAGRO,Index Agro Industries Ltd,68.2,-0.2923976608187176,-5.9310344827586166,-8.945260347129508,-9.668874172185427,5.57275541795667,1.943198804185347,-14.749999786874994,-46.47982049400224,-4.519999761300001,-4.519999761300001,3.629198096660139,4.247569210270604
INTECH,Intech Ltd.,23.8,-0.4184100418409953,-0.4184100418409953,-12.82051282051282,-34.61538461538461,-36.53333333333333,-24.921135646687695,-48.59611231101511,-42.092457420924575,130.6333333201543,95.34643297840188,4.197076701869633,4.070759562948988
INTRACO,Intraco Refueling Station PLC,22.7,0.4424778761061852,0.4424778761061852,1.793721973094164,26.111111111111107,27.52808988764044,10.731707317073168,-20.629370629370637,-7.136364037365703,-51.17934484503707,-51.17934484503707,2.655509557796695,3.2111431795542016
IPDC,IPDC Finance PLC,31.2,0.0,1.6286644951140066,-1.8867924528301931,48.57142857142857,69.74093302066632,71.51832498898058,48.90909128136362,-0.6982911443912385,110.23405753836084,496.8768065268081,4.825736990607899,4.896230566266209
ISLAMIBANK,Islami Bank Bangladesh PLC,27.4,-0.3636363636363688,0.7352941176470562,-9.868421052631579,-7.118644067796615,-36.86635944700461,-16.969696969696972,-35.22458628841607,-8.053691275167793,-11.897106109324767,-29.906976814279076,2.567374141519878,2.7955503856810795
ISLAMICFIN,Islamic Finance & Investment PLC,11.2,0.0,1.8181818181818117,-9.677419354838719,1.8181818181818117,3.7037037037036904,17.894736842105257,43.589743589743584,-64.1025641025641,-8.510985924841592,-38.58591989182156,3.283809151065788,3.2678272016253573
ISLAMIINS,Islami Insurance Bangladesh Limited,58.8,-1.0101010101010124,-0.8431703204047218,-8.125000000000004,3.339191564147625,58.49056603773583,56.79999999999999,38.679245283018865,-21.49532710280375,381.23110584273627,212.21450923415986,4.914987979392518,3.7714705940677993
ISNLTD,Information Services Network Ltd.,48.7,2.310924369747902,-13.652482269503539,-18.69782971619365,-22.698412698412696,-37.96178343949044,-37.882653061224495,-56.04693140794223,-4.696673189823872,308.45161369377735,222.30545582295613,6.847405576332687,4.491018295005813
ITC,IT Consultants PLC,45.8,0.21881838074397003,-0.21786492374727978,-9.664694280078907,9.832134292565932,20.526315789473678,18.961038961038955,-4.184100418410042,0.0,40.790203287939775,55.896448267689024,2.297509295792118,3.1968160011593625
JAMUNABANK,Jamuna Bank PLC,23.7,-0.8368200836820056,-2.066115702479339,-2.066115702479339,-0.8368200836820054,-0.4201680672268967,12.322274881516575,7.239819004524876,31.476757693551374,197.13747274677354,102.52778656236116,1.3880020842598326,1.2792481743538244
JAMUNAOIL,JAMUNA OIL PLC,174.7,-0.22844089091947783,-1.0198300283286184,-5.0027188689505255,0.9243212016175588,0.46003450258768425,3.2505910165484635,-8.486118386589848,-6.427423674343868,-6.776947705442913,8.816534429808641,1.1552428608331797,1.1922456912586585
JANATAINS,Janata Insurance PLC,32.6,0.3076923076923121,-1.2121212121212077,-9.444444444444441,-11.89189189189189,29.8804780876494,34.15637860082305,20.740740740740744,-38.622068718735626,285.1450877047254,-82.56477816537239,4.201956865460555,3.866832449973658
JHRML,JMI Hospital Requisite Manufacturing Ltd,46.5,-0.21459227467811462,-4.713114754098355,-8.102766798418974,-7.0,8.64485981308412,10.189573459715632,-25.0,111.36363636363636,111.36363636363636,111.36363636363636,2.9979064606167283,3.5891527504980116
JMISMDL,JMI Syringes & Medical Devices Ltd.,132.5,-0.37593984962406013,2.0015396458814427,-6.4265536723163805,6.0,12.670068027210888,12.288135593220339,-15.118513773222292,-53.79487194272821,12.978056064802505,282.5902323434532,3.586457439161037,4.055504892215599
JUTESPINN,Jute Spinners Limited,209.7,-0.8510638297872395,-3.983516483516491,-8.387942332896468,-7.212389380530978,-4.290278411684165,7.428278688524591,-1.0382255781028866,19.828571428571422,259.0753424657534,215.33834586466162,3.678449206596949,3.8981115287561727
KARNAPHULI,Karnaphuli Insurance PLC,56.9,-0.17543859649123056,3.454545454545452,4.021937842778786,57.61772853185594,96.20689655172414,99.64912280701755,70.35928143712574,18.29521829521829,450.2828976330679,108.44576895974056,7.3840876107310125,5.829650103036873
KAY&QUE,Kay and Que (Bangladesh) Ltd.,362.1,-1.227495908346972,-8.329113924050628,-13.970064148253732,-22.793176972281447,-19.977900552486183,-4.054054054054042,4.670302302309997,27.060362332634945,1274.7514611378474,1723.0399810440097,4.408124663697458,3.14194129512048
KBPPWBIL,Khan Brothers PP Woven Bag Industries Ltd,30.9,-0.6430868167202664,-10.434782608695656,-22.1662468513854,-35.084033613445385,-38.07615230460922,-35.62500000000001,-78.08510638297872,103.28947368421053,57.20374996816625,-7.684606671873866,5.8048295094263604,4.352831643026372
KDSALTD,KDS Accessories Ltd.,45.5,1.336302895322943,-1.5151515151515211,-10.25641025641026,-6.762295081967208,16.368286445012785,10.705596107055959,-2.777777777777772,-24.64511022170741,-13.835579813769213,-12.801606866384917,3.9643863974622855,2.7509889064713735
KEYACOSMET,Keya Cosmetic Ltd.,5.0,-1.9607843137254832,-5.660377358490563,-12.280701754385968,4.1666666666666705,-5.660377358490563,11.11111111111111,6.382978723404252,-50.495049504950494,-32.68000027585043,-68.01170468615354,5.7335423574364475,4.899810322745887
KOHINOOR,Kohinoor Chemical Company (Bangladesh) PLC,532.8,0.056338028169005544,0.5093378607809719,-5.515162262812559,4.491076681702291,4.470588235294109,6.5813162632526465,5.504950388499941,75.54748539478781,316.5840305170126,1053.4268808269542,2.493329951989189,2.200340753491051
KPCL,Khulna Power Company Ltd.,10.8,0.0,-6.086956521739125,-1.8181818181818117,-2.7027027027026933,3.8461538461538494,2.857142857142864,-2.7027027027026933,-79.38931297709922,-80.96153847923446,-75.00200397129554,4.91418996253069,4.945899868037669
KPPL,Khulna Printing & Packaging Ltd,12.9,-2.272727272727265,-5.147058823529407,-15.686274509803923,-23.214285714285715,-18.354430379746837,-19.374999999999996,-23.66863905325443,-21.818181818181813,35.789473684210535,-62.55936679314471,5.569164170420325,3.8467611512202122
KTL,Kattali Textile Ltd.,11.8,1.7241379310344922,-6.34920634920634,-0.8403361344537785,15.686274509803937,28.260869565217405,1.724137931034492,-15.71428571428571,-63.69230769230769,-38.31904039050462,-38.31904039050462,6.098508128380329,4.855840956175322
LANKABAFIN,LankaBangla Finance PLC,15.2,0.0,-2.5641025641025665,-15.083798882681561,4.109589041095888,-1.9354838709677464,23.577235772357714,-12.13872832369943,-63.10679611650486,-16.654041307522668,-46.91503573599993,3.5486401282701014,3.736600330633433
LEGACYFOOT,Legacy Footwear Ltd.,73.4,0.410396716826281,5.916305916305929,-3.6745406824146944,0.8241758241758359,37.45318352059927,35.42435424354244,-0.4070556309362241,-7.088607594936701,199.5193536623716,368.71898967297375,3.062923990152269,3.359941720723421
LHB,LafargeHolcim Bangladesh PLC,52.7,-0.9398496240601504,-0.7532956685499032,-10.221465076660987,-1.495327102803733,2.3300970873786464,11.889596602972402,-5.555555555555546,-34.534161490683225,-32.26221079691516,625.1048137288358,2.5432524065268756,2.284059476573628
LIBRAINFU,Libra Infusions Ltd.,585.5,0.49776862341228584,-3.2231404958677685,-7.983655508407977,-10.610687022900763,-6.214960756046765,-7.940251572327044,-26.296576032225577,-6.767516389729296,63.39534867457393,397.12264099355195,3.0320408022165806,2.7851786821253954
LINDEBD,Linde Bangladesh Limited,684.1,-0.5234840773593169,-1.1416184971098233,-5.367270715174984,-2.2714285714285682,-13.623737373737372,-9.868247694334649,-28.019781144781142,-53.175906913073234,-51.64345797695624,32.70611057225995,0.8544733640988805,1.011658591150696
LOVELLO,Taufika Foods and Lovello Ice-cream PLC,47.0,4.2128603104212825,-12.149532710280374,-32.857142857142854,-35.5281207133059,-31.4868804664723,-31.0850439882698,-52.27272715340909,55.991379568537454,261.900000474089,261.900000474089,7.911130641256319,5.582005619811168
LRBDL,Lub-rref (Bangladesh) Ltd,14.0,1.4492753623188355,-4.109589041095888,-14.110429447852763,22.807017543859644,40.0,41.414141414141405,-6.04026845637584,-73.23135755258126,-65.4320987654321,-65.4320987654321,4.328951245951633,3.6893664967218944
LRGLOBMF1,LR Global Bangladesh Mutual Fund One Units,4.2,0.0,5.000000000000004,-19.23076923076923,20.000000000000004,40.00000000000001,50.000000000000014,16.666666666666668,-52.80898876404494,-33.33333333333333,-54.347826086956516,5.707752613240418,6.218264868371958
MAGURAPLEX,Magura Multiplex PLC,82.1,-0.6053268765133173,-3.0696576151121704,-11.720430107526887,-6.704545454545461,1.2330456226880395,-2.145411203814078,-27.28077945084146,-62.977870727406426,359.4196870720159,359.4196870720159,3.6874770796018574,3.139294527809964
MAKSONSPIN,Maksons Spinning Mills PLC,6.1,1.6666666666666607,-1.6129032258064602,-4.687500000000011,1.6666666666666607,0.0,29.787234042553177,-12.857142857142861,-79.93421052631578,-9.788732235543552,-62.21769645006593,6.352662570404508,5.149502485242567
MALEKSPIN,Malek Spinning Mills PLC,49.5,4.430379746835446,4.430379746835446,9.271523178807954,68.36734693877553,83.33333333333333,71.280276816609,41.025641025641015,32.0,200.0,98.0,7.441677120752637,4.876814113598415
MARICO,Marico Bangladesh Limited.,2680.4,-0.4456990046055564,-1.165191740412976,-1.8060592739128742,-2.8805391499692017,-3.1997110870350274,1.0289849609890387,-8.468788416882939,13.475297404851624,119.34533551554829,613.8215712383488,1.3760433167626864,0.7043888386233697
MATINSPINN,Matin Spinning PLC,64.5,4.707792207792205,4.878048780487805,4.707792207792206,29.778672032193153,37.526652452025594,38.70967741935484,17.059891107078037,1.5748031496062993,60.44776119402984,43.333333333333336,3.508103537229363,3.8195809911252647
MBL1STMF,MBL 1st Mutual Fund 2010- Units,9.5,2.1505376344085945,20.25316455696202,18.75,150.0,137.5,179.41176470588235,106.52173913043481,14.457831325301195,50.7936507936508,37.681159420289845,5.800885313623748,5.8390941403183865
MEGCONMILK,Meghna Condensed Milk Industries Ltd.,34.5,2.3738872403560745,-6.249999999999993,-2.816901408450704,-21.412300683371296,0.2906976744186088,139.58333333333334,77.83505154639177,27.77777777777778,372.6027397260274,263.1578947368421,7.584602645701879,5.682582897323425
MEGHNACEM,Meghna Cement Mills PLC,29.0,-1.694915254237288,-0.6849315068493127,-10.76923076923077,-14.705882352941176,-12.121212121212121,-1.0238907849829375,-40.816326530612244,-66.76126212796729,-64.78081114722129,-60.73926488558334,5.415846960582501,4.140107754453865
MEGHNAINS,Meghna Insurance PLC,36.5,0.8287292817679479,-1.8817204301075343,-8.291457286432154,10.271903323262835,30.357142857142858,29.893238434163695,31.76895306859206,231.8181818181818,231.8181818181818,231.8181818181818,4.68140586284617,4.648669340886432
MEGHNALIFE,Meghna Life Insurance PLC,53.6,-0.18621973929236763,-3.597122302158273,-13.826366559485532,-8.532423208191126,1.707779886148005,5.511811023622056,-22.31884057971014,-37.16033389440624,52.77725297017848,-17.702117019456544,4.313166251824718,4.202578807274292
MEGHNAPET,Meghna Pet Industries Ltd.,63.4,-3.20610687022901,-23.52231604342582,-22.77710109622411,-24.523809523809526,129.71014492753622,190.82568807339445,124.82269503546101,67.72486772486774,939.344262295082,890.625,9.303168993344451,6.363775832500097
MERCANBANK,Mercantile Bank PLC,6.7,-2.898550724637684,-5.633802816901401,-9.459459459459461,-6.944444444444445,-20.23809523809524,-9.459459459459461,-28.72340425531915,-57.28750013667999,2.6701209962472334,-35.242171868105146,3.594108789760962,2.7920930881805592
MERCINS,Mercantile Islami Insurance PLC,43.8,6.5693430656934195,6.310679611650471,-6.6098081023454185,22.346368715083802,82.49999999999999,71.76470588235293,65.9090909090909,-20.508166969147013,242.18749999999994,58.75728203840412,5.610835752070711,4.775092983443758
METROSPIN,Metro Spinning Ltd.,10.2,-1.9230769230769333,-4.672897196261682,9.677419354838694,7.368421052631572,4.0816326530612095,19.999999999999993,-11.304347826086962,-65.89171965995223,41.87272714762131,-32.127751363543666,6.991697296682109,5.218392435204106
MHSML,Mozaffar Hossain Spinning Mills Ltd.,20.5,2.5,-0.9661835748792237,-13.502109704641349,-4.205607476635508,19.883040935672508,51.851851851851855,15.819209039548026,-17.338709677419356,25.289538240376896,-17.15229308330243,5.337915163123645,4.15612290551692
MIDASFIN,MIDAS Financing PLC,5.3,1.9230769230769162,-7.017543859649129,-15.873015873015873,-8.620689655172415,-26.388888888888893,17.777777777777775,-22.058823529411764,-74.86854459987707,-62.029610864084866,-78.4566705157998,4.651251526251531,4.434736489367996
MIDLANDBNK,Midland Bank PLC,16.8,-0.5917159763313483,-1.17647058823529,-10.160427807486624,12.000000000000004,3.067484662576687,-1.7543859649122846,-11.57894736842105,92.26666595528,92.26666595528,92.26666595528,2.4087553577908403,2.8821850374014906
MIRACLEIND,Miracle Industries Limited,27.8,-0.35842293906809275,1.0909090909090935,-9.446254071661235,-2.112676056338021,-5.442176870748292,-12.578616352201257,-18.235294117647054,-36.38443935926774,24.426081008846086,201.63603828293424,3.255459619770775,3.287780988751607
MIRAKHTER,Mir Akhter Hossain Ltd,33.6,-0.5917159763313483,-2.890173410404624,-22.401847575057726,-23.287671232876704,26.792452830188683,21.73913043478261,2.4390243902439157,-65.36082474226804,-58.51851851851852,-58.51851851851852,4.190216625172136,3.722346944639838
MITHUNKNIT,Mithun Knitting & Dyeing (CEPZ) Ltd.,13.7,-0.7246376811594305,-5.51724137931035,-4.195804195804206,-10.45751633986929,-17.964071856287426,-6.164383561643838,-27.89473684210527,-44.979919678714865,-78.62158639142994,-73.75879920400001,6.304781306134325,7.377952592565181
MJLBD,MJL Bangladesh PLC,90.3,-0.6600660066006694,-1.6339869281045751,-4.34322033898306,0.0,-0.9868421052631641,0.33333333333333015,-7.951070336391435,-7.857142857142859,-17.19213953476848,58.65208310317763,1.458766275648297,1.4708040733965595
MLDYEING,M.L. Dyeing & Textile Ind. PLC,12.4,5.0847457627118615,-6.060606060606053,-28.32369942196532,25.252525252525253,44.186046511627914,47.61904761904762,25.252525252525253,-61.490683229813676,79.67600075859207,79.67600075859207,7.275023981406082,7.713383545008464
MONNOAGML,Monno Agro & General Machinery Ltd.,314.5,-1.9332709697536605,-3.0816640986132513,-11.082838563754592,-12.395543175487465,-7.5,-14.884979702300406,-24.216867469879517,-25.255194939774277,735.0313920161551,2429.021976645316,3.6763834953472694,3.0600726684334063
MONNOCERA,Monno Ceramic Industries Limited.,81.4,-0.1226993865030605,-1.927710843373487,-14.764397905759157,-17.77777777777777,0.6180469715698392,-0.48899755501221454,-15.9090909090909,-49.44099378881987,214.54217011114935,375.30816809449243,2.950969199301814,2.8590609848391235
MONNOFABR,Monno Fabrics Ltd.,21.3,2.4038461538461537,-3.1818181818181785,-13.765182186234814,-7.391304347826084,-3.6199095022624466,-0.4672897196261583,1.9138755980861348,-9.745762711864408,-9.745762711864408,-9.745762711864408,5.239153816588892,4.453783423540241
MONOSPOOL,Monospool Bangladesh PLC,107.0,-0.27958993476234595,0.09354536950420422,-9.245122985581004,-5.225863596102751,18.23204419889503,12.988384371700104,3.8396621357383927,-44.526639567417526,123.72727182219421,123.72727182219421,2.5934730325629487,2.8346119850600036
MPETROLEUM,Meghna Petroleum PLC,205.2,-0.09737098344694112,-1.298701298701307,-4.691128657686959,-2.285714285714291,3.1674208144796294,6.486766995329528,-1.8181818181818237,0.5882352941176415,14.572864321608039,43.770700493171965,1.3852158050478693,1.09263591352784
MTB,Mutual Trust Bank PLC,13.2,-1.4925373134328437,0.0,-1.4925373134328437,18.272000378470395,31.41333421175847,34.61853746233447,28.35721018112471,5.955791154999829,121.72529850079061,171.76302830516528,2.7202776885567204,2.4944652284463826
NAHEEACP,Nahee Aluminum Composite Panel PLC,33.9,0.5934718100890081,10.42345276872964,-7.123287671232879,-11.948051948051951,61.428571428571416,83.24324324324323,29.389312977099234,-36.03773584905661,-46.21283103435113,-46.21283103435113,6.152220776580943,4.915500106003234
NATLIFEINS,National Life Insurance PLC,96.0,0.7345225603357848,0.10427528675703265,-8.571428571428571,-4.477611940298507,-0.7238883143743566,2.3454157782516023,-26.153846153846153,-60.06655574043261,-21.677977024906824,-29.329156330369923,2.5654702638989484,2.450852557991792
NAVANACNG,Navana CNG Limited,20.2,-1.9417475728155442,-2.4154589371980677,-13.304721030042924,-4.716981132075472,0.0,-5.164319248826297,-12.173913043478263,-46.59352490917366,-50.72898205294927,-65.73769199981912,4.1050855149067225,2.627617805906123
NAVANAPHAR,Navana Pharmaceuticals PLC,66.3,0.30257186081694837,1.5313935681470139,-7.012622720897616,-6.223479490806231,12.947189097103909,26.526717557251906,6.9354838709677376,151.13636363636365,151.13636363636365,151.13636363636365,3.1108046511390675,2.7638181792825294
NBL,National Bank PLC,3.4,0.0,-2.85714285714286,-10.526315789473683,-10.526315789473683,-37.037037037037045,6.249999999999991,-8.108108108108116,-60.465116279069754,-39.1012915733026,-68.13475098527209,3.638655462184878,3.8701010671377762
NCCBANK,National Credit and Commerce Bank PLC,14.8,-0.671140939597313,-1.3333333333333286,-4.51612903225806,-7.499999999999996,20.250055179744077,26.163992403754683,27.206670005417738,7.057782115900568,110.34296942758886,34.3505142698488,2.4468621885840447,1.999302030644949
NCCBLMF1,NCCBL Mutual Fund-1 2012- Dividend Units,6.4,0.0,4.918032786885258,-13.513513513513512,52.38095238095239,52.38095238095239,60.00000000000001,25.490196078431385,-26.436781609195393,1.5873015873015959,-46.666666666666664,7.411422527763088,6.556716779491959
NEWLINE,New Line Clothings Ltd.,5.7,1.7857142857142954,-8.064516129032258,-19.71830985915492,3.63636363636364,-1.7241379310344767,42.50000000000001,-9.523809523809518,-81.49350649350649,-77.15924497585766,-77.15924497585766,6.938311688311689,6.31535113093893
NFML,National Feed Mill Ltd,16.4,1.8633540372670632,0.0,-21.153846153846164,0.6134969325153243,13.103448275862059,16.312056737588644,62.376237623762364,-50.555223892995116,15.936404533084565,-41.205524991528556,5.678490311080444,5.089042087228561
NHFIL,National Housing Finance PLC,27.3,0.7380073800737981,1.8656716417910448,-9.302325581395351,5.405405405405414,17.672413793103452,21.333333333333336,0.0,-53.078125046921876,-1.0988025918275308,-10.606572130158746,3.706443519694526,3.7709156415753373
NITOLINS,Nitol Insurance PLC,53.3,1.3307984790874443,15.367965367965354,42.513368983957214,52.28571428571428,87.01754385964911,89.67971530249108,89.67971530249108,-7.342715000144877,232.2309380983034,123.7523332189097,5.819723315132404,5.2114434593532675
NORTHERN,Northern Jute Manufacturing Co. Ltd.,102.1,0.19627085377820278,-1.8269230769230824,-9.565987599645714,-10.438596491228074,-14.91666666666667,19.69519343493552,-9.485815602836881,-72.50201992997577,-57.56148233786309,580.6666712044445,4.636855619007259,4.598716744779674
NORTHRNINS,Northern Islami Insurance PLC,38.2,0.2624671916010536,1.326259946949602,-4.738154613466331,-7.367205299911715,44.28057590026979,44.28057590026979,21.545454849318197,-35.097087216383485,164.19760513529985,24.9587866621671,4.4536512128746155,5.283035288577199
NPOLYMER,National Polymer Industries PLC,31.4,0.0,0.0,-17.150395778364118,-3.384615384615389,15.01831501831501,18.045112781954877,-12.534818941504179,-53.61890694239291,-27.557055836727187,117.57096985748571,3.174351393080794,3.342076472293245
NRBBANK,NRB Bank PLC,6.7,0.0,0.0,-1.4705882352941124,19.642857142857153,-4.285714285714283,9.836065573770501,-27.173913043478255,-25.555555555555554,-25.555555555555554,-25.555555555555554,2.5667118950701036,3.138162094151431
NRBCBANK,NRBC Bank PLC,8.9,2.298850574712656,3.4883720930232642,3.4883720930232642,21.91780821917809,30.882352941176478,74.50980392156865,30.882352941176478,-63.90600190616784,-30.01373754054916,-30.01373754054916,3.150470219435738,5.127501362230345
NTC,National Tea Company Limited,149.4,-3.300970873786404,-7.720815318097591,-11.335311572700293,-6.85785536159601,-6.273525721455457,-14.039125431530497,-28.413991375179677,-74.89075630252101,-72.58715596330275,-80.59740259740259,4.7360090229738265,3.8704640091827014
NTLTUBES,National Tubes Limited,63.6,-0.15698587127158778,-1.7001545595054117,-7.959479015918949,2.746365105008082,9.090909090909099,1.7600000000000022,-24.733727810650887,-45.26678141135972,-30.509880878760537,169.90365217500047,2.610493428975375,2.8107795746027713
NURANI,Nurani Dyeing & Sweater Ltd.,3.0,0.0,-11.76470588235294,-6.250000000000005,-9.090909090909086,-21.052631578947366,50.0,11.111111111111104,-72.47706422018348,-82.27108003686878,-82.27108003686878,9.164256581386727,8.534171776880054
OAL,Olympic Accessories Ltd,6.7,1.5151515151515234,1.5151515151515234,-6.944444444444445,6.349206349206355,-2.8985507246376834,17.543859649122805,-6.944444444444445,-57.594936708860764,-60.00070479952152,-72.24163198485415,4.987248046071578,3.502988525390651
OIMEX,Oimex Electrode Ltd.,14.9,2.758620689655175,-0.6666666666666643,-11.30952380952381,-2.6143790849673225,12.030075187969922,-2.6143790849673225,-40.87301587301587,-46.97508896797153,-70.11784138949668,-70.11784138949668,6.250646530186441,4.079119585606036
OLYMPIC,Olympic Industries PLC.,143.4,-0.278164116828933,-1.443298969072161,-6.701366297983072,-2.8455284552845455,-6.579804560260583,4.215116279069776,-13.35347432024169,-20.42175360710321,-50.632786761827866,94.0751892277655,1.7679315877203878,1.9284963931338344
ONEBANKPLC,One Bank PLC,7.7,1.3157894736842175,-1.2820512820512775,-3.749999999999998,-13.483146067415731,-3.749999999999998,10.000000000000002,-1.2820512820512775,-16.11052593784532,-16.11052593784532,-16.11052593784532,2.1560527192106185,2.3572797394083214
ORIONINFU,Orion Infusion Ltd.,204.3,0.1961745953898998,-9.159626500666961,-23.569023569023567,-33.690360272638756,-45.02152852529601,-39.929432519847104,-64.65397923875433,124.2590559824369,181.7931034482759,344.13043478260875,5.5220371049401065,4.205537131233006
ORIONPHARM,Orion Pharma Ltd.,25.5,2.0,-1.9230769230769231,-11.149825783972124,-6.249999999999998,-12.671232876712327,-6.249999999999998,-37.34643734643735,-64.92434662998625,-32.53968253968254,-62.68292668000001,3.665946854980451,2.869256527125363
PADMALIFE,Padma Islami Life Insurance Ltd.,16.2,-0.6134969325153461,-4.142011834319523,-8.474576271186441,-13.82978723404256,-5.263157894736854,-2.9940119760479043,-28.31858407079647,-66.32016632016632,-15.478260531478258,-66.93669292671528,2.662948455637463,3.8330528096354115
PADMAOIL,Padma Oil PLC,193.1,0.25960539979231567,-0.7708119218910586,-3.882528621204585,7.099278979478636,8.483146067415728,13.923303834808257,-3.2565130260521045,-16.006959547629407,3.928955866523134,13.588235180529413,0.9330315438737372,0.9640657894047949
PARAMOUNT,Paramount Insurance PLC.,58.8,0.512820512820508,0.0,-8.695652173913057,-8.125000000000004,14.174757281553394,35.172413793103445,23.01255230125523,-34.375,714.2900570868846,346.817997032551,5.1191403110905975,4.733668136355017
PDL,Pacific Denims Ltd.,5.5,0.0,-3.5087719298245643,-6.7796610169491585,-1.7857142857142796,7.8431372549019684,19.565217391304355,-20.289855072463773,-66.93452381680609,-72.08169827049724,-72.08169827049724,3.4420394420394405,4.448522057504698
PENINSULA,The Peninsula Chittagong PLC,21.8,3.809523809523813,2.83018867924529,-13.83399209486166,-9.91735537190082,8.457711442786065,19.12568306010929,68.9922480620155,-15.503875968992247,38.85350318471338,-39.76315774414473,6.043541578176882,4.476151817945659
PEOPLESINS,Peoples Insurance PLC,60.1,-0.6611570247933861,-1.4754098360655714,-7.822085889570554,15.576923076923078,51.00502512562816,65.56473829201104,65.56473829201104,9.272727272727275,292.81045751633985,127.65151515151517,4.285284413728739,4.304930497215604
PF1STMF,Phoenix Finance 1st Mutual Fund Units,15.1,2.0270270270270196,11.029411764705882,5.594405594405586,84.14634146341464,214.58333333333334,202.0,202.0,58.94736842105263,251.16279069767444,91.1392405063291,6.169471939523857,4.679937423812039
PHARMAID,Pharma Aids Limited.,562.3,0.0,-3.03500603552337,-7.364085667215823,-2.208695652173921,0.017787264318731597,14.056795131845833,-8.300717547292903,2.273554019643507,106.57604702424686,301.35617416131333,2.479900904748659,2.5731918058729613
PHENIXINS,Phoenix Insurance PLC,48.5,0.0,-1.0204081632653061,-6.189555125725343,7.777777777777778,64.40677966101696,80.97014925373134,63.85135135135134,-27.827380952380956,141.29353233830844,8.258928571428578,5.858885357344205,5.158162075031738
PHOENIXFIN,Phoenix Finance and Investments Ltd.,3.6,-2.702702702702705,-2.702702702702705,-16.279069767441854,2.85714285714286,-32.075471698113205,50.00000000000001,16.129032258064516,-88.95705521472392,-74.53363740208005,-86.80534764789695,6.297094086567769,7.04602026445507
PHPMF1,PHP First Mutual Fund Units 2010-,3.5,0.0,2.941176470588238,-16.666666666666668,16.666666666666668,25.000000000000007,45.83333333333334,9.374999999999995,-50.70422535211267,-5.093023710043161,-37.32750043603048,5.652194211017745,5.606102509574424
PIONEERINS,Pioneer Insurance PLC,65.5,0.6144393241167523,-1.7991004497751166,-8.26330532212886,-2.962962962962963,33.5436896406339,42.98336832522011,44.4852944788603,-44.29514353691611,190.2944776520989,63.463437845735385,4.346070118744592,3.9403686142794565
PLFSL,Peoples Leasing and Financial Services Ltd.,1.9,0.0,-13.636363636363647,-29.629629629629637,18.74999999999999,-42.42424242424243,258.49056603773585,46.15384615384614,-36.66666666666667,-72.85714285714285,-93.5294117705154,11.023391812865498,11.448689859558366
POPULAR1MF,Popular Life First Mutual Fund Units 2010-,3.5,0.0,0.0,-16.666666666666668,12.90322580645161,25.000000000000007,45.83333333333334,9.374999999999995,-49.275362318840585,-3.4206115288223327,-33.320531510425894,5.47992530345472,5.740421766469857
POPULARLIF,Popular Life Insurance Co. Ltd.,59.4,-0.1680672268907587,-4.193548387096776,-2.782324058919808,-2.6229508196721336,25.052631578947363,39.764705882352935,2.0618556701030855,-39.63414634146342,-12.51840942562593,-46.69230737246154,4.086334580638793,3.8131104245871286
POWERGRID,Power Grid Co. of Bangladesh Ltd.,38.2,0.5263157894736916,2.41286863270779,-9.04761904761904,4.087193460490463,28.61952861952863,42.007434944237936,14.371257485029954,-35.58178752107925,-34.137931034482754,-29.6500920810313,2.9985003108164077,3.21611932481146
PRAGATIINS,Pragati Insurance PLC,72.4,-2.5572005383579968,-7.179487179487173,-10.617283950617278,-2.1621621621621543,4.735954665626471,3.7162722185700794,22.249179875546893,-7.485700011940681,338.81147833513006,82.03482762884698,4.773511469784561,4.392631267599696
PRAGATILIF,Pragati Life Insurance PLC,150.4,-0.8569545154910896,4.444444444444448,-9.506618531889279,-11.434689597103015,-22.979515906487173,11.935047247697849,-14.721649569814423,60.151962694306604,217.29955924869705,127.10716009234474,4.823308491169845,4.142113979063364
PREMIERBAN,The Premier Bank PLC,5.9,0.0,1.724137931034492,3.5087719298245643,43.90243902439026,9.25925925925926,47.50000000000001,-11.940298507462684,-52.53911579671273,50.27009661778868,-19.314350085883298,2.256503327283735,2.987564784971761
PREMIERCEM,Premier Cement Mills PLC,44.2,0.0,-5.555555555555544,-9.795918367346934,-10.344827586206886,21.095890410958912,12.755102040816325,-14.506769825918761,-52.97872340425532,-55.12690355329949,-57.904761904761905,3.505399368171299,3.70604719158374
PREMIERLEA,Premier Leasing & Finance Limited,2.2,4.761904761904765,-8.333333333333321,-29.032258064516125,-11.999999999999993,-35.29411764705882,307.4074074074074,22.22222222222223,-82.4,-69.61234346387496,-83.76982963760439,9.808959156785233,9.064323908145418
PRIME1ICBA,Prime Bank 1st ICB AMCL Mutual Fund Units,5.9,-1.6666666666666607,-1.6666666666666607,-18.05555555555555,25.531914893617024,37.20930232558141,37.20930232558141,20.408163265306122,-25.31645569620253,28.260869565217405,-18.05555555555555,4.278227348031091,5.977960868660245
PRIMEBANK,Prime Bank PLC,28.7,-0.34722222222222715,-1.7123287671232876,-5.901639344262297,-2.3809523809523787,-3.1028936647897103,4.635416928255209,1.1241613266358992,33.139547222405,109.73587914699435,1.0133340909450719,1.4825000585992216,1.2226526014286119
PRIMEFIN,Prime Finance and Investment Ltd.,2.9,-3.333333333333336,-6.451612903225812,-29.268292682926823,-6.451612903225812,-48.214285714285715,163.6363636363636,11.538461538461531,-82.73809523809524,-60.81081081081081,-89.32515333231962,6.099740452354468,6.567063341055642
PRIMEINSUR,Prime Islami Insurance PLC,53.0,4.743083003952566,3.1128404669260727,-13.256955810147302,30.221130221130213,71.52103559870551,77.25752508361204,46.40883977900552,-5.187835420393558,209.94152046783623,48.400000350224005,6.186013556189078,6.6799887624505185
PRIMELIFE,Prime Life Insurance Company Limited,36.5,3.69318181818181,-2.6666666666666665,-17.045454545454547,-15.898617511520735,7.669616519174045,10.606060606060606,-28.431372549019606,-49.6551724137931,-35.16873889875666,-59.8499999385705,4.7690112908533955,4.634233364546375
PRIMETEX,Prime Textile Spining Mills Ltd.,14.9,-3.8709677419354813,-3.8709677419354818,-14.857142857142854,-21.57894736842105,-32.27272727272727,7.97101449275362,2.758620689655175,-43.77358490566038,-28.708133971291858,-26.237623762376234,9.16844944564659,5.302342420340611
PROGRESLIF,Progressive Life Insurance Co. Ltd.,36.9,-2.3809523809523774,-7.750000000000003,-11.510791366906485,-14.780600461893762,-11.72248803827751,-19.07894736842106,-43.23076923076923,-68.62244897959184,-2.7824028039704953,-50.67781850012233,4.629335993702267,4.605862389778622
PROVATIINS,Provati Insurance PLC,56.3,0.896057347670251,0.5357142857142806,-6.322795341098177,9.533073929961088,86.42384105960265,96.16724738675958,61.318051575931236,-62.63844413119862,563.8932892029588,201.43335974300044,4.826495845665181,4.263281562011759
PTL,Paramount Textile PLC,76.0,1.0638297872340388,5.555555555555555,20.25316455696202,23.980424143556284,43.667296786389414,46.71814671814673,31.715771230502593,41.58064537137773,613.5557179489443,197.4635389321691,1.98597721548128,2.1868335945416595
PUBALIBANK,Pubali Bank PLC,39.0,1.5625000000000038,1.2987012987012987,0.0,12.716763005780344,17.101855615581112,45.145665679800565,50.00003576923931,125.2511691751459,242.15683369617207,123.71390524134281,1.2869481812491066,2.275339877118104
PURABIGEN,Purabi General Insurance Co. Ltd.,29.1,0.0,-2.3489932885906017,-9.907120743034042,-16.618911174785094,45.50000000000001,50.000000000000014,51.562500000000014,-38.57991825744845,284.2994844456019,-1.700379372252395,5.509634605016187,4.276615811994224
QUASEMIND,Quasem Industries Limited.,40.8,-0.4878048780487874,-0.9708737864077808,-11.6883116883117,-6.6361556064073355,5.426356589147272,7.884615265319882,-3.897216376983719,-6.047059100219207,-1.4488946075046598,156.75156382201587,2.6352979335912172,2.5379148377587235
QUEENSOUTH,Queen South Textile Mills Ltd.,15.3,6.250000000000003,-1.9230769230769162,-21.13402061855669,14.179104477611942,31.896551724137943,28.571428571428577,9.28571428571429,-51.4431139538892,-36.99175573446185,-36.99175573446185,7.743298283481933,5.867172209832015
RAHIMAFOOD,Rahima Food Corporation Ltd.,72.7,2.683615819209048,-3.066666666666663,-14.268867924528298,-24.191866527632953,-37.056277056277054,-54.5625,-51.01078167115903,-79.97245179063361,21.16666666666667,322.6744186046512,2.966703150800087,4.597813385266842
RAHIMTEXT,Rahim Textile Mills Ltd.,187.0,-1.1627906976744127,-3.6082474226804124,-11.79245283018868,-4.102564102564102,-6.312625250501,-12.330051570557904,-1.5271195365982124,-45.71843251088534,4.833007299821556,363.64780320711674,6.035383762325115,4.53400783635242
RAKCERAMIC,RAK Ceramics (Baneladesh) Limited,29.1,-0.6825938566552877,-2.0202020202020132,-7.028753993610222,16.400000000000006,28.761061946902654,31.08108108108109,10.227272727272739,-39.99999999999999,-34.0970587849568,-27.50676475046569,2.669150221545363,3.191529995861476
RANFOUNDRY,Rangpur Foundry Limited,148.7,-0.8666666666666742,-3.441558441558449,-9.65978128797084,-4.984025559105438,3.695955369595525,4.0587823652904005,-17.34296831573097,-16.366704161979765,36.67279411764705,139.83870967741933,3.607250576985692,3.552567812294531
RDFOOD,Rangpur Dairy and Food Products Limited,23.8,-0.4184100418409953,8.181818181818185,-14.999999999999998,-17.073170731707314,20.2020202020202,19.000000000000004,-12.82051282051282,-50.27586225606141,158.862907156072,47.1014358631726,5.238943406394478,4.330163864655717
RECKITTBEN,Reckitt Benckiser (Bangladesh) PLC,3272.2,-0.6316428788338956,-0.5561464822975287,-0.932485619134126,-1.1121184647929943,-7.039772727272733,-4.32163742690059,-4.32163742690059,-28.241228070175442,113.03385416666664,342.78755074424896,0.5964738812707877,0.47600678470187613
REGENTTEX,Regent Textile Mills Ltd.,6.3,4.9999999999999964,-3.0769230769230798,-14.864864864864872,-14.864864864864872,31.25,57.49999999999999,85.29411764705883,-63.3720930232558,-40.04096121720793,-75.44677356757437,6.627716377237968,6.604148948775944
RELIANCE1,Reliance Insurance Mutual Fund Reliance One Units,12.2,-0.8130081300813123,-12.230215827338137,-2.4000000000000057,16.190476190476186,3.389830508474564,-22.29299363057325,-8.955223880597023,-3.937007874015748,48.78048780487805,34.06593406593406,5.121509701524914,4.351584443769878
RELIANCINS,Reliance Insurance PLC,102.5,-0.09746588693956562,-4.9165120593692,-12.16795201371037,-12.16795201371037,48.55072463768116,56.72782874617736,57.208588957055206,-1.9138755980861244,225.60262434444576,112.26513778092092,8.544171317307281,5.570429610765836
RENATA,Renata PLC,460.1,-0.7549611734253667,-0.0651607298001639,-2.78892879780266,7.399626517273587,6.504629629629635,17.37244897959184,-9.589310277068178,-62.70401521853773,-28.453186618220123,48.115355429678885,0.9778715875339103,1.1033889119053994
RENWICKJA,Renwick Janeswar and Co. (BD) Limited,740.1,-1.9475357710651737,-5.6596558317399595,-14.547973675095255,32.87253141831239,44.862008220786855,51.41162029459902,4.978723404255322,-40.74459567654123,18.79614767255217,842.8025477707006,1.618264319826208,4.806416823742758
REPUBLIC,Republic Insurance PLC,39.4,-0.5050505050505122,1.5463917525773234,1.5463917525773234,9.749303621169917,25.079365079365076,43.79562043795621,14.202898550724635,-27.48163570020206,403.1355914471572,92.10641967010551,4.798317818696031,5.033818929860585
RINGSHINE,Ring Shine Textiles Ltd.,3.9,2.631578947368424,-4.8780487804877986,-20.40816326530613,5.405405405405397,8.333333333333329,21.87499999999999,29.999999999999996,-73.46938775510205,-73.740000002626,-73.740000002626,9.06882042504636,6.888748622690388
ROBI,Robi Axiata PLc,29.8,0.0,-1.9736842105263088,-5.993690851735011,-1.3245033112582734,-5.6962025316455716,5.300353356890459,1.0169491525423753,-30.046948356807512,98.66666666666667,98.66666666666667,1.8679929130319146,1.4993994235184582
RSRMSTEEL,Ratanpur Steel Re-Rolling Mills Ltd,7.1,0.0,-2.739726027397263,-13.414634146341461,-13.414634146341461,-11.250000000000004,5.970149253731335,-22.82608695652174,-79.71428571428571,-78.79883981303188,-84.33537129549727,3.4384168021829615,2.99162365285408
RUNNERAUTO,Runner Automobiles PLC,45.1,-0.660792951541844,-6.431535269709546,-1.5283842794759732,5.62060889929742,44.08945686900958,21.891891891891895,40.93750000000001,-35.20114942528735,-51.330935132751925,-51.330935132751925,4.1315382423847655,4.5950849588696085
RUPALIBANK,Rupali Bank PLC,17.0,-1.1627906976744147,-1.1627906976744145,-3.4090909090909167,4.938271604938276,-6.5934065934065895,-1.7341040462427786,-22.37442922374429,-49.425000032873754,23.733487134737164,-43.30492987803485,3.084188178565581,2.710545928192729
RUPALIINS,Rupali Insurance Company Ltd.,28.3,0.35460992907801925,-0.7017543859649098,-7.5163398692810475,2.5362318840579685,30.328947694243418,38.855140534053746,21.78278718970288,-37.3101264255538,140.24577655692477,-9.703078419561246,3.865902516540843,4.2728713736390835
RUPALILIFE,Rupali Life Insurance PLC,80.8,1.507537688442215,1.3801756587201937,-13.767342582710784,-11.208791208791212,-0.9803921568627417,2.7989821882951693,-26.54545454545455,0.9999996717500063,178.42959353607753,-19.724890212439067,3.3085502998045406,3.4593638554643404
SAFKOSPINN,Safko Spinning Mills Limited,21.0,-0.47393364928910625,2.4390243902439024,0.4784688995215379,0.4784688995215379,47.88732394366198,52.17391304347825,35.483870967741936,-34.130434785063464,95.86337886892008,6.349647321628351,6.1428055448686365,5.0990537496255675
SAIFPOWER,SAIF Powertec Ltd.,9.0,0.0,-5.2631578947368425,-10.0,30.434782608695645,28.571428571428573,80.0,34.328358208955216,-71.09090920076363,-40.42131385659303,-34.524907604332306,4.278682111577156,4.875614853436423
SAIHAMCOT,Saiham Cotton Mills Ltd.,24.3,9.954751131221716,5.652173913043481,9.459459459459467,27.22513089005235,23.979591836734688,23.979591836734688,33.516483516483525,14.08450704225352,80.0,-5.8802817696786365,10.756583685305863,6.032810503911863
SAIHAMTEX,Saiham Textile Mills Ltd.,31.8,2.580645161290325,-10.924369747899165,23.25581395348837,78.65168539325842,70.05347593582889,83.8150289017341,90.41916167664672,27.200000000000003,145.51470649613972,35.683745537131735,9.307614495367282,5.891887391706112
SALAMCRST,S. Alam Cold Rolled Steels Limited,12.0,0.8403361344537785,-5.511811023622042,-7.6923076923076925,-22.077922077922082,-24.05063291139241,-19.46308724832215,-35.13513513513514,-67.9144385026738,-56.36363636363637,-74.78991596638656,4.632681491985328,4.643918451963141
SALVO,Salvo Organic Industries PLC,32.3,-0.6153846153846242,-2.12121212121213,-14.095744680851075,-14.095744680851075,3.525641025641019,6.600660066006589,-3.5820895522388145,-40.18518518518519,209.65869720383319,88.67163537643584,4.199808382857636,3.511961799398334
SAMATALETH,Samata Leather Complex (Pvt.) Ltd.,85.1,-0.35128805620610226,-6.2775330396475795,-18.330134357005765,-23.26420198376917,3.780487804878042,1.3095238095238027,-18.952380952380956,-21.783088235294123,204.56842007801262,478.67999814822394,6.229280277702166,5.2523547973842
SAMORITA,Samorita Hospital Ltd.,90.6,-0.4395604395604458,-7.6452599388379205,-4.430379746835446,30.924855491329467,35.62874251497006,24.62173314993121,17.509727626459146,25.372989504400596,66.80549201028839,130.79103599566525,6.854756900554801,7.816245883282647
SANDHANINS,Shandhani Life Insurance Co.Ltd,24.7,1.6460905349794182,-0.8032128514056197,-14.236111111111114,0.40650406504064174,21.674876847290633,27.979274611398957,-3.137254901960787,-40.62500000000001,23.500000988,-41.98802084666249,3.774926059194721,3.175201213087896
SAPORTL,Summit Alliance Port Limited,58.2,0.0,2.4647887323943762,-2.3489932885906017,21.50313152400836,22.268907563025213,38.24228028503563,84.17721518987341,83.0188679245283,49.850873547286525,176.16002635937014,2.5321075092270275,2.641305500190685
SBACBANK,SBAC Bank PLC.,6.6,0.0,-4.347826086956532,-8.333333333333341,11.864406779661005,-4.347826086956532,6.451612903225797,-15.384615384615387,-68.9119281981905,-36.97599990214093,-36.97599990214093,4.0140305261025215,4.019720743490697
SEAPEARL,Sea Pearl Beach Resort & Spa Ltd.,35.0,8.359133126934994,-3.047091412742386,-12.280701754385962,-2.7777777777777777,-3.8461538461538423,6.0606060606060606,-38.38028169014084,-21.17117117117117,45.83333369791668,45.83333369791668,6.46411123641507,4.400803166515593
SEMLFBSLGF,SEML FBLSL Growth Fund Units,6.8,-1.4492753623188481,1.4925373134328306,-16.04938271604938,23.63636363636363,35.99999999999999,38.77551020408162,30.769230769230763,-35.84905660377358,11.475409836065577,11.475409836065577,4.59639144431296,4.953465019775832
SEMLIBBLSF,SEML IBBL Shariah Fund Units,7.9,0.0,-1.2499999999999956,-7.058823529411761,29.508196721311485,31.66666666666667,36.20689655172415,21.538461538461544,-26.851851851851855,-42.33576642335766,-42.33576642335766,2.3509615384615374,2.8601693058296545
SHAHJABANK,Shahjalal Islami Bank PLC,17.4,0.0,-0.5714285714285795,-1.1363636363636525,3.5714285714285587,-4.918032786885258,6.097560975609756,-7.936507936507937,-17.027778068948827,126.34588080292642,6.956398485912178,1.4351699459931462,1.1772101144370855
SHARPIND,Sharp Industries PLC,20.3,4.102564102564106,-20.078740157480308,-51.55131264916468,21.55688622754492,28.481012658227847,57.36434108527131,7.40740740740742,24.539877300613497,24.539877300613497,24.539877300613497,10.680465835046663,10.475100600091304
SHASHADNIM,Shasha Denims PLC,28.2,1.0752688172043037,4.444444444444442,-4.406779661016951,24.229074889867842,54.0983606557377,77.35849056603773,35.57692307692307,-11.875000000000002,-0.10525462981432648,-15.516100511954809,4.385616259666415,4.096552203122416
SHEPHERD,Shepherd Industries PLC,14.2,2.158273381294956,-5.960264900662254,-18.85714285714286,-11.801242236024859,7.575757575757576,5.970149253731335,-23.243243243243246,-34.436937193134945,-60.86322246149577,-60.86322246149577,5.4807998256510855,4.356415287805085
SHURWID,Shurwid Industries Ltd,6.0,3.448275862068969,-1.6393442622950762,-9.090909090909086,-13.043478260869568,-21.052631578947366,30.43478260869566,-1.6393442622950762,-76.5625,-33.333333407407416,-80.02631586813321,4.336489542114192,4.208802763391923
SHYAMPSUG,Shyampur Sugar Mills Ltd.,301.0,-0.23201856148491506,-0.6928406466512776,-6.288916562889162,52.02020202020202,92.82511210762333,98.02631578947368,62.61480280929228,134.24124513618676,1975.8620689655172,3662.5,4.961885234716532,5.225117626127701
SICL,"Sikder Insurance Co., Ltd.",38.1,2.144772117962478,3.8147138964577616,1.6000000000000039,-8.413461538461538,102.6595744680851,105.94594594594597,56.14754098360657,41.11111111111112,41.11111111111112,41.11111111111112,6.754720469041851,5.496006626744907
SILCOPHL,Silco Pharmaceuticals Ltd.,17.4,6.097560975609757,1.754385964912264,-17.924528301886795,-13.861386138613865,28.888888888888882,27.00729927007299,4.819277108433718,-47.747747747747745,-28.582089629519388,-28.582089629519388,6.556560111889186,4.796332563970543
SILVAPHL,Silva Pharmaceuticals Ltd.,12.8,1.5873015873015959,-3.0303030303030196,-24.705882352941174,1.5873015873015959,36.17021276595745,33.33333333333335,0.0,-46.88796680497925,-64.63157885894736,-64.63157885894736,4.98776362091979,5.269473205923483
SIMTEX,Simtex Industries PLC,24.9,2.469135802469127,-0.4000000000000057,-11.071428571428575,1.632653061224484,7.79220779220778,10.66666666666666,21.463414634146336,5.063291139240503,41.743249344118524,-7.575634668336081,5.00402224007231,3.733492154336804
SINGERBD,Singer Bangladesh Limited,72.9,-0.4098360655737666,-0.4098360655737666,-5.078124999999989,-11.097560975609749,-14.235294117647053,-14.235294117647053,-34.32432432432432,-62.63454638646847,-50.38219900249738,-28.161006743681202,2.2456512371087847,2.087636194096016
SINOBANGLA,Sinobangla Industries Ltd.,51.6,-0.19342359767891956,0.9784735812133072,-10.72664359861591,-5.4945054945054945,10.021321961620476,12.663755458515295,-18.740157480314956,10.832963236437182,119.13053191349098,183.68976075473202,2.7821415183775025,2.6575552436529155
SIPLC,Sena Insurance PLC,120.9,-9.977661950856294,-20.03968253968253,-7.142857142857131,21.62977867203219,105.96252129471891,126.82926829268295,137.0588235294118,152.92887029288707,152.92887029288707,152.92887029288707,7.352874030874775,6.876068785568263
SKTRIMS,SK Trims & Industries Ltd.,13.5,-0.7352941176470562,-4.2553191489361675,-7.534246575342464,-10.0,53.4090909090909,64.63414634146343,39.17525773195877,-70.58823529411765,-63.700000073568,-63.700000073568,5.0635882851868494,4.97527813120705
SONALIANSH,Sonali Aansh Industries Limited.,208.7,0.6753497346840218,-4.876937101185058,-6.496415770609319,13.423913043478256,28.036809815950914,8.471933471933463,-16.184738955823295,222.9400386847195,970.9429121231557,1445.9259259259259,3.3773834262127314,3.6326303928919663
SONALILIFE,Sonali Life Insurance PLC,84.7,-0.8196721311475443,-1.9675925925925957,-8.333333333333336,-2.419354838709671,37.94788273615636,39.08045977011495,4.697156983930775,21.000000000000004,670.0,670.0,2.587293444686866,2.9182345410028665
SONALIPAPR,Sonali Paper & Board Mills Ltd.,222.2,-0.0899280575539645,-4.9208386820710315,-8.181818181818187,-6.006768189509314,-5.56736081597961,-6.046511627906981,-26.228419654714475,1.6199815442884224,47.22229050025876,47.22229050025876,2.9292333302531146,2.896461965164064
SONARBAINS,Sonar Bangla Insurance Ltd.,36.6,1.3850415512465373,3.977272727272723,-11.380145278450353,-16.091702846997816,42.33333368916667,51.897233549803936,21.613924354667727,-56.84331529132636,286.2301032533417,75.83372974190956,6.088622172468302,5.010708369663851
SONARGAON,Sonargaon Textiles Limited.,92.6,2.207505518763797,-12.476370510396977,-14.179796107506961,17.36375158428389,155.80110497237564,197.74919614147908,150.27027027027026,236.7272727272727,1057.5,396.0714298116071,8.084752768676552,6.514898512566072
SOUTHEASTB,Southeast Bank PLC,12.1,2.542372881355923,6.140350877192976,11.009174311926598,24.742268041237118,33.474226667897426,42.274725227821534,40.72826072424798,-12.26738393817962,18.02216378399759,1.6806336473559602,3.4576079032009,4.005330997847356
SPCERAMICS,Shinepukur Ceramics PLC,20.8,4.0000000000000036,8.333333333333341,-9.565217391304346,-7.555555555555553,6.66666666666667,42.46575342465754,2.9702970297029774,-42.857142857142854,133.7078651685393,-8.352490688322252,6.2269868486900695,4.538771419279398
SPCL,Shahjibazar Power Co Ltd,51.4,1.1811023622047274,-1.720841300191202,-11.83533447684391,-6.032906764168198,7.756813417190766,8.21052631578947,5.761316872427978,-54.272027299031755,-60.64190807127956,97.94533779162974,3.0434852382283895,2.841584356076732
SQUARETEXT,Square Textiles PLC,48.5,0.6224066390041434,-1.422764227642282,-5.273437500000005,3.4115138592750562,0.0,0.0,-12.926391382405749,-7.442748091603051,-16.189262909216282,-36.44379892206309,2.9664433163819366,2.856008615894077
SQURPHARMA,Square Pharmaceuticals PLC,215.9,-0.046296296296293664,-0.5527406725011463,-2.086167800453512,1.3139371187236093,0.0,8.49246231155779,-3.4868126955744225,-7.537473233404709,16.65135751054113,106.25653307358382,0.7588263800757219,0.6716148647144502
SSSTEEL,S.S. Steel Ltd,6.4,-1.538461538461533,-1.538461538461533,-14.666666666666663,23.07692307692308,30.612244897959183,56.097560975609774,16.36363636363637,-73.81818193123968,-82.83059220142985,-82.83059220142985,4.651732385332531,4.218315243710314
STANCERAM,Standard Ceramic Industries Ltd.,66.5,-1.772525849335307,-3.6231884057971016,-9.153005464480877,-7.381615598885791,-3.762662807525318,-5.1355206847360835,-26.11111111111111,-73.07692307692308,26.666666666666668,171.42857142857142,6.287174063868877,4.639395908531564
STANDARINS,Standard Insurance PLC,48.8,-0.8130081300813123,-0.8130081300813123,-5.973025048169559,-6.692160611854685,29.787234042553177,24.808184143222494,10.909090909090903,-51.2,429.2450351675083,86.96693817465216,4.663214614750148,4.191961939911825
STANDBANKL,Standard Islami Bank PLC,4.4,-2.2222222222222143,-4.347826086956506,-13.725490196078418,-2.2222222222222143,-27.868852459016384,-8.333333333333321,-30.15873015873015,-53.77250052488436,-24.613333520794836,-51.42875764566825,5.372621564482019,3.714630319748216
STYLECRAFT,Stylecraft Limited,52.7,1.9342359767891681,-3.1249999999999925,-12.89256198347107,-2.226345083487933,7.991803278688537,11.652542372881355,-36.73469387755102,-72.77892561983471,1.1719769877300457,114.58249953662293,5.094471923155282,3.4483868198803953
SUMITPOWER,Summit Power Ltd.,15.4,0.6535947712418277,-3.749999999999998,-10.465116279069761,6.20689655172414,6.944444444444445,24.193548387096772,1.986754966887422,-70.44145873320538,-52.02492211838007,-66.45753429367264,3.4112368024132778,3.1736921539210114
SUNLIFEINS,Sunlife Insurance Co. Ltd.,47.4,-1.4553014553014612,-8.846153846153848,-31.20464441219159,-43.16546762589929,-7.058823529411767,-10.056925996204942,-25.705329153605014,27.419354838709662,179.46820716523266,-48.75112036065066,5.385287611007412,6.1089508219331385
TAKAFULINS,Takaful Islami Insurance PLC,54.9,3.001876172607883,12.04081632653061,-1.0810810810810836,44.47368421052631,77.66990291262137,61.470588235294116,52.92479108635098,-9.105960264900663,349.79112253291447,78.80147489565199,4.402067503315983,4.680177261716269
TALLUSPIN,Tallu Spinning Mills Limited,7.6,0.0,-1.2987012987013056,-8.433734939759049,-15.555555555555559,-5.000000000000004,20.634920634920633,33.33333333333332,-52.20125786163523,-47.22222222222223,-66.9565217678639,4.112226706242568,4.159389330285682
TAMIJTEX,Tamijuddin Textile Mills PLC,119.8,1.0970464135021074,-4.160000000000002,-8.828006088280068,-7.059736229635383,6.017699115044246,-4.920634920634923,-1.6567165162537354,-28.26347312691742,808.8275849533412,808.8275849533412,3.028529278241082,3.264497630774262
TECHNODRUG,Techno Drugs Ltd.,43.4,1.4018691588785082,1.4018691588785082,-8.438818565400844,2.117647058823526,46.12794612794613,48.63013698630137,17.297297297297295,64.39393939393939,64.39393939393939,64.39393939393939,3.8766461246587496,3.8643190358373785
TILIL,Trust Islami Life Insurance Ltd.,47.1,3.7444933920704906,5.133928571428581,-13.736263736263735,-1.8749999999999971,10.823529411764708,6.081081081081088,-50.36880927291886,328.1818181818182,328.1818181818182,328.1818181818182,4.333310389298623,3.998059249290058
TITASGAS,Titas Gas Transmission and Distribution PLC,17.6,0.0,-1.6759776536312692,-14.563106796116504,3.5294117647058907,6.666666666666675,12.820512820512832,-21.0762331838565,-61.9047619047619,-62.312633832976445,-72.41379310344828,2.5157892989320803,2.613380877697521
TOSRIFA,Tosrifa Industries PLC,20.0,3.0927835051546464,-4.761904761904762,-13.043478260869565,3.092783505154647,19.047619047619044,17.647058823529413,-6.976744186046512,-8.888889253333339,4.999999821499998,-53.93650010191089,5.867361184025528,4.404436062325058
TRUSTB1MF,Trust Bank 1st Mutual Fund Units,3.7,2.77777777777778,5.71428571428572,-11.904761904761905,19.35483870967742,27.586206896551733,54.16666666666668,5.71428571428572,-50.666666666666664,2.563999644718306,-43.35670045493066,5.729808756124543,5.585371385087393
TRUSTBANK,Trust Bank PLC,14.5,-0.6849315068493127,-2.684563758389264,-7.051282051282049,-10.441176246691168,-13.983050657928755,-12.499999781249992,-19.4444442654321,-32.91540304905387,42.68712812154932,52.76207925001261,1.7148135116115453,1.7692959055273751
TUNGHAI,Tung Hai Knitting & Dyeing Ltd,4.3,7.499999999999996,-6.52173913043478,26.470588235294112,38.709677419354826,16.216216216216207,168.75,86.95652173913044,-44.871794871794876,-57.00000004300001,-82.65666670181581,10.532384282384278,9.589031196752167
UCB,United Commercial Bank PLC,9.0,1.1235955056179736,-2.173913043478253,-6.2499999999999964,3.448275862068974,-6.2499999999999964,-14.285714285714286,-8.163265306122456,-34.642215295954394,-24.360781918635197,-29.027882142496143,2.55216693418941,2.6050475996602187
UNILEVERCL,Unilever Consumer Care Limited,1989.5,-0.37057439030497724,-1.1182902584493042,-2.7139364303178484,-2.5710088148873655,-7.154190778420766,-7.893518518518518,-20.100401606425702,11.73043173043173,102.36490781945328,494.9906542056075,1.277498064256684,0.863679485599438
UNIONCAP,Union Capital Limited,4.3,0.0,-4.444444444444448,-17.307692307692314,-8.510638297872347,-34.848484848484844,53.57142857142858,-6.52173913043478,-71.52317880794702,-53.43906232248642,-77.26722578516957,5.6320010738615345,4.8843227920394785
UNIONINS,Union Insurance PLC,49.3,0.4073319755600728,2.2821576763485356,-11.648745519713263,17.942583732057418,51.22699386503066,33.96739130434783,30.769230769230756,348.18181818181813,348.18181818181813,348.18181818181813,4.593919872607576,4.87766401446954
UNIQUEHRL,Unique Hotel & Resorts PLC,42.4,0.23640661938534616,-0.7025761124121879,-7.017543859649129,5.472636815920387,14.28571428571428,10.704960835509143,-1.624129930394438,-10.548523206751055,-5.77777777777778,-66.53512233622732,2.3099931262272118,2.581241323840252
UNITEDFIN,United Finance PLC,17.2,1.775147928994087,1.7751479289940872,-8.02139037433155,27.407407407407405,32.30769230769231,48.275862068965516,21.126760563380284,-33.846153846153854,-1.746113516822295,-26.22112518106473,5.489590604849192,4.5685120002995445
UNITEDINS,United Insurance Company Limited,60.9,-1.615508885298869,-0.16393442622951052,-11.224489795918362,37.47178329571107,45.693779904306226,45.693779904306226,36.24161073825502,-13.983050847457626,181.76222841998876,59.51586577463768,4.458525439312371,4.826667116273046
UPGDCL,United Power Generation & Distribution Co. Ltd.,112.8,0.35587188612098886,-4.406779661016951,-8.218063466232717,-7.236842105263157,-4.16312659303314,-2.84237726098191,-22.527472527472526,-63.13725490196079,19.393081628931775,102.22507754430404,3.046435838779485,2.2973571254314047
USMANIAGL,Usmania Glass Sheet Factory Limited,54.8,-0.18214936247723393,-10.45751633986929,-25.845737483085262,35.64356435643564,59.76676384839651,61.17647058823528,39.79591836734692,-32.678132678132684,-29.18563128496252,13.003774207280827,8.41283497476391,6.511310975356587
UTTARABANK,Uttara Bank PLC,20.8,0.0,-0.47846889952152094,-2.347417840375587,-0.952380952380949,2.362204724409451,13.537117903930135,20.370370370370367,56.09711172050774,127.57267736133448,60.50178525016851,0.9420289855072488,1.0760174013028487
UTTARAFIN,Uttara Finance and Investments Limited,12.5,-0.7936507936507908,-1.5748031496062938,-10.071942446043167,-8.088235294117645,-10.714285714285714,26.262626262626256,-13.194444444444446,-72.46696035242292,-76.17967326395294,-82.32864134440526,2.099921103612047,2.7073988807619207
VAMLRBBF,Vanguard AML Rupali Bank Balanced Fund Units,8.1,-1.219512195121947,0.0,-4.705882352941181,30.64516129032257,42.105263157894726,42.105263157894726,37.288135593220325,-10.000000000000004,-26.36363636363637,-26.36363636363637,2.055555555555549,2.1979866060720434
VFSTDL,VFS Thread Dyeing Ltd.,14.5,5.072463768115937,0.694444444444442,-15.204678362573105,-3.973509933774832,34.25925925925925,13.281249999999995,74.69879518072287,-45.624999864062495,-38.790588903439655,-38.790588903439655,7.562688077965798,5.57405442680758
WALTONHIL,Walton Hi-Tech Industries PLC,387.6,-0.6663249615581666,-2.9787234042553137,-1.6493275818320223,3.6363636363636425,-0.35989717223649803,2.0000000000000058,-12.072592375196368,-69.57179563414863,12.79365068085715,12.79365068085715,1.751873688580136,1.7113676762458638
WATACHEM,Wata Chemicals Ltd.,134.5,1.2801204819277021,-0.4441154700222016,-3.515064562410334,-1.1029411764705883,3.54118552732871,-5.28169014084507,-13.782051282051283,-59.94639666468136,35.8736680553338,537.4739586022677,4.788586218190411,3.9346269790022013
WMSHIPYARD,Western Marine Shipyard Limited,9.0,0.0,-2.173913043478253,-14.285714285714286,3.448275862068974,9.756097560975618,9.756097560975618,-7.216494845360818,-44.44444444444444,-33.25967663610332,-73.8600400497297,3.2169406070236573,3.262753348931972
YPL,Yeakin Polymer Ltd.,20.2,-0.9803921568627416,-13.304721030042924,-19.200000000000003,-16.528925619834713,26.249999999999996,14.124293785310735,3.061224489795907,23.92638036809815,-19.385059077953084,-19.385059077953084,8.030152445593622,5.186817138821093
ZAHEENSPIN,Zaheen Spinning PLC,5.4,-1.818181818181812,-5.263157894736839,-5.263157894736839,-8.47457627118644,0.0,35.00000000000001,-27.999999999999996,-53.84615384615384,-56.26493910714017,-62.05721078541575,4.905358737036991,6.56940481536585
ZAHINTEX,Zahintex Industries Ltd.,7.9,0.0,-5.9523809523809526,-12.22222222222222,-10.22727272727273,9.722222222222223,36.20689655172415,29.508196721311485,-26.16822429906541,-52.11632679670866,-66.6976776346855,6.7681826604590825,5.525771265349959
ZEALBANGLA,Zeal Bangla Sugar Milla Limited,169.7,-1.2798138452588812,-4.124293785310741,-21.43518518518519,16.953824948311507,39.0983606557377,18.671328671328666,55.40293040293039,1.1323003575685204,793.157894736842,1850.5747126436784,7.134939994235357,7.585110980349169
