Symbol,Name,Price,Change %,Perf % 1W,Perf % 1M,Perf % 3M,Perf % 6M,Perf % YTD,Perf % 1Y,Perf % 5Y,Perf % 10Y,Perf % All Time,Volatility 1W,Volatility 1M
1JANATAMF,First Janata Bank Mutual Fund Units,3.4,-2.85714285714286,-2.85714285714286,-17.07317073170731,6.249999999999991,25.925925925925913,30.769230769230763,3.030303030303033,-62.63736263736263,-11.90222270225723,-37.46298601980823,7.183218742042278,5.239418811359502
1STPRIMFMF,Prime Finance First Mutual Fund 2009 Units,21.7,0.0,2.358490566037736,-13.545816733067737,15.425531914893611,23.29545454545453,8.499999999999996,-6.866952789699576,6.8965517241379235,167.90123456790124,-29.084967320261445,4.827468683153516,4.355618754565135
AAMRANET,aamra networks ltd,17.7,-10.606060606060613,-11.500000000000004,-17.28971962616822,-1.117318435754186,14.19354838709677,-0.5617977528089967,-19.17808219178082,-60.97517303080231,-70.62022408981554,-70.62022408981554,6.566278165769896,4.854328546239407
AAMRATECH,Aamra Technologies Limited,16.6,-8.79120879120878,-5.681818181818182,-23.853211009174306,19.424460431654683,41.8803418803419,34.959349593495936,12.162162162162165,-45.69135822751067,-21.379574580662858,-43.54616678868692,6.367723585320986,7.24088427471137
ABB1STMF,AB Bank 1st Mutual Fund 2011 Units,3.5,-2.77777777777778,0.0,-16.666666666666668,2.941176470588238,25.000000000000007,29.629629629629623,6.060606060606066,-50.0,-11.018800489346766,-47.791643346063886,5.528944911297854,5.121112895950529
ABBANK,AB Bank PLC,4.5,-2.173913043478253,-4.255319148936174,-10.0,0.0,-32.83582089552239,9.756097560975618,-23.728813559322038,-69.63766041397285,-66.31760439934301,-80.44639777147891,4.28260869565218,3.347698355249263
ACFL,Aman Cotton Fibrous PLC,22.0,-5.579399141630905,-6.7796610169491585,-7.172995780590715,-6.382978723404255,28.65497076023391,22.22222222222222,13.40206185567011,-50.89285714285714,-63.333333333333336,-63.333333333333336,5.445464722340986,4.109442898384329
ACI,Advanced Chemical Industries PLC,188.7,-0.6319115323854749,-0.7364544976328279,-7.363770250368189,-3.1811185223191467,-7.0443349753694635,-3.2307692307692366,-4.600606673407493,-27.89390826441456,-23.70199940919689,203.00692666704782,1.322557591530824,1.8120948956205143
ACIFORMULA,ACI Formulations PLC,150.2,-3.346203346203357,-5.53459119496856,-14.513375071143995,3.6576949620427763,7.747489239598265,16.434108527131777,-3.6561898652982787,-7.609841599634144,-5.279279045464173,117.8314922572859,3.612456838137304,3.3807982580436406
ACMELAB,ACME Laboratories Ltd.,77.9,-1.5170670037926532,-2.2584692597239613,-6.594724220623501,-4.2997542997543,0.5161290322580718,9.256661991584865,-5.575757575757569,-17.03940362087327,-29.181818181818176,-42.29629629629629,1.7038695282100187,1.507111153586692
ACMEPL,ACME Pesticides Ltd,24.1,-4.365079365079357,-3.212851405622479,-8.712121212121202,-1.2295081967213,44.311377245509,51.572327044025165,40.11627906976746,119.09090909090911,119.09090909090911,119.09090909090911,4.964239619021885,4.719684111572392
ACTIVEFINE,Active Fine Chemicals Ltd.,5.8,-4.918032786885243,-7.936507936507937,-17.142857142857146,-18.309859154929573,-14.705882352941178,7.407407407407397,-36.26373626373626,-76.89243027888446,-76.18947361678914,-80.33043464440863,4.7158390101975955,4.183802319963309
ADNTEL,ADN Telecom Ltd.,59.3,-4.045307443365696,-5.422647527910694,-12.794117647058826,-7.343750000000004,4.401408450704226,2.417962003454229,-30.31727379553466,-24.554707379134857,46.419753086419746,46.419753086419746,3.240447503660995,2.516127234290132
ADVENT,Advent Pharma Ltd.,13.8,-2.8169014084506943,-4.827586206896547,-16.867469879518076,-7.382550335570468,4.5454545454545565,2.985074626865674,-16.867469879518076,-47.67286261304183,-62.52968823711722,-62.52968823711722,3.807780957804257,3.4970492140101386
AFCAGRO,AFC Agro Biotech Ltd.,6.5,-4.411764705882351,-4.411764705882351,-9.722222222222223,-14.473684210526313,-4.411764705882351,30.0,-19.753086419753085,-81.94444444444444,-79.58551716072661,-71.63237497085794,4.564535278154683,3.3738642448374914
AFTABAUTO,Aftab Automobiles Ltd.,27.0,-2.8776978417266212,-5.2631578947368425,-12.621359223300967,-10.0,-1.0989010989011014,-21.052631578947373,-30.76923076923077,-22.074606931546263,-41.05445514681904,-60.309999676566186,3.1600174805892776,2.2634975327253084
AGNISYSL,Agni Systems PLC,30.1,-0.9868421052631486,3.0821917808219252,-9.06344410876133,0.0,49.75124378109452,44.71153846153847,6.737588652482278,20.883534136546196,91.45336676400008,62.41086442567479,3.930828761929482,3.6238622248899803
AGRANINS,Agrani Insurance PLC,28.7,-4.013377926421403,-2.7118644067796636,-10.591900311526487,12.109374999999991,33.48837209302325,20.58823529411764,4.7445255474452575,-38.67116889465331,210.0116093190665,73.95651526676747,4.187218396324407,4.22983385484153
AIBL1STIMF,AIBL 1st ISLAMIC Mutual Fund 2010- Units,5.8,3.5714285714285747,7.407407407407397,-14.705882352941178,38.09523809523809,61.1111111111111,70.58823529411765,31.818181818181802,-36.26373626373626,-17.142857142857146,-24.675324675324678,10.073160853821234,7.174772249080903
AIL,Alif Industries Ltd.,32.8,-4.9275362318840665,-6.818181818181833,-13.684210526315795,0.0,14.685314685314669,-19.410319410319424,-46.40522875816994,-18.000000082000014,-70.30338469975956,-70.30338469975956,4.975418849888493,3.84816527035768
AL-HAJTEX,Alhaj Textile Mills Limited,78.0,-7.363420427553448,-10.344827586206897,-20.489296636085623,-22.924901185770754,-39.0625,-43.14868804664723,-53.84615384615385,17.293233082706767,-3.42511656972872,236.87256501680778,3.502755489596968,3.284569087265004
ALARABANK,Al-Arafah Islami Bank PLC,16.3,-4.117647058823525,-9.944751381215472,-2.395209580838315,13.194444444444446,-5.780346820809248,8.66666666666667,-7.386363636363639,-33.47754723624591,33.90120511306401,-8.90557349193947,4.719841877652959,4.868110600286541
ALIF,Alif Manufacturing Company Ltd.,5.4,-1.818181818181812,-3.571428571428559,-5.263157894736839,-3.571428571428559,12.500000000000012,35.00000000000001,-6.896551724137922,-69.14285714285714,-35.23756014271915,-68.02284133654422,3.939393939393932,4.295013446480475
ALLTEX,Alltex Industries Limited,23.4,-2.0920502092050213,-6.400000000000006,3.0837004405286312,38.46153846153847,67.14285714285714,74.62686567164177,105.26315789473682,0.0,18.18181818181817,206.22222117879832,4.160121640316455,4.2289548820140315
AMANFEED,Aman Feed PLC,32.8,-7.0821529745042495,-4.9275362318840665,-14.583333333333337,4.126984126984118,43.859649122807,42.6086956521739,18.84057971014491,-55.735492577597846,-43.2848926627481,-2.1896833460986365,5.136382563124212,4.06100971919308
AMBEEPHA,Ambee Pharmaceuticals PLC,759.2,1.769436997319041,0.7430997876857779,-6.84662576687116,-1.6707680352285943,-1.4025974025973966,5.444444444444451,-10.047393364928906,40.748980348535426,50.33663366336634,306.17030924622645,3.171701138686378,2.255595612401894
AMCLPRAN,Agricultural Marketing Co. Ltd.,218.6,-1.5758667266996849,-1.9291161956034146,-4.790940766550523,0.27522935779816254,6.11650485436893,8.057340583292131,-10.775510204081634,-16.56488549618321,-1.531531531531534,77.72357723577235,2.0874131553763506,2.33912884011251
ANLIMAYARN,Anlima Yarn Dyeing Ltd.,27.6,-4.498269896193762,-9.80392156862745,-22.03389830508474,-6.44067796610169,47.59358288770055,32.69230769230769,15.96638655462185,-43.673469387755105,-7.070707070707063,38.00000000000001,10.001752228772245,5.598559733342924
ANWARGALV,Anwar Galvanizing Ltd.,105.3,-2.5000000000000027,-2.9493087557603714,-6.06601248884924,-2.5000000000000027,15.460526315789469,21.593533487297925,25.208085612366236,-50.121053030610526,191.11529063155962,1203.0874920674548,4.1113666534541355,3.432805907086421
AOL,Associated Oxygen Ltd,16.2,-4.70588235294118,-5.263157894736854,-11.47540983606558,-11.47540983606558,4.51612903225806,6.578947368421053,1.886792452830182,-71.90599678195852,24.804799323258443,24.804799323258443,4.609689122487019,3.548898492497594
APEXFOODS,Apex Foods Limited,265.0,-2.645113886847902,-3.425655976676377,-4.847396768402154,-2.573529411764706,18.568232662192393,7.811228641171679,3.515625,50.56818181818182,53.179190751445084,270.11173184357546,2.9446560271959235,3.337069040027596
APEXFOOT,Apex Footwear Ltd.,205.5,-1.2493993272465134,-3.0660377358490565,-6.292749658002741,1.9851116625310175,11.08108108108108,14.612381483547122,4.846938775510204,38.128378635222965,7.162882410328707,54.20775604333835,2.0852288136084236,1.5493977205511764
APEXSPINN,Apex Spinning and Knitting Mills Ltd.,277.7,-6.340640809443511,-17.4739970282318,-18.371546149323926,-7.030465349849347,55.13966480446926,54.277777777777764,81.5032679738562,81.85985592665358,165.74162679425837,296.7142857142857,6.642708765334387,5.121143345285668
APEXTANRY,Apex Tannery Limited.,99.2,-4.431599229287085,-3.1250000000000027,-4.798464491362764,-2.169625246548326,53.323029366306024,66.44295302013423,25.569620253164558,-28.115942028985504,-33.378106111484215,35.7045143638851,4.358092646509774,4.180720815210814
APOLOISPAT,Appollo Ispat Complex Ltd.,2.9,-3.333333333333336,-6.451612903225812,-17.142857142857146,-14.705882352941178,-17.142857142857146,70.58823529411765,0.0,-77.51937984496124,-76.83160269479906,-88.09416943942136,4.379310344827589,5.467931656254941
ARAMIT,Aramit Limited,200.2,-2.246093750000011,-5.566037735849062,-4.164672091910012,11.594202898550714,24.347826086956516,10.181618051733627,-22.312766783081102,-51.170731707317074,-52.783018867924525,-5.566037735849062,3.8882745661087452,5.04309440492198
ARAMITCEM,Aramit Cement Limited,11.5,-4.958677685950411,-7.258064516129035,-5.737704918032781,-11.538461538461538,-2.542372881355938,30.681818181818173,-16.058394160583937,-81.36142625607779,-68.05555555555556,-68.17943540008537,9.073069939144094,7.9080002021963685
ARGONDENIM,Argon Denims Ltd.,21.8,-5.62770562770563,0.46082949308756416,-12.799999999999997,18.478260869565233,32.9268292682927,23.86363636363636,9.547738693467348,-10.835465268947418,23.488328530651334,-43.46134351349778,5.61921198414614,4.470753948465093
ASIAINS,Asia Insurance PLC,41.6,-3.703703703703707,-3.703703703703707,-9.565217391304346,4.522613065326644,18.181818181818176,51.27272727272728,40.067340067340076,-57.06914344685242,215.15151515151516,25.87896283167537,3.9178792785096785,4.624927325679801
ASIAPACINS,Asia Pacific General Insurance PLC,48.8,-2.9821073558648115,1.4553014553014465,-9.629629629629633,8.685968819599108,43.108504398826966,54.43037974683543,36.312849162011176,-29.581529581529583,243.6619718309859,43.952802359882,5.662101700926292,4.792225882111412
ASIATICLAB,Asiatic Laboratories Ltd,105.8,-2.935779816513764,-5.112107623318388,-11.092436974789917,-18.238021638330764,61.77370030581038,119.50207468879665,93.06569343065694,84.64223385689354,84.64223385689354,84.64223385689354,6.291686317194392,4.89310321395747
ATLASBANG,Atlas Bangladesh Limited,81.2,-2.521008403361338,-4.470588235294114,-14.526315789473681,16.000000000000004,33.114754098360656,43.20987654320987,26.875000000000004,-38.763197586726996,-14.739999956943693,-27.811030570579256,5.624285634194939,4.355888763581998
AZIZPIPES,Aziz Pipes Limited.,79.1,0.5082592121982102,0.5082592121982102,-4.121212121212128,18.947368421052623,66.87763713080167,69.01709401709401,37.56521739130434,-49.87325728770597,71.79763260716425,408.7118787155044,3.380056987764731,3.1979217840720935
BANGAS,Bangas Limited,125.7,-1.1014948859165945,-0.7892659826361483,-7.912087912087911,-4.772727272727271,7.1611253196931,-3.6042944785276094,-9.438040345821332,-20.543615676359032,-21.680727593248267,-10.349172115054328,2.2347662966618764,2.5155276124089307
BANKASIA,Bank Asia PLC,16.9,0.0,-1.1695906432748704,-6.6298342541436615,-6.6298342541436615,-15.500000338000003,-0.34510913272554017,-7.8567842969684545,-0.14777278815477385,57.900049827182634,45.383491951382766,1.8387869976322109,1.8174547779083101
BARKAPOWER,Baraka Power Ltd.,9.9,-4.8076923076923075,-10.810810810810805,-0.9999999999999964,15.11627906976745,32.00000000000001,45.58823529411766,-13.157894736842104,-67.32673267326732,-55.70116967888951,-56.36983147256415,5.337087785076686,6.8681680060512065
BATASHOE,Bata Shoe Co. (Bangladesh) Ltd.,885.9,-0.44948870659624673,-1.1272321428571455,-2.648351648351651,2.1681466958828226,5.476842481247767,10.172864071632876,0.3284258210645501,6.734939759036142,-26.113427856547126,72.01941747572816,2.644573569571311,1.3626313748089802
BATBC,British American Tobacco Bangladesh Co Ltd,231.8,-2.317741255794353,-2.3588879528222386,-6.153846153846149,3.899596593455857,5.989940557841803,-6.532258064516125,-20.80628629996583,-61.120429386112036,-14.744583500918404,148.94988564428473,2.022542422096603,2.0984311055940936
BAYLEASING,Bay Leasing and Investment Ltd.,4.6,-4.1666666666666705,-6.122448979591851,-19.298245614035096,2.2222222222222143,-20.689655172413797,39.39393939393939,-4.1666666666666705,-86.73076919759615,-67.51070309739933,-82.46911843842737,4.61125886524823,5.077991856325744
BBS,Bangladesh Building Systems PLC,12.7,-4.511278195488732,-3.787878787878788,-21.11801242236026,-10.563380281690142,24.50980392156863,38.04347826086957,4.95867768595041,-44.05286343612335,-47.657443784755095,-41.428679346065024,3.4877145093032516,3.9563362305779637
BBSCABLES,BBS Cables PLC,17.9,-5.789473684210534,-3.243243243243251,-23.504273504273506,-25.41666666666667,14.012738853503182,17.76315789473684,-4.7872340425532025,-71.06341627688319,-38.078352511678325,-38.078352511678325,3.843741983201697,3.7555625915545896
BDAUTOCA,Bangladesh Autocars Limited,184.7,-6.670035371399704,-10.772946859903387,-11.669057867049261,-15.662100456621008,38.145100972326105,45.433070866141726,34.817518248175176,10.598802395209574,448.65504011979084,755.5298931327595,5.257989244819322,4.2756060645983975
BDCOM,BDCOM Online Ltd.,29.6,-1.0033444816053416,0.0,-11.111111111111098,-0.3367003367003295,14.285714285714297,13.84615384615385,-5.243902202134142,13.312500562136233,64.79897446399919,146.14655223276864,2.839869899573123,3.0666935822631194
BDFINANCE,Bangladesh Finance PLC,12.4,-3.875968992248062,-3.1250000000000027,-11.428571428571427,-1.5873015873015817,-10.144927536231886,-4.615384615384612,33.33333333333332,-78.80000008056001,44.87768466046302,-23.678041638818176,3.0406932090165357,3.3893882669250264
BDLAMPS,Bangladesh Lamps PLC,230.2,0.26132404181184427,9.566872917658255,24.097035040431262,26.414058209774844,72.17651458489155,71.15241635687731,39.51515151515151,18.24963984900592,32.92714506518804,105.26166650245732,4.126157752392554,4.557463963123691
BDTHAI,Bangladesh Thai Aluminium Ltd.,16.6,-2.35294117647058,5.06329113924051,-13.541666666666655,22.962962962962973,53.70370370370371,48.21428571428574,18.57142857142858,-40.71428571428571,-15.353651589546619,4.194688931197037,4.636263237781262,4.09405473469361
BDTHAIFOOD,BD Thai Food & Beverage Ltd.,24.4,-0.40816326530612823,2.9535864978902926,-5.426356589147296,-7.575757575757576,51.55279503105588,69.44444444444443,53.45911949685533,101.65289256198348,101.65289256198348,101.65289256198348,4.892756897542482,3.9746268705906407
BDWELDING,Bangladesh Welding Electrodes Ltd.,12.6,-3.0769230769230793,-5.970149253731348,-10.000000000000002,-21.739130434782616,-21.250000000000004,-30.386740331491723,27.272727272727266,-49.6,21.19999992958856,-42.65107281670888,3.096418269230764,2.7069356624615812
BEACHHATCH,Beach Hatchery Ltd,28.4,-5.647840531561471,-6.885245901639349,-14.714714714714713,-7.18954248366014,-6.578947368421053,-39.31623931623931,-50.86505190311419,-5.647840531561471,158.18181818181816,25.822785096811394,3.0816101877046727,2.842287436829092
BEACONPHAR,Beacon Pharmaceuticals PLC,103.6,-2.8142589118198877,-2.2641509433962317,-4.954128440366977,-1.8009478672985837,2.6759167492566784,-1.0506208213944686,-24.544792425345968,-49.339853300733495,495.40229885057465,572.7272727272726,2.0920718517064034,1.7937067843494523
BENGALWTL,Bengal Windsor Thermoplastics PLC,22.1,-5.150214592274675,-9.053497942386828,-12.992125984251958,-14.341085271317827,26.285714285714292,27.011494252873582,5.238095238095245,-27.540983606557372,-46.33554088860722,-55.35726219241867,4.614918450064991,4.017785306991172
BERGERPBL,Berger Paints Bangladesh Ltd.,1491.4,-0.3541123805705856,-0.053612116338289405,-0.5733333333333273,6.536181155796842,6.187255250979002,7.99420709630703,0.6342780026990614,-18.05494505494505,34.72448057813912,468.152380952381,0.7499473846324598,0.8207220273243869
BESTHLDNG,Best Holdings PLC,14.2,-2.739726027397263,-2.739726027397263,-10.12658227848102,-5.333333333333338,13.599999999999996,5.18518518518518,-21.978021978021978,-51.70068027210885,-51.70068027210885,-51.70068027210885,2.939320400802421,2.9913069187875396
BEXIMCO,Bangladesh Export Import Company Ltd.,21.6,-3.999999999999994,-8.47457627118644,-5.263157894736839,-80.38147138964578,-80.38147138964578,-80.38147138964578,-80.38147138964578,-80.77966096889831,10.640266318742922,-45.610664808299916,4.01302523375821,5.269671419084981
BGIC,Bangladesh General Insurance Company PLC,41.5,-4.816513761467893,6.138107416879792,-2.5821596244131486,-0.2403846153846188,32.16560509554141,34.30420711974111,22.058823529411764,-31.743421052631575,186.20689655172413,32.587859424920126,5.450072521532093,4.819430289444553
BIFC,Bangladesh Industrial Finance Company Ltd.,4.0,-2.439024390243894,-4.761904761904766,-21.568627450980387,-11.11111111111111,-41.1764705882353,135.2941176470588,-2.439024390243894,-54.02298850574712,-47.368421052631575,-80.36480619278304,5.945121951219514,7.468736146448856
BNICL,Bangladesh National Insurance Company Ltd,113.0,-3.829787234042553,6.203007518796987,-5.042016806722689,1.8935978358881824,116.4750957854406,151.11111111111111,152.79642058165547,-30.246913580246915,749.624060150376,205.40540540540542,6.295484589838472,5.074216462483812
BPML,Bashundhara Paper Mill Ltd.,26.0,-4.7619047619047645,-6.137184115523464,-9.722222222222223,-9.090909090909095,-6.810035842293902,0.3861003861003916,-32.64248704663213,-54.30579964850615,-83.2258064516129,-83.2258064516129,3.563990226458002,2.407086827962444
BPPL,Baraka Patenga Power Ltd.,19.7,-2.9556650246305485,-0.5050505050505122,-9.633027522935786,1.025641025641022,42.75362318840579,32.21476510067113,34.013605442176875,-58.872651356993735,-38.244514106583075,-38.244514106583075,3.0799205370717107,3.0845113377679385
BRACBANK,BRAC Bank PLC,62.4,-0.6369426751592334,-1.4218009478672964,-2.803738317757016,-8.370044052863431,-4.827563502464173,13.544330881923415,-5.578924848994637,135.1775750095738,257.3953461545065,847.8798166045776,1.1746698421813244,1.2599173077959893
BSC,Bangladesh Shipping Corporation,110.0,-3.846153846153851,-3.42405618964004,-10.277324632952688,2.5163094128611396,2.4208566108007394,-2.0480854853072104,-8.333333333333334,113.59223300970874,197.8003393769487,120.26353029202164,2.428827100922833,2.3590626021302925
BSCPLC,Bangladesh Submarine Cables PLC,146.8,-0.9446693657219821,-4.6133853151396975,-6.017925736235581,0.6858710562414265,4.409672830725475,14.41932969602494,-4.6133853151396975,-28.66861030126336,34.67889908256882,235.38953621201733,2.767787315694228,2.1211852611350372
BSRMLTD,Bangladesh Steel Re-Rolling Mills Ltd.,97.0,-2.0202020202020203,-3.8652130822596686,-6.098741529525651,4.978354978354972,20.347394540942936,27.129750982961998,7.300884955752205,-4.901960784313726,-33.6892656702063,115.17833268460653,2.9692238083671105,3.3036455745376596
BSRMSTEEL,BSRM Steels Limited,89.2,-2.9379760609358025,-1.8701870187018732,-8.979591836734691,14.212548015364929,27.42857142857143,40.472440944881896,27.42857142857143,29.08827785817657,-3.330049362991963,58.50153870672815,1.9994079325614242,2.3211791990061776
BXPHARMA,Beximco Pharmaceuticals Plc,150.8,-1.5665796344647371,3.8567493112947817,3.7138927097661663,18.740157480314966,28.888888888888896,46.40776699029127,16.89922480620156,-28.15626488804192,104.28571408696341,243.1195135423006,2.826783846765912,2.4634257530338943
CAPITECGBF,CAPITEC GRAMEEN BDT10 (MUTUAL FUND) Units,8.4,0.0,-4.545454545454549,-23.63636363636363,15.06849315068494,31.25,23.52941176470589,16.666666666666668,-41.666666666666664,-41.666666666666664,-41.666666666666664,5.304613411629713,4.628007938771292
CAPMBDBLMF,CAPM BDBL Mutual Fund 01 Units,7.6,-3.797468354430389,-5.000000000000004,-35.59322033898306,-26.213592233009717,-24.000000000000004,-24.752475247524753,-21.649484536082472,-38.70967741935484,-29.629629629629637,-29.629629629629637,5.6405259741369,6.1444165798576025
CAPMIBBLMF,CAPM IBBL Islamic Mutual Fund Units,13.2,-1.4925373134328437,-0.7518796992481309,-5.71428571428572,46.66666666666666,59.036144578313234,75.99999999999999,64.99999999999999,-31.958762886597935,31.999999999999993,31.999999999999993,4.085663022304246,5.178633948678895
CENTRALINS,Central Insurance PLC,43.0,-3.3707865168539324,-2.272727272727273,-13.131313131313131,2.8708133971291936,10.256410256410257,5.6511056511056434,-4.867256637168148,-28.689883913764508,233.09191270458837,63.32376092897135,3.7172847849016755,4.505549833373623
CENTRALPHL,Central Pharmaceuticals Ltd.,10.0,-3.8461538461538494,-1.9607843137254835,-14.529914529914526,8.695652173913052,19.047619047619044,13.636363636363628,-6.542056074766349,-52.15311004784688,-19.588607532312516,-70.77850007267007,4.180184083953357,3.9537720697616923
CITYBANK,City Bank PLC,30.1,1.0067114093959755,-1.3114754098360608,-4.746835443037974,3.0821917808219252,10.59105396507289,41.86475365939389,31.61596916388086,73.0787828444936,149.5716359902139,196.49118910829196,1.9537380784679184,1.3474555684620497
CITYGENINS,City Insurance PLC,127.6,-0.15649452269170802,-0.23455824863175243,10.95652173913043,21.988527724665392,34.599156118143455,47.17416378316031,108.15660685154975,166.94560669456067,1078.5954177780384,432.2483169417661,1.2395941363734875,2.070517369881499
CLICL,Chartered Life Insurance PLC,44.3,-2.207505518763797,-0.6726457399103234,-17.350746268656724,-21.592920353982304,-16.098484848484848,-20.609318996415773,-31.530139103554873,302.7272727272727,302.7272727272727,302.7272727272727,3.003628949209675,3.5342946030278717
CNATEX,C & A Textiles Ltd,3.0,-3.2258064516129057,-9.090909090909086,-11.76470588235294,-9.090909090909086,-14.285714285714286,25.000000000000004,0.0,-58.33333333333333,-58.75000004125,-82.4834122848176,6.387096774193548,6.720326397138058
CONFIDCEM,Confidence Cement PLC,61.8,-3.2863849765258237,-3.2863849765258237,-9.384164222873908,-1.9047619047619093,-0.9615384615384638,25.10121457489878,-2.6771653543307132,-57.012933539970696,37.59845537691676,15.245398921201499,2.420310888062562,2.432208696055708
CONTININS,Continental Insurance PLC,34.5,-4.958677685950406,-2.266288951841352,-5.47945205479452,0.5830903790087547,44.95798319327731,42.561983471074385,21.90812720848056,-33.65384598798077,167.79522290472136,50.25822620932236,4.312361786819982,4.374057799166408
COPPERTECH,Coppertech Industries Ltd,23.6,-4.45344129554655,-3.6734693877550963,-17.77003484320557,-14.181818181818178,31.111111111111118,24.867724867724885,2.1645021645021645,-46.709677292145685,-8.933499311446186,-8.933499311446186,3.9575293835514236,3.831348641130909
CROWNCEMNT,Crown Cement PLC,61.7,-1.4376996805111797,-4.783950617283942,-7.9104477611940265,-0.4838709677419309,31.276595744680854,31.83760683760685,19.342359767891683,-28.255813953488367,-19.870129870129865,-23.638613861386133,3.7703735763692086,4.589820703579544
CRYSTALINS,Crystal Insurance Company Ltd,60.9,-6.451612903225801,-7.0229007633587806,-13.983050847457626,-19.337748344370866,-17.029972752043605,5.913043478260867,2.3529411764705856,7.528089785808061,346.5999995534,346.5999995534,5.654918997977138,3.96599581647953
CVOPRL,CVO Petrochemical Refinery PLC,164.0,-2.4390243902438993,-2.380952380952381,-5.529953917050688,1.0474430067775653,9.84594775619557,11.186440677966102,-1.7964071856287425,-8.286731150654843,-22.32672046088619,36.91071372187441,2.223852800248614,2.554364573030089
DACCADYE,Dacca Dyeing and Manufacturing Company Limited,15.9,-3.0487804878048674,0.0,-7.017543859649129,-1.8518518518518454,-10.674157303370787,-18.041237113402055,-20.499999999999996,-42.59927797833935,72.82608695652176,-43.39805831104408,4.326211216850575,3.3493044444009
DAFODILCOM,Daffodil Computers PLC.,164.9,-1.8452380952380918,0.4263093788063442,-1.1983223487118035,20.1019664967225,175.29215358931552,356.78670360110806,162.57961783439492,132.25352112676057,607.725321888412,950.3184713375798,3.8826246605795998,2.822102116801183
DBH,DBH Finance PLC,40.8,-1.6867469879518142,-3.773584905660381,-5.990783410138252,4.347826086956511,6.527415143603133,16.571428571428566,2.7707808564231593,-48.67192294221669,-41.268770390502276,18.971151339852923,2.3281541833928916,2.5933393884173297
DBH1STMF,DBH First Mutual Fund Units,5.3,1.9230769230769162,1.9230769230769162,-13.114754098360654,12.765957446808503,20.45454545454544,-18.461538461538463,-8.620689655172415,-36.90476190476191,-15.873015873015873,-28.378378378378386,5.919498278266315,4.865248326309793
DELTALIFE,Delta Life Insurance Company Ltd.,75.1,-2.594033722438392,-1.5727391874180903,-8.526187576126675,0.0,7.439198855507851,10.766961651917402,-12.36872812135357,-46.01006470165349,-23.44546381243629,-97.76918324184311,2.451511132733483,2.799016676723843
DELTASPINN,Delta Spinners Limited,7.2,-2.702702702702705,-2.702702702702705,-9.999999999999998,7.462686567164179,22.03389830508474,44.00000000000001,26.31578947368421,-41.463414634146346,11.69230754911243,-54.04460306619169,5.006297296717907,4.193624044679969
DESCO,Dhaka Electric Supply Co. Ltd.,22.8,-2.1459227467811157,-4.201680672268908,-13.636363636363628,-2.9787234042553163,8.571428571428575,11.219512195121954,-9.881422924901186,-45.714285714285715,-58.24175824175824,-65.70200564491405,5.240018662176323,3.5678920736636193
DESHBANDHU,Deshbandhu Polymer Limited,18.5,-2.631578947368421,-2.6315789473684212,-18.85964912280702,-7.5,20.129870129870127,8.823529411764707,-11.904761904761905,-23.55371900826446,78.50877182021391,-14.560983345777508,2.91799516542688,3.664686902296981
DGIC,Desh General Insurance Company Ltd,30.5,-3.481012658227853,-4.6875,-12.857142857142858,22.0,59.685863874345536,54.82233502538071,27.083333333333332,-37.755102040816325,103.33333333333333,103.33333333333333,4.79037534455426,4.65718039670351
DHAKABANK,Dhaka Bank PLC,11.8,-0.8403361344537785,-2.479338842975198,-2.479338842975198,0.8547008547008669,-7.8125,4.424778761061947,-2.479338842975198,-6.823851270980626,15.374229297215061,-7.862140639401865,1.8515880928642574,1.9432903167239088
DHAKAINS,Dhaka Insurance Limited,44.4,-4.721030042918461,-1.3333333333333366,-5.128205128205125,-0.8928571428571398,21.643835616438352,23.33333333333333,11.557788944723622,-46.18181818181818,165.8682634730539,-6.847058898051766,3.7786440892747915,4.484744090326661
DOMINAGE,Dominage Steel Building Systems Ltd,57.3,-9.905660377358497,-9.047619047619051,-31.377245508982043,-29.346485819975335,60.95505617977527,98.26989619377163,211.41304347826087,60.86898435939169,333.1879992635804,333.1879992635804,3.6166821652444194,4.615906989034403
DOREENPWR,Doreen Power Generations & Systems Ltd.,30.9,-3.7383177570093546,-2.8301886792452895,-11.461318051575931,-4.923076923076928,19.305019305019307,9.574468085106382,-2.5236593059936934,-57.54549808267741,4.413696575927925,-22.269803678820377,2.78412850041011,3.1494839694969605
DSHGARME,Desh Garments Limited.,167.1,-4.350314825414994,-6.12359550561798,0.7840772014475168,13.673469387755098,60.518731988472624,43.556701030927826,18.259023354564743,-13.90632326888752,60.51385057878806,1537.9391691682658,5.054946991354616,4.7172898776409875
DSSL,Dragon Sweater & Spinning Ltd.,11.3,-5.042016806722685,-2.586206896551715,-19.858156028368786,16.49484536082476,34.52380952380953,32.94117647058824,-0.8771929824561372,-42.85206393005285,111.14919470238408,24.4309554926439,4.816334884777475,4.521624259867799
DULAMIACOT,Dulamia Cotton Spinning Mills Limited,179.2,-2.81995661605207,-5.4353562005277105,-17.03703703703704,23.58620689655172,51.993214588634416,32.74074074074073,35.96358118361152,154.90753911806544,2388.8888888888887,1847.826086956522,5.057511725959401,5.099638627180333
DUTCHBANGL,Dutch-Bangla Bank PLC,44.2,-0.896860986547082,-5.150214592274675,-9.795918367346934,10.224438902743145,13.750000284375002,20.23316092234457,6.935484138306456,-11.994830037931852,109.64762244059936,93.38185852934008,3.4186994802679447,2.2470197086576724
EASTERNINS,Eastern Insurance PLC,58.6,-5.483870967741933,-7.131537242472266,-8.15047021943573,-1.6778523489932886,17.200000000000003,16.966067864271455,8.51851851851852,-51.967213114754095,158.14977973568284,60.54794520547945,5.170962532148362,4.469055689511435
EASTLAND,Eastland Insurance PLC,27.8,-2.7972027972027997,-3.1358885017421554,-8.552631578947361,6.923076923076925,39.00000000000001,48.66310160427808,24.663677130044842,-38.22222222222222,94.71853486915788,-21.748593301272734,2.9904619833630512,3.5628217413477543
EASTRNLUB,Eastern Lubricants Blenders PLC,2063.9,5.220494519500387,8.341207349081369,-1.705005476972888,12.769096273631298,37.63921307102368,24.25647200481638,21.405881745911778,108.3835499654049,249.79425442020982,1616.9067987066926,2.605499433077786,2.44041243591967
EBL,Eastern Bank PLC,23.8,-0.4184100418409953,-1.2448132780083017,-2.4590163934426146,-4.417670682730916,-4.614786333674697,0.4672127260612816,-3.866667041775157,-2.526740694164143,70.5999674277353,80.04774987367155,1.9754990603836433,1.2346260561757234
EBL1STMF,EBL First Mutual Fund Units,4.1,0.0,-2.3809523809523934,-22.641509433962266,7.894736842105259,17.14285714285713,32.25806451612902,-2.3809523809523934,-56.382978723404264,8.350448850323104,-40.20195767851895,6.144996637936304,5.136263198293783
EBLNRBMF,EBL NRB Mutual Fund,3.4,-2.85714285714286,-2.85714285714286,-17.07317073170731,9.677419354838703,25.925925925925913,47.82608695652175,3.030303030303033,-51.42857142857143,-12.46062498221857,-50.511073454437025,5.876496052966647,5.457738265787802
ECABLES,Eastern Cables Ltd.,131.0,-1.7254313578394682,-2.746844840386035,-6.894100923951663,5.645161290322581,16.03188662533215,16.8599464763604,-7.15804394046775,-21.791044776119403,-2.8737747057822762,215.75697147060487,4.8390551783103195,3.8000310536362036
EGEN,eGeneration PLC,23.9,-4.016064257028113,-4.400000000000006,-12.773722627737227,-7.3643410852713265,20.100502512562816,20.707070707070695,-7.00389105058366,-63.62252663622527,59.33333333333333,59.33333333333333,3.2818211268857818,2.5521573332692125
EHL,Eastern Housing Ltd.,88.2,-1.0101010101010006,-2.2172949002217295,-8.695652173913034,-2.325581395348831,16.9761273209549,20.491803278688522,-3.076923076923074,50.00000000000001,163.0965915668324,125.6160103861824,2.4136364249749773,2.3346805455927053
EIL,Express Insurance Ltd.,31.3,-3.69230769230769,-2.187499999999998,-9.011627906976738,5.033557046979865,18.56060606060607,10.992907801418443,-9.798270893371763,-22.139303482587067,108.66666666666667,108.66666666666667,4.096278991070818,3.8999990058567886
EMERALDOIL,Emerald Oil Industries Ltd.,28.7,-1.7123287671232876,-4.333333333333335,-3.367003367003367,22.12765957446808,73.93939393939394,99.30555555555556,38.64734299516908,-15.088757396449699,-17.571801641905672,-33.217307829725925,3.806638594539767,4.237044564061844
ENVOYTEX,Envoy Textiles Ltd.,62.7,1.2924071082391022,5.7335581787521175,10.000000000000004,22.94117647058824,26.66666666666667,29.278350515463924,15.46961325966852,75.13966480446929,85.43230749918374,39.93172142571797,4.579004326106004,4.762375720350492
EPGL,Energypac Power Generation PLC,17.6,-3.8251366120218537,-3.296703296703285,-14.97584541062801,-7.368421052631572,7.317073170731725,12.820512820512832,-21.428571428571416,-68.57142857142857,-62.1505376344086,-62.1505376344086,3.1307520981434003,3.6480786455252714
ESQUIRENIT,Esquire Knit Composite PLC,24.9,-4.597701149425298,-7.777777777777783,-6.0377358490566095,5.063291139240503,25.757575757575744,20.873786407766975,-4.597701149425298,-33.952254641909825,-47.35729386892178,-47.35729386892178,4.210762114252439,2.6750223469419607
ETL,Evince Textiles Ltd.,12.7,-5.925925925925931,0.0,-11.805555555555562,10.434782608695645,35.10638297872339,26.999999999999993,15.45454545454545,-0.7812500000000111,23.327516463160116,-2.7014065752811214,6.192072858299858,4.385769372470312
EXIM1STMF,EXIM Bank 1st Mutual Fund 2013- Units,6.8,4.615384615384613,11.475409836065577,-1.4492753623188481,83.78378378378376,134.48275862068965,142.85714285714286,58.139534883720934,-15.000000000000002,29.710000694272765,-12.776143386559047,6.832240340304859,5.821735960359363
FAMILYTEX,Familytex (BD) Ltd.,2.4,0.0,-4.0000000000000036,-20.000000000000004,-17.24137931034483,-22.580645161290327,84.6153846153846,19.999999999999996,-60.65573770491804,-66.52650575419617,-92.67115103137316,7.1141304347826155,7.835959478290852
FARCHEM,FAR Chemicals Industries Ltd,14.7,-7.547169811320761,-14.534883720930234,-41.666666666666664,-20.967741935483883,7.299270072992701,1.3793103448275814,-37.9746835443038,-11.445783132530133,-13.680735224325991,-34.780999921737205,6.406022865694796,6.714921809744639
FAREASTLIF,Fareast Islami Life Insurance Company Limited,19.4,-3.482587064676631,-4.901960784313726,-13.777777777777782,-11.009174311926616,-14.537444933920709,-6.7307692307692415,-34.45945945945947,-70.51671732522797,-61.647446303821695,-75.32947969463196,6.108461840454522,4.988911026267399
FBFIF,First Bangladesh Fixed Income Fund Units,3.4,-2.85714285714286,-5.555555555555561,-17.07317073170731,9.677419354838703,17.24137931034483,30.769230769230763,0.0,-44.26229508196722,-36.479365151758444,-54.66980677981142,5.626050420168074,5.950916232830389
FEDERALINS,Federal Insurance PLC,28.2,-3.4246575342465753,-3.4246575342465753,-5.050505050505051,6.015037593984953,38.235294117647065,46.875,24.229074889867842,-32.69689737470167,200.67786481167502,46.0895001169734,3.886503384811066,4.079366077104667
FEKDIL,Far East Knitting & Dyeing Industries PLC.,21.3,-7.792207792207795,-8.583690987124463,-18.390804597701152,34.81012658227848,56.617647058823536,50.00000000000001,11.51832460732984,21.71428571428572,18.0048894722078,-10.467572422184833,6.733421992800833,6.013942846049
FINEFOODS,Fine Foods Limited,443.0,-4.402244281398355,-5.724622260055327,-3.063457330415755,-21.34232954545455,-4.956018021883721,16.5176223040505,50.42444821731749,596.5408805031446,5380.715912392006,2774.1245716618514,2.4410811665741385,3.9795201343639794
FIRSTFIN,First Finance Ltd.,4.6,-2.1276595744680966,-4.1666666666666705,-16.36363636363637,9.52380952380951,-13.207547169811324,83.99999999999999,58.620689655172406,-50.0,-23.02187509297515,-86.49365532808629,11.8324549846289,9.379670657806644
FORTUNE,Fortune Shoes Ltd.,16.4,-4.093567251462005,0.0,-17.171717171717184,12.328767123287664,17.985611510791355,17.985611510791355,-3.5294117647058907,-72.18307678163856,-37.50965290106312,-37.50965290106312,5.1812983166879,3.9273619879340593
FUWANGCER,Fu-Wang Ceramic Industry Ltd.,14.0,-4.109589041095888,-2.7777777777777803,-17.647058823529413,3.7037037037037037,23.893805309734507,21.73913043478261,-7.284768211920528,-45.73643410852713,28.510344391980443,-8.083408466174104,3.390411808484247,4.052027314194319
FUWANGFOOD,Fu-Wang Foods Limited,9.8,-3.9215686274509665,-1.0101010101010064,-23.4375,-10.909090909090903,0.0,-12.499999999999988,-39.1304347826087,-58.297872340425535,-2.6582092251657436,-41.17501994869121,5.605483694892853,4.486823202917178
GBBPOWER,GBB POWER Ltd.,13.0,-5.109489051094886,-7.142857142857143,14.035087719298243,49.42528735632185,62.5,103.125,96.96969696969697,-72.86012526096033,-1.798560942666004,-50.79153606562116,7.752996577284957,9.104424067529758
GEMINISEA,Gemini Sea Food PLC,113.7,-0.26315789473683965,-2.4034334763948473,-7.860615883306322,-7.183673469387753,-1.9827586206896528,-16.825164594001453,-41.02697095435685,17.82523828301572,-9.72741994853401,541.7160541576292,4.202266927236867,3.151122218792972
GENEXIL,Genex Infosys PLC,35.0,-3.8461538461538423,-4.109589041095891,-14.634146341463415,4.477611940298507,36.71874999999999,30.111524163568777,22.80701754385965,-69.56721322638755,4.603384489367481,4.603384489367481,3.3526867938464515,3.489275130259372
GENNEXT,Generation Next Fashions Ltd.,3.0,-6.250000000000005,-3.225806451612906,-9.090909090909086,-6.250000000000005,-14.285714285714286,11.111111111111104,3.448275862068969,-62.96296296296296,-45.000000155833334,-86.5338710464558,6.262513904338151,5.394372573404492
GHAIL,Golden Harvest Agro Industries Ltd.,13.3,-2.2058823529411686,-2.91970802919707,-17.901234567901227,-3.623188405797101,24.29906542056076,24.29906542056076,-2.91970802919707,-39.54545454545454,-6.534592831463987,-63.94727697710858,3.9984588273057513,3.8979470097596276
GHCL,Global Heavy Chemicals Ltd.,20.5,-3.7558685446009425,-8.071748878923769,-16.3265306122449,-0.4854368932038904,13.88888888888889,3.0150753768844294,-17.67068273092369,-53.51473922902494,-43.98907103825137,-75.15151515151516,5.5030801943755225,4.524004890235371
GLDNJMF,ICB AMCL CMSF GOLDEN JUBILEE MUTUAL FUND,8.1,-1.219512195121947,-4.705882352941181,-19.801980198019802,24.61538461538461,39.6551724137931,32.786885245901644,15.71428571428571,-26.36363636363637,-26.36363636363637,-26.36363636363637,5.153296627902989,5.588450139612017
GLOBALINS,Global Insurance PLC,44.9,-3.2327586206896552,-3.0237580993520488,-2.6030368763557545,31.671554252199407,63.272727272727266,76.078431372549,53.76712328767123,-28.044871794871796,375.348532054601,89.56363815860713,4.360518244720528,4.7255417537625055
GOLDENSON,Golden Son Limited,13.6,-5.55555555555556,-6.20689655172414,-20.000000000000004,-15.527950310559016,34.65346534653465,34.65346534653465,3.030303030303033,-29.896907216494842,-39.01345291479821,-65.65656565656566,3.7695766674639892,3.9142660230375013
GP,Grameenphone Ltd.,243.9,-0.08193363375665244,-0.4895960832313295,-5.830115830115829,-1.175040518638576,1.413721413721416,-6.192307692307691,-21.06796116504854,-34.52348993288591,-8.992537313432834,42.13286713286714,1.2289986167612024,1.0911913992347912
GPHISPAT,GPH Ispat Limited,16.6,-4.597701149425271,-5.142857142857134,-13.989637305699478,-6.741573033707861,5.06329113924051,3.105590062111801,-21.327014218009477,-67.90811515250255,-19.255595779710042,-11.35572360342312,3.5537904194183207,2.924418574835473
GQBALLPEN,G.Q. Ball Pen Industries Limited,544.0,-4.208487409755235,-1.6808241460328854,-2.857142857142857,-21.2962962962963,5.939629990262902,21.50993969175788,31.147540983606554,275.9502418797512,651.3812154696132,301.02563982256413,3.814657258950038,4.154762467039484
GRAMEENS2,Grameen Mutual Fund One - Grameen Two Units,11.9,-0.8333333333333304,-10.526315789473685,-17.931034482758616,-4.032258064516129,-4.032258064516129,9.174311926605505,-8.46153846153846,-33.51955307262569,10.50000019732143,-35.01187221959388,2.6263761318480827,2.7580041317749333
GREENDELMF,Green Delta Mutual Fund 2010 Units,4.5,0.0,2.2727272727272645,-18.181818181818183,24.999999999999996,45.16129032258064,50.0,21.621621621621617,-46.42857142857143,-26.22950819672131,-37.5,7.297077922077916,6.244830741249466
GREENDELT,Green Delta Insurance PLC,66.4,-3.4883720930232434,-1.3372956909360945,-7.262569832402219,6.240000000000009,22.283609576427274,23.88059701492538,25.99620493358634,-44.66666666666666,81.59449330364319,27.371193621242345,3.8624852608265883,4.037661956936968
GSPFINANCE,GSP Finance Company PLC,3.7,0.0,-7.499999999999996,-24.48979591836735,-5.128205128205121,-32.72727272727272,131.25,15.625,-84.57256439189385,-60.47013543144208,-74.56313107440981,5.300300300300288,7.269749781944902
HAKKANIPUL,Hakkani Pulp & Paper Mills PLC,70.3,-5.890227576974572,-8.582574772431741,-13.74233128834356,-11.125158027812892,5.2395209580838324,3.8404726735598143,-13.316892725030824,-24.32723358449947,38.113948919449896,277.9569892473118,3.9478460351211426,3.086569570552901
HAMI,Hami Industries PLC,146.2,-2.4683122081387703,-6.819630337794785,-16.884593519044923,-12.35011990407675,-7.468354430379754,35.87360594795539,42.634146341463406,-16.409376786735287,-16.409376786735287,-16.409376786735287,5.325442664688209,3.6952933956773815
HEIDELBCEM,Heidelberg Materials Bangladesh PLC,209.7,-1.5492957746478928,-1.6877637130801793,-7.212389380530978,-16.120000000000005,-2.100840336134454,-4.202832343535869,-18.940858136838038,-40.929577464788736,-60.61971830985915,-20.56818181818182,3.154829375600549,2.7380383623431723
HFL,Hamid Fabrics PLC,13.4,-3.597122302158273,-5.633802816901401,-11.25827814569536,-15.723270440251572,69.62025316455696,106.15384615384616,61.44578313253011,-39.09090909090909,-22.543352601156073,-76.58901824634621,5.194998483940869,5.045270732670705
HRTEX,H.R. Textile Mills Ltd.,17.5,-6.417112299465237,-9.793814432989684,-16.666666666666668,-16.267942583732054,-2.7777777777777777,-4.371584699453556,-36.82310469314079,-75.28883186074688,-15.570175531173057,-37.99846615858037,5.013051505884239,3.8019916052023564
HWAWELLTEX,Hwa Well Textiles (BD)PLC,46.0,-2.542372881355938,0.0,-9.448818897637791,4.3083900226757335,6.976744186046512,3.139013452914795,-5.154639175257732,1.7699115044247724,45.56962025316455,15.0,2.925067077063444,3.3140024218521256
IBNSINA,BN SINA Pharmaceutical Industry PLC,314.3,-0.1588310038119441,-0.2538876547127932,-2.3609816713264884,-0.7264687302590054,-1.1635220125786128,-0.2222222222222186,-2.3913043478260834,14.290909090909095,61.86386307338735,424.70132443453906,1.7671133133003205,1.2729403688617502
IBP,Indo-Bangla Pharmaceuticals Ltd.,16.3,-6.857142857142853,-4.678362573099419,-18.905472636815922,12.41379310344828,26.356589147286826,45.5357142857143,13.986013986013985,-27.320346592501732,-37.779966318051265,-37.779966318051265,5.979130097885943,4.732534334847637
ICB,Investment Corporation of Bangladesh,40.0,-3.8461538461538494,-4.988123515439433,-13.419913419913424,-6.542056074766349,7.526881720430099,9.58904109589041,-25.925925925925927,-68.01634477364533,-47.3902762463743,-63.42939816658371,4.687157568835373,3.23367924668363
ICB3RDNRB,ICB AMCL Third NRB Mutual Fund 2010 Units,5.4,-3.5714285714285587,-1.8181818181818117,-21.73913043478261,12.500000000000012,31.70731707317075,31.70731707317075,17.391304347826104,-22.857142857142854,22.727272727272727,-23.94366197183098,4.807899647522291,5.186278796194825
ICBAGRANI1,ICB AMCL First Agrani Bank Mutual Fund Units,7.8,-1.2658227848101333,0.0,-18.749999999999996,13.043478260869556,19.999999999999996,21.87499999999999,11.428571428571427,-17.021276595744688,-9.302325581395348,-9.302325581395348,4.15692956832197,4.713973717237331
ICBAMCL2ND,ICB AMCL Second Mutual Fund Units,7.0,-5.40540540540541,-1.4084507042253471,-25.531914893617024,14.754098360655743,18.644067796610162,25.000000000000007,20.689655172413797,-38.05309734513275,48.93617021276595,-7.894736842105259,4.501081919171266,5.549498139264024
ICBEPMF1S1,ICB Employees Provident Mutual Fund One Scheme One Units,5.7,-4.9999999999999964,-3.3898305084745792,-21.917808219178077,-17.39130434782609,18.750000000000007,67.64705882352942,18.750000000000007,-26.92307692307692,3.63636363636364,-31.325301204819283,7.807425652253237,6.706671864645586
ICBIBANK,ICB Islamic Bank Limited,2.6,0.0,0.0,-7.1428571428571335,-7.1428571428571335,-27.77777777777778,8.333333333333341,8.333333333333341,-63.88888888888888,-33.33333333333333,-65.33333333333334,5.269230769230774,4.89695606537712
ICBSONALI1,ICB AMCL Sonali Bank Ltd 1st Mutual Fund 2013- Units,5.9,-6.349206349206341,1.724137931034492,-23.37662337662337,18.000000000000007,37.20930232558141,40.47619047619048,11.320754716981144,-32.95454545454546,-3.2786885245901525,-50.833333333333336,8.737575087914921,6.256286274966376
ICICL,Islami Commercial Insurance PLC.,36.5,-3.9473684210526314,2.528089887640445,-2.6666666666666665,25.000000000000004,73.80952380952381,62.946428571428584,53.36134453781512,150.0,150.0,150.0,3.445805491684634,3.5147061997189146
IDLC,IDLC Finance PLC.,42.9,-2.277904328018223,-3.1602708803611708,-5.921052631578953,5.925925925925922,14.910714572991063,25.824022660928758,7.505966842406777,-25.766647427463905,10.011068523891804,-9.264628967236748,2.086647616789997,2.5663562144850256
IFADAUTOS,IFAD Autos PLC,23.7,-0.8368200836820056,-0.4201680672268967,-5.200000000000002,-3.6585365853658622,15.048543689320375,9.216589861751153,-7.058823529411767,-55.928492085379204,-50.32056800106985,34.81755845473314,3.3407595477176226,3.199873062878173
IFIC,IFIC Bank PLC,4.7,0.0,0.0,-5.9999999999999964,4.444444444444448,-22.95081967213114,0.0,-21.66666666666666,-68.93980260878443,-32.81995332690556,-55.76382632150104,4.223969575495942,3.1424387563499754
IFIC1STMF,IFIC Bank 1st Mutual Fund Units,4.0,0.0,0.0,-18.367346938775515,11.111111111111109,37.931034482758626,60.0,17.647058823529413,-41.1764705882353,2.666666827511111,-38.02439025641093,6.78849956898738,6.385555852747137
IFILISLMF1,IFIL Islamic Mutual Fund - 1 Units,5.2,0.0,-1.886792452830182,-16.129032258064516,18.181818181818176,36.842105263157904,52.941176470588246,18.181818181818176,-19.999999999999996,-14.75409836065573,-17.460317460317455,4.152152878567981,3.9080124095792788
INDEXAGRO,Index Agro Industries Ltd,68.4,-3.116147308781854,-2.2857142857142776,-8.678237650200266,-10.471204188481675,5.718701700154564,2.242152466367713,-18.01369842517122,-46.322869820964115,-4.239999760599997,-4.239999760599997,4.64529429395308,4.067466912165281
INTECH,Intech Ltd.,23.9,-2.845528455284564,-3.6290322580645245,-12.454212454212461,-34.34065934065934,-32.48587570621469,-24.60567823343849,-43.0952380952381,-43.0952380952381,131.6023809391465,96.16721631024389,3.528322096121657,3.760200556737808
INTRACO,Intraco Refueling Station PLC,22.6,-2.1645021645021645,-0.4405286343612241,1.345291479820631,22.826086956521756,27.683615819209052,10.243902439024398,-20.14134275618374,-2.7569725268706167,-51.394413810477424,-51.394413810477424,2.3396151880906673,3.083020181476047
IPDC,IPDC Finance PLC,31.2,-2.500000000000002,-0.9523809523809547,-1.8867924528301931,45.11627906976744,72.42105306263159,71.51832498898058,65.45454586818182,-1.4356800809324786,115.84029914834544,496.8768065268081,5.0502080519822625,4.692596481053176
ISLAMIBANK,Islami Bank Bangladesh PLC,27.5,1.4760147601475961,-1.4336917562723963,-9.539473684210524,-15.644171779141107,-38.75278396436525,-16.666666666666668,-35.747663551401864,-9.240924092409243,-11.575562700964634,-29.65116286104651,2.7566293307750684,2.708336012752421
ISLAMICFIN,Islamic Finance & Investment PLC,11.2,-0.8849557522124019,0.0,-9.677419354838719,0.0,2.7522935779816415,17.894736842105257,45.45454545454544,-64.55696202531647,-8.510985924841592,-38.58591989182156,3.6557857982717925,3.1314635652617206
ISLAMIINS,Islami Insurance Bangladesh Limited,59.4,-2.141680395387157,-3.571428571428576,-7.187500000000002,3.8461538461538387,59.24932975871314,58.4,41.42857142857142,-18.630136986301373,386.14162733092746,215.400371573284,4.024055240633693,3.366018558180981
ISNLTD,Information Services Network Ltd.,47.6,-8.637236084452974,-17.504332755632582,-20.53422370617696,-25.624999999999996,-36.702127659574465,-39.28571428571429,-55.1789077212806,-10.018903591682415,319.525424326104,215.02545579410094,5.664154595255168,4.016934856320605
ITC,IT Consultants PLC,45.7,-3.1779661016949152,-1.9313304721030011,-9.861932938856015,10.12048192771085,22.520107238605917,18.701298701298708,-4.592901878914396,1.7817371937639295,40.482801097354766,55.55606300946264,2.4103709539491773,3.080413884757246
JAMUNABANK,Jamuna Bank PLC,23.9,-1.2396694214876063,-0.8298755186722109,-1.2396694214876063,-1.6460905349794326,3.9130434782608634,13.270142180094773,6.696428571428572,34.975207982521454,194.81197897302283,104.23688180761314,0.9784873565632869,1.157148052253702
JAMUNAOIL,JAMUNA OIL PLC,175.1,-0.6242905788876245,-1.129305477131564,-4.785209352909196,1.5661252900231952,2.397660818713447,3.4869976359338097,-7.79357556608742,-7.305452620434098,-8.324607329842934,9.065685052429842,0.962932135229301,1.1125600374241307
JANATAINS,Janata Insurance PLC,32.5,-4.692082111436954,-2.985074626865672,-9.722222222222221,-12.162162162162161,30.0,33.74485596707818,21.268656716417905,-37.62741626138112,263.5762099270063,-82.61826044093873,3.7245795648470588,3.6436181642593723
JHRML,JMI Hospital Requisite Manufacturing Ltd,46.6,-3.3195020746887995,-4.508196721311467,-7.905138339920948,-9.16179337231968,9.647058823529415,10.426540284360186,-24.838709677419352,111.81818181818181,111.81818181818181,111.81818181818181,2.929904597551987,3.4100545625502665
JMISMDL,JMI Syringes & Medical Devices Ltd.,133.0,-2.4926686217008838,-1.6999260901700008,-6.073446327683612,6.4,13.578138343296333,12.711864406779661,-16.875,-55.02734972062891,13.049999638240001,284.03396906927753,3.4676684084795286,3.8913012797361244
JUTESPINN,Jute Spinners Limited,211.5,-0.7042253521126761,-1.6736401673640142,-7.60157273918742,-3.1149793861658317,-5.15695067264574,8.35040983606558,8.29493087557603,22.254335260115607,262.1575342465753,218.04511278195488,3.641062283431943,3.735509902739912
KARNAPHULI,Karnaphuli Insurance PLC,57.0,-4.201680672268908,0.0,4.204753199268733,65.69767441860465,95.2054794520548,100.0,75.38461538461539,21.019108280254773,451.25000290131584,108.81210598778931,6.873138705621522,5.57765149337403
KAY&QUE,Kay and Que (Bangladesh) Ltd.,366.6,-3.804775649435843,-8.987090367428001,-12.900926585887374,-22.099447513812155,-15.743507239715008,-2.8616852146263794,3.1853421458172257,26.757252627583558,1291.8361934635043,1745.6958217363544,3.159330373170185,2.7256227209071695
KBPPWBIL,Khan Brothers PP Woven Bag Industries Ltd,31.1,-7.988165680473361,-12.885154061624652,-21.662468513853906,-34.80083857442348,-36.78861788617886,-35.20833333333333,-77.6740847092606,100.64516129032259,62.27820516731833,-7.087096035445856,4.527971205129031,3.8716635660394787
KDSALTD,KDS Accessories Ltd.,44.9,-4.872881355932212,-4.670912951167734,-11.439842209072987,-11.264822134387355,15.721649484536087,9.245742092457414,-2.39130434782609,-24.447115195733176,-14.971813926115116,-13.951475786828196,3.309001406465249,2.476685636776399
KEYACOSMET,Keya Cosmetic Ltd.,5.1,-1.9230769230769333,-5.555555555555569,-10.526315789473694,4.0816326530612095,-1.9230769230769333,13.333333333333325,8.510638297872328,-49.504950495049506,-31.333600281367442,-67.3719387798766,5.733542357436445,4.4139016735719325
KOHINOOR,Kohinoor Chemical Company (Bangladesh) PLC,532.5,-0.3555389221556844,-0.13128282070518482,-5.568363184961869,4.411764705882353,5.008873989351208,6.521304260852175,3.471118073730476,72.00922940086177,307.4064001310349,1052.7774287544164,2.475883109075452,2.1187081004298265
KPCL,Khulna Power Company Ltd.,10.8,-3.5714285714285587,-7.692307692307681,-1.8181818181818117,-1.8181818181818117,4.854368932038835,2.857142857142864,-1.8181818181818117,-77.35849056603774,-80.74554297004117,-75.00200397129554,4.41285823300066,4.66850735763545
KPPL,Khulna Printing & Packaging Ltd,13.2,-4.347826086956532,-5.0359712230215905,-13.72549019607844,-23.255813953488374,-15.923566878980893,-17.500000000000004,-21.893491124260354,-21.893491124260354,43.47826086956522,-61.68865439298529,4.310683844775818,3.4138607183197793
KTL,Kattali Textile Ltd.,11.6,-5.691056910569114,-9.375000000000009,-2.5210084033613502,12.621359223300958,26.086956521739136,0.0,-17.73049645390071,-64.3076923076923,-39.364480383885905,-39.364480383885905,5.486734655951119,4.466230566564929
LANKABAFIN,LankaBangla Finance PLC,15.2,-3.797468354430389,-3.1847133757961785,-15.083798882681561,2.013422818791939,2.702702702702693,23.577235772357714,-9.523809523809533,-63.63636363636364,-16.654041307522668,-46.91503573599993,3.0767490056940443,3.5082898283503274
LEGACYFOOT,Legacy Footwear Ltd.,73.1,-0.6793478260869565,5.788712011577425,-4.068241469816284,3.5410764872521248,38.446969696969695,34.87084870848707,0.6887052341597797,-7.468354430379754,198.29516011879235,366.80324448357464,2.882974115465548,3.1082410404513126
LHB,LafargeHolcim Bangladesh PLC,53.2,-1.115241635687722,-1.115241635687722,-9.369676320272571,-4.144144144144139,6.400000000000006,12.951167728237793,-5.840707964601765,-35.748792270531396,-30.457516339869276,631.9843660412536,2.453235861768955,2.1837128245028383
LIBRAINFU,Libra Infusions Ltd.,582.6,-1.968702675416445,-3.940643033800491,-8.439415370108428,-12.060377358490562,-7.081339712918657,-8.396226415094336,-27.174999999999997,1.6044640885859651,56.51940283042412,394.66037684516374,2.881179239333526,2.6353285322752455
LINDEBD,Linde Bangladesh Limited,687.7,-0.7218131947451999,-1.2492820218265268,-4.869276525107198,-2.8672316384180725,-11.241610738255023,-9.393939393939387,-28.21503131524008,-52.97456236323851,-51.38898706439527,33.40446168768187,0.8385281506553129,0.9558004707764465
LOVELLO,Taufika Foods and Lovello Ice-cream PLC,45.1,-6.431535269709546,-23.429541595925294,-35.57142857142857,-39.21832884097035,-33.57879234167894,-33.87096774193548,-53.57352929569853,51.86734717897387,247.2700004549237,247.2700004549237,7.466129173424418,5.078447874874112
LRBDL,Lub-rref (Bangladesh) Ltd,13.8,-4.827586206896547,-6.756756756756756,-15.337423312883434,22.123893805309734,36.63366336633665,39.3939393939394,-2.1276595744680775,-73.61376673040154,-65.92592592592592,-65.92592592592592,3.9738302989624428,3.4406102778164227
LRGLOBMF1,LR Global Bangladesh Mutual Fund One Units,4.2,-2.3255813953488293,-4.545454545454549,-19.23076923076923,23.52941176470589,40.00000000000001,50.000000000000014,16.666666666666668,-51.72413793103448,-33.33333333333333,-54.347826086956516,6.014194139194135,5.985976831205871
MAGURAPLEX,Magura Multiplex PLC,82.6,-4.2873696407879525,-6.136363636363643,-11.182795698924735,-3.8416763678696286,2.9925187032418847,-1.54946364719906,-27.48024582967516,-61.044541656120174,362.21761452068836,362.21761452068836,3.3927731561842904,2.941878878133007
MAKSONSPIN,Maksons Spinning Mills PLC,6.0,-4.761904761904759,-3.225806451612906,-6.250000000000005,0.0,0.0,27.6595744680851,-10.447761194029853,-79.5221843003413,-11.267605477583816,-62.837078475474684,5.852662570404507,4.832042167782249
MALEKSPIN,Malek Spinning Mills PLC,47.4,-6.324110671936764,0.851063829787231,4.635761589403977,57.99999999999999,79.54545454545455,64.01384083044984,32.40223463687152,22.16494845360825,187.27272727272728,89.6,6.918685069070422,4.550516571026782
MARICO,Marico Bangladesh Limited.,2692.4,-0.1594541476619471,-0.6494464944649413,-1.366450525698785,-2.094545454545451,-2.4492753623188372,1.4812860427424592,-7.980450459687617,14.084745762711867,120.32733224222586,617.017310252996,1.407114009092708,0.6689146041200089
MATINSPINN,Matin Spinning PLC,61.6,-1.2820512820512775,-0.162074554294978,0.0,23.200000000000003,33.33333333333333,32.473118279569896,11.191335740072207,0.6535947712418277,53.23383084577114,36.88888888888889,2.838117406779596,3.4922487488994056
MBL1STMF,MBL 1st Mutual Fund 2010- Units,9.3,5.681818181818182,10.714285714285717,16.250000000000007,138.46153846153845,132.50000000000003,173.52941176470588,106.66666666666669,12.048192771084336,47.61904761904764,34.78260869565218,5.766253278991712,5.521633822858069
MEGCONMILK,Meghna Condensed Milk Industries Ltd.,33.7,-2.6011560693641576,-11.315789473684204,-5.07042253521126,-17.80487804878048,15.807560137457047,134.0277777777778,78.30687830687833,18.245614035087726,361.64383561643837,254.7368421052632,7.956295497500828,5.428990336038556
MEGHNACEM,Meghna Cement Mills PLC,29.5,-1.3377926421404636,-3.59477124183007,-9.23076923076923,-7.52351097178683,-5.75079872204473,0.6825938566552877,-41.11776447105788,-64.79387860230686,-61.8291823252952,-60.06235565947271,5.665586260008961,3.9753359633844965
MEGHNAINS,Meghna Insurance PLC,36.2,-5.235602094240837,-2.1621621621621543,-9.045226130653253,10.365853658536604,31.636363636363644,28.825622775800714,31.636363636363644,229.09090909090912,229.09090909090912,229.09090909090912,4.37980179023067,4.361313019047351
MEGHNALIFE,Meghna Life Insurance PLC,53.7,-3.7634408602150433,-2.3636363636363584,-13.665594855305466,-8.983050847457623,0.18656716417910713,5.708661417322846,-18.38905775075987,-36.80883745903967,53.06228515855568,-17.548576193000304,3.5184829939061677,3.882065986761471
MEGHNAPET,Meghna Pet Industries Ltd.,65.5,-8.774373259052922,-20.024420024420028,-20.21924482338611,-11.246612466124658,148.10606060606062,200.45871559633028,131.44876325088342,81.94444444444444,973.7704918032788,923.4375,9.569858638117296,5.895391757558645
MERCANBANK,Mercantile Bank PLC,6.9,-2.8169014084506943,-1.4285714285714235,-6.756756756756756,-5.479452054794513,-18.823529411764703,-6.756756756756756,-28.124999999999996,-56.01250014076,6.732399800203136,-33.30910237163067,3.1066252587991663,2.5034927995802705
MERCINS,Mercantile Islami Insurance PLC,41.1,-4.861111111111114,-1.2019230769230769,-12.366737739872065,22.68656716417911,74.15254237288136,61.176470588235304,53.35820895522388,-24.862888482632545,221.09375,48.97087424151621,4.535453488127588,4.326079631204599
METROSPIN,Metro Spinning Ltd.,10.4,-4.587155963302751,0.0,11.827956989247308,6.122448979591833,7.216494845360837,22.35294117647059,-8.771929824561402,-64.88745972521995,42.79999990718001,-30.79692295890726,6.477788762971594,4.9826545757038705
MHSML,Mozaffar Hossain Spinning Mills Ltd.,20.0,-3.8461538461538494,-2.4390243902439024,-15.61181434599156,-9.090909090909092,17.647058823529413,48.148148148148145,13.636363636363628,-18.367346938775512,18.37368440493329,-19.172968861758466,4.152718571397955,3.7572198888128567
MIDASFIN,MIDAS Financing PLC,5.2,-3.703703703703707,-8.771929824561402,-17.460317460317455,-7.1428571428571335,-19.999999999999996,15.555555555555559,-19.999999999999996,-74.99047619297716,-62.74603330061158,-78.86314843059603,4.598803973803978,4.242428797060303
MIDLANDBNK,Midland Bank PLC,16.9,-1.7441860465116321,-3.977272727272743,-9.625668449197864,11.184210526315786,7.643312101910824,-1.1695906432748704,-11.052631578947375,93.41111039548998,93.41111039548998,93.41111039548998,2.7008983445446075,2.737884893101346
MIRACLEIND,Miracle Industries Limited,27.9,-0.3571428571428622,-3.125000000000007,-9.120521172638439,-0.7117437722420029,-1.7605633802816902,-12.264150943396233,-19.596541786743526,-35.862068965517246,21.52134389320011,202.7210600033764,3.141140169362874,3.1302179635415226
MIRAKHTER,Mir Akhter Hossain Ltd,33.8,-4.788732394366205,-5.5865921787709505,-21.939953810623557,-22.29885057471265,27.547169811320746,22.46376811594201,4.320987654320984,-63.81156316916489,-58.27160493827161,-58.27160493827161,3.8703862390299473,3.488633827491138
MITHUNKNIT,Mithun Knitting & Dyeing (CEPZ) Ltd.,13.8,-2.8169014084506943,-4.827586206896547,-3.4965034965034962,-14.285714285714288,-15.337423312883434,-5.479452054794513,-27.36842105263157,-42.25941422594141,-77.34610113945891,-73.56725759235039,6.175934149118156,7.095765643711564
MJLBD,MJL Bangladesh PLC,90.9,-0.6557377049180265,-0.764192139737979,-3.7076271186440675,-0.5470459518599562,0.3311258278145821,1.0000000000000062,-6.481481481481479,-6.191950464396284,-16.20280927637124,59.70624976831503,1.6196985730955775,1.3968122125012579
MLDYEING,M.L. Dyeing & Textile Ind. PLC,11.8,-7.8125,-10.606060606060597,-31.791907514450866,21.64948453608249,40.47619047619048,40.47619047619048,16.831683168316843,-63.91437308868501,70.98200072188601,70.98200072188601,6.3141916680645895,7.253901506579057
MONNOAGML,Monno Agro & General Machinery Ltd.,320.7,-1.9266055045871595,-3.6936936936936973,-9.32994062765055,-9.661971830985918,-1.8966044661976107,-13.207036535859272,-21.589242053789736,-22.229960386161192,750.5077257432642,2478.878689698419,2.9747049107360084,2.7182643620233296
MONNOCERA,Monno Ceramic Industries Limited.,81.5,-3.6643026004728068,-5.452436194895594,-14.659685863874346,-17.34279918864097,2.2584692597239613,-0.36674816625916523,-15.97938144329897,-50.60606060606061,214.92858555354633,375.89208476291316,3.060765071332935,2.696928035820928
MONNOFABR,Monno Fabrics Ltd.,20.8,-4.587155963302751,-1.421800947867302,-15.789473684210522,-10.344827586206891,-3.255813953488369,-2.8037383177569994,0.4830917874396204,-11.864406779661019,-11.864406779661019,-11.864406779661019,4.575274792645713,4.101918539655653
MONOSPOOL,Monospool Bangladesh PLC,107.3,-1.649862511457376,-1.3786764705882353,-8.990670059372357,1.131008482563622,19.487750556792875,13.305174234424493,3.000834411583438,-37.449539419815174,124.35454454692933,124.35454454692933,2.5319159295955362,2.6890714383733254
MPETROLEUM,Meghna Petroleum PLC,205.4,-0.8687258687258606,-1.6283524904214586,-4.598235020901071,-2.143878037160553,2.957393483709276,6.5905552672548104,-1.95704057279236,0.19512195121951498,13.105726872246702,43.91082788156688,1.3023592920636107,1.0063526245021412
MTB,Mutual Trust Bank PLC,13.4,0.7518796992481176,0.7518796992481176,0.0,18.17322870376788,34.471680801408176,36.65821227236985,26.383158746160234,7.561181930075593,125.08477272049959,175.8806499461527,3.043512421381144,2.3854139743569602
NAHEEACP,Nahee Aluminum Composite Panel PLC,33.7,-6.128133704735364,2.4316109422492533,-7.671232876712321,-18.00486618004866,71.06598984771576,82.16216216216218,32.156862745098046,-37.476808905380324,-46.53015946482693,-46.53015946482693,7.413150601499922,4.681786988854534
NATLIFEINS,National Life Insurance PLC,95.3,-3.3468559837728167,-2.1560574948665385,-9.23809523809524,-4.795204795204793,-1.1410788381742827,1.5991471215351813,-23.5765838011227,-59.755067567567565,-22.249075109100215,-29.844464565460978,2.7638546756193807,2.3605319197259482
NAVANACNG,Navana CNG Limited,20.6,-2.3696682464454977,-2.3696682464454977,-11.587982832618023,-2.830188679245273,3.000000000000007,-3.286384976525818,-12.340425531914889,-45.66626767094756,-49.75331833122549,-65.05923045526107,3.464138059181491,2.388326109327994
NAVANAPHAR,Navana Pharmaceuticals PLC,66.1,-2.218934911242604,-1.3432835820895608,-7.293127629733524,-8.827586206896559,18.035714285714274,26.145038167938925,4.754358161648167,150.37878787878788,150.37878787878788,150.37878787878788,2.913733920012609,2.579533939270735
NBL,National Bank PLC,3.4,-2.85714285714286,-5.555555555555561,-10.526315789473683,-15.000000000000002,-34.61538461538462,6.249999999999991,-5.555555555555561,-59.99999999999999,-39.1012915733026,-68.13475098527209,4.521008403361349,3.7300450447288123
NCCBANK,National Credit and Commerce Bank PLC,14.9,-0.6666666666666643,-1.3245033112582734,-3.8709677419354818,-5.6962025316455716,22.984183478766198,27.016451811888153,27.016451811888153,7.781145508575569,111.76420570750498,35.258288014915344,2.3742693930765775,1.8972612143184184
NCCBLMF1,NCCBL Mutual Fund-1 2012- Dividend Units,6.4,3.2258064516129057,0.0,-13.513513513513512,48.8372093023256,60.00000000000001,60.00000000000001,28.000000000000007,-24.705882352941174,1.5873015873015959,-46.666666666666664,9.757463583481565,6.249497117433588
NEWLINE,New Line Clothings Ltd.,5.6,-3.448275862068969,-11.111111111111114,-21.126760563380284,-3.448275862068969,-6.666666666666672,39.99999999999999,-8.196721311475411,-81.81818181818183,-77.5599599762812,-77.5599599762812,7.097402597402598,6.05561087119867
NFML,National Feed Mill Ltd,16.1,-5.847953216374268,-1.8292682926829096,-22.596153846153843,-0.6172839506172708,9.52380952380954,14.184397163120579,59.40594059405943,-53.40687679683865,13.815616645284257,-42.2810336807079,4.876419422988052,4.751100458964352
NHFIL,National Housing Finance PLC,27.1,-2.1660649819494506,-0.73260073260073,-9.966777408637872,2.6515151515151625,18.340611353711804,20.44444444444445,4.230769230769236,-53.85448921337523,-2.1164181111821523,-11.261469037630109,3.2336980403458466,3.4993241152309595
NITOLINS,Nitol Insurance PLC,52.6,0.0,8.67768595041323,40.64171122994653,47.33893557422968,81.37931034482759,87.18861209964412,88.53046594982081,-9.011531905604432,227.8676799994514,120.81374722916793,4.82765982306891,4.833514509995746
NORTHERN,Northern Jute Manufacturing Co. Ltd.,101.9,-2.019230769230764,-5.297397769516718,-9.743135518157661,-9.823008849557517,-15.08333333333333,19.460726846424397,-11.391304347826082,-72.68828732243367,-57.16987723763565,579.3333378622223,3.839922984567345,4.292257527429368
NORTHRNINS,Northern Islami Insurance PLC,38.1,-4.030226700251893,-0.5221932114882396,-4.987531172069826,-6.311475187133824,38.425605857249685,43.902878057598926,21.96646371955031,-35.78651669881012,157.34210570109093,24.631669419595976,4.132955327573301,5.063055992510947
NPOLYMER,National Polymer Industries PLC,31.4,-3.08641975308642,-1.2578616352201324,-17.150395778364118,-5.421686746987964,18.93939393939394,18.045112781954877,-10.795454545454557,-54.88505747126437,-27.557055836727187,117.57096985748571,2.972879115749688,3.1234972373205676
NRBBANK,NRB Bank PLC,6.7,0.0,0.0,-1.4705882352941124,13.559322033898303,-4.285714285714283,9.836065573770501,-28.72340425531915,-25.555555555555554,-25.555555555555554,-25.555555555555554,2.339439167797378,2.993861949851287
NRBCBANK,NRBC Bank PLC,8.7,-3.333333333333341,-3.333333333333341,1.1627906976744145,17.56756756756755,29.850746268656703,70.58823529411764,29.850746268656703,-65.21935063164388,-31.586462539637953,-31.586462539637953,3.87239535312558,5.019276254005238
NTC,National Tea Company Limited,154.5,-0.6430868167202572,-0.3225806451612903,-8.308605341246292,-5.039950829747996,-8.849557522123893,-11.10471806674339,-22.827172827172824,-75.0,-70.84905660377359,-79.93506493506493,4.724317491319058,3.6819053642482173
NTLTUBES,National Tubes Limited,63.7,-2.599388379204897,-2.150537634408589,-7.81476121562951,3.4090909090909114,8.888888888888893,1.9200000000000046,-25.844004656577418,-47.78688524590164,-30.400619685173677,170.3280289865964,2.355435758361298,2.6579094377839985
NURANI,Nurani Dyeing & Sweater Ltd.,3.0,-6.250000000000005,-16.666666666666668,-6.250000000000005,-14.285714285714286,-14.285714285714286,50.0,3.448275862068969,-72.22222222222223,-82.27108003686878,-82.27108003686878,9.347446236559136,8.205764551921105
OAL,Olympic Accessories Ltd,6.6,-2.941176470588238,-1.4925373134328437,-8.333333333333341,4.761904761904759,0.0,15.789473684210515,-9.589041095890414,-58.49056603773585,-60.597709205498816,-72.65593598508019,4.8334018922254245,3.2832083056104318
OIMEX,Oimex Electrode Ltd.,14.5,-4.605263157894733,-5.844155844155845,-13.690476190476193,-3.973509933774832,16.93548387096774,-5.228758169934645,-41.29554655870445,-47.65342960288809,-70.92004698977864,-70.92004698977864,5.417313196853106,3.6029291094155598
OLYMPIC,Olympic Industries PLC.,143.8,-1.9768234492160717,-2.176870748299312,-6.44111906310994,-4.1972018654230405,-1.976823449216072,4.505813953488385,-14.302741358760429,-21.63487738419618,-50.49508184345082,94.61654261473277,1.6903575055631526,1.8648703801407327
ONEBANKPLC,One Bank PLC,7.6,-1.2987012987013056,-3.7974683544303884,-5.000000000000004,-10.58823529411765,-5.000000000000004,8.571428571428566,-6.172839506172839,-17.199999626964217,-17.199999626964217,-17.199999626964217,1.950249750249756,2.231966456200301
ORIONINFU,Orion Infusion Ltd.,203.9,-7.82097649186256,-10.999563509384545,-23.71866816311261,-34.563543003851095,-44.07569939659901,-40.0470449867686,-63.589285714285715,120.19438444924408,199.85294117647058,343.2608695652174,4.57557381974887,3.8066341145289444
ORIONPHARM,Orion Pharma Ltd.,25.0,-5.303030303030297,-4.214559386973185,-12.891986062717768,-7.407407407407407,-13.793103448275861,-8.088235294117645,-38.118811881188115,-65.98639455782313,-32.24932249322493,-63.41463400000001,3.3755668829382603,2.6155484865320764
PADMALIFE,Padma Islami Life Insurance Ltd.,16.3,-2.3952095808383147,-4.678362573099419,-7.909604519774003,-12.834224598930474,-4.678362573099419,-2.395209580838315,-24.1860465116279,-65.46610169491525,-14.95652139895651,-66.73259843860859,2.8001435775886825,3.684243285825888
PADMAOIL,Padma Oil PLC,192.6,-0.5678884873515717,-0.8238928939237871,-4.131408661025391,7.298050139275763,8.875070661390609,13.628318584070794,-3.3617661816357334,-14.47602131438721,3.6598493003229184,13.294117533764707,1.1070435043521554,0.9343038846428905
PARAMOUNT,Paramount Insurance PLC.,58.5,-5.186385737439227,-3.1456953642384082,-9.161490683229822,0.0,18.661257606490878,34.48275862068966,24.46808510638298,-36.34385201305767,717.1194429094743,344.5383133742216,4.629621648087211,4.463967335680765
PDL,Pacific Denims Ltd.,5.5,-1.7857142857142794,-1.7857142857142796,-6.7796610169491585,-3.5087719298245643,14.583333333333337,19.565217391304355,-16.666666666666664,-65.49689441122372,-72.08169827049724,-72.08169827049724,3.610389610389612,4.27215521447119
PENINSULA,The Peninsula Chittagong PLC,21.0,-4.545454545454546,-2.3255813953488373,-16.996047430830043,-10.638297872340425,5.0,14.754098360655734,68.0,-14.97975708502024,33.7579617834395,-41.973684065460525,5.58328851143294,4.102669091521756
PEOPLESINS,Peoples Insurance PLC,60.5,-3.508771929824566,-3.662420382165601,-7.208588957055219,14.150943396226415,57.552083333333336,66.66666666666669,68.99441340782124,9.403254972875231,295.42483660130716,129.16666666666669,4.133564266099659,4.026264814074879
PF1STMF,Phoenix Finance 1st Mutual Fund Units,15.1,2.0270270270270196,11.029411764705882,5.594405594405586,84.14634146341464,214.58333333333334,202.0,202.0,58.94736842105263,251.16279069767444,91.1392405063291,6.169471939523857,4.679937423812039
PHARMAID,Pharma Aids Limited.,562.3,-2.361521097412749,-4.191514738456299,-7.364085667215823,-4.5331069609507715,7.084364882879438,14.056795131845833,-9.583534330278184,2.441246128620874,106.57604702424686,301.35617416131333,2.580791379652813,2.495971728652884
PHENIXINS,Phoenix Insurance PLC,48.5,-5.0880626223092005,-4.527559055118105,-6.189555125725343,7.777777777777778,77.65567765567765,80.97014925373134,64.96598639455783,-26.515151515151516,142.5,8.258928571428578,5.1503684704132215,4.7910548797307095
PHOENIXFIN,Phoenix Finance and Investments Ltd.,3.7,-2.631578947368412,-2.631578947368412,-13.953488372093016,5.71428571428572,-21.27659574468085,54.16666666666668,23.33333333333334,-88.65030674846625,-73.8262384410267,-86.43882952700521,4.6870554765291566,6.50180257738024
PHPMF1,PHP First Mutual Fund Units 2010-,3.5,0.0,0.0,-16.666666666666668,9.374999999999995,29.629629629629623,45.83333333333334,6.060606060606066,-50.70422535211267,-5.093023710043161,-37.32750043603048,5.21101774042951,5.325990464756496
PIONEERINS,Pioneer Insurance PLC,65.1,-4.405286343612335,-3.4124629080118862,-8.82352941176472,0.30816640986130756,39.21588628020094,42.11018744995158,43.602941535477925,-45.173593531739506,193.39536411393368,62.465187843624015,3.631444540932571,3.605130519041361
PLFSL,Peoples Leasing and Financial Services Ltd.,1.9,0.0,-5.000000000000004,-29.629629629629637,18.74999999999999,-36.66666666666667,258.49056603773585,46.15384615384614,-36.66666666666667,-72.85714285714285,-93.5294117705154,12.748538011695912,10.919589330457837
POPULAR1MF,Popular Life First Mutual Fund Units 2010-,3.5,-2.77777777777778,0.0,-16.666666666666668,9.374999999999995,25.000000000000007,45.83333333333334,6.060606060606066,-49.275362318840585,-1.2256254581772836,-33.320531510425894,6.4068415244885895,5.600365744060893
POPULARLIF,Popular Life Insurance Co. Ltd.,59.5,-2.9363784665579074,-4.647435897435896,-2.6186579378068764,-3.252032520325203,28.50971922246221,40.0,7.400722021660652,-39.223697650663944,-11.982248520710051,-46.60256378217949,3.071841827015607,3.373151832454624
POWERGRID,Power Grid Co. of Bangladesh Ltd.,38.0,-3.0612244897959253,-1.8087855297157696,-9.523809523809524,4.683195592286509,27.51677852348993,41.263940520446106,10.787172011661816,-36.98175787728026,-34.02777777777778,-30.018416206261506,3.613815626131725,3.089135197827333
PRAGATIINS,Pragati Insurance PLC,74.3,-2.6212319790301444,-4.743589743589747,-8.271604938271608,1.088435374149656,11.721167461443876,6.438108091709338,29.930390013889618,-3.463846328696935,350.32724917541657,86.81198470750455,4.7942728361965115,4.058821062544856
PRAGATILIF,Pragati Life Insurance PLC,151.7,-0.06587615283268955,2.3616734143049936,-8.724428399518652,-10.860042823135107,-13.538860190088096,12.902570927365437,-0.37611950588019666,60.80199923554728,220.0421751198626,129.07018740697268,4.62055775788745,3.9023767048433307
PREMIERBAN,The Premier Bank PLC,5.9,0.0,0.0,3.5087719298245643,40.47619047619048,11.320754716981144,47.50000000000001,-11.940298507462684,-53.17617463420892,50.27009661778868,-19.314350085883298,2.788868723532978,2.905462978732023
PREMIERCEM,Premier Cement Mills PLC,44.2,-5.555555555555544,-6.947368421052626,-9.795918367346934,-13.333333333333329,16.931216931216948,12.755102040816325,-13.333333333333329,-53.473684210526315,-55.12690355329949,-57.904761904761905,3.10522533546934,3.4824835877384457
PREMIERLEA,Premier Leasing & Finance Limited,2.1,-4.545454545454549,-8.695652173913032,-32.25806451612903,-15.999999999999996,-32.25806451612903,288.88888888888886,5.000000000000004,-83.46456692913387,-70.99360057915337,-84.50756465407693,10.176924524750602,8.588133431954944
PRIME1ICBA,Prime Bank 1st ICB AMCL Mutual Fund Units,5.9,-1.6666666666666607,-1.6666666666666607,-18.05555555555555,25.531914893617024,37.20930232558141,37.20930232558141,20.408163265306122,-25.31645569620253,28.260869565217405,-18.05555555555555,4.278227348031091,5.977960868660245
PRIMEBANK,Prime Bank PLC,28.8,-0.3460207612456674,-3.3557046979865772,-5.573770491803277,-2.702702702702705,1.4765103208053671,5.000000262500006,-0.19801956976767043,33.0300426965003,113.09749943565788,1.3652969274988924,1.476450451823661,1.1391104126232652
PRIMEFIN,Prime Finance and Investment Ltd.,3.0,-3.2258064516129057,-6.250000000000005,-26.829268292682922,-6.250000000000005,-40.0,172.72727272727272,42.85714285714285,-81.9277108433735,-59.45945945945947,-88.95705517136513,6.387096774193549,6.238656116096692
PRIMEINSUR,Prime Islami Insurance PLC,50.6,-7.999999999999997,-6.122448979591832,-17.18494271685761,24.938271604938276,64.82084690553746,69.23076923076925,39.01098901098902,-10.600706713780918,199.40828402366867,41.68000033436481,5.8844006529632695,6.33436664263485
PRIMELIFE,Prime Life Insurance Company Limited,35.2,-7.853403141361256,-6.878306878306864,-19.999999999999996,-19.999999999999996,0.8595988538682071,6.666666666666675,-27.42268041237113,-50.63113604488078,-37.477797513321484,-61.2799999407584,4.140029423663983,4.40425500956802
PRIMETEX,Prime Textile Spining Mills Ltd.,15.5,-4.320987654320983,0.649350649350647,-11.428571428571429,-20.10309278350515,-28.571428571428566,12.318840579710141,0.0,-39.453125,-25.837320574162675,-23.267326732673265,6.648171868141183,4.584795127450852
PROGRESLIF,Progressive Life Insurance Co. Ltd.,37.8,-0.7874015748031606,-5.263157894736846,-9.352517985611524,-15.812917594654792,-8.915662650602416,-17.105263157894747,-37.41721854304636,-67.35751295336787,-0.4112418967502671,-49.474838463539946,4.5339210346858785,4.319627677314402
PROVATIINS,Provati Insurance PLC,55.8,-4.9403747870528205,-1.4134275618374634,-7.154742096505831,13.41463414634145,85.38205980066444,94.42508710801394,59.428571428571416,-64.00000018812902,522.2919794926868,198.75633168133967,5.3295462868897125,4.072110202957187
PTL,Paramount Textile PLC,75.2,0.5347593582887776,7.736389684813762,18.987341772151897,20.320000000000004,44.33781190019194,45.17374517374518,33.097345132743364,44.27906999224878,606.0446051284291,194.33234378551467,1.8591524924250595,2.0650621403341347
PUBALIBANK,Pubali Bank PLC,38.4,0.7874015748031421,0.0,-1.538461538461542,11.304347826086953,20.000028612506814,42.912655438572855,47.692342911251004,124.45788432009503,236.89288240853864,120.27215285301446,1.3996975908383427,2.175874503501294
PURABIGEN,Purabi General Insurance Co. Ltd.,29.1,-4.590163934426225,-5.211726384364813,-9.907120743034042,-14.912280701754389,42.64705882352943,50.000000000000014,52.35602094240837,-37.68607091796659,268.01560772656387,-1.700379372252395,5.94427114285557,4.0054753273306085
QUASEMIND,Quasem Industries Limited.,41.0,-2.8436018957346034,-2.380952380952381,-11.255411255411259,-9.492273730684321,10.81081081081081,8.41346141858126,-1.3129103902771824,-7.819257039916684,-0.965800953619872,158.01014991918265,2.5611878656238813,2.359788724470515
QUEENSOUTH,Queen South Textile Mills Ltd.,14.4,-8.280254777070057,-7.096774193548385,-25.773195876288653,6.666666666666669,24.137931034482765,21.008403361344538,2.1276595744680904,-52.59627347830161,-40.698123044199384,-40.698123044199384,5.928880816890555,5.280560753655341
RAHIMAFOOD,Rahima Food Corporation Ltd.,70.8,-4.966442953020138,-9.114249037227225,-16.50943396226415,-30.994152046783622,-37.89473684210526,-55.75,-53.08151093439364,-80.87520259319287,24.21052631578947,311.62790697674416,2.707783352224798,4.422941176496328
RAHIMTEXT,Rahim Textile Mills Ltd.,189.2,-4.637096774193557,-4.056795131845842,-10.75471698113208,-5.776892430278895,-0.3686150605581975,-11.298640412564474,0.1058201058200998,-46.53857021757559,4.8593230095598665,369.1024832448475,5.7610805051522584,4.221966720346547
RAKCERAMIC,RAK Ceramics (Baneladesh) Limited,29.3,-2.333333333333331,-3.9344262295081944,-6.3897763578274756,16.73306772908366,32.57918552036198,31.98198198198199,8.921933085501868,-39.95901639344262,-33.76218857397165,-27.008529456654454,2.7327019580294323,3.024445618250782
RANFOUNDRY,Rangpur Foundry Limited,150.0,-1.896664486592548,-3.225806451612903,-8.86998784933171,-5.063291139240507,4.384133611691031,4.968509447165846,-10.714285714285714,-11.504424778761061,37.86764705882353,141.93548387096774,5.046331036755807,3.2602853820810664
RDFOOD,Rangpur Dairy and Food Products Limited,23.9,-2.845528455284564,0.8438818565400814,-14.642857142857148,-15.845070422535212,25.78947368421052,19.499999999999993,-11.152416356877325,-48.50000018833054,159.95056642983698,47.71950912310188,6.891881080074509,4.1014260813327805
RECKITTBEN,Reckitt Benckiser (Bangladesh) PLC,3293.0,0.17948951963737309,-0.06069802731411229,-0.3027550711474417,-1.1111111111111112,-6.448863636363637,-3.7134502923976607,-3.1470588235294117,-28.257080610021788,112.47902955220029,345.6021650879567,0.5061745148682142,0.432756457047879
REGENTTEX,Regent Textile Mills Ltd.,6.0,-3.2258064516129057,-7.6923076923076925,-18.918918918918923,-16.666666666666668,30.43478260869566,50.0,81.81818181818183,-65.11627906976744,-42.89615354019802,-76.61597482626132,6.4622603643243295,6.281307947968842
RELIANCE1,Reliance Insurance Mutual Fund Reliance One Units,12.2,-0.8130081300813123,-12.230215827338137,-2.4000000000000057,16.190476190476186,3.389830508474564,-22.29299363057325,-8.955223880597023,-3.937007874015748,48.78048780487805,34.06593406593406,5.121509701524914,4.351584443769878
RELIANCINS,Reliance Insurance PLC,102.6,-6.472196900638112,-4.82374768089054,-12.082262210796923,-9.203539823008853,48.69565217391304,56.88073394495411,59.069767441860456,-1.1560693641618525,225.92028544136716,112.47222572021937,6.073817376924801,4.818007429772229
RENATA,Renata PLC,463.6,-0.5790263778683227,-0.25817555938037623,-2.0494401014155903,8.698710433763194,9.598108747044922,18.265306122448983,-9.980582524271842,-62.02803068769566,-27.908927007621926,49.242075151486915,0.7615006953100277,1.0389264456962084
RENWICKJA,Renwick Janeswar and Co. (BD) Limited,754.8,-1.833788529067502,-3.3299180327868854,-12.850710079667483,35.14771709937332,42.71128757799205,54.418985270049085,11.673324456280513,-37.77411376751856,20.0381679389313,861.5286624203821,2.754905812388174,4.791592269123941
REPUBLIC,Republic Insurance PLC,39.6,-5.035971223021586,-0.9999999999999964,2.061855670103104,16.129032258064516,30.26315789473685,44.525547445255484,14.45086705202312,-27.1135221758376,405.6895792210007,93.08157916081673,4.299731623929142,4.746354862868959
RINGSHINE,Ring Shine Textiles Ltd.,3.8,-5.000000000000004,-7.317073170731704,-22.448979591836746,5.555555555555547,8.571428571428566,18.74999999999999,31.034482758620687,-74.14965986394557,-74.413333335892,-74.413333335892,8.09659820282414,6.359648093589859
ROBI,Robi Axiata PLc,29.8,-1.3245033112582734,-2.6143790849673225,-5.993690851735011,-3.2467532467532467,-0.9966777408637897,5.300353356890459,1.3605442176870821,-30.046948356807512,98.66666666666667,98.66666666666667,1.7765346146597052,1.4186891733166824
RSRMSTEEL,Ratanpur Steel Re-Rolling Mills Ltd,7.1,-2.739726027397263,-5.333333333333338,-13.414634146341461,-13.414634146341461,-13.414634146341461,5.970149253731335,-21.111111111111114,-79.65616045845272,-78.79883981303188,-84.33537129549727,3.209453984179049,2.855569231085372
RUNNERAUTO,Runner Automobiles PLC,45.4,-3.404255319148939,-5.416666666666669,-0.8733624454148441,7.83847980997624,44.5859872611465,22.702702702702698,43.670886075949355,-32.035928143712574,-51.007194124765796,-51.007194124765796,3.601803831299316,4.320148194325454
RUPALIBANK,Rupali Bank PLC,17.2,0.0,-1.7142857142857184,-2.2727272727272845,4.878048780487809,-4.9723756906077465,-0.578034682080933,-22.171945701357476,-47.36800002884233,23.255751605676316,-42.637929053070565,3.415795673634612,2.5414842206694828
RUPALIINS,Rupali Insurance Company Ltd.,28.2,-4.729729729729737,-4.729729729729737,-7.843137254901968,1.0752688172043037,31.600000298293324,38.36448632721963,23.891213671634777,-36.73076907259615,139.39685155142325,-10.022148813838418,3.5430179670375876,4.046114004024571
RUPALILIFE,Rupali Life Insurance PLC,79.6,-2.689486552567241,-0.9950248756219047,-15.048025613660629,-13.478260869565222,0.7594936708860688,1.272264631043257,-16.561844863731668,-0.009852534205178903,174.29450056276943,-20.917094813244432,2.8695573799107934,3.2215746523795077
SAFKOSPINN,Safko Spinning Mills Limited,21.1,-4.524886877828054,6.030150753768859,0.9569377990430759,5.500000000000007,52.89855072463769,52.89855072463769,31.875000000000007,-32.98427674051829,96.79606162543877,6.856074213636113,6.63300162330001,4.748913693603159
SAIFPOWER,SAIF Powertec Ltd.,9.0,-4.255319148936174,-7.216494845360818,-10.0,30.434782608695645,28.571428571428573,80.0,30.434782608695645,-69.6178345083054,-40.42131385659303,-34.524907604332306,4.184808593790601,4.659164636986208
SAIHAMCOT,Saiham Cotton Mills Ltd.,22.1,-7.916666666666661,6.763285024154601,-0.45045045045044085,13.33333333333334,15.706806282722512,12.755102040816325,20.765027322404375,6.250000000000003,63.70370370370371,-14.401408523041061,9.991389983130473,5.486720508280583
SAIHAMTEX,Saiham Textile Mills Ltd.,31.0,-9.883720930232554,-6.344410876132935,20.15503875968992,70.32967032967034,69.39890710382514,79.1907514450867,85.62874251497006,27.049180327868857,141.11111162012344,32.27031797644918,7.026826318027384,5.143588071978221
SALAMCRST,S. Alam Cold Rolled Steels Limited,11.9,-3.252032520325206,-6.299212598425188,-8.46153846153846,-25.157232704402514,-22.727272727272727,-20.13422818791946,-34.61538461538461,-65.80459770114943,-55.430711610486895,-75.00000000000001,4.030623649938605,4.35656213012406
SALVO,Salvo Organic Industries PLC,32.5,-4.12979351032448,-2.402402402402394,-13.563829787234045,-14.473684210526315,6.20915032679738,7.260726072607259,0.0,-38.79472693032015,214.3092121805748,89.83988079672338,2.820911854198659,3.1112837288173507
SAMATALETH,Samata Leather Complex (Pvt.) Ltd.,85.4,-7.974137931034473,-4.89977728285077,-18.04222648752399,-24.290780141843964,5.824039653035939,1.6666666666666734,-22.222222222222214,-23.818019625334514,236.32432330106732,480.719998141696,4.628327046424388,4.662438115513495
SAMORITA,Samorita Hospital Ltd.,91.0,-3.3970276008492597,-9.090909090909086,-4.008438818565398,30.559540889526534,34.81481481481482,25.171939477303987,18.644067796610166,24.889470759759956,67.54194009863404,131.80998096694856,7.782233991047358,7.516240428638017
SANDHANINS,Shandhani Life Insurance Co.Ltd,24.3,-5.447470817120617,-5.813953488372093,-15.625,-3.1872509960159388,23.350253807106604,25.906735751295336,0.8298755186721962,-41.16222760290556,21.500000972000006,-42.92748609610925,3.5468348227001245,2.9651171794744506
SAPORTL,Summit Alliance Port Limited,58.2,-1.3559322033898256,-2.675585284280927,-2.3489932885906017,20.000000000000004,23.30508474576271,38.24228028503563,87.13826366559485,88.96103896103897,49.850873547286525,176.16002635937014,2.737755318590005,2.4992837792215954
SBACBANK,SBAC Bank PLC.,6.6,-1.4925373134328437,-2.941176470588238,-8.333333333333341,1.538461538461533,-1.4925373134328437,6.451612903225797,-16.45569620253165,-68.9119281981905,-36.97599990214093,-36.97599990214093,4.2273172393892375,3.799940523710477
SEAPEARL,Sea Pearl Beach Resort & Spa Ltd.,32.3,-9.269662921348326,-12.70270270270271,-19.04761904761905,-12.70270270270271,-8.75706214689266,-2.12121212121213,-43.92361111111112,-30.23758099352052,34.583333669791664,34.583333669791664,4.393398707030327,3.757716349795338
SEMLFBSLGF,SEML FBLSL Growth Fund Units,6.9,-1.4285714285714235,0.0,-14.814814814814806,25.45454545454546,38.00000000000001,40.816326530612244,35.29411764705884,-34.28571428571428,13.114754098360669,13.114754098360669,4.768607288170595,4.811318608972704
SEMLIBBLSF,SEML IBBL Shariah Fund Units,7.9,0.0,1.2820512820512888,-7.058823529411761,27.41935483870968,33.89830508474576,36.20689655172415,21.538461538461544,-26.851851851851855,-42.33576642335766,-42.33576642335766,2.7875081142486153,2.738069183729532
SHAHJABANK,Shahjalal Islami Bank PLC,17.4,-0.5714285714285796,-1.1363636363636525,-1.1363636363636525,4.819277108433718,-2.7932960893854752,6.097560975609756,-6.951871657754014,-17.78899112210025,126.34588080292642,6.956398485912178,1.3481420313790233,1.1224755769439263
SHARPIND,Sharp Industries PLC,19.5,-9.722222222222229,-28.30882352941176,-53.46062052505967,16.071428571428566,23.41772151898734,51.16279069767442,5.978260869565226,19.631901840490794,19.631901840490794,19.631901840490794,9.42490627259925,9.694901514807473
SHASHADNIM,Shasha Denims PLC,27.9,-0.3571428571428622,4.887218045112771,-5.423728813559327,21.30434782608695,54.99999999999999,75.47169811320754,34.13461538461537,-9.708737864077671,-1.167964686943964,-16.414865400125507,4.313774244004174,3.9233920299622422
SHEPHERD,Shepherd Industries PLC,13.9,-7.947019867549663,-7.947019867549664,-20.57142857142857,-18.235294117647054,7.751937984496124,3.7313432835820897,-26.84210526315789,-23.400537957691284,-61.69005578977405,-61.69005578977405,4.48039613185283,3.9983773357821706
SHURWID,Shurwid Industries Ltd,5.8,-3.333333333333336,-7.936507936507937,-12.12121212121212,-18.309859154929573,-19.444444444444446,26.086956521739136,-6.451612903225812,-77.07509881422925,-35.5555556271605,-80.69210533919544,4.494291996819039,4.044599150912449
SHYAMPSUG,Shyampur Sugar Mills Ltd.,301.7,-0.46189376443419133,-3.301282051282055,-6.070983810709838,69.87612612612612,107.63936682725394,98.48684210526315,62.992976769313884,134.05740884406515,1846.4516129032259,3671.25,4.898411211969938,5.015731226428694
SICL,"Sikder Insurance Co., Ltd.",37.3,-6.281407035175881,-4.358974358974367,-0.5333333333333409,-9.024390243902445,89.34010152284263,101.62162162162161,55.41666666666666,38.14814814814814,38.14814814814814,38.14814814814814,7.054260331375863,5.19428814320824
SILCOPHL,Silco Pharmaceuticals Ltd.,16.4,-7.865168539325855,-4.651162790697679,-22.641509433962266,-21.153846153846164,25.190839694656482,19.70802919708029,-1.796407185628747,-50.75075075075075,-32.686567237018274,-32.686567237018274,5.327111810829635,4.293522744390536
SILVAPHL,Silva Pharmaceuticals Ltd.,12.6,-6.66666666666667,-8.029197080291969,-25.882352941176475,-3.0769230769230798,36.956521739130444,31.25,0.0,-45.45454545454546,-65.18421043927631,-65.18421043927631,4.612911017431926,4.998470495896383
SIMTEX,Simtex Industries PLC,24.3,-5.447470817120617,-2.0161290322580645,-13.214285714285712,-2.799999999999997,8.482142857142868,8.000000000000002,20.297029702970303,0.0,35.48149936706305,-9.802727808858096,4.1655607016107705,3.367191788036437
SINGERBD,Singer Bangladesh Limited,73.2,-2.788844621513937,-0.4081632653061186,-4.687499999999993,-11.594202898550718,-13.780918727915196,-13.882352941176467,-33.57531760435572,-60.96,-50.178010521026174,-27.865373026577014,2.14848987303944,1.9824007297445299
SINOBANGLA,Sinobangla Industries Ltd.,51.7,-2.2684310018903515,0.0,-10.55363321799307,-7.5134168157423895,13.129102844638949,12.882096069869009,-15.522875816993464,8.71179977539613,119.55520348696675,184.23954711278384,2.392337596808874,2.448031434129106
SIPLC,Sena Insurance PLC,134.3,-9.62314939434723,-7.379310344827578,3.149001536098328,52.613636363636374,132.75563258232236,151.96998123827396,163.33333333333337,180.96234309623435,180.96234309623435,180.96234309623435,5.985398676362939,6.399484438016174
SKTRIMS,SK Trims & Industries Ltd.,13.6,-2.85714285714286,-2.1582733812949693,-6.8493150684931505,0.7407407407407381,49.45054945054945,65.85365853658537,37.37373737373737,-69.02050113895216,-63.43111118522406,-63.43111118522406,4.608660130718955,4.6481243689387854
SONALIANSH,Sonali Aansh Industries Limited.,207.3,-3.849721706864556,-1.8465909090908985,-7.123655913978485,13.901098901098907,31.45212428662018,7.744282744282747,-16.913827655310616,215.28517110266162,963.758819756254,1435.5555555555557,3.217675176715748,3.412959191077907
SONALILIFE,Sonali Life Insurance PLC,85.4,0.8264462809917389,-1.0428736964078698,-7.575757575757575,-0.6976744186046445,43.048576214405365,40.22988505747128,12.220762155059148,23.410404624277458,676.3636363636365,676.3636363636365,2.488626064241339,2.8044494809812472
SONALIPAPR,Sonali Paper & Board Mills Ltd.,222.4,-3.76460406750324,-3.2622879512831666,-8.099173553719007,-6.357894736842104,-3.1780583369612465,-5.961945031712472,-24.353741496598637,1.7114486743913002,47.354803813040284,47.354803813040284,2.5753482054285994,2.6794077015981723
SONARBAINS,Sonar Bangla Insurance Ltd.,36.1,-5.744125326370746,-2.6954177897574123,-12.590799031476987,-13.85227251190341,43.579545813494335,49.82213473081754,23.872549329289214,-57.614217039790155,280.95373572255835,73.43162960882337,6.196973123842511,4.794258153213635
SONARGAON,Sonargaon Textiles Limited.,90.6,-9.940357852882704,-13.878326996197726,-16.03336422613532,14.9746192893401,153.07262569832403,191.31832797427649,139.05013192612137,229.4545454545454,1032.5,385.3571440705357,6.701419435343216,5.840295337962896
SOUTHEASTB,Southeast Bank PLC,11.8,1.7241379310344922,3.5087719298245643,8.256880733944957,21.64948453608249,32.90526305157053,38.74725270151192,35.763440782844484,-14.95489268048357,15.095994433981131,-0.8403737984462448,3.2725499056429044,3.8018307943471523
SPCERAMICS,Shinepukur Ceramics PLC,20.0,-3.3816425120772915,2.0408163265306047,-13.043478260869565,-14.529914529914526,6.382978723404252,36.986301369863014,-2.4390243902439024,-45.79945799457994,124.71910112359551,-11.877394892617552,5.388100245097584,4.148051028559008
SPCL,Shahjibazar Power Co Ltd,50.8,-3.787878787878788,-3.0534351145038197,-12.864493996569468,-8.468468468468474,8.31556503198294,6.947368421052626,1.8036072144288549,-55.56602179446623,-59.95312762383506,95.63469182519049,2.580965614994481,2.559757339555838
SQUARETEXT,Square Textiles PLC,48.2,-2.6262626262626205,-1.8329938900203637,-5.859375,1.687763713080178,2.335456475583867,-0.618556701030922,-13.620071684587804,-6.407766990291257,-16.707679839674732,-36.83693006275135,2.6436349477514662,2.7062631831297765
SQURPHARMA,Square Pharmaceuticals PLC,216.0,-0.7352941176470562,-0.8719596145020677,-2.0408163265306123,0.41841004184100683,2.857142857142857,8.542713567839195,-3.5714285714285716,-6.856403622250972,16.08766550444339,106.35206643767535,0.720842601059739,0.6295329156557568
SSSTEEL,S.S. Steel Ltd,6.5,-2.9850746268656745,0.0,-13.333333333333334,18.181818181818183,32.65306122448979,58.53658536585367,14.035087719298243,-73.4090910239153,-82.56232020457719,-82.56232020457719,4.465240449848658,3.9879004971665353
STANCERAM,Standard Ceramic Industries Ltd.,67.7,-1.311953352769667,-2.869440459110473,-7.5136612021857925,-5.314685314685311,-2.0260492040520863,-3.4236804564907155,-25.686059275521398,-73.13492063492063,32.74509803921569,176.3265306122449,6.970528351257687,4.361861581917482
STANDARINS,Standard Insurance PLC,49.2,-2.3809523809523725,-0.6060606060606003,-5.202312138728315,-2.3809523809523725,29.81530343007917,25.83120204603581,14.953271028037397,-51.14200595829195,433.58310922625844,88.49945406132966,4.602112772523056,4.003076364804955
STANDBANKL,Standard Islami Bank PLC,4.5,0.0,-4.255319148936174,-11.764705882352935,0.0,-25.0,-6.2499999999999964,-29.687500000000004,-53.17647290823395,-22.900000191721997,-50.324865773978885,5.47363166549212,3.606405211523108
STYLECRAFT,Stylecraft Limited,51.7,-4.436229205175598,-7.1813285457809695,-14.545454545454541,-5.484460694698354,6.818181818181828,9.533898305084746,-37.71084337349397,-74.13706853426713,0.38197948855288416,110.51072535186728,4.709730600300008,3.158369044597394
SUMITPOWER,Summit Power Ltd.,15.3,-2.5477707006369337,-3.773584905660375,-11.04651162790697,4.081632653061234,9.28571428571429,23.38709677419355,-1.2903225806451568,-67.65327695560254,-52.336448598130836,-66.6753425125449,3.4176884153165044,2.983215963444821
SUNLIFEINS,Sunlife Insurance Co. Ltd.,48.1,-3.992015968063872,-7.854406130268201,-30.188679245283023,-39.11392405063291,-3.799999999999997,-8.728652751423152,-16.34782608695652,32.14285714285715,181.96551640520573,-47.99428036597672,4.739700035124406,5.8041048217229
TAKAFULINS,Takaful Islami Insurance PLC,53.3,-1.4787430683918747,3.8986354775828462,-3.963963963963969,44.05405405405405,73.6156351791531,56.764705882352935,50.9915014164306,-12.479474548440068,336.6824559381483,73.59050294969492,4.574538578988277,4.510428311479512
TALLUSPIN,Tallu Spinning Mills Limited,7.6,-1.2987012987013056,-2.5641025641025665,-8.433734939759049,-10.58823529411765,-6.172839506172839,20.634920634920633,33.33333333333332,-50.64935064935066,-47.22222222222223,-66.9565217678639,3.3452836637047167,3.8984630419621342
TAMIJTEX,Tamijuddin Textile Mills PLC,118.5,-3.2653061224489797,-5.048076923076922,-9.817351598173518,-8.63531225905936,7.923497267759565,-5.9523809523809526,-3.444444541000004,-13.618290345460696,798.9655160014269,798.9655160014269,3.745123158410005,3.113907480184112
TECHNODRUG,Techno Drugs Ltd.,42.8,-3.82022471910113,-2.0594965675057337,-9.704641350210974,-2.0594965675057337,47.07903780068727,46.575342465753415,15.363881401617238,62.12121212121212,62.12121212121212,62.12121212121212,3.629393377406004,3.6353813068996494
TILIL,Trust Islami Life Insurance Ltd.,45.4,-3.813559322033907,0.6651884700665125,-16.849816849816854,-7.346938775510206,11.274509803921573,2.2522522522522523,-47.81609195402299,312.72727272727275,312.72727272727275,312.72727272727275,3.7846465569269245,3.6663310523933212
TITASGAS,Titas Gas Transmission and Distribution PLC,17.6,-2.7624309392265194,-2.2222222222222143,-14.563106796116504,1.7341040462427786,6.024096385542168,12.820512820512832,-22.4669603524229,-61.65577342047929,-62.312633832976445,-72.41379310344828,2.2458764939942957,2.448228111388686
TOSRIFA,Tosrifa Industries PLC,19.4,-8.056872037914705,-8.056872037914705,-15.652173913043484,-1.0204081632653206,19.018404907975444,14.117647058823522,-13.004484304932745,-4.399038853364528,1.3555823785731795,-55.31840509885356,4.976831097321823,4.047929823465877
TRUSTB1MF,Trust Bank 1st Mutual Fund Units,3.6,-2.702702702702705,0.0,-14.285714285714286,12.499999999999996,28.571428571428584,50.00000000000001,2.85714285714286,-52.0,-4.454468309008183,-44.88760044263523,6.644841435863105,5.453096252812261
TRUSTBANK,Trust Bank PLC,14.6,-0.6802721088435351,-2.666666666666669,-6.410256410256411,-9.28994062980638,-12.399999807280011,-11.896551503879303,-20.15624980039063,-32.45275065628872,43.67117728100828,53.81561083104718,1.8118454750818678,1.6700895563210263
TUNGHAI,Tung Hai Knitting & Dyeing Ltd,4.0,-4.761904761904765,-16.666666666666664,17.647058823529413,21.212121212121218,11.111111111111109,150.0,73.91304347826089,-48.05194805194805,-58.095238159092965,-83.86666669936355,10.913336663336654,9.11284072056169
UCB,United Commercial Bank PLC,8.9,-2.19780219780219,-2.19780219780219,-7.29166666666666,2.298850574712656,-6.315789473684207,-15.238095238095235,-10.999999999999996,-34.97906601716793,-26.461871257354915,-29.81646122980174,2.6521792813927734,2.4980385038870785
UNILEVERCL,Unilever Consumer Care Limited,1996.9,-0.2597272863493241,-2.0551304689032697,-2.3520782396087974,-5.076769501354743,-7.021464822833717,-7.550925925925922,-19.96392785571142,12.541035575907014,103.11760966306423,497.20373831775703,1.6560467659518114,0.7990057287727635
UNIONCAP,Union Capital Limited,4.3,-2.2727272727272845,-6.52173913043478,-17.307692307692314,-8.510638297872347,-28.33333333333334,53.57142857142858,-6.52173913043478,-72.43589743589743,-55.428845960818784,-77.26722578516957,4.758985200845661,4.54418673761771
UNIONINS,Union Insurance PLC,49.1,-2.5793650793650738,0.20408163265306412,-12.007168458781354,22.13930348258706,56.369426751592364,33.42391304347827,33.78746594005449,346.3636363636364,346.3636363636364,346.3636363636364,4.5933423720300794,4.699463836269362
UNIQUEHRL,Unique Hotel & Resorts PLC,42.3,-2.5345622119815703,-0.47058823529412436,-7.236842105263167,4.4444444444444375,14.324324324324317,10.443864229765014,-2.758620689655179,-6.208425720620853,-6.000000000000006,-66.61404893449092,2.1683014130455884,2.4074491792451873
UNITEDFIN,United Finance PLC,16.9,-4.51977401129944,-2.3121387283237116,-9.625668449197864,26.119402985074615,33.07086614173228,45.68965517241379,24.264705882352935,-36.70411985018727,-1.935525799660674,-27.507966020929878,5.043511811146774,4.247156464220082
UNITEDINS,United Insurance Company Limited,61.9,-4.622496147919887,1.1437908496731957,-9.766763848396495,40.362811791383216,48.441247002398065,48.086124401913885,39.414414414414416,-11.823361823361829,179.07680981938975,62.135173915436326,4.752140361535103,4.593398133004063
UPGDCL,United Power Generation & Distribution Co. Ltd.,112.4,-0.5309734513274286,-4.745762711864402,-8.54353132628153,-8.24489795918367,-3.103448275862064,-3.1869078380706193,-23.43324250681199,-62.965403624382205,23.215703625689994,101.50796734024624,2.9974831976137297,2.1368922108681296
USMANIAGL,Usmania Glass Sheet Factory Limited,54.9,-7.731092436974793,-10.294117647058831,-25.71041948579162,34.229828850855746,62.90801186943618,61.470588235294116,39.340101522842644,-34.642857142857146,-28.360882566116715,13.209985474082437,7.587541624046831,6.062593026638639
UTTARABANK,Uttara Bank PLC,20.8,0.0,-0.952380952380949,-2.347417840375587,-1.886792452830182,6.122448979591833,13.537117903930135,20.370370370370367,54.25344512184326,135.31983246133007,60.50178525016851,1.2077294685990356,1.0530130304723908
UTTARAFIN,Uttara Finance and Investments Limited,12.6,-2.3255813953488427,-3.816793893129771,-9.352517985611515,-7.352941176470589,-0.7874015748031469,27.272727272727266,-15.436241610738259,-72.0,-75.98911065006456,-82.18727047516049,2.9063727165152735,2.7073988807619207
VAMLRBBF,Vanguard AML Rupali Bank Balanced Fund Units,8.2,1.2345679012345634,2.499999999999991,-3.5294117647058907,32.25806451612902,38.983050847457605,43.859649122807,43.859649122807,-7.865168539325855,-25.45454545454546,-25.45454545454546,2.441553367713697,2.1391976583942074
VFSTDL,VFS Thread Dyeing Ltd.,13.8,-6.1224489795918275,-4.827586206896547,-19.29824561403509,-8.609271523178801,31.428571428571434,7.8125,66.26506024096385,-49.687499874218744,-41.74552599085981,-41.74552599085981,5.701216216493936,4.960778813531965
WALTONHIL,Walton Hi-Tech Industries PLC,390.2,-0.5099439061703213,0.0,-0.989596549099222,2.6842105263157863,2.119863909971203,2.6842105263157863,-12.990066982839796,-69.42006272660056,13.550264436714285,13.550264436714285,1.8669344257010791,1.6139090036576578
WATACHEM,Wata Chemicals Ltd.,132.8,-2.7818448023425937,-3.065693430656926,-4.734576757532277,-7.067879636109163,12.44707874682474,-6.478873239436612,-18.776758409785927,-61.395348837209305,34.15630570816602,529.4166669322019,3.9004159496583006,3.577762921903952
WMSHIPYARD,Western Marine Shipyard Limited,9.0,-1.098901098901095,-4.255319148936174,-14.285714285714286,0.0,8.433734939759027,9.756097560975618,3.448275862068974,-44.09937888198758,-33.25967663610332,-73.8600400497297,3.377819054418958,3.1004156865943107
YPL,Yeakin Polymer Ltd.,20.4,-4.672897196261683,-13.559322033898317,-18.400000000000006,-18.400000000000006,23.63636363636363,15.25423728813559,1.999999999999993,23.63636363636363,-18.58689134605163,-18.58689134605163,7.498057850999029,4.765190154694109
ZAHEENSPIN,Zaheen Spinning PLC,5.5,0.0,-8.333333333333334,-3.5087719298245643,-3.5087719298245643,0.0,37.5,-24.657534246575338,-53.38983050847458,-55.45503057208722,-61.35456654070122,5.489927470190633,6.389710296048689
ZAHINTEX,Zahintex Industries Ltd.,7.9,-1.2499999999999956,-8.139534883720922,-12.22222222222222,-11.235955056179774,8.219178082191789,36.20689655172415,29.508196721311485,-24.761904761904756,-52.11632679670866,-66.6976776346855,7.986131378407803,5.281571021149714
ZEALBANGLA,Zeal Bangla Sugar Milla Limited,171.9,-5.808219178082188,-7.081081081081079,-20.41666666666666,40.212071778140306,23.669064748201443,20.209790209790214,64.97120921305182,1.7159763313609502,804.7368421052631,1875.8620689655177,6.611878874564068,7.097376492614681
