Symbol,Name,Price,Change %,Perf % 1W,Perf % 1M,Perf % 3M,Perf % 6M,Perf % YTD,Perf % 1Y,Perf % 5Y,Perf % 10Y,Perf % All Time,Volatility 1W,Volatility 1M
1JANATAMF,First Janata Bank Mutual Fund Units,3.9,0.0,-2.500000000000002,21.87499999999999,25.80645161290322,69.56521739130436,49.999999999999986,11.428571428571427,-55.17241379310344,-9.05200051913119,-28.266366316838845,5.9228763176131585,6.0288274548735945
1STPRIMFMF,Prime Finance First Mutual Fund 2009 Units,23.8,0.8474576271186409,-2.857142857142854,-1.2448132780083017,22.680412371134032,23.3160621761658,19.000000000000004,1.276595744680854,13.333333333333336,180.0,-22.222222222222225,3.2052457813646376,4.302469270590414
AAMRANET,aamra networks ltd,20.7,-0.48076923076923755,-0.4807692307692376,0.0,25.45454545454545,27.77777777777778,16.292134831460668,11.290322580645148,-43.22206966995024,-65.64060105419105,-65.64060105419105,2.3284330461282883,3.338251361170603
AAMRATECH,Aamra Technologies Limited,19.7,-0.5050505050505122,11.931818181818167,17.964071856287426,50.38167938931298,74.3362831858407,60.16260162601625,53.906249999999986,-30.39333359783867,-4.252838559108662,-33.003583478140506,5.169556229111206,5.153496423248911
ABB1STMF,AB Bank 1st Mutual Fund 2011 Units,4.0,5.263157894736848,-2.439024390243894,21.212121212121218,24.999999999999993,60.0,48.14814814814813,8.108108108108103,-48.71794871794872,-5.840000659684963,-40.33330668121587,5.8215249662618085,6.4235775338025425
ABBANK,AB Bank PLC,5.1,0.0,1.999999999999993,1.999999999999993,-7.27272727272728,15.909090909090892,24.390243902439025,-27.142857142857146,-59.604887323892456,-61.588034699923355,-77.8392508076761,3.21632653061224,3.447667638483963
ACFL,Aman Cotton Fibrous PLC,24.0,-2.439024390243908,1.694915254237282,0.41841004184101016,25.654450261780095,37.142857142857146,33.333333333333336,32.596685082872916,-49.473684210526315,-60.0,-60.0,3.436429546809105,3.5464348839978426
ACI,Advanced Chemical Industries PLC,200.4,-0.6937561942517372,-0.8902077151335228,0.8555611474584888,0.20000000000000284,-3.9770004791566764,2.7692307692307723,4.266389177939655,-11.620525977463203,-24.28752522210919,221.79431957645147,1.685490501080006,2.2021250049502177
ACIFORMULA,ACI Formulations PLC,167.7,-0.533807829181498,-4.171428571428578,10.328947368421046,18.09859154929577,25.806451612903206,29.999999999999993,25.149253731343276,12.730474033426681,6.847694441876514,143.21132657487914,3.253551274164684,3.849178775072065
ACMELAB,ACME Laboratories Ltd.,83.0,-0.24038461538461878,-1.5421115065243145,1.343101343101336,8.49673202614379,11.559139784946227,16.409537166900424,6.8211068211068175,11.111111111111107,-27.88879235447437,-38.51851851851852,1.4775657764867391,2.227634381102528
ACMEPL,ACME Pesticides Ltd,23.7,-0.8368200836820056,3.0434782608695623,1.2820512820512853,0.851063829787231,52.90322580645161,49.0566037735849,59.06040268456375,115.45454545454545,115.45454545454545,115.45454545454545,5.4106394511606295,3.3871361928861794
ACTIVEFINE,Active Fine Chemicals Ltd.,6.9,0.0,2.985074626865674,-4.166666666666664,4.5454545454545565,23.214285714285726,27.777777777777775,-21.590909090909093,-72.72727272727272,-71.55391111546581,-76.59999983558957,2.9679144385026763,3.569886393587583
ADNTEL,ADN Telecom Ltd.,67.7,0.0,-1.167883211678828,-0.7331378299120235,14.551607445008461,11.165845648604277,16.92573402417963,-13.977128335451079,23.54014598540147,67.16049382716051,67.16049382716051,2.434857989485006,2.716492454909917
ADVENT,Advent Pharma Ltd.,16.0,1.265822784810122,2.5641025641025665,0.6289308176100606,19.402985074626862,19.402985074626862,19.402985074626862,0.0,-40.00000018750001,-56.55616027491852,-56.55616027491852,2.8657013675786733,2.318138422037641
AFCAGRO,AFC Agro Biotech Ltd.,7.3,0.0,0.0,-10.975609756097555,10.606060606060609,43.137254901960794,45.99999999999999,-8.750000000000002,-77.11598746081505,-76.83331001510781,-68.14097496727122,3.7380248903214275,4.320141636931363
AFTABAUTO,Aftab Automobiles Ltd.,30.7,-0.647249190938509,-0.9677419354838732,-2.5396825396825418,10.431654676258988,-0.9677419354838732,-10.23391812865498,-15.426997245179058,13.962121762938136,-30.641905394929545,-54.87099963224377,2.852393391713234,2.781154991005665
AGNISYSL,Agni Systems PLC,32.7,0.30674846625767305,-5.217391304347818,10.101010101010113,32.926829268292686,45.33333333333334,57.21153846153847,23.86363636363638,29.24901185770752,110.30187653599233,76.43970985779289,4.01467889342303,4.114721271090843
AGRANINS,Agrani Insurance PLC,30.6,-1.607717041800643,7.746478873239447,15.471698113207552,33.04347826086957,22.400000000000006,28.571428571428577,18.146718146718158,-35.574247760716545,261.04595182146653,85.47280024958484,3.9612811652285305,4.653811058408237
AIBL1STIMF,AIBL 1st ISLAMIC Mutual Fund 2010- Units,6.6,3.124999999999989,0.0,57.142857142857125,64.99999999999999,88.57142857142856,94.11764705882354,13.79310344827586,-31.958762886597935,-5.71428571428572,-14.285714285714294,7.437374453503485,7.637850188178493
AIL,Alif Industries Ltd.,38.0,-0.2624671916010536,1.8766756032171659,10.144927536231885,22.580645161290324,38.68613138686133,-6.633906633906641,-19.148936170212767,11.170212641777965,-65.59538471313607,-65.59538471313607,2.979913889182187,3.6494172802536378
AL-HAJTEX,Alhaj Textile Mills Limited,101.9,0.0,-2.019230769230764,-2.9523809523809468,3.451776649746199,-18.479999999999997,-25.728862973760922,-24.068554396423238,136.97674418604655,47.58313339836622,340.0937740411886,3.678335039301375,4.06049816290686
ALARABANK,Al-Arafah Islami Bank PLC,17.2,-1.1494252873563178,-1.7142857142857184,15.436241610738247,17.006802721088437,32.30769230769231,14.666666666666663,-0.578034682080933,-17.69115055945843,49.79344176739497,-3.8758198810649698,1.621224678199384,2.989152677904725
ALIF,Alif Manufacturing Company Ltd.,5.7,0.0,1.7857142857142954,3.63636363636364,1.7857142857142954,50.00000000000001,42.50000000000001,-4.999999999999997,-57.46268656716418,-32.644946170402264,-66.2463325219078,3.671517511140152,3.870503693504591
ALLTEX,Alltex Industries Limited,20.3,5.181347150259067,6.842105263157897,16.000000000000004,35.33333333333334,49.26470588235295,51.492537313432834,87.96296296296296,39.041095890410965,11.538461538461547,165.65432008246182,3.3372988819198257,3.718890798784848
AMANFEED,Aman Feed PLC,38.3,0.0,0.7894736842105189,14.328358208955216,42.910447761194014,60.92436974789914,66.52173913043477,56.32653061224489,-46.43356643356644,-34.35712043283984,14.21143682452507,3.137886109654884,3.675336624138408
AMBEEPHA,Ambee Pharmaceuticals PLC,815.3,-0.30569821472242603,-0.3300733496332574,6.28340503193846,8.67768595041321,14.830985915492953,13.236111111111105,-0.8874300996839373,89.64875552454059,148.0377243687253,336.1836843103904,1.8881795983315295,2.2145419310690797
AMCLPRAN,Agricultural Marketing Co. Ltd.,228.8,0.9263343625937464,-1.9708654670094234,4.331965344277245,7.670588235294123,7.266760431317393,13.099357390014829,2.142857142857148,14.342828585707156,10.584823586273565,86.01626016260164,2.7474652853728028,2.713320187747009
ANLIMAYARN,Anlima Yarn Dyeing Ltd.,34.2,1.4836795252225519,3.636363636363645,3.636363636363645,69.30693069306933,87.91208791208794,64.42307692307693,52.67857142857145,-12.082262210796904,-6.557377049180324,71.00000000000001,4.185034936166091,4.6037089415817825
ANWARGALV,Anwar Galvanizing Ltd.,113.4,0.17667844522968448,-1.9878997407087269,-3.735144312393881,11.176470588235299,27.702702702702712,30.94688221709008,65.78947368421052,-30.095890970191775,239.70979604662634,1303.3249914572593,2.1903886466006073,2.8787583653984647
AOL,Associated Oxygen Ltd,17.6,0.0,-0.5649717514124174,-8.333333333333321,12.101910828025492,23.07692307692308,15.789473684210542,14.285714285714294,-65.12592595382519,35.590399264774625,35.590399264774625,2.213784000912297,2.58095401933031
APEXFOODS,Apex Foods Limited,281.2,-0.6009190526687835,-3.201376936316699,1.2968299711815439,7.698199923400982,17.95302013422818,14.401952807160283,25.53571428571428,105.25547445255474,131.82192910140148,292.7374301675978,1.6899400904873354,3.2016823462491617
APEXFOOT,Apex Footwear Ltd.,217.8,0.27624309392266244,-0.1833180568285872,5.268245529241181,7.875185735512632,20.93281510272072,21.47239263803681,22.635135135135148,68.35530412050753,13.57701113853817,63.437709324764455,2.0758404304784763,2.243433401803558
APEXSPINN,Apex Spinning and Knitting Mills Ltd.,366.3,-0.9732360097323509,-3.605263157894734,-2.3720682302771796,3.1540411151788192,84.07035175879398,103.5,156.15384615384616,197.32142857142858,281.96037539103224,423.2857142857143,3.9235511393644766,4.648602367579098
APEXTANRY,Apex Tannery Limited.,103.3,0.09689922480619605,-3.3676333021515514,0.29126213592232736,1.2745098039215659,38.101604278074866,73.32214765100672,41.70096021947872,-8.745583038869263,-34.41269841269841,41.31326949384406,3.00374978725065,4.042199305031376
APOLOISPAT,Appollo Ispat Complex Ltd.,3.3,0.0,9.999999999999995,0.0,0.0,83.33333333333331,94.11764705882354,-2.941176470588238,-67.0,-73.2935715725763,-86.45198591382432,6.292766373411528,6.332995405749855
ARAMIT,Aramit Limited,207.2,0.8763388510223871,-1.0978520286396236,-1.4272121788772598,15.81889323644493,19.768786127167626,14.034122179416622,4.068307383224507,-35.047021943573675,-51.53216374269006,-2.2641509433962317,3.4958541987563834,4.69662223100094
ARAMITCEM,Aramit Cement Limited,12.5,0.0,0.0,0.8064516129032229,9.649122807017541,28.865979381443307,42.04545454545453,-5.303030303030298,-76.80890538033395,-63.017751479289934,-65.41242978270148,5.38708021845457,5.09464136178974
ARGONDENIM,Argon Denims Ltd.,24.7,-1.984126984126984,17.061611374407573,25.38071065989848,46.15384615384617,41.14285714285714,40.34090909090907,38.76404494382022,3.431249804773515,51.52439913232639,-35.94014609098143,4.655617889688415,3.9551063297026943
ASIAINS,Asia Insurance PLC,43.4,0.46296296296295303,4.3269230769230695,0.23094688221709336,9.045226130653269,11.28205128205128,57.81818181818181,54.99999999999999,-56.205852674066605,247.2,31.325648723430547,2.6629745260644,3.5336103080700725
ASIAPACINS,Asia Pacific General Insurance PLC,47.7,2.801724137931044,12.235294117647063,4.835164835164841,25.52631578947369,14.114832535885181,50.9493670886076,43.67469879518072,-34.83606557377049,245.6521739130435,40.70796460176992,3.094130593091501,4.073128594599857
ASIATICLAB,Asiatic Laboratories Ltd,125.5,-0.6334125098970683,-2.2585669781931506,1.8668831168831146,13.987284287011812,118.64111498257839,160.37344398340247,175.82417582417582,119.02268760907505,119.02268760907505,119.02268760907505,3.4090347019410983,4.187725433133068
ATLASBANG,Atlas Bangladesh Limited,93.4,0.4301075268817265,-1.059322033898305,32.48226950354611,33.42857142857144,83.1372549019608,64.72663139329806,61.0344827586207,-19.828326180257505,-4.30266124458851,-16.96490462182392,4.780046006699826,6.3695214512009
AZIZPIPES,Aziz Pipes Limited.,76.9,2.124833997343969,1.184210526315797,-3.874999999999993,37.32142857142858,87.10462287104623,64.31623931623933,47.600767754318625,-25.267249757045676,67.96483616096776,394.5631286121655,3.9965655801059903,4.507143118053349
BANGAS,Bangas Limited,138.0,0.29069767441860883,1.098901098901099,-0.7194244604316546,2.6022304832713754,16.751269035532992,5.828220858895701,31.428571428571427,11.290322580645162,-4.942954982292724,-1.5766567372911509,1.6925319466680202,2.575440641662254
BANKASIA,Bank Asia PLC,18.0,-0.5524861878453117,-3.2258064516129106,-2.7027027027027026,-5.652174289751094,-2.3500004052475054,6.141303882304167,1.1917094075477181,11.890624428163141,79.88613279748371,54.846322788455026,1.327194597912817,2.005171258701997
BARKAPOWER,Baraka Power Ltd.,8.5,4.938271604938276,4.938271604938276,2.409638554216859,4.938271604938276,8.974358974358976,25.000000000000004,-22.018348623853214,-68.97810218978101,-60.747468737140224,-62.539754294625794,3.753164556962021,3.293045034974032
BATASHOE,Bata Shoe Co. (Bangladesh) Ltd.,912.0,0.37420206911732085,3.0508474576271185,6.034182071852108,9.352517985611511,11.668911473001097,13.418729013804251,-0.3931847968545241,40.30769230769231,-23.361344537815125,77.0873786407767,1.2756659158447565,1.6764504568773804
BATBC,British American Tobacco Bangladesh Co Ltd,248.3,-0.9573195053849132,8.80806310254164,12.55666364460563,10.11086474501109,-7.968865826538176,0.12096774193548845,-13.09065453272663,-56.423306423306414,-18.649434121669785,166.67064972163888,4.403613368648887,2.160311722424594
BAYLEASING,Bay Leasing and Investment Ltd.,5.2,0.0,-5.4545454545454515,13.043478260869579,8.333333333333341,36.842105263157904,57.575757575757585,15.555555555555559,-81.10726639218639,-62.08822575696911,-80.18248171300485,6.139332365747455,5.320868580282261
BBS,Bangladesh Building Systems PLC,15.4,-0.6451612903225784,1.3157894736842175,-3.144654088050314,30.50847457627118,75.0,67.39130434782611,42.59259259259258,-20.618556701030922,-35.49183387522622,-28.97650881333869,3.3466498142225873,3.1865338647068433
BBSCABLES,BBS Cables PLC,22.5,-0.8810572687224639,-0.8810572687224638,-5.462184873949582,14.21319796954315,53.061224489795926,48.02631578947369,33.92857142857142,-60.0543476259245,-22.165526900154315,-22.165526900154315,2.795722288748131,2.3561709819377468
BDAUTOCA,Bangladesh Autocars Limited,212.5,0.6631927996210354,1.7720306513409907,-0.5615348619560078,-5.764966740576496,67.98418972332016,67.32283464566929,105.51257253384912,53.097982708933706,708.8254258974856,884.2994168419677,3.9904106885058392,3.763248753549234
BDCOM,BDCOM Online Ltd.,32.9,0.30487804878049213,-2.3738872403560953,-0.6042296072507638,17.499999999999996,24.15094339622641,26.538461538461533,45.759494002996306,37.3948870595883,97.61276606867379,173.58856650196242,2.544231166786731,4.636931002733596
BDFINANCE,Bangladesh Finance PLC,13.8,1.4705882352941255,2.985074626865674,6.1538461538461595,15.000000000000005,14.049586776859513,6.1538461538461595,25.45454545454546,-69.46137798863785,73.42907451040995,-15.061046339975068,4.366205572466567,4.22972330675634
BDLAMPS,Bangladesh Lamps PLC,183.1,-0.05458515283842484,1.722222222222219,1.665741254858412,-3.631578947368424,32.202166064981945,36.133828996282524,35.629629629629626,8.601441152227407,2.5743454676787403,63.26416653605533,2.965953343710657,3.1683790566918226
BDTHAI,Bangladesh Thai Aluminium Ltd.,19.1,0.0,1.5957446808510676,-7.7294685990338055,50.3937007874016,76.85185185185186,70.5357142857143,42.53731343283583,-27.099236641221367,6.665888754015365,19.8866601557749,4.072165579743425,4.676659036494013
BDTHAIFOOD,BD Thai Food & Beverage Ltd.,24.5,0.0,11.363636363636363,-4.296875000000005,14.48598130841122,85.60606060606061,70.13888888888889,75.0,102.47933884297521,102.47933884297521,102.47933884297521,5.801865433213742,5.247681837043215
BDWELDING,Bangladesh Welding Electrodes Ltd.,13.9,0.0,-1.4184397163120517,-7.333333333333331,-4.137931034482756,-4.794520547945201,-23.204419889502766,29.90654205607478,-34.12322274881517,43.25510199696272,-36.7341200120836,2.3358130938824306,4.059298451385295
BEACHHATCH,Beach Hatchery Ltd,33.7,-0.5899705014749137,-2.3188405797101366,-0.8823529411764622,9.77198697068405,8.709677419354849,-27.991452991452984,-27.21382289416846,60.47619047619049,237.00000000000006,49.303797808540295,2.4005809564247707,2.911111623641271
BEACONPHAR,Beacon Pharmaceuticals PLC,109.3,1.0166358595194032,-0.4553734061930783,-0.9963768115942105,5.910852713178289,5.400192864030853,4.3935052531041014,-4.122807017543862,-45.62189054726368,562.4242424242424,609.7402597402597,2.0436508571230867,2.348864735377641
BENGALWTL,Bengal Windsor Thermoplastics PLC,24.2,0.41493775933609073,-0.8196721311475381,-3.5856573705179366,-0.8196721311475381,39.88439306358381,39.08045977011495,32.24043715846994,-12.949640287769787,-42.99785873340701,-51.11519208400597,2.5269736977499893,3.0500656245789433
BERGERPBL,Berger Paints Bangladesh Ltd.,1480.4,0.264138164578401,5.833571632828148,3.379888268156431,6.564929455801903,4.67369016474582,7.197682838522816,-2.92459016393442,-17.48049052396878,37.455896007428045,463.9619047619048,1.308608217647868,1.2097780374101073
BESTHLDNG,Best Holdings PLC,15.5,0.0,-4.320987654320984,-0.6410256410256387,24.0,31.355932203389823,14.814814814814815,-3.72670807453417,-47.278911564625844,-47.278911564625844,-47.278911564625844,3.5501038312879576,3.7607261920115516
BEXIMCO,Bangladesh Export Import Company Ltd.,23.2,9.95260663507108,-10.077519379844965,-22.66666666666667,-78.92824704813806,-78.92824704813806,-78.92824704813806,-78.92824704813806,-73.40611347063319,12.371967370309648,-41.58182516447028,7.078916479856086,5.297254411979791
BGIC,Bangladesh General Insurance Company PLC,41.1,0.0,4.8469387755102,3.0075187969924886,9.600000000000003,14.16666666666667,33.00970873786409,24.92401215805472,-20.502901353965186,177.70270270270268,31.309904153354637,4.435063025618681,4.169693526307838
BIFC,Bangladesh Industrial Finance Company Ltd.,4.9,0.0,16.666666666666668,8.888888888888896,13.953488372093037,188.23529411764707,188.23529411764707,-22.222222222222214,-28.98550724637681,-34.66666666666666,-75.94688758615922,7.609781192773132,8.143130012080029
BNICL,Bangladesh National Insurance Company Ltd,119.4,-0.9128630705394145,12.535344015080124,-0.6655574043261208,44.55205811138016,111.3274336283186,165.33333333333334,184.96420047732698,-6.864274570982826,818.4615384615385,222.7027027027027,5.420747459266148,4.845326989875177
BPML,Bashundhara Paper Mill Ltd.,28.8,-0.3460207612456674,-3.0303030303030254,2.1276595744680904,5.109489051094899,19.50207468879668,11.196911196911206,-15.789473684210531,-37.52711496746204,-81.41935483870968,-81.41935483870968,1.948346193430171,2.712164717688827
BPPL,Baraka Patenga Power Ltd.,20.6,0.9803921568627592,-1.4354066985645797,3.000000000000007,24.096385542168672,35.5263157894737,38.255033557046985,37.33333333333334,-54.52538631346578,-35.423197492163006,-35.423197492163006,2.388365744717038,2.8883549751414828
BRACBANK,BRAC Bank PLC,63.7,-0.3129890453834049,-0.46874999999999556,-4.066265060240967,-1.0067331468626077,-0.7384587140397656,15.909837775296827,8.205343379008246,131.3996219647988,261.8988158885497,867.6273127838398,1.7939583512187975,2.0929157325341237
BSC,Bangladesh Shipping Corporation,121.7,0.24711696869851493,0.24711696869851493,9.837545126353795,16.90682036503363,7.699115044247789,8.37043633125557,13.738317757009348,163.4199134199134,249.49743701582767,143.69156033217303,3.0178834739540967,3.2258398936831334
BSCPLC,Bangladesh Submarine Cables PLC,158.0,-0.6913890634820832,-1.6801493466085804,3.5386631716906987,9.951287404314552,14.492753623188406,23.148869836321115,22.957198443579767,-11.534154535274354,42.47069431920648,260.97783870230745,2.253032464491353,2.64794047918395
BSRMLTD,Bangladesh Steel Re-Rolling Mills Ltd.,103.5,-0.38498556304139137,-0.7670182166826435,7.253886010362694,21.764705882352942,24.849215922798546,35.64875491480997,26.682986536107705,14.3646408839779,-23.543956198455135,129.5974993078018,3.158600922997473,4.083916617456767
BSRMSTEEL,BSRM Steels Limited,97.5,0.20554984583761854,0.5154639175257731,23.417721518987342,38.49431818181817,35.04155124653739,53.54330708661417,53.785488958990534,64.69594594594594,11.602497288218133,73.25000026800441,2.4824844110104687,3.5333872071383436
BXPHARMA,Beximco Pharmaceuticals Plc,150.0,1.9714479945615266,-1.1857707509881497,5.633802816901408,30.434782608695652,27.659574468085108,45.63106796116505,38.888888888888886,-18.87506760411033,90.75144488382503,241.29925087098866,2.3845922567483555,2.777026732573463
CAPITECGBF,CAPITEC GRAMEEN BDT10 (MUTUAL FUND) Units,9.9,3.1250000000000075,12.499999999999996,32.00000000000001,37.5,41.42857142857144,45.58823529411766,28.571428571428573,-31.25,-31.25,-31.25,6.415619654701403,4.614876178654781
CAPMBDBLMF,CAPM BDBL Mutual Fund 01 Units,10.1,0.0,-2.8846153846153912,3.061224489795907,-17.21311475409836,-1.9417475728155442,0.0,8.602150537634396,-26.27737226277372,-6.481481481481492,-6.481481481481492,1.7475247524752455,3.8840864268455477
CAPMIBBLMF,CAPM IBBL Islamic Mutual Fund Units,13.9,4.5112781954887184,-8.552631578947361,32.38095238095239,54.44444444444445,80.51948051948052,85.33333333333333,59.77011494252876,-39.56521739130435,39.00000000000001,39.00000000000001,5.882526082648482,6.659832741631597
CENTRALINS,Central Insurance PLC,43.0,0.7025761124121713,6.172839506172839,0.23310023310023642,2.625298329355612,-4.231625835189306,5.6511056511056434,3.11750599520383,-37.13450292397661,237.5037261196256,63.32376092897135,2.5007544389626335,3.435876670110815
CENTRALPHL,Central Pharmaceuticals Ltd.,11.5,1.7699115044247724,6.481481481481475,6.481481481481475,33.720930232558146,40.2439024390244,30.681818181818173,2.678571428571435,-30.722891566265066,-9.249999938842393,-66.39527508357058,4.590933840933841,4.4978483259180235
CITYBANK,City Bank PLC,31.5,0.0,-1.5625,-1.2539184952978013,10.779816197005731,38.263358388111136,48.463114294714536,43.74999959499008,89.81780179209589,148.12063799339992,210.2814769737939,1.334374874814732,2.2848390652811856
CITYGENINS,City Insurance PLC,112.0,0.08936550491509768,3.7037037037037037,4.770813844714681,11.332007952286288,30.384167636786955,29.18108419838523,123.10756972111552,162.91079812206576,1154.8148126653634,367.17720609308634,2.8099405246257274,1.0580251485649055
CLICL,Chartered Life Insurance PLC,51.3,-0.5813953488372176,-5.871559633027529,-4.646840148698885,-11.55172413793104,-12.60647359454856,-8.064516129032258,7.999999999999994,366.3636363636363,366.3636363636363,366.3636363636363,6.388848560895588,5.2391909303120885
CNATEX,C & A Textiles Ltd,3.2,0.0,10.344827586206907,0.0,-3.0303030303030196,52.38095238095239,33.33333333333335,0.0,-42.85714285714285,-56.543209914098455,-81.31563977047212,5.665322580645153,5.970364404361837
CONFIDCEM,Confidence Cement PLC,68.5,-0.2911208151382865,-1.5804597701149345,1.783060921248147,8.903020667726553,30.725190839694662,38.66396761133604,26.38376383763837,-46.01769093732245,55.588093752909806,27.73964119906639,2.4793122904477864,3.3248856088745966
CONTININS,Continental Insurance PLC,34.7,-0.857142857142849,8.777429467084653,5.15151515151516,20.905923344947748,28.518518518518526,43.38842975206614,44.58333333333334,-28.558823350808815,290.32584480264217,51.129288390245975,2.9466026984646545,5.5408127241763445
COPPERTECH,Coppertech Industries Ltd,27.7,3.358208955223875,4.9242424242424265,1.46520146520146,27.06422018348623,43.52331606217616,46.56084656084657,31.279620853080555,-19.876032869129507,6.887375808175443,6.887375808175443,3.1676969043380527,2.8005587264378535
CROWNCEMNT,Crown Cement PLC,69.0,-0.5763688760806998,0.0,6.646058732612051,39.67611336032389,44.05010438413361,47.435897435897445,36.633663366336634,-8.609271523178808,-8.609271523178808,-14.603960396039602,2.6786327067472886,3.635373173090894
CRYSTALINS,Crystal Insurance Company Ltd,69.0,-1.5691868758915755,2.985074626865672,-8.97097625329815,-16.967509025270754,-19.767441860465116,20.0,50.655021834061145,25.454545317685955,405.999999494,405.999999494,3.1113910923529136,3.255663932540798
CVOPRL,CVO Petrochemical Refinery PLC,175.8,0.2280501710376315,-2.0066889632106992,1.972157772621813,9.875000000000007,11.406844106463877,19.186440677966107,24.50424929178472,69.63157877773686,-25.256688454892423,46.761606538448305,2.0133997870144276,2.5884610166337145
DACCADYE,Dacca Dyeing and Manufacturing Company Limited,16.8,-1.17647058823529,-5.084745762711856,-1.17647058823529,11.258278145695373,0.5988023952095893,-13.402061855670093,0.5988023952095893,-22.580645161290317,90.9090909090909,-40.194174819216386,2.717782535000917,3.2809255273316564
DAFODILCOM,Daffodil Computers PLC.,164.8,1.1042944785276143,-0.9615384615384581,8.492429229756421,54.596622889305834,282.3665893271462,356.50969529085876,201.83150183150187,183.1615120274914,649.0909090909091,949.6815286624205,2.0164312913991322,2.977371010085293
DBH,DBH Finance PLC,44.0,2.088167053364266,-0.6772009029345308,7.055961070559608,14.285714285714286,16.710875331564978,25.714285714285715,14.285714285714286,-40.3160368856002,-37.51142893774185,28.30222203317473,2.4223861055949136,2.8991594386177613
DBH1STMF,DBH First Mutual Fund Units,5.7,1.7857142857142954,-4.999999999999997,21.27659574468085,26.66666666666667,-12.307692307692305,-12.307692307692305,-1.7241379310344767,-41.237113402061844,-1.7241379310344767,-22.972972972972975,4.457023239917982,5.667385930409543
DELTALIFE,Delta Life Insurance Company Ltd.,80.8,-0.6150061500615006,0.7481296758104667,0.2481389578163807,5.75916230366491,7.1618037135278385,19.174041297935105,11.141678129298478,-41.786743515850155,-14.587737843551796,-97.59986692331456,3.297785850680486,3.235008413583798
DELTASPINN,Delta Spinners Limited,7.9,0.0,0.0,16.176470588235304,19.696969696969706,49.05660377358492,58.000000000000014,41.071428571428584,-23.300970873786408,20.999999811607605,-49.57671725318256,4.670950989938325,4.096472794904851
DESCO,Dhaka Electric Supply Co. Ltd.,25.8,-0.3861003861003779,-2.272727272727265,3.200000000000003,8.403361344537815,11.206896551724142,25.85365853658537,7.500000000000003,-26.495726495726498,-49.90291262135922,-61.18911165082379,2.658131376574039,2.994860590861659
DESHBANDHU,Deshbandhu Polymer Limited,23.0,0.8771929824561372,10.04784688995216,7.981220657276992,35.294117647058826,49.35064935064935,35.294117647058826,21.05263157894737,46.49681528662421,143.26923062888315,6.221480164709046,5.571126294963003,3.7785538139529713
DGIC,Desh General Insurance Company Ltd,34.8,-0.28653295128940237,8.411214953271013,22.10526315789473,51.9650655021834,54.66666666666666,76.64974619289339,45.606694560669446,-27.80082987551868,131.99999999999997,131.99999999999997,3.958914052938983,5.826634234271022
DHAKABANK,Dhaka Bank PLC,12.2,0.0,-1.6129032258064602,-2.4000000000000057,-3.937007874015748,-1.6129032258064602,7.964601769911491,-2.4000000000000057,-0.2969928659376677,40.586152344197345,-4.738823372940923,1.647473242108122,1.9759205325837919
DHAKAINS,Dhaka Insurance Limited,43.5,0.9280742459396718,0.6944444444444379,4.567307692307689,4.567307692307689,9.296482412060309,20.833333333333332,14.77572559366755,-47.71634615384616,197.94520547945206,-8.735294190658822,3.105799268839494,3.8269730261696258
DOMINAGE,Dominage Steel Building Systems Ltd,84.4,-0.11834319526626547,10.182767624020903,5.632040050062578,31.66926677067085,224.61538461538464,192.04152249134953,569.8412698412699,236.95817568007487,538.0639989152913,538.0639989152913,6.295987615750125,4.391135482688399
DOREENPWR,Doreen Power Generations & Systems Ltd.,31.6,1.282051282051289,0.0,2.265372168284799,5.6856187290969995,11.267605633802827,12.05673758865249,24.409448818897648,-39.84971129438462,18.056051311063225,-20.50892544500724,1.8678828863975596,2.603172953436606
DSHGARME,Desh Garments Limited.,167.1,0.6626506024096351,-1.7058823529411797,8.7890625,23.686158401184308,79.6774193548387,43.556701030927826,42.33390119250425,5.3352434443533285,63.084851653554345,1537.9391691682658,4.975982443092613,5.412397356137637
DSSL,Dragon Sweater & Spinning Ltd.,14.2,0.0,5.18518518518518,31.48148148148147,52.68817204301074,77.49999999999999,67.05882352941175,33.96226415094339,-15.830644715667887,153.0537628151816,56.3645635394286,3.6139284381165706,5.409049840536806
DULAMIACOT,Dulamia Cotton Spinning Mills Limited,201.5,-0.934119960668636,-9.315931593159313,-1.7073170731707317,52.65151515151515,63.68805848903332,49.25925925925926,124.38752783964365,283.8095238095238,2820.2898550724635,2090.217391304348,5.955594628244191,6.992489866523605
DUTCHBANGL,Dutch-Bangla Bank PLC,49.7,-0.7984031936127716,-0.99601593625498,12.443438914027148,15.966666956583337,28.851852157278465,35.19430085612048,12.225806719506773,-4.1363367232582755,133.98557140920798,117.4452119662489,3.5971245307357735,3.3629125836271685
EASTERNINS,Eastern Insurance PLC,59.9,0.5033557046979817,4.903677758318734,-1.6420361247947455,-0.16666666666666904,1.3536379018612472,19.56087824351297,28.265524625267656,-51.69354838709677,168.609865470852,64.10958904109589,2.545559451983207,3.377375809121071
EASTLAND,Eastland Insurance PLC,28.9,0.6968641114982554,7.434944237918216,9.885931558935352,27.312775330396473,26.75438596491227,54.54545454545454,48.96907216494846,-27.20403022670026,110.4741488651552,-18.652314618949003,3.5786040144482762,4.6618689136450095
EASTRNLUB,Eastern Lubricants Blenders PLC,2119.0,1.811367895065575,0.25074513885604305,12.413793103448276,27.26726726726727,31.207430340557277,27.5737507525587,13.761631499910523,208.55396879616842,267.5572081806566,1662.7431108384524,2.9018460054080757,2.8304542293050456
EBL,Eastern Bank PLC,24.2,-0.4115226337448618,-1.2244897959183703,-2.4193548387096833,-9.688406117773058,-1.8661421112965235,2.1557373096925576,-4.498084648313678,4.710983176174163,80.30640217950685,83.07376247659039,1.1556643879876196,1.1836660708070779
EBL1STMF,EBL First Mutual Fund Units,5.0,2.0408163265306047,0.0,25.0,31.57894736842106,61.29032258064516,61.29032258064516,6.382978723404252,-46.808510638297875,24.511538123154416,-27.0755581445353,5.697278911564629,6.033747569234502
EBLNRBMF,EBL NRB Mutual Fund,3.8,0.0,-5.000000000000004,22.580645161290313,18.74999999999999,65.21739130434783,65.21739130434783,5.555555555555547,-51.898734177215196,-4.158571439319366,-44.688846802017856,6.045519203413937,6.021039781975565
ECABLES,Eastern Cables Ltd.,139.0,0.9440813362382073,-8.492429229756421,9.448818897637794,14.87603305785124,21.92982456140351,23.996431757359506,17.003367003367007,-1.5580736543909268,-4.977401321223453,235.0398399573594,3.486765565705334,5.129962781140338
EGEN,eGeneration PLC,26.5,0.7604562737642558,-2.930402930402933,-1.1194029850746294,13.733905579399138,35.8974358974359,33.838383838383834,31.84079601990049,-57.326892109500804,76.66666666666667,76.66666666666667,2.4507191785513,2.818820985860837
EHL,Eastern Housing Ltd.,93.8,-0.4246284501061632,-1.2631578947368451,4.5707915273132596,12.74038461538461,19.18678526048284,28.142076502732234,20.256410256410252,67.49999999999999,185.47826153981853,139.94083644244793,2.602277935166908,3.4732100293284995
EIL,Express Insurance Ltd.,32.9,1.54320987654321,7.516339869281036,6.81818181818181,15.034965034965024,8.940397350993376,16.666666666666664,-5.730659025787966,-16.28498727735369,119.33333333333331,119.33333333333331,2.4859525451637774,3.7478338340848545
EMERALDOIL,Emerald Oil Industries Ltd.,29.2,9.363295880149813,2.8169014084507067,30.941704035874434,105.63380281690141,126.3565891472868,102.77777777777777,30.941704035874434,-15.116279069767439,-21.65853666370732,-32.05384629365843,4.167534878459415,5.867524880067823
ENVOYTEX,Envoy Textiles Ltd.,57.9,-1.025641025641028,0.0,6.238532110091741,16.032064128256515,16.26506024096386,19.38144329896907,31.890660592255127,78.70370370370371,88.96812635742084,29.219245144323285,3.0196326568416474,3.117799872904607
EPGL,Energypac Power Generation PLC,20.1,0.5000000000000071,1.005025125628155,2.5510204081632653,15.517241379310363,27.215189873417724,28.846153846153857,17.543859649122805,-60.970873786407765,-56.774193548387096,-56.774193548387096,3.6896168409182613,3.5389823678494747
ESQUIRENIT,Esquire Knit Composite PLC,26.6,-0.7462686567164152,1.9157088122605364,7.692307692307701,11.764705882352944,36.410256410256416,29.126213592233007,21.461187214611886,-28.1081081081081,-43.763213530655385,-43.763213530655385,3.0287228616168154,3.1623232956589824
ETL,Evince Textiles Ltd.,14.7,0.0,2.083333333333326,8.088235294117645,32.43243243243243,53.12499999999999,46.99999999999999,61.53846153846154,32.43243243243243,37.494601781881585,12.621206562469885,3.205864046204151,3.674765147119367
EXIM1STMF,EXIM Bank 1st Mutual Fund 2013- Units,6.6,6.451612903225798,24.52830188679245,88.57142857142856,78.37837837837836,119.99999999999999,135.71428571428572,43.47826086956522,-29.787234042553198,-2.24623489154465,-15.341550934013195,8.643789065743213,6.63706361466849
FAMILYTEX,Familytex (BD) Ltd.,2.8,3.7037037037036904,21.73913043478261,11.999999999999993,-6.666666666666672,133.33333333333334,115.38461538461536,21.73913043478261,-46.15384615384616,-60.9475900465622,-91.44967620326868,5.93203093203093,7.359637927443306
FARCHEM,FAR Chemicals Industries Ltd,25.3,2.4291497975708563,0.7968127490039811,36.02150537634408,66.44736842105264,74.48275862068965,74.48275862068965,8.583690987124463,75.69444444444444,45.3566907662353,12.247666801363874,8.40219485193877,6.628251095851641
FAREASTFIN,Fareast Finance & Investment Ltd.,2.0,-4.761904761904765,17.647058823529413,53.84615384615385,-9.090909090909099,198.50746268656715,233.33333333333334,-45.94594594594595,-69.69696969696969,-76.74418604651163,-89.37823838558418,6.334365325077407,7.819144833740141
FAREASTLIF,Fareast Islami Life Insurance Company Limited,22.4,-0.44444444444445075,-2.183406113537118,-6.276150627615063,6.66666666666666,3.7037037037036904,7.692307692307681,-18.54545454545455,-61.37931034482759,-58.1308409571491,-71.51445078143071,6.1405817740451445,3.9637638776800856
FASFIN,FAS Finance & Investment Limited,2.4,9.09090909090908,49.999999999999986,100.0,4.347826086956526,287.09677419354836,242.85714285714286,-17.24137931034483,-69.62025316455696,-66.15581382445743,-87.28928680143757,1.1764705882352968,9.725111489817369
FBFIF,First Bangladesh Fixed Income Fund Units,3.8,2.7027027027026933,-2.5641025641025665,22.580645161290313,22.580645161290313,58.333333333333336,46.15384615384614,5.555555555555547,-45.714285714285715,-35.05539757496171,-49.33684287155394,6.871345029239764,5.55212547378981
FEDERALINS,Federal Insurance PLC,28.8,1.76678445229682,6.666666666666669,7.063197026022314,30.909090909090914,32.7188940092166,50.00000000000001,33.95348837209303,-27.455919395465997,311.8421215182022,49.19778735350475,2.9434220573349816,3.7479837899599175
FEKDIL,Far East Knitting & Dyeing Industries PLC.,26.6,0.7575757575757683,2.3076923076923133,47.777777777777786,84.72222222222221,90.00000000000001,87.32394366197185,62.195121951219534,60.24096385542168,67.97409609578914,11.81044946337481,3.712157064367172,4.827719453740308
FINEFOODS,Fine Foods Limited,480.3,0.7340604026845637,-1.7791411042944762,-5.749607535321823,-9.462770970782278,9.159090909090912,26.328248290373494,83.67112810707457,825.4335260115607,5908.209044914513,3016.1219678762695,3.7986538972883803,2.8790232953130612
FIRSTFIN,First Finance Ltd.,4.4,-2.2222222222222143,4.761904761904766,10.000000000000009,0.0,57.14285714285717,76.00000000000001,41.93548387096775,-38.888888888888886,-26.36875008893274,-87.08088770512603,5.287610322494043,5.867179081280344
FORTUNE,Fortune Shoes Ltd.,19.8,3.1250000000000075,-3.883495145631071,13.142857142857146,46.66666666666668,50.000000000000014,42.44604316546762,23.750000000000004,-62.362930848065695,-24.554337039088395,-24.554337039088395,6.219991360011797,5.525124225423953
FUWANGCER,Fu-Wang Ceramic Industry Ltd.,17.1,2.3952095808383365,2.395209580838336,7.547169811320762,36.80000000000001,56.88073394495414,48.695652173913054,28.571428571428573,-36.666666666666664,47.7928566815323,12.269551087744494,4.560225986321998,4.193710273194362
FUWANGFOOD,Fu-Wang Foods Limited,12.9,0.0,-3.0075187969924837,5.737704918032796,32.989690721649495,38.70967741935483,15.17857142857144,-13.999999999999998,-38.862559241706165,31.067938555903122,-22.567118095726194,2.697504293818113,3.410134915474864
GBBPOWER,GBB POWER Ltd.,9.4,9.302325581395356,11.904761904761905,13.253012048192767,9.302325581395358,27.027027027027025,46.875,27.027027027027025,-74.10468319559229,-28.478260690760866,-64.4184953089876,4.838043618531431,3.7568665526633938
GEMINISEA,Gemini Sea Food PLC,124.4,0.3225806451612949,-4.82019892884467,4.013377926421414,6.32478632478633,4.100418410041846,-8.997805413313813,-14.560439560439555,75.85881493398374,18.081500530349913,602.106219324618,2.2293304827602314,3.0739414859605794
GENEXIL,Genex Infosys PLC,39.9,1.2690355329949239,-3.8554216867469915,13.352272727272712,48.32713754646841,52.87356321839079,48.32713754646841,65.56016597510371,-55.818455279535776,19.247858317878926,19.247858317878926,3.96185586702272,4.748941787838938
GENNEXT,Generation Next Fashions Ltd.,3.0,0.0,7.1428571428571495,-3.225806451612906,0.0,20.0,11.111111111111104,11.111111111111104,-57.142857142857146,-48.142857259906116,-86.5338710464558,5.402298850574717,6.830366373880332
GHAIL,Golden Harvest Agro Industries Ltd.,15.9,0.0,0.0,0.632911392405061,29.268292682926823,54.36893203883495,48.59813084112151,25.1968503937008,-12.15469613259669,5.707873964725252,-56.89937623579146,2.9789343460317177,2.7403086395971066
GHCL,Global Heavy Chemicals Ltd.,24.5,-1.2096774193548416,5.603448275862071,20.68965517241379,32.432432432432435,30.319148936170205,23.115577889447245,26.28865979381444,-44.06392694063927,-33.604336043360426,-70.3030303030303,4.794609250965405,4.422410469634683
GLDNJMF,ICB AMCL CMSF GOLDEN JUBILEE MUTUAL FUND,8.6,6.17283950617284,0.0,30.303030303030305,36.507936507936506,40.98360655737705,40.98360655737705,13.157894736842106,-21.81818181818182,-21.81818181818182,-21.81818181818182,5.22103658536586,5.251804460354067
GLOBALINS,Global Insurance PLC,44.0,-1.5659955257270757,9.725685785536156,14.882506527415151,37.07165109034267,51.20274914089346,72.54901960784314,44.736842105263165,-31.25,424.04793629880993,85.76392158081768,4.686532519720854,4.989093283248956
GOLDENSON,Golden Son Limited,16.9,0.0,1.1976047904191576,1.8072289156626333,17.3611111111111,81.72043010752685,67.32673267326732,43.22033898305082,-6.6298342541436615,-27.46781115879829,-57.32323232323233,2.930053945147251,3.2793592224472365
GP,Grameenphone Ltd.,259.5,0.07713073659853012,0.07713073659853013,-0.3838771593090211,5.060728744939271,-4.419889502762431,-0.19230769230769232,-16.42512077294686,-30.8,-8.626760563380282,51.22377622377623,0.5645318188002271,0.8949918761664017
GPHISPAT,GPH Ispat Limited,19.5,0.5154639175257806,0.0,10.169491525423732,19.631901840490794,23.41772151898734,21.11801242236024,3.723404255319145,-56.79774995450371,-1.410025922064696,4.130324682725843,2.8399078783414544,3.4138152629622267
GQBALLPEN,G.Q. Ball Pen Industries Limited,610.0,-0.5380727213435439,4.09556313993174,-1.9765386469548378,-1.7080244924266874,32.66637668551544,36.25195443377262,175.39503386004515,380.31496062992125,853.125,349.67948583044875,4.398314565482571,4.126850928642436
GRAMEENS2,Grameen Mutual Fund One - Grameen Two Units,13.4,0.0,-2.8985507246376834,4.687499999999997,8.943089430894306,17.543859649122805,22.93577981651376,-5.633802816901401,-31.979695431472077,23.327433802941496,-26.820091406937653,1.6833127595107116,2.433830270059781
GREENDELMF,Green Delta Mutual Fund 2010 Units,4.9,0.0,-7.547169811320744,32.432432432432435,44.11764705882355,63.33333333333334,63.33333333333334,22.500000000000007,-47.31182795698925,-10.909090909090903,-31.94444444444444,5.635204081632652,6.457216319712577
GREENDELT,Green Delta Insurance PLC,68.2,0.14684287812042368,5.246913580246923,1.7910447761194073,8.945686900958467,17.993079584775096,27.238805970149258,45.10638297872342,-41.80887372013652,87.75792675651212,30.824027183263972,2.330626947509001,3.2628735263750457
GSPFINANCE,GSP Finance Company PLC,4.2,-2.3255813953488293,2.4390243902439157,20.000000000000004,5.000000000000004,110.00000000000001,162.5,-17.647058823529402,-78.04919362186666,-53.77873586583594,-71.12571635473546,6.301901728447392,6.782274285719849
HAKKANIPUL,Hakkani Pulp & Paper Mills PLC,80.5,0.3740648379052333,-1.2269938650306749,0.12437810945272924,2.417302798982196,11.495844875346258,18.906942392909894,17.34693877551021,11.805555555555555,56.310679611650485,332.79569892473114,2.311706290229906,2.9982192391442424
HAMI,Hami Industries PLC,155.0,-1.1479591836734766,-2.9430181590482083,-4.9079754601226995,-17.067950775815945,34.083044982698965,44.05204460966544,51.81194906953968,-11.377930245854776,-11.377930245854776,-11.377930245854776,2.6330144048226107,3.7289307260412383
HEIDELBCEM,Heidelberg Materials Bangladesh PLC,224.0,0.1788908765652977,-3.8626609442060085,-6.627761567319718,10.617283950617283,-2.862098872506502,2.329830973047051,-8.608731130150957,-31.076923076923077,-57.5113808801214,-15.151515151515152,2.550483975204146,3.299203474073259
HFL,Hamid Fabrics PLC,15.0,-3.225806451612903,-2.5974025974025996,-5.6603773584905674,-2.5974025974025996,145.9016393442623,130.76923076923077,76.47058823529412,-22.27979274611399,-10.714285714285717,-73.79367714143233,4.566498357330278,4.95395885949517
HRTEX,H.R. Textile Mills Ltd.,21.3,0.4716981132075539,0.9478672985781956,-1.3888888888888922,10.362694300518134,29.87804878048782,16.39344262295082,-24.999999999999993,-60.95000003905,-6.280000093720001,-24.53527595301496,3.512022877018289,3.3653644350953265
HWAWELLTEX,Hwa Well Textiles (BD)PLC,49.9,0.0,4.612159329140452,8.951965065502186,18.809523809523807,22.60442260442259,11.883408071748873,16.86182669789226,13.151927437641717,64.14473684210526,24.749999999999996,3.575864413503948,2.727547937506258
IBNSINA,BN SINA Pharmaceutical Industry PLC,320.2,-0.528114321217766,0.03124023742579378,0.3761755485893381,2.892030848329049,-4.417910447761197,1.6507936507936471,4.367666232073004,26.761678543151223,80.32539902634488,434.55095158746235,1.4996154704398317,1.9038255204531234
IBP,Indo-Bangla Pharmaceuticals Ltd.,20.7,2.4752475247524752,6.153846153846151,16.292134831460668,60.465116279069754,73.94957983193277,84.82142857142858,54.477611940298495,-4.816964655398406,-20.9843744039056,-20.9843744039056,5.803847737691058,4.432463893888523
ICB,Investment Corporation of Bangladesh,46.4,0.0,-3.131524008350731,0.2159827213822925,32.19373219373219,29.60893854748604,27.123287671232873,-2.9288702928870265,-58.210878723041546,-40.00903274426445,-57.57810187323711,1.9793535042053352,2.8347335350807565
ICB3RDNRB,ICB AMCL Third NRB Mutual Fund 2010 Units,6.1,1.6666666666666607,-1.6129032258064602,24.48979591836733,32.608695652173914,45.23809523809522,48.78048780487805,27.08333333333333,-20.779220779220786,27.08333333333333,-14.084507042253522,2.916666666666667,4.272212828548136
ICBAGRANI1,ICB AMCL First Agrani Bank Mutual Fund Units,8.5,2.4096385542168584,-3.4090909090909167,23.188405797101446,25.000000000000004,34.920634920634924,32.81249999999999,25.000000000000004,-10.526315789473685,-1.1627906976744145,-1.1627906976744145,3.6037005163511067,4.827962847608305
ICBAMCL2ND,ICB AMCL Second Mutual Fund Units,8.1,2.531645569620244,2.531645569620244,24.61538461538461,32.786885245901644,58.82352941176471,44.642857142857146,32.786885245901644,-30.769230769230766,55.76923076923076,6.578947368421053,3.5387732964348544,4.148802334465303
ICBEPMF1S1,ICB Employees Provident Mutual Fund One Scheme One Units,6.4,1.5873015873015959,-5.882352941176462,1.5873015873015959,10.344827586206907,68.42105263157896,88.23529411764707,23.07692307692308,-22.89156626506024,-1.538461538461533,-22.89156626506024,4.743303571428573,5.034817838682203
ICBIBANK,ICB Islamic Bank Limited,2.8,3.7037037037036904,0.0,0.0,-3.448275862068969,21.73913043478261,16.666666666666664,-3.448275862068969,-42.85714285714287,-28.205128205128208,-62.666666666666664,4.928774928774918,4.521096187762842
ICBSONALI1,ICB AMCL Sonali Bank Ltd 1st Mutual Fund 2013- Units,6.3,1.6129032258064457,-4.545454545454543,21.153846153846146,34.042553191489354,53.658536585365866,49.99999999999999,10.526315789473678,-32.25806451612904,-1.5625000000000082,-47.5,3.6034306195596533,4.827073438077889
ICICL,Islami Commercial Insurance PLC.,33.4,0.9063444108761244,12.457912457912457,14.776632302405488,47.136563876651984,42.12765957446808,49.10714285714286,48.444444444444436,128.7671232876712,128.7671232876712,128.7671232876712,4.457990356824597,3.9227086578242454
IDLC,IDLC Finance PLC.,47.0,1.0752688172043012,0.0,13.526570048309182,26.005361930294914,25.253807419733505,37.84916235579608,20.95588265533088,-8.863692791685757,22.734570904694923,-0.5929501505857118,2.8563245717116574,3.2159024467406567
IFADAUTOS,IFAD Autos PLC,26.4,1.9305019305019304,-0.3773584905660431,0.7633587786259515,20.547945205479454,31.999999999999993,21.658986175115206,13.79310344827586,-46.64684516126295,-43.71722254132946,50.176520810335646,4.156556104506544,3.065033468931655
IFIC,IFIC Bank PLC,5.0,2.0408163265306047,-1.9607843137254835,0.0,2.0408163265306047,6.382978723404252,6.382978723404252,-27.536231884057973,-58.45358451662413,-20.687801602578794,-52.94024076755431,3.2571428571428456,3.1451652089407087
IFIC1STMF,IFIC Bank 1st Mutual Fund Units,4.6,2.2222222222222143,-2.127659574468096,27.777777777777764,21.052631578947366,83.99999999999999,83.99999999999999,21.052631578947366,-39.473684210526315,10.687500155654286,-28.728048794872578,6.768774703557303,5.813457124097855
IFILISLMF1,IFIL Islamic Mutual Fund - 1 Units,5.6,0.0,-1.75438596491229,27.272727272727256,36.58536585365854,55.555555555555536,64.70588235294117,11.999999999999993,-25.333333333333336,-18.840579710144933,-11.111111111111114,4.529220779220778,5.2241267038853225
ILFSL,International Leasing and Financial Services Ltd.,1.9,-5.000000000000004,11.76470588235294,58.333333333333336,-17.391304347826086,222.03389830508476,216.66666666666663,-36.66666666666667,-75.94936708860759,-71.71645554955774,-88.44275852434211,7.620915032679745,9.777702844929733
INDEXAGRO,Index Agro Industries Ltd,74.0,0.543478260869573,-1.0695187165775364,2.63522884882109,5.413105413105409,10.612855007473833,10.612855007473833,14.096916593597776,-37.79023203283908,3.600000258999994,3.600000258999994,2.179821430166877,2.9675951390095143
INTECH,Intech Ltd.,26.5,0.37878787878788417,-2.2140221402214073,-21.130952380952383,-25.35211267605634,-9.556313993174063,-16.403785488958988,23.25581395348837,-27.792915531335154,188.8973215170462,117.50758293813655,2.53976770781215,3.4871545807219584
INTRACO,Intraco Refueling Station PLC,22.0,0.0,0.0,6.280193236714979,22.905027932960902,10.552763819095485,7.317073170731708,2.8037383177570163,4.210525877008313,-52.68482760311963,-52.68482760311963,3.8349760193800866,2.9424799479113704
IPDC,IPDC Finance PLC,32.3,1.2539184952978013,0.31055900621116245,-2.12121212121213,76.64062544160154,67.0689658917063,77.56544542128437,78.50000044624998,41.662869356173864,201.41643871169742,517.9205400902532,4.453643430072187,4.862746219436655
ISLAMIBANK,Islami Bank Bangladesh PLC,31.0,-2.8213166144200583,-3.4267912772585714,-4.320987654320984,-10.662824207492802,-28.899082568807344,-6.0606060606060606,-30.957683741648104,8.013937282229968,0.9771986970684062,-20.697674497906977,2.4646112334583288,2.1174401060140493
ISLAMICFIN,Islamic Finance & Investment PLC,12.3,0.0,0.8196721311475527,17.14285714285715,18.26923076923077,26.80412371134022,29.473684210526322,39.772727272727266,-47.21030042918455,12.341614181981262,-32.55417988119688,2.4881753513283917,3.0618320107852317
ISLAMIINS,Islami Insurance Bangladesh Limited,59.4,-1.1647254575707202,2.4137931034482736,-1.1647254575707202,44.17475728155338,43.132530120481924,58.4,48.49999999999999,-7.187500000000002,461.9935123941988,215.400371573284,3.186651157769112,3.2293420845787555
ISNLTD,Information Services Network Ltd.,59.7,-0.16722408026754904,-1.8092105263157803,-0.9950248756218811,-6.718749999999996,-20.927152317880793,-23.852040816326532,37.55760368663596,35.68181818181819,392.76190538763416,295.1054561115089,2.1075019407011215,2.968051085951948
ITC,IT Consultants PLC,52.0,-1.1406844106463905,-2.439024390243897,9.014675052410896,33.333333333333336,30.0,35.064935064935064,32.99232736572889,18.181818181818183,66.96792662910676,77.00033427772553,2.7963645749319292,3.454031636686076
JAMUNABANK,Jamuna Bank PLC,24.1,0.0,-2.0325203252032518,-0.41322314049585895,-6.9498069498069395,6.167400881057279,14.218009478672984,21.71717171717172,40.536023649383395,204.64957893920297,105.94597705286516,1.0007089243447502,1.2810423400606357
JAMUNAOIL,JAMUNA OIL PLC,182.0,-0.546448087431694,-1.3015184381778773,0.27548209366391185,7.0588235294117645,6.495026331187827,7.565011820330977,-3.5506094329623683,8.076009501187645,-2.6737967914438503,13.363533292645528,1.213708401112085,1.4061033759784995
JANATAINS,Janata Insurance PLC,34.3,-0.8670520231213995,2.3880597014925287,-0.5797101449275445,-3.380281690140853,24.27536231884056,41.15226337448558,36.8962365600174,-12.076055975187105,329.3023710183461,-81.65557948074458,2.6607970507999594,3.3529606439103588
JHRML,JMI Hospital Requisite Manufacturing Ltd,50.1,0.20000000000000281,-1.3779527559055036,-3.838771593090211,15.437788018433185,17.33021077283372,18.720379146919427,-0.9881422924901185,127.72727272727273,127.72727272727273,127.72727272727273,2.2827847512977804,2.4006317863518114
JMISMDL,JMI Syringes & Medical Devices Ltd.,143.4,-1.103448275862065,-1.443298969072161,-2.976995940460085,19.400499583680276,17.54098360655738,21.525423728813564,2.428571428571433,-46.12596702322563,27.968503525224715,314.06369296642407,3.485292034445621,3.5759193556360387
JUTESPINN,Jute Spinners Limited,231.0,3.866906474820141,5.963302752293578,10.157367668097287,11.271676300578036,16.255661801711128,18.340163934426236,12.573099415204684,67.3913043478261,286.2876254180602,247.3684210526316,5.482423419050972,5.154345999690987
KARNAPHULI,Karnaphuli Insurance PLC,50.5,-0.5905511811023566,14.772727272727273,32.19895287958114,43.46590909090908,58.80503144654088,77.19298245614036,54.90797546012269,17.990654205607484,445.8455912013227,85.00019916462035,4.31103438519136,6.1459753437829425
KAY&QUE,Kay and Que (Bangladesh) Ltd.,431.7,-0.20804438280167226,1.2192262602579105,-2.9887640449438226,-10.062500000000002,15.737265415549595,14.387917329093803,79.73369923696075,114.91555158746648,1991.6049082283926,2073.4503170856083,1.6881600090416966,2.261315843801644
KBPPWBIL,Khan Brothers PP Woven Bag Industries Ltd,39.9,1.0126582278480976,-2.205882352941173,-2.444987775061125,-21.301775147929003,-21.301775147929003,-16.875000000000004,-66.77768526228142,204.58015267175568,89.56381321445114,19.203371967386175,2.859561872941517,4.229133356482567
KDSALTD,KDS Accessories Ltd.,50.6,0.0,-4.347826086956516,-5.065666041275789,7.203389830508471,23.414634146341466,23.114355231143552,24.938271604938276,7.987805148018294,14.787262158240727,-3.0277210426170704,2.960636812653869,2.6100438270535706
KEYACOSMET,Keya Cosmetic Ltd.,5.6,0.0,7.692307692307681,9.803921568627452,14.28571428571427,33.33333333333332,24.44444444444444,16.666666666666664,-35.632183908045974,-23.301627815024066,-64.17310924849195,5.244557185733654,4.001271785585514
KOHINOOR,Kohinoor Chemical Company (Bangladesh) PLC,527.5,1.131134969325149,0.7640878701050621,2.7063862928348863,4.662698412698413,5.5,5.521104220844173,14.40260240975293,85.51302193492883,347.355645356515,1041.9532275454549,2.8544382828569317,2.210646535915998
KPCL,Khulna Power Company Ltd.,10.9,3.809523809523813,4.8076923076923075,0.9259259259259226,-2.678571428571419,0.9259259259259226,3.809523809523813,-1.8018018018017954,-70.46070460704607,-80.90764333186311,-74.77054104510383,2.3080144679230896,2.663037756912162
KPPL,Khulna Printing & Packaging Ltd,15.2,0.0,-1.9354838709677464,-7.317073170731704,6.2937062937062835,16.92307692307692,-5.000000000000004,-18.27956989247313,-6.74846625766872,67.03296703296704,-55.88390505858913,2.5407185791156115,3.459447808972379
KTL,Kattali Textile Ltd.,11.7,-0.847457627118656,2.6315789473684115,11.428571428571422,24.468085106382965,31.460674157303355,0.8620689655172383,3.539823008849545,-58.802816901408455,-38.841760387195265,-38.841760387195265,5.0834173877652145,4.144155396950406
LANKABAFIN,LankaBangla Finance PLC,18.1,0.5555555555555635,-3.208556149732609,11.72839506172841,30.215827338129504,42.519685039370096,47.154471544715456,9.036144578313252,-49.722222222222214,-1.0959266389079174,-36.786983343526224,3.7018011386224323,3.955615890805819
LEGACYFOOT,Legacy Footwear Ltd.,75.8,1.4725568942436336,2.018842530282638,7.823613086770981,2.018842530282638,39.59484346224678,39.85239852398523,29.131175468483807,17.15610510046367,227.2593843369453,384.0449511881663,3.492847637945573,3.3143829714579445
LHB,LafargeHolcim Bangladesh PLC,58.8,-0.16977928692699734,-2.3255813953488467,5.187835420393558,16.8986083499006,14.174757281553394,24.84076433121018,4.999999999999995,-6.518282988871226,-16.595744680851066,709.0353519403328,2.4417377861745577,2.6435738809123377
LIBRAINFU,Libra Infusions Ltd.,639.9,0.0,-0.8060765772748482,-1.5538461538461574,3.5269373887720357,2.5480769230769194,0.6132075471698077,-18.38010204081633,55.592477744813046,83.11923670286143,443.31132019090325,1.0918714257787634,1.6807403908588754
LINDEBD,Linde Bangladesh Limited,724.0,-0.23425657985394038,-2.779642809184913,1.6853932584269662,12.77258566978193,-12.876052948255115,-4.61133069828722,-23.101433882103027,-47.153284671532845,-48.765126318024194,40.446168768186226,1.5436089971035423,1.4041600456654213
LOVELLO,Taufika Foods and Lovello Ice-cream PLC,69.8,0.28735632183908455,-3.5911602209944866,-3.0555555555555594,-19.677790563866523,2.496328928046994,2.3460410557184668,-23.814968624506246,163.4607847463694,437.46000070407257,437.46000070407257,2.673200050525249,3.3687780393582964
LRBDL,Lub-rref (Bangladesh) Ltd,15.5,-0.6410256410256387,4.7297297297297245,20.15503875968992,51.960784313725505,72.22222222222223,56.56565656565656,6.896551724137931,-68.68686868686869,-61.72839506172839,-61.72839506172839,5.347849803653376,4.987153499391563
LRGLOBMF1,LR Global Bangladesh Mutual Fund One Units,4.6,2.2222222222222143,-4.1666666666666705,35.29411764705882,39.39393939393939,58.620689655172406,64.28571428571428,17.948717948717942,-50.53763440860216,-22.033898305084755,-50.0,5.001646903820819,5.701912390944754
MAGURAPLEX,Magura Multiplex PLC,92.4,0.5440696409140369,-0.3236245954692526,1.874310915104744,12.135922330097086,11.325301204819285,10.131108462455304,5.96330275229358,-18.203279048430154,417.05699251466837,417.05699251466837,2.077531342362718,2.650164840963555
MAKSONSPIN,Maksons Spinning Mills PLC,6.5,0.0,8.333333333333334,8.333333333333334,16.071428571428577,32.65306122448979,38.29787234042553,0.0,-66.83673469387756,-3.8732392673824667,-59.740168348430906,5.499043219677421,4.401853523555332
MALEKSPIN,Malek Spinning Mills PLC,43.6,0.0,1.8691588785046829,26.744186046511636,63.295880149812746,54.6099290780142,50.8650519031142,73.70517928286853,37.974683544303794,172.5,74.4,2.9042319892617026,5.519768906377048
MARICO,Marico Bangladesh Limited.,2730.5,-0.698257991780915,-0.49198250728862974,-1.6390489913544668,-1.3903936439147706,-2.482142857142857,2.917341977309566,-2.482142857142857,13.865721434528774,113.3203125,627.1637816245006,0.728835609285468,0.6412398646499332
MATINSPINN,Matin Spinning PLC,60.8,0.6622516556291367,5.190311418685122,10.344827586206888,31.887201735357905,27.463312368972733,30.752688172043005,29.08704883227175,11.151736745886643,58.333333333333336,35.11111111111111,4.0433053302618545,3.521042685964452
MBL1STMF,MBL 1st Mutual Fund 2010- Units,7.6,4.109589041095888,8.571428571428566,89.99999999999999,94.87179487179488,105.40540540540539,123.52941176470587,51.999999999999986,-17.391304347826086,31.034482758620687,10.144927536231874,6.039393430697778,6.472548595816263
MEGCONMILK,Meghna Condensed Milk Industries Ltd.,36.0,0.0,-8.860759493670885,-9.090909090909093,0.27855153203343014,48.760330578512395,150.0,101.11731843575421,143.24324324324323,414.2857142857143,278.94736842105266,7.173883683632983,6.0994002871026405
MEGHNACEM,Meghna Cement Mills PLC,32.6,2.839116719242909,-8.42696629213483,1.8750000000000044,6.885245901639349,2.5157232704402537,11.262798634812288,-24.1860465116279,-53.694999651203325,-49.53973830091045,-55.86551845758679,4.892813923226739,4.259077515625176
MEGHNAINS,Meghna Insurance PLC,39.4,-1.2531328320802007,8.839779005524848,16.568047337278113,34.47098976109214,26.282051282051277,40.21352313167259,45.387453874538735,258.1818181818182,258.1818181818182,258.1818181818182,4.908480430394068,6.490108609222604
MEGHNALIFE,Meghna Life Insurance PLC,61.4,-0.3246753246753293,-2.5396825396825418,1.6556291390728477,7.719298245614033,9.838998211091235,20.86614173228347,12.454212454212449,-9.156725514034411,65.31327720058364,-5.72593255587,3.7013287186496298,2.665384803412489
MEGHNAPET,Meghna Pet Industries Ltd.,82.5,-4.403244495944377,-18.639053254437872,4.430379746835443,89.65517241379311,224.80314960629923,278.4403669724771,205.55555555555554,432.258064516129,1517.6470588235297,1189.0624999999998,8.68880408594337,6.752607890323923
MERCANBANK,Mercantile Bank PLC,7.5,0.0,0.0,1.3513513513513464,-18.47826086956521,-5.06329113924051,1.3513513513513464,-17.58241758241758,-50.32467547047563,16.013478043699056,-27.50989388220726,1.3333333333333286,2.189767133494603
MERCINS,Mercantile Islami Insurance PLC,44.6,1.1337868480725624,9.582309582309579,2.293577981651376,64.57564575645756,66.41791044776119,74.90196078431373,63.97058823529413,-23.890784982935152,309.1743119266055,61.65695842266722,3.7807850417662934,4.491324966648234
METROSPIN,Metro Spinning Ltd.,9.7,1.041666666666663,6.5934065934065895,2.105263157894729,10.22727272727271,18.29268292682927,14.117647058823522,-14.159292035398241,-42.45762699185579,29.85874997354128,-35.45482237513466,3.861603450313133,3.374219146765562
MHSML,Mozaffar Hossain Spinning Mills Ltd.,23.3,0.4310344827586268,0.0,-0.851063829787231,20.72538860103627,41.21212121212122,72.5925925925926,48.40764331210192,21.354166666666675,57.84346417205473,-5.83650872394861,3.0136640729184236,2.8950844948632266
MIDASFIN,MIDAS Financing PLC,6.1,0.0,-3.1746031746031775,-1.6129032258064602,10.909090909090903,12.96296296296295,35.55555555555555,-18.66666666666667,-68.42487512872783,-56.034967725359905,-75.20484719742996,4.040308131569112,4.746296954747431
MIDLANDBNK,Midland Bank PLC,18.6,0.0,-3.124999999999989,11.37724550898205,16.250000000000007,8.771929824561402,8.771929824561402,-13.888888888888888,112.86666587906001,112.86666587906001,112.86666587906001,4.053437498009356,4.022048316369937
MIRACLEIND,Miracle Industries Limited,29.3,-0.6779661016949128,-2.657807308970102,2.447552447552445,10.56603773584906,-4.248366013071897,-7.861635220125786,4.642857142857145,-16.524216524216527,31.59348913447628,217.91136408956737,3.355208672174337,3.293053901631521
MIRAKHTER,Mir Akhter Hossain Ltd,42.3,1.6826923076922975,0.23696682464453628,1.927710843373487,24.411764705882348,51.07142857142856,53.26086956521737,55.514705882352935,-51.98637911464245,-47.777777777777786,-47.777777777777786,3.127575231575692,3.4201959337881056
MITHUNKNIT,Mithun Knitting & Dyeing (CEPZ) Ltd.,14.5,0.694444444444442,-0.6849315068493127,2.1126760563380333,-5.228758169934645,3.5714285714285716,-0.6849315068493127,-1.3605442176870701,11.538461538461538,-70.25641014048652,-72.22646631080295,3.913567784624276,4.8549161602117366
MJLBD,MJL Bangladesh PLC,93.5,-0.3198294243070332,-1.2671594508975743,-0.42598509052183775,5.056179775280899,0.7543103448275893,3.888888888888889,-1.5789473684210527,9.613130128956627,-5.327868620571637,64.27430531724373,1.7850467502118357,1.5419027090210125
MLDYEING,M.L. Dyeing & Textile Ind. PLC,18.1,7.100591715976348,16.774193548387103,67.5925925925926,118.07228915662651,123.45679012345683,115.47619047619048,86.59793814432993,-42.35668789808917,162.26900110729974,162.26900110729974,9.19228429724886,7.449485022272128
MONNOAGML,Monno Agro & General Machinery Ltd.,344.3,-0.6062355658198516,-2.7401129943502793,-3.5574229691876718,4.333333333333337,3.8612368024132766,-6.820027063599456,-2.3539421440726067,13.044511296613932,777.0658599491479,2668.655855513457,1.727940383458224,2.157422802961
MONNOCERA,Monno Ceramic Industries Limited.,94.0,0.21321961620469387,-0.9483667017913653,-1.0526315789473684,17.5,18.9873417721519,14.914425427872864,8.29493087557604,-20.135938827527617,281.9537382711378,448.8816683155072,1.978953701890858,2.8781566378245533
MONNOFABR,Monno Fabrics Ltd.,23.0,-0.43290043290043906,1.7699115044247724,3.139013452914795,5.0228310502283176,16.751269035533,7.476635514018699,61.9718309859155,-2.542372881355938,-2.542372881355938,-2.542372881355938,3.0379414100494886,2.2820436412644884
MONOSPOOL,Monospool Bangladesh PLC,119.7,0.3352891869237265,-2.3654159869494222,6.875000000000002,19.700000000000003,24.94780793319416,26.399155227032733,39.0454541283182,-4.224858064990248,150.2818171693145,150.2818171693145,2.0678524388298176,2.8810593177012893
MPETROLEUM,Meghna Petroleum PLC,214.0,0.3281762775433608,-0.7421150278293109,-0.6960556844547564,6.414719045251121,7.268170426065163,11.05345096004152,2.785782901056682,12.750263435194936,18.954974986103387,49.93630558254777,0.918574301983467,1.168521676423602
MTB,Mutual Trust Bank PLC,13.6,0.0,-0.7299270072992675,3.030303030303033,31.22953932466541,27.31223963049741,38.69788708240522,24.52438038808582,5.612312198866288,134.86122006469898,179.99827158714,2.085363438304615,2.7048942752815623
NAHEEACP,Nahee Aluminum Composite Panel PLC,36.5,-0.8152173913043401,-1.3513513513513513,5.4913294797687815,55.982905982906,115.97633136094677,97.29729729729729,73.80952380952381,-16.85649202733485,-42.08756143816567,-42.08756143816567,3.3950083040687917,4.697019320039566
NATLIFEINS,National Life Insurance PLC,102.8,-0.5802707930367587,-0.484027105517909,-1.1538461538461566,-0.19417475728155617,-2.927289896128431,9.594882729211088,1.2807881773398986,-57.79967159277505,-18.42820016216474,-24.323304903771128,1.6498179809467401,2.772891146085423
NAVANACNG,Navana CNG Limited,22.9,0.0,1.7777777777777715,4.566210045662101,10.628019323671495,12.807881773399004,7.511737089201867,4.090909090909085,-30.639422728452878,-44.754376093683625,-61.158076574052366,2.987135657629886,2.2316215820441707
NAVANAPHAR,Navana Pharmaceuticals PLC,71.4,0.5633802816901489,-1.6528925619834556,-0.1398601398601319,19.397993311036807,25.483304042179274,36.25954198473284,31.009174311926614,170.4545454545455,170.4545454545455,170.4545454545455,2.6727455088056415,2.5911950404897723
NBL,National Bank PLC,3.8,0.0,-2.5641025641025665,-2.5641025641025665,-11.627906976744187,15.151515151515152,18.74999999999999,2.702702702702693,-49.49367079337446,-31.18047918789663,-64.38589816000999,2.6315789473684226,3.550581646149513
NCCBANK,National Credit and Commerce Bank PLC,15.5,0.649350649350647,-2.5157232704402537,-3.125,-3.473009542976508,27.936566706099057,32.13120826068902,36.61023217478316,15.809527379943992,125.18699284538648,40.70493048531462,2.4727233550762953,2.750759352286216
NCCBLMF1,NCCBL Mutual Fund-1 2012- Dividend Units,7.4,5.71428571428572,1.3698630136986374,72.09302325581397,76.19047619047619,85.00000000000001,85.00000000000001,29.824561403508778,-16.85393258426966,27.586206896551733,-38.33333333333333,6.884666910242359,7.305939037184478
NEWLINE,New Line Clothings Ltd.,6.7,1.5151515151515234,17.543859649122805,17.543859649122805,17.543859649122805,76.31578947368423,67.5,-6.944444444444445,-77.66666666666667,-73.15209497162216,-73.15209497162216,6.934982834249443,6.147191732333536
NFML,National Feed Mill Ltd,20.9,0.9661835748792237,0.0,-10.300429184549365,46.15384615384614,38.41059602649006,48.22695035460992,91.74311926605502,-37.91470588856148,51.405357056797726,-25.072894653838215,3.6655949116020885,4.854440105224014
NHFIL,National Housing Finance PLC,30.5,-0.9740259740259762,-6.441717791411047,8.928571428571429,33.1877729257642,23.983739837398367,35.55555555555556,15.530303030303035,-23.750000076250007,16.78797445699042,-0.1282216106169165,3.6188511363837814,3.5309556489232006
NITOLINS,Nitol Insurance PLC,37.6,0.8042895442359363,5.9154929577464825,9.941520467836254,17.500000000000004,29.655172413793107,33.80782918149466,34.28571428571429,-33.42327134029558,123.0620017486388,57.84404744898696,5.275454987189678,5.727835237438229
NORTHERN,Northern Jute Manufacturing Co. Ltd.,117.0,0.0,-3.3057851239669422,5.405405405405405,8.333333333333334,24.46808510638298,37.162954279015246,12.825458052073285,-61.386138613861384,-49.05660357025495,680.0000052,4.538068178783719,5.762329751277213
NORTHRNINS,Northern Islami Insurance PLC,38.9,-1.7676767676767748,5.1351351351351315,-2.7500000000000036,27.64062531910156,23.772727582159092,46.92446079896582,29.666666969222213,-35.97962366440047,203.5777032678085,27.24860736016491,3.592527440868231,4.5107872611720214
NPOLYMER,National Polymer Industries PLC,36.1,0.0,-2.1680216802167944,8.08383233532935,28.469750889679712,28.928571428571434,35.714285714285715,20.735785953177267,-36.21908127208481,-13.742490047839079,150.1373252183196,2.8841446009760574,3.5851078099839655
NRBBANK,NRB Bank PLC,6.8,4.615384615384613,6.249999999999991,11.475409836065577,7.936507936507937,-1.4492753623188481,11.475409836065577,-39.285714285714285,-24.444444444444446,-24.444444444444446,-24.444444444444446,5.86538461538461,3.549769986950018
NRBCBANK,NRBC Bank PLC,8.3,2.469135802469149,6.410256410256421,12.162162162162165,16.901408450704242,48.21428571428574,62.74509803921571,15.277777777777786,-68.91995842233362,-34.731912537815504,-34.731912537815504,3.7611299900456525,3.050800356985289
NTC,National Tea Company Limited,173.0,-0.05777007510109435,-1.1428571428571428,8.26032540675844,11.182519280205659,8.463949843260188,-0.46029919447641615,3.7170263788968754,-66.66666666666667,-67.4812030075188,-77.53246753246754,4.394851061480489,4.667514924900731
NTLTUBES,National Tubes Limited,69.7,-0.4285714285714245,-2.1067415730337076,3.412462908011865,15.588723051409628,20.172413793103452,11.520000000000003,-15.719467956469165,-27.92140641158221,-2.904120279606396,195.79063768235116,2.3824292327895793,3.7781718472572856
NURANI,Nurani Dyeing & Sweater Ltd.,3.0,0.0,11.111111111111104,3.448275862068969,0.0,50.0,50.0,0.0,-69.0721649484536,-82.27108003686878,-82.27108003686878,5.425287356321845,4.779007132865915
OAL,Olympic Accessories Ltd,6.8,0.0,1.4925373134328306,-5.555555555555561,15.254237288135583,25.925925925925913,19.298245614035082,-10.526315789473683,-56.129032258064505,-61.6026666143951,-71.82732798462808,3.0174180516586153,3.614602108456368
OIMEX,Oimex Electrode Ltd.,16.5,0.0,-1.7857142857142898,0.6097560975609844,24.060150375939845,33.06451612903225,7.843137254901956,-32.6530612244898,-34.0,-66.9090189883688,-66.9090189883688,2.957548690956272,3.2367738825838583
OLYMPIC,Olympic Industries PLC.,154.0,-0.3880983182406173,-0.32362459546925565,-0.6451612903225806,9.14245216158753,5.551747772446877,11.918604651162795,-4.643962848297214,-11.392405063291145,-51.73134316291045,108.42105398239809,1.6989292810069399,1.765019718183326
ONEBANKPLC,One Bank PLC,8.0,0.0,1.265822784810122,0.0,11.111111111111109,11.111111111111109,14.285714285714286,-1.2345679012345636,-12.842104870488646,-12.842104870488646,-12.842104870488646,2.281807854592659,2.3623540143062836
ORIONINFU,Orion Infusion Ltd.,285.4,0.03505082369434486,-1.7894012388162577,-7.637540453074441,-8.817891373801924,-22.42457189453656,-16.083504851514274,-17.10717397618357,307.13266761768904,293.655172413793,520.4347826086956,2.244597446771489,3.0963249905086716
ORIONPHARM,Orion Pharma Ltd.,28.7,-0.34722222222222715,-2.7118644067796636,-2.047781569965875,9.96168582375478,5.904059040590397,5.514705882352941,-9.177215189873424,-50.0,-23.67021276595745,-57.999999832,3.0792677886606246,2.680737427635822
PADMALIFE,Padma Islami Life Insurance Ltd.,17.8,0.5649717514124375,-2.19780219780219,-2.73224043715847,3.4883720930232642,2.890173410404624,6.586826347305398,-16.431924882629108,-49.859154929577464,-11.369294238046857,-63.67118111700815,3.1684836536302305,4.336263723107206
PADMAOIL,Padma Oil PLC,201.6,-0.09910802775025622,-0.5426739023186948,4.0247678018575765,14.871794871794869,16.53179190751445,18.93805309734513,3.067484662576687,-4.091341579448142,7.634810464495452,18.588235175529412,0.7881251443116605,1.7185901541595012
PARAMOUNT,Paramount Insurance PLC.,63.5,-0.6259780907668209,8.547008547008547,-1.3975155279503193,15.036231884057965,11.992945326278655,45.97701149425287,57.178217821782184,-35.40183112919633,879.8781966034034,382.533041013044,3.7811742982458645,4.915744141678264
PDL,Pacific Denims Ltd.,5.8,0.0,3.5714285714285747,-3.333333333333336,5.4545454545454515,48.71794871794872,26.086956521739136,-13.432835820895527,-57.55072464813968,-70.55888181252438,-70.55888181252438,4.263136070758573,4.6202903355870335
PENINSULA,The Peninsula Chittagong PLC,25.0,0.4016064257028169,-1.9607843137254901,6.837606837606844,23.152709359605907,21.359223300970868,36.61202185792349,129.3577981651376,8.695652173913043,66.66666666666667,-30.921052458881576,2.3515953105420757,3.282053609625863
PEOPLESINS,Peoples Insurance PLC,62.6,1.9543973941368125,15.925925925925927,-0.31847133757961105,16.141001855287573,59.69387755102041,72.45179063360884,73.88888888888889,7.931034482758623,337.76223776223776,137.12121212121215,4.026820468454426,4.181615401003808
PF1STMF,Phoenix Finance 1st Mutual Fund Units,13.8,2.9850746268656745,8.661417322834657,55.0561797752809,91.66666666666667,165.3846153846154,176.00000000000003,155.55555555555554,22.123893805309734,187.5,74.68354430379746,3.4968171296296315,4.734298333563691
PHARMAID,Pharma Aids Limited.,611.0,0.0,-3.015873015873016,4.088586030664395,7.722143864598017,18.342049196203767,23.935091277890468,1.4781597741238959,45.09617668012348,166.23093681917211,336.1170592433976,2.299957136058472,3.125398090886987
PHENIXINS,Phoenix Insurance PLC,45.7,-0.21834061135369937,2.9279279279279375,4.576659038901601,10.922330097087379,33.62573099415204,70.5223880597015,77.82101167315177,-28.369905956112845,135.56701030927837,2.008928571428584,2.990204324136932,3.911666750793358
PHOENIXFIN,Phoenix Finance and Investments Ltd.,4.0,-4.761904761904765,8.108108108108103,5.263157894736847,2.5641025641025665,8.108108108108103,66.66666666666667,8.108108108108103,-85.91194963946046,-69.490949823958,-85.33927516432995,10.416155367374879,6.377710192766127
PHPMF1,PHP First Mutual Fund Units 2010-,3.8,0.0,-5.000000000000004,22.580645161290313,18.74999999999999,65.21739130434783,58.333333333333336,11.76470588235294,-50.0,-3.6782613021754615,-31.955571901975958,5.229419703103915,6.406458805405355
PIONEERINS,Pioneer Insurance PLC,69.6,0.869565217391296,7.076923076923068,-5.563093622795127,10.126582278480997,34.58563568256767,51.93347229672243,64.22471949231054,-39.70899975969515,220.16600099301968,73.69550036737682,2.3242987689893266,3.1462935250439625
PLFSL,Peoples Leasing and Financial Services Ltd.,2.0,0.0,11.111111111111109,66.66666666666667,-9.090909090909099,222.58064516129033,277.35849056603774,-9.090909090909099,-33.333333333333336,-76.74418604651163,-93.18885449527936,7.967836257309947,7.9732986311933685
POPULAR1MF,Popular Life First Mutual Fund Units 2010-,4.0,2.5641025641025665,-4.761904761904766,29.032258064516125,33.333333333333336,73.91304347826089,66.66666666666667,14.285714285714286,-45.205479452054796,3.4779163083495876,-23.794893154772446,5.887314439946019,6.240732311362814
POPULARLIF,Popular Life Insurance Co. Ltd.,59.6,-1.1608623548921986,-2.77324632952691,-2.6143790849673225,7.001795332136443,28.725701943844506,40.235294117647065,23.1404958677686,-39.85872855701311,-13.372093023255808,-46.51282019189744,3.0422916646283564,3.0355268352265434
POWERGRID,Power Grid Co. of Bangladesh Ltd.,40.8,0.0,1.999999999999993,3.0303030303030196,21.791044776119396,34.210526315789465,51.67286245353159,23.63636363636363,-18.400000000000006,-30.136986301369866,-24.861878453038674,3.5283841078462066,3.063515443806417
PRAGATIINS,Pragati Insurance PLC,80.0,1.651842439644215,5.960264900662252,-6.6511085180863505,8.994708597368486,4.171933873637207,14.603615711127151,61.8860504848476,2.3313509559056778,408.0642146349181,101.14345594347732,3.08455971149358,3.3512944176739854
PRAGATILIF,Pragati Life Insurance PLC,167.3,0.1196888090963597,-1.8768328445747733,-2.1117022255478632,-6.725798368450038,-14.324953531617712,24.512855083376664,72.79812188400574,94.87692213209124,180.3068122491092,152.62651518250848,3.288987493590138,2.956494628013576
PREMIERBAN,The Premier Bank PLC,5.6,-1.75438596491229,9.803921568627452,24.44444444444444,19.148936170212753,36.58536585365854,39.99999999999999,-22.22222222222223,-52.01449289818822,44.66680501635452,-23.417010251007888,6.0420408300541535,5.680409104581264
PREMIERCEM,Premier Cement Mills PLC,49.6,1.2244897959183703,-2.7450980392156836,2.69151138716357,24.62311557788946,32.62032085561498,26.530612244897952,4.862579281183941,-32.054794520547944,-46.895074946466806,-52.76190476190476,3.2924126648547496,4.121372886073208
PREMIERLEA,Premier Leasing & Finance Limited,2.8,-3.448275862068969,7.692307692307681,21.73913043478261,21.73913043478261,391.22807017543863,418.5185185185184,-12.50000000000001,-70.52631578947368,-58.49490814717871,-79.34341953876925,8.007135138169618,8.16403471221062
PRIME1ICBA,Prime Bank 1st ICB AMCL Mutual Fund Units,6.4,0.0,-5.882352941176462,28.000000000000007,42.22222222222223,45.45454545454545,48.8372093023256,20.754716981132088,-23.80952380952381,23.07692307692308,-11.111111111111109,3.906249999999993,5.2120108337098285
PRIMEBANK,Prime Bank PLC,30.6,0.32786885245902103,-1.607717041800643,2.000000000000005,2.684563758389264,3.311897346948957,11.562500278906258,15.575539857284175,47.023437288653824,126.41609315038652,7.700627985467576,0.9870691987231508,1.3830263480489866
PRIMEFIN,Prime Finance and Investment Ltd.,3.7,-2.631578947368412,0.0,19.35483870967742,5.71428571428572,146.66666666666669,236.36363636363635,-21.27659574468085,-70.86614173228347,-52.564102564102555,-86.38036804468365,7.782925782925776,6.365692747029145
PRIMEINSUR,Prime Islami Insurance PLC,50.6,1.8108651911468783,10.000000000000002,7.43099787685775,35.29411764705883,43.342776203966025,69.23076923076925,41.34078212290505,-24.024024024024015,272.05882352941177,41.68000033436481,4.64272315516245,4.980670342493794
PRIMELIFE,Prime Life Insurance Company Limited,41.3,0.48661800486616963,1.9753086419753016,-3.0516431924882728,7.55208333333333,8.97097625329815,25.151515151515145,10.133333333333326,-36.46153846153847,-31.923076758495355,-54.56999993049211,3.128777584515518,3.3405330693604065
PRIMETEX,Prime Textile Spining Mills Ltd.,17.6,1.7341040462427786,5.38922155688624,-0.5649717514124174,-3.8251366120218537,35.384615384615394,27.536231884057973,28.46715328467155,-19.999999999999996,5.38922155688624,-12.87128712871286,4.79679562579102,4.304536124937185
PROGRESLIF,Progressive Life Insurance Co. Ltd.,40.6,0.4950495049505021,-0.9756097560975575,-4.018912529550818,1.5000000000000036,-6.018518518518521,-10.964912280701753,-18.637274549098194,-64.070796460177,-4.682104812344034,-45.73223390528364,6.860166594985081,3.979793092711287
PROVATIINS,Provati Insurance PLC,60.0,-0.8264462809917356,12.149532710280374,-2.1207177814029317,68.06722689075629,73.41040462427745,109.05923344947736,66.66666666666667,-62.72094288288829,684.7083609666204,221.24336739929,3.915507930186811,5.481439898470978
PTL,Paramount Textile PLC,65.0,0.9316770186335316,1.5625,-2.5487256371814135,4.166666666666669,28.45849802371541,25.482625482625487,32.11382113821138,34.062500206958994,543.5658028657153,154.40960566567094,2.1116146102537328,2.600169267852877
PUBALIBANK,Pubali Bank PLC,39.7,2.3195876288659942,4.473684210526323,7.880434782608711,14.137527221800251,14.137527221800251,47.75084429456622,70.35451822687293,136.81197948603878,274.0979702860428,127.72928302772591,2.7535490684955843,2.2989160683719576
PURABIGEN,Purabi General Insurance Co. Ltd.,31.7,-0.3144654088050359,3.5947712418300584,0.3164556962025249,13.214285714285712,40.888888888888886,63.402061855670105,70.4301075268817,-28.239560713196404,350.53156008753984,7.082404601360786,3.3544789496443514,4.122589845069366
QUASEMIND,Quasem Industries Limited.,45.9,-0.21739130434782916,-2.1321961620469083,0.879120879120876,15.617128463476059,18.91191709844559,21.37019217348487,30.803108662576843,23.419999617123718,20.656583095120748,188.84550929976785,2.4603864022755704,3.5168292004089174
QUEENSOUTH,Queen South Textile Mills Ltd.,17.7,-0.5617977528089967,1.724137931034487,17.218543046357613,52.58620689655172,60.9090909090909,48.73949579831932,36.153846153846146,-36.61486511026813,-27.108109575161752,-27.108109575161752,5.6129662098457995,4.596549222217714
RAHIMAFOOD,Rahima Food Corporation Ltd.,88.0,0.4566210045662165,-4.3478260869565215,-10.569105691056915,-12.263210368893319,-35.294117647058826,-45.0,-36.231884057971016,-69.67608545830463,61.46788990825688,411.6279069767442,3.2957756440802166,4.804178198875133
RAHIMTEXT,Rahim Textile Mills Ltd.,208.3,-1.1859582542694496,-2.6635514018691535,-10.600858369098708,2.459419576979833,-17.667984189723317,-2.3441162681669008,35.96605744125328,-30.33444816053511,55.1775259712602,416.4590235724194,3.693731612728941,4.349319189038479
RAKCERAMIC,RAK Ceramics (Baneladesh) Limited,31.4,0.9646302250803768,-2.1806853582554604,7.167235494880538,33.61702127659574,31.380753138075317,41.44144144144144,40.17857142857143,-21.500000000000004,-33.17638187811713,-21.77705887163652,2.6555524728986666,3.0009619175658724
RANFOUNDRY,Rangpur Foundry Limited,161.9,-0.7357449417535185,-1.759708737864081,-0.7357449417535185,6.373193166885688,4.1827541827541825,13.296011196641008,6.935270805812417,23.58778625954199,47.85388127853882,161.1290322580645,2.307126726957826,4.524759255603114
RDFOOD,Rangpur Dairy and Food Products Limited,28.1,0.3571428571428622,0.0,-0.7067137809187254,40.50000000000001,39.80099502487562,40.50000000000001,20.0854700854701,-32.21779884073683,208.1374383288824,73.67858604013234,2.769171809172502,3.453299228149161
RECKITTBEN,Reckitt Benckiser (Bangladesh) PLC,3322.0,0.35041082648622246,0.015053439710973957,-1.072066706372841,-5.085714285714285,-4.813753581661891,-2.865497076023392,-0.9836065573770492,-26.25971143174251,118.55263157894737,349.5263870094723,0.7974092250311976,0.7267791272619873
REGENTTEX,Regent Textile Mills Ltd.,7.4,1.3698630136986376,25.423728813559322,19.35483870967742,85.00000000000001,117.64705882352942,85.00000000000001,94.73684210526318,-32.11009174311926,-31.900123642779693,-71.15970228572228,6.548866348957215,5.715068289522679
RELIANCE1,Reliance Insurance Mutual Fund Reliance One Units,12.0,0.8403361344537785,-1.6393442622950762,13.207547169811324,2.5641025641025705,-22.077922077922082,-23.56687898089172,-30.232558139534877,-11.76470588235294,51.89873417721518,31.868131868131876,2.5158453211793192,3.3618864411509013
RELIANCINS,Reliance Insurance PLC,115.2,0.3484320557491339,5.688073394495415,-2.372881355932201,22.55319148936171,58.67768595041324,76.14678899082568,95.2542372881356,4.347826086956519,282.3720686343617,138.5653060718253,4.484265258077074,4.798716664579502
RENATA,Renata PLC,471.0,-1.0712035286704522,-0.5069708491761676,4.8997772828507795,12.410501193317423,12.410501193317423,20.153061224489797,-7.665163693393456,-59.53525554727727,-28.700788069170688,51.62428256330961,1.386855527783603,1.2672097534942783
RENWICKJA,Renwick Janeswar and Co. (BD) Limited,829.0,-1.1801168196447702,-19.880158500048324,45.43859649122807,68.80472408878029,79.04967602591793,69.59901800327332,16.28559405246178,-11.808510638297872,36.01312551271534,956.0509554140127,7.329771030150754,7.179397596874232
REPUBLIC,Republic Insurance PLC,37.9,0.7978723404255244,7.365439093484423,6.7605633802816865,12.797619047619039,4.407713498622594,38.32116788321168,32.517482517482506,-29.29822299827022,447.9781289291993,84.79272348977155,3.243677373540067,4.735659796730688
RINGSHINE,Ring Shine Textiles Ltd.,4.6,-4.1666666666666705,21.052631578947366,27.777777777777764,24.32432432432431,70.37037037037034,43.74999999999998,53.33333333333332,-54.45544554455446,-69.02666666976401,-69.02666666976401,7.28338190092212,5.649481015812644
ROBI,Robi Axiata PLc,31.9,-0.6230529595015665,-2.743902439024386,-2.743902439024386,11.149825783972124,5.62913907284768,12.720848056537093,15.162454873646208,-26.327944572748265,112.66666666666666,112.66666666666666,1.8089454097856414,1.784428758860786
RSRMSTEEL,Ratanpur Steel Re-Rolling Mills Ltd,7.7,0.0,-2.531645569620255,-6.097560975609746,1.3157894736842175,16.666666666666675,14.925373134328359,-25.96153846153846,-69.56521739130436,-76.46104502145636,-83.01159985568013,2.3547505126452517,3.60940186350495
RUNNERAUTO,Runner Automobiles PLC,47.3,4.415011037527594,11.294117647058817,12.351543942992864,17.955112219451358,41.19402985074626,27.83783783783783,70.14388489208632,-26.093750000000004,-48.95683440752031,-48.95683440752031,4.403647363932899,2.6668126517722675
RUPALIBANK,Rupali Bank PLC,17.5,1.1560693641618456,-1.1299435028248548,4.1666666666666625,-1.1299435028248548,-11.61616161616162,1.1560693641618456,-22.566371681415934,-39.92788465443148,28.88904909756775,-41.63742781562411,4.080971209515554,3.105531844797216
RUPALIINS,Rupali Insurance Company Ltd.,30.3,0.6644518272425225,7.067137809187279,9.782608695652172,33.11715511526716,29.85714315395918,48.66822467073599,43.95927634379927,-29.142538806642573,196.79724244369473,-3.32167053401787,3.113281942229309,4.341516677587877
RUPALILIFE,Rupali Life Insurance Co. Ltd.,90.6,0.22123893805308475,1.2290502793296025,-1.8418201516793098,0.7786429365962053,-2.2653721682847987,15.267175572519085,7.8571428571428505,21.43495361278192,201.6327665306961,-9.988552639195293,2.4723349784627153,3.1795116794409473
SAFKOSPINN,Safko Spinning Mills Limited,21.3,0.4716981132075539,-0.4672897196261583,0.9478672985781956,1.428571428571432,57.777777777777786,54.347826086956516,69.04761904761907,-22.054347845290955,95.29428428092261,7.868927997651617,4.4067488470392275,4.548638908968159
SAIFPOWER,SAIF Powertec Ltd.,9.9,1.0204081632653024,2.061855670103104,-8.333333333333336,62.29508196721313,110.63829787234042,98.00000000000001,37.5,-63.30769244984292,-28.148359684968383,-27.977398364765534,4.833212062414093,5.197866048942833
SAIHAMCOT,Saiham Cotton Mills Ltd.,22.8,-0.4366812227074143,5.555555555555552,15.736040609137062,0.44052863436123973,25.966850828729278,16.326530612244895,62.85714285714287,24.59016393442623,79.52755905511812,-11.690140919698473,6.252675110112774,4.297567273256538
SAIHAMTEX,Saiham Textile Mills Ltd.,24.2,4.761904761904753,22.84263959390863,31.521739130434792,29.411764705882355,12.558139534883718,39.88439306358381,66.89655172413792,2.542372881355923,92.50000048125001,3.2561837106474183,6.670941967427552,3.825761962263453
SALAMCRST,S. Alam Cold Rolled Steels Limited,14.0,0.7194244604316521,2.941176470588238,-4.761904761904757,-10.256410256410255,25.000000000000007,-6.04026845637584,-31.37254901960784,-58.08383233532934,-44.44444444444444,-70.58823529411764,4.580755140901987,3.5001408062478476
SALVO,Salvo Organic Industries PLC,37.9,0.5305039787798295,-3.5623409669211163,-0.26315789473684587,16.615384615384613,34.87544483985764,25.082508250825075,60.59322033898304,-14.63963963963964,276.4391910917332,121.38250714448665,2.2879173588100143,2.4471324735210307
SAMATALETH,Samata Leather Complex (Pvt.) Ltd.,106.5,4.514229636898915,1.1396011396011423,0.5665722379603345,-6.578947368421052,15.76086956521739,26.785714285714285,45.09536784741143,23.549883990719255,317.8076909707077,624.1999976825599,4.571288494456185,5.138019905431525
SAMORITA,Samorita Hospital Ltd.,95.3,0.8465608465608435,0.5274261603375527,13.587604290822396,36.33762517882688,38.1159420289855,31.0866574965612,50.552922590837284,51.04920537387614,90.87067488745609,142.76363940824393,2.994012598721473,4.133140041526203
SANDHANINS,Shandhani Life Insurance Co.Ltd,28.2,-0.35335689045936897,1.4388489208633042,11.023622047244098,25.89285714285715,33.0188679245283,46.11398963730569,33.0188679245283,-35.90909090909091,41.000001128,-33.76769991400333,2.55694051034782,3.310204287115427
SAPORTL,Summit Alliance Port Limited,54.5,1.301115241635693,2.0599250936329616,4.8076923076923075,6.653620352250487,21.651785714285722,29.453681710213772,132.9059829059829,82.88590604026845,44.53399976452521,158.60346110971943,2.9030678237075263,3.714157507774962
SBACBANK,SBAC Bank PLC.,7.4,-7.499999999999996,8.823529411764714,12.121212121212132,15.625,13.84615384615385,19.35483870967742,-15.909090909090912,-29.336727163006483,-29.336727163006483,-29.336727163006483,7.668971197524081,3.8542259768736056
SEAPEARL,Sea Pearl Beach Resort & Spa Ltd.,39.8,0.0,-2.92682926829269,6.989247311827941,14.697406340057618,26.751592356687894,20.6060606060606,-24.478178368121448,-5.011933174224347,65.83333374791665,65.83333374791665,3.409062043492393,4.472540490629811
SEMLFBSLGF,SEML FBLSL Growth Fund Units,7.6,0.0,4.109589041095888,28.813559322033885,40.740740740740726,51.999999999999986,55.102040816326515,33.33333333333332,-41.085271317829466,24.59016393442623,24.59016393442623,5.19511951175563,4.302644535560913
SEMLIBBLSF,SEML IBBL Shariah Fund Units,8.1,1.2499999999999956,-1.219512195121947,15.71428571428571,30.64516129032257,37.288135593220325,39.6551724137931,15.71428571428571,-39.09774436090226,-40.87591240875913,-40.87591240875913,1.8868670886075871,2.976494118504575
SHAHJABANK,Shahjalal Islami Bank PLC,17.4,-0.5714285714285796,-2.2471910112359668,-2.2471910112359668,-0.5714285714285795,-1.1363636363636525,6.097560975609756,-3.333333333333341,-13.000000304499999,146.55533433149887,6.956398485912178,1.5069931822447002,1.4382028072406372
SHARPIND,Sharp Industries PLC,35.5,0.28248587570621875,0.8522727272727191,58.48214285714287,135.09933774834437,179.52755905511813,175.1937984496124,100.56497175141243,117.79141104294477,117.79141104294477,117.79141104294477,6.001356848724299,7.538769267602967
SHASHADNIM,Shasha Denims PLC,28.9,0.0,2.482269503546097,17.479674796747954,49.74093264248703,80.62499999999999,81.76100628930816,57.92349726775955,9.0566037735849,2.374402170154819,-13.418982439556526,1.9536987593497386,2.4670952135218367
SHEPHERD,Shepherd Industries PLC,17.8,-0.5586592178770831,5.3254437869822615,6.586826347305398,17.880794701986762,47.10743801652894,32.83582089552239,-3.26086956521738,6.075580983689235,-50.94122252215668,-50.94122252215668,3.7290290313185683,3.704288959066371
SHURWID,Shurwid Industries Ltd,6.2,3.333333333333336,3.333333333333336,-8.823529411764701,0.0,40.9090909090909,34.782608695652186,-13.88888888888889,-70.04830917874396,-31.111111187654323,-79.36052639707098,3.695870181052845,4.281372819334003
SHYAMPSUG,Shyampur Sugar Mills Ltd.,294.0,2.941176470588227,-11.312217194570136,17.224880382775115,97.97979797979798,86.42993024730502,93.42105263157895,116.3355408388521,365.1898734177215,3318.6046511627906,3575.0,6.11426989483396,8.50750051828372
SICL,"Sikder Insurance Co., Ltd.",38.1,-2.307692307692304,-4.030226700251893,-1.5503875968992284,47.67441860465116,79.71698113207549,105.94594594594597,74.77064220183486,41.11111111111112,41.11111111111112,41.11111111111112,4.27687325737872,4.134654114143091
SILCOPHL,Silco Pharmaceuticals Ltd.,21.4,0.4694835680751073,-2.7272727272727337,-0.46511627906977404,49.65034965034963,55.072463768115924,56.20437956204379,41.721854304635755,-36.873156342182895,-12.164179199523842,-12.164179199523842,3.2526238412693833,3.5302725485220043
SILVAPHL,Silva Pharmaceuticals Ltd.,17.1,1.1834319526627388,1.7857142857142898,20.422535211267622,66.01941747572816,76.28865979381446,78.12500000000003,59.81308411214956,-22.972972972972965,-52.74999988187499,-52.74999988187499,4.024097418746244,4.7149559933781955
SIMTEX,Simtex Industries PLC,28.1,0.7168458781362109,0.3571428571428622,1.0791366906474846,16.115702479338854,36.40776699029126,24.888888888888893,74.53416149068322,51.891891891891895,74.63440977703858,4.302195414448048,3.077040124041403,3.38384418886867
SINGERBD,Singer Bangladesh Limited,79.0,0.50890585241731,2.5974025974025974,-1.25,-6.839622641509432,-10.430839002267575,-7.0588235294117645,-26.237161531279174,-56.13548028872849,-39.55267810496913,-22.149787829229293,2.557503205454534,2.9760582883073043
SINOBANGLA,Sinobangla Industries Ltd.,58.5,0.5154639175257684,0.5154639175257683,0.0,10.586011342155011,25.806451612903224,27.729257641921404,36.36363636363637,38.72346418789201,146.81967001134112,221.62501946030665,1.824126488725444,2.2720138416546045
SIPLC,Sena Insurance PLC,129.3,5.551020408163274,16.068222621184923,22.443181818181838,72.4,119.15254237288137,142.58911819887433,173.36152219873156,170.50209205020926,170.50209205020926,170.50209205020926,5.219038648403078,4.914218893755206
SKTRIMS,SK Trims & Industries Ltd.,15.3,0.6578947368421146,4.081632653061234,7.746478873239447,61.05263157894738,104.00000000000001,86.58536585365856,50.000000000000014,-63.13253012048193,-58.86000008337707,-58.86000008337707,4.080429343643065,5.143831308896642
SONALIANSH,Sonali Aansh Industries Limited.,211.8,1.0496183206106953,-0.37629350893696284,8.671113391482814,33.291378225298935,15.046170559478554,10.083160083160084,16.30971993410215,266.8326477592553,1112.8847530422333,1468.888888888889,3.1347707850293567,3.516241696328229
SONALILIFE,Sonali Life Insurance PLC,84.3,0.0,-0.8235294117647092,2.4301336573511545,18.899858956276432,19.57446808510638,38.423645320197046,50.53571428571428,21.294964028776974,666.3636363636364,666.3636363636364,2.794791938943849,3.125540753418556
SONALIPAPR,Sonali Paper & Board Mills Ltd.,237.2,0.6791171477079772,-3.5772357723577284,0.08438818565400365,1.7152658662092626,-0.16835016835017075,0.2959830866807563,55.54098360655737,27.72541678983229,57.16078895887208,57.16078895887208,3.2796186151240834,3.7417287364050704
SONARBAINS,Sonar Bangla Insurance Ltd.,39.8,-1.240694789081886,3.9164490861618804,-10.762331838565032,21.836735017117867,29.38080529804176,65.17786599131682,61.97674459098836,-49.15469267770189,329.6171500230212,91.2071705936612,4.3574889093299785,5.510474345565865
SONARGAON,Sonargaon Textiles Limited.,111.5,4.303086997193634,14.948453608247423,17.36842105263158,227.94117647058823,259.6774193548387,258.5209003215434,219.48424068767906,330.50193050193053,1386.6666666666667,497.32143006473217,5.9508057488178725,6.866427227023573
SOUTHEASTB,Southeast Bank PLC,10.6,0.952380952380949,-0.9345794392523332,2.9126213592232904,5.018518455312931,21.95698917780944,24.637362596273405,33.43529401089881,-25.824374778028574,3.391317033915243,-10.92440358165511,3.2312846737110554,3.218215896669972
SPCERAMICS,Shinepukur Ceramics PLC,23.3,2.643171806167407,-3.719008264462804,-2.5104602510460166,15.346534653465353,54.30463576158941,59.58904109589042,12.560386473429958,-27.41433021806854,164.77272727272725,2.6628349501005553,4.769789544217851,4.111396277710065
SPCL,Shahjibazar Power Co Ltd,57.0,0.5291005291005241,-0.5235602094240789,4.587155963302752,1.4234875444839807,12.871287128712872,20.0,31.33640552995392,-19.016393310748004,-50.470623228591066,119.51136681172947,1.9286403262299312,2.6245243641759455
SQUARETEXT,Square Textiles PLC,50.8,-0.3921568627451036,0.5940594059405885,1.1952191235059646,6.276150627615063,1.5999999999999943,4.742268041237107,-2.495201535508645,6.947368421052626,-12.364580013056429,-33.42979351011969,1.6706627722376233,2.070327053851052
SQURPHARMA,Square Pharmaceuticals PLC,218.8,0.32095369096745396,-1.4414414414414363,-2.7123165851489524,2.3865231633130666,-0.6357856494096173,9.9497487437186,-0.09132420091323681,-1.9273868220528836,17.326358860852668,109.02700063223782,0.9820276242318446,1.0941122044606195
SSSTEEL,S.S. Steel Ltd,7.3,0.0,-3.9473684210526296,5.797101449275353,48.97959183673468,92.10526315789474,78.04878048780489,25.862068965517242,-63.83486253728104,-80.41614422975591,-80.41614422975591,2.4809741248097463,4.413879220005261
STANCERAM,Standard Ceramic Industries Ltd.,73.3,1.2430939226519218,0.9641873278236954,1.5235457063711833,5.164992826398844,14.174454828660426,4.564907275320975,4.71428571428571,-66.09620721554116,44.861660079051376,199.18367346938774,3.2204001685570507,4.2054140003670355
STANDARINS,Standard Insurance PLC,50.2,-0.5940594059405885,0.4000000000000057,-5.1039697542533,11.55555555555556,18.117647058823536,28.388746803069058,12.053571428571441,-40.166865315852206,580.5353674128771,92.33074377802335,3.082314688418096,4.017722579690573
STANDBANKL,Standard Islami Bank PLC,5.1,0.0,0.0,8.510638297872328,6.2499999999999964,4.0816326530612095,6.2499999999999964,-22.72727272727273,-41.28794615586155,-3.475581608450813,-43.70151454384275,3.945098039215689,3.915398909001952
STYLECRAFT,Stylecraft Limited,58.9,0.8561643835616438,-3.4426229508196746,10.714285714285705,9.074074074074073,30.309734513274325,24.78813559322033,-16.0968660968661,-61.25,35.17549971910532,139.82749948210795,3.995175506290651,4.130627188324342
SUMITPOWER,Summit Power Ltd.,17.0,1.1904761904761862,0.0,10.389610389610388,23.188405797101446,37.096774193548384,37.096774193548384,17.24137931034483,-61.62528216704288,-47.204968944099384,-62.972602791716554,2.7704947010315175,3.533724200319748
SUNLIFEINS,Sunlife Insurance Co. Ltd.,69.8,-0.1430615164520866,4.02384500745157,-6.308724832214769,-3.1900138696255165,31.947069943289222,32.447817836812135,27.140255009107463,100.0,197.8912124867228,-24.53224053108473,3.3074260067508345,4.812908093155615
TAKAFULINS,Takaful Islami Insurance PLC,53.4,0.3759398496240521,17.62114537444934,31.851851851851848,58.928571428571416,57.05882352941176,57.05882352941176,50.847457627118644,-10.851419031719534,384.61732057152614,73.91618869631723,4.718401089301182,5.092018657307567
TALLUSPIN,Tallu Spinning Mills Limited,8.3,0.0,2.469135802469149,2.469135802469149,3.750000000000009,9.210526315789489,31.74603174603176,53.70370370370371,3.750000000000009,-38.51851851851851,-63.91304350964083,2.4604007720130836,2.686835707710373
TAMIJTEX,Tamijuddin Textile Mills PLC,132.2,-0.1510574018127017,-1.1958146487294639,-4.755043227665722,11.092436974789907,11.65540540540539,4.920634920634912,24.290598166307678,85.72158347472387,902.8965503408324,902.8965503408324,2.019084905707278,2.8128283116895307
TECHNODRUG,Techno Drugs Ltd.,49.7,5.296610169491525,2.474226804123717,15.581395348837214,38.826815642458115,62.95081967213115,70.20547945205482,57.27848101265823,88.25757575757578,88.25757575757578,88.25757575757578,3.761728911060474,4.0711711653645235
TILIL,Trust Islami Life Insurance Ltd.,52.4,-0.38022813688213464,2.9469548133595285,-1.5037593984962485,8.713692946058082,4.174950298210739,18.01801801801802,-0.7575757575757549,376.3636363636364,376.3636363636364,376.3636363636364,2.4967409574544757,3.3440912373353893
TITASGAS,Titas Gas Transmission and Distribution PLC,20.5,0.0,-2.380952380952381,14.525139664804477,23.493975903614448,25.76687116564417,31.410256410256416,2.5,-45.04021447721179,-58.077709611451944,-67.86833855799374,2.8980341693029614,3.9970834885857203
TOSRIFA,Tosrifa Industries PLC,23.9,0.8438818565400814,8.63636363636363,16.01941747572814,40.58823529411764,46.62576687116563,40.58823529411764,20.100502512562816,36.85754138335842,24.865897878757682,-44.95411762178352,4.485205879854431,5.708385784670283
TRUSTB1MF,Trust Bank 1st Mutual Fund Units,3.9,2.631578947368424,-4.8780487804877986,21.87499999999999,29.999999999999996,62.5,62.5,8.333333333333329,-51.24999999999999,-4.610588503506694,-40.294900479521516,5.976219134113869,6.27539756668987
TRUSTBANK,Trust Bank PLC,15.7,0.6410256410256387,-1.8750000000000044,-0.6329113924050722,-10.407608471671201,-10.891891694409061,-5.25862045280172,-17.985074443250173,-27.986172291935166,74.38130543015933,65.40445822242745,1.542597187758481,1.706638506769463
TUNGHAI,Tung Hai Knitting & Dyeing Ltd,2.9,0.0,11.538461538461531,0.0,-6.451612903225812,81.24999999999997,81.24999999999997,15.999999999999996,-56.71641791044776,-67.44897963169512,-88.30333335703858,4.211822660098525,6.275358832009079
UCB,United Commercial Bank PLC,9.8,-1.0101010101010066,-1.0101010101010064,8.888888888888896,11.363636363636363,-1.999999999999993,-6.66666666666666,-6.66666666666666,-26.636110831411276,-14.713176173237613,-22.71924944405135,2.265937302756161,2.5176447082629614
UNILEVERCL,Unilever Consumer Care Limited,2045.0,-0.146484375,-0.8244422890397672,-0.7281553398058253,-1.6826923076923077,-6.153916754623465,-5.324074074074074,-17.54032258064516,10.264878344678843,100.72388197043126,511.58878504672896,0.9827621488695663,1.0601557843888476
UNIONCAP,Union Capital Limited,4.9,0.0,-1.999999999999993,6.521739130434798,13.953488372093037,36.11111111111112,75.00000000000003,-9.25925925925926,-43.67816091954022,-46.94218729771708,-74.09521077844904,5.445866135538396,5.191164508632614
UNIONINS,Union Insurance PLC,52.7,0.19011406844106732,6.680161943319847,31.421446384039903,50.57142857142858,42.04851752021564,43.20652173913045,45.983379501385045,379.09090909090907,379.09090909090907,379.09090909090907,3.8279482976748467,5.848987271108879
UNIQUEHRL,Unique Hotel & Resorts PLC,45.0,0.22271714922049313,-1.3157894736842135,8.958837772397102,21.951219512195127,18.7335092348285,17.493472584856406,15.681233933161957,0.671140939597309,3.4482758620689653,-64.48303078137332,2.6434410653264737,3.888600565655632
UNITEDFIN,United Finance PLC,18.0,2.857142857142857,-2.173913043478253,15.384615384615387,31.386861313868618,47.54098360655739,55.17241379310345,38.46153846153846,1.6949152542372923,15.377907564534247,-22.78954960809099,3.9391320090218445,4.483843788409567
UNITEDINS,United Insurance Company Limited,58.7,4.262877442273545,17.871485943775113,31.910112359550567,19.55193482688391,27.331887201735363,40.43062200956939,52.46753246753247,-9.969325153374232,203.37878190051413,53.75338786488065,5.83014870348949,4.53520118328666
UPGDCL,United Power Generation & Distribution Co. Ltd.,125.9,-0.15860428231561352,-1.0220125786163499,1.043338683788131,6.694915254237293,4.39469320066336,8.440999138673568,-6.0447761194029805,-54.90687679083094,36.51560094887743,125.71043672719755,1.591656592150315,2.4970036437924854
USMANIAGL,Usmania Glass Sheet Factory Limited,63.9,2.239999999999998,-5.333333333333335,52.50596658711218,77.00831024930747,96.61538461538461,87.94117647058823,85.21739130434783,14.311270125223613,-8.152376082571877,31.7689994862271,8.022136995644882,9.056747973208545
UTTARABANK,Uttara Bank PLC,21.5,0.9389671361502313,0.4672897196261749,-0.921658986175112,1.415094339622645,9.247967479674799,17.358078602620086,26.768867924528294,66.66232659880818,169.62841364589352,65.90328763839533,1.033749667818228,1.150777046588372
UTTARAFIN,Uttara Finance and Investments Limited,13.5,-1.459854014598535,-0.7352941176470562,-0.7352941176470562,5.468749999999994,32.352941176470594,36.36363636363636,-20.118343195266267,-64.75195822454307,-73.25471691426887,-80.91493265195768,3.010016195381567,2.64156685753572
VAMLRBBF,Vanguard AML Rupali Bank Balanced Fund Units,8.1,-1.219512195121947,-1.219512195121947,9.459459459459449,37.288135593220325,47.27272727272726,42.105263157894726,32.786885245901644,-18.181818181818187,-26.36363636363637,-26.36363636363637,2.4807098765432136,3.74817663079721
VFSTDL,VFS Thread Dyeing Ltd.,17.3,0.5813953488372177,2.3668639053254568,3.592814371257494,49.13793103448277,55.855855855855864,35.15625,130.66666666666669,-31.710526145065792,-26.97084055375904,-26.97084055375904,4.238744165920981,3.74660787524044
WALTONHIL,Walton Hi-Tech Industries PLC,392.7,0.1785714285714257,-0.9084027252081813,0.6923076923076894,8.18181818181818,1.9999999999999971,3.3421052631578916,-3.814295353131145,-69.145000030855,14.277777663499998,14.277777663499998,1.8824040924235304,2.1082890583001563
WATACHEM,Wata Chemicals Ltd.,139.8,-0.14285714285713474,-0.35637918745545255,0.5755395683453319,-2.8492008339124353,3.555555555555564,-1.5492957746478793,11.840000000000009,-52.35173824130879,64.84709768763591,562.5937502795318,2.3671507171262074,3.1043795935547083
WMSHIPYARD,Western Marine Shipyard Limited,10.0,-0.9900990099009866,0.0,-3.8461538461538494,13.636363636363628,23.456790123456795,21.95121951219513,13.636363636363628,-35.064935064935064,-25.207553731620756,-70.95560005525523,3.217017966199289,3.658982450213744
YPL,Yeakin Polymer Ltd.,25.2,0.3984063745019835,-1.5625000000000082,-1.1764705882352968,12.500000000000004,66.88741721854305,42.37288135593221,67.99999999999999,76.2237762237762,0.5691342195832845,0.5691342195832845,3.07300664835053,3.93615347630699
ZAHEENSPIN,Zaheen Spinning PLC,5.6,-1.75438596491229,0.0,-5.084745762711876,0.0,39.99999999999999,39.99999999999999,-20.000000000000004,-45.09803921568627,-53.218868012088464,-60.6519222959867,3.2801827801827774,4.017409331874738
ZAHINTEX,Zahintex Industries Ltd.,9.0,2.2727272727272645,0.0,2.2727272727272645,8.433734939759027,57.89473684210526,55.17241379310345,100.0,-3.2258064516129106,-50.269767723125405,-62.06064540660374,3.3735103847463317,4.831954758747872
ZEALBANGLA,Zeal Bangla Sugar Milla Limited,210.0,0.5265677357587335,-6.583629893238439,50.0,55.67086730911785,48.93617021276596,46.85314685314685,144.47031431897554,44.23076923076924,1664.7058823529412,2313.7931034482763,7.31694009505331,9.954937086072619
