Symbol,Name,Price,Change %,Perf % 1W,Perf % 1M,Perf % 3M,Perf % 6M,Perf % YTD,Perf % 1Y,Perf % 5Y,Perf % 10Y,Perf % All Time,Volatility 1W,Volatility 1M
1JANATAMF,First Janata Bank Mutual Fund Units,3.4,0.0,-8.108108108108116,-15.000000000000002,9.677419354838703,21.428571428571434,30.769230769230763,3.030303030303033,-64.58333333333333,-11.90222270225723,-37.46298601980823,5.296154825566596,5.408020962200532
1STPRIMFMF,Prime Finance First Mutual Fund 2009 Units,21.7,0.9302325581395315,0.0,-14.566929133858267,13.020833333333334,20.555555555555554,8.499999999999996,-13.200000000000003,0.0,167.90123456790124,-29.084967320261445,4.226803870040649,4.505789254369953
AAMRANET,aamra networks ltd,17.9,1.1299435028248548,-9.595959595959608,-15.962441314554,-3.7634408602150686,10.493827160493824,0.5617977528089768,-22.844827586206904,-60.04869521251509,-70.2882492207739,-70.2882492207739,7.267859165371035,5.379441726307674
AAMRATECH,Aamra Technologies Limited,17.3,-1.1428571428571388,1.7647058823529453,-25.108225108225113,13.071895424836601,39.51612903225807,40.65040650406504,10.897435897435905,-43.226006409554806,-19.435564972110924,-41.165583460499015,7.195235443944237,7.105040279892372
ABB1STMF,AB Bank 1st Mutual Fund 2011 Units,3.6,2.85714285714286,-2.702702702702705,-7.692307692307688,5.882352941176476,24.137931034482765,33.33333333333333,5.882352941176476,-50.0,-9.004255865897834,-46.29997601309429,5.144724556489266,5.283072416600897
ABBANK,AB Bank PLC,4.5,0.0,-4.255319148936174,-8.163265306122456,2.2727272727272645,-30.76923076923077,9.756097560975618,-23.728813559322038,-69.63766041397285,-67.72103755138379,-80.44639777147891,4.031181379007459,3.5883703816355736
ACFL,Aman Cotton Fibrous PLC,22.3,2.7649769585253523,-4.700854700854692,-5.508474576271189,-6.694560669456058,27.42857142857143,23.888888888888893,8.780487804878051,-52.14592274678112,-62.83333333333334,-62.83333333333334,8.600229272554081,5.477841024537254
ACI,Advanced Chemical Industries PLC,186.2,-1.5856236786469347,-2.1030494216614093,-6.900000000000006,-2.4109014675052527,-11.24880838894186,-4.512820512820519,0.10752688172042399,-28.190194861219872,-24.695328082531155,198.99252647273082,1.3030475090843208,1.8678532426704213
ACIFORMULA,ACI Formulations PLC,152.7,3.106009453072245,-2.490421455938701,-11.683053788316956,6.485355648535553,7.915194346289745,18.372093023255808,0.1968503937007762,-10.427374077744426,-3.702702464995866,121.45718287408495,4.72648843872167,3.8498920003191897
ACMELAB,ACME Laboratories Ltd.,77.5,-0.257400257400261,-2.760351317440405,-7.074340527577944,-1.6497461928933974,-0.3856041131105362,8.695652173913047,-5.832320777642767,-17.465388711395104,-28.24074074074074,-42.592592592592595,1.673087306204234,1.604383111242309
ACMEPL,ACME Pesticides Ltd,24.5,1.6597510373443924,-3.162055335968382,-2.0,0.40983606557377633,44.970414201183445,54.088050314465406,40.80459770114943,122.72727272727273,122.72727272727273,122.72727272727273,5.577020707708803,5.0256796786883315
ACTIVEFINE,Active Fine Chemicals Ltd.,5.7,-1.7241379310344769,-8.064516129032258,-17.39130434782609,-17.39130434782609,-12.307692307692305,5.555555555555552,-39.361702127659576,-76.63934426229508,-76.9398339521754,-80.66956508157399,4.823351482153662,4.476511642136978
ADNTEL,ADN Telecom Ltd.,58.4,-1.5177065767284967,-5.501618122977344,-11.915535444947208,-8.320251177394042,-0.5110732538330567,0.8635578583765112,-28.167281672816728,-25.12820512820513,44.197530864197525,44.197530864197525,4.073699646776925,2.931788799884415
ADVENT,Advent Pharma Ltd.,13.8,-2.127659574468078,-4.166666666666664,-13.749999999999996,-10.967741935483867,4.5454545454545565,2.985074626865674,-18.34319526627218,-48.059040764436865,-62.52968823711722,-62.52968823711722,5.0861236627660045,3.882640146685627
AFCAGRO,AFC Agro Biotech Ltd.,6.5,-1.5151515151515098,-7.142857142857143,-9.722222222222223,-14.473684210526313,-4.411764705882351,30.0,-24.418604651162788,-81.32183908045977,-79.58551716072661,-71.63237497085794,4.322976463834671,3.6139909022176693
AFTABAUTO,Aftab Automobiles Ltd.,26.5,-1.486988847583638,-7.017543859649122,-12.251655629139071,-19.207317073170728,-5.693950177935948,-22.51461988304094,-29.144385026737964,-24.11363599282799,-43.048245326528644,-61.0449996825557,3.8141224436686825,2.646827544487857
AGNISYSL,Agni Systems PLC,30.0,-1.639344262295082,3.092783505154634,-3.846153846153844,0.671140939597313,44.92753623188406,44.230769230769226,4.166666666666664,21.951219512195117,90.8173090671097,61.8712934475164,5.50946758221334,4.054705632748675
AGRANINS,Agrani Insurance PLC,28.6,0.0,-3.7037037037036966,-8.333333333333327,6.319702602230494,33.02325581395349,20.16806722689076,-1.7182130584192439,-37.852507827951435,208.93142949565515,73.35039500451394,3.8768804075943204,4.414702349619069
AIBL1STIMF,AIBL 1st ISLAMIC Mutual Fund 2010- Units,5.8,1.7543859649122744,7.407407407407397,-10.769230769230772,41.46341463414635,61.1111111111111,70.58823529411765,28.888888888888882,-37.63440860215055,-20.547945205479454,-24.675324675324678,8.421921011791918,7.53864800466173
AIL,Alif Industries Ltd.,32.0,0.0,-7.246376811594203,-14.209115281501335,-6.705539358600575,8.108108108108103,-21.37592137592138,-45.94594594594595,-30.297029780264683,-71.02769239000932,-71.02769239000932,7.337943725255004,4.85592943802728
AL-HAJTEX,Alhaj Textile Mills Limited,72.9,-2.0161290322580645,-15.819861431870658,-26.21457489878542,-27.39043824701195,-42.598425196850386,-46.86588921282798,-55.548780487804876,15.714285714285724,-9.402521282496677,214.846281919555,6.535521250622519,4.015373448704552
ALARABANK,Al-Arafah Islami Bank PLC,15.8,-1.2499999999999956,-9.714285714285712,-1.2499999999999956,6.756756756756756,-9.195402298850562,5.333333333333338,-6.508875739644958,-34.278076991806884,32.6154105754646,-11.699881053536417,5.229618973566705,5.373095957393527
ALIF,Alif Manufacturing Company Ltd.,5.4,0.0,-3.571428571428559,-1.8181818181818117,1.8867924528301987,10.204081632653061,35.00000000000001,-8.47457627118644,-69.49152542372882,-36.189949003538985,-68.02284133654422,4.081824534654719,4.653280150659128
ALLTEX,Alltex Industries Limited,24.3,0.8298755186721962,0.0,9.459459459459467,46.38554216867469,69.93006993006993,81.34328358208955,85.49618320610688,8.000000000000002,23.350253807106604,217.99999891644447,3.6777495151214925,4.267497896417482
AMANFEED,Aman Feed PLC,32.1,3.5483870967741984,-7.22543352601156,-16.623376623376622,-6.1403508771929864,40.17467248908298,39.56521739130435,13.427561837455832,-56.02739726027397,-43.78276355316848,-4.277098640541641,7.824935164493836,5.09038054188232
AMBEEPHA,Ambee Pharmaceuticals PLC,752.5,-0.05312790543232531,0.2932160469145736,-6.521739130434782,-3.5750896975909763,-2.272727272727273,4.513888888888889,-9.977270008374205,44.157088122605366,49.00990099009901,302.5858241672621,3.7842231266971984,2.591311920975135
AMCLPRAN,Agricultural Marketing Co. Ltd.,216.4,0.04623208506703389,-2.0814479638009025,-7.363013698630132,0.5576208178438741,4.997573993207187,6.969846762234303,-12.95253419147224,-25.379310344827584,-2.52252252252252,75.9349593495935,1.9352385183567673,2.380329802856189
ANLIMAYARN,Anlima Yarn Dyeing Ltd.,27.0,-1.0989010989011014,-11.475409836065573,-23.29545454545455,-15.360501567398117,28.571428571428573,29.8076923076923,14.406779661016943,-42.30769230769231,-9.09090909090909,35.0,10.044423807380824,6.7595319483253675
ANWARGALV,Anwar Galvanizing Ltd.,106.5,1.0436432637571103,2.4038461538461537,-5.417406749555946,-10.504201680672269,12.579281183932352,22.97921478060047,29.562043795620433,-53.01470625823529,200.0182907207341,1217.9374919770557,3.8196583017988406,3.726901562992536
AOL,Associated Oxygen Ltd,15.8,-0.6289308176100606,-9.195402298850562,-15.508021390374326,-15.053763440860218,1.2820512820512888,3.947368421052641,-9.714285714285712,-72.59967587376202,21.723199339968126,21.723199339968126,3.615357552879507,3.7575139761194345
APEXFOODS,Apex Foods Limited,257.7,-0.2708978328173331,-5.361733382298943,-15.09060955518946,-6.427015250544659,13.724624889673432,4.84133441822619,2.71024312475089,43.166666666666664,53.57568533969009,259.91620111731845,4.574642057421126,3.4727502033317994
APEXFOOT,Apex Footwear Ltd.,207.0,1.0248901903367469,-0.6717850287907896,-4.696132596685078,2.4752475247524752,12.561174551386621,15.4489682097044,9.361792054099746,19.34523508825363,10.148054313669077,55.33336010204885,2.2750017833950995,1.7412409716228634
APEXSPINN,Apex Spinning and Knitting Mills Ltd.,277.9,1.349380014587888,-17.80538302277434,-24.667931688804554,-24.8918918918919,48.92818863879956,54.38888888888888,87.39042481456504,84.03973509933773,162.1698113207547,296.99999999999994,7.543488185887531,5.535460115998833
APEXTANRY,Apex Tannery Limited.,95.4,-1.0373443983402488,-5.544554455445539,-11.255813953488367,-13.193812556869881,50.47318611987383,60.06711409395974,20.302648171500643,-33.74999999999999,-35.496957403651116,30.506155950752408,5.226667080701387,4.457966004836258
APOLOISPAT,Appollo Ispat Complex Ltd.,2.9,-3.333333333333336,-6.451612903225812,-14.705882352941178,-14.705882352941178,-23.684210526315788,70.58823529411765,0.0,-77.16535433070865,-77.12487355231558,-88.09416943942136,4.804597701149428,5.52409675552349
ARAMIT,Aramit Limited,187.2,-1.369863013698642,-10.72961373390558,-10.387745332695077,2.9702970297029574,14.84662576687116,3.026967528893781,-23.840520748576086,-53.891625615763544,-56.251460621640575,-11.698113207547173,5.841833223182992,5.802533146802156
ARAMITCEM,Aramit Cement Limited,11.3,-3.4188034188034067,-8.130081300813007,-11.71875,-15.037593984962406,2.7272727272727337,28.409090909090907,-18.705035971223015,-80.65068493150683,-68.87052341597796,-68.73283652356214,8.295221244725761,8.429521546624347
ARGONDENIM,Argon Denims Ltd.,22.6,1.345291479820631,-3.4188034188034067,-3.4188034188034067,22.16216216216217,33.72781065088759,28.409090909090907,11.881188118811894,-9.664204721121736,29.58760223803846,-41.3865304314243,6.096844062399299,4.808569212060582
ASIAINS,Asia Insurance PLC,41.8,1.2106537530266346,-1.182033096926714,-5.000000000000006,-6.0674157303370855,9.999999999999993,51.99999999999999,35.27508090614886,-56.59397715472482,216.66666666666669,26.48415015298149,4.045562107260235,4.727021480927502
ASIAPACINS,Asia Pacific General Insurance PLC,47.7,0.0,1.2738853503184744,-10.169491525423727,3.6956521739130497,28.918918918918926,50.9493670886076,27.200000000000006,-33.28671328671328,218.00000000000003,40.70796460176992,4.681153773930936,4.918465270771892
ASIATICLAB,Asiatic Laboratories Ltd,106.0,4.125736738703343,-2.304147465437788,-7.745865970409056,-20.120572720422,52.73775216138328,119.91701244813277,101.13851992409866,84.9912739965096,84.9912739965096,84.9912739965096,7.319112437376583,5.573380901779943
ATLASBANG,Atlas Bangladesh Limited,83.7,-0.8293838862559275,-3.6823935558112804,-9.70873786407767,18.723404255319153,31.39717425431711,47.61904761904761,32.436708860759495,-37.067669172932334,-14.31035451219654,-25.588463777801522,5.37676074589001,4.897637082545599
AZIZPIPES,Aziz Pipes Limited.,75.8,-2.4453024453024526,-4.654088050314469,-9.112709832134303,11.143695014662748,53.13131313131312,61.96581196581197,32.28621291448517,-51.56549520766773,58.38984775739177,387.488753560496,5.208665053823437,3.8926690646618374
BANGAS,Bangas Limited,126.8,2.672064777327933,-1.5527950310559115,-8.711303095752346,-6.074074074074076,8.28351836037575,-2.7607361963190247,-4.661654135338347,-19.594166138237156,-20.667875687365292,-9.564638219482017,3.256703184395773,2.904188401690175
BANKASIA,Bank Asia PLC,16.8,0.0,-1.7543859649122846,-5.617977528089887,-6.6666666666666625,-18.625000353472657,-0.9347830431827729,-4.063158292874733,-1.2275867065487127,56.04240221560372,44.523234602558034,1.191205922896389,1.878347667661937
BARKAPOWER,Baraka Power Ltd.,10.0,-0.9900990099009866,-7.407407407407414,6.382978723404252,19.047619047619044,26.582278481012654,47.05882352941177,-20.0,-67.94871794871796,-54.62788446010378,-55.92912269955976,5.242146742146737,6.957848154980862
BATASHOE,Bata Shoe Co. (Bangladesh) Ltd.,884.9,-0.14669374858949086,-0.8070844075776309,-2.112831858407082,1.8883131836499687,4.9703440094899145,10.04850143017037,1.1198720146268946,-11.065326633165832,-25.52600572294227,71.8252427184466,3.107431327902097,1.6181349334635304
BATBC,British American Tobacco Bangladesh Co Ltd,229.8,-0.2604166666666642,-1.9624573378839565,-3.037974683544299,6.6357308584686825,4.4545454545454595,-7.3387096774193505,-21.569965870307165,-65.19763743752839,-15.237703223134229,146.80191424096907,2.434589505902414,2.2104993569790774
BAYLEASING,Bay Leasing and Investment Ltd.,4.6,-2.1276595744680966,-6.122448979591851,-14.814814814814827,4.545454545454529,-24.59016393442623,39.39393939393939,0.0,-85.99999996713042,-68.49522723787155,-82.46911843842737,5.237948401685681,5.430297029602784
BBS,Bangladesh Building Systems PLC,12.4,0.0,-6.766917293233084,-20.51282051282051,-15.068493150684928,21.568627450980404,34.782608695652186,-3.1250000000000027,-43.63636363636363,-48.89388212054827,-42.81225384970128,4.653330586957137,4.334029961184399
BBSCABLES,BBS Cables PLC,17.5,0.5747126436781691,-6.91489361702128,-22.22222222222222,-28.278688524590162,9.375,15.131578947368425,-21.874999999999996,-72.97794104215507,-39.4620764778978,-39.4620764778978,5.149161180058445,4.265134878224126
BDAUTOCA,Bangladesh Autocars Limited,185.4,-0.10775862068964906,-5.40816326530612,-15.032080659944997,-17.453250222617985,35.32846715328468,45.98425196850395,36.423841059602644,6.612995974698102,417.01597107845447,758.7722912117684,5.817884631583127,4.760706093043801
BDCOM,BDCOM Online Ltd.,29.6,-1.3333333333333286,1.0238907849829375,-9.202453987730062,0.33898305084746244,10.861423220973792,13.84615384615385,-0.7028751677734724,16.13523188479671,64.79897446399919,146.14655223276864,3.2026120550658757,3.3400872773893995
BDFINANCE,Bangladesh Finance PLC,12.4,-0.7999999999999973,-4.615384615384612,-8.823529411764701,-11.428571428571427,-10.79136690647482,-4.615384615384612,20.388349514563103,-80.2345865396987,41.55987511459958,-23.678041638818176,3.5631064778389683,3.5667276884839483
BDLAMPS,Bangladesh Lamps PLC,221.0,-1.2069736253911438,1.8433179723502304,11.335012594458439,22.302158273381302,61.31386861313869,64.31226765799256,32.33532934131737,-0.22362877180421842,26.92968320640917,97.05833317568667,4.228043868290325,4.7401558410667874
BDTHAI,Bangladesh Thai Aluminium Ltd.,16.1,0.6250000000000089,2.5477707006369563,-12.021857923497263,-3.012048192771084,45.045045045045065,43.75000000000002,11.805555555555562,-45.051194539249146,-17.541580670751255,1.056294686281463,5.625943109777662,4.5531593881866534
BDTHAIFOOD,BD Thai Food & Beverage Ltd.,25.2,2.0242914979757085,-0.7874015748031469,2.4390243902438935,-8.029197080291969,48.23529411764705,75.0,51.807228915662634,108.26446280991736,108.26446280991736,108.26446280991736,4.451120598496588,4.258521932911891
BDWELDING,Bangladesh Welding Electrodes Ltd.,12.3,-0.8064516129032229,-6.106870229007625,-10.869565217391305,-25.45454545454545,-25.45454545454545,-32.04419889502763,21.782178217821794,-49.795918367346935,18.314285645550747,-44.01652346393009,4.375936613275858,3.2332294926057363
BEACHHATCH,Beach Hatchery Ltd,26.2,-2.238805970149259,-12.666666666666668,-18.885448916408663,-21.791044776119406,-14.098360655737707,-44.01709401709402,-53.6283185840708,-3.6764705882352944,138.1818181818182,16.075949631565447,5.748265153333651,3.569242509612724
BEACONPHAR,Beacon Pharmaceuticals PLC,102.8,-0.9633911368015415,-1.5325670498084372,-4.014939309056953,-3.835360149672599,0.7843137254901933,-1.8147086914995278,-20.186335403726716,-53.98388540734109,458.69565217391306,567.5324675324675,2.500793723675799,1.9946164777697346
BENGALWTL,Bengal Windsor Thermoplastics PLC,22.4,0.44843049327353307,-5.485232067510551,-8.196721311475411,-15.151515151515152,26.55367231638418,28.73563218390805,0.448430493273533,-23.28767123287672,-45.486725715576796,-54.751252176931146,4.908129136514325,4.318529503895085
BERGERPBL,Berger Paints Bangladesh Ltd.,1480.8,-0.12814460106562964,-1.2800000000000031,0.7278416434256204,4.61321087954786,5.3950177935943024,7.226647356987687,-0.28282828282828587,-20.812834224598934,33.76693766937669,464.1142857142857,0.6323968284700068,0.7905355012777017
BESTHLDNG,Best Holdings PLC,15.1,2.0270270270270196,3.4246575342465753,-1.9480519480519527,0.6666666666666643,15.267175572519085,11.85185185185185,-25.98039215686274,-48.63945578231293,-48.63945578231293,-48.63945578231293,3.4869294744569874,3.2953484668841564
BEXIMCO,Bangladesh Export Import Company Ltd.,21.6,0.46511627906977404,-7.692307692307681,-14.285714285714278,-73.10087173100872,-80.38147138964578,-80.38147138964578,-80.38147138964578,-80.63193846653871,8.716087756636695,-45.610664808299916,4.688098281455398,5.2112046310972
BGIC,Bangladesh General Insurance Company PLC,41.8,0.48076923076922046,-2.7906976744186114,-3.240740740740754,1.7031630170316197,27.82874617737001,35.27508090614886,12.668463611859826,-30.100334448160538,188.2758620689655,33.54632587859423,4.626466357047179,4.960878548157646
BIFC,Bangladesh Industrial Finance Company Ltd.,4.0,0.0,-4.761904761904766,-14.893617021276599,-13.04347826086956,-44.44444444444444,135.2941176470588,-2.439024390243894,-52.38095238095239,-48.71794871794872,-80.36480619278304,5.525641025641025,7.048862668795058
BNICL,Bangladesh National Insurance Company Ltd,117.9,2.7898866608544055,10.600375234521588,2.5217391304347876,4.614019520851821,110.5357142857143,162.00000000000003,159.12087912087915,-25.84905660377358,800.0000000000001,218.64864864864867,7.878648334667809,5.8867072401513
BPML,Bashundhara Paper Mill Ltd.,25.4,-0.7812500000000111,-7.636363636363641,-10.247349823321562,-9.28571428571429,-8.633093525179865,-1.9305019305019306,-32.446808510638306,-52.78810408921933,-83.61290322580645,-83.61290322580645,4.655855115895841,2.872340761567217
BPPL,Baraka Patenga Power Ltd.,19.7,0.0,-4.368932038834961,-7.0754716981132075,3.1413612565444913,38.732394366197184,32.21476510067113,26.282051282051277,-60.521042084168336,-38.244514106583075,-38.244514106583075,3.3627012444726256,3.2942039794740845
BRACBANK,BRAC Bank PLC,62.3,0.0,-0.32000000000000456,-2.8081123244929755,-6.736526946107785,-6.954523263199267,13.36236881320238,-3.1824093414370647,121.42304559585791,256.24333985063845,846.360778436942,0.9654600145213085,1.2294157500717267
BSC,Bangladesh Shipping Corporation,111.0,-0.0900090009000849,-3.056768558951965,-6.64423885618167,4.12757973733584,1.36986301369863,-1.1576135351736396,-7.34557595993322,118.93491124260355,191.01123689239571,122.26592602194911,2.942527235767237,2.4949906530627506
BSCPLC,Bangladesh Submarine Cables PLC,146.8,-0.3394433129667345,-3.42105263157894,-6.496815286624196,1.9444444444444524,2.8011204481792715,14.41932969602494,-0.6765899864682002,-36.17391304347825,31.423455684870195,235.38953621201733,2.1999361713051035,2.2114287651057327
BSRMLTD,Bangladesh Steel Re-Rolling Mills Ltd.,96.5,0.4162330905307031,2.6595744680851063,-1.930894308943095,5.695509309967144,18.550368550368542,26.47444298820446,7.82122905027933,-5.945419103313835,-36.124179559907084,114.0691660212838,2.95818981684019,2.7772061527832617
BSRMSTEEL,BSRM Steels Limited,85.8,-1.4925373134328326,-6.739130434782611,-9.684210526315791,12.156862745098037,21.35785007072135,35.11811023622047,22.922636103151863,22.396576319543513,-7.470588327823528,52.46000023584388,3.3987616517301893,2.5991137322096587
BXPHARMA,Beximco Pharmaceuticals Plc,151.1,0.33200531208499334,2.7891156462584994,4.4229440221147245,20.015885623510716,27.510548523206747,46.69902912621358,18.046874999999996,-32.90408525754884,102.94261273694458,243.80211204404256,2.5071691363811963,2.396942554792081
CAPITECGBF,CAPITEC GRAMEEN BDT10 (MUTUAL FUND) Units,8.4,3.7037037037037126,-3.4482758620689538,-19.999999999999996,13.513513513513512,29.230769230769234,23.52941176470589,7.6923076923077,-41.666666666666664,-41.666666666666664,-41.666666666666664,5.153890695055354,4.895682556226612
CAPMBDBLMF,CAPM BDBL Mutual Fund 01 Units,7.2,-3.9999999999999973,-7.692307692307688,-36.84210526315789,-30.09708737864078,-29.411764705882344,-28.71287128712871,-42.4,-39.49579831932773,-33.333333333333336,-33.333333333333336,6.131434642399163,6.511797193904112
CAPMIBBLMF,CAPM IBBL Islamic Mutual Fund Units,12.5,-0.7936507936507908,-2.3437500000000053,-10.714285714285714,37.36263736263737,54.320987654320994,66.66666666666667,31.57894736842105,-35.8974358974359,25.0,25.0,7.689406119885596,6.309680959714287
CENTRALINS,Central Insurance PLC,43.1,1.650943396226422,-0.9195402298850542,-11.134020618556699,1.1737089201877935,8.02005012531329,5.896805896805893,-4.856512141280344,-30.14586709886548,238.28861850595032,63.70358362880618,3.75442365720082,4.557921354028113
CENTRALPHL,Central Pharmaceuticals Ltd.,9.8,-1.0101010101010066,-5.769230769230766,-11.711711711711702,10.1123595505618,13.953488372093037,11.363636363636363,-12.499999999999988,-50.505050505050505,-21.19683538166626,-71.36293007121667,4.84927514695198,4.330225418153815
CITYBANK,City Bank PLC,29.9,-0.3333333333333381,0.0,-4.472843450479241,2.047781569965863,9.158729831253957,40.92213071149094,28.302238399041403,67.21838078445423,142.59332360293405,194.5211479846488,1.4133111335474922,1.3461151725929
CITYGENINS,City Insurance PLC,127.2,-0.3134796238244448,0.0,10.994764397905767,20.683111954459196,30.595482546201225,46.712802768166085,102.87081339712918,159.59183673469389,1102.43749735088,430.5798269200052,1.1854429261877857,1.8263776767901394
CLICL,Chartered Life Insurance PLC,43.8,0.6896551724137866,-1.1286681715575622,-15.606936416184974,-24.09012131715772,-23.826086956521742,-21.505376344086024,-24.35233160621762,298.18181818181813,298.18181818181813,298.18181818181813,4.239076310703115,3.950558518072493
CNATEX,C & A Textiles Ltd,3.0,0.0,-9.090909090909086,-9.090909090909086,-9.090909090909086,-14.285714285714286,25.000000000000004,-3.225806451612906,-57.74647887323943,-58.75000004125,-82.4834122848176,6.002966258806082,7.061454436229113
CONFIDCEM,Confidence Cement PLC,61.4,-0.48622366288493396,-5.392912172573199,-7.53012048192772,-4.36137071651091,-3.0015797788309615,24.291497975708502,-4.658385093167712,-57.0199997842404,35.13829998156185,14.499474009090164,3.1738008730825955,2.71038942802741
CONTININS,Continental Insurance PLC,34.1,-0.583090379008734,-0.8720930232558057,-3.672316384180783,-1.445086705202312,42.67782426778244,40.90909090909092,14.429530201342283,-34.18198512957261,169.41696415770807,48.51610184747514,4.611873163657283,4.6580680284610985
COPPERTECH,Coppertech Industries Ltd,23.1,0.0,-5.327868852459005,-17.793594306049823,-19.79166666666666,24.193548387096772,22.22222222222224,-4.938271604938269,-46.45695351473181,-10.86287432603419,-10.86287432603419,4.41277683325971,4.145284877389924
CROWNCEMNT,Crown Cement PLC,59.4,3.6649214659685887,-6.012658227848108,-11.210762331838573,0.6779661016949129,21.224489795918362,26.92307692307693,5.319148936170213,-29.952830188679247,-25.000000000000004,-26.485148514851485,7.26302713464829,5.601551714455237
CRYSTALINS,Crystal Insurance Company Ltd,61.6,0.6535947712418277,-2.531645569620255,-10.724637681159418,-15.846994535519128,-21.52866242038216,7.130434782608698,0.6535947712418277,4.406779554840569,351.7333328816,351.7333328816,4.731917264772721,4.186284635338248
CVOPRL,CVO Petrochemical Refinery PLC,155.8,-0.7010834926704871,-6.42642642642642,-12.274774774774764,-8.514386376981797,1.168831168831176,5.627118644067805,-5.000000005792681,-21.313131388638915,-29.79614487256044,30.065178035780693,3.4278427137727885,2.8985950304057218
DACCADYE,Dacca Dyeing and Manufacturing Company Limited,16.2,2.531645569620244,-2.40963855421688,-4.705882352941181,-10.497237569060784,-8.474576271186441,-16.49484536082474,-23.94366197183099,-38.16793893129771,78.02197802197803,-42.33009714710151,4.299186074179534,3.8116645286001085
DAFODILCOM,Daffodil Computers PLC.,167.7,1.390568319226108,3.5824583075972716,1.3905683192261082,24.31430689399554,158.39753466872108,364.54293628808864,183.27702702702697,143.75,625.974025974026,968.1528662420383,3.0358885447904154,2.977186033642553
DBH,DBH Finance PLC,40.3,-1.2254901960784315,-2.6570048309178778,-7.142857142857146,3.0690537084398866,8.91891891891891,15.142857142857137,-2.4213075060532687,-51.18961614666799,-41.08125252590372,17.513171544021393,3.01632373701616,2.8717474636347813
DBH1STMF,DBH First Mutual Fund Units,5.4,1.8867924528301987,0.0,-5.263157894736839,14.893617021276599,20.000000000000007,-16.92307692307692,-6.896551724137922,-37.20930232558139,-14.285714285714278,-27.027027027027025,5.415350465294972,5.045883167774704
DELTALIFE,Delta Life Insurance Company Ltd.,72.8,-0.9523809523809563,-5.821474773609315,-10.674846625766873,-5.699481865284981,2.247191011235947,7.374631268436579,-17.272727272727277,-47.55043227665707,-26.98094282848546,-97.83750386160024,2.8407819634479186,2.955979869177514
DELTASPINN,Delta Spinners Limited,7.1,0.0,-2.739726027397263,-8.974358974358976,0.0,22.41379310344827,41.99999999999999,22.41379310344827,-43.2,10.141025499819193,-54.68287246805014,4.828048062752022,4.629134799755171
DESCO,Dhaka Electric Supply Co. Ltd.,22.1,-1.3392857142857018,-4.7413793103448185,-13.671875,-6.7510548523206655,1.376146788990829,7.804878048780495,-12.992125984251958,-47.25536992840095,-59.44954128440367,-66.7550142435351,4.176134255907947,3.894765297341804
DESHBANDHU,Deshbandhu Polymer Limited,17.8,-1.1111111111111072,-6.315789473684207,-19.09090909090909,-16.0377358490566,9.876543209876552,4.705882352941181,-18.721461187214604,-29.36507936507936,71.75438585944907,-17.7938110029643,3.6542653550753212,3.8943042141975894
DGIC,Desh General Insurance Company Ltd,30.2,1.342281879194626,-5.329153605015672,-12.209302325581394,9.420289855072456,49.504950495049506,53.299492385786806,20.799999999999997,-38.36734693877551,101.33333333333333,101.33333333333333,5.615701654735052,4.922728133075002
DHAKABANK,Dhaka Bank PLC,11.8,0.0,-1.6666666666666607,-2.479338842975198,1.724137931034492,-9.923664122137396,4.424778761061947,0.0,-6.823851270980626,15.374229297215061,-7.862140639401865,1.694963948204224,2.023412485829129
DHAKAINS,Dhaka Insurance Limited,44.9,0.6726457399103075,-1.7505470459518693,-10.735586481113318,-0.8830022075055157,20.375335120643435,24.722222222222218,6.650831353919233,-46.483909415971404,168.86227544910182,-5.798039291047845,3.282397835187967,4.0383799889699326
DOMINAGE,Dominage Steel Building Systems Ltd,62.5,2.124183006535943,-2.34375,-24.334140435835348,-22.839506172839506,70.76502732240436,116.26297577854672,218.87755102040813,70.45454585743803,372.49999919675,372.49999919675,6.305881711197619,4.91927222235819
DOREENPWR,Doreen Power Generations & Systems Ltd.,31.5,0.9615384615384639,-4.545454545454546,-8.959537572254337,-0.3164556962025361,18.42105263157894,11.70212765957447,-3.37423312883436,-54.634213257105344,-1.0879771432967156,-20.76047947840912,3.5058001655103497,3.42381895146841
DSHGARME,Desh Garments Limited.,158.6,2.9870129870129833,-8.217592592592602,-4.744744744744748,3.9999999999999964,47.39776951672863,36.25429553264604,17.830609212481427,-25.85635366426403,52.348873140609136,1454.62089904301,7.589627471382791,5.725156551948253
DSSL,Dragon Sweater & Spinning Ltd.,11.3,0.8928571428571557,-3.4188034188034067,-16.29629629629629,14.141414141414144,32.94117647058824,32.94117647058824,-3.4188034188034067,-42.58870937832505,113.21928509260593,24.4309554926439,6.093711694901245,5.10157309290348
DULAMIACOT,Dulamia Cotton Spinning Mills Limited,179.4,-0.22246941045606544,-5.57894736842105,-16.36363636363636,2.5142857142857173,47.65432098765433,32.88888888888889,37.4712643678161,139.2,2426.760563380282,1850.0000000000002,7.119664887820067,5.784040969456376
DUTCHBANGL,Dutch-Bangla Bank PLC,43.4,-0.45871559633028175,-4.6153846153846185,-11.065573770491802,8.499999999999996,9.807229176289445,18.056995113795335,7.730496709856141,-18.82479387634416,110.17443881797676,89.8817343930624,1.9705036534132372,2.445923799117102
EASTERNINS,Eastern Insurance PLC,57.8,-0.1727115716753047,-5.863192182410425,-8.83280757097792,-6.774193548387101,10.30534351145038,15.3692614770459,5.0909090909090855,-57.026022304832715,162.72727272727272,58.356164383561634,5.672331453522348,4.551257942430137
EASTLAND,Eastland Insurance PLC,28.0,-1.0600706713780943,-2.097902097902103,-6.35451505016722,7.279693486590032,33.971291866028714,49.732620320855624,21.73913043478261,-37.07865168539326,95.05352141494527,-21.18563354085024,4.476701598597095,3.8253383860752264
EASTRNLUB,Eastern Lubricants Blenders PLC,2032.9,1.7314717509883468,7.000368440444234,-1.8396909705456257,7.560846560846565,32.43648208469056,22.390126429861535,20.7615533938385,75.23032629004612,241.06595105313542,1591.1186739138695,3.8962690839579546,2.8827313638532477
EBL,Eastern Bank PLC,23.5,-0.8438818565400814,-2.0833333333333335,-2.8925619834710714,-5.24193548387097,-8.660377678696264,-0.7991807116621829,-5.078431742929254,-3.237951118131078,68.44954767024282,77.77824042148241,1.099564592232559,1.314043753167895
EBL1STMF,EBL First Mutual Fund Units,4.1,0.0,-2.3809523809523934,-16.326530612244913,5.128205128205121,17.14285714285713,32.25806451612902,-4.651162790697679,-58.585858585858595,3.634041930505234,-40.20195767851895,5.451219512195126,5.413753526902763
EBLNRBMF,EBL NRB Mutual Fund,3.4,0.0,-5.555555555555561,-10.526315789473683,9.677419354838703,25.925925925925913,47.82608695652175,0.0,-53.42465753424658,-14.85531939150793,-50.511073454437025,4.7782021899669,5.482226185012565
ECABLES,Eastern Cables Ltd.,129.7,-0.3074558032282903,-6.0144927536231965,-8.144475920679888,4.260450160771691,10.195412064570931,15.700267618198033,-4.632352941176479,-19.938271604938276,-3.7786635896037972,212.62350534150724,4.984434599973112,4.250331222762799
EGEN,eGeneration PLC,23.5,-2.083333333333333,-3.688524590163929,-12.313432835820898,-7.8431372549019605,13.526570048309182,18.686868686868685,-22.442244224422446,-62.99212598425197,56.666666666666664,56.666666666666664,4.164499832614444,2.9840194998365384
EHL,Eastern Housing Ltd.,86.6,-1.70261066969353,-3.563474387527843,-6.981740064446832,-2.914798206278036,12.613784135240557,18.306010928961737,-4.835164835164841,41.04234527687296,158.32386428217328,121.52320294153508,3.675072170059029,2.7462580607263183
EIL,Express Insurance Ltd.,31.4,-0.317460317460322,-2.786377708978324,-7.100591715976328,3.6303630363036232,16.728624535315987,11.347517730496453,-9.510086455331425,-21.105527638190953,109.33333333333331,109.33333333333331,3.977579772193309,4.10673457297707
EMERALDOIL,Emerald Oil Industries Ltd.,28.6,-0.694444444444442,-2.054794520547938,-4.02684563758389,24.890829694323156,66.27906976744188,98.61111111111111,43.71859296482413,-24.736842105263154,-18.91752585887581,-33.45000013693942,3.4373974482867404,4.235322407407833
ENVOYTEX,Envoy Textiles Ltd.,74.1,5.706134094151213,19.516129032258057,33.51351351351351,45.86614173228346,47.02380952380952,52.783505154639165,38.2462686567164,81.61764705882352,119.73637808599167,65.37385259403031,7.383564963263618,5.687612226809941
EPGL,Energypac Power Generation PLC,17.1,-2.2857142857142776,-7.5675675675675595,-16.176470588235283,-8.064516129032258,2.395209580838336,9.615384615384627,-24.669603524229064,-68.9655172413793,-63.225806451612904,-63.225806451612904,4.390240477749961,4.057658821272264
ESQUIRENIT,Esquire Knit Composite PLC,24.4,0.8264462809917326,-6.513409961685834,-6.513409961685834,3.829787234042547,19.024390243902435,18.44660194174756,-15.277777777777786,-42.99065420560748,-48.41437632135307,-48.41437632135307,5.74546591619762,3.376388164586848
ETL,Evince Textiles Ltd.,13.6,0.740740740740738,1.4925373134328306,-2.85714285714286,19.298245614035082,43.1578947368421,35.99999999999999,16.239316239316242,7.086614173228349,35.520000625624085,4.193769336706834,6.707351913727504,5.069114980291297
EXIM1STMF,EXIM Bank 1st Mutual Fund 2013- Units,6.8,0.0,7.936507936507937,-2.85714285714286,88.88888888888889,126.66666666666667,142.85714285714286,61.90476190476189,-17.07317073170731,29.41587323444205,-12.776143386559047,5.552992986791739,5.858745586747948
FAMILYTEX,Familytex (BD) Ltd.,2.4,0.0,-4.0000000000000036,-14.285714285714285,-14.285714285714285,-35.135135135135144,84.6153846153846,14.285714285714276,-60.0,-66.11829240570113,-92.67115103137316,6.847826086956528,7.945613645916035
FARCHEM,FAR Chemicals Industries Ltd,15.2,2.0134228187919394,-11.627906976744187,-36.40167364016736,-20.833333333333336,10.948905109489052,4.827586206896547,-35.59322033898306,-3.7974683544303884,-8.731428498441167,-32.56266658574187,9.175289620495096,7.6004841882625715
FAREASTLIF,Fareast Islami Life Insurance Company Limited,19.1,0.5263157894736916,-3.0456852791878064,-14.732142857142845,-16.95652173913043,-16.593886462882086,-8.17307692307692,-37.78501628664495,-72.59684361549498,-62.24052703108218,-75.71098258595208,5.467985941449017,5.315283468419388
FBFIF,First Bangladesh Fixed Income Fund Units,3.4,0.0,-8.108108108108116,-12.820512820512821,6.249999999999991,17.24137931034483,30.769230769230763,0.0,-46.03174603174603,-36.479365151758444,-54.66980677981142,5.296154825566596,6.112406008137988
FEDERALINS,Federal Insurance PLC,28.2,1.0752688172043037,-2.4221453287197208,-1.0526315789473708,-1.7421602787456447,39.603960396039604,46.875,16.049382716049376,-30.54187192118227,206.04711228688285,46.0895001169734,4.225678852779643,4.271617939200942
FEKDIL,Far East Knitting & Dyeing Industries PLC.,22.3,4.2056074766355245,-9.349593495934961,-7.851239669421482,40.25157232704402,59.28571428571429,57.042253521126774,13.197969543147215,31.952662721893507,23.087450972909068,-6.264172066418864,8.725439103356786,6.360872448610496
FINEFOODS,Fine Foods Limited,445.9,-0.15673981191223588,-4.107526881720435,-5.1276595744680895,-21.689497716894977,-4.518201284796579,17.280378748027353,53.54683195592287,640.6976744186046,5540.562590800691,2792.939382627583,3.4467264280615444,4.0256013439308385
FIRSTFIN,First Finance Ltd.,4.4,-2.2222222222222143,-8.333333333333321,-11.999999999999993,0.0,-22.807017543859644,76.00000000000001,62.96296296296297,-51.64835164835164,-29.665671668770024,-87.08088770512603,9.242424242424239,9.410326715404272
FORTUNE,Fortune Shoes Ltd.,16.7,-1.7647058823529453,-1.7647058823529453,-11.640211640211637,5.69620253164556,17.605633802816904,20.143884892086323,-2.906976744186047,-71.0507074016723,-36.36653679559476,-36.36653679559476,4.863571108551913,4.28240201086446
FUWANGCER,Fu-Wang Ceramic Industry Ltd.,13.6,-0.7299270072992675,-6.8493150684931505,-20.930232558139533,-5.555555555555561,19.298245614035082,18.260869565217387,-9.333333333333336,-43.80165289256198,23.140135644708568,-10.70959679571199,4.528895519613092,4.413595703738538
FUWANGFOOD,Fu-Wang Foods Limited,9.6,-1.0309278350515427,0.0,-22.580645161290327,-14.285714285714285,-7.692307692307699,-14.285714285714285,-40.74074074074074,-57.89473684210526,-5.351111370799625,-42.3755297456567,4.384653221317011,4.865807287073278
GBBPOWER,GBB POWER Ltd.,12.9,-2.272727272727265,-7.857142857142855,10.256410256410266,41.758241758241766,51.76470588235295,101.5625,61.25000000000001,-72.61146496815287,-3.2499997581249938,-51.17006271127022,6.783508928839069,9.020708355567479
GEMINISEA,Gemini Sea Food PLC,107.6,-3.2374100719424534,-7.241379310344833,-13.225806451612907,-12.66233766233767,-6.434782608695657,-21.287490855888805,-42.67448055407565,10.613387919359822,-20.320366285984726,507.2880160717757,5.324089031504937,3.796631591008157
GENEXIL,Genex Infosys PLC,35.9,-0.27777777777778173,-0.5540166204986228,-8.651399491094145,5.899705014749263,35.471698113207545,33.457249070631974,29.136690647482006,-66.94208345574404,7.293185804808354,7.293185804808354,4.090181707975985,3.8276941984379373
GENNEXT,Generation Next Fashions Ltd.,3.0,0.0,-6.250000000000005,-3.225806451612906,-6.250000000000005,-11.76470588235294,11.111111111111104,-16.666666666666668,-61.03896103896104,-45.820895594357324,-86.5338710464558,6.784575454208381,5.722974017690029
GHAIL,Golden Harvest Agro Industries Ltd.,13.2,0.7633587786259515,-3.6496350364963503,-15.923566878980893,-7.042253521126761,18.918918918918916,23.364485981308412,-8.965517241379315,-40.54054054054054,-7.93743579342309,-64.21835008254385,5.082726716314505,4.325869723959471
GHCL,Global Heavy Chemicals Ltd.,21.0,0.4784688995215379,-3.669724770642205,-11.392405063291138,1.941747572815527,9.375000000000004,5.527638190954781,-12.5,-51.612903225806456,-48.148148148148145,-74.54545454545455,6.269862409017996,5.040548232634046
GLDNJMF,ICB AMCL CMSF GOLDEN JUBILEE MUTUAL FUND,8.2,3.797468354430366,-2.3809523809523934,-13.684210526315795,30.15873015873015,38.983050847457605,34.42622950819672,9.333333333333323,-25.45454545454546,-25.45454545454546,-25.45454545454546,5.561250555976299,5.834261257774536
GLOBALINS,Global Insurance PLC,45.5,1.1111111111111112,0.0,2.247191011235955,16.666666666666668,60.7773851590106,78.43137254901961,51.666666666666664,-25.65359477124183,373.60481940264225,92.0967825438001,4.4046033392880055,4.977779899536253
GOLDENSON,Golden Son Limited,12.9,-3.731343283582089,-10.416666666666666,-21.818181818181813,-22.289156626506028,21.698113207547177,27.72277227722773,-6.521739130434784,-32.10526315789474,-42.92035398230089,-67.42424242424244,5.275437740554019,4.508021965630653
GP,Grameenphone Ltd.,241.8,0.49875311720698967,-1.1042944785276028,-5.914396887159529,-3.665338645418322,-3.2799999999999954,-6.999999999999996,-20.747295968534907,-37.35751295336787,-8.754716981132072,40.90909090909092,0.9526851030029149,1.1903272287141298
GPHISPAT,GPH Ispat Limited,16.3,-1.2121212121212077,-7.386363636363639,-12.834224598930474,-9.444444444444441,0.6172839506172928,1.242236024844716,-25.909090909090903,-67.40735556014542,-21.52662553308058,-12.957728598541985,5.141785814409872,3.4572064768208595
GQBALLPEN,G.Q. Ball Pen Industries Limited,594.5,1.6586867305061637,5.782918149466192,3.8065304697048985,-14.472737735577617,16.11328125,32.78981460799643,41.17786748990738,316.31652661064425,724.5492371705965,338.2532038134455,6.259934816798621,4.784003105068204
GRAMEENS2,Grameen Mutual Fund One - Grameen Two Units,12.0,1.6949152542372818,-7.6923076923076925,-12.408759124087588,-3.225806451612906,-4.0,10.091743119266052,-9.774436090225567,-34.42622950819673,21.16504871308511,-34.46575349875013,3.4293973999856373,2.842862299063442
GREENDELMF,Green Delta Mutual Fund 2010 Units,4.5,4.651162790697678,2.2727272727272645,-11.764705882352935,21.621621621621617,40.624999999999986,50.0,15.384615384615387,-45.12195121951219,-26.22950819672131,-37.5,7.0129870129870095,6.544186272935824
GREENDELT,Green Delta Insurance PLC,65.0,-0.4594180704440998,-3.4175334323922693,-5.797101449275362,4.501607717041796,19.926199261992615,21.268656716417905,19.705340699815842,-43.13210848643919,62.059487874316446,24.685656406336626,5.901951313108409,4.698503198847564
GSPFINANCE,GSP Finance Company PLC,3.6,0.0,-2.702702702702705,-19.999999999999996,-7.692307692307688,-40.0,125.0,12.499999999999996,-84.82352944211765,-62.36268492139456,-75.25061401834468,6.73187473187472,7.552717169441904
HAKKANIPUL,Hakkani Pulp & Paper Mills PLC,69.9,0.0,-5.9219380888290605,-15.272727272727268,-12.185929648241192,0.8658008658008781,3.2496307237813924,-17.57075471698112,-25.63829787234042,38.41584158415842,275.80645161290323,4.492370888475049,3.4257584403047683
HAMI,Hami Industries PLC,145.0,4.0918880114859935,-6.391220142027118,-12.54523522316044,-14.201183431952662,-5.104712041884824,34.758364312267666,42.15686274509804,-17.095483133218984,-17.095483133218984,-17.095483133218984,5.8621218392012455,4.270557963988773
HEIDELBCEM,Heidelberg Materials Bangladesh PLC,209.1,0.8683068017366053,-4.34583714547118,-6.901157613535174,-12.327044025157235,-8.168642951251645,-4.476930105070814,-17.417061611374404,-43.04004358485427,-60.6954887218045,-20.79545454545455,3.509164347742047,3.048826978297486
HFL,Hamid Fabrics PLC,13.0,-1.5151515151515098,-9.090909090909095,-19.254658385093173,-14.473684210526313,60.49382716049384,100.0,51.162790697674424,-36.58536585365854,-24.855491329479772,-77.28785352257468,7.9222962925152745,5.506002453779785
HRTEX,H.R. Textile Mills Ltd.,17.5,0.0,-9.326424870466324,-14.634146341463415,-19.724770642201836,-20.814479638009054,-4.371584699453556,-34.94423791821561,-77.35294119911765,-15.570175531173057,-37.99846615858037,5.254641065868155,4.107427983688704
HWAWELLTEX,Hwa Well Textiles (BD)PLC,49.3,2.2821576763485356,4.670912951167719,-2.952755905511811,14.385150812064953,12.557077625570777,10.53811659192824,2.494802494802486,-3.333333333333339,61.639344262295076,23.249999999999993,4.309786723076889,3.6990369423197356
IBNSINA,BN SINA Pharmaceutical Industry PLC,312.9,0.12799999999999273,0.28846153846153116,-3.36627547869056,0.9029345372460349,-1.5418502202643278,-0.6666666666666738,-3.574730354391378,6.791808873720129,66.33449799428712,422.36412477113356,1.3263687504645632,1.317433589581089
IBP,Indo-Bangla Pharmaceuticals Ltd.,16.0,0.6289308176100606,-12.568306010928964,-14.438502673796789,-5.32544378698224,23.076923076923077,42.85714285714287,8.84353741496599,-27.719298506522005,-38.92512031219756,-38.92512031219756,6.868376541265618,5.1669159880358
ICB,Investment Corporation of Bangladesh,40.5,0.24752475247525105,-3.5714285714285716,-11.378555798687094,-5.1522248243559785,7.142857142857151,10.95890410958904,-30.76923076923077,-69.51879375240453,-47.289103702939336,-62.972265643666006,4.891055855293965,3.646916132041857
ICB3RDNRB,ICB AMCL Third NRB Mutual Fund 2010 Units,5.5,3.7735849056603805,-5.172413793103446,-15.384615384615385,17.021276595744677,27.90697674418605,34.14634146341464,14.583333333333337,-22.535211267605632,27.90697674418605,-22.535211267605632,5.21174580136844,5.285394775245014
ICBAGRANI1,ICB AMCL First Agrani Bank Mutual Fund Units,7.8,3.9999999999999973,-2.500000000000002,-13.333333333333336,14.705882352941178,19.999999999999996,21.87499999999999,8.333333333333329,-15.21739130434782,-9.302325581395348,-9.302325581395348,3.7250980288954927,4.716862649899823
ICBAMCL2ND,ICB AMCL Second Mutual Fund Units,6.9,-1.4285714285714235,-6.756756756756756,-18.823529411764703,9.523809523809533,23.214285714285726,23.214285714285726,9.523809523809533,-47.72727272727272,46.808510638297875,-9.210526315789465,7.415371942231392,5.967306382082362
ICBEPMF1S1,ICB Employees Provident Mutual Fund One Scheme One Units,6.1,7.017543859649113,0.0,-11.594202898550733,-8.955223880597023,24.48979591836733,79.41176470588235,24.48979591836733,-21.7948717948718,12.96296296296295,-26.506024096385552,8.174945265462505,7.177950386528286
ICBIBANK,ICB Islamic Bank Limited,2.6,0.0,-3.703703703703707,-7.1428571428571335,-3.703703703703707,-23.52941176470588,8.333333333333341,8.333333333333341,-64.3835616438356,-33.33333333333333,-65.33333333333334,6.338461538461544,5.460266049739738
ICBSONALI1,ICB AMCL Sonali Bank Ltd 1st Mutual Fund 2013- Units,6.6,9.999999999999993,3.124999999999989,-5.71428571428572,31.999999999999993,46.66666666666666,57.142857142857125,22.222222222222207,-25.00000000000001,15.789473684210515,-45.0,6.8078938934032145,6.339280237396401
ICICL,Islami Commercial Insurance PLC.,36.9,1.6528925619834753,-0.8064516129032372,-1.3368983957219251,19.032258064516125,73.23943661971829,64.73214285714286,49.392712550607285,152.73972602739724,152.73972602739724,152.73972602739724,3.817460515226192,3.697140364708636
IDLC,IDLC Finance PLC.,42.9,-0.4640371229698442,-2.941176470588245,-5.298013245033109,4.634146341463411,9.865853933201215,25.824022660928758,1.2247193422431424,-28.130082672698002,9.473555146966559,-9.264628967236748,2.4929734554688743,2.6848259023800294
IFADAUTOS,IFAD Autos PLC,24.5,1.6597510373443924,3.3755274261603407,-2.0,-0.8097165991902805,16.113744075829377,12.903225806451616,-6.844106463878329,-54.987868679440155,-50.252235501485735,39.3683621156524,3.824680183533937,3.563622960289402
IFIC,IFIC Bank PLC,4.6,-2.1276595744680966,-4.1666666666666705,-4.1666666666666705,2.2222222222222143,-22.033898305084755,-2.127659574468096,-22.033898305084755,-69.05781246122558,-38.31636861381821,-56.70502150614997,3.450508788159115,3.3524974174955924
IFIC1STMF,IFIC Bank 1st Mutual Fund Units,4.0,0.0,-4.761904761904766,-13.04347826086956,5.263157894736847,37.931034482758626,60.0,14.285714285714286,-43.66197183098591,2.666666827511111,-38.02439025641093,6.128205128205131,6.5404959418977535
IFILISLMF1,IFIL Islamic Mutual Fund - 1 Units,5.3,0.0,0.0,-8.620689655172415,26.190476190476183,39.473684210526315,55.88235294117647,17.777777777777775,-22.058823529411764,-15.873015873015873,-15.873015873015873,3.3789379322120796,3.745237621175725
INDEXAGRO,Index Agro Industries Ltd,68.4,0.29325513196481356,-2.005730659025776,-7.317073170731695,-7.317073170731695,5.718701700154564,2.242152466367713,-16.5853656502082,-46.72106811606082,-4.239999760599997,-4.239999760599997,2.9266071630016706,4.3179967097817356
INTECH,Intech Ltd.,23.2,-0.8547008547008517,-6.451612903225812,-14.391143911439123,-36.6120218579235,-38.94736842105263,-26.813880126182966,-42.4317617866005,-46.788990825688074,126.61759994488658,90.42173298734973,5.896733191616998,4.509829566830876
INTRACO,Intraco Refueling Station PLC,22.7,0.0,-1.3043478260869596,-3.8135593220339072,23.369565217391308,22.043010752688158,10.731707317073168,-20.35087719298246,-6.068965918877525,-51.17934484503707,-51.17934484503707,2.393100761456027,2.594741708849274
IPDC,IPDC Finance PLC,31.8,-0.6249999999999978,-1.8518518518518454,0.9523809523809547,49.29577464788732,73.00518173260222,74.81675431569175,42.085106706449075,-0.03508818701446462,119.99107413196747,508.35520665232366,3.8541844092431705,4.6596837072027935
ISLAMIBANK,Islami Bank Bangladesh PLC,27.5,0.0,-0.722021660649817,-8.026755852842806,15.062761506276157,-37.07093821510298,-16.666666666666668,-33.414043583535104,-8.333333333333334,-12.698412698412698,-29.65116286104651,2.4903610229653284,2.738340602193924
ISLAMICFIN,Islamic Finance & Investment PLC,10.9,-0.909090909090906,-4.385964912280701,-11.382113821138214,-1.8018018018017954,0.0,14.736842105263161,37.974683544303794,-65.72327044025157,-13.990102031442998,-40.23093989471919,2.7310248981110403,3.362692194853365
ISLAMIINS,Islami Insurance Bangladesh Limited,59.7,2.2260273972602813,-2.131147540983602,-7.585139318885436,5.291005291005291,59.20000000000001,59.20000000000001,36.30136986301371,-21.136063408190225,388.59688807502306,216.993302742846,5.314616997865066,3.7378061015357242
ISNLTD,Information Services Network Ltd.,45.6,-2.9787234042553163,-19.999999999999996,-23.873121869782967,-28.30188679245283,-43.0,-41.83673469387755,-58.1267217630854,-12.81070745697896,279.3920006070272,201.7890921052731,8.257882524710729,4.850059325087183
ITC,IT Consultants PLC,45.7,0.4395604395604458,-2.7659574468085046,-3.382663847780115,9.855769230769234,19.01041666666668,18.701298701298708,-0.2183406113536994,4.100227790432812,36.002111355105825,55.55606300946264,2.772220917524497,2.9620609791975667
JAMUNABANK,Jamuna Bank PLC,23.2,-1.6949152542372972,-4.132231404958678,-4.132231404958678,-2.5210084033613502,-2.109704641350211,9.952606635071078,5.4545454545454515,27.016921126344087,190.86874969304412,98.25504844923117,1.9629877220139225,1.423880202311477
JAMUNAOIL,JAMUNA OIL PLC,175.3,0.22870211549457156,-0.39772727272726627,-4.468664850136234,-0.057012542759403824,0.8050603795284679,3.6052009456264913,-6.306787814003197,-6.506666666666661,-7.248677248677243,9.190260363740453,1.0659062648599973,1.1658980824422656
JANATAINS,Janata Insurance PLC,32.6,0.3076923076923121,-2.6865671641791002,-6.051873198847266,-9.944751381215472,30.400000000000006,34.15637860082305,15.602836879432633,-36.31627880792368,285.1450877047254,-82.56477816537239,4.6118270206492475,3.873126659603514
JHRML,JMI Hospital Requisite Manufacturing Ltd,45.2,-0.22075055187636716,-6.804123711340201,-10.139165009940347,-9.9601593625498,6.103286384976529,7.109004739336492,-24.916943521594682,105.45454545454548,105.45454545454548,105.45454545454548,3.424356203331018,3.5910316028106983
JMISMDL,JMI Syringes & Medical Devices Ltd.,130.7,-1.0598031794095426,-1.5813253012048363,-13.500992720052949,1.3964313421256656,9.189640768588125,10.76271186440677,-17.278481012658233,-56.698660309088034,11.443259831469327,277.3927801304855,4.564914547233847,4.041735707365151
JUTESPINN,Jute Spinners Limited,208.3,1.2639766650461948,-1.8378887841658706,-5.361199454793268,-3.1613203161320236,-3.071195905072124,6.711065573770504,2.1078431372549074,14.387699066447018,256.67808219178085,213.23308270676694,3.068090851335755,4.044029764447975
KARNAPHULI,Karnaphuli Insurance PLC,56.1,0.5376344086021582,7.471264367816089,1.2635379061371892,58.92351274787537,92.78350515463917,96.84210526315789,66.46884272997032,17.610062893081757,433.19181288438335,105.51507273535056,5.895387723218239,5.234272699885619
KAY&QUE,Kay and Que (Bangladesh) Ltd.,360.8,0.16657412548584752,-7.747379186908721,-16.6743648960739,-21.565217391304344,-19.10313901345291,-4.398516163222037,5.068131468872968,26.60419422704967,1371.1050737977312,1716.4949603995544,4.9115601525926715,3.29864175075661
KBPPWBIL,Khan Brothers PP Woven Bag Industries Ltd,30.1,-0.33112582781456246,-13.005780346820808,-22.020725388601036,-37.42203742203742,-40.98039215686274,-37.291666666666664,-81.06918238993711,98.0263157894737,55.72923727540013,-10.07464921758586,6.888019121875571,4.6124198067458915
KDSALTD,KDS Accessories Ltd.,45.0,-0.44247787610620093,-5.462184873949582,-9.638554216867465,-9.090909090909092,15.089514066496161,9.489051094890508,-10.891089108910892,-26.17187481542969,-14.782441574057463,-13.759830966754313,4.329589430435405,2.9284469792861536
KEYACOSMET,Keya Cosmetic Ltd.,5.0,0.0,-5.660377358490563,-9.090909090909092,4.1666666666666705,-5.660377358490563,11.11111111111111,2.0408163265306047,-49.4949494949495,-32.68000027585043,-68.01170468615354,6.058103241296517,5.121649707850578
KOHINOOR,Kohinoor Chemical Company (Bangladesh) PLC,528.1,0.2277472006073345,-0.975060941308819,-2.5645756457564532,2.8432327166504425,3.2655455612045454,5.641128225645138,2.815929100723906,71.38066242081028,312.909208926491,1043.2521316905304,1.701538014481991,2.137334888667643
KPCL,Khulna Power Company Ltd.,10.7,1.904761904761898,-6.140350877192993,-2.7272727272727337,-2.7272727272727337,3.883495145631054,1.904761904761898,-13.008130081300823,-78.2520325203252,-81.0466988914034,-75.23346689748723,5.468460253643088,5.221627974696314
KPPL,Khulna Printing & Packaging Ltd,12.6,0.0,-8.695652173913052,-19.745222929936304,-22.69938650306749,-17.64705882352942,-21.250000000000004,-24.550898203592812,-22.22222222222222,32.63157894736842,-63.43007919330414,6.01468689857079,3.884221281471143
KTL,Kattali Textile Ltd.,12.5,4.166666666666666,1.6260162601625958,9.649122807017541,21.359223300970868,34.408602150537625,7.758620689655175,-12.58741258741259,-60.317460317460316,-34.66000041367015,-34.66000041367015,5.7516090381657285,4.868925836145008
LANKABAFIN,LankaBangla Finance PLC,14.9,-1.3245033112582734,-5.6962025316455716,-13.372093023255808,0.0,-2.6143790849673225,21.138211382113816,-18.131868131868128,-63.7469586374696,-18.299027334347873,-47.962765293842025,3.730206309836279,3.676691682489491
LEGACYFOOT,Legacy Footwear Ltd.,72.2,-0.41379310344827197,0.979020979020983,-4.1168658698539105,0.0,33.21033210332103,33.21033210332103,-0.27624309392265584,-9.296482412060291,199.45245785834695,361.05600891537745,3.4269232996222576,3.2388853713066554
LHB,LafargeHolcim Bangladesh PLC,51.6,-0.9596928982725527,-2.0872865275142343,-10.416666666666666,-4.267161410018548,-2.4574669187145504,9.554140127388536,-10.72664359861591,-35.17587939698492,-35.094339622641506,609.9697986415166,2.4517309946580697,2.3197515259840786
LIBRAINFU,Libra Infusions Ltd.,576.3,-0.7918746772249996,-5.509099852434829,-8.76998575273074,-10.651162790697681,-10.512422360248454,-9.386792452830196,-26.948916212447717,-20.692660946995414,57.19654477287693,389.3113202469411,3.1101213689383083,2.866239492855084
LINDEBD,Linde Bangladesh Limited,680.0,-0.45381349729176146,-1.7341040462427746,-5.1206920608343856,-2.0172910662824206,-14.228052472250248,-10.408432147562582,-28.42105263157895,-55.026455026455025,-51.67022032693674,31.910766246362755,0.8256067839692783,1.0153263569230895
LOVELLO,Taufika Foods and Lovello Ice-cream PLC,46.3,0.21645021645020412,-14.575645756457574,-32.210834553440705,-36.48834019204391,-34.97191011235955,-32.11143695014663,-54.734636758344976,50.21488784762782,256.5100004670281,256.5100004670281,7.715458901788624,5.855483752808208
LRBDL,Lub-rref (Bangladesh) Ltd,13.9,0.0,-6.0810810810810825,-11.464968152866236,21.929824561403507,36.27450980392158,40.4040404040404,-10.322580645161288,-73.77358490566037,-65.67901234567901,-65.67901234567901,4.089668109741961,3.718814564973142
LRGLOBMF1,LR Global Bangladesh Mutual Fund One Units,4.2,2.4390243902439157,-2.325581395348829,-14.285714285714288,20.000000000000004,40.00000000000001,50.000000000000014,13.513513513513512,-53.333333333333336,-33.33333333333333,-54.347826086956516,5.832171893147506,6.147001473767127
MAGURAPLEX,Magura Multiplex PLC,81.7,0.49200492004920754,-3.655660377358484,-12.244897959183664,-7.369614512471655,-0.6082725060827251,-2.622169249106082,-24.630996309963102,-61.63652190792973,357.181345113078,357.181345113078,3.6670359800519368,3.22998807042834
MAKSONSPIN,Maksons Spinning Mills PLC,6.0,-1.6393442622950762,-4.761904761904759,-4.761904761904759,3.448275862068969,0.0,27.6595744680851,-15.49295774647887,-79.16666666666667,-11.267605477583816,-62.837078475474684,5.301075268817206,5.233987892308619
MALEKSPIN,Malek Spinning Mills PLC,47.8,4.1394335511982545,0.42016806722688177,5.518763796909493,62.58503401360544,74.45255474452554,65.39792387543253,37.356321839080465,31.680440771349865,181.17647058823528,91.19999999999999,8.860638828774347,5.486526500794245
MARICO,Marico Bangladesh Limited.,2677.0,-0.19387070315412044,-0.5165557991750006,-1.3996316758747698,-2.6545454545454548,-3.9744601477867914,0.900832987825566,-8.88359428182437,12.858347386172007,117.90801790801791,612.9161118508655,1.083125884847965,0.7018686294194281
MATINSPINN,Matin Spinning PLC,67.0,1.9786910197869059,7.028753993610222,8.414239482200651,31.372549019607842,42.5531914893617,44.086021505376344,22.93577981651376,10.927152317880797,68.34170854271359,48.888888888888886,4.590908671928467,4.084059349304567
MBL1STMF,MBL 1st Mutual Fund 2010- Units,9.4,-2.083333333333326,11.904761904761905,25.333333333333336,141.02564102564102,141.02564102564102,176.47058823529412,100.0,13.253012048192767,51.61290322580645,36.231884057971016,5.5478784828887076,5.566503560875226
MEGCONMILK,Meghna Condensed Milk Industries Ltd.,34.5,0.29069767441860883,-4.958677685950406,1.4705882352941178,-21.232876712328764,5.828220858895701,139.58333333333334,77.83505154639177,43.75,385.9154929577465,263.1578947368421,6.160827052714586,5.490496278475124
MEGHNACEM,Meghna Cement Mills PLC,29.3,-4.870129870129871,-3.3003300330033003,-8.15047021943573,-12.012012012012002,-10.670731707317064,0.0,-41.633466135458164,-67.03749975195718,-64.2618981471701,-60.33311934991696,5.457556824633024,4.414327524623054
MEGHNAINS,Meghna Insurance PLC,35.5,0.0,-5.333333333333333,-8.50515463917525,7.250755287009059,28.158844765342966,26.33451957295373,25.4416961130742,222.72727272727272,222.72727272727272,222.72727272727272,5.717195566506712,4.699828315549227
MEGHNALIFE,Meghna Life Insurance PLC,53.3,0.18796992481201938,-5.160142348754459,-14.032258064516133,-12.479474548440068,0.5660377358490513,4.921259842519685,-23.85714285714286,-41.825280649283414,41.59144979081278,-18.162739498825264,4.526778003999759,4.291906753587586
MEGHNAPET,Meghna Pet Industries Ltd.,64.5,-1.8264840182648445,-20.37037037037037,-20.37037037037037,-28.253615127919915,117.17171717171716,195.87155963302752,132.85198555956677,104.76190476190476,993.2203389830507,907.8125,8.71467321462088,6.2720446420743885
MERCANBANK,Mercantile Bank PLC,6.8,-1.4492753623188481,-4.225352112676054,-8.108108108108116,-5.555555555555561,-20.000000000000004,-8.108108108108116,-26.086956521739125,-56.91925480716084,4.202510861862858,-34.275637119867916,4.136501866394604,2.8701750604228735
MERCINS,Mercantile Islami Insurance PLC,45.0,0.22271714922049313,6.8883610451306385,1.809954751131215,12.5,84.42622950819673,76.47058823529412,64.83516483516483,-16.356877323420072,254.3307086614173,63.10679661479876,6.084578967455062,4.851039638992358
METROSPIN,Metro Spinning Ltd.,10.1,-3.809523809523813,-12.173913043478263,6.315789473684207,4.12371134020619,7.44680851063829,18.823529411764703,-10.619469026548682,-64.41275158888423,40.48181805793875,-32.79316556586186,5.0404818454666565,5.332958719983157
MHSML,Mozaffar Hossain Spinning Mills Ltd.,20.0,0.5025125628140775,-4.3062200956937735,-11.504424778761067,-10.313901345291482,10.497237569060765,48.148148148148145,4.1666666666666705,-15.61181434599156,22.23369584427014,-19.172968861758466,6.371226453174337,4.496473402117415
MIDASFIN,MIDAS Financing PLC,5.2,0.0,-8.771929824561402,-17.460317460317455,-11.864406779661019,-28.76712328767123,15.555555555555559,-22.388059701492537,-74.87081340085648,-62.294470074931496,-78.86314843059603,5.057817998994472,4.166711942505287
MIDLANDBNK,Midland Bank PLC,16.6,0.0,-4.04624277456647,-7.262569832402219,6.410256410256421,4.402515723270447,-2.923976608187134,-11.702127659574465,89.97777707486,89.97777707486,89.97777707486,2.409376395472535,2.8963515420200494
MIRACLEIND,Miracle Industries Limited,27.7,0.3623188405797024,-3.4843205574912894,-9.18032786885246,-3.819444444444449,-6.734006734006734,-12.893081761006293,-19.00584795321638,-34.36018957345972,23.978505177879004,200.55101656249198,4.218366334714664,3.6514300575238985
MIRAKHTER,Mir Akhter Hossain Ltd,33.2,0.30211480362538196,-7.002801120448178,-20.19230769230769,-24.200913242009122,22.05882352941178,20.289855072463773,-4.597701149425271,-65.8787255909558,-59.01234567901235,-59.01234567901235,4.25232045769605,3.7956243684177773
MITHUNKNIT,Mithun Knitting & Dyeing (CEPZ) Ltd.,13.7,-0.7246376811594305,-6.164383561643838,0.7352941176470562,-17.964071856287426,-18.45238095238096,-6.164383561643838,-25.543478260869563,-39.91228070175439,-78.36842096610526,-73.75879920400001,5.4457232168229615,7.151119911022354
MJLBD,MJL Bangladesh PLC,90.2,-0.22123893805310046,-1.5283842794759732,-2.4864864864864833,-1.312910284463898,-1.7429193899782074,0.22222222222222537,-11.999999999999998,-9.437751004016055,-17.283842591762088,58.47638865898808,1.3286640474833629,1.4805870408478456
MLDYEING,M.L. Dyeing & Textile Ind. PLC,12.0,0.0,-9.774436090225567,-34.06593406593406,21.212121212121207,41.1764705882353,42.85714285714285,16.504854368932033,-62.025316455696206,73.88000073412137,73.88000073412137,8.265096000889868,7.902272056275092
MONNOAGML,Monno Agro & General Machinery Ltd.,309.7,-0.09677419354839076,-6.378476420798072,-12.266288951841362,-15.842391304347828,-14.91758241758242,-16.184032476319352,-26.22677465459743,-28.333590197054104,729.9792875171471,2390.4232310558164,4.127596508054565,3.2192652876268126
MONNOCERA,Monno Ceramic Industries Limited.,80.6,-0.4938271604938342,-5.06478209658423,-14.164004259850916,-18.503538928210325,-2.4213075060532687,-1.4669926650366782,-18.006103763987795,-52.166172106824924,212.21608201091541,370.63683474712633,3.2162706084367736,3.0252617425200015
MONNOFABR,Monno Fabrics Ltd.,20.8,0.48309178743962045,-5.022831050228301,-12.605042016806722,-10.344827586206891,-9.170305676855886,-2.8037383177569994,-6.3063063063063005,-11.864406779661019,-11.864406779661019,-11.864406779661019,5.304873726822908,4.47370604025046
MONOSPOOL,Monospool Bangladesh PLC,106.0,0.6647673314340008,-1.6697588126159528,-10.849453322119432,-2.7522935779816513,15.092290988056467,11.932418162618793,6.462881776681226,-41.67464138106865,121.6363627397438,121.6363627397438,2.970232197198537,2.880274318173
MPETROLEUM,Meghna Petroleum PLC,206.0,0.09718172983478553,0.19455252918288216,-4.319554110543433,-2.738432483474982,2.9485257371314373,6.901920083030624,-1.1990407673860912,-1.1990407673860912,13.812154696132596,44.331210046751586,1.36515764826192,1.1194941540142183
MTB,Mutual Trust Bank PLC,12.9,-1.526717557251903,-3.0075187969924837,-3.0075187969924837,13.763779871537736,25.440000858826433,31.559025247281426,25.440000858826433,3.547704992386205,117.87666997527309,165.58659584368428,2.9309467343629603,2.793396876261018
NAHEEACP,Nahee Aluminum Composite Panel PLC,34.4,3.303303303303308,2.6865671641791002,-5.2341597796143216,-5.75342465753425,63.809523809523796,85.94594594594594,31.29770992366412,-36.41404805914973,-45.41950995816162,-45.41950995816162,5.475414230153543,5.311718076239331
NATLIFEINS,National Life Insurance PLC,94.3,-1.8730489073881345,-2.7835051546391782,-8.712487899322362,-7.0935960591133025,-4.651162790697683,0.5330490405117271,-23.82875605815832,-61.129431162407265,-23.39573141504508,-30.580619187019625,2.745014579081565,2.4546957845914705
NAVANACNG,Navana CNG Limited,20.5,0.0,-3.755868544600942,-10.087719298245617,-8.88888888888889,0.4901960784313795,-3.755868544600942,-12.76595744680851,-45.930023653127435,-49.77499975314412,-65.22884584140058,3.926153828634646,2.7593295527708266
NAVANAPHAR,Navana Pharmaceuticals PLC,66.5,0.15060240963854563,-0.4491017964071814,-2.6354319180087806,-7.766990291262129,12.711864406779661,26.908396946564892,5.055292259083733,151.8939393939394,151.8939393939394,151.8939393939394,3.0491790913813017,2.664181896661472
NBL,National Bank PLC,3.3,-2.941176470588238,-8.333333333333341,-10.81081081081082,-13.157894736842106,-35.29411764705882,3.124999999999989,-10.81081081081082,-63.333333333333336,-40.892430056440766,-69.07196419158763,4.153297682709452,3.89907197846163
NCCBANK,National Credit and Commerce Bank PLC,14.7,0.0,-3.2894736842105265,-3.9215686274509896,-12.500000000000007,19.437554806907958,25.31153299562119,25.31153299562119,4.340648339144244,108.92173314767268,33.44274052478224,2.176087969434351,2.0787876821514057
NCCBLMF1,NCCBL Mutual Fund-1 2012- Dividend Units,6.3,0.0,3.278688524590167,-7.352941176470589,46.51162790697675,53.658536585365866,57.49999999999999,23.529411764705888,-27.58620689655172,0.0,-47.5,6.478053939714433,6.413831102300878
NEWLINE,New Line Clothings Ltd.,5.6,0.0,-11.111111111111114,-20.000000000000004,-1.75438596491229,-5.084745762711876,39.99999999999999,-11.111111111111114,-80.55555555555557,-77.5599599762812,-77.5599599762812,7.233766233766238,6.425422296447196
NFML,National Feed Mill Ltd,16.1,0.6250000000000089,-3.5928143712574725,-20.68965517241379,-2.4242424242424154,5.921052631578962,14.184397163120579,51.886792452830214,-50.42378049581566,13.815616645284257,-42.2810336807079,5.382871114577563,5.238273165777833
NHFIL,National Housing Finance PLC,27.3,2.2471910112359605,-2.4999999999999973,-3.873239436619711,3.802281368821293,16.66666666666668,21.333333333333336,-1.7985611510791366,-52.634069444709624,-1.0988025918275308,-10.606572130158746,4.303675026268582,3.8614818414321137
NITOLINS,Nitol Insurance PLC,55.0,2.61194029850746,14.583333333333334,16.033755274261605,52.77777777777778,90.31141868512111,95.72953736654804,89.65517241379311,-5.3278686157786845,242.82742205265828,130.88889919399688,5.136616838316197,5.128673017434031
NORTHERN,Northern Jute Manufacturing Co. Ltd.,102.0,0.0,-5.468025949953666,-8.355795148247976,-10.91703056768559,-13.632514817950886,19.577960140679956,-11.072362685265913,-73.50649350649351,-57.35191620571429,580.0000045333334,3.7784222857672334,4.37771785246036
NORTHRNINS,Northern Islami Insurance PLC,37.8,0.0,-3.076923076923084,-6.896551724137942,-9.795454319943195,36.8620693076724,42.76978452958632,15.04347853097165,-34.72039457364309,161.43113806582025,23.65031769188261,4.866458230418474,4.9651292755972944
NPOLYMER,National Polymer Industries PLC,31.4,0.6410256410256387,-3.0864197530864197,-12.04481792717088,-5.135951661631428,15.01831501831501,18.045112781954877,-13.97260273972603,-53.61890694239291,-27.16504856975425,117.57096985748571,3.480545957842154,3.315963873146977
NRBBANK,NRB Bank PLC,6.4,-1.538461538461533,-4.477611940298504,-5.882352941176462,12.280701754385968,-8.571428571428566,4.918032786885258,-28.089887640449437,-28.888888888888882,-28.888888888888882,-28.888888888888882,3.71300962718873,3.366723215569695
NRBCBANK,NRBC Bank PLC,8.9,-1.1111111111111072,0.0,-1.1111111111111072,20.27027027027027,30.882352941176478,74.50980392156865,34.84848484848486,-64.03583643179016,-30.01373754054916,-30.01373754054916,3.1819942939663894,5.111393439145678
NTC,National Tea Company Limited,155.3,-1.2714558169103622,-1.7088607594936638,-5.073349633251824,-3.0586766541822583,-2.998126171143025,-10.644418872266973,-24.243902439024385,-75.03215434083602,-71.5045871559633,-79.83116883116884,4.1814019995697205,3.891238542448874
NTLTUBES,National Tubes Limited,63.0,-0.6309148264984206,-3.816793893129771,-8.695652173913043,-2.927580893682597,7.876712328767125,0.8,-27.50287686996548,-47.93388429752066,-31.165448040281664,167.35739130542498,2.8083877446030776,2.7825175700436557
NURANI,Nurani Dyeing & Sweater Ltd.,3.1,0.0,-6.060606060606053,-3.1250000000000027,-6.060606060606053,-13.88888888888889,55.00000000000001,10.714285714285726,-70.47619047619048,-81.68011603809774,-81.68011603809774,6.669632925472753,8.518298761007038
OAL,Olympic Accessories Ltd,6.6,-1.4925373134328437,-1.4925373134328437,-4.347826086956532,4.761904761904759,-1.4925373134328437,15.789473684210515,-9.589041095890414,-56.29139072847682,-60.94183400931252,-72.65593598508019,3.9359659947895267,3.5066939702725666
OIMEX,Oimex Electrode Ltd.,14.5,0.0,-7.051282051282049,-11.042944785276077,-5.844155844155845,8.208955223880595,-5.228758169934645,-45.488721804511286,-47.46376811594204,-70.92004698977864,-70.92004698977864,7.453710855489954,4.577836524923099
OLYMPIC,Olympic Industries PLC.,143.5,-0.3472222222222222,-3.367003367003367,-4.714475431606902,-2.380952380952381,-6.086387434554981,4.287790697674423,-13.658243080625748,-23.629590207557214,-50.43585513924753,94.21052757450731,1.981259976211917,1.98506320017069
ONEBANKPLC,One Bank PLC,7.6,0.0,-2.5641025641025665,-3.7974683544303884,-13.636363636363647,-2.5641025641025665,8.571428571428566,-2.5641025641025665,-17.199999626964217,-17.199999626964217,-17.199999626964217,2.3686033264980666,2.358390110272191
ORIONINFU,Orion Infusion Ltd.,195.4,-0.711382113821141,-14.298245614035086,-26.264150943396224,-36.681788723266365,-46.612021857923494,-42.54630990885034,-63.94833948339483,119.5505617977528,169.51724137931035,324.7826086956522,6.376487562849953,4.45509845489318
ORIONPHARM,Orion Pharma Ltd.,25.1,-1.5686274509803866,-6.34328358208955,-13.745704467353951,-7.037037037037032,-14.33447098976109,-7.72058823529411,-37.24999999999999,-65.04178272980502,-33.59788359788359,-63.26829253599999,4.165251132847257,2.99132009832382
PADMALIFE,Padma Islami Life Insurance Ltd.,16.1,-1.2269938650306704,-5.294117647058815,-14.361702127659571,-16.58031088082901,-6.936416184971094,-3.5928143712574725,-26.146788990825684,-69.03846153846153,-16.363636016056663,-67.14078741482197,2.3513283195865196,3.5845063658862863
PADMAOIL,Padma Oil PLC,192.6,0.0,-0.7727975270479135,-4.1791044776119435,5.824175824175821,8.323959505061856,13.628318584070794,-3.216080402010053,-19.414225941422597,3.6598493003229184,13.294117533764707,0.7371174307220782,0.959876876297137
PARAMOUNT,Paramount Insurance PLC.,58.4,1.2131715771230427,-5.040650406504067,-5.194805194805199,-16.571428571428573,14.285714285714281,34.25287356321839,19.917864476386026,-34.30821147356581,744.8556098868921,343.7784188214452,5.563730166861581,4.860876683433322
PDL,Pacific Denims Ltd.,5.5,1.8518518518518452,-3.5087719298245643,-3.5087719298245643,-1.7857142857142796,7.8431372549019684,19.565217391304355,-23.611111111111114,-65.70987654236322,-72.08169827049724,-72.08169827049724,3.670514670514664,4.54691619098655
PENINSULA,The Peninsula Chittagong PLC,21.4,0.4694835680751073,-0.46511627906977404,-14.400000000000004,-10.833333333333337,4.390243902439018,16.9398907103825,51.77304964539007,-18.93939393939394,38.961038961038945,-40.868420904802626,6.039930655134679,4.6433296678957126
PEOPLESINS,Peoples Insurance PLC,59.7,1.3582342954159665,-3.3980582524271754,-5.087440381558022,-3.2414910858995136,46.68304668304668,64.46280991735539,64.01098901098902,7.761732851985568,295.36423841059604,126.13636363636365,4.52410056250982,4.389426306896086
PF1STMF,Phoenix Finance 1st Mutual Fund Units,16.3,5.844155844155846,13.986013986013985,16.428571428571434,89.53488372093025,226.0,226.0,226.0,71.57894736842107,279.06976744186045,106.32911392405063,4.228624863023358,4.793207120891804
PHARMAID,Pharma Aids Limited.,553.1,-0.18047283883775492,-5.598224953063656,-9.357587676171748,-4.802065404475039,-1.758436944937829,12.190669371196758,-9.918566775244297,-13.578124999999996,106.61187896899516,294.78943611705927,2.7571254036503143,2.533456394888142
PHENIXINS,Phoenix Insurance PLC,48.5,2.536997885835101,-1.422764227642282,-2.2177419354838737,8.744394618834077,73.21428571428571,80.97014925373134,68.98954703832753,-26.95783132530121,141.29353233830844,8.258928571428578,5.882871521634685,5.294619054685444
PHOENIXFIN,Phoenix Finance and Investments Ltd.,3.6,-2.702702702702705,-9.999999999999998,-5.2631578947368345,0.0,-30.769230769230766,50.00000000000001,2.85714285714286,-88.92307692307692,-74.92342865456816,-86.80534764789695,5.559777822935716,6.233741820597679
PHPMF1,PHP First Mutual Fund Units 2010-,3.5,0.0,-5.40540540540541,-10.256410256410255,9.374999999999995,25.000000000000007,45.83333333333334,9.374999999999995,-51.388888888888886,-5.093023710043161,-37.32750043603048,5.243697478991601,5.63326317141001
PIONEERINS,Pioneer Insurance PLC,64.5,0.4672897196261638,-4.726735598227478,-6.2499999999999964,-6.521739130434782,29.493308176120273,40.80041613704881,39.92768630023244,-44.28605747027335,185.86250089405158,60.96781284045698,4.721063002711694,4.123987612367324
PLFSL,Peoples Leasing and Financial Services Ltd.,1.9,0.0,-9.523809523809533,-5.000000000000004,46.15384615384614,-47.22222222222223,258.49056603773585,58.333333333333336,-36.66666666666667,-72.46376811594203,-93.5294117705154,8.654970760233917,10.971474092868915
POPULAR1MF,Popular Life First Mutual Fund Units 2010-,3.5,0.0,-5.40540540540541,-10.256410256410255,9.374999999999995,25.000000000000007,45.83333333333334,6.060606060606066,-50.70422535211267,-5.540697931984958,-33.320531510425894,5.260504201680677,5.481919473585944
POPULARLIF,Popular Life Insurance Co. Ltd.,58.1,-1.6920473773265652,-4.283360790774301,-3.488372093023258,-5.374592833876217,21.041666666666668,36.70588235294118,3.1971580817051586,-43.592233009708735,-14.432989690721655,-47.8589740461282,4.29187731520786,3.8298415735778057
POWERGRID,Power Grid Co. of Bangladesh Ltd.,38.1,0.0,-2.056555269922872,-7.0731707317073145,4.670329670329679,27.852348993288594,41.63568773234202,11.730205278592376,-34.53608247422681,-34.87179487179487,-29.8342541436464,2.7385328067544172,3.0735793953232573
PRAGATIINS,Pragati Insurance PLC,73.2,2.092050209205021,-4.687499999999993,-9.517923362175528,-3.684210526315786,5.154811330940148,4.862308375681347,18.92113519895151,-7.418872144813091,336.41679179879793,84.04626218828176,5.069816995742566,4.505134156555029
PRAGATILIF,Pragati Life Insurance PLC,148.3,-0.9352037408149482,3.633822501747042,-14.867967853042467,-12.295699012435472,-24.266481039831802,10.372124380542497,-16.557544842823187,46.540507774236836,219.90873633215492,123.93611596871493,6.018866660754946,4.4205248049262
PREMIERBAN,The Premier Bank PLC,5.8,-1.6949152542372972,0.0,3.5714285714285747,41.46341463414635,9.433962264150944,44.99999999999999,-13.432835820895527,-53.969798792951146,47.72314582765665,-20.681903474258167,2.081064730792507,2.8877249947962182
PREMIERCEM,Premier Cement Mills PLC,43.9,0.0,-8.15899581589958,-9.297520661157025,-11.313131313131315,17.066666666666663,11.989795918367335,-15.414258188824663,-51.3842746400886,-55.29531568228106,-58.19047619047619,3.901849286496734,3.7324269035639506
PREMIERLEA,Premier Leasing & Finance Limited,2.1,0.0,-12.499999999999993,-15.999999999999996,-19.23076923076923,-43.24324324324324,288.88888888888886,16.666666666666668,-84.21052631578947,-71.9498555046896,-84.50756465407693,9.523809523809515,9.212472056293567
PRIME1ICBA,Prime Bank 1st ICB AMCL Mutual Fund Units,6.0,3.448275862068969,1.694915254237282,-13.043478260869568,25.000000000000004,39.53488372093024,39.53488372093024,17.64705882352942,-25.925925925925924,27.6595744680851,-16.666666666666668,5.239369610466838,6.2162431415065384
PRIMEBANK,Prime Bank PLC,28.6,-0.3484320557491215,-2.054794520547938,-4.983388704318936,-3.7037037037036966,-2.499999756249994,4.2708335940104245,2.4914678146559748,31.541666477575532,109.00509211163899,0.6613712543912638,1.1920095850920824,1.2746026242394974
PRIMEFIN,Prime Finance and Investment Ltd.,2.9,-3.333333333333336,-9.375000000000009,-17.142857142857146,-9.375000000000009,-48.214285714285715,163.6363636363636,7.407407407407397,-81.875,-60.81081081081081,-89.32515333231962,6.810848032205099,6.354654239483979
PRIMEINSUR,Prime Islami Insurance PLC,51.1,0.39292730844794277,-3.2196969696969617,-16.910569105691053,23.728813559322045,61.70886075949367,70.90301003344483,41.94444444444445,-6.581352833638027,198.83040935672514,43.08000033766881,6.494473800448977,6.375836465449066
PRIMELIFE,Prime Life Insurance Company Limited,37.2,0.8130081300813123,-2.6178010471204187,-12.470588235294112,-12.470588235294112,3.047091412742386,12.727272727272736,-25.450901803607206,-49.31880108991826,-35.30434782608695,-59.0799999373924,5.645295942505418,4.801887297196581
PRIMETEX,Prime Textile Spining Mills Ltd.,14.4,1.4084507042253596,-14.792899408284015,-17.24137931034482,-22.580645161290327,-32.710280373831765,4.347826086956519,-9.999999999999998,-43.96887159533074,-30.09708737864078,-28.71287128712871,10.630383072908382,6.095665228315434
PROGRESLIF,Progressive Life Insurance Co. Ltd.,37.9,0.2645502645502683,-3.8071065989847717,-5.955334987593049,-12.064965197215782,-11.241217798594858,-16.885964912280706,-35.21367521367522,-69.03594771241829,-0.14777957372579315,-49.341174015030795,4.500226519679543,4.622927359022941
PROVATIINS,Provati Insurance PLC,55.3,0.0,0.7285974499089227,-4.8192771084337425,8.431372549019603,82.50825082508248,92.6829268292683,56.657223796033996,-63.027089530670914,552.1012236753752,196.07930361967894,4.34817116236812,4.296295983303382
PTL,Paramount Textile PLC,78.1,1.5604681404421177,7.133058984910821,22.605965463108305,24.16534181240063,43.8305709023941,50.77220077220077,31.260504201680664,48.60873167579747,633.2723891027968,205.68292619213688,1.76134926601842,2.1345748308078316
PUBALIBANK,Pubali Bank PLC,37.7,-1.5665796344647371,-1.5665796344647371,-0.7894736842105189,9.275362318840587,14.695794543735346,40.30747682380722,46.966136717692926,119.48473933756279,222.80084604954396,116.2567750666314,2.2102334083378334,2.382603530158766
PURABIGEN,Purabi General Insurance Co. Ltd.,28.6,-1.0380622837370144,-4.666666666666662,-9.206349206349202,-14.626865671641788,43.00000000000001,47.42268041237115,36.1904761904762,-38.24318680730884,277.69640052041973,-3.389376290254931,6.090818248179474,4.203863495273107
QUASEMIND,Quasem Industries Limited.,40.4,-0.4926108374384306,-3.3492822966507148,-9.82142857142857,-7.551487414187653,4.392764857881126,6.826922958797141,-4.224138017728147,-7.288965788948653,-2.4150819152742184,154.23439162768238,2.910248612162316,2.5873144727629414
QUEENSOUTH,Queen South Textile Mills Ltd.,14.6,0.0,-8.17610062893082,-20.218579234972683,4.285714285714283,23.728813559322024,22.689075630252095,1.388888888888884,-52.381538634723135,-39.874485864257714,-39.874485864257714,8.188668354746603,5.903316142527671
RAHIMAFOOD,Rahima Food Corporation Ltd.,70.1,-1.544943820224731,-7.029177718832906,-17.626321974148063,-29.970029970029973,-40.793918918918926,-56.1875,-49.96431120628123,-81.55263157894736,18.612521150592205,307.5581395348837,4.2807058605910555,4.818700950982971
RAHIMTEXT,Rahim Textile Mills Ltd.,183.1,0.0,-7.758186397984889,-16.23970722781336,-8.128449573507284,-11.928811928811934,-14.15846225972809,-0.38084874863983514,-46.3049853372434,4.205991925749242,353.9781431402303,5.967820160555746,4.658023046934766
RAKCERAMIC,RAK Ceramics (Baneladesh) Limited,27.9,-2.7874564459930338,-9.415584415584423,-7.000000000000004,1.4545454545454495,20.779220779220765,25.67567567567567,5.283018867924523,-43.40770791075051,-38.67309685972269,-30.496176513333086,3.3529189847173604,3.3356249502861646
RANFOUNDRY,Rangpur Foundry Limited,150.2,2.8062970568104,-1.314060446780552,-8.41463414634147,7.209136331192002,3.6576949620427763,5.10846745976206,-19.029649595687335,-14.220445459737297,38.05147058823529,142.258064516129,3.992077073582365,3.702297436757684
RDFOOD,Rangpur Dairy and Food Products Limited,24.0,0.0,-6.250000000000005,-12.727272727272727,-20.0,23.076923076923077,20.0,-14.893617021276594,-47.848101463317846,158.93307874256234,48.33758238303118,3.882751511915168,4.3382859887447385
RECKITTBEN,Reckitt Benckiser (Bangladesh) PLC,3277.1,-0.21314819889771933,-0.3920972644376927,-1.5885885885885913,-1.292168674698798,-6.234620886981404,-4.178362573099418,-3.498336228982013,-28.88237847222222,115.456936226167,343.4506089309878,1.1263352502413788,0.5722422338373295
REGENTTEX,Regent Textile Mills Ltd.,6.2,1.6393442622950907,-4.615384615384612,-11.428571428571427,-22.499999999999996,31.914893617021274,55.00000000000001,82.3529411764706,-62.42424242424242,-41.492753932778996,-75.83650732047002,6.340993764695687,6.804161194111238
RELIANCE1,Reliance Insurance Mutual Fund Reliance One Units,12.2,7.964601769911492,-6.87022900763359,1.6666666666666607,14.018691588785048,0.8264462809917327,-22.29299363057325,-12.857142857142861,-4.687500000000011,67.12328767123287,34.06593406593406,5.540057873877263,4.757061841007934
RELIANCINS,Reliance Insurance PLC,103.6,0.4849660523763337,-7.001795332136455,-7.334525939177104,-7.664884135472379,45.91549295774647,58.4097859327217,51.68374816983894,-1.9867549668874251,229.09689641058125,114.54310511320398,9.799078262352795,5.965695937768972
RENATA,Renata PLC,461.2,0.04338394793926,-1.030042918454938,-1.8514577569695656,8.902007083825264,7.006960556844546,17.653061224489793,-10.202492211838013,-62.91115065443756,-28.599870981127964,48.469467342247114,1.2197940136845191,1.1380848322230694
RENWICKJA,Renwick Janeswar and Co. (BD) Limited,750.3,-0.2791068580542295,-4.904942965779473,-13.956422018348627,42.210007581501124,46.17182933956751,53.498363338788856,13.133293124246064,-46.44539614561028,21.2508080155139,855.796178343949,1.821361518071373,4.679874895091312
REPUBLIC,Republic Insurance PLC,39.5,1.282051282051282,-2.7093596059113336,5.053191489361698,11.898016997167147,23.052959501557627,44.16058394160585,14.825581395348841,-26.561972646405945,390.1030087336853,92.59399941546113,4.926899259517486,4.827808569739463
RINGSHINE,Ring Shine Textiles Ltd.,3.8,0.0,-9.523809523809533,-17.391304347826086,5.555555555555547,5.555555555555547,18.74999999999999,26.66666666666666,-73.23943661971829,-74.413333335892,-74.413333335892,8.003872293345973,6.89560330345811
ROBI,Robi Axiata PLc,29.9,0.3355704697986506,-2.2875816993464144,-5.678233438485806,-3.8585209003215524,-5.0793650793650835,5.6537102473498155,-8.000000000000004,-29.812206572769956,99.33333333333331,99.33333333333331,1.751878018559702,1.5367442151257151
RSRMSTEEL,Ratanpur Steel Re-Rolling Mills Ltd,7.1,0.0,-7.792207792207799,-11.250000000000004,-12.345679012345679,-12.345679012345679,5.970149253731335,-23.655913978494635,-79.88668555240793,-78.89676664696886,-84.33537129549727,4.238416802182961,3.221372806653867
RUNNERAUTO,Runner Automobiles PLC,44.9,0.4474272930648674,-8.367346938775512,-6.846473029045653,2.9816513761467824,39.44099378881986,21.351351351351347,35.64954682779455,-35.20923520923521,-51.546762471409345,-51.546762471409345,4.339474052472203,4.435255103309935
RUPALIBANK,Rupali Bank PLC,17.3,0.5813953488372177,-1.7045454545454584,-1.7045454545454584,4.848484848484853,-4.419889502762435,0.0,-20.27649769585253,-52.12325585169817,23.022375141768364,-42.304428640588405,2.7024912321411447,2.588853377923606
RUPALIINS,Rupali Insurance Company Ltd.,28.0,0.0,-3.4482758620689653,-7.5907590759075925,1.0830324909747318,29.51541879603719,37.3831779135514,10.94339648179424,-37.579617685301635,142.5500015550487,-10.660289602392753,3.874482021773972,4.2093953107123845
RUPALILIFE,Rupali Life Insurance PLC,79.2,-0.9999999999999963,-1.614906832298133,-13.913043478260867,-15.474919957310565,-3.41463414634146,0.7633587786259651,-32.30769230769231,-4.397633442022243,172.91613623833342,-21.31449634684621,3.295123143265692,3.5265928502089308
SAFKOSPINN,Safko Spinning Mills Limited,20.9,-0.9478672985782125,-7.522123893805322,0.0,1.951219512195115,33.97435897435897,51.44927536231882,34.838709677419345,-36.799401196280236,94.9306961124014,5.843220429620589,4.767458273984978,4.6906728866503045
SAIFPOWER,SAIF Powertec Ltd.,8.8,-2.2222222222222143,-6.382978723404252,-8.333333333333321,27.536231884057973,29.411764705882366,76.00000000000001,25.714285714285722,-72.80466482721478,-42.53099374527254,-35.97990965756936,4.714120022552343,5.003511671145813
SAIHAMCOT,Saiham Cotton Mills Ltd.,23.6,3.964757709251111,-6.34920634920634,7.27272727272728,21.025641025641033,16.831683168316843,20.408163265306122,23.56020942408377,16.256157635467982,74.81481481481482,-8.591549373021225,10.12206606694512,6.567383126149665
SAIHAMTEX,Saiham Textile Mills Ltd.,31.5,9.756097560975613,-10.256410256410259,18.867924528301888,74.0331491712707,55.940594059405946,82.08092485549133,85.29411764705883,23.046874999999993,148.68421104986146,34.403710201875775,11.124666092252017,6.530416374297522
SALAMCRST,S. Alam Cold Rolled Steels Limited,11.5,-2.542372881355938,-10.156250000000004,-8.0,-24.836601307189547,-28.571428571428577,-22.81879194630873,-45.23809523809524,-68.91891891891892,-58.029197080291965,-75.84033613445378,5.470364289930615,4.942606918227931
SALVO,Salvo Organic Industries PLC,31.5,-1.2539184952978013,-6.8047337278106435,-15.775401069518715,-18.604651162790702,-0.6309148264984205,3.960396039603958,-8.695652173913043,-38.59649122807017,204.63815949809558,83.99865369528574,5.0579308823539355,3.7642227098841325
SAMATALETH,Samata Leather Complex (Pvt.) Ltd.,82.6,-2.594339622641513,-12.12765957446809,-24.08088235294118,-28.236316246741964,0.24271844660192793,-1.6666666666666734,-26.967285587975244,-29.341317365269468,222.8045966177133,461.67999820262395,6.533351310724063,5.105189602453651
SAMORITA,Samorita Hospital Ltd.,89.8,1.9296254256526708,-8.367346938775512,-7.039337474120081,28.102710413694727,33.43239227340268,23.521320495185687,17.38562091503268,22.521859816412427,67.20193424053461,128.7531460530987,7.257603992403254,7.82898428824963
SANDHANINS,Shandhani Life Insurance Co.Ltd,24.7,0.816326530612242,-2.37154150197629,-13.937282229965158,-1.5936254980079765,22.88557213930347,27.979274611398957,-2.37154150197629,-41.74528301886792,23.500000988,-41.98802084666249,4.193648230292923,3.1796027809797947
SAPORTL,Summit Alliance Port Limited,60.5,3.418803418803419,1.8518518518518543,4.310344827586207,10.200364298724956,26.041666666666668,43.70546318289786,89.0625,92.6751592356688,49.94953246486766,187.07356691996378,2.6935022836788844,2.6990871498461977
SBACBANK,SBAC Bank PLC.,6.7,1.5151515151515234,-2.8985507246376834,-2.8985507246376834,4.687499999999997,-2.8985507246376834,8.064516129032258,-14.102564102564099,-67.86447483244402,-36.02109080974911,-36.02109080974911,4.261489754027071,3.95117817494813
SEAPEARL,Sea Pearl Beach Resort & Spa Ltd.,33.8,-0.5882352941176554,-6.6298342541436615,-12.435233160621774,-3.428571428571437,-14.646464646464658,2.4242424242424154,-39.96447602131439,-23.006833712984058,40.83333368541666,40.83333368541666,7.180305283614697,4.517817805732335
SEMLFBSLGF,SEML FBLSL Growth Fund Units,6.9,1.4705882352941255,-2.8169014084506943,-9.210526315789465,25.45454545454546,35.29411764705884,40.816326530612244,30.18867924528303,-38.39285714285713,13.114754098360669,13.114754098360669,4.157409881538597,4.681947355577609
SEMLIBBLSF,SEML IBBL Shariah Fund Units,7.8,0.0,-4.8780487804877986,-1.2658227848101333,27.8688524590164,29.999999999999996,34.48275862068966,16.41791044776119,-30.973451327433636,-43.065693430656935,-43.065693430656935,2.314352314352318,2.5886281929446766
SHAHJABANK,Shahjalal Islami Bank PLC,17.5,0.5747126436781691,-1.1299435028248548,0.0,1.1560693641618456,-3.8461538461538423,6.707317073170741,-5.913978494623663,-19.17040389771361,125.79593301861965,7.571090431233522,1.497590098427257,1.1999444640125017
SHARPIND,Sharp Industries PLC,19.6,3.703703703703719,-19.999999999999996,-53.77358490566037,12.643678160919558,20.245398773006137,51.93798449612404,2.0833333333333446,20.245398773006137,20.245398773006137,20.245398773006137,12.05733897620429,10.879129848257103
SHASHADNIM,Shasha Denims PLC,28.0,0.7194244604316521,1.8181818181818181,-1.4084507042253471,19.658119658119663,45.83333333333334,76.1006289308176,33.971291866028714,-13.043478260869573,0.036440023916417444,-16.115277104068603,4.560527579990773,4.180917470949501
SHEPHERD,Shepherd Industries PLC,13.8,0.7299270072992805,-9.80392156862745,-21.14285714285714,-15.337423312883434,1.4705882352941255,2.985074626865674,-28.49740932642487,-31.334951744637213,-61.96566689920012,-61.96566689920012,6.670218018334739,4.627880189426157
SHURWID,Shurwid Industries Ltd,5.9,-3.2786885245901525,-4.838709677419351,-6.34920634920634,-14.492753623188404,-19.178082191780813,28.260869565217405,-3.2786885245901525,-77.04280155642023,-34.444444517283955,-80.35921060366432,4.103253458016755,4.2140532689158015
SHYAMPSUG,Shyampur Sugar Mills Ltd.,291.8,-0.06849315068492762,-5.013020833333326,-6.892150606253978,32.817478379608566,92.60726072607262,91.97368421052633,59.62800875273523,141.15702479338842,1723.75,3547.5,4.6314750386646075,5.041787903301492
SICL,"Sikder Insurance Co., Ltd.",37.4,0.26809651474531215,-5.793450881612101,4.469273743016764,-5.0761421319796955,89.84771573604061,102.16216216216215,46.66666666666666,38.51851851851851,38.51851851851851,38.51851851851851,5.099645920399842,5.3698407054212485
SILCOPHL,Silco Pharmaceuticals Ltd.,17.0,0.0,-5.027932960893847,-16.66666666666666,-23.07692307692308,21.428571428571427,24.087591240875916,-2.2988505747126355,-47.204968944099384,-30.223880672518938,-30.223880672518938,6.9184076792772355,4.905613900267436
SILVAPHL,Silva Pharmaceuticals Ltd.,13.0,0.0,-4.411764705882351,-20.245398773006137,-2.985074626865674,38.29787234042553,35.41666666666667,-8.450704225352109,-46.05809128630706,-64.07894727861841,-64.07894727861841,5.0434625969697695,5.301270934345888
SIMTEX,Simtex Industries PLC,24.7,1.2295081967213144,-3.8910505836575875,-9.523809523809527,-2.755905511811021,-1.2000000000000028,9.777777777777775,19.90291262135921,8.81057268722467,40.60474934938666,-8.317999048510087,5.381691966357267,3.8530182121177776
SINGERBD,Singer Bangladesh Limited,72.7,-1.088435374149656,-1.6238159675236843,-6.435006435006435,-11.015911872705018,-14.369846878680802,-14.470588235294114,-35.37777777777777,-63.09644670050761,-50.75039087680525,-28.358095888417335,2.0532346576614273,2.149811958617889
SINOBANGLA,Sinobangla Industries Ltd.,51.3,-0.38834951456311234,-1.7241379310344935,-8.392857142857148,-7.400722021660652,7.999999999999994,12.00873362445415,-16.58536585365854,11.4784184958351,117.8565171930637,182.04040168057657,2.785064226690798,2.6540061177433145
SIPLC,Sena Insurance PLC,127.8,9.982788296041303,-15.476190476190471,3.9024390243902416,26.035502958579873,120.34482758620689,139.77485928705443,142.04545454545456,167.36401673640168,167.36401673640168,167.36401673640168,10.058355135990245,6.824896303295993
SKTRIMS,SK Trims & Industries Ltd.,12.9,-5.8394160583941535,-7.194244604316546,-11.643835616438352,-15.686274509803923,43.33333333333334,57.317073170731724,29.000000000000007,-70.7482993197279,-65.31333340363165,-65.31333340363165,6.791052882136739,5.465395636553456
SONALIANSH,Sonali Aansh Industries Limited.,209.0,1.2106537530266344,-4.128440366972477,-5.7709648331830525,10.406761753829892,30.54341036851968,8.627858627858625,-11.3279592702588,216.06805293005672,987.1261378413524,1448.148148148148,3.910205188540864,3.7413634713375896
SONALILIFE,Sonali Life Insurance PLC,84.9,0.47337278106509545,1.0714285714285783,-4.067796610169485,-2.525832376578632,41.97324414715721,39.40886699507391,8.846153846153854,20.940170940170944,671.8181818181819,671.8181818181819,2.1150866787028306,2.800864097375509
SONALIPAPR,Sonali Paper & Board Mills Ltd.,220.9,0.2723558783477051,-4.37229437229437,-9.836734693877549,-5.598290598290596,-6.239388794567058,-6.596194503171246,-21.943462897526498,-12.281549247278083,46.36095396717895,46.36095396717895,3.4675771265648896,2.858535685602058
SONARBAINS,Sonar Bangla Insurance Ltd.,36.7,1.3812154696132597,2.2284122562674216,-11.138014527845023,-16.228260660135863,34.268292994036294,52.31225331360121,19.303405890405358,-54.588383613275234,287.28537675949843,76.3141497685268,5.255664037628385,5.094684088942612
SONARGAON,Sonargaon Textiles Limited.,91.6,2.921348314606735,-11.067961165048548,-21.90963341858483,12.392638036809808,136.69250645994828,194.53376205787777,143.61702127659572,248.2889733840304,1045.0,390.7142869410714,10.022534914268888,6.752430084959548
SOUTHEASTB,Southeast Bank PLC,12.3,1.6528925619834798,4.23728813559322,14.953271028037397,24.242424242424246,37.09374995144598,44.626373578694626,47.8764043049673,-11.35128643813118,18.491795846253915,3.3613052778907786,3.2384627552631793,4.006422364859097
SPCERAMICS,Shinepukur Ceramics PLC,21.0,2.9411764705882426,8.24742268041238,-7.488986784140967,-8.296943231441043,2.4390243902439024,43.83561643835616,-2.7777777777777843,-41.666666666666664,138.63636363636363,-7.47126463724843,7.476908412976307,4.832866086059766
SPCL,Shahjibazar Power Co Ltd,50.6,-0.7843137254901933,-5.597014925373134,-11.53846153846154,-7.495429616087753,6.302521008403361,6.526315789473687,-3.6190476190476164,-54.20017398946591,-61.25448537756315,94.86447650304407,3.712464606400966,2.9986508537427796
SQUARETEXT,Square Textiles PLC,49.1,0.4089979550102308,0.20408163265306412,-3.3464566929133777,2.7196652719665364,0.8213552361396275,1.2371134020618586,-11.53153153153153,-5.938697318007665,-16.073255397149854,-35.657536640686544,3.3107919011370988,2.879202238030814
SQURPHARMA,Square Pharmaceuticals PLC,214.7,-0.41743970315399154,-1.2873563218390858,-1.91868433074464,-0.6018518518518571,-0.6938020351526365,7.8894472361808985,-2.9385171790235085,-11.71875,16.002994245081883,105.11013270448562,0.872224525314307,0.671060415743162
SSSTEEL,S.S. Steel Ltd,6.3,-1.5625000000000084,-5.970149253731348,-14.864864864864872,14.545454545454543,28.57142857142856,53.658536585365866,4.999999999999997,-73.6279070883656,-83.0988641982825,-83.0988641982825,5.052381310445829,4.486324777272842
STANCERAM,Standard Ceramic Industries Ltd.,68.1,-1.161103047895517,1.6417910447761108,-5.547850208044383,-5.0209205020920615,2.8700906344410746,-2.8530670470756063,-17.95180722891567,-74.30188679245283,29.714285714285705,177.95918367346934,5.082597042937164,4.7434831258986705
STANDARINS,Standard Insurance PLC,48.1,0.8385744234800808,-3.2193158953722363,-6.237816764132545,-9.756097560975602,26.578947368421055,23.017902813299234,14.251781472684085,-51.60965794768612,437.5817536392916,84.28503537296659,4.326398598182852,4.1973456165525835
STANDBANKL,Standard Islami Bank PLC,4.4,-2.2222222222222143,-4.347826086956506,-11.999999999999993,-4.347826086956506,-25.423728813559322,-8.333333333333321,-27.868852459016384,-54.21699573249541,-24.613333520794836,-51.42875764566825,3.18181818181817,3.630627021459203
STYLECRAFT,Stylecraft Limited,53.1,2.9069767441860463,-3.2786885245901587,-11.499999999999998,-1.1173184357541925,9.484536082474229,12.499999999999996,-35.00611995104039,-72.35814679854242,1.9398857314699294,116.2112092105252,6.592880213886293,3.974958452258965
SUMITPOWER,Summit Power Ltd.,15.4,0.6535947712418277,-4.347826086956529,-8.875739644970405,6.944444444444445,9.219858156028373,24.193548387096772,-1.2820512820512775,-68.63543788187373,-52.02492211838007,-66.45753429367264,3.1566251714509974,3.281113371834733
SUNLIFEINS,Sunlife Insurance Co. Ltd.,50.0,-0.7936507936507908,-1.9607843137254901,-23.076923076923077,-39.39393939393939,-10.394265232974908,-5.123339658444028,-19.35483870967742,23.762376237623766,194.7976868831568,-45.94000038043318,6.39144042942565,6.31944707181107
TAKAFULINS,Takaful Islami Insurance PLC,55.9,2.3809523809523756,6.476190476190474,4.485981308411212,47.4934036939314,80.3225806451613,64.41176470588235,44.07216494845362,-8.957654723127035,381.3846837702547,82.05833236187516,3.7041781333419763,4.797531245435679
TALLUSPIN,Tallu Spinning Mills Limited,7.5,0.0,-2.5974025974025996,-8.53658536585365,-16.666666666666668,-7.407407407407403,19.04761904761905,25.0,-49.66442953020134,-47.55244755244756,-67.39130437618148,4.8192553343238265,4.4288651553170615
TAMIJTEX,Tamijuddin Textile Mills PLC,120.1,1.4358108108108012,-2.910266774454332,-8.390541571319604,-7.544264819091618,4.982517482517473,-4.682539682539687,-4.19869480287442,-34.5990099663911,811.1034470191677,811.1034470191677,3.419271395629014,3.520307058250476
TECHNODRUG,Techno Drugs Ltd.,42.4,0.7125890736341975,-2.528735632183911,-6.607929515418502,-3.1963470319634673,41.33333333333333,45.205479452054796,14.905149051490515,60.60606060606061,60.60606060606061,60.60606060606061,4.746608047664448,3.985744147643717
TILIL,Trust Islami Life Insurance Ltd.,46.6,0.0,1.9693654266958391,-10.727969348659006,-11.238095238095235,9.905660377358497,4.954954954954961,-34.36619718309859,323.6363636363636,323.6363636363636,323.6363636363636,4.637693124611667,4.04061272989819
TITASGAS,Titas Gas Transmission and Distribution PLC,17.4,0.0,-4.918032786885258,-14.285714285714297,-0.5714285714285795,4.191616766467062,11.538461538461531,-23.008849557522133,-61.16071428571429,-63.59832635983264,-72.72727272727273,2.7564197435113607,2.642165040736773
TOSRIFA,Tosrifa Industries PLC,19.3,-0.5154639175257623,-8.530805687203793,-17.167381974248926,-3.4999999999999964,14.88095238095238,13.529411764705886,-12.669683257918553,-8.836405885996067,4.3800249473559845,-55.54872259834401,6.53809402590666,4.741418698757628
TRUSTB1MF,Trust Bank 1st Mutual Fund Units,3.7,0.0,-5.128205128205121,-7.499999999999996,15.625,32.14285714285715,54.16666666666668,5.71428571428572,-51.315789473684205,-2.3200005704511932,-43.35670045493066,4.954954954954952,5.4558809924391065
TRUSTBANK,Trust Bank PLC,14.6,0.0,-1.3513513513513584,-5.194805194805199,-9.28994062980638,-14.357541660216604,-11.896551503879303,-18.88888870864198,-34.344830485578875,39.98730086982633,53.81561083104718,1.654292751583391,1.707989622578623
TUNGHAI,Tung Hai Knitting & Dyeing Ltd,4.3,2.3809523809523725,-8.510638297872347,2.3809523809523725,43.33333333333332,19.444444444444436,168.75,79.16666666666667,-43.42105263157895,-57.76785717679369,-82.65666670181581,10.351648351648347,10.269303305595704
UCB,United Commercial Bank PLC,9.5,5.555555555555555,2.1505376344085945,-1.041666666666663,7.954545454545446,-1.041666666666663,-9.523809523809524,-1.041666666666663,-31.011227256840748,-21.94276837697152,-25.08498670596815,3.8103469564143664,2.863930812875523
UNILEVERCL,Unilever Consumer Care Limited,1998.0,0.4828002414001161,-0.1,-2.1164021164021185,-4.8344844010478685,-6.416861826697892,-7.5,-19.759036144578314,6.809221516872703,103.41053703232375,497.5327102803738,1.0429344586151266,0.9178229232624201
UNIONCAP,Union Capital Limited,4.3,-2.2727272727272845,-8.510638297872347,-12.244897959183684,-12.244897959183684,-34.848484848484844,53.57142857142858,-4.444444444444448,-71.14093959731545,-54.255920878232274,-77.26722578516957,5.582905466626397,4.694765524303093
UNIONINS,Union Insurance PLC,48.9,0.20491803278688817,0.617283950617278,-4.305283757338557,12.672811059907835,48.18181818181817,32.8804347826087,30.74866310160428,344.54545454545456,344.54545454545456,344.54545454545456,3.8634824548751716,4.642842539283195
UNIQUEHRL,Unique Hotel & Resorts PLC,41.9,-0.2380952380952415,-3.233256351039258,-4.1189931350114515,4.7499999999999964,12.332439678284187,9.399477806788516,-6.888888888888891,-10.278372591006432,-8.515283842794759,-66.9297553275454,2.4420916054299746,2.5278842730207325
UNITEDFIN,United Finance PLC,17.0,0.0,-2.857142857142857,-10.526315789473685,23.188405797101446,28.787878787878793,46.55172413793104,18.881118881118876,-34.10852713178295,-2.8886005689522642,-27.079019074308157,5.022121074552871,4.5696775335868
UNITEDINS,United Insurance Company Limited,59.8,0.5042016806722641,-3.548387096774198,-9.393939393939398,35.29411764705881,43.749999999999986,43.0622009569378,32.00883002207506,-14.571428571428575,185.39684819508983,56.634626819759156,4.7895815725594915,4.729903396627971
UPGDCL,United Power Generation & Distribution Co. Ltd.,112.6,0.44603033006244425,-4.414261460101869,-6.478405315614627,-6.942148760330583,-3.7606837606837655,-3.0146425495262705,-22.664835164835164,-63.32247557003257,19.18139176788757,101.86652244227514,2.6030770128164957,2.360288978855169
USMANIAGL,Usmania Glass Sheet Factory Limited,54.4,-0.5484460694698432,-13.924050632911399,-22.28571428571429,34.98759305210919,47.02702702702702,59.99999999999999,47.82608695652175,-32.422360248447205,-30.51209234004229,12.1789291400744,7.524217917339511,6.312507485175423
UTTARABANK,Uttara Bank PLC,20.8,0.0,-0.47846889952152094,-1.421800947867302,-0.952380952380949,2.7667984189723436,13.537117903930135,20.930232558139544,54.25344512184326,127.57267736133448,60.50178525016851,0.7738849022090902,1.0269959815053948
UTTARAFIN,Uttara Finance and Investments Limited,12.5,0.0,-2.3437500000000053,-8.759124087591236,-6.716417910447763,-6.015037593984967,26.262626262626256,-13.793103448275861,-73.73949579831933,-76.17967326395294,-82.32864134440526,2.07633239393463,2.7218559905488324
VAMLRBBF,Vanguard AML Rupali Bank Balanced Fund Units,8.2,0.0,1.2345679012345636,1.2345679012345636,32.25806451612902,41.37931034482758,43.859649122807,41.37931034482758,-8.888888888888896,-25.45454545454546,-25.45454545454546,1.9876543209876525,2.049467159306983
VFSTDL,VFS Thread Dyeing Ltd.,14.2,2.158273381294956,-2.0689655172413843,-14.457831325301218,-8.974358974358976,32.71028037383178,10.937499999999988,67.05882352941175,-45.58394146979927,-40.05699051233402,-40.05699051233402,7.910188578375634,5.80353253278167
WALTONHIL,Walton Hi-Tech Industries PLC,390.0,0.28284906145539285,-2.0100502512562812,-0.5102040816326531,3.77860564129856,0.0,2.6315789473684212,-12.09016402233607,-70.41379313303449,13.49206337857143,13.49206337857143,1.59972266158744,1.6979199286001059
WATACHEM,Wata Chemicals Ltd.,133.0,-0.5235602094240753,-6.272022551092323,-7.702984038861898,-4.795991410164631,6.570512820512823,-6.338028169014085,-11.745189117451885,-63.25966850828729,31.55434801984363,530.3645835992685,4.465413935645602,4.063181380354802
WMSHIPYARD,Western Marine Shipyard Limited,8.8,-1.1235955056179736,-5.376344086021505,-14.563106796116504,0.0,4.761904761904766,7.317073170731725,-11.999999999999993,-46.012269938650306,-35.019308521425586,-74.4409280486246,3.614062226034325,3.2505500350045193
YPL,Yeakin Polymer Ltd.,20.3,0.9950248756218869,-9.777777777777775,-18.14516129032258,-17.479674796747968,23.780487804878064,14.689265536723171,7.40740740740742,24.539877300613497,-18.985975212002348,-18.985975212002348,6.672315534253907,5.209025515948846
ZAHEENSPIN,Zaheen Spinning PLC,5.5,1.8518518518518452,-6.7796610169491585,0.0,-5.172413793103446,-1.7857142857142796,37.5,-27.631578947368418,-50.450450450450454,-55.45503057208722,-61.35456654070122,4.438218664633755,6.475770055064422
ZAHINTEX,Zahintex Industries Ltd.,8.5,7.594936708860754,0.0,-5.555555555555555,-2.2988505747126355,14.86486486486486,46.55172413793104,32.81249999999999,-17.47572815533981,-47.13089032384305,-64.16838732845909,7.115141187925997,5.7472909695427425
ZEALBANGLA,Zeal Bangla Sugar Milla Limited,169.4,0.5938242280285035,-12.680412371134018,-25.66915313734094,14.5368492224476,22.398843930635838,18.461538461538463,64.46601941747574,2.916160388821392,810.752688172043,1847.1264367816095,7.255583612645143,7.448131008480567
