Symbol,Name,Price,Change %,Perf % 1W,Perf % 1M,Perf % 3M,Perf % 6M,Perf % YTD,Perf % 1Y,Perf % 5Y,Perf % 10Y,Perf % All Time,Volatility 1W,Volatility 1M
1JANATAMF,First Janata Bank Mutual Fund Units,3.5,0.0,-5.40540540540541,-10.256410256410255,16.666666666666668,25.000000000000007,34.615384615384606,9.374999999999995,-63.1578947368421,-13.170213076327755,-35.62366207921435,4.966386554621855,5.3723758389778595
1STPRIMFMF,Prime Finance First Mutual Fund 2009 Units,21.1,-1.860465116279063,-9.829059829059817,-11.344537815126047,12.234042553191491,9.895833333333346,5.500000000000007,6.030150753768859,0.9569377990430759,160.49382716049385,-31.045751633986928,5.01558697301965,4.559491721346815
AAMRANET,aamra networks ltd,19.5,-1.0152284263959355,-5.339805825242725,-8.87850467289719,16.071428571428566,15.384615384615392,9.550561797752806,3.723404255319145,-52.37648234105861,-67.63245026844083,-67.63245026844083,5.6071565788731395,3.9318803315195954
AAMRATECH,Aamra Technologies Limited,17.1,1.1834319526627388,-18.18181818181817,-10.93749999999999,28.571428571428573,32.55813953488373,39.02439024390244,35.71428571428573,-40.76470611155093,-16.88951976450548,-41.84575012569556,7.108901933979331,7.077639525457608
ABB1STMF,AB Bank 1st Mutual Fund 2011 Units,3.5,-2.77777777777778,-7.894736842105259,-14.634146341463408,12.90322580645161,20.689655172413797,29.629629629629623,2.941176470588238,-52.70270270270271,-9.202857722276327,-47.791643346063886,4.809523809523814,5.535991513208302
ABBANK,AB Bank PLC,4.7,2.1739130434782727,-2.083333333333326,-5.9999999999999964,6.818181818181814,-29.850746268656717,14.63414634146343,-18.965517241379306,-67.27829388177712,-64.15264593831758,-79.57734878354464,2.8079710144927605,2.992856294597644
ACFL,Aman Cotton Fibrous PLC,23.4,0.0,4.932735426008959,1.2987012987012863,11.961722488038278,30.726256983240226,29.999999999999993,23.80952380952381,-49.01960784313726,-61.0,-61.0,2.3002777062276527,3.565502345057627
ACI,Advanced Chemical Industries PLC,190.1,-0.05257623554153224,-3.256997455470741,-5.375808860129423,2.7567567567567535,-13.98190045248869,-2.512820512820516,-0.4190675746464177,-21.145396811799834,-27.102014803764135,205.2549907758654,2.728056838467708,1.9007674009859648
ACIFORMULA,ACI Formulations PLC,158.7,-1.3059701492537454,-6.0946745562130245,-7.786170830912263,13.03418803418802,5.659121171770972,23.023255813953483,4.2022324359816,2.8611113682638885,-0.516417664856948,130.15884035440263,3.282905921514813,3.544677942459945
ACMELAB,ACME Laboratories Ltd.,79.8,0.125470514429102,-1.9656019656019759,-3.8554216867469915,3.7711313394018093,0.0,11.921458625525947,-2.5641025641025745,-12.691466083150994,-26.85609532538955,-40.888888888888886,1.363314081513547,1.4742483203822472
ACMEPL,ACME Pesticides Ltd,24.9,-1.1904761904761934,0.4032258064516043,16.35514018691589,1.632653061224484,43.93063583815027,56.603773584905646,54.65838509316768,126.36363636363635,126.36363636363635,126.36363636363635,4.3666988818488655,5.09747196638554
ACTIVEFINE,Active Fine Chemicals Ltd.,6.3,1.6129032258064457,-5.970149253731348,-7.352941176470589,-7.352941176470589,-8.695652173913052,16.666666666666654,-29.21348314606742,-73.07692307692307,-75.52788837626,-78.63478245858178,4.098645405361431,3.6217549687051527
ADNTEL,ADN Telecom Ltd.,62.7,1.4563106796116598,-1.104100946372233,-5.855855855855843,1.6207455429497568,-3.538461538461534,8.290155440414516,-22.592592592592588,-0.6339144215530881,54.814814814814824,54.814814814814824,1.9637503626961146,2.2087187663850134
ADVENT,Advent Pharma Ltd.,14.3,0.7042253521126861,-6.5359477124183005,-8.91719745222929,0.7042253521126861,1.4184397163120643,6.716417910447763,-4.666666666666662,-47.1521740899688,-61.172068245708424,-61.172068245708424,3.661351707752345,3.31920628838387
AFCAGRO,AFC Agro Biotech Ltd.,6.7,0.0,-5.633802816901401,-8.219178082191776,-4.285714285714283,-10.666666666666664,34.00000000000001,-12.987012987012987,-78.79746835443038,-79.17283268036905,-70.75952496996126,2.8493894165535965,3.3467017596290325
AFTABAUTO,Aftab Automobiles Ltd.,28.5,1.0638297872340452,0.0,-7.166123778501627,-7.166123778501627,-2.0618556701030974,-16.66666666666667,-24.80211081794195,-11.738061351918445,-40.14999969955299,-58.10499965859764,1.5106454326118044,2.0540476558417557
AGNISYSL,Agni Systems PLC,29.3,0.0,-4.560260586319214,-10.122699386503069,8.51851851851852,31.390134529147982,40.86538461538461,9.73782771535581,23.62869198312237,89.48833938233359,58.09429660040769,2.7264378688734774,3.61336459349284
AGRANINS,Agrani Insurance PLC,29.5,1.0273972602739752,-6.050955414012734,0.3401360544217736,20.9016393442623,22.916666666666668,23.949579831932766,10.486891385767793,-36.00491732141193,253.50572532540195,78.80547736479583,3.582507833978449,4.352890110557547
AIBL1STIMF,AIBL 1st ISLAMIC Mutual Fund 2010- Units,5.4,0.0,-3.571428571428559,-23.94366197183098,38.461538461538474,42.105263157894754,58.823529411764724,28.571428571428573,-41.304347826086946,-24.999999999999996,-29.870129870129865,4.732570015588882,6.038086520103442
AIL,Alif Industries Ltd.,34.4,0.0,-7.774798927613938,-12.020460358056273,4.5592705167173255,20.701754385964907,-15.479115479115489,-43.327841845140036,-12.609699849783185,-68.85476931926001,-68.85476931926001,4.232469034489412,3.2818673324820353
AL-HAJTEX,Alhaj Textile Mills Limited,86.1,-1.1481056257175661,-6.717226435536297,-13.030303030303035,-9.368421052631584,-33.410672853828316,-37.24489795918367,-46.254681647940075,53.74999999999999,4.275795861465081,271.85548523009163,3.8751968681142954,3.061709661431754
ALARABANK,Al-Arafah Islami Bank PLC,17.2,-2.824858757062147,0.5847953216374144,-3.3707865168539404,22.857142857142854,4.878048780487809,14.666666666666663,0.0,-29.80452837198956,49.79344176739497,-3.8758198810649698,6.072284475080477,4.523684572485027
ALIF,Alif Manufacturing Company Ltd.,5.6,1.818181818181812,0.0,0.0,3.7037037037036904,21.73913043478261,39.99999999999999,0.0,-64.77987421383648,-32.83895125911616,-66.83850212678662,3.4752284752284734,4.207928029935047
ALLTEX,Alltex Industries Limited,25.1,-0.39682539682538837,6.808510638297879,30.051813471502594,45.086705202312146,62.987012987012996,87.31343283582089,109.16666666666669,22.439024390243908,26.76767676767677,228.46913468324098,3.9082540014645915,4.475022533539724
AMANFEED,Aman Feed PLC,34.5,-5.994550408719354,-10.62176165803109,-9.448818897637798,8.83280757097792,39.67611336032389,50.0,31.178707224334595,-51.544943820224724,-41.89199114938424,2.879753797548699,4.148523516105361,3.496001828045841
AMBEEPHA,Ambee Pharmaceuticals PLC,753.6,-0.1986491855383393,-5.19562209082903,-6.443202979515826,-3.0115830115830087,-3.384615384615382,4.66666666666667,-9.640287769784171,74.80862908837857,30.15544041450778,303.17432171753984,1.982402035298496,1.797474468495624
AMCLPRAN,Agricultural Marketing Co. Ltd.,222.4,1.3673655423883317,-4.916631038905515,-2.0264317180616715,2.4884792626728136,2.9629629629629655,9.935739001482943,-9.261525907792734,4.905660377358493,-0.6699419383653417,80.8130081300813,1.9349853434429773,2.441880491377256
ANLIMAYARN,Anlima Yarn Dyeing Ltd.,30.6,-3.164556962025316,-9.467455621301763,-7.272727272727268,25.40983606557378,52.23880597014925,47.11538461538462,30.76923076923078,-37.03703703703704,-6.990881458966557,53.000000000000014,4.32838459700945,4.455243000894281
ANWARGALV,Anwar Galvanizing Ltd.,106.0,2.217936354869814,-4.8473967684021595,-6.935908691834948,6.532663316582915,3.7181996086105644,22.401847575057744,28.640776699029118,-45.10932149895055,176.85175696918284,1211.7499920147222,3.68686800695487,2.8964981885630676
AOL,Associated Oxygen Ltd,16.9,-0.5882352941176554,-7.650273224043728,-4.51977401129944,-2.3121387283237116,4.320987654320984,11.184210526315786,6.289308176100618,-70.73948222304244,30.19759929401652,30.19759929401652,3.80146465365807,3.0697013324824893
APEXFOODS,Apex Foods Limited,274.2,0.25594149908591907,-4.226336011177095,-4.725503822098688,-2.211126961483591,15.210084033613441,11.554109031733107,8.037825059101646,81.58940397350992,112.72304111714506,282.96089385474863,2.403199903329747,3.073479794384205
APEXFOOT,Apex Footwear Ltd.,211.9,-0.23540489642184556,-1.3500931098696487,-2.2601476014760173,4.6936758893280635,10.364583333333336,18.18181818181818,13.680257510729612,59.903263955528175,9.844527023228316,59.010333360503154,1.1162828337482527,1.3210251280516925
APEXSPINN,Apex Spinning and Knitting Mills Ltd.,343.0,3.28214393255043,2.0529604284439085,-8.484525080042692,7.1875,59.90675990675991,90.55555555555556,114.24109931292942,155.20833333333331,233.0097087378641,390.0,4.326765408849567,4.33431695759131
APEXTANRY,Apex Tannery Limited.,100.8,0.4985044865403789,-5.882352941176468,-2.3255813953488427,-10.000000000000002,39.99999999999999,69.12751677852349,28.73563218390805,-13.103448275862071,-34.160679294578706,37.89329685362518,3.343276061618544,3.798129314894253
APOLOISPAT,Appollo Ispat Complex Ltd.,3.1,0.0,-6.060606060606053,-3.1250000000000027,-8.823529411764701,10.714285714285726,82.3529411764706,19.23076923076923,-75.59055118110237,-75.07400014754906,-87.27307767662282,4.935483870967741,5.837571885592413
ARAMIT,Aramit Limited,205.8,-1.294964028776973,-11.101511879049673,-0.09708737864077117,21.05882352941177,18.616714697406344,13.263621353880035,-8.978328173374605,-44.973262032085564,-54.04198302813756,-2.924528301886787,5.349106735048091,4.938685403502526
ARAMITCEM,Aramit Cement Limited,12.1,0.8333333333333304,-7.633587786259542,-3.200000000000003,0.8333333333333304,-5.468750000000009,37.499999999999986,1.680672268907557,-80.22875816993464,-67.6470588235294,-66.51923202965504,7.986721833269149,6.509640389271524
ARGONDENIM,Argon Denims Ltd.,21.7,0.0,-7.264957264957263,1.4018691588785082,19.889502762430926,23.29545454545453,23.29545454545453,16.666666666666654,-13.913815963345122,30.276168150348735,-43.72069514875697,3.9898899517981974,4.323803807095477
ASIAINS,Asia Insurance PLC,42.1,-0.4728132387706755,-6.444444444444442,-0.941176470588232,7.948717948717952,-1.4051522248243593,53.0909090909091,42.71186440677967,-55.68421052631579,245.08196721311478,27.391931134940698,3.3093276312220556,4.377716325409054
ASIAPACINS,Asia Pacific General Insurance PLC,49.2,-0.40485829959513314,-1.7964071856287396,12.84403669724771,18.26923076923077,23.30827067669174,55.696202531645575,37.430167597765376,-29.714285714285708,239.31034482758625,45.132743362831874,3.6852524059246816,4.748035799806133
ASIATICLAB,Asiatic Laboratories Ltd,111.6,-1.7605633802816902,-6.060606060606062,-8.52459016393443,-11.568938193343905,77.70700636942675,131.53526970954354,101.08108108108107,94.76439790575917,94.76439790575917,94.76439790575917,3.7095298656639435,4.279418203833572
ATLASBANG,Atlas Bangladesh Limited,85.2,-1.160092807424594,-1.3888888888888922,-7.491856677524421,18.005540166204984,47.40484429065745,50.26455026455026,37.86407766990292,-29.76092333058532,-11.3459459054526,-24.25492370213488,3.925845922768397,3.965508207984898
AZIZPIPES,Aziz Pipes Limited.,80.4,0.12453300124534064,-0.7407407407407337,10.288065843621398,25.625000000000007,48.8888888888889,71.79487179487182,41.05263157894738,-37.72269558481796,67.09703894594783,417.07250377656834,4.611713058608391,3.506343734929748
BANGAS,Bangas Limited,126.8,1.521216973578856,-5.302464525765504,-7.038123167155431,-4.733283245679939,0.794912559618442,-2.7607361963190247,-0.31446540880503593,-7.309941520467846,-25.782355830048697,-9.564638219482017,2.6414709381163646,2.3932994060775004
BANKASIA,Bank Asia PLC,17.0,0.0,-2.857142857142857,-6.5934065934065895,-3.4090909090909167,-11.746411844924399,0.2445647777317136,-2.4074078068141223,0.9427855472100576,62.68489983392151,46.243749300207526,2.3148053241466973,1.5972984702773012
BARKAPOWER,Baraka Power Ltd.,10.8,6.930693069306941,-2.7027027027026933,31.70731707317075,31.70731707317075,33.33333333333335,58.823529411764724,-5.263157894736839,-64.47368421052632,-51.84007200943781,-52.40345251552453,6.582933872849839,7.268085901919593
BATASHOE,Bata Shoe Co. (Bangladesh) Ltd.,901.3,-0.47482332155477786,-1.4865012569679772,-1.4972677595628465,5.415204678362568,6.789099526066345,12.088048750155444,3.597701149425282,26.94366197183098,-24.89166666666667,75.00970873786406,0.7475591672624706,0.9598069935468452
BATBC,British American Tobacco Bangladesh Co Ltd,236.4,-0.6305170239596469,-2.314049586776857,0.5957446808510662,11.03804603100047,-14.964028776978415,-4.677419354838708,-17.37154840964698,-58.48261327713383,-14.657038004332088,153.89021987191074,1.4597688284495218,2.5415465023132477
BAYLEASING,Bay Leasing and Investment Ltd.,4.8,2.1276595744680775,-5.8823529411764675,-12.72727272727273,6.6666666666666625,-12.72727272727273,45.45454545454546,29.72972972972972,-85.3913043135274,-65.45031844758192,-81.70690619661985,4.054069361324549,5.5125530210709695
BBS,Bangladesh Building Systems PLC,13.0,1.5624999999999944,-7.80141843971631,-13.333333333333334,-0.7633587786259515,24.999999999999993,41.30434782608697,20.370370370370363,-42.22222222222222,-46.84849742274272,-40.04510484242877,4.498552420621142,3.9699679016495457
BBSCABLES,BBS Cables PLC,18.5,1.092896174863384,-7.5,-17.77777777777778,-21.27659574468085,9.467455621301784,21.71052631578948,11.445783132530112,-70.04955931960134,-36.0027665623491,-36.0027665623491,3.8184117616029702,3.518108459999084
BDAUTOCA,Bangladesh Autocars Limited,204.1,-0.6812652068126548,-4.670714619336759,-1.591128254580526,-7.14285714285715,40.75862068965517,60.70866141732283,49.08692476260043,39.03269754768391,635.8581497270025,845.3906398938615,3.3624471912753293,3.6882711767180694
BDCOM,BDCOM Online Ltd.,29.6,-0.671140939597313,-1.6611295681063123,-9.202453987730062,2.7777777777777803,8.029197080291981,13.84615384615385,18.62595449503817,23.613636989781586,80.79212388200779,146.14655223276864,3.330517637518588,2.910779189296708
BDFINANCE,Bangladesh Finance PLC,12.7,0.0,-3.0534351145038197,-7.971014492753633,14.414414414414413,-3.0534351145038197,-2.3076923076923133,28.28282828282827,-77.82207586642588,65.15649668483898,-21.831542646208945,3.161072053493314,3.476971421653731
BDLAMPS,Bangladesh Lamps PLC,213.9,-1.7906336088154295,-4.338103756708403,16.885245901639347,16.250000000000004,45.01694915254238,59.033457249070636,30.03039513677812,21.09682529994793,13.079545361690615,90.727499847418,3.788185712302936,4.229455790114965
BDTHAI,Bangladesh Thai Aluminium Ltd.,15.6,2.631578947368424,-3.7037037037037015,-20.40816326530613,18.181818181818183,33.33333333333334,39.28571428571429,21.87499999999999,-44.68085106382979,-15.820968729151346,-2.082099558634121,3.5941444520391888,3.7223617225462142
BDTHAIFOOD,BD Thai Food & Beverage Ltd.,23.6,0.4255319148936231,0.0,0.0,-1.2552301255230007,32.58426966292135,63.88888888888889,54.2483660130719,95.04132231404961,95.04132231404961,95.04132231404961,2.149492516424126,3.605625514131817
BDWELDING,Bangladesh Welding Electrodes Ltd.,13.4,0.0,-2.8985507246376834,-3.597122302158273,-15.723270440251572,-29.473684210526315,-25.966850828729285,38.14432989690723,-45.30612244897959,23.036363624060012,-39.00987109078563,2.0985797827903045,2.220747073544292
BEACHHATCH,Beach Hatchery Ltd,30.0,0.671140939597313,-2.280130293159607,-10.447761194029852,-1.9607843137254948,-6.25,-35.8974358974359,-48.36488812392427,2.739726027397263,172.72727272727272,32.91139270789937,2.100538429454366,2.5725856456195015
BEACONPHAR,Beacon Pharmaceuticals PLC,104.3,0.19212295869356663,-3.156917363045502,-4.574565416285453,2.1547502448579854,-4.4871794871794926,-0.3820439350525365,-26.4456981664316,-48.5446472619635,509.9415204678361,577.2727272727273,1.6422857022876354,1.641264081724248
BENGALWTL,Bengal Windsor Thermoplastics PLC,24.2,0.0,-5.836575875486382,0.8333333333333304,-10.370370370370372,30.810810810810803,39.08045977011495,19.211822660098516,-20.655737704918035,-42.75268823606151,-51.11519208400597,3.8927611367127475,3.2312997960780936
BERGERPBL,Berger Paints Bangladesh Ltd.,1494.8,0.07364263238936258,-0.4793608521970736,6.467236467236464,8.318840579710143,2.7142169999312857,8.240405503258506,-1.3333333333333364,-15.571872352442815,38.82516833062456,469.44761904761907,0.5832108212799101,1.3856491576537644
BESTHLDNG,Best Holdings PLC,14.3,0.7042253521126861,-4.666666666666662,-8.91719745222929,1.4184397163120643,8.333333333333345,5.925925925925931,-14.88095238095238,-51.36054421768707,-51.36054421768707,-51.36054421768707,2.9717310957946297,2.7076582389409523
BEXIMCO,Bangladesh Export Import Company Ltd.,23.6,-1.6666666666666607,-7.450980392156858,2.6086956521739193,-78.56494096276113,-78.56494096276113,-78.56494096276113,-78.56494096276113,-76.24161068005496,18.782392178547497,-40.57461525351287,3.7253977036466965,6.141775602271309
BGIC,Bangladesh General Insurance Company PLC,41.1,-0.2427184466019452,-2.375296912114014,2.493765586034913,14.804469273743031,20.175438596491222,33.00970873786409,21.958456973293764,-30.691399662731865,185.41666666666669,31.309904153354637,4.414085354016034,4.547297594746307
BIFC,Bangladesh Industrial Finance Company Ltd.,4.1,0.0,-2.3809523809523934,-19.607843137254903,-10.869565217391305,-24.074074074074083,141.17647058823528,10.810810810810795,-54.44444444444445,-48.10126582278482,-79.87392634760262,6.338414634146341,7.376767923864264
BNICL,Bangladesh National Insurance Company Ltd,106.3,-3.099361896080224,-7.323452484742812,-9.531914893617023,18.770949720670387,89.82142857142857,136.22222222222223,134.1409691629956,-9.762308998302208,750.4,187.2972972972973,4.457665809350963,5.017319896092721
BPML,Bashundhara Paper Mill Ltd.,27.5,0.73260073260073,-1.7857142857142858,-4.8442906574394415,0.0,-6.779661016949152,6.177606177606183,-29.487179487179485,-47.11538461538461,-82.25806451612904,-82.25806451612904,2.8189861608760998,1.9094857253808102
BPPL,Baraka Patenga Power Ltd.,19.9,0.5050505050504942,-5.238095238095245,-1.4851485148514887,8.152173913043478,26.751592356687894,33.55704697986576,40.14084507042253,-56.26373626373626,-37.61755485893417,-37.61755485893417,2.848511671844694,3.079028164393707
BRACBANK,BRAC Bank PLC,63.2,2.5974025974025996,0.317460317460322,-2.619414483821268,-5.671641791044772,-18.428712306260156,15.000027431691672,5.947547127274857,139.18929419813776,266.7480439568515,860.0321219456621,1.4628722128272706,1.3245920637918225
BSC,Bangladesh Shipping Corporation,113.9,0.6183745583038894,-1.810344827586202,-4.285714285714281,9.942084942084954,-1.725625539257981,1.424755120213721,-6.486042692939237,124.65483234714003,189.92727365504004,128.07287363873877,1.8403285753658325,2.2983751690828083
BSCPLC,Bangladesh Submarine Cables PLC,154.0,0.7194244604316509,0.0,-3.1446540880503147,9.065155807365448,5.335157318741458,20.031176929072476,0.6535947712418301,-15.338097855964818,41.28440366972477,251.83915924148954,1.8624663987590746,2.0188050554037065
BSRMLTD,Bangladesh Steel Re-Rolling Mills Ltd.,100.0,0.20040080160320925,2.9866117404737444,-2.912621359223301,14.678899082568805,18.483412322274877,31.061598951507214,10.864745011086471,4.166666666666667,-29.56926673073843,121.83333266454281,1.8872135625410364,3.3111035695020905
BSRMSTEEL,BSRM Steels Limited,89.9,-1.1001100110011,-3.8502673796791385,-5.5672268907563,24.68793342579752,23.489010989011003,41.5748031496063,31.240875912408764,37.042682926829286,-4.913461633548073,59.74538486249844,2.4232439559096606,2.5966646720893953
BXPHARMA,Beximco Pharmaceuticals Plc,145.0,0.5547850208044461,-1.3605442176870748,-1.4276002719238574,18.367346938775512,13.72549019607843,40.77669902912621,13.104524180967248,-28.92156862745098,94.98777486089277,229.92260917528904,2.049191158048938,2.28669341220081
CAPITECGBF,CAPITEC GRAMEEN BDT10 (MUTUAL FUND) Units,8.8,-5.376344086021505,-15.384615384615381,-10.204081632653061,25.714285714285722,25.714285714285722,29.411764705882366,27.536231884057973,-38.888888888888886,-38.888888888888886,-38.888888888888886,2.9098384221723816,5.073107393528943
CAPMBDBLMF,CAPM BDBL Mutual Fund 01 Units,8.0,-3.6144578313253093,-13.04347826086956,-21.568627450980387,-31.034482758620687,-21.568627450980387,-20.79207920792079,-5.882352941176471,-37.5,-25.92592592592593,-25.92592592592593,5.3449367088607636,6.349675807139581
CAPMIBBLMF,CAPM IBBL Islamic Mutual Fund Units,13.3,0.7575757575757683,5.555555555555565,0.0,46.15384615384617,60.24096385542168,77.33333333333334,72.72727272727272,-35.4368932038835,33.00000000000001,33.00000000000001,3.723445885509837,5.419306632327881
CENTRALINS,Central Insurance PLC,44.0,0.4566210045662165,-1.345291479820631,5.515587529976012,6.537530266343833,4.265402843601889,8.1081081081081,-10.204081632653061,-28.104575163398696,247.65500112101358,67.12198792731952,3.561592271810697,4.897284263504924
CENTRALPHL,Central Pharmaceuticals Ltd.,10.2,1.9999999999999927,-4.672897196261682,-7.27272727272728,17.24137931034483,12.087912087912086,15.909090909090892,-0.9708737864077808,-50.961538461538474,-16.9288460831558,-70.19407007412347,3.291950554278728,4.190660024290114
CITYBANK,City Bank PLC,30.3,-0.3289473684210456,-2.88461538461538,-5.015673981191216,4.4827586206896575,8.214285405102046,42.807376607296845,39.37999958185999,75.46447331025358,150.132845306486,198.46123023193508,1.1670793108747726,1.1900912939970765
CITYGENINS,City Insurance PLC,127.2,-0.078554595443829,1.0325655281969794,17.01931922723091,21.722488038277515,48.4247374562427,46.712802768166085,115.95925297113754,161.72839506172838,1274.2142823155593,430.5798269200052,1.0957165453672764,2.704182165838894
CLICL,Chartered Life Insurance PLC,43.9,0.9195402298850541,-8.731808731808737,-20.614828209764916,-18.703703703703706,-24.440619621342517,-21.326164874551967,-8.54166666666667,299.09090909090907,299.09090909090907,299.09090909090907,4.287449502354618,3.815433062820234
CNATEX,C & A Textiles Ltd,3.2,0.0,-5.882352941176462,0.0,-5.882352941176462,10.344827586206907,33.33333333333335,23.07692307692308,-55.55555555555556,-54.87179492965154,-81.31563977047212,6.656249999999994,6.349505650256188
CONFIDCEM,Confidence Cement PLC,63.6,1.2738853503184782,-2.1538461538461515,-7.2886297376093205,1.7600000000000022,-3.636363636363634,28.744939271255067,5.298013245033117,-52.940268219505896,35.4699096804369,18.602061025702522,2.5826675083003696,2.289637717765792
CONTININS,Continental Insurance PLC,34.8,0.0,-3.8674033149171425,4.191616766467062,5.135951661631407,33.333333333333314,43.801652892561975,24.285714285714278,-31.700934415393846,249.9332042371421,51.564819480707754,2.9878552675389036,4.089256025942243
COPPERTECH,Coppertech Industries Ltd,24.2,0.41493775933609073,-5.468750000000009,-11.67883211678832,-11.67883211678832,15.789473684210531,28.04232804232805,9.00900900900901,-40.90697659645348,-6.618249293940588,-6.618249293940588,3.8443452228428945,3.9581951957106636
CROWNCEMNT,Crown Cement PLC,63.1,-3.2208588957055238,-2.7734976887519323,-10.87570621468926,27.99188640973632,23.001949317738802,34.829059829059844,20.650095602294464,-22.481572481572485,-19.617834394904456,-21.905940594059402,6.983723181924759,4.356195530155167
CRYSTALINS,Crystal Insurance Company Ltd,64.1,-2.1374045801526806,-6.695778748180507,-6.011730205278605,-14.41922563417892,-18.135376756066414,11.478260869565208,4.227642276422755,20.73630125822327,370.0666661966,370.0666661966,3.8408623591534137,3.2825118860099947
CVOPRL,CVO Petrochemical Refinery PLC,167.3,-0.47590719809636106,-3.7952846463484726,-4.780876494023892,1.825928180158247,-0.3573555687909436,13.423728813559329,-2.163742690058473,3.3876403460505746,-26.64689362318824,39.665624424814574,2.139212732359775,2.4099632237394784
DACCADYE,Dacca Dyeing and Manufacturing Company Limited,15.7,1.9480519480519412,-5.9880239520958085,-9.770114942528734,3.2894736842105265,-16.93121693121693,-19.072164948453608,-15.135135135135139,-43.115942028985515,63.54166666666667,-44.110032420339124,3.466380393799751,3.4115358512974407
DAFODILCOM,Daffodil Computers PLC.,164.7,-0.2422774076317418,-0.7233273056057968,-0.5434782608695686,27.674418604651155,178.6802030456853,356.2326869806094,185.9375,145.0892857142857,641.8918918918919,949.0445859872611,1.867190699656431,2.74313520777483
DBH,DBH Finance PLC,41.3,-0.7211538461538564,-6.3492063492063595,-4.8387096774193585,10.133333333333326,5.626598465473134,17.999999999999993,8.684210526315782,-49.44880032470047,-40.60282671521592,20.429131135684454,3.182430889614799,2.3391774153721787
DBH1STMF,DBH First Mutual Fund Units,5.2,0.0,-1.886792452830182,-11.864406779661019,10.638297872340425,8.333333333333341,-19.999999999999996,-7.1428571428571335,-46.93877551020408,-14.75409836065573,-29.729729729729733,3.687782805429864,4.7545848063308505
DELTALIFE,Delta Life Insurance Company Ltd.,76.0,1.4686248331108067,-2.1879021879021914,-4.642409033877042,1.7402945113788448,-0.3931847968545179,12.094395280235991,-7.878787878787879,-45.12635379061372,-28.63849765258216,-97.74244908628597,2.8886943029572065,2.9682505500041882
DELTASPINN,Delta Spinners Limited,7.4,2.77777777777778,-2.631578947368412,-8.641975308641968,7.246376811594202,25.423728813559322,48.00000000000001,32.14285714285715,-41.269841269841265,13.341771975429909,-52.7680642624748,5.717203190727199,3.556869518039439
DESCO,Dhaka Electric Supply Co. Ltd.,23.8,-1.6528925619834651,-4.799999999999997,-6.299212598425188,7.2072072072072135,2.1459227467811157,16.09756097560976,-4.799999999999997,-42.78846153846154,-57.80141843971631,-64.19770764688397,4.71040765994902,2.9690776976647424
DESHBANDHU,Deshbandhu Polymer Limited,18.9,-1.0471204188481824,-5.500000000000007,-20.92050209205021,-4.0609137055837605,13.85542168674697,11.176470588235286,-5.025125628140704,-1.5625000000000038,83.98230075470278,-12.713653255956485,3.4804888937672707,4.243605688697584
DGIC,Desh General Insurance Company Ltd,31.9,-0.6230529595015665,-11.142061281337048,-6.725146198830421,32.36514522821576,46.33027522935779,61.92893401015229,36.909871244635184,-35.16260162601627,112.66666666666666,112.66666666666666,3.5953931135219643,4.50622260764283
DHAKABANK,Dhaka Bank PLC,12.1,0.0,-0.8196721311475381,-0.8196721311475381,9.00900900900901,-12.949640287769787,7.079646017699105,2.542372881355923,-5.096207907453454,18.307472414940857,-5.519652689556159,1.4139118457300253,1.9013001122520945
DHAKAINS,Dhaka Insurance Limited,45.0,-0.44247787610620093,-4.458598726114652,6.635071090047386,10.565110565110558,14.503816793893137,25.0,13.924050632911392,-42.38156209987196,200.0,-5.588235369647056,2.500490724422624,4.683587048889715
DOMINAGE,Dominage Steel Building Systems Ltd,63.0,0.0,-2.927580893682597,-19.642857142857146,-17.105263157894736,70.73170731707317,117.99307958477509,281.8181818181818,119.03973564693707,376.279999190324,376.279999190324,1.8433420532139593,4.964611181703163
DOREENPWR,Doreen Power Generations & Systems Ltd.,31.8,0.632911392405061,-4.79041916167664,1.5974440894568689,7.43243243243243,8.9041095890411,12.765957446808516,10.034602076124576,-48.462635331121106,17.064657518295846,-20.00581737820349,3.0601779652166887,3.591577381846099
DSHGARME,Desh Garments Limited.,174.7,1.041064198958926,-7.419183889772126,5.431502715751359,42.72875816993462,53.785211267605625,50.085910652920944,39.98397435897435,5.125820462536781,58.176772875973164,1612.435504809671,4.1200173779723235,4.316479631992997
DSSL,Dragon Sweater & Spinning Ltd.,11.6,2.6548672566371585,-7.200000000000002,-19.444444444444446,22.105263157894733,31.818181818181802,36.47058823529411,3.5714285714285747,-41.60273943724095,118.87997407736536,27.73443218713886,5.897474392944039,4.236886311820244
DULAMIACOT,Dulamia Cotton Spinning Mills Limited,196.2,-3.823529411764712,-6.124401913875603,-8.531468531468537,38.46153846153847,42.69090909090909,45.33333333333333,80.49678012879482,206.56249999999997,2516.0,2032.608695652174,5.49589950376998,5.252561508825477
DUTCHBANGL,Dutch-Bangla Bank PLC,46.1,1.0964912280701753,-3.757828810020871,-6.109979633401222,15.829145728643228,13.360656007168785,25.401554717648967,15.250000288125007,-10.43427691739629,116.63499812304339,101.6946533529995,2.1622042705648377,2.271656051302715
EASTERNINS,Eastern Insurance PLC,63.1,0.158730158730161,-2.7734976887519323,9.93031358885018,10.701754385964914,13.489208633093526,25.948103792415168,11.484098939929329,-39.961941008563265,190.78341013824888,72.87671232876713,2.6377659165618796,4.251885422165236
EASTLAND,Eastland Insurance PLC,28.7,0.7017543859649098,-1.7123287671232876,4.363636363636361,11.673151750972764,33.48837209302325,53.475935828877006,44.2211055276382,-36.22222222222222,107.83669009176622,-19.215274379371497,2.89879395883254,4.063642606314815
EASTRNLUB,Eastern Lubricants Blenders PLC,1885.7,-0.5589832832357702,-6.2773359840954255,-9.645424053665547,-1.3084209975401684,17.944708531398554,13.527995183624325,10.490233822548827,125.43712693959301,206.90470529862387,1468.666674897626,2.707804308955935,2.386979745553725
EBL,Eastern Bank PLC,23.9,0.4201680672268818,-0.41666666666667257,-2.0491803278688527,-4.400000000000006,-13.320422868500357,0.8893438719690931,-1.92430315574933,-3.1529861113111592,71.3167740135661,80.80425302440125,0.989788320391449,1.078043327442996
EBL1STMF,EBL First Mutual Fund Units,4.1,-2.380952380952394,-10.869565217391305,-16.326530612244913,10.810810810810795,13.888888888888877,32.25806451612902,2.499999999999991,-59.40594059405941,6.183439817194579,-40.20195767851895,5.177383592017744,5.1759357583977135
EBLNRBMF,EBL NRB Mutual Fund,3.5,0.0,-2.7777777777777803,-10.256410256410255,12.90322580645161,29.629629629629623,52.17391304347827,2.941176470588238,-50.0,-9.885937481695583,-49.05551679133223,4.966386554621853,5.611813766612529
ECABLES,Eastern Cables Ltd.,134.1,1.8996960486322187,-6.223776223776228,-6.810284920083399,9.024390243902435,9.918032786885242,19.625334522747547,3.2332563510392522,-7.517241379310348,-17.42442764623527,223.22908300922225,3.698091845177543,3.47416241686266
EGEN,eGeneration PLC,24.8,0.0,-6.766917293233084,-6.415094339622639,0.0,11.711711711711716,25.252525252525253,5.5319148936170235,-59.54323001631322,65.33333333333334,65.33333333333334,2.9280480091328394,2.295549308938054
EHL,Eastern Housing Ltd.,90.4,0.5561735261401557,-2.586206896551715,-3.004291845493559,7.747318235995232,13.567839195979914,23.497267759562845,0.5561735261401557,56.13126079447325,167.38028231904937,131.24362062257242,1.997909317196037,2.3072578412137665
EIL,Express Insurance Ltd.,31.5,-0.3164556962025361,-5.970149253731344,0.9615384615384638,11.70212765957447,7.142857142857148,11.70212765957447,-7.079646017699111,-19.02313624678663,110.0,110.0,3.5151177605087156,3.7533863921496424
EMERALDOIL,Emerald Oil Industries Ltd.,29.7,-0.3355704697986625,4.577464788732397,7.999999999999998,56.31578947368421,98.0,106.25,57.978723404255305,-6.309148264984227,-15.581395440454294,-30.89038475759094,6.73895215575457,4.5813162975499155
ENVOYTEX,Envoy Textiles Ltd.,59.3,-3.577235772357728,-9.465648854961836,5.516014234875435,20.528455284552834,14.038461538461535,22.268041237113398,17.42574257425742,64.72222222222221,76.79894245467553,32.3437173930634,3.9633171412381842,4.113436889830459
EPGL,Energypac Power Generation PLC,18.2,-0.5464480874317017,-6.185567010309275,-10.344827586206904,-1.0869565217391266,2.247191011235947,16.666666666666664,-11.219512195121954,-66.78832116788321,-60.86021505376344,-60.86021505376344,3.0543811887794576,3.4207463337718482
ESQUIRENIT,Esquire Knit Composite PLC,27.0,3.44827586206896,4.651162790697671,2.2727272727272783,13.4453781512605,33.00492610837438,31.067961165048537,9.756097560975604,-29.687499999999996,-42.917547568710354,-42.917547568710354,2.21273291925466,2.293146892893959
ETL,Evince Textiles Ltd.,12.6,2.4390243902438935,-5.970149253731348,-13.103448275862071,10.526315789473678,25.999999999999993,25.999999999999993,32.63157894736842,-3.816793893129771,28.066400550378162,-3.467537232168669,4.490345528455283,3.5746450034364092
EXIM1STMF,EXIM Bank 1st Mutual Fund 2013- Units,6.1,-4.687500000000011,-8.955223880597023,15.094339622641508,74.28571428571426,96.77419354838707,117.85714285714286,32.608695652173914,-28.23529411764706,6.661042051068605,-21.75506980264856,4.882305194805196,5.6202705949895035
FAMILYTEX,Familytex (BD) Ltd.,2.5,0.0,-10.714285714285708,-13.79310344827586,-13.79310344827586,25.0,92.3076923076923,25.0,-60.93750000000001,-65.13177682728768,-92.36578232434704,7.14492753623189,8.00280289835155
FARCHEM,FAR Chemicals Industries Ltd,17.2,1.17647058823529,-9.473684210526319,-32.54901960784314,-7.02702702702703,21.985815602836876,18.62068965517241,-25.54112554112555,6.8322981366459485,6.894319150132678,-23.689333241760536,8.694871968836091,6.886145055736682
FAREASTLIF,Fareast Islami Life Insurance Company Limited,20.0,1.0101010101010066,-7.834101382488477,-10.714285714285708,-5.660377358490563,-17.355371900826444,-3.8461538461538494,-30.555555555555557,-69.6969696969697,-61.227786599993216,-74.56647391199171,5.606040096395427,3.9023984170700845
FBFIF,First Bangladesh Fixed Income Fund Units,3.5,-2.77777777777778,-5.40540540540541,-7.894736842105259,12.90322580645161,20.689655172413797,34.615384615384606,6.060606060606066,-44.44444444444444,-32.82046196289566,-53.336565802747046,4.82539682539683,6.702584241464339
FEDERALINS,Federal Insurance PLC,29.1,-0.6825938566552877,-3.3222591362126246,6.593406593406596,15.019762845849804,39.90384615384616,51.562500000000014,33.48623853211009,-29.710144927536227,253.71232210003816,50.751930971770435,2.6460812020635203,4.081262475983451
FEKDIL,Far East Knitting & Dyeing Industries PLC.,23.2,-1.276595744680854,-0.8547008547008517,-15.942028985507253,62.237762237762226,59.99999999999999,63.38028169014085,21.465968586387422,36.47058823529411,34.53260155584993,-2.4811117462294967,4.364991930057428,5.261366898534371
FINEFOODS,Fine Foods Limited,468.0,6.218792555605987,7.536764705882355,-2.19435736677116,-21.463332773955358,-0.3194888178913738,23.09310889005787,63.865546218487374,723.943661971831,5627.076485792983,2936.3212179181637,4.565471122342816,4.358150772043057
FIRSTFIN,First Finance Ltd.,4.8,4.347826086956526,-11.111111111111121,6.6666666666666625,4.347826086956526,-9.433962264150944,91.99999999999999,91.99999999999999,-48.38709677419356,-20.91076930389635,-85.90642295104658,8.388445626477543,8.263162098711332
FORTUNE,Fortune Shoes Ltd.,16.3,0.6172839506172928,-6.857142857142853,-21.634615384615383,18.97810218978103,8.66666666666667,17.266187050359715,0.0,-70.87398688786273,-37.8906916028859,-37.8906916028859,3.1678632732554353,3.7334878948656782
FUWANGCER,Fu-Wang Ceramic Industry Ltd.,14.3,1.4184397163120643,-7.7419354838709635,-14.88095238095238,7.518796992481203,21.1864406779661,24.347826086956527,8.333333333333345,-42.105263157894726,28.603377954421717,-6.113767219020688,5.840406522592064,4.318460256418805
FUWANGFOOD,Fu-Wang Foods Limited,9.9,5.319148936170213,-13.157894736842104,-22.656250000000004,-6.603773584905654,-1.9801980198019733,-11.607142857142847,-33.557046979865774,-58.22784810126583,-3.1110296747897603,-40.57476505020848,5.634128519234901,3.675116508160019
GBBPOWER,GBB POWER Ltd.,13.9,-2.7972027972027997,-7.333333333333331,67.46987951807229,61.6279069767442,61.6279069767442,117.1875,127.86885245901642,-67.89838337182448,6.532847022485218,-47.38479625477954,9.176263855095971,9.381635152522637
GEMINISEA,Gemini Sea Food PLC,116.3,-0.08591065292096951,-4.200988467874801,-6.360708534621582,2.466960352422905,-5.06122448979592,-14.923189465983901,-43.10176125244618,28.351167579631447,-8.909905118996969,556.3902998991405,2.125492960970243,2.5394271168633114
GENEXIL,Genex Infosys PLC,36.1,-0.8241758241758164,-5.989583333333326,-8.607594936708859,32.72058823529413,28.01418439716313,34.200743494423804,44.97991967871487,-66.78674773577353,7.89091943046189,7.89091943046189,2.985634859160171,3.4835647109169336
GENNEXT,Generation Next Fashions Ltd.,3.1,0.0,-3.1250000000000027,0.0,0.0,6.896551724137938,14.814814814814811,34.782608695652186,-61.25000000000001,-44.01492544750256,-86.08500008133765,3.4731182795698934,5.302802258193874
GHAIL,Golden Harvest Agro Industries Ltd.,13.6,-0.7299270072992675,-7.48299319727891,-12.820512820512821,1.4925373134328306,19.298245614035082,27.102803738317764,3.030303030303033,-36.44859813084112,-5.858165525922948,-63.134057660802746,3.5507349227661456,3.773855513349174
GHCL,Global Heavy Chemicals Ltd.,21.9,-0.9049773755656236,-3.5242290748898712,-14.117647058823534,8.955223880597,10.050251256281408,10.050251256281408,1.3888888888888757,-48.34905660377358,-42.21635883905013,-73.45454545454545,3.2735140367570987,4.205693249742121
GLDNJMF,ICB AMCL CMSF GOLDEN JUBILEE MUTUAL FUND,8.2,-1.2048192771084507,-7.865168539325855,-3.5294117647058907,32.25806451612902,32.25806451612902,34.42622950819672,18.84057971014491,-25.45454545454546,-25.45454545454546,-25.45454545454546,4.083542662669153,5.980682509120471
GLOBALINS,Global Insurance PLC,45.8,-0.8658008658008781,-3.5789473684210584,10.096153846153834,33.52769679300292,53.69127516778522,79.60784313725489,57.93103448275861,-26.36655948553055,430.19225339501975,93.36335473639659,3.073723350874438,4.6760071916970505
GOLDENSON,Golden Son Limited,14.5,2.8368794326241162,-3.3333333333333335,-13.690476190476193,-4.605263157894733,42.156862745098046,43.564356435643575,26.08695652173913,-25.641025641025642,-34.97757847533633,-63.38383838383838,5.211332074338962,3.7101122347777284
GP,Grameenphone Ltd.,245.5,0.4911993450675352,-1.7213771016813495,-5.504234026173984,1.6984258492129223,-7.672057164347491,-5.576923076923077,-17.838018741633203,-33.10626702997275,-8.08685885436167,43.06526806526807,0.8849339621406676,0.9284629635056311
GPHISPAT,GPH Ispat Limited,17.6,2.32558139534885,-2.762430939226519,-8.333333333333321,9.316770186335402,2.32558139534885,9.316770186335402,-11.111111111111107,-61.99532159947222,-11.962864395552161,-6.015706953026924,2.6077189096772995,2.7204000721798236
GQBALLPEN,G.Q. Ball Pen Industries Limited,565.6,0.8559201141226941,5.345501955671456,-6.357615894039731,-19.026485325697923,4.935064935064939,26.3345990618718,39.68881205235862,334.7425057647963,596.551724137931,316.9487166978718,3.2646332984827255,4.498894035279101
GRAMEENS2,Grameen Mutual Fund One - Grameen Two Units,13.3,0.0,0.7575757575757683,-0.7462686567164153,9.016393442622963,4.724409448818909,22.018348623853214,0.7575757575757683,-37.55868544600939,23.500000220535718,-27.3662101277814,1.9073549993598222,3.1485023235731098
GREENDELMF,Green Delta Mutual Fund 2010 Units,4.3,0.0,-8.510638297872347,-15.68627450980392,26.470588235294112,34.374999999999986,43.33333333333332,19.444444444444436,-55.670103092783506,-29.50819672131147,-40.277777777777786,5.223497432799757,5.990701828241634
GREENDELT,Green Delta Insurance PLC,67.2,-1.4662756598240467,-2.1834061135371177,1.510574018126888,13.898305084745767,17.073170731707325,25.373134328358212,24.907063197026034,-42.01898188093183,87.07892365644588,28.905786315474177,3.149496719620252,4.069283404606771
GSPFINANCE,GSP Finance Company PLC,3.8,0.0,-5.000000000000004,-9.523809523809533,0.0,-19.14893617021277,137.49999999999997,26.66666666666666,-83.67547354162723,-58.180761021470616,-73.87564813047493,5.129603287498018,7.583102166246863
HAKKANIPUL,Hakkani Pulp & Paper Mills PLC,76.0,0.2638522427440671,-2.3136246786632353,-5.354919053549187,-2.5641025641025643,2.7027027027027026,12.259970457902508,-4.40251572327044,-6.172839506172839,41.7910447761194,308.6021505376344,2.248923339032238,2.76907769390764
HAMI,Hami Industries PLC,155.8,-0.3198976327575176,-2.3809523809523703,-1.2048192771084194,-15.326086956521735,2.974223397224058,44.79553903345727,58.65580448065174,-10.920526014865635,-10.920526014865635,-10.920526014865635,3.2082435150712065,3.4044143232902986
HEIDELBCEM,Heidelberg Materials Bangladesh PLC,213.2,0.42392840320300385,-3.790613718411555,-4.7363717605004565,2.156205079060853,-9.31518502764781,-2.603928734582009,-15.597783056215363,-38.73563218390805,-60.866372980910434,-19.242424242424246,2.757269965204867,2.434421437302577
HFL,Hamid Fabrics PLC,14.2,0.0,-10.691823899371077,-7.792207792207799,-20.670391061452513,94.52054794520548,118.46153846153844,75.30864197530865,-30.731707317073177,-15.476190476190482,-75.19134769388928,6.649645529915119,4.677490228738607
HRTEX,H.R. Textile Mills Ltd.,19.3,2.6595744680851063,-6.763285024154583,-8.96226415094339,-1.025641025641022,6.629834254143642,5.46448087431694,-31.560283687943258,-72.4643320634593,-8.491379393175897,-31.62116553489149,4.16907885328938,3.3831736475644165
HWAWELLTEX,Hwa Well Textiles (BD)PLC,46.0,0.6564551422319412,-7.258064516129035,-3.563941299790362,7.476635514018699,7.981220657276992,3.139013452914795,-7.258064516129035,2.2222222222222223,47.43589743589744,15.0,3.2525687009352557,3.518144477426083
IBNSINA,BN SINA Pharmaceutical Industry PLC,315.1,0.28644175684278617,-0.7559055118110165,-1.838006230529588,1.3183279742765346,-4.5151515151515085,0.03174603174603897,2.2056438533895593,21.89555125725339,58.86291674517143,426.0368670993423,1.1033045639910786,1.1563876775382527
IBP,Indo-Bangla Pharmaceuticals Ltd.,17.0,0.5917159763313694,-1.1627906976744145,-15.84158415841584,16.438356164383563,20.56737588652483,51.7857142857143,28.787878787878793,-23.869565499073904,-35.10794033170991,-35.10794033170991,3.1047265987025026,4.28065453263713
ICB,Investment Corporation of Bangladesh,42.1,0.717703349282307,-4.318181818181815,-10.425531914893615,2.184466019417472,3.9506172839506206,15.34246575342466,-20.41587901701323,-63.40054529004225,-45.97626677575553,-61.509441570329365,3.0617748950548407,2.688140227102822
ICB3RDNRB,ICB AMCL Third NRB Mutual Fund 2010 Units,5.4,0.0,-6.896551724137922,-12.90322580645161,17.391304347826104,17.391304347826104,31.70731707317075,22.727272727272727,-28.947368421052627,17.391304347826104,-23.94366197183098,3.9036274696652025,5.463984008240252
ICBAGRANI1,ICB AMCL First Agrani Bank Mutual Fund Units,7.8,-1.2658227848101333,-4.8780487804877986,-7.1428571428571495,18.181818181818183,19.999999999999996,21.87499999999999,11.428571428571427,-17.021276595744688,-9.302325581395348,-9.302325581395348,2.7466587171228545,5.309371422636312
ICBAMCL2ND,ICB AMCL Second Mutual Fund Units,7.1,-2.739726027397263,-10.12658227848102,-11.250000000000004,18.33333333333333,16.393442622950822,26.78571428571429,22.41379310344827,-37.168141592920364,41.99999999999999,-6.578947368421053,5.926760563380283,6.120941464621579
ICBEPMF1S1,ICB Employees Provident Mutual Fund One Scheme One Units,5.8,-1.6949152542372972,-9.375000000000009,-13.432835820895527,-9.375000000000009,18.367346938775498,70.58823529411765,20.833333333333336,-30.952380952380956,-3.333333333333336,-30.120481927710852,7.805988391626216,6.286147121335378
ICBIBANK,ICB Islamic Bank Limited,2.6,0.0,-3.703703703703707,-3.703703703703707,0.0,-18.75,8.333333333333341,-3.703703703703707,-59.375,-33.33333333333333,-65.33333333333334,4.100000000000004,4.618770573156535
ICBSONALI1,ICB AMCL Sonali Bank Ltd 1st Mutual Fund 2013- Units,5.8,0.0,-4.918032786885243,-9.375000000000009,20.833333333333336,31.818181818181802,38.09523809523809,13.725490196078436,-36.95652173913043,-12.12121212121212,-51.666666666666664,4.335158468936806,5.597757260537734
ICICL,Islami Commercial Insurance PLC.,35.3,-1.1204481792717245,-4.076086956521739,12.420382165605092,25.177304964539,54.14847161572052,57.58928571428571,54.82456140350875,141.7808219178082,141.7808219178082,141.7808219178082,2.7746532407038753,3.659467670226968
IDLC,IDLC Finance PLC.,44.1,0.9153318077803171,-2.8634361233480115,-6.962025316455691,17.28723404255319,10.513126754082498,29.343575742353345,18.1250002953125,-21.939965010539836,19.13267593192519,-6.726576630655952,2.2178542735859743,2.7957893101391953
IFADAUTOS,IFAD Autos PLC,23.6,2.1645021645021645,-6.34920634920634,-7.450980392156858,-2.880658436213989,6.3063063063063165,8.755760368663605,-4.4534412955465505,-55.496341443143066,-51.28856744700744,34.248707997118245,3.4020374749863587,3.3362608889644774
IFIC,IFIC Bank PLC,4.7,2.1739130434782727,-2.083333333333326,-5.9999999999999964,6.818181818181814,-22.95081967213114,0.0,-18.965517241379306,-68.1958457700659,-24.526120385655464,-55.76382632150104,2.7270531400966216,2.725618592871137
IFIC1STMF,IFIC Bank 1st Mutual Fund Units,3.9,-2.500000000000002,-11.363636363636372,-15.21739130434782,14.705882352941178,29.999999999999996,56.0,14.705882352941178,-45.07042253521127,-6.15624986803223,-39.57378050000066,6.976235146966863,6.73199238062645
IFILISLMF1,IFIL Islamic Mutual Fund - 1 Units,5.2,-1.886792452830182,-3.703703703703707,-8.771929824561402,26.829268292682944,23.80952380952381,52.941176470588246,20.930232558139544,-26.760563380281685,-26.760563380281685,-17.460317460317455,2.877358490566042,4.4620748284884115
INDEXAGRO,Index Agro Industries Ltd,69.5,-0.2869440459110514,-6.7114093959731544,-5.442176870748299,-4.137931034482759,0.7246376811594203,3.886397608370694,-7.859848254498101,-46.38133712004223,-2.6999997567500054,-2.6999997567500054,4.650211881342264,3.549959194370206
INTECH,Intech Ltd.,24.2,1.680672268907557,-7.98479087452472,-8.333333333333332,-33.51648351648352,-29.239766081871352,-23.659305993690854,-7.98479087452472,-37.142857142857146,132.66299215529614,98.62956630576998,4.835160812003682,3.423137555274812
INTRACO,Intraco Refueling Station PLC,22.6,0.0,-1.7391304347826024,4.1474654377880285,24.86187845303867,16.49484536082476,10.243902439024398,-8.870967741935482,-1.5806455771914587,-51.394413810477424,-51.394413810477424,1.7425246675246688,3.2595017802312944
IPDC,IPDC Finance PLC,31.4,-0.317460317460322,-10.02865329512894,-4.5592705167173255,74.44444483209875,60.8292686535681,72.61780143121763,81.15384660673077,-3.1998996161996005,130.7619237228778,500.70293990197996,3.78509872019328,4.410107002323839
ISLAMIBANK,Islami Bank Bangladesh PLC,27.5,0.73260073260073,-3.1690140845070376,-14.0625,-15.644171779141107,-38.20224719101124,-16.666666666666668,-34.834123222748815,-5.821917808219176,-7.094594594594599,-29.65116286104651,2.492664634794898,2.68869178355337
ISLAMICFIN,Islamic Finance & Investment PLC,11.1,0.909090909090906,-4.310344827586207,-10.48387096774194,3.7383177570093493,-8.264462809917356,16.84210526315789,49.99999999999999,-65.84615384615384,1.3814567008123502,-39.13425989278743,2.6227839384831593,2.6970393940541713
ISLAMIINS,Islami Insurance Bangladesh Limited,61.0,-0.3267973856209197,-4.08805031446541,3.5653650254668956,20.55335968379446,53.26633165829147,62.666666666666664,46.98795180722892,0.16420361247947687,473.06707891546574,223.89600447761484,2.0633346431867516,2.90744994093406
ISNLTD,Information Services Network Ltd.,56.9,0.0,-5.794701986754967,-4.690117252931331,-4.369747899159666,-24.33510638297873,-27.423469387755112,-41.93877551020408,25.05494505494505,393.13333412234664,276.57454694715005,3.0439003750374307,3.0022747000760344
ITC,IT Consultants PLC,46.6,-1.4799154334037965,0.21505376344086327,-12.57035647279549,17.380352644836268,16.500000000000004,21.03896103896104,8.878504672897208,10.952380952380954,60.688480705849294,58.6195303335002,2.720030980202281,3.2737299761029712
JAMUNABANK,Jamuna Bank PLC,24.2,0.41493775933609073,0.0,0.0,-5.098039215686277,-5.468750000000009,14.691943127962073,16.34615384615384,35.44919437791229,205.91368507588012,106.80052467549113,0.9727089128991917,1.1344504502109387
JAMUNAOIL,JAMUNA OIL PLC,177.0,-0.1128668171557498,-1.1173184357541899,-2.5330396475770893,5.4198927933293595,0.3401360544217655,4.609929078014192,-6.9889647924330065,-3.542234332425068,-5.851063829787234,10.249150509880542,1.1483958127889122,1.055643407996858
JANATAINS,Janata Insurance PLC,33.4,-0.8902077151335437,-3.7463976945245077,0.6024096385542039,-2.623906705539355,29.96108949416342,37.44855967078188,27.48091603053435,-40.598045362676146,326.4830868261517,-82.13691996084164,3.497023342796912,3.595109761870486
JHRML,JMI Hospital Requisite Manufacturing Ltd,48.5,0.8316008316008286,-3.9603960396039604,-2.0202020202020203,-1.6227180527383311,5.664488017429196,14.92890995260663,-15.652173913043478,120.45454545454545,120.45454545454545,120.45454545454545,2.844293456131821,3.2193412800259775
JMISMDL,JMI Syringes & Medical Devices Ltd.,136.3,0.07342143906022228,-5.999999999999992,-3.8787023977433,10.993485342019556,7.238394964594821,15.508474576271196,-16.174661746617456,-49.32531454235492,10.998802040013423,293.56263145971826,3.3145010598286797,3.217952277213951
JUTESPINN,Jute Spinners Limited,215.1,-1.6910420475320005,-0.46274872744099954,-1.8704379562043771,-3.1517334533993697,-12.773722627737227,10.194672131147543,-4.3574922187639,24.551244933410544,247.49596122778672,223.45864661654136,3.509436997614693,3.7231612392464153
KARNAPHULI,Karnaphuli Insurance PLC,57.9,0.0,1.757469244288225,24.248927038626604,68.80466472303208,88.59934853420195,103.15789473684211,77.06422018348621,21.638655462184868,513.7956760677016,112.10913924022809,2.0246683061730044,4.84583938331978
KAY&QUE,Kay and Que (Bangladesh) Ltd.,397.7,0.3279515640766931,-5.309523809523812,-6.423529411764708,-15.848497672450282,-21.091269841269845,5.378908320084794,17.296048525473314,49.81221746918098,1671.2413710855667,1902.2728540767812,2.40975685598126,2.473262843617379
KBPPWBIL,Khan Brothers PP Woven Bag Industries Ltd,35.3,-1.1204481792717245,-7.832898172323761,-9.948979591836748,-28.10590631364563,-30.511811023622048,-26.45833333333334,-70.58333333333333,135.33333333333331,71.03690475213122,5.460627329542151,3.5914028268823603,3.1422858185151408
KDSALTD,KDS Accessories Ltd.,47.1,0.0,-3.680981595092019,-6.732673267326731,-7.283464566929125,11.084905660377366,14.598540145985401,5.605381165919282,-14.437716049070062,-3.2325146234217415,-9.735289745202847,1.9029477918334725,2.2421740089853444
KEYACOSMET,Keya Cosmetic Ltd.,5.4,0.0,-3.571428571428559,0.0,14.893617021276599,-1.8181818181818117,20.000000000000007,12.500000000000012,-48.07692307692307,-31.910628786404217,-65.45264106104582,3.590909090909085,3.7579250555440997
KOHINOOR,Kohinoor Chemical Company (Bangladesh) PLC,533.2,0.01875820671544227,-2.344322344322336,-1.167747914735858,5.563254801029504,2.1455938697318095,6.661332266453305,4.791852672864374,83.98787423373828,297.6912060008034,1054.2928169236714,2.1677827632048183,2.315633929762461
KPCL,Khulna Power Company Ltd.,11.5,5.5045871559633,-1.7094017094017033,9.523809523809524,7.476635514018699,3.6036036036036068,9.523809523809524,8.490566037735851,-72.87735849056604,-79.66237944084016,-73.38176348795356,3.914665439894794,4.322359367668162
KPPL,Khulna Printing & Packaging Ltd,13.9,0.7246376811594177,-7.333333333333331,-9.74025974025974,-10.322580645161288,-23.62637362637362,-13.124999999999998,-14.197530864197525,-13.66459627329193,52.74725274725276,-59.65699212594663,3.422659125272659,2.8214081895826775
KTL,Kattali Textile Ltd.,12.8,4.0650406504065035,4.0650406504065035,11.304347826086962,37.634408602150536,33.33333333333335,10.344827586206907,-11.111111111111109,-63.11239193083573,-33.091840423598235,-33.091840423598235,4.200962269984468,4.195835685250294
LANKABAFIN,LankaBangla Finance PLC,15.7,-0.6329113924050722,-9.770114942528734,-13.259668508287305,26.61290322580644,1.2903225806451568,27.642276422764215,-2.484472049689454,-61.707317073170735,-13.006212637498166,-45.16881980626309,3.6449430199430215,3.4529587362747645
LEGACYFOOT,Legacy Footwear Ltd.,69.0,-1.4285714285714286,-4.958677685950406,-6.249999999999993,1.1730205278592334,18.96551724137931,27.30627306273062,-5.73770491803279,-6.249999999999993,162.1171160410988,340.62139356178733,2.8629662267679796,3.340885398396281
LHB,LafargeHolcim Bangladesh PLC,53.4,-0.37313432835821425,-4.129263913824065,-8.873720136518775,3.6893203883495116,-1.1111111111111138,13.375796178343943,-6.315789473684212,-27.346938775510207,-30.3780964797914,634.7361869662205,2.139702971987228,2.041588885014077
LIBRAINFU,Libra Infusions Ltd.,606.4,-1.8770226537216865,-2.508038585209007,-6.693337436528697,-3.130990415335467,-10.162962962962967,-4.654088050314469,-21.653746770025844,29.942856493142852,42.31029972638388,414.86792399400497,3.363203033311593,2.1567338571285384
LINDEBD,Linde Bangladesh Limited,696.4,0.3458213256484117,-1.0795454545454577,-5.380434782608699,6.4831804281345535,-16.778202676864243,-8.247694334650859,-26.694736842105268,-49.42628903413217,-49.71841155234657,35.092143549951494,0.7925058910708085,0.9778846457540071
LOVELLO,Taufika Foods and Lovello Ice-cream PLC,57.2,-6.382978723404253,-11.728395061728387,-19.88795518207283,-24.238410596026487,-6.68841761827079,-16.129032258064516,-36.91176454816176,90.39193111007484,340.44000057697644,340.44000057697644,5.706774001779694,3.48852017817053
LRBDL,Lub-rref (Bangladesh) Ltd,14.7,0.0,-6.369426751592357,-6.962025316455705,36.1111111111111,48.48484848484847,48.48484848484847,6.521739130434772,-71.6763005780347,-63.7037037037037,-63.7037037037037,3.1850971218277913,3.5231770293481253
LRGLOBMF1,LR Global Bangladesh Mutual Fund One Units,4.1,0.0,-6.818181818181833,-12.765957446808523,20.588235294117638,32.25806451612902,46.42857142857142,13.888888888888877,-52.8735632183908,-33.870967741935495,-55.43478260869565,5.221531517263226,5.632206278848773
MAGURAPLEX,Magura Multiplex PLC,87.0,0.2304147465437821,-2.901785714285708,-5.537459283387617,5.710814094775216,-4.079382579933851,3.694874851013104,-23.482849604221638,-52.99649845670181,386.83937606900594,386.83937606900594,2.6647876422297307,2.3439392387696056
MAKSONSPIN,Maksons Spinning Mills PLC,6.2,1.6393442622950907,-1.5873015873015817,1.639344262295091,10.714285714285726,3.333333333333336,31.914893617021274,-3.1250000000000027,-75.87548638132296,-9.583333107291661,-61.598314424657175,4.617231638418078,4.66234355314063
MALEKSPIN,Malek Spinning Mills PLC,46.6,-0.2141327623126369,-6.986027944111776,5.909090909090912,65.24822695035462,58.50340136054423,61.24567474048444,37.869822485207116,29.80501392757661,184.14634146341467,86.4,3.230767172296237,3.986443457989459
MARICO,Marico Bangladesh Limited.,2735.8,0.07681896330981322,0.21979632207487726,-0.41496796738496056,-0.6067211625794666,-4.074333800841508,3.1171082884173336,-5.662068965517235,16.914529914529922,118.32256005107337,628.5752330226366,0.41389909583381335,0.5781496827223374
MATINSPINN,Matin Spinning PLC,61.3,-2.0766773162939365,-9.852941176470592,10.053859964093347,29.32489451476793,27.442827442827433,31.82795698924731,11.45454545454545,8.112874779541436,47.71084337349397,36.222222222222214,3.827818861162193,3.7466399581703334
MBL1STMF,MBL 1st Mutual Fund 2010- Units,8.4,-2.3255813953488293,0.0,18.309859154929587,127.02702702702702,110.00000000000001,147.05882352941177,95.34883720930235,0.0,37.7049180327869,21.73913043478261,3.0444551314501633,5.047782860637497
MEGCONMILK,Meghna Condensed Milk Industries Ltd.,38.3,-0.5194805194805269,11.01449275362318,4.076086956521739,-4.726368159203994,29.830508474576263,165.97222222222223,101.57894736842104,50.78740157480314,431.94444444444446,303.1578947368421,5.378035814285851,5.021210267796812
MEGHNACEM,Meghna Cement Mills PLC,29.8,1.3605442176870821,-5.396825396825395,-8.588957055214726,-13.372093023255808,-12.094395280235982,1.706484641638225,-41.10671936758893,-59.557766401277945,-59.144033103207725,-59.656210123806325,3.2655634822911677,3.330800318609893
MEGHNAINS,Meghna Insurance PLC,37.0,-0.5376344086021582,-5.370843989769824,-2.116402116402109,14.197530864197535,19.35483870967742,31.672597864768676,37.03703703703704,236.36363636363637,236.36363636363637,236.36363636363637,3.506462904315191,4.299771224077578
MEGHNALIFE,Meghna Life Insurance PLC,55.0,1.4760147601475961,-3.339191564147625,-8.940397350993376,-1.9607843137254928,0.0,8.267716535433077,-11.290322580645162,-26.685985544863723,45.55301246684786,-15.552545449069214,3.1679048032724277,3.6470954732969783
MEGHNAPET,Meghna Pet Industries Ltd.,80.0,-5.437352245862878,-4.5346062052505935,-11.11111111111111,12.67605633802817,204.18250950570342,266.9724770642202,194.11764705882354,150.0,1076.4705882352941,1149.9999999999998,5.200639990957516,5.308718082938761
MERCANBANK,Mercantile Bank PLC,7.0,0.0,-2.7777777777777803,-7.894736842105259,1.4492753623188352,-21.348314606741575,-5.40540540540541,-26.31578947368421,-55.925926061412895,9.310477099725205,-32.34256762339344,2.4205231388330004,2.4822567651389917
MERCINS,Mercantile Islami Insurance PLC,41.6,0.0,-5.4545454545454515,-3.480278422273782,42.46575342465754,65.73705179282868,63.137254901960794,57.575757575757585,-22.67657992565055,288.78504672897196,50.78317198168064,3.1824955705024354,4.250945059248017
METROSPIN,Metro Spinning Ltd.,10.6,9.278350515463922,1.9230769230769162,13.978494623655902,13.978494623655902,19.101123595505612,24.705882352941174,0.0,-66.17021268678137,45.54615375154885,-29.466094554270864,4.323324066468692,4.614710807364003
MHSML,Mozaffar Hossain Spinning Mills Ltd.,20.2,1.507537688442215,-4.265402843601906,-12.173913043478263,-15.126050420168072,0.9999999999999964,49.62962962962962,23.170731707317078,-14.767932489451477,36.02341343272028,-18.364698550376055,3.4974553224553215,3.3237982435605815
MIDASFIN,MIDAS Financing PLC,5.6,1.818181818181812,-3.448275862068969,-9.677419354838719,0.0,-16.4179104477612,24.44444444444444,-6.666666666666672,-74.29090909347998,-59.394044696080066,-77.2372367714111,3.356240981240986,4.2104514176497325
MIDLANDBNK,Midland Bank PLC,17.6,-0.5649717514124173,-2.762430939226519,-6.382978723404252,18.918918918918923,-1.6759776536312692,2.923976608187134,-6.878306878306864,101.42222147696,101.42222147696,101.42222147696,2.0204464317162865,2.7527635903093586
MIRACLEIND,Miracle Industries Limited,28.7,0.7017543859649098,-2.7118644067796636,-5.280528052805285,3.6101083032490977,-10.869565217391314,-9.748427672955978,2.8673835125448055,-34.02298850574713,24.172454676843113,211.4012337669141,2.239463652662708,3.04394382924654
MIRAKHTER,Mir Akhter Hossain Ltd,35.8,1.7045454545454382,-6.527415143603133,-14.761904761904768,-20.26726057906459,20.94594594594593,29.710144927536213,12.578616352201246,-61.79295624332978,-55.80246913580247,-55.80246913580247,3.2422760542573146,3.1464035359028597
MITHUNKNIT,Mithun Knitting & Dyeing (CEPZ) Ltd.,14.5,0.0,-7.051282051282049,0.0,-8.805031446540882,-13.173652694610775,-0.6849315068493127,-21.19565217391304,-33.48623853211009,-74.56140340612497,-72.22646631080295,6.5880283225393566,6.401854293981254
MJLBD,MJL Bangladesh PLC,91.7,-0.5422993492407809,-0.5422993492407809,-2.4468085106382946,2.918069584736261,-0.5422993492407809,1.888888888888892,-7.2800808897876665,-1.71489817792068,-13.178539011583064,61.11180532183156,1.5574913685972491,1.3233646057280675
MLDYEING,M.L. Dyeing & Textile Ind. PLC,13.1,1.5503875968992191,-9.027777777777782,-25.142857142857146,37.89473684210526,45.55555555555555,55.95238095238094,33.67346938775509,-59.442724458204324,89.81900080141583,89.81900080141583,6.748547558998378,7.5579749831601335
MONNOAGML,Monno Agro & General Machinery Ltd.,327.6,-0.21321961620468735,-4.15447630193095,-6.399999999999993,-5.617977528089887,-5.590778097982702,-11.339648173207031,-17.16814159292035,-8.15337063928622,766.3005959947658,2534.3643864833243,2.6686895727344666,2.120753138066815
MONNOCERA,Monno Ceramic Industries Limited.,86.0,-0.8073817762399109,-5.077262693156727,-8.119658119658114,-11.431513903192581,-3.910614525139665,5.134474327628365,-5.908096280087533,-36.011904761904766,229.8916068051015,402.168334841847,2.7318886292834472,2.460668111494133
MONNOFABR,Monno Fabrics Ltd.,21.0,-0.943396226415091,-6.249999999999994,-5.405405405405403,-10.25641025641025,-12.133891213389118,-1.8691588785046664,13.513513513513514,-11.016949152542377,-11.016949152542377,-11.016949152542377,3.4289385021349004,3.83891396911589
MONOSPOOL,Monospool Bangladesh PLC,107.6,0.8434864104967117,-4.185218165627785,-11.221122112211228,4.466019417475723,7.815631262525048,13.621964097148881,3.983192965361336,-27.59893645739081,124.98181727166447,124.98181727166447,2.3584426165797563,2.4367011404179957
MPETROLEUM,Meghna Petroleum PLC,208.8,-0.28653295128939554,-1.0426540284360135,-3.243744207599629,3.417533432392276,3.213049925852694,8.354955889984444,0.8695652173913099,3.5200793257312957,17.633802816901415,46.29299348428025,0.8948135804399531,0.8589187560443166
MTB,Mutual Trust Bank PLC,13.3,-0.7462686567164152,-1.4814814814814763,-2.91970802919707,26.23728856351624,22.672941908467266,35.63837486735217,28.33477007485663,5.7417390637818935,129.68045785738946,173.82183912565898,2.465492088430027,2.2036229476939435
NAHEEACP,Nahee Aluminum Composite Panel PLC,32.3,-1.8237082066869346,-3.8690476190476315,-15.223097112860904,3.1948881789137267,41.66666666666665,74.59459459459458,43.55555555555554,-36.54223968565816,-48.75145847815757,-48.75145847815757,3.8864620600899835,3.4863231953397933
NATLIFEINS,National Life Insurance PLC,97.4,0.0,-3.5643564356435586,-4.0394088669950685,-1.1167512690355272,-6.525911708253356,3.837953091684444,-15.743944636678192,-58.376068376068375,-21.456402909830985,-28.298539860187816,2.1572943657263233,2.17808913498471
NAVANACNG,Navana CNG Limited,21.1,1.9323671497584645,-2.314814814814815,-7.048458149779726,0.9569377990430759,0.47619047619048294,-0.9389671361502314,-3.6529680365296677,-44.87499972502814,-51.12867622766901,-64.21115352456353,2.3667615256338026,2.123492976208514
NAVANAPHAR,Navana Pharmaceuticals PLC,66.9,0.149700598802408,-0.1492537313432751,-5.37482319660537,-5.1063829787233965,9.31372549019608,27.671755725190852,10.03289473684212,153.40909090909096,153.40909090909096,153.40909090909096,2.1451109681583964,2.3511084860117872
NBL,National Bank PLC,3.6,2.85714285714286,0.0,-5.2631578947368345,-9.999999999999998,-26.530612244897963,12.499999999999996,0.0,-57.64705882352942,-34.802559230638906,-66.26032457264104,3.0000000000000018,3.4318510483923976
NCCBANK,National Credit and Commerce Bank PLC,15.1,1.342281879194626,-1.9480519480519527,-5.031446540880507,1.342281879194626,20.800055471385477,28.721370628155103,28.721370628155103,8.536556582891523,116.96499343685205,37.07383550504843,2.0068012031765976,1.8104630719220622
NCCBLMF1,NCCBL Mutual Fund-1 2012- Dividend Units,6.4,0.0,-1.538461538461533,-7.246376811594202,42.22222222222223,48.8372093023256,60.00000000000001,30.612244897959183,-26.436781609195393,3.225806451612906,-46.666666666666664,3.95585317460317,5.827951806104405
NEWLINE,New Line Clothings Ltd.,6.2,1.6393442622950907,-7.462686567164179,0.0,12.72727272727273,19.23076923076923,55.00000000000001,8.771929824561402,-80.4416403785489,-75.15566997373992,-75.15566997373992,4.913124015930353,6.373804627370586
NFML,National Feed Mill Ltd,16.4,0.6134969325153243,-11.35135135135136,-20.000000000000007,-2.3809523809523934,0.6134969325153243,16.312056737588644,63.999999999999986,-49.500000008160065,13.202055307284144,-41.205524991528556,5.413894872432836,4.489742496454304
NHFIL,National Housing Finance PLC,26.8,-0.740740740740738,-8.84353741496598,-12.703583061889248,11.203319502074686,7.200000000000002,19.111111111111114,7.200000000000002,-55.12937599841816,-1.7333335396933252,-12.243814398837157,3.1247920135683325,3.3235096176732615
NITOLINS,Nitol Insurance PLC,48.0,0.8403361344537785,3.225806451612903,39.94169096209914,60.0,57.894736842105274,70.81850533807828,67.83216783216783,-15.294117442768165,209.16800243936646,101.50303929657909,3.182096439353954,5.684968050988877
NORTHERN,Northern Jute Manufacturing Co. Ltd.,107.6,1.2229539040451525,-3.7567084078712014,-10.033444816053512,-4.609929078014186,-2.181818181818187,26.143024618991788,-8.503401360544219,-64.68657696094519,-63.108571281005716,617.3333381155555,4.868025068226329,4.454058758865436
NORTHRNINS,Northern Islami Insurance PLC,38.3,-0.7772020725388711,-4.726368159203994,1.0554089709762495,11.09116049872237,31.85245932332867,44.65827374294063,21.86363666829545,-33.19767425159884,198.89527082665975,25.285903904738202,3.5730866910255186,5.013837094861721
NPOLYMER,National Polymer Industries PLC,31.8,0.31545741324921583,-6.470588235294116,-13.114754098360656,-0.6249999999999978,11.578947368421055,19.548872180451124,-7.8260869565217375,-54.44126074498568,-32.24968833232117,120.34257456904605,2.943429894935319,3.1989738838880606
NRBBANK,NRB Bank PLC,6.7,1.5151515151515234,-1.4705882352941124,3.0769230769230798,17.543859649122805,-4.285714285714283,9.836065573770501,-22.093023255813947,-25.555555555555554,-25.555555555555554,-25.555555555555554,2.58508158508159,3.7454127033659046
NRBCBANK,NRBC Bank PLC,8.8,-1.1235955056179736,-7.368421052631572,8.64197530864199,18.918918918918923,33.33333333333335,72.54901960784316,33.33333333333335,-66.14486310995099,-30.800100040093547,-30.800100040093547,4.5101010101010015,4.821438257034054
NTC,National Tea Company Limited,162.0,0.18552875695733545,-3.1100478468899455,-7.428571428571429,3.9127645926876164,-5.813953488372093,-6.789413118527048,-15.31625718766336,-69.14285714285714,-70.28068244358833,-78.96103896103897,2.5082633794117335,3.216846582175813
NTLTUBES,National Tubes Limited,65.3,0.15337423312882562,-1.060606060606065,-6.714285714285718,7.578253706754521,1.5552099533437014,4.479999999999995,-21.51442307692308,-39.815668202764975,-37.10149367218444,177.11805797213097,2.151051349500962,2.6001725259903643
NURANI,Nurani Dyeing & Sweater Ltd.,3.5,6.060606060606066,-12.5,16.666666666666668,16.666666666666668,29.629629629629623,75.0,52.17391304347827,-68.18181818181819,-79.31626004301357,-79.31626004301357,8.308441558441558,7.421386577369513
OAL,Olympic Accessories Ltd,6.7,1.5151515151515234,-2.8985507246376834,0.0,9.836065573770501,8.064516129032258,17.543859649122805,-4.285714285714283,-58.385093167701875,-60.6933332976953,-72.24163198485415,1.956261473381756,3.2245186356176134
OIMEX,Oimex Electrode Ltd.,15.5,-0.6410256410256387,-2.5157232704402537,-6.626506024096393,6.164383561643838,17.42424242424243,1.3071895424836555,-35.146443514644346,-43.22344322344322,-68.91453298907372,-68.91453298907372,2.7650419755682933,2.698241970086565
OLYMPIC,Olympic Industries PLC.,146.8,0.824175824175836,-1.4103425117528503,-5.229180116203999,2.585604472396937,-8.249999999999993,6.68604651162792,-11.459589867310012,-17.528089887640444,-49.64390709483622,98.67669301698729,1.991355949566134,1.8570074602469218
ONEBANKPLC,One Bank PLC,7.9,-1.2499999999999956,-2.4691358024691272,0.0,6.756756756756756,-3.658536585365841,12.857142857142861,1.2820512820512888,-13.931578559607534,-13.931578559607534,-13.931578559607534,2.160012982797788,2.2305699457598154
ORIONINFU,Orion Infusion Ltd.,228.4,0.35149384885765,-2.1422450728363325,-19.40719830628087,-25.723577235772353,-38.701019860440155,-32.84328138782711,-56.06002308580223,153.77777777777777,218.54951185495116,396.5217391304348,2.6092844686977292,3.61578664012473
ORIONPHARM,Orion Pharma Ltd.,26.2,-1.5037593984962485,-4.379562043795618,-9.027777777777782,1.9455252918287937,-15.483870967741938,-3.6764705882352944,-27.6243093922652,-63.04654442877291,-30.31914893617022,-61.65853643199999,2.8797568634229225,2.368270694278733
PADMALIFE,Padma Islami Life Insurance Ltd.,17.0,1.1904761904761862,-3.4090909090909167,-4.494382022471914,-5.027932960893847,-2.857142857142857,1.796407185628747,-9.574468085106385,-63.67521367521367,-9.333332994844449,-65.30393702186171,2.814949674585663,3.480136844600458
PADMAOIL,Padma Oil PLC,194.3,0.0,-2.2635814889336014,-4.049382716049377,10.397727272727279,6.8756875687568755,14.631268436578177,-2.4598393574297077,-14.743308468626589,4.970286331712598,14.294117532764718,0.886416219981595,0.8531366262121124
PARAMOUNT,Paramount Insurance PLC.,60.2,0.16638935108153316,-5.047318611987374,-5.642633228840117,20.400000000000006,10.054844606946983,38.390804597701155,18.50393700787403,-33.77337733773378,828.9553926854312,357.45652077142125,3.4881713824725886,4.30896929068514
PDL,Pacific Denims Ltd.,5.6,0.0,-6.666666666666672,0.0,5.660377358490563,19.148936170212753,21.73913043478261,-5.084745762711876,-64.86956521870052,-71.57409278450629,-71.57409278450629,3.0491569833675123,4.50424480551852
PENINSULA,The Peninsula Chittagong PLC,21.4,-2.7272727272727337,-5.309734513274348,-15.415019762845859,-2.7272727272727337,-5.309734513274348,16.9398907103825,100.0,-8.936170212765964,43.62416107382549,-40.868420904802626,3.4542904661983522,3.180312134228131
PEOPLESINS,Peoples Insurance PLC,62.7,-0.1592356687897999,-1.104100946372233,4.674457429048422,24.158415841584162,51.44927536231885,72.72727272727275,75.63025210084032,14.416058394160595,338.4615384615385,137.50000000000003,2.418993456129356,4.120632947032655
PF1STMF,Phoenix Finance 1st Mutual Fund Units,13.6,-3.546099290780142,-5.555555555555561,4.615384615384612,76.62337662337661,166.66666666666669,172.0,183.33333333333337,40.206185567010316,189.36170212765956,72.1518987341772,3.2638873213491166,4.212777936668544
PHARMAID,Pharma Aids Limited.,584.2,-1.200744123118537,-3.0051469367424724,-5.682918953826273,-0.4939533299267547,2.491228070175447,18.498985801217046,-5.743788318812506,32.17194570135747,98.10105120379794,316.98786581013565,2.1464290120280274,2.5253726278541726
PHENIXINS,Phoenix Insurance PLC,50.2,-0.1988071570576428,-4.380952380952375,12.556053811659195,21.844660194174757,60.89743589743591,87.31343283582089,81.88405797101449,-22.769230769230766,167.02127659574467,12.053571428571441,3.7785081008278527,4.546235957287514
PHOENIXFIN,Phoenix Finance and Investments Ltd.,3.8,-2.5641025641025665,0.0,-7.317073170731704,2.702702702702693,-11.627906976744187,58.333333333333336,31.034482758620687,-88.82352941176471,-71.49415394982742,-86.07231140611344,5.885885885885881,7.445469573010847
PHPMF1,PHP First Mutual Fund Units 2010-,3.5,-2.77777777777778,-5.40540540540541,-12.5,12.90322580645161,25.000000000000007,45.83333333333334,9.374999999999995,-53.333333333333336,-9.311111605264793,-37.32750043603048,5.602707749766576,5.715456178299081
PIONEERINS,Pioneer Insurance PLC,66.4,-1.1904761904761862,-5.2781740370898556,-1.9202363367799071,10.29900332225914,29.591078390892196,44.94802529457429,48.656716772911565,-44.464413572084254,179.42984313350638,65.70950035048595,3.442325777113226,3.547355490527608
PLFSL,Peoples Leasing and Financial Services Ltd.,1.9,5.555555555555548,-5.000000000000004,-5.000000000000004,0.0,11.76470588235294,258.49056603773585,26.66666666666666,-36.66666666666667,-72.05882352941177,-93.5294117705154,5.438596491228065,11.114645423070321
POPULAR1MF,Popular Life First Mutual Fund Units 2010-,3.5,0.0,-7.894736842105259,-12.5,16.666666666666668,25.000000000000007,45.83333333333334,6.060606060606066,-51.388888888888886,-3.4206115288223327,-33.320531510425894,4.867413632119517,5.986236525640729
POPULARLIF,Popular Life Insurance Co. Ltd.,61.7,1.8151815181518174,-3.139717425431711,3.8720538720538795,14.259259259259263,16.856060606060616,45.1764705882353,28.008298755186722,-35.929387331256486,-13.098591549295772,-44.62820479597435,2.9238876529820006,3.3825112585367663
POWERGRID,Power Grid Co. of Bangladesh Ltd.,37.7,1.0723860589812486,-4.071246819338408,-5.276381909547725,13.897280966767374,18.92744479495269,40.14869888475838,12.537313432835829,-35.111876075731494,-34.54861111111111,-30.570902394106806,2.5028988995204466,2.6732147145553977
PRAGATIINS,Pragati Insurance PLC,76.0,-1.2987012987012987,-4.881101376720908,-1.2987012987012987,5.997210599721056,1.662337286187019,8.873434925570793,32.67796561078644,3.4108904838689202,362.5501288017394,91.08628314630346,3.190298734889897,3.932066914711883
PRAGATILIF,Pragati Life Insurance PLC,148.2,-1.3972055888223704,-4.510309278350515,-10.12734990903579,-9.684210619383585,-32.60851598336557,10.29769948210651,-2.2075585880306874,64.25969502117448,184.80447126938623,123.78511386758967,3.75461797368789,3.490503415620162
PREMIERBAN,The Premier Bank PLC,5.8,1.7543859649122744,-1.6949152542372972,5.4545454545454515,41.46341463414635,3.5714285714285747,44.99999999999999,-15.942028985507253,-53.65878390676022,49.83347662408147,-20.681903474258167,2.1929824561403493,3.127835870090217
PREMIERCEM,Premier Cement Mills PLC,47.7,-0.624999999999994,-2.851323828920567,-4.0241448692152915,14.388489208633093,20.151133501259444,21.683673469387752,-1.851851851851849,-41.18372379778051,-53.14341846758349,-54.57142857142857,3.991822959632226,3.215772743156677
PREMIERLEA,Premier Leasing & Finance Limited,2.2,4.761904761904765,-8.333333333333321,-21.428571428571416,-24.13793103448275,22.22222222222223,307.4074074074074,22.22222222222223,-82.53968253968253,-67.3888564013547,-83.76982963760439,6.396103896103889,8.754310356801408
PRIME1ICBA,Prime Bank 1st ICB AMCL Mutual Fund Units,5.9,1.7241379310344922,1.724137931034492,-10.606060606060597,31.111111111111118,34.090909090909086,37.20930232558141,22.91666666666668,-28.048780487804866,13.461538461538463,-18.05555555555555,4.426799758015731,6.004011921070634
PRIMEBANK,Prime Bank PLC,29.6,0.680272108843547,-1.3333333333333286,-2.950819672131143,0.6802721088435472,-9.387754861640971,7.916666936458341,11.00000027750001,37.314654975023984,117.65652112070202,4.18099961992942,1.1408849245888322,1.1037210015506442
PRIMEFIN,Prime Finance and Investment Ltd.,3.2,0.0,3.225806451612906,-13.513513513513512,-5.882352941176462,-19.999999999999996,190.9090909090909,18.51851851851852,-80.60606060606061,-54.92957746478873,-88.22085884945614,4.193548387096772,6.352496020016635
PRIMEINSUR,Prime Islami Insurance PLC,53.1,0.5681818181818262,-8.762886597938145,13.948497854077253,41.223404255319146,58.035714285714285,77.59197324414717,47.50000000000001,-4.151624548736457,302.2727272727273,48.68000035088481,4.7270926151267325,6.650564285560671
PRIMELIFE,Prime Life Insurance Company Limited,37.8,1.0695187165775364,-4.785894206549132,-5.500000000000007,-14.090909090909095,2.1621621621621543,14.545454545454536,-13.698630136986303,-49.60000000000001,-33.33333333333334,-58.41999993638261,4.109469724569476,4.412125546006425
PRIMETEX,Prime Textile Spining Mills Ltd.,15.1,1.342281879194626,-10.650887573964491,-13.218390804597696,-25.615763546798036,5.594405594405586,9.420289855072456,9.420289855072456,-41.92307692307692,-25.615763546798036,-25.247524752475247,4.945164467425489,3.865102744348521
PROGRESLIF,Progressive Life Insurance Co. Ltd.,39.2,2.6178010471204183,-0.25445292620863696,2.349869451697143,-2.244389027431418,-15.69892473118279,-14.035087719298243,-33.67174280879864,-65.67425569176882,-0.7649310492261041,-47.60353618441179,4.0503999723271065,4.346307287174851
PROVATIINS,Provati Insurance PLC,56.5,0.355239786856133,-3.0874785591766676,-2.417962003454229,33.254716981132084,76.01246105919003,96.86411149825784,60.51136363636362,-62.971751604976276,613.0062079696406,202.50417096766475,2.5134975677694413,3.8465091311234216
PTL,Paramount Textile PLC,69.9,0.5755395683453319,4.172876304023863,10.952380952380961,19.487179487179496,25.044722719141337,34.94208494208496,27.0909090909091,39.67906594850924,587.9116017333835,173.58817593892923,1.4230715684332536,2.1064151769226536
PUBALIBANK,Pubali Bank PLC,38.0,-1.2987012987012987,-4.5226130653266265,0.0,13.432835820895523,9.250026056131214,41.423981944421065,51.211108722192236,122.11978135842737,240.08475891278232,117.97765126079555,2.5647586646659906,2.610577631451635
PURABIGEN,Purabi General Insurance Co. Ltd.,30.1,-1.6339869281045754,-3.525641025641019,-2.2727272727272703,0.3333333333333381,36.81818181818182,55.15463917525775,60.9625668449198,-35.41041690564812,315.9086914998276,1.6776144637526773,3.0122129997366702,3.4129222391040797
QUASEMIND,Quasem Industries Limited.,41.9,0.23923444976076896,-3.233256351039258,-8.913043478260873,-2.558139534883724,0.0,10.79326910825743,12.141119112271422,1.3979997045262291,-3.0986080400892524,163.67378735643297,2.0470267992766127,2.209800836785424
QUEENSOUTH,Queen South Textile Mills Ltd.,15.4,0.6535947712418277,-7.228915662650609,-12.500000000000005,21.259842519685048,35.08771929824561,29.41176470588235,7.69230769230769,-49.617284138774956,-36.57993714449101,-36.57993714449101,4.131200388722036,5.991899341065028
RAHIMAFOOD,Rahima Food Corporation Ltd.,76.0,0.2638522427440671,-8.653846153846157,-15.083798882681565,-23.77131394182548,-46.13749114103472,-52.5,-49.12985274431058,-76.25,33.333333333333336,341.8604651162791,8.006584725979247,4.180987842931196
RAHIMTEXT,Rahim Textile Mills Ltd.,199.3,1.3218098627351413,-6.7820392890551915,-7.1295433364398795,3.210771620921811,-8.577981651376142,-6.563525550867323,3.9103232533889467,-44.77694652258243,10.268767504340726,394.14442341806614,3.632849355209463,3.6017200597752423
RAKCERAMIC,RAK Ceramics (Baneladesh) Limited,30.3,-1.9417475728155271,1.0000000000000024,-4.716981132075472,24.691358024691358,22.67206477732794,36.48648648648649,32.31441048034936,-32.96460176991151,-32.699038429182224,-24.517352987598294,3.136231255083713,2.883324918824892
RANFOUNDRY,Rangpur Foundry Limited,154.3,0.25990903183886005,-5.337423312883429,-5.511328842620943,-6.484848484848478,0.8496732026143865,7.9776067179846075,-3.562499999999993,10.293066476054328,41.68962350780533,148.87096774193552,3.307115560891296,2.520029639183105
RDFOOD,Rangpur Dairy and Food Products Limited,23.7,0.8510638297872309,-2.8688524590163906,-14.44043321299639,-25.937500000000004,9.72222222222221,18.499999999999996,-10.56603773584906,-49.66804142868617,162.03599573879055,46.48336260324329,2.996770542095741,3.052888831451015
RECKITTBEN,Reckitt Benckiser (Bangladesh) PLC,3294.2,-0.04854663511136488,-0.17878246113754404,-0.32677760968230507,-0.1727325070456763,-7.957530036323,-3.6783625730994207,-2.5384615384615437,-26.519595815395608,108.8902980342422,345.76454668470905,0.35057954925600165,0.49923849999420306
REGENTTEX,Regent Textile Mills Ltd.,6.3,1.6129032258064457,-10.000000000000002,-8.695652173913052,21.153846153846146,53.658536585365866,57.49999999999999,103.2258064516129,-59.09090909090909,-38.99819536521612,-75.44677356757437,8.073973450718755,6.336253188315526
RELIANCE1,Reliance Insurance Mutual Fund Reliance One Units,13.9,1.4598540145985481,3.7313432835820897,13.00813008130081,32.38095238095239,2.205882352941182,-11.464968152866236,-0.7142857142857117,7.751937984496124,67.46987951807229,52.74725274725276,3.5369483903356524,3.9668374058557077
RELIANCINS,Reliance Insurance PLC,107.8,-0.5535055350553584,-4.517271922054923,-6.342311033883578,17.429193899782135,46.866485013623965,64.83180428134554,62.59426847662142,6.627101879327401,225.35555457122584,123.24079856373926,4.247009829038636,4.3175386758946015
RENATA,Renata PLC,464.8,0.4321521175453759,-0.5349882302589343,-2.434928631402176,13.172632091551016,0.9776232891592439,18.571428571428573,-2.5576519916142533,-61.60645666256269,-29.998285372308995,49.62837905610681,0.6558927246069118,1.157738816279918
RENWICKJA,Renwick Janeswar and Co. (BD) Limited,788.4,0.20335536349771516,-2.025599602336283,-15.561743600728292,53.62431800467652,49.6867286880577,61.29296235679214,14.293998260365328,-33.63636363636363,9.015486725663706,904.3312101910828,4.251025704755612,5.776383338394645
REPUBLIC,Republic Insurance PLC,40.0,2.0408163265306047,-1.7199017199017268,11.731843575419003,17.30205278592375,19.047619047619044,45.985401459854025,10.803324099722989,-24.74402692480962,442.47492254387095,95.03189814223911,2.9750058763561613,4.783316467993903
RINGSHINE,Ring Shine Textiles Ltd.,4.1,-2.380952380952394,-12.765957446808523,-8.888888888888896,13.888888888888877,17.14285714285713,28.124999999999982,46.42857142857142,-71.72413793103448,-72.393333336094,-72.393333336094,6.576074332171897,6.468178563625901
ROBI,Robi Axiata PLc,30.7,0.0,-1.9169329073482473,-5.828220858895712,2.675585284280939,-3.4591194968553505,8.48056537102473,12.454212454212449,-29.099307159353344,104.66666666666667,104.66666666666667,1.285804421462595,1.3417432240986986
RSRMSTEEL,Ratanpur Steel Re-Rolling Mills Ltd,7.5,0.0,-3.846153846153844,-2.5974025974025996,-5.06329113924051,-2.5974025974025996,11.940298507462684,-19.354838709677423,-77.40963855421687,-77.75921648972185,-83.45285700228585,2.7697642848327733,2.849427614314166
RUNNERAUTO,Runner Automobiles PLC,47.7,-3.2454361054766623,-9.487666034155597,10.672853828306266,16.625916870415658,38.66279069767443,28.918918918918926,53.870967741935495,-27.175572519083968,-48.52517973020547,-48.52517973020547,5.042363365435087,4.386400836646925
RUPALIBANK,Rupali Bank PLC,17.6,0.5714285714285796,0.0,-1.1235955056179734,10.000000000000009,-10.659898477157348,1.7341040462427786,-18.139534883720923,-44.066468876124105,28.604884234333248,-41.30392740314196,2.363630323566544,2.274177172793163
RUPALIINS,Rupali Insurance Company Ltd.,29.5,0.3401360544217735,-3.278688524590164,0.0,11.021505633006704,32.371795202724364,44.74299101606309,32.371795202724364,-31.773127582736777,178.2587516982827,-5.874233688235223,2.559345944141733,3.986854211757831
RUPALILIFE,Rupali Life Insurance PLC,79.9,2.567394094993581,-9.204545454545448,-10.22471910112359,-7.949308755760359,-9.410430839002265,1.6539440203562488,-15.360169491525422,2.3844217776747696,198.1140620525823,-20.619043663043076,4.99341837622148,3.0889318129355687
SAFKOSPINN,Safko Spinning Mills Limited,20.0,-0.4975124378109523,-2.9126213592233077,-4.761904761904762,-15.254237288135597,36.986301369863014,44.92753623188405,38.888888888888886,-34.838709683935484,91.48884916388882,1.2853784015508103,2.6709639028104446,3.865629980755168
SAIFPOWER,SAIF Powertec Ltd.,9.6,2.1276595744680775,-4.0000000000000036,1.0526315789473646,54.838709677419345,45.45454545454546,91.99999999999999,59.99999999999999,-65.50508487064599,-36.8195991158153,-30.159901444621127,4.094793435200907,4.314477737573371
SAIHAMCOT,Saiham Cotton Mills Ltd.,20.7,0.9756097560975575,-6.756756756756757,-4.166666666666676,7.8125,-2.358490566037736,5.612244897959172,16.292134831460668,1.9704433497536875,59.23076923076922,-19.823943729726253,3.213269405519152,4.105423811000987
SAIHAMTEX,Saiham Textile Mills Ltd.,33.0,3.125,4.10094637223975,70.10309278350518,88.57142857142857,47.321428571428584,90.7514450867052,104.96894409937886,33.603238866396765,156.6666672085185,40.80388687815557,2.4115710494079226,4.925565437557629
SALAMCRST,S. Alam Cold Rolled Steels Limited,12.6,0.7999999999999973,-5.2631578947368505,-9.352517985611515,-15.436241610738259,-18.709677419354843,-15.436241610738259,-30.76923076923077,-63.47826086956522,-50.19762845849802,-73.52941176470588,3.6578629032258037,4.361957411199541
SALVO,Salvo Organic Industries PLC,33.2,0.0,-4.871060171919758,-13.76623376623376,-13.089005235602093,5.396825396825406,9.570957095709579,0.6060606060606146,-37.00189753320683,221.0789490583103,93.92873976772975,3.3007579382612198,2.9108309928985805
SAMATALETH,Samata Leather Complex (Pvt.) Ltd.,89.8,-3.854389721627418,-12.560856864654337,-12.645914396887159,-16.074766355140188,-9.10931174089069,6.904761904761902,-19.099099099099103,3.6951501154734445,229.48201330996895,510.63999804595204,4.416637764962472,4.863008917170669
SAMORITA,Samorita Hospital Ltd.,101.5,-3.7914691943127963,-7.811080835603992,2.1126760563380222,46.0431654676259,41.95804195804196,39.614855570839055,40.58171745152354,54.980137652417696,73.1108520758017,158.55728646313494,7.56912244093018,6.025575171927145
SANDHANINS,Shandhani Life Insurance Co.Ltd,25.6,0.0,-9.859154929577455,-6.909090909090904,7.112970711297083,20.187793427230048,32.64248704663213,10.822510822510822,-39.047619047619044,29.802817969082337,-39.87422403540727,2.349611913484079,2.7213753872618955
SAPORTL,Summit Alliance Port Limited,60.0,-0.6622516556291367,-3.225806451612903,8.108108108108109,29.032258064516128,27.659574468085108,42.51781472684085,117.39130434782608,94.8051948051948,50.824644300437754,184.70105810244343,2.2243077636570296,2.5949691503001793
SBACBANK,SBAC Bank PLC.,6.8,-1.4492753623188481,-2.85714285714286,-4.225352112676054,15.254237288135583,-4.225352112676054,9.677419354838703,-11.68831168831169,-74.58106757489399,-35.06618171735732,-35.06618171735732,3.8369533407133107,4.286899314216323
SEAPEARL,Sea Pearl Beach Resort & Spa Ltd.,36.9,0.0,-1.0723860589812295,-7.518796992481203,2.499999999999996,11.480362537764341,11.818181818181815,-38.19095477386935,-12.142857142857146,53.75000038437501,53.75000038437501,3.807111619579726,3.1575508688779075
SEMLFBSLGF,SEML FBLSL Growth Fund Units,6.8,1.4925373134328304,0.0,-9.333333333333336,25.925925925925913,25.925925925925913,38.77551020408162,38.77551020408162,-46.45669291338583,11.475409836065577,11.475409836065577,3.850067842605161,5.002222529615448
SEMLIBBLSF,SEML IBBL Shariah Fund Units,7.7,1.3157894736842175,0.0,-4.938271604938265,24.193548387096772,22.22222222222223,32.75862068965518,20.312499999999993,-34.74576271186441,-43.795620437956195,-43.795620437956195,2.05964912280702,2.753630316867958
SHAHJABANK,Shahjalal Islami Bank PLC,17.6,0.0,1.1494252873563382,0.5714285714285795,10.000000000000009,-5.8823529411764595,7.317073170731725,-5.376344086021505,-17.22374459461646,138.73164136044355,8.185782376554863,0.976041459039267,1.2111032350836661
SHARPIND,Sharp Industries PLC,27.2,-8.417508417508419,-13.650793650793652,-26.086956521739125,62.87425149700599,75.48387096774194,110.85271317829456,47.02702702702702,66.87116564417177,66.87116564417177,66.87116564417177,8.665600096275663,8.816477951556616
SHASHADNIM,Shasha Denims PLC,26.4,-2.2222222222222276,-8.333333333333341,-8.333333333333341,23.364485981308412,41.17647058823529,66.03773584905659,34.01015228426395,-7.368421052631584,-6.215837453590726,-20.908689840978973,5.127456753772545,3.7279700917751954
SHEPHERD,Shepherd Industries PLC,15.1,1.342281879194626,-6.211180124223612,-11.695906432748547,-3.821656050955412,11.85185185185185,12.6865671641791,-22.564102564102566,-16.337838172486492,-58.382722476661,-58.382722476661,3.362265454126859,4.115694621219599
SHURWID,Shurwid Industries Ltd,6.2,3.333333333333336,-1.5873015873015817,1.639344262295091,1.639344262295091,-7.462686567164179,34.782608695652186,3.333333333333336,-75.59055118110237,-29.690721743713468,-79.36052639707098,4.0288042974900415,4.477015511985661
SHYAMPSUG,Shyampur Sugar Mills Ltd.,312.0,2.161100196463662,7.958477508650519,0.6451612903225806,117.27019498607243,87.95180722891567,105.26315789473684,113.84509938313913,180.82808280828084,2036.9863013698628,3800.0,4.443225180255125,5.087616860300334
SICL,"Sikder Insurance Co., Ltd.",39.0,-1.2658227848101267,4.0,2.6315789473684212,5.121293800539079,82.24299065420563,110.8108108108108,79.72350230414747,44.44444444444444,44.44444444444444,44.44444444444444,4.067240945338299,4.4530981386749255
SILCOPHL,Silco Pharmaceuticals Ltd.,17.2,0.5847953216374144,-8.510638297872347,-20.737327188940093,6.172839506172839,15.436241610738247,25.547445255474454,7.499999999999996,-48.50299401197605,-29.40298515101916,-29.40298515101916,4.723426212590298,3.713344926188953
SILVAPHL,Silva Pharmaceuticals Ltd.,13.4,-0.740740740740738,-11.25827814569536,-22.093023255813947,8.064516129032258,34.00000000000001,39.58333333333334,13.559322033898303,-41.73913043478261,-62.97368411796053,-62.97368411796053,7.300149389033079,4.788207602889688
SIMTEX,Simtex Industries PLC,24.7,0.0,-5.363984674329511,-10.181818181818183,0.816326530612242,3.3472803347280364,9.777777777777775,29.999999999999993,3.781512605042011,46.771624334775964,-8.317999048510087,2.8532122913317823,2.868236917212948
SINGERBD,Singer Bangladesh Limited,73.5,-0.40650406504064657,-2.0,-7.1969696969697,-8.695652173913043,-19.141914191419147,-13.529411764705882,-32.999088422971745,-59.726027397260275,-45.555555612016455,-27.569739309472823,1.9809804475840942,1.9422216605522693
SINOBANGLA,Sinobangla Industries Ltd.,51.4,0.3906249999999917,-5.514705882352941,-10.139860139860147,-4.990757855822556,-3.0188679245283048,12.227074235807864,7.083333333333331,14.177852581844634,116.86377843731509,182.5901880386284,2.3205281243110365,2.2601579270355563
SIPLC,Sena Insurance PLC,143.7,4.814004376367611,-2.443991853360504,23.03082191780821,79.62499999999999,137.9139072847682,169.60600375234523,185.6858846918489,200.62761506276152,200.62761506276152,200.62761506276152,4.899481862701601,7.238390390943349
SKTRIMS,SK Trims & Industries Ltd.,14.0,2.1897810218978155,-2.097902097902103,-6.04026845637584,10.23622047244095,64.70588235294117,70.73170731707319,52.17391304347827,-67.21311475409837,-62.3555556318483,-62.3555556318483,6.8532338308457685,4.682631021156849
SONALIANSH,Sonali Aansh Industries Limited.,210.9,0.19002375296912385,-0.7062146892655367,-2.8110599078340988,9.900990099009901,20.721236405266183,9.615384615384615,-10.635593220338981,256.0244777379194,886.6666666666666,1462.2222222222222,2.5552136816323014,3.1674338965545243
SONALILIFE,Sonali Life Insurance PLC,86.2,1.8912529550827526,1.8912529550827526,2.375296912114014,15.704697986577184,36.392405063291136,41.54351395730707,19.556171983356464,21.408450704225356,683.6363636363636,683.6363636363636,2.1853419000323124,3.0695247968311357
SONALIPAPR,Sonali Paper & Board Mills Ltd.,229.7,0.3056768558951915,-2.255319148936175,-5.4343351173322425,3.4218820351193133,-10.587777345270531,-2.875264270613113,-8.413078149920263,11.13408546660662,52.19153972956542,52.19153972956542,2.085382451985388,2.8839052457052268
SONARBAINS,Sonar Bangla Insurance Ltd.,36.9,-0.2702702702702741,-4.896907216494842,-3.90625,-12.736486268327704,30.895270597508446,53.14229284119575,30.895270597508446,-52.52946300945705,310.85869146960385,77.27498982176127,3.145382321282641,4.217099678593736
SONARGAON,Sonargaon Textiles Limited.,105.7,-1.122544434050517,-8.484848484848483,9.420289855072474,134.88888888888889,146.3869463869464,239.8713826366559,175.97911227154052,300.37878787878793,1143.5294117647059,466.250001415625,5.092506537836935,6.1298700956237235
SOUTHEASTB,Southeast Bank PLC,11.4,0.8849557522123862,-1.7241379310344767,4.587155963302752,24.469387682706593,25.75257719124221,34.04395599976575,34.04395599976575,-17.837777674365483,10.503786608053083,-4.201717059515866,2.4769846274271035,3.8137545034509617
SPCERAMICS,Shinepukur Ceramics PLC,19.7,0.0,-10.04566210045662,-13.215859030837004,-13.59649122807018,24.68354430379746,34.93150684931506,-0.5050505050505122,-46.17486338797815,118.88888888888889,-13.199233969228292,4.05828951067347,3.5879277104674268
SPCL,Shahjibazar Power Co Ltd,52.2,1.3592233009708794,-3.8674033149171168,-7.610619469026544,-4.744525547445245,1.5564202334630433,9.894736842105269,11.063829787234047,-49.87257609804418,-56.765902708204976,101.02619908021543,2.5060355685707663,2.3243343736033295
SQUARETEXT,Square Textiles PLC,49.4,0.202839756592295,-3.515625000000008,-2.178217821782181,7.158351409978302,-1.9841269841269842,1.8556701030927805,-11.785714285714288,2.702702702702697,-16.209999573960076,-35.26440549999828,3.037259612809307,2.397417770600728
SQURPHARMA,Square Pharmaceuticals PLC,217.9,0.0,-0.5022831050228285,-0.2745995423340935,2.44475787494124,-4.0088105726872225,9.497487437185931,-2.2869955156950645,-5.260869565217389,14.68078286861161,108.16720035541415,0.39048598418802744,0.6134131408637038
SSSTEEL,S.S. Steel Ltd,6.5,1.5624999999999944,-5.797101449275367,-12.162162162162165,32.65306122448979,38.29787234042553,58.53658536585367,24.999999999999993,-70.75000012870001,-82.56232020457719,-82.56232020457719,4.607606362217016,3.771313995286624
STANCERAM,Standard Ceramic Industries Ltd.,69.9,-1.271186440677954,-3.8514442916093494,-3.586206896551716,-5.540540540540533,-1.5492957746478793,-0.28530670470754443,-13.703703703703699,-70.0,25.71942446043166,185.30612244897964,3.2924690360378266,4.138260120862261
STANDARINS,Standard Insurance PLC,48.9,-0.40733197556008727,-3.9292730844793713,-0.20408163265306412,3.1645569620253164,19.852941176470594,25.063938618925825,11.389521640091116,-49.0625,463.7361393365381,87.35006714632155,3.1333878013521677,3.6940758283293476
STANDBANKL,Standard Islami Bank PLC,4.7,0.0,-4.081632653061228,-7.84313725490195,6.818181818181814,-17.543859649122805,-2.083333333333326,-26.562500000000004,-50.13651407686363,-17.741577292759132,-48.11708203060017,3.6256038647343076,3.3704714585501674
STYLECRAFT,Stylecraft Limited,54.8,-0.5444646098003707,-5.679862306368338,-6.32478632478633,5.587668593448938,5.384615384615379,16.101694915254225,-32.094175960346966,-70.21739130434781,0.06697990604169317,123.13322532460978,2.6661270046774193,2.710162740380565
SUMITPOWER,Summit Power Ltd.,15.9,3.2467532467532463,-5.3571428571428585,-5.9171597633136,13.571428571428573,12.765957446808516,28.225806451612904,6.000000000000002,-66.73640167364017,-50.46728971962617,-65.36849319931136,3.589056737064324,2.8892795011061394
SUNLIFEINS,Sunlife Insurance Co. Ltd.,52.3,-0.38095238095238637,-13.122923588039876,-21.706586826347305,-23.42606149341142,-2.6070763500931204,-0.7590132827324586,-3.3271719038817085,40.21447721179625,208.35838047978203,-43.453240397933115,5.46909385700244,5.915190460461162
TAKAFULINS,Takaful Islami Insurance PLC,50.5,0.19841269841270123,-3.8095238095238093,0.0,44.69914040114614,49.40828402366865,48.529411764705884,45.11494252873564,-13.675213675213675,372.8483311271806,64.47130204427006,6.124461421994385,4.1089023362899075
TALLUSPIN,Tallu Spinning Mills Limited,7.7,0.0,-7.228915662650609,-7.228915662650609,-10.465116279069761,-6.097560975609746,22.22222222222223,40.00000000000001,-38.4,-46.89655172413793,-66.52173915954631,4.273341581802607,3.652374520584785
TAMIJTEX,Tamijuddin Textile Mills PLC,124.8,-0.39904229848363926,-5.740181268882182,-5.882352941176469,5.762711864406778,-0.23980815347721596,-0.9523809523809547,0.5714284668048117,55.99999984399999,846.7586193837813,846.7586193837813,2.8212995319385343,2.602116544894408
TECHNODRUG,Techno Drugs Ltd.,43.3,-2.2573363431151243,-3.563474387527843,-6.881720430107533,-4.625550660792955,37.460317460317455,48.287671232876704,16.711590296495945,64.01515151515152,64.01515151515152,64.01515151515152,4.315584752439481,3.7173418455250324
TILIL,Trust Islami Life Insurance Ltd.,45.1,1.348314606741576,-5.450733752620547,-11.914062500000002,-4.449152542372884,-2.1691973969631237,1.5765765765765831,-37.361111111111114,310.0,310.0,310.0,3.4533786955671912,3.555696437651881
TITASGAS,Titas Gas Transmission and Distribution PLC,18.0,1.1235955056179736,-4.255319148936174,-10.891089108910888,10.429447852760733,4.651162790697679,15.384615384615387,-21.39737991266375,-61.03896103896105,-62.18487394957983,-71.78683385579937,2.4759758534277645,2.377984734840589
TOSRIFA,Tosrifa Industries PLC,21.2,0.47393364928908943,0.4739336492890894,-11.297071129707112,10.416666666666668,23.255813953488374,24.705882352941174,2.4154589371980677,8.649999565399993,13.514925179565974,-51.17269010802554,3.0186703920346805,3.6731884001744275
TRUSTB1MF,Trust Bank 1st Mutual Fund Units,3.6,2.85714285714286,-2.702702702702705,-9.999999999999998,20.000000000000004,28.571428571428584,50.00000000000001,5.882352941176476,-52.63157894736842,-2.3773917189892466,-44.88760044263523,4.2548262548262565,5.511909087053624
TRUSTBANK,Trust Bank PLC,14.9,0.0,-2.6143790849673225,-5.6962025316455716,-0.3503182555357155,-17.222222038271603,-10.086206671767231,-18.089005053339402,-32.23649671485446,58.43657846766406,56.9762055741509,1.5445794788076634,1.6082053576994861
TUNGHAI,Tung Hai Knitting & Dyeing Ltd,4.7,9.302325581395356,-11.320754716981126,62.06896551724139,56.66666666666668,80.76923076923076,193.75,113.63636363636363,-38.96103896103896,-50.761904836934235,-81.04333337175218,10.191419904665606,7.867283338988561
UCB,United Commercial Bank PLC,9.2,0.0,-2.127659574468096,-5.154639175257732,4.545454545454529,-10.67961165048545,-12.380952380952387,-6.122448979591851,-33.9804730973937,-20.40579010779144,-27.450723967884947,2.5206208782646407,2.498567734327587
UNILEVERCL,Unilever Consumer Care Limited,2013.1,0.014904610492843529,-0.7885269331230595,-1.9960079840319362,-1.3959639498432603,-9.710261930391102,-6.80092592592593,-18.59684593610999,14.016283185840704,102.5761006289308,502.0485981308411,0.5329452147174293,0.54096560625704
UNIONCAP,Union Capital Limited,4.5,0.0,-4.255319148936174,-6.2499999999999964,-2.173913043478253,-11.764705882352935,60.71428571428573,18.421052631578952,-63.41463414634147,-48.99649510374797,-76.20988744959607,4.81385281385281,4.6174618130667895
UNIONINS,Union Insurance PLC,49.0,0.6160164271047169,-3.543307086614168,-4.854368932038835,24.999999999999993,37.2549019607843,33.152173913043484,31.36729222520108,345.45454545454544,345.45454545454544,345.45454545454544,4.236579664935385,4.624110786415526
UNIQUEHRL,Unique Hotel & Resorts PLC,42.5,0.0,-3.8461538461538525,-5.345211581291757,10.677083333333337,8.418367346938767,10.966057441253271,2.4096385542168677,-6.79824561403509,-4.063205417607217,-66.4561957379637,2.190923903899894,2.4188472404860435
UNITEDFIN,United Finance PLC,17.1,0.0,-8.064516129032258,-3.932584269662917,39.02439024390244,31.538461538461547,47.4137931034483,36.80000000000001,-37.132352941176464,2.4605983395036497,-26.650072127686435,3.6389470641330486,4.047470066043417
UNITEDINS,United Insurance Company Limited,61.2,-0.649350649350647,-3.317535545023688,23.38709677419355,46.76258992805755,36.91275167785235,46.41148325358853,38.775510204081634,-9.063893016344718,208.76857294616897,60.30165821687727,3.8868147667905464,5.909115650792572
UPGDCL,United Power Generation & Distribution Co. Ltd.,117.4,-0.5084745762711816,-5.246166263115415,-6.751389992057188,-0.6768189509306236,-7.486209613869188,1.1197243755383388,-20.406779661016945,-59.80828483396097,32.23644583202553,110.47184489096894,2.4138473785650962,2.2623399540624347
USMANIAGL,Usmania Glass Sheet Factory Limited,60.0,-1.4778325123152687,-8.396946564885496,-11.373707533234862,60.0,50.37593984962407,76.47058823529412,56.25,-14.163090128755371,-33.450000200637156,23.726760080964418,4.968999215595034,5.904414510595996
UTTARABANK,Uttara Bank PLC,21.0,0.0,-0.47393364928910625,-2.3255813953488373,0.0,3.3464566929133843,14.62882096069869,23.23943661971832,54.51995867200356,135.57760738456915,62.045071646804736,0.9338282331703441,1.0947653207399193
UTTARAFIN,Uttara Finance and Investments Limited,13.0,0.0,-2.985074626865674,-6.474820143884894,3.1746031746031775,-0.7633587786259515,31.313131313131308,-11.564625850340132,-71.86147186147187,-74.76894633493461,-81.62178699818146,1.4639236732259957,2.3782056986691673
VAMLRBBF,Vanguard AML Rupali Bank Balanced Fund Units,8.0,0.0,-1.2345679012345636,-4.761904761904766,35.593220338983045,31.147540983606564,40.35087719298245,40.35087719298245,-14.893617021276599,-27.272727272727273,-27.272727272727273,1.2438271604938276,2.478143695313908
VFSTDL,VFS Thread Dyeing Ltd.,14.4,5.109489051094899,-5.882352941176472,-18.181818181818187,1.4084507042253598,22.03389830508474,12.499999999999996,80.0,-45.217391167391305,-39.21272277307111,-39.21272277307111,6.477166997761956,4.665518778777389
WALTONHIL,Walton Hi-Tech Industries PLC,393.2,2.6363873662229094,1.3402061855670073,-0.8322824716267367,8.02197802197802,-5.1844707017120815,3.473684210526313,-3.884444540560005,-68.90582317990798,14.42328030885714,14.42328030885714,1.5124007677373235,1.2425712777565472
WATACHEM,Wata Chemicals Ltd.,137.0,1.032448377581125,-4.529616724738676,-2.8368794326241136,2.2388059701492535,-8.666666666666666,-3.5211267605633805,-3.589021815622797,-55.806451612903224,25.204204790823812,549.3229169405998,3.8762157523724707,3.13331578606147
WMSHIPYARD,Western Marine Shipyard Limited,9.4,1.0752688172042972,-5.05050505050505,-7.84313725490195,9.302325581395358,9.302325581395358,14.63414634146343,14.63414634146343,-41.9753086419753,-33.138605782038084,-72.69826405193992,2.952606358111269,3.204816301135479
YPL,Yeakin Polymer Ltd.,23.2,1.310043668122274,3.111111111111108,-8.661417322834644,-8.300395256917001,38.09523809523809,31.073446327683616,23.40425531914893,46.83544303797468,-7.412543099431262,-7.412543099431262,3.437412300192571,4.190615558889174
ZAHEENSPIN,Zaheen Spinning PLC,5.9,9.25925925925926,0.0,7.27272727272728,3.5087719298245643,11.320754716981144,47.50000000000001,-14.492753623188404,-50.42016806722689,-53.62914206401524,-58.54398956184313,6.661793372319686,5.500466081616504
ZAHINTEX,Zahintex Industries Ltd.,8.5,-1.1627906976744147,-7.608695652173906,-5.555555555555555,2.409638554216859,34.920634920634924,46.55172413793104,54.54545454545455,-22.018348623853214,-54.51351376454974,-64.16838732845909,5.18508764821868,3.854286075161913
ZEALBANGLA,Zeal Bangla Sugar Milla Limited,183.4,-2.134471718249733,-2.0822210357714925,-21.287553648068666,47.42765273311897,27.361111111111114,28.251748251748253,91.24087591240875,7.882352941176474,790.2912621359224,2008.0459770114944,7.027290411958921,6.673866326206587
