Symbol,Name,Price,Change %,Perf % 1W,Perf % 1M,Perf % 3M,Perf % 6M,Perf % YTD,Perf % 1Y,Perf % 5Y,Perf % 10Y,Perf % All Time,Volatility 1W,Volatility 1M
1JANATAMF,First Janata Bank Mutual Fund Units,3.5,0.0,-5.40540540540541,-12.5,16.666666666666668,25.000000000000007,34.615384615384606,12.90322580645161,-63.54166666666667,-13.170213076327755,-35.62366207921435,4.606909430438848,5.604938718599562
1STPRIMFMF,Prime Finance First Mutual Fund 2009 Units,21.5,0.9389671361502313,-14.342629482071716,-12.244897959183673,14.361702127659571,11.97916666666667,7.5,9.137055837563455,1.8957345971563913,165.4320987654321,-29.73856209150327,5.070845058262745,4.730936014397857
AAMRANET,aamra networks ltd,19.7,-4.830917874396135,-5.288461538461545,-2.955665024630549,17.261904761904756,16.568047337278113,10.674157303370778,3.684210526315786,-53.14939836120929,-67.30047539939922,-67.30047539939922,5.701527775871258,3.75350052163986
AAMRATECH,Aamra Technologies Limited,16.9,-3.4285714285714364,-23.52941176470589,-3.977272727272743,27.067669172932312,31.007751937984484,37.398373983739816,33.07086614173228,-42.39871403936167,-17.861572164920634,-42.52591679089211,9.255457992300096,7.188500536528705
ABB1STMF,AB Bank 1st Mutual Fund 2011 Units,3.6,2.85714285714286,-5.2631578947368345,-12.195121951219503,16.129032258064516,24.137931034482765,33.33333333333333,12.499999999999996,-52.63157894736842,-6.608653657198507,-46.29997601309429,5.0326040326040316,5.756687483904272
ABBANK,AB Bank PLC,4.6,-2.1276595744680966,-6.122448979591851,-8.000000000000007,4.545454545454529,-31.34328358208956,12.195121951219512,-19.298245614035096,-68.1771934381182,-64.91535559920443,-80.01187327751177,2.554347826086967,3.061179275964103
ACFL,Aman Cotton Fibrous PLC,23.4,1.7391304347826024,4.932735426008959,1.2987012987012863,11.961722488038278,30.726256983240226,29.999999999999993,23.1578947368421,-49.24078091106291,-61.0,-61.0,3.2131505838571206,3.750359321331395
ACI,Advanced Chemical Industries PLC,190.2,0.5817028027498649,-4.374057315233794,-5.4201889607160645,2.8108108108108047,-13.936651583710411,-2.4615384615384674,-1.5018125323666525,-21.855563156975084,-27.063667625859747,205.41556678363804,2.3771417059725404,1.9080591174679027
ACIFORMULA,ACI Formulations PLC,160.8,0.562851782363981,-5.57839107457428,-8.114285714285709,14.529914529914533,7.05725699067911,24.651162790697683,1.8366054464851207,0.5000002512500107,0.8000002488406115,133.20442047251385,2.9851182978975634,3.6270699568818734
ACMELAB,ACME Laboratories Ltd.,79.7,0.0,-3.5108958837772297,-3.975903614457828,3.6410923276983054,-0.12531328320801294,11.781206171108003,-3.1591737545564937,-12.609649122807017,-26.94775435380384,-40.96296296296296,1.754321637640622,1.5677344164155682
ACMEPL,ACME Pesticides Ltd,25.2,2.4390243902438935,4.132231404958678,13.00448430493273,2.857142857142854,45.66473988439306,58.49056603773584,55.55555555555556,129.0909090909091,129.0909090909091,129.0909090909091,5.494318129768866,5.454479098851785
ACTIVEFINE,Active Fine Chemicals Ltd.,6.2,0.0,-10.144927536231886,-7.462686567164179,-8.823529411764701,-10.144927536231886,14.814814814814811,-31.11111111111111,-74.05857740585775,-75.8199999235912,-78.97391289574715,4.384288723791634,3.7302375072744796
ADNTEL,ADN Telecom Ltd.,61.8,-0.48309178743962033,-4.186046511627912,-7.8986587183308465,0.16207455429496648,-4.923076923076928,6.735751295336786,-22.84644194756554,-2.5236593059936934,52.59259259259258,52.59259259259258,2.56043838991758,2.3948972327904974
ADVENT,Advent Pharma Ltd.,14.2,-2.0689655172413843,-10.12658227848102,-8.974358974358976,0.0,0.7092198581560258,5.970149253731335,-1.3888888888888962,-48.819788153331714,-61.443592243990196,-61.443592243990196,3.708222335492296,3.39078336510276
AFCAGRO,AFC Agro Biotech Ltd.,6.7,0.0,-6.944444444444445,-6.944444444444445,-4.285714285714283,-10.666666666666664,34.00000000000001,-12.987012987012987,-79.6969696969697,-79.17283268036905,-70.75952496996126,2.968545190478997,3.542791645184564
AFTABAUTO,Aftab Automobiles Ltd.,28.2,0.0,-3.4246575342465753,-7.236842105263157,-8.143322475570033,-3.0927835051546464,-17.543859649122815,-27.319587628865975,-17.091999580319705,-40.7799997027156,-58.54599966219135,1.70719524205629,2.282612897262166
AGNISYSL,Agni Systems PLC,29.3,-1.0135135135135158,-7.278481012658229,-10.122699386503069,8.51851851851852,31.390134529147982,40.86538461538461,11.832061068702295,22.08333333333334,89.48833938233359,58.09429660040769,3.58407808507086,3.7940031336573896
AGRANINS,Agrani Insurance PLC,29.2,-1.0169491525423753,-7.594936708860766,1.7421602787456447,19.672131147540988,21.66666666666666,22.689075630252095,12.307692307692305,-36.65571477238062,244.52750958126873,76.9871165780352,4.433487952412158,4.54758962479631
AIBL1STIMF,AIBL 1st ISLAMIC Mutual Fund 2010- Units,5.4,1.8867924528301987,-9.999999999999995,-18.181818181818173,38.461538461538474,42.105263157894754,58.823529411764724,31.70731707317075,-41.935483870967744,-24.999999999999996,-29.870129870129865,6.403238969276703,6.695561120974269
AIL,Alif Industries Ltd.,34.4,-1.1494252873563178,-8.510638297872347,-7.02702702702703,4.5592705167173255,20.701754385964907,-15.479115479115489,-42.18487394957983,-12.609699849783185,-68.85476931926001,-68.85476931926001,4.034915396564828,3.270581184483139
AL-HAJTEX,Alhaj Textile Mills Limited,87.1,1.752336448598131,-10.113519091847277,-14.607843137254907,-8.315789473684216,-32.63727764887859,-36.516034985422735,-45.90062111801243,51.47826086956521,5.486896858694641,276.1743642687686,4.202785746489747,3.212286421097635
ALARABANK,Al-Arafah Islami Bank PLC,17.7,1.7241379310344869,8.588957055214715,1.724137931034487,26.428571428571423,7.926829268292687,17.999999999999996,2.906976744186047,-29.36328422774476,54.147902283889,-1.081512319468021,8.47488634517461,4.482444671190365
ALIF,Alif Manufacturing Company Ltd.,5.5,0.0,-6.7796610169491585,0.0,1.8518518518518452,19.565217391304355,37.5,-1.7857142857142796,-66.04938271604938,-32.0086635648747,-67.43067173166543,4.7089947089947115,4.2875107047558165
ALLTEX,Alltex Industries Limited,25.2,3.2786885245901667,3.278688524590167,29.896907216494853,45.66473988439306,63.636363636363626,88.05970149253731,113.55932203389828,36.21621621621621,25.999999999999993,229.77777665409053,4.898177494653617,4.449677922010901
AMANFEED,Aman Feed PLC,36.7,-1.078167115902961,-6.377551020408163,-3.42105263157894,15.772870662460578,48.582995951417026,59.56521739130436,44.48818897637797,-48.671328671328666,-38.7161662833183,9.44020186579819,3.1250538943385275,3.3743242217688834
AMBEEPHA,Ambee Pharmaceuticals PLC,755.1,-1.04835539247805,-4.089927600660476,-5.847880299251868,-2.8185328185328156,-3.1923076923076894,4.8750000000000036,-7.700770077007701,73.58620689655173,30.41450777202073,303.97681837700947,2.126140550633738,1.8856708571309526
AMCLPRAN,Agricultural Marketing Co. Ltd.,219.4,-0.3633060853769223,-5.226781857451402,-4.939341421143849,1.1059907834101408,1.5740740740740766,8.452792881858622,-10.229132569558102,3.4905660377358516,-2.009825815096025,78.3739837398374,2.9207880498615713,2.645861172841752
ANLIMAYARN,Anlima Yarn Dyeing Ltd.,31.6,-3.067484662576687,-9.714285714285712,-6.231454005934721,29.508196721311485,57.2139303482587,51.92307692307692,36.20689655172415,-36.67334669338677,-3.9513677811550068,58.000000000000014,3.176058726124492,4.419338361937594
ANWARGALV,Anwar Galvanizing Ltd.,103.7,0.38722168441433275,-9.035087719298243,-7.575757575757575,4.221105527638194,1.467710371819961,19.745958429561213,22.000000000000004,-45.87996563913695,170.8445962047572,1183.2874921879877,3.6277872440914205,2.8963066867666014
AOL,Associated Oxygen Ltd,17.0,-0.5847953216374352,-11.45833333333333,-2.2988505747126355,-1.7341040462427786,4.938271604938276,11.8421052631579,25.925925925925927,-69.78405318139306,30.967999289839117,30.967999289839117,4.13082973302315,3.1403160877614917
APEXFOODS,Apex Foods Limited,273.5,-0.4368401892974112,-5.100624566273417,-1.9361778415202502,-2.4607703281027025,14.915966386554622,11.269324654190395,4.429171439480727,76.45161290322581,112.1799844840962,281.9832402234637,2.7109183541939044,3.12971292084889
APEXFOOT,Apex Footwear Ltd.,212.4,-0.23485204321277595,-0.9790209790209764,-1.5755329008341081,4.940711462450593,10.625000000000002,18.460680423870603,14.984841922910356,59.93514000572875,8.020240122223715,59.385534713406656,1.2833878072630698,1.3907766397100028
APEXSPINN,Apex Spinning and Knitting Mills Ltd.,332.1,-1.774622892635315,-4.842406876790824,-13.963730569948181,3.781250000000007,54.825174825174834,84.50000000000001,112.74823830877645,151.40045420136263,222.42718446601944,374.4285714285715,5.66325577779992,4.296662282443551
APEXTANRY,Apex Tannery Limited.,100.3,0.6018054162487405,-7.2155411655874175,-3.5576923076923106,-10.446428571428573,39.30555555555555,68.28859060402684,26.8015170670038,-14.419795221843007,-34.48726322664925,37.209302325581405,4.0022837206262025,3.951559553746376
APOLOISPAT,Appollo Ispat Complex Ltd.,3.1,0.0,-6.060606060606053,-3.1250000000000027,-8.823529411764701,10.714285714285726,82.3529411764706,10.714285714285726,-76.15384615384616,-75.07400014754906,-87.27307767662282,5.184139784946231,6.109077261936498
ARAMIT,Aramit Limited,208.5,-3.382761816496761,-3.7396121883656486,-0.7142857142857143,22.647058823529413,20.172910662824208,14.74958723170061,-8.951965065502183,-38.658428949691086,-53.43903528360875,-1.650943396226415,6.38665450395896,5.009689448518346
ARAMITCEM,Aramit Cement Limited,12.0,3.448275862068969,-9.774436090225567,-4.0,0.0,-6.250000000000005,36.36363636363635,8.10810810810811,-80.29556650246306,-67.3024523160763,-66.79593259139342,8.719092588464997,6.650029878400509
ARGONDENIM,Argon Denims Ltd.,21.7,1.4018691588785082,-4.405286343612335,3.8277511961722523,19.889502762430926,23.29545454545453,23.29545454545453,16.666666666666654,-14.556250178897859,32.54184061431869,-43.72069514875697,4.76506795299428,4.678276618598315
ASIAINS,Asia Insurance PLC,42.3,-0.704225352112686,-10.570824524312897,0.7142857142857075,8.461538461538455,-0.9367681498829172,53.81818181818181,51.07142857142856,-55.473684210526315,246.72131147540986,27.997118456246817,4.59621047656737,4.4158897929799465
ASIAPACINS,Asia Pacific General Insurance PLC,49.4,0.202839756592295,-8.51851851851852,13.563218390804595,18.749999999999993,23.80952380952381,56.329113924050624,42.36311239193082,-29.72972972972973,240.68965517241378,45.72271386430678,4.977830598485693,4.725408874167478
ASIATICLAB,Asiatic Laboratories Ltd,113.6,0.2647837599293885,-6.7323481116584585,-8.164915117219085,-9.98415213946118,80.89171974522293,135.68464730290455,101.77619893428064,98.25479930191973,98.25479930191973,98.25479930191973,4.821679254512362,4.485698263994181
ATLASBANG,Atlas Bangladesh Limited,86.2,2.6190476190476226,-1.3729977116704837,-7.9059829059828965,19.39058171745152,49.13494809688582,52.02821869488536,36.392405063291136,-30.371567043618736,-10.305405364436787,-23.36589698502379,4.634270310630599,4.309476993700729
AZIZPIPES,Aziz Pipes Limited.,80.3,-2.5485436893203985,-0.7416563658838177,5.657894736842102,25.468749999999996,48.703703703703695,71.58119658119658,46.53284671532847,-36.57187993680885,71.5079118001892,416.42937877187103,3.2569519946876477,3.3727807263055465
BANGAS,Bangas Limited,124.9,-1.1084718923198666,-8.16176470588235,-8.16176470588235,-6.1607813673929295,-0.7154213036565911,-4.217791411042945,-3.8491147036181674,-6.929955290611016,-27.83887563212097,-10.919742220925103,3.0054925422686116,2.436577074674382
BANKASIA,Bank Asia PLC,17.0,-0.5847953216374352,-4.494382022471914,-7.608695652173906,-3.4090909090909167,-11.746411844924399,0.2445647777317136,0.2445647777317136,0.44306879298041346,62.68489983392151,46.243749300207526,3.065182904941083,1.6963281373927648
BARKAPOWER,Baraka Power Ltd.,10.1,0.9999999999999963,-9.00900900900901,26.249999999999996,23.170731707317078,24.691358024691358,48.529411764705884,-4.716981132075472,-66.99346405228758,-54.96154882364092,-55.48841392655536,7.191866334723473,7.065004669426595
BATASHOE,Bata Shoe Co. (Bangladesh) Ltd.,905.6,-0.04415011037527343,-1.1353711790392989,1.3655697336019752,5.918128654970762,7.298578199052135,12.622808108444223,4.22373115433307,24.73829201101929,-24.53333333333333,75.84466019417475,0.6901336960972748,0.999711325565436
BATBC,British American Tobacco Bangladesh Co Ltd,237.9,0.16842105263158133,-2.098765432098763,3.4347826086956545,11.742602160638798,-14.424460431654675,-4.072580645161288,-17.90890269151139,-58.182457373879416,-14.355998286434804,155.50119842439747,1.8710453094812678,2.9200768499447958
BAYLEASING,Bay Leasing and Investment Ltd.,4.7,2.1739130434782727,-11.320754716981126,-9.615384615384615,4.444444444444448,-14.545454545454543,42.424242424242436,30.555555555555557,-85.2686566818982,-66.17010347992397,-82.0880123175236,4.166710162325803,5.834583740955014
BBS,Bangladesh Building Systems PLC,12.8,-1.538461538461533,-12.328767123287664,-14.666666666666663,-2.2900763358778544,23.07692307692308,39.13043478260871,21.90476190476191,-42.85714285714285,-47.66621284700822,-40.96748784485293,6.454763350397409,4.143947437852763
BBSCABLES,BBS Cables PLC,18.3,0.0,-14.485981308411205,-17.56756756756756,-22.12765957446808,8.284023668639067,20.39473684210527,15.822784810126581,-70.32977926497348,-36.69462854545884,-36.69462854545884,4.602157290079177,3.666833007082684
BDAUTOCA,Bangladesh Autocars Limited,205.5,0.3908158280410412,-5.343159834177796,-1.909307875894988,-6.505914467697912,41.724137931034484,61.811023622047244,38.851351351351354,39.32203389830509,640.9056823561931,851.8754360518793,3.6136269534492804,3.9565431065422656
BDCOM,BDCOM Online Ltd.,29.8,1.0169491525423753,-5.396825396825395,-9.146341463414625,3.4722222222222223,8.75912408759125,14.615384615384617,17.19101150588941,23.979245897534867,82.01369228661595,147.8097046127198,4.145611268335051,2.964219796308743
BDFINANCE,Bangladesh Finance PLC,12.7,0.7936507936507908,-4.511278195488733,-3.0534351145038197,14.414414414414413,-3.0534351145038197,-2.3076923076923133,33.68421052631578,-77.18305093416205,65.15649668483898,-21.831542646208945,3.6236296184130845,3.8550990798622777
BDLAMPS,Bangladesh Lamps PLC,217.8,-0.2747252747252721,-2.2002694207453874,17.7934018388318,18.369565217391308,47.66101694915255,61.93308550185875,28.268551236749115,24.158763884340026,15.141304253278244,94.204999844636,3.8841066835995344,4.247080937292424
BDTHAI,Bangladesh Thai Aluminium Ltd.,15.2,0.6622516556291367,-10.58823529411765,-15.555555555555559,15.151515151515152,29.914529914529915,35.714285714285715,19.68503937007874,-44.72727272727273,-17.97940542840388,-4.592814954566582,4.291890102615027,3.884920069866204
BDTHAIFOOD,BD Thai Food & Beverage Ltd.,23.5,-0.8438818565400814,-1.6736401673640109,6.818181818181818,-1.6736401673640109,32.02247191011235,63.19444444444444,57.718120805369125,94.21487603305785,94.21487603305785,94.21487603305785,3.1744044748347164,4.109995407370307
BDWELDING,Bangladesh Welding Electrodes Ltd.,13.4,0.0,-1.4705882352941124,-4.285714285714283,-15.723270440251572,-29.473684210526315,-25.966850828729285,38.14432989690723,-42.735042735042725,23.036363624060012,-39.00987109078563,2.534145210846841,2.2789328192384506
BEACHHATCH,Beach Hatchery Ltd,29.8,-0.33444816053510995,-3.8709677419354818,-10.240963855421693,-2.6143790849673225,-6.874999999999998,-36.32478632478632,-47.535211267605625,2.758620689655175,170.9090909090909,32.02531675651338,2.820487179292299,2.7599272186631536
BEACONPHAR,Beacon Pharmaceuticals PLC,104.1,-0.3827751196172303,-2.345215759849906,-4.0552995391705124,1.9588638589618024,-4.670329670329678,-0.5730659025788047,-18.22466614296937,-49.90375360923966,515.9763313609467,575.9740259740258,1.9044734463342363,1.7221832164224526
BENGALWTL,Bengal Windsor Thermoplastics PLC,24.2,-2.811244979919676,-11.35531135531136,2.109704641350211,-10.370370370370372,30.810810810810803,39.08045977011495,22.84263959390863,-18.791946308724835,-42.75268823606151,-51.11519208400597,4.7597697688508624,3.34624874175806
BERGERPBL,Berger Paints Bangladesh Ltd.,1493.7,0.18780602320745554,-0.00669433659123772,7.090622311442507,8.239130434782611,2.638631210059788,8.16075307748009,-1.405940594059403,-16.319327731092436,38.72300905502671,469.0285714285714,0.8360886534531862,1.404435873255671
BESTHLDNG,Best Holdings PLC,14.2,0.0,-5.333333333333338,-8.387096774193552,0.7092198581560258,7.575757575757576,5.18518518518518,-13.939393939393943,-51.70068027210885,-51.70068027210885,-51.70068027210885,3.3546741301928833,2.907394023150963
BEXIMCO,Bangladesh Export Import Company Ltd.,24.0,-0.8264462809917326,-4.0,-2.0408163265306123,-78.2016348773842,-78.2016348773842,-78.2016348773842,-78.2016348773842,-75.76923070865384,20.79565306292965,-39.56740534255546,5.199717468592902,6.411280401277786
BGIC,Bangladesh General Insurance Company PLC,41.2,1.2285012285012284,-7.415730337078645,1.4778325123152745,15.083798882681581,20.46783625730994,33.33333333333335,24.848484848484855,-29.93197278911564,192.19858156028369,31.629392971246013,5.3894123780295216,4.680319975748033
BIFC,Bangladesh Industrial Finance Company Ltd.,4.1,0.0,-2.3809523809523934,-14.583333333333337,-10.869565217391305,-24.074074074074083,141.17647058823528,-8.888888888888896,-55.43478260869565,-48.10126582278482,-79.87392634760262,6.36817653890825,7.583601497159203
BNICL,Bangladesh National Insurance Company Ltd,109.7,0.4578754578754579,-8.430717863105171,5.582290664100094,22.56983240223464,95.89285714285714,143.77777777777777,147.62979683972915,-10.448979591836732,777.6,196.48648648648648,4.819541423630597,5.189807884770167
BPML,Bashundhara Paper Mill Ltd.,27.3,0.7380073800737981,-3.1914893617021227,-7.142857142857135,-0.7272727272727247,-7.457627118644066,5.405405405405414,-21.09826589595376,-48.97196261682243,-82.38709677419355,-82.38709677419355,2.7081523187247303,1.9088947972202757
BPPL,Baraka Patenga Power Ltd.,19.8,-0.5025125628140596,-5.263157894736832,-2.4630541871921183,7.608695652173926,26.11464968152867,32.88590604026846,48.87218045112782,-57.327586206896555,-37.93103448275861,-37.93103448275861,3.4853087973517765,3.1652316360824284
BRACBANK,BRAC Bank PLC,61.6,-1.5974440894568689,-3.448275862068959,-2.839116719242898,-8.059701492537311,-20.493808197240913,12.08863433215517,5.103882641214848,131.1991480968959,257.4632833503489,835.7275112634933,1.2229677636739695,1.3510219794291365
BSC,Bangladesh Shipping Corporation,113.2,0.8912655971479502,-3.659574468085104,-5.666666666666665,9.266409266409276,-2.3295944779982767,0.8014247551202188,-8.709677419354836,116.85823754789271,199.15998210578266,126.67119662778954,2.0151994217407374,2.490270976352001
BSCPLC,Bangladesh Submarine Cables PLC,152.9,0.26229508196721685,-1.7352185089974221,-3.83647798742138,8.286118980169984,4.582763337893309,19.173811379579107,3.872282608695664,-15.102720710716264,40.275229357798175,249.32602238976466,2.305906013604913,2.251570551519668
BSRMLTD,Bangladesh Steel Re-Rolling Mills Ltd.,99.8,-0.2997002997002969,1.3197969543147179,-3.106796116504857,14.449541284403663,18.24644549763032,30.799475753604195,11.883408071748873,2.044989775051125,-29.710128197276955,121.3896659992137,2.3427503785174446,3.518397687932747
BSRMSTEEL,BSRM Steels Limited,90.9,-1.0881392818280737,-3.6055143160127163,-3.503184713375793,26.074895977808616,24.862637362637376,43.14960629921261,33.28445747800587,36.486486486486505,-3.855769326913458,61.52230794217028,1.9599671197514668,2.6716609922156875
BXPHARMA,Beximco Pharmaceuticals Plc,144.2,0.8391608391608312,-1.7041581458759374,-2.6333558406482145,17.714285714285708,13.098039215686265,39.99999999999999,8.584337349397572,-29.10521140609637,93.91198024097058,228.10234650397706,2.150223620839427,2.425867351517407
CAPITECGBF,CAPITEC GRAMEEN BDT10 (MUTUAL FUND) Units,9.3,-9.70873786407767,-8.823529411764692,5.681818181818182,32.85714285714287,32.85714285714287,36.764705882352956,34.78260869565218,-35.416666666666664,-35.416666666666664,-35.416666666666664,3.1790006325110687,5.374555665301964
CAPMBDBLMF,CAPM BDBL Mutual Fund 01 Units,8.3,3.750000000000009,-13.541666666666655,-20.19230769230769,-28.448275862068957,-18.627450980392144,-17.821782178217813,1.2195121951219687,-37.12121212121212,-23.148148148148145,-23.148148148148145,6.804391775199631,6.183220110937049
CAPMIBBLMF,CAPM IBBL Islamic Mutual Fund Units,13.2,2.325581395348829,1.538461538461533,-13.157894736842106,45.05494505494505,59.036144578313234,75.99999999999999,67.08860759493669,-36.53846153846154,31.999999999999993,31.999999999999993,5.203537609504001,6.022603335624584
CENTRALINS,Central Insurance PLC,43.8,0.0,-8.750000000000005,5.797101449275359,6.053268765133172,3.7914691943127825,7.616707616707602,-2.666666666666673,-28.896103896103902,250.75143694555385,66.36234252764989,5.029602043596212,4.968070805785427
CENTRALPHL,Central Pharmaceuticals Ltd.,10.0,0.0,-7.407407407407414,-6.542056074766349,14.942528735632191,9.890109890109894,13.636363636363628,1.0101010101010064,-51.45631067961166,-19.588607532312516,-70.77850007267007,3.9545524594068207,4.578147752654787
CITYBANK,City Bank PLC,30.4,-0.6535947712418394,-3.1847133757961785,-4.10094637223975,4.827586206896547,8.571428261224488,43.278688081248305,43.86831229836237,73.58141628175743,150.95836624809155,199.44625079375663,1.305831714207394,1.2609818000886341
CITYGENINS,City Insurance PLC,127.3,0.6324110671936736,1.8399999999999976,17.870370370370367,21.818181818181813,48.541423570595086,46.82814302191464,117.6068376068376,163.56107660455487,1251.166664272494,430.9969494254454,1.5515041751434167,2.857778690963595
CLICL,Chartered Life Insurance PLC,43.5,-1.3605442176870781,-12.65060240963855,-14.705882352941176,-19.444444444444443,-25.12908777969019,-22.04301075268817,-6.852248394004288,295.45454545454544,295.45454545454544,295.45454545454544,4.931594718985166,4.2533147449252615
CNATEX,C & A Textiles Ltd,3.2,6.666666666666672,-5.882352941176462,0.0,-5.882352941176462,10.344827586206907,33.33333333333335,14.285714285714299,-58.44155844155844,-54.87179492965154,-81.31563977047212,8.299242424242422,6.798094359933607
CONFIDCEM,Confidence Cement PLC,62.8,0.6410256410256387,-5.135951661631428,-7.374631268436579,0.47999999999999543,-4.848484848484853,27.12550607287449,3.119868637110014,-54.0258961835334,33.76588565929932,17.110211201479842,3.023374236481905,2.342436477368387
CONTININS,Continental Insurance PLC,34.8,0.2881844380403294,-7.200000000000007,7.076923076923068,5.135951661631407,33.333333333333314,43.801652892561975,39.75903614457831,-32.08178421682157,249.9332042371421,51.564819480707754,4.355556765704243,4.160717710329619
COPPERTECH,Coppertech Industries Ltd,24.1,0.0,-7.662835249042145,-8.365019011406842,-12.043795620437946,15.31100478468901,27.513227513227527,12.093023255813959,-41.151162643575574,-7.004124296858181,-7.004124296858181,4.726746797646042,4.046691900435438
CROWNCEMNT,Crown Cement PLC,65.2,3.987240829346092,-5.50724637681159,-3.8348082595870125,32.25152129817445,27.09551656920079,39.316239316239326,24.904214559386972,-20.68126520681265,-16.087516087516086,-19.3069306930693,7.545186331890449,4.359611158337156
CRYSTALINS,Crystal Insurance Company Ltd,65.5,-0.15243902439023527,-6.695156695156699,-1.7991004497751166,-12.550066755674239,-16.34738186462324,13.91304347826087,12.931034482758621,25.30434768879697,380.333332853,380.333332853,3.7053187608213296,3.3025661852179766
CVOPRL,CVO Petrochemical Refinery PLC,168.1,0.8398320335932848,-5.2423900789177065,-3.942857142857146,2.312842361533769,0.11911852293030889,13.96610169491525,-0.23738872403561168,15.858395870922443,-26.296131608236365,40.33348156492126,2.475273787089125,2.4806669347863703
DACCADYE,Dacca Dyeing and Manufacturing Company Limited,15.4,-1.9108280254777004,-8.333333333333334,-9.411764705882351,1.3157894736842175,-18.518518518518512,-20.618556701030922,-15.38461538461538,-42.96296296296296,57.14285714285714,-45.17799358428169,4.317337115899529,3.506930538307642
DAFODILCOM,Daffodil Computers PLC.,165.1,2.229102167182659,-0.18137847642080493,0.6093845216331505,27.984496124031004,179.3570219966159,357.34072022160666,183.19039451114924,135.85714285714286,643.6936936936937,951.5923566878981,2.426463207765937,2.8946527197090934
DBH,DBH Finance PLC,41.6,-0.23980815347722165,-6.3063063063063005,-4.587155963302752,10.933333333333337,6.39386189258312,18.85714285714286,12.129380053908354,-46.50106338331655,-40.171370250677526,21.303919013183382,3.0346166295982204,2.4022064616449343
DBH1STMF,DBH First Mutual Fund Units,5.2,0.0,-3.703703703703707,-13.33333333333333,10.638297872340425,8.333333333333341,-19.999999999999996,-11.864406779661019,-46.93877551020408,-14.75409836065573,-29.729729729729733,4.615953783545348,5.089521412552287
DELTALIFE,Delta Life Insurance Company Ltd.,74.9,-0.531208499335978,-3.974358974358967,-1.447368421052624,0.26773761713521127,-1.83486238532109,10.471976401179955,-6.724782067247809,-46.423462088698145,-29.671361502347413,-97.77512416530026,3.465309695890819,3.1290147419415084
DELTASPINN,Delta Spinners Limited,7.2,4.347826086956519,-5.2631578947368345,-3.999999999999998,4.347826086956519,22.03389830508474,44.00000000000001,18.032786885245912,-44.61538461538461,10.278480840958826,-54.04460306619169,5.402188175712184,3.5804781175974063
DESCO,Dhaka Electric Supply Co. Ltd.,24.2,-1.2244897959183703,-3.5856573705179366,-6.923076923076925,9.00900900900901,3.8626609442060023,18.048780487804876,-1.2244897959183703,-43.1924882629108,-57.0921985815603,-63.595988447671914,2.5323669864642313,2.634860503680516
DESHBANDHU,Deshbandhu Polymer Limited,19.1,-0.5208333333333223,-8.17307692307692,-9.47867298578199,-3.0456852791878064,15.06024096385542,12.352941176470596,-1.546391752577305,3.243243243243251,85.92920340819174,-11.789988211045959,4.602091955795864,4.793597598136498
DGIC,Desh General Insurance Company Ltd,32.1,-3.603603603603591,-5.029585798816556,-1.5337423312883436,33.19502074688796,47.24770642201835,62.94416243654824,39.56521739130435,-35.41247484909457,114.00000000000001,114.00000000000001,5.36800191084614,4.776239020939664
DHAKABANK,Dhaka Bank PLC,12.1,0.8333333333333304,-1.6260162601626102,-1.6260162601626102,9.00900900900901,-12.949640287769787,7.079646017699105,3.418803418803422,-6.969309097417528,18.307472414940857,-5.519652689556159,1.6584022038567519,1.9747399610272647
DHAKAINS,Dhaka Insurance Limited,45.2,0.44444444444445075,-7.755102040816321,8.915662650602416,11.056511056511056,15.012722646310449,25.55555555555556,17.402597402597408,-43.07304785894207,216.08391608391608,-5.168627526845483,3.7322930836219532,4.7932045718250365
DOMINAGE,Dominage Steel Building Systems Ltd,63.0,-0.15847860538827482,-6.942392909896607,-17.968749999999996,-17.105263157894736,70.73170731707317,117.99307958477509,286.50306748466255,115.47231320541596,376.279999190324,376.279999190324,3.993894641237162,5.561461222699284
DOREENPWR,Doreen Power Generations & Systems Ltd.,31.6,0.0,-7.602339181286553,0.9584664536741236,6.756756756756756,8.219178082191789,12.05673758865249,17.03703703703704,-50.20221073897283,16.32840181063361,-20.50892544500724,3.6191233935662543,3.665265741517057
DSHGARME,Desh Garments Limited.,172.9,0.17381228273465318,-10.784313725490199,2.9779630732578917,41.25816993464052,52.200704225352126,48.53951890034364,35.07812500000001,3.3641303314184747,56.54701791789218,1594.79163584197,4.7281869575399735,4.65372569290295
DSSL,Dragon Sweater & Spinning Ltd.,11.3,1.8018018018018116,-9.599999999999994,-15.037593984962406,18.947368421052637,28.409090909090907,32.94117647058824,0.0,-44.6299997142908,113.21928509260593,24.4309554926439,5.630691733816885,4.158117962375204
DULAMIACOT,Dulamia Cotton Spinning Mills Limited,204.0,-0.3419638495359007,-2.345619913834373,-6.163753449862007,43.966125617501774,48.36363636363637,51.111111111111114,75.86206896551724,217.75700934579442,2620.0,2117.3913043478265,5.0371157287579456,5.264077210874203
DUTCHBANGL,Dutch-Bangla Bank PLC,45.6,0.0,-6.172839506172839,-5.590062111801233,14.572864321608053,12.131147807524872,24.041451087305703,15.93220366492387,-12.778441951239834,118.12272195272018,99.50707576782597,2.374247479022662,2.4871536469451088
EASTERNINS,Eastern Insurance PLC,63.0,0.47846889952152655,-7.079646017699111,8.620689655172415,10.526315789473685,13.309352517985609,25.74850299401197,16.666666666666668,-41.01123595505618,190.3225806451613,72.6027397260274,3.6042339067422047,4.408654343000999
EASTLAND,Eastland Insurance PLC,28.5,-0.3496503496503546,-7.766990291262132,4.395604395604393,10.894941634241247,32.55813953488372,52.40641711229947,44.67005076142133,-35.22727272727273,106.38835078799084,-19.778234139793994,3.63392094079361,4.223602546324321
EASTRNLUB,Eastern Lubricants Blenders PLC,1896.3,-0.7848061528802386,-9.224509334609863,-9.259259259259268,-0.7536504945831418,18.607705779334502,14.166164960866945,10.288472171408122,126.71794237408113,208.62989481772306,1477.4845498267848,3.2120488140671397,2.508324621529447
EBL,Eastern Bank PLC,23.8,0.0,-1.2448132780083017,-2.05761316872428,-4.799999999999997,-13.683098923443863,0.4672127260612816,-3.488189349126327,-3.045215471158228,70.5999674277353,80.04774987367155,1.0927974812614556,1.1324920365820679
EBL1STMF,EBL First Mutual Fund Units,4.2,0.0,-6.6666666666666625,-15.999999999999996,13.513513513513512,16.666666666666668,35.483870967741936,7.6923076923077,-58.0,8.773279812735925,-38.74346884140965,4.701650652870161,5.324537882174053
EBLNRBMF,EBL NRB Mutual Fund,3.5,0.0,-5.40540540540541,-12.5,12.90322580645161,29.629629629629623,52.17391304347827,2.941176470588238,-50.70422535211267,-9.885937481695583,-49.05551679133223,5.194211017740434,5.851124284560817
ECABLES,Eastern Cables Ltd.,131.6,-1.0526315789473728,-8.547602501737325,-7.649122807017547,6.991869918699182,7.868852459016389,17.395182872435328,-2.446256486286146,-11.260957518543504,-14.48120317942904,217.20318660711146,4.401783762919817,3.6462324191184283
EGEN,eGeneration PLC,24.8,-0.4016064257028027,-7.806691449814118,-6.060606060606053,0.0,11.711711711711716,25.252525252525253,3.333333333333336,-58.87230514096186,65.33333333333334,65.33333333333334,3.005314812335226,2.3921248098537204
EHL,Eastern Housing Ltd.,89.9,0.7847533632287027,-2.3887079261671973,-3.952991452991441,7.151370679380214,12.939698492462327,22.814207650273225,-2.915766738660895,53.15161839863714,165.90140907613429,129.96461829612014,2.5161668462844817,2.4808215870006176
EIL,Express Insurance Ltd.,31.6,0.0,-8.670520231213873,2.931596091205219,12.05673758865249,7.482993197278922,12.05673758865249,-10.22727272727273,-25.118483412322277,110.66666666666669,110.66666666666669,4.199396922998092,3.8106009398100498
EMERALDOIL,Emerald Oil Industries Ltd.,29.8,3.8327526132404235,3.1141868512110804,7.58122743682311,56.8421052631579,98.66666666666667,106.94444444444444,54.40414507772021,-11.044776119402984,-15.297157714664571,-30.657692450377443,6.712812080740551,4.627475707092225
ENVOYTEX,Envoy Textiles Ltd.,61.5,0.6546644844517162,5.851979345955248,7.894736842105263,24.999999999999993,18.26923076923077,26.804123711340207,24.242424242424242,75.21367521367522,83.35809377677143,37.253602355369296,4.6137458004881955,4.130451529988475
EPGL,Energypac Power Generation PLC,18.3,1.1049723756906038,-6.6326530612244925,-7.575757575757575,-0.5434782608695536,2.8089887640449436,17.307692307692314,8.284023668639067,-66.6058394160584,-60.645161290322584,-60.645161290322584,3.2515515240713424,3.6171942367253513
ESQUIRENIT,Esquire Knit Composite PLC,26.1,3.162055335968382,2.3529411764705936,4.400000000000006,9.66386554621849,28.571428571428577,26.699029126213592,6.96721311475411,-32.38341968911917,-44.82029598308667,-44.82029598308667,2.2165756948365654,2.4050324763533375
ETL,Evince Textiles Ltd.,12.3,0.8196721311475527,-10.869565217391305,-13.380281690140835,7.8947368421052655,23.000000000000007,23.000000000000007,32.25806451612903,-6.818181818181808,25.017200537273933,-5.765929202831311,4.646124708624709,3.597142830812285
EXIM1STMF,EXIM Bank 1st Mutual Fund 2013- Units,6.4,-1.538461538461533,-8.571428571428566,20.754716981132088,82.85714285714288,106.45161290322581,128.5714285714286,42.22222222222223,-26.436781609195393,22.0800006534332,-17.90695848146733,4.319063709921921,6.083465306836506
FAMILYTEX,Familytex (BD) Ltd.,2.5,8.695652173913052,-10.714285714285708,-3.8461538461538494,-13.79310344827586,25.0,92.3076923076923,25.0,-61.53846153846154,-65.13177682728768,-92.36578232434704,9.026409017713366,8.113006979984203
FARCHEM,FAR Chemicals Industries Ltd,17.0,-3.9548022598870016,-13.705583756345176,-29.166666666666668,-8.108108108108109,20.56737588652483,17.24137931034483,-26.72413793103448,3.0303030303030303,5.651361950712535,-24.576666576158665,9.967759875133977,7.633838736423526
FAREASTLIF,Fareast Islami Life Insurance Company Limited,19.8,-1.4925373134328392,-7.906976744186044,-11.999999999999998,-6.603773584905654,-18.181818181818176,-4.8076923076923075,-27.47252747252747,-68.86792452830188,-61.61550873399328,-74.8208091728718,6.041816220456995,4.191297483687558
FBFIF,First Bangladesh Fixed Income Fund Units,3.6,2.85714285714286,0.0,-7.692307692307688,16.129032258064516,24.137931034482765,38.46153846153846,12.499999999999996,-42.85714285714286,-28.707428911073162,-52.00332482568267,5.666666666666668,7.096694517153562
FEDERALINS,Federal Insurance PLC,29.3,0.3424657534246624,-6.984126984126982,9.73782771535581,15.810276679841897,40.86538461538461,52.60416666666667,31.98198198198199,-30.40380047505938,217.98512021296696,51.78802671728088,3.888776018019284,4.191164419376891
FEKDIL,Far East Knitting & Dyeing Industries PLC.,23.5,4.444444444444445,-1.6736401673640109,-11.98501872659176,64.33566433566432,62.06896551724138,65.49295774647888,24.999999999999996,37.42690058479531,36.27224726562386,-1.2200916394997028,5.754997629484292,5.4539653523395435
FINEFOODS,Fine Foods Limited,440.6,2.584400465657747,2.4651162790697727,-11.294543990336212,-26.06141970129216,-6.155484558040464,15.886375591793803,56.96473102956895,683.9857651245551,5291.77328982989,2758.5536936212457,3.8338921448954952,4.293211090331022
FIRSTFIN,First Finance Ltd.,4.6,-6.122448979591851,-16.36363636363637,9.52380952380951,0.0,-13.207547169811324,83.99999999999999,83.99999999999999,-50.0,-24.206153916234005,-86.49365532808629,9.828396606869699,8.618826298852275
FORTUNE,Fortune Shoes Ltd.,16.2,-1.8181818181818226,-9.497206703910612,-18.592964824120603,18.248175182481752,7.999999999999996,16.54676258992805,5.882352941176461,-71.28536963236209,-38.27173030470869,-38.27173030470869,3.841409435166795,4.164544342182287
FUWANGCER,Fu-Wang Ceramic Industry Ltd.,14.1,1.4388489208633042,-12.962962962962962,-13.496932515337429,6.015037593984953,19.491525423728802,22.608695652173907,9.302325581395342,-44.26877470355731,26.80472931170252,-7.426861383789637,5.410979395155328,4.412348486334539
FUWANGFOOD,Fu-Wang Foods Limited,9.4,-5.9999999999999964,-21.008403361344538,-27.131782945736433,-11.320754716981126,-6.9306930693069235,-16.071428571428562,-35.61643835616437,-55.02392344497607,-8.004412014446842,-43.57603954262219,5.466955266955268,3.544336882968792
GBBPOWER,GBB POWER Ltd.,14.3,0.7042253521126861,-12.804878048780475,74.39024390243904,66.27906976744188,66.27906976744188,123.4375,120.00000000000001,-67.5,8.804348098097837,-45.87068967218327,11.933021059194157,9.288323789949313
GEMINISEA,Gemini Sea Food PLC,116.4,-0.512820512820508,-4.3549712407559555,-7.3985680190930765,2.5550660792951594,-4.97959183673469,-14.850036576444758,-40.58192955589586,31.54840566634604,-8.831581735608308,556.9546939661217,2.730085466296187,2.5910368172127027
GENEXIL,Genex Infosys PLC,36.4,0.8310249307479145,-5.699481865284981,-11.219512195121954,33.8235294117647,29.07801418439716,35.31598513011153,50.413223140495866,-68.11468219864199,8.787519868942177,8.787519868942177,3.5261701072019487,3.612965724811618
GENNEXT,Generation Next Fashions Ltd.,3.1,3.333333333333336,-6.060606060606053,3.333333333333336,0.0,6.896551724137938,14.814814814814811,24.000000000000004,-62.19512195121951,-44.01492544750256,-86.08500008133765,3.9569892473118293,5.617702411803704
GHAIL,Golden Harvest Agro Industries Ltd.,13.7,2.2388059701492455,-6.802721088435375,-10.45751633986929,2.2388059701492455,20.17543859649122,28.037383177570096,3.787878787878788,-35.37735849056604,-5.165946154790032,-62.86298455536748,4.48839793789395,3.8431865470265576
GHCL,Global Heavy Chemicals Ltd.,22.1,0.913242009132433,-0.45045045045044085,-5.555555555555544,9.950248756218905,11.055276381909563,11.055276381909563,4.2452830188679345,-47.99999999999999,-41.688654353562,-73.21212121212122,3.887471625412511,4.645477816672847
GLDNJMF,ICB AMCL CMSF GOLDEN JUBILEE MUTUAL FUND,8.3,-2.35294117647058,-7.77777777777777,-3.4883720930232434,33.870967741935495,33.870967741935495,36.065573770491824,23.88059701492538,-24.54545454545454,-24.54545454545454,-24.54545454545454,4.949034477170296,6.163609338388763
GLOBALINS,Global Insurance PLC,46.2,1.7621145374449434,-4.545454545454537,14.356435643564367,34.69387755102042,55.03355704697987,81.17647058823532,59.86159169550175,-23.128119800332776,434.8227534246707,95.05211765985858,4.507924196026382,4.897852914116374
GOLDENSON,Golden Son Limited,14.1,4.444444444444442,-9.615384615384615,-13.496932515337429,-7.236842105263157,38.235294117647065,39.603960396039604,25.89285714285715,-26.943005181347154,-36.771300448430495,-64.39393939393939,5.620646070794535,3.81178576819241
GP,Grameenphone Ltd.,244.3,0.1229508196721358,-2.978554408260524,-5.639242950946299,1.2013256006628026,-8.123354644603221,-6.038461538461534,-18.810235958790287,-33.08682552725281,-8.536128790715091,42.36596736596738,1.0683777597264918,0.9399486505073663
GPHISPAT,GPH Ispat Limited,17.2,-0.5780346820809331,-5.4945054945054945,-9.947643979057602,6.8322981366459485,0.0,6.8322981366459485,-9.473684210526319,-63.70799996254665,-13.038586967154506,-8.151713613185414,2.9722512059934956,2.8234270483311863
GQBALLPEN,G.Q. Ball Pen Industries Limited,560.8,4.802840590543811,7.1046600458365035,-6.079383687824496,-19.713672154617043,4.044526901669751,25.2624525351798,42.73351997963858,327.76506483600303,579.7575757575756,313.4102551700256,4.231327425987763,4.679628465056937
GRAMEENS2,Grameen Mutual Fund One - Grameen Two Units,13.3,1.5267175572519165,-0.7462686567164153,-3.623188405797101,9.016393442622963,4.724409448818909,22.018348623853214,0.7575757575757683,-37.264150943396224,25.745454746647276,-27.3662101277814,2.451076883350985,3.260442622080572
GREENDELMF,Green Delta Mutual Fund 2010 Units,4.3,0.0,-10.416666666666668,-18.867924528301888,26.470588235294112,34.374999999999986,43.33333333333332,16.216216216216207,-55.208333333333336,-29.50819672131147,-40.277777777777786,5.937199216247466,6.586922758474192
GREENDELT,Green Delta Insurance PLC,68.2,0.14684287812042368,-6.318681318681311,2.556390977443613,15.593220338983055,18.81533101045297,27.238805970149258,30.902111324376204,-41.408934707903775,89.86283621085728,30.824027183263972,3.4630018834289853,3.9951036628579555
GSPFINANCE,GSP Finance Company PLC,3.8,2.7027027027026933,-7.317073170731704,-7.317073170731704,0.0,-19.14893617021277,137.49999999999997,5.555555555555547,-83.03277565335328,-58.180761021470616,-73.87564813047493,8.024340129603278,7.784796879219772
HAKKANIPUL,Hakkani Pulp & Paper Mills PLC,75.8,0.5305039787798295,-5.2500000000000036,-6.304079110012371,-2.8205128205128243,2.4324324324324285,11.964549483013284,-9.330143540669855,-5.603985056039851,41.41791044776119,307.5268817204301,2.5929200310589446,2.84151612500884
HAMI,Hami Industries PLC,156.3,-0.5725190839694513,-2.919254658385086,0.1923076923076996,-15.054347826086952,3.3046926635822866,45.260223048327155,55.988023952095816,-10.634648370497423,-10.634648370497423,-10.634648370497423,4.653398989270956,3.521227797844319
HEIDELBCEM,Heidelberg Materials Bangladesh PLC,212.3,0.8072174738841486,-5.476402493321452,-8.09523809523809,1.7249640632486933,-9.698000850701822,-3.0150753768844196,-13.41761827079934,-38.10495626822157,-61.03157121879588,-19.58333333333333,3.0707701717342535,2.5690718587823795
HFL,Hamid Fabrics PLC,14.2,2.158273381294956,-11.801242236024859,-8.387096774193552,-20.670391061452513,94.52054794520548,118.46153846153844,77.49999999999999,-32.70142180094788,-15.476190476190482,-75.19134769388928,7.326655211931058,4.900568291310738
HRTEX,H.R. Textile Mills Ltd.,18.8,-1.0526315789473648,-8.737864077669904,-10.047846889952142,-3.5897435897435863,3.867403314917123,2.73224043715847,-32.616487455197124,-74.18227218526343,-10.862069046202429,-33.39263793036062,4.905782698356828,3.603966641183807
HWAWELLTEX,Hwa Well Textiles (BD)PLC,45.7,-1.0822510822510822,-6.54396728016359,-5.578512396694205,6.7757009345794526,7.276995305164322,2.4663677130044874,-12.115384615384611,0.0,46.47435897435899,14.250000000000005,4.007382932447889,3.5677864017494345
IBNSINA,BN SINA Pharmaceutical Industry PLC,314.2,-0.4435994930291616,-1.8125000000000036,-1.194968553459123,1.028938906752408,-4.787878787878792,-0.25396825396825756,2.1124471888202794,21.03235747303542,58.409166744947186,424.53438160143867,0.8946984471277737,1.1818148313800139
IBP,Indo-Bangla Pharmaceuticals Ltd.,16.9,1.1976047904191574,-7.142857142857146,-12.88659793814433,15.75342465753424,19.858156028368786,50.89285714285714,28.030303030303028,-24.31739158437348,-35.48965832975868,-35.48965832975868,3.801656313205613,4.985095742244813
ICB,Investment Corporation of Bangladesh,41.8,0.7228915662650535,-6.0674157303370855,-10.874200426439236,1.4563106796116365,3.2098765432098695,14.520547945205474,-21.280602636534848,-63.395240086768894,-46.361233995880795,-61.783721084079986,3.5887636142100194,2.646395202335726
ICB3RDNRB,ICB AMCL Third NRB Mutual Fund 2010 Units,5.4,0.0,-9.999999999999995,-12.90322580645161,17.391304347826104,17.391304347826104,31.70731707317075,22.727272727272727,-30.769230769230763,17.391304347826104,-23.94366197183098,4.763415829453568,5.612132156388401
ICBAGRANI1,ICB AMCL First Agrani Bank Mutual Fund Units,7.9,0.0,-8.139534883720922,-10.22727272727273,19.696969696969706,21.538461538461544,23.4375,14.492753623188404,-15.957446808510637,-8.139534883720922,-8.139534883720922,3.0164599035907123,5.534101511824232
ICBAMCL2ND,ICB AMCL Second Mutual Fund Units,7.3,1.388888888888884,-9.876543209876543,-7.594936708860766,21.66666666666666,19.672131147540988,30.357142857142865,25.862068965517242,-35.96491228070176,45.99999999999999,-3.9473684210526296,6.344076580696299,6.222469017681443
ICBEPMF1S1,ICB Employees Provident Mutual Fund One Scheme One Units,5.9,3.5087719298245648,-6.34920634920634,-13.23529411764705,-7.8125,20.408163265306122,73.5294117647059,25.531914893617024,-32.183908045977,-1.6666666666666607,-28.91566265060241,7.633177331718381,6.4808395816528375
ICBIBANK,ICB Islamic Bank Limited,2.6,0.0,-3.703703703703707,-7.1428571428571335,0.0,-18.75,8.333333333333341,-7.1428571428571335,-60.6060606060606,-33.33333333333333,-65.33333333333334,5.507692307692313,4.792763247149208
ICBSONALI1,ICB AMCL Sonali Bank Ltd 1st Mutual Fund 2013- Units,5.8,0.0,-6.451612903225812,-12.12121212121212,20.833333333333336,31.818181818181802,38.09523809523809,15.999999999999996,-36.95652173913043,-12.12121212121212,-51.666666666666664,5.1567053226286035,5.742803784894603
ICICL,Islami Commercial Insurance PLC.,35.7,0.5633802816901489,-6.788511749347244,20.608108108108112,26.595744680851077,55.89519650655024,59.37500000000002,60.810810810810835,144.5205479452055,144.5205479452055,144.5205479452055,3.5386090102776198,3.9483681609860786
IDLC,IDLC Finance PLC.,43.7,-0.22831050228309205,-4.585152838427936,-6.623931623931612,16.223404255319153,9.510740116857264,28.17039138187849,20.117801347414918,-22.17198018077311,18.05210744274673,-7.572594076182878,2.5003289003399143,2.927963961278352
IFADAUTOS,IFAD Autos PLC,23.1,-0.4310344827586115,-7.228915662650591,-4.938271604938269,-4.938271604938269,4.054054054054064,6.451612903225817,-7.228915662650591,-57.705084521494456,-52.32058932313016,31.404455709043706,3.7115593989060014,3.344515398497759
IFIC,IFIC Bank PLC,4.6,0.0,-4.1666666666666705,-8.000000000000007,4.545454545454529,-24.59016393442623,-2.127659574468096,-20.689655172413797,-69.05781246122558,-26.131947611492585,-56.70502150614997,3.4601706239079038,2.9065244956048994
IFIC1STMF,IFIC Bank 1st Mutual Fund Units,4.0,0.0,-6.976744186046508,-14.893617021276599,17.647058823529413,33.333333333333336,60.0,21.212121212121218,-45.205479452054796,-3.749999864648439,-38.02439025641093,6.935771734410427,7.019313754904346
IFILISLMF1,IFIL Islamic Mutual Fund - 1 Units,5.3,-1.8518518518518614,-3.63636363636364,-7.017543859649129,29.268292682926834,26.190476190476183,55.88235294117647,29.268292682926834,-26.388888888888893,-25.352112676056336,-15.873015873015873,3.040907380530025,4.72106583747942
INDEXAGRO,Index Agro Industries Ltd,69.7,-1.274787535410753,-11.772151898734174,-4.651162790697663,-3.8620689655172376,1.0144927536231925,4.18535127055306,-7.007623661905465,-45.54687486386719,-2.4199997560500015,-2.4199997560500015,4.386718627968948,3.4802175283044763
INTECH,Intech Ltd.,23.8,-3.6437246963562693,-10.861423220973778,-10.861423220973778,-34.61538461538461,-30.409356725146203,-24.921135646687695,-8.46153846153846,-40.64837905236907,138.19508201036157,95.34643297840188,5.787255759714862,3.3685606165129482
INTRACO,Intraco Refueling Station PLC,22.6,0.8928571428571557,0.44444444444445075,3.1963470319634837,24.86187845303867,16.49484536082476,10.243902439024398,-3.004291845493559,-3.9055122256675405,-51.394413810477424,-51.394413810477424,2.60155747346013,3.7972598080716216
IPDC,IPDC Finance PLC,31.5,0.0,-8.163265306122442,-2.7777777777777737,75.00000038888889,61.34146377666865,73.16753965233616,83.75000045937499,-10.060694127236282,131.49683430798254,502.61600658956587,4.884087672558424,4.627375500386589
ISLAMIBANK,Islami Bank Bangladesh PLC,27.3,0.0,-6.8259385665529,-14.687499999999998,-16.257668711656443,-38.651685393258425,-17.27272727272727,-37.38532110091743,-6.5068493150684885,-6.8259385665529,-30.162790767511627,3.485626614888675,2.7659168986564
ISLAMICFIN,Islamic Finance & Investment PLC,11.0,1.8518518518518452,-8.333333333333334,-8.333333333333334,2.8037383177570163,-9.090909090909088,15.789473684210526,64.17910447761194,-66.96696696696696,0.46811024404827817,-39.68259989375331,3.826465881295536,2.885783061616838
ISLAMIINS,Islami Insurance Bangladesh Limited,61.2,-1.9230769230769162,-5.846153846153841,7.180385288966727,20.94861660079052,53.768844221105546,63.20000000000001,49.268292682926834,-1.2903225806451568,474.9459873709263,224.9579585906562,1.8722579932285195,3.079816334966512
ISNLTD,Information Services Network Ltd.,56.9,1.426024955436715,-7.77957860615884,-5.166666666666669,-4.369747899159666,-24.33510638297873,-27.423469387755112,-30.098280098280107,25.05494505494505,373.40800075745284,276.57454694715005,3.6347400803024095,3.0662718253555528
ITC,IT Consultants PLC,47.3,0.8528784648187604,0.6382978723404195,-9.38697318007664,19.14357682619646,18.249999999999993,22.85714285714285,13.429256594724206,10.514018691588786,63.102256167095945,61.00222714108495,2.710981995258612,3.3447529307459467
JAMUNABANK,Jamuna Bank PLC,24.1,-0.8230452674897091,-1.2295081967213,0.0,-5.490196078431367,-5.859375,14.218009478672984,16.990291262135923,36.104707630910774,204.64957893920297,105.94597705286516,1.1584021332962986,1.171500531272201
JAMUNAOIL,JAMUNA OIL PLC,177.2,-0.056401579244231656,-2.099447513812161,-2.904109589041102,5.539011316259668,0.45351473922901525,4.728132387706856,-5.493333333333339,-4.731182795698931,-5.493333333333339,10.373725821191133,1.340080594809828,1.073502025670205
JANATAINS,Janata Insurance PLC,33.7,0.5970149253731428,-6.6481994459833755,2.12121212121213,-1.7492711370262226,31.128404669260714,38.68312757201647,30.620155038759698,-42.499374766439644,330.3137732347699,-81.97647313414261,4.256445900072779,3.6339091692169525
JHRML,JMI Hospital Requisite Manufacturing Ltd,48.1,0.41753653444677,-7.677543186180422,-3.4136546184738874,-2.4340770791074964,4.793028322440094,13.981042654028432,-19.699499165275455,118.63636363636364,118.63636363636364,118.63636363636364,3.4765004154374877,3.38960550987806
JMISMDL,JMI Syringes & Medical Devices Ltd.,136.2,0.7396449704142012,-4.084507042253529,-8.529214237743464,10.912052117263837,7.159716758457903,15.423728813559313,-14.123581336696095,-50.08569134771887,10.9173649145255,293.27388411455337,3.5981158337615833,3.5505563433149776
JUTESPINN,Jute Spinners Limited,218.8,1.0623556581986195,-1.883408071748874,0.13729977116705325,-1.4858171994596951,-11.273317112733164,12.090163934426242,-3.824175824175819,31.807228915662655,253.47334410339258,229.02255639097748,4.945547335769737,4.062861218313303
KARNAPHULI,Karnaphuli Insurance PLC,57.9,0.695652173913041,-0.17241379310345073,28.66666666666666,68.80466472303208,88.59934853420195,103.15789473684211,77.06422018348621,19.87577639751553,507.9500027965699,112.10913924022809,3.548146387015353,5.075990011862809
KAY&QUE,Kay and Que (Bangladesh) Ltd.,396.4,-0.22652907123081653,-6.06635071090048,-7.079231129864051,-16.12357173085062,-21.34920634920635,5.0344462109168,14.211470073299498,58.82955077419164,1665.4515451302957,1895.727833432326,3.0134138751054733,2.5124723095458803
KBPPWBIL,Khan Brothers PP Woven Bag Industries Ltd,35.7,0.8474576271186562,-8.461538461538455,-9.620253164556955,-27.291242362525452,-29.72440944881889,-25.624999999999996,-68.73905429071803,131.81818181818184,72.29130435381884,6.655648602398169,3.753216047649973,3.2387507462604077
KDSALTD,KDS Accessories Ltd.,47.1,1.0729613733905579,-5.611222444889774,-8.543689320388347,-7.283464566929125,11.084905660377366,14.598540145985401,4.899777282850786,-16.035653447827887,-3.2325146234217415,-9.735289745202847,2.714558572512814,2.425627019514351
KEYACOSMET,Keya Cosmetic Ltd.,5.4,0.0,-1.8181818181818117,3.8461538461538494,14.893617021276599,-1.8181818181818117,20.000000000000007,12.500000000000012,-47.57281553398059,-31.910628786404217,-65.45264106104582,3.65704665704665,4.019422817041861
KOHINOOR,Kohinoor Chemical Company (Bangladesh) PLC,533.1,0.15029118917904719,-3.7551904675934202,1.4848657909765979,5.543456741239359,2.1264367816091996,6.64132826565314,3.97340415134574,83.34939340631827,297.6166202532413,1054.076332899492,2.486365009828651,2.5439403515921186
KPCL,Khulna Power Company Ltd.,10.9,-0.909090909090906,-9.166666666666664,5.8252427184465985,1.8691588785046829,-1.8018018018017954,3.809523809523813,5.8252427184465985,-74.76851851851852,-80.75441414342681,-74.77054104510383,4.129976444679484,4.188328350141998
KPPL,Khulna Printing & Packaging Ltd,13.8,0.0,-7.999999999999996,-9.80392156862745,-10.967741935483867,-24.17582417582417,-13.749999999999996,-16.36363636363636,-15.337423312883434,51.648351648351664,-59.94722959266644,3.8391992507344956,3.0333271251187464
KTL,Kattali Textile Ltd.,12.3,3.3613445378151288,4.23728813559322,13.888888888888888,32.25806451612903,28.125000000000014,6.034482758620699,-10.869565217391305,-64.55331412103746,-35.70544040705143,-35.70544040705143,5.48821595608065,4.498574519914595
LANKABAFIN,LankaBangla Finance PLC,15.8,-1.863354037267085,-9.195402298850562,-13.186813186813179,27.41935483870968,1.9354838709677464,28.455284552845526,-0.6289308176100606,-60.98765432098765,-12.452112081049101,-44.81957662031571,4.183868649366388,3.617245136516221
LEGACYFOOT,Legacy Footwear Ltd.,70.0,-0.28490028490028896,-2.9126213592232935,-2.642559109874834,2.6392961876832803,20.689655172413794,29.151291512915122,-3.9780521262002817,-2.097902097902098,165.91591482430312,347.00721085978427,3.131116933725619,3.489137040339242
LHB,LafargeHolcim Bangladesh PLC,53.6,-0.3717472118959029,-6.129597197898423,-10.367892976588621,4.077669902912624,-0.7407407407407381,13.800424628450106,-5.132743362831857,-27.272727272727273,-29.00662251655629,637.4880078911879,2.7067212439844903,2.1581838567086824
LIBRAINFU,Libra Infusions Ltd.,618.0,2.879973364408183,-0.3225806451612903,-3.195488721804508,-1.2779552715654952,-8.444444444444445,-2.830188679245283,-19.373776908023483,27.52785739038915,45.032594378141894,424.7169805875578,3.559519521811451,2.0988788644390883
LINDEBD,Linde Bangladesh Limited,694.0,0.3180109858340627,-3.611111111111111,-5.578231292517007,6.116207951070336,-17.06500956022944,-8.563899868247693,-27.123805523469493,-49.93146237645191,-49.891696750902526,34.62657613967022,1.4248395107901821,1.1021548367502216
LOVELLO,Taufika Foods and Lovello Ice-cream PLC,61.1,-3.779527559055116,-9.48148148148148,-13.57850070721358,-19.072847682119203,-0.3262642740619833,-10.410557184750735,-28.716666488458333,103.37319914030722,370.4700006163157,370.4700006163157,4.153372103045518,3.226557638874595
LRBDL,Lub-rref (Bangladesh) Ltd,14.7,-0.6756756756756852,-5.769230769230771,0.6849315068493127,36.1111111111111,48.48484848484847,48.48484848484847,7.299270072992701,-71.6763005780347,-63.7037037037037,-63.7037037037037,3.3317889303797332,4.01768012680908
LRGLOBMF1,LR Global Bangladesh Mutual Fund One Units,4.1,-2.380952380952394,-8.888888888888896,-14.583333333333337,20.588235294117638,32.25806451612902,46.42857142857142,13.888888888888877,-52.8735632183908,-33.870967741935495,-55.43478260869565,4.731309529948215,5.805515457592734
MAGURAPLEX,Magura Multiplex PLC,86.8,1.0477299185098852,-2.581369248035912,-5.652173913043481,5.467800729040097,-4.299889746416764,3.4564958283670935,-23.85964912280702,-49.32756779052627,385.72020508953693,385.72020508953693,3.139095092633526,2.468502146190048
MAKSONSPIN,Maksons Spinning Mills PLC,6.1,3.3898305084745637,-7.575757575757576,1.6666666666666607,8.928571428571429,1.6666666666666607,29.787234042553177,-6.1538461538461595,-77.15355805243446,-11.041666444270836,-62.21769645006593,4.637072908259349,5.042148128485634
MALEKSPIN,Malek Spinning Mills PLC,46.7,-0.8492569002123113,-7.157057654075536,6.378132118451036,65.60283687943264,58.84353741496601,61.59169550173012,37.758112094395294,30.812324929971986,184.75609756097566,86.80000000000001,3.705113381817805,4.05283851926498
MARICO,Marico Bangladesh Limited.,2735.8,0.07681896330981322,0.2124542124542191,-0.5163636363636297,-0.6067211625794666,-4.074333800841508,3.1171082884173336,-3.942979530213115,17.31560891938251,118.32256005107337,628.5752330226366,0.41389909583381335,0.5781496827223374
MATINSPINN,Matin Spinning PLC,62.6,-0.31847133757961105,-2.034428794992171,11.387900355871883,32.06751054852321,30.145530145530145,34.6236559139785,14.442413162705664,9.824561403508774,56.5,39.111111111111114,4.1584912235320095,3.8941205299930104
MBL1STMF,MBL 1st Mutual Fund 2010- Units,8.6,1.17647058823529,1.17647058823529,22.857142857142854,132.43243243243242,114.99999999999999,152.9411764705882,104.76190476190474,1.17647058823529,43.33333333333332,24.637681159420282,3.83568625804715,5.588673129788637
MEGCONMILK,Meghna Condensed Milk Industries Ltd.,38.5,10.0,10.951008645533133,2.6666666666666665,-4.2288557213930416,30.508474576271187,167.36111111111111,102.63157894736842,83.33333333333333,434.72222222222223,305.2631578947368,4.787791628727302,5.1940753681025456
MEGHNACEM,Meghna Cement Mills PLC,29.4,-0.33898305084746244,-4.545454545454553,-5.1612903225806495,-14.534883720930234,-13.274336283185841,0.34129692832763775,-40.60606060606061,-59.81797490696906,-59.692435343433125,-60.197737504694835,3.8345592925357943,3.498234590827554
MEGHNAINS,Meghna Insurance PLC,37.2,-0.5347593582887586,-9.268292682926822,-1.0638297872340388,14.814814814814829,20.000000000000007,32.38434163701068,35.27272727272728,238.18181818181822,238.18181818181822,238.18181818181822,4.3960598306427725,4.503038112365143
MEGHNALIFE,Meghna Life Insurance PLC,54.2,-0.73260073260073,-9.51585976627712,-11.147540983606554,-3.3868092691622076,-1.4545454545454495,6.692913385826783,-12.580645161290319,-26.982960889652567,43.43587774005736,-16.780872060719112,4.166971629849736,3.904085727240039
MEGHNAPET,Meghna Pet Industries Ltd.,84.6,0.3558718861209931,-0.35335689045937735,-11.875000000000005,19.15492957746478,221.67300380228136,288.07339449541286,181.063122923588,191.72413793103445,1144.1176470588236,1221.8749999999998,4.517457824929124,5.6886480016743155
MERCANBANK,Mercantile Bank PLC,7.0,0.0,-2.7777777777777803,-6.666666666666667,1.4492753623188352,-21.348314606741575,-5.40540540540541,-24.731182795698928,-56.46341476263237,9.310477099725205,-32.34256762339344,2.841046277665999,2.466383749265975
MERCINS,Mercantile Islami Insurance PLC,41.6,0.0,-6.3063063063063005,0.0,42.46575342465754,65.73705179282868,63.137254901960794,50.724637681159415,-23.10536044362292,288.78504672897196,50.78317198168064,4.179118154537026,4.483200836170612
METROSPIN,Metro Spinning Ltd.,9.7,1.041666666666663,-6.7307692307692415,4.301075268817189,4.301075268817189,8.988764044943807,14.117647058823522,-6.7307692307692415,-69.32228907993223,33.18846145188904,-35.45482237513466,3.874586947858878,4.669627728640371
MHSML,Mozaffar Hossain Spinning Mills Ltd.,19.9,-1.4851485148514887,-8.71559633027524,-8.71559633027524,-16.38655462184875,-0.5000000000000071,47.4074074074074,20.6060606060606,-16.736401673640167,34.003263728273936,-19.57710401744968,4.612292720829306,3.3862281283664486
MIDASFIN,MIDAS Financing PLC,5.5,-1.7857142857142794,-6.7796610169491585,-8.333333333333334,-1.7857142857142796,-17.910447761194032,22.22222222222222,-9.836065573770487,-72.62560107859034,-60.11915104079292,-77.64371468620733,4.664198374724693,4.601391692064583
MIDLANDBNK,Midland Bank PLC,17.7,1.1428571428571388,-3.804347826086953,-5.8510638297872415,19.594594594594586,-1.117318435754186,3.5087719298245488,-6.349206349206346,102.56666591717,102.56666591717,102.56666591717,2.260976734746595,2.951252836095009
MIRACLEIND,Miracle Industries Limited,28.5,-1.041666666666669,-5.0,-1.7241379310344827,2.888086642599281,-11.490683229813673,-10.377358490566039,5.555555555555555,-32.94117647058823,23.307141403833757,209.2311903260297,2.3637283631440567,3.146851983770276
MIRAKHTER,Mir Akhter Hossain Ltd,35.2,-2.2222222222222143,-8.808290155440412,-15.587529976019184,-21.603563474387517,18.918918918918923,27.536231884057973,21.799307958477524,-62.94736842105263,-56.54320987654321,-56.54320987654321,3.8402154103455652,3.316340254313023
MITHUNKNIT,Mithun Knitting & Dyeing (CEPZ) Ltd.,14.5,3.571428571428571,-13.690476190476193,-2.684563758389264,-8.805031446540882,-13.173652694610775,-0.6849315068493127,-21.62162162162162,-34.68468468468468,-74.56140340612497,-72.22646631080295,6.23168403043655,6.301572391975214
MJLBD,MJL Bangladesh PLC,92.2,2.3307436182020074,-0.8602150537634378,-2.1231422505307855,3.479236812570156,0.0,2.4444444444444478,-6.109979633401222,-3.2528856243441706,-12.70513955144993,61.99027754277939,1.6775620685744344,1.37989810673661
MLDYEING,M.L. Dyeing & Textile Ind. PLC,12.9,0.7812499999999972,-13.999999999999998,-21.341463414634138,35.789473684210535,43.33333333333334,53.57142857142857,31.63265306122448,-61.26126126126126,86.92100078918047,86.92100078918047,9.215346432848039,8.143532283003148
MONNOAGML,Monno Agro & General Machinery Ltd.,328.3,0.030469226081664455,-5.1430222479052325,-6.732954545454543,-5.416306539902048,-5.389048991354463,-11.150202976995939,-18.53598014888337,-9.345967240739819,768.1516656443272,2539.9933702151266,2.284172512586013,2.064834518183344
MONNOCERA,Monno Ceramic Industries Limited.,86.7,0.0,-5.245901639344259,-9.404388714733543,-10.71060762100926,-3.1284916201117285,5.990220048899762,-4.725274725274722,-36.25,223.14196910400054,406.2557515207923,3.2534991475838457,2.463277986143299
MONNOFABR,Monno Fabrics Ltd.,21.2,-0.9345794392523332,-6.194690265486735,-4.932735426008975,-9.4017094017094,-11.297071129707112,-0.9345794392523332,19.101123595505612,-10.169491525423737,-10.169491525423737,-10.169491525423737,3.7112351528526,3.9747088727126507
MONOSPOOL,Monospool Bangladesh PLC,106.7,0.4708097928436911,-6.321334503950836,-12.540983606557376,3.5922330097087407,6.9138276553106275,12.671594508975712,-1.441767363947783,-22.51693486664394,123.0999990974591,123.0999990974591,2.8184432384906866,2.4732361132032845
MPETROLEUM,Meghna Petroleum PLC,209.4,0.19138755980861516,-1.458823529411762,-2.149532710280371,3.714710252600297,3.509639149777555,8.66632070576026,0.6246996636232636,3.152709359605914,16.52754590984976,46.713375649464965,0.8017525875766651,0.8620143033291852
MTB,Mutual Trust Bank PLC,13.4,0.0,-0.7407407407407381,-1.4705882352941124,27.186441109106582,23.595294855147465,36.65821227236985,33.40444533617906,5.03627154465103,131.4073785931593,175.8806499461527,2.6888282065029867,2.2690097261870177
NAHEEACP,Nahee Aluminum Composite Panel PLC,32.9,0.9202453987729974,-7.584269662921356,-10.354223433242518,5.1118210862619735,44.298245614035075,77.83783783783782,54.4600938967136,-35.86744639376218,-47.799473186730154,-47.799473186730154,3.9884122200357215,3.503506296047543
NATLIFEINS,National Life Insurance PLC,97.4,-0.30706243602865624,-5.252918287937734,-4.509803921568622,-1.1167512690355272,-6.525911708253356,3.837953091684444,-14.561403508771926,-57.280701754385966,-21.456402909830985,-28.298539860187816,2.2397253470079432,2.320615507974987
NAVANACNG,Navana CNG Limited,20.7,0.0,-5.479452054794518,-7.589285714285713,-0.9569377990430589,-1.428571428571432,-2.8169014084507107,-4.166666666666676,-45.4025116887677,-51.02628730320954,-64.88961506912158,2.5909109064689932,2.3521215285273422
NAVANAPHAR,Navana Pharmaceuticals PLC,66.8,1.2121212121212077,-1.908957415565341,-6.179775280898884,-5.248226950354614,9.150326797385611,27.48091603053435,15.570934256055365,153.03030303030303,153.03030303030303,153.03030303030303,2.6283173212588506,2.51080266267909
NBL,National Bank PLC,3.5,0.0,-5.40540540540541,-10.256410256410255,-12.5,-28.571428571428577,9.374999999999995,-2.7777777777777803,-59.77011494252873,-36.61359925201005,-67.19753777895657,3.984126984126987,3.539620471951295
NCCBANK,National Credit and Commerce Bank PLC,14.9,-0.6666666666666643,-3.2467532467532467,-4.487179487179483,0.0,19.200054736665145,27.016451811888153,27.016451811888153,6.425407781288841,111.76420570750498,35.258288014915344,1.7666033932154566,1.9197543794270255
NCCBLMF1,NCCBL Mutual Fund-1 2012- Dividend Units,6.4,1.5873015873015959,-7.246376811594202,-12.328767123287664,42.22222222222223,48.8372093023256,60.00000000000001,33.33333333333335,-26.436781609195393,3.225806451612906,-46.666666666666664,5.734767025089603,6.328138293742939
NEWLINE,New Line Clothings Ltd.,6.1,1.6666666666666607,-4.687500000000011,5.172413793103446,10.909090909090903,17.307692307692296,52.49999999999999,0.0,-80.7570977917981,-75.55638497416346,-75.55638497416346,5.85669274228596,6.768849616893573
NFML,National Feed Mill Ltd,16.3,-1.8072289156626546,-14.21052631578947,-19.704433497536947,-2.9761904761904763,0.0,15.602836879432633,61.3861386138614,-50.11212121711,14.12680080749011,-41.56402788792167,6.10844692902506,4.652427971873581
NHFIL,National Housing Finance PLC,27.0,1.1235955056179803,-8.163265306122444,-15.360501567398117,12.033195020746883,8.0,20.0,13.924050632911396,-55.068078712868,-1.0000002078999946,-11.588917491365795,3.7854243128148823,3.387846561121921
NITOLINS,Nitol Insurance PLC,47.6,3.2537960954446854,-1.2448132780083017,34.4632768361582,58.66666666666667,56.57894736842106,69.3950177935943,74.35897435897435,-15.288135381440677,206.5916024190384,99.82384730244094,4.1633116791889,5.810698171490198
NORTHERN,Northern Jute Manufacturing Co. Ltd.,106.3,-1.8467220683287167,-6.754385964912283,-12.510288065843623,-5.76241134751773,-3.3636363636363664,24.6189917936694,-5.511111111111113,-64.34082522643408,-63.554285568502856,608.6666713911111,6.428031490144631,4.705989839046555
NORTHRNINS,Northern Islami Insurance PLC,38.6,-0.5154639175257623,-8.095238095238093,2.6595744680851063,11.96132624675415,32.88524621097878,45.79136727095324,27.053291874593413,-33.0082643011439,199.21476557459522,26.267255632451565,5.394619131753005,5.077075620129313
NPOLYMER,National Polymer Industries PLC,31.7,0.6349206349206327,-6.489675516224187,-11.204481792717095,-0.9375000000000022,11.228070175438594,19.17293233082706,2.9220779220779174,-53.99129172714078,-32.46273962687362,119.64967339115596,3.4969540644350876,3.441521152755292
NRBBANK,NRB Bank PLC,6.6,1.538461538461533,-5.71428571428572,1.538461538461533,15.789473684210515,-5.71428571428572,8.196721311475411,-21.428571428571434,-26.66666666666667,-26.66666666666667,-26.66666666666667,3.0490902132693205,4.109007441960642
NRBCBANK,NRBC Bank PLC,8.9,0.0,-15.238095238095235,11.250000000000004,20.27027027027027,34.84848484848486,74.50980392156865,28.98550724637681,-63.37715213188202,-30.01373754054916,-30.01373754054916,4.8563801508930275,5.014732616995082
NTC,National Tea Company Limited,161.7,1.2523481527864748,-1.8810679611650623,-7.441327990841443,3.720333547145595,-5.988372093023262,-6.962025316455708,-18.784530386740336,-68.98734177215191,-70.33571821684095,-78.99999999999999,2.8366487696018217,3.3244394977207166
NTLTUBES,National Tubes Limited,65.2,0.0,-2.9761904761904763,-7.122507122507122,7.413509060955518,1.3996889580093401,4.320000000000005,-22.28843861740167,-40.347666971637686,-37.19781604022091,176.6936811605351,3.0560793676354834,2.7347602208414212
NURANI,Nurani Dyeing & Sweater Ltd.,3.3,0.0,-13.157894736842106,9.999999999999995,9.999999999999995,22.222222222222207,64.99999999999999,37.49999999999999,-70.79646017699115,-80.49818804055565,-80.49818804055565,9.719924812030074,7.443031599014534
OAL,Olympic Accessories Ltd,6.6,-1.4925373134328437,-5.71428571428572,0.0,8.196721311475411,6.451612903225797,15.789473684210515,-5.71428571428572,-59.75609756097561,-61.279999964893875,-72.65593598508019,2.0810386569824706,3.4359738470728254
OIMEX,Oimex Electrode Ltd.,15.6,0.6451612903225784,0.6451612903225784,-3.105590062111812,6.8493150684931505,18.181818181818183,1.9607843137254832,-31.877729257641917,-42.64705882352941,-68.71398158900324,-68.71398158900324,2.588683825937548,2.7983167923836096
OLYMPIC,Olympic Industries PLC.,145.6,0.34458993797381116,-2.1505376344086136,-3.894389438943898,1.7470300489168415,-9.000000000000004,5.813953488372094,-12.970711297071139,-19.823788546255507,-50.055537282071896,97.05263285608547,2.0664373902874127,1.8539987480242246
ONEBANKPLC,One Bank PLC,8.0,1.265822784810122,-2.439024390243894,1.265822784810122,8.108108108108103,-2.439024390243894,14.285714285714286,2.5641025641025665,-12.842104870488646,-12.842104870488646,-12.842104870488646,2.259728082512889,2.344246705006195
ORIONINFU,Orion Infusion Ltd.,227.6,-0.13163668275559956,-7.102040816326532,-21.354526606772627,-25.983739837398378,-38.91572732152443,-33.078506321670105,-57.0566037735849,157.17514124293785,217.43375174337515,394.7826086956522,4.157943836882478,3.6600705008034877
ORIONPHARM,Orion Pharma Ltd.,26.6,-0.7462686567164152,-4.999999999999995,-7.638888888888887,3.5019455252918372,-14.19354838709677,-2.2058823529411686,-18.902439024390233,-62.58790436005625,-29.25531914893617,-61.07317057599999,2.7558770531962464,2.3859206143676777
PADMALIFE,Padma Islami Life Insurance Ltd.,16.8,-0.5917159763313483,-3.4482758620689538,-6.1452513966480335,-6.1452513966480335,-3.999999999999996,0.5988023952095893,-12.041884816753928,-59.51807228915663,-10.399999665493336,-65.71212599807512,4.217026086545796,3.6062119992645267
PADMAOIL,Padma Oil PLC,194.3,-0.05144032921810407,-1.9677093844601299,-3.5732009925558255,10.397727272727279,6.8756875687568755,14.631268436578177,-2.0171457387796266,-14.40528634361233,4.970286331712598,14.294117532764718,1.2213668385220795,0.8957691762167427
PARAMOUNT,Paramount Insurance PLC.,60.1,-1.1513157894736772,-11.617647058823527,-0.6611570247933861,20.200000000000003,9.872029250457036,38.16091954022989,33.55555555555556,-34.10087719298245,827.4122774151896,356.6966262186448,4.072259991693087,4.418324468213961
PDL,Pacific Denims Ltd.,5.6,0.0,-8.196721311475411,1.8181818181818117,5.660377358490563,19.148936170212753,21.73913043478261,-5.084745762711876,-65.7212121351314,-71.57409278450629,-71.57409278450629,3.8985865918715303,4.752389517948947
PENINSULA,The Peninsula Chittagong PLC,22.0,-0.4524886877828118,-3.9301310043668063,-10.204081632653061,0.0,-2.654867256637174,20.218579234972673,101.8348623853211,-7.949790794979074,47.651006711409394,-39.210526163815786,3.764391642679558,3.0934578917648428
PEOPLESINS,Peoples Insurance PLC,62.8,0.31948881789136696,-6.962962962962967,14.389799635701273,24.356435643564353,51.690821256038646,73.00275482093664,81.50289017341039,12.142857142857139,339.16083916083915,137.87878787878788,3.2931521862880864,4.396042148001178
PF1STMF,Phoenix Finance 1st Mutual Fund Units,14.1,-0.7042253521126736,-1.398601398601406,11.023622047244098,83.11688311688312,176.47058823529412,182.0,187.7551020408163,40.99999999999999,199.99999999999997,78.48101265822783,2.8291831366449314,4.1496466235372305
PHARMAID,Pharma Aids Limited.,591.3,0.6468085106382901,-2.906403940886707,-5.3920000000000075,0.7153806847215008,3.73684210526315,19.939148073022306,-6.4546748932131095,31.986607142857135,97.1,322.0556745182013,2.667046724390791,2.532885845253142
PHENIXINS,Phoenix Insurance PLC,50.3,-0.7889546351084924,-7.536764705882355,13.033707865168534,22.087378640776684,61.217948717948715,87.68656716417908,86.98884758364312,-22.61538461538462,167.55319148936167,12.276785714285715,4.920854819534704,4.645929593428338
PHOENIXFIN,Phoenix Finance and Investments Ltd.,3.9,8.333333333333329,-2.500000000000002,0.0,5.405405405405397,-9.302325581395348,62.5,44.44444444444443,-88.07339449541286,-70.74400010640183,-85.7057932852217,6.561561561561556,7.965220092761367
PHPMF1,PHP First Mutual Fund Units 2010-,3.6,0.0,-2.702702702702705,-9.999999999999998,16.129032258064516,28.571428571428584,50.00000000000001,12.499999999999996,-50.68493150684932,-6.7200005082723555,-35.536857591345644,5.048477048477046,5.793847858857944
PIONEERINS,Pioneer Insurance PLC,67.2,-0.5917159763313483,-8.321964529331506,1.2048192771084294,11.627906976744185,31.152416684758364,46.694387045111334,56.10619508053098,-44.785365634079355,182.7964677495727,67.70600035470868,3.5262412066353734,3.4983396654178085
PLFSL,Peoples Leasing and Financial Services Ltd.,1.8,0.0,-24.999999999999996,0.0,-5.2631578947368345,5.882352941176476,239.62264150943395,5.882352941176476,-40.0,-73.52941176470588,-93.86996904575143,11.883040935672513,11.3924232008481
POPULAR1MF,Popular Life First Mutual Fund Units 2010-,3.5,-2.77777777777778,-2.7777777777777803,-16.666666666666668,16.666666666666668,25.000000000000007,45.83333333333334,6.060606060606066,-52.054794520547944,-3.4206115288223327,-33.320531510425894,5.619047619047617,6.211687029729004
POPULARLIF,Popular Life Insurance Co. Ltd.,60.6,1.0000000000000024,-2.25806451612903,1.1686143572621084,12.222222222222225,14.772727272727282,42.58823529411765,26.513569937369525,-38.16326530612245,-14.647887323943658,-45.61538428907692,3.712926612351106,3.601115331632448
POWERGRID,Power Grid Co. of Bangladesh Ltd.,37.3,0.26881720430106,-4.358974358974367,-3.116883116883124,12.688821752265847,17.66561514195583,38.661710037174714,11.676646706586823,-35.6896551724138,-35.243055555555564,-31.307550644567222,2.8117919306176904,3.0448654364712024
PRAGATIINS,Pragati Insurance PLC,77.0,-0.12970168612191224,-8.00477897252091,3.913630229419711,7.39191073919107,2.999999618900006,10.305980121959882,39.87654269995625,0.784481693672188,378.6073000953355,93.60057634559692,3.3433239350612745,3.9291534222621323
PRAGATILIF,Pragati Life Insurance PLC,150.3,-0.7265521796565352,-7.7914110429447785,-9.403254972875223,-8.404432227350545,-31.65357592644969,11.860622349261883,5.912876256140329,63.631931981259044,188.84016215781887,126.95615799121951,4.096786989781882,3.616844533087798
PREMIERBAN,The Premier Bank PLC,5.7,0.0,-3.3898305084745792,11.764705882352953,39.02439024390246,1.7857142857142954,42.50000000000001,-16.17647058823529,-54.76342295169336,47.25014082021801,-22.049456862633022,2.788868723532973,3.758894649113247
PREMIERCEM,Premier Cement Mills PLC,48.0,-0.4149377593361055,-1.0309278350515463,-5.511811023622042,15.107913669064741,20.906801007556666,22.44897959183673,0.208768267223385,-41.81818181818182,-52.848722986247544,-54.285714285714285,5.205402173351584,3.311618595255112
PREMIERLEA,Premier Leasing & Finance Limited,2.1,0.0,-19.23076923076923,-15.999999999999996,-27.58620689655172,16.666666666666668,288.88888888888886,0.0,-82.92682926829269,-68.48687468876851,-84.50756465407693,8.3592132505176,9.221512327762778
PRIME1ICBA,Prime Bank 1st ICB AMCL Mutual Fund Units,5.8,0.0,-6.451612903225812,-14.705882352941178,28.888888888888882,31.818181818181802,34.883720930232556,18.367346938775498,-29.268292682926823,11.538461538461531,-19.444444444444446,5.965776510241122,6.136016231415462
PRIMEBANK,Prime Bank PLC,29.4,-0.33898305084746244,-2.000000000000005,-3.6065573770491848,0.0,-9.999999761224485,7.187500267968748,9.081272337272901,35.221153651773434,116.18586895096755,3.4770739468217786,1.2898232878129101,1.1466865727815714
PRIMEFIN,Prime Finance and Investment Ltd.,3.2,3.2258064516129057,0.0,-13.513513513513512,-5.882352941176462,-19.999999999999996,190.9090909090909,0.0,-80.60606060606061,-54.92957746478873,-88.22085884945614,4.516129032258064,6.695478897561724
PRIMEINSUR,Prime Islami Insurance PLC,52.8,-2.2222222222222276,-12.582781456953645,13.548387096774189,40.425531914893604,57.142857142857125,76.58862876254182,47.89915966386553,-6.049822064056949,300.0,47.8400003489024,5.580953887011482,6.75921374016393
PRIMELIFE,Prime Life Insurance Company Limited,37.4,0.26809651474531215,-9.223300970873797,-4.347826086956529,-15.000000000000002,1.0810810810810771,13.33333333333333,-10.952380952380954,-47.398030942334735,-34.03880070546738,-58.85999993705581,6.6470410098342105,4.739001780264574
PRIMETEX,Prime Textile Spining Mills Ltd.,14.9,-5.095541401273879,-11.30952380952381,-11.30952380952381,-26.600985221674875,4.195804195804193,7.97101449275362,11.194029850746269,-43.560606060606055,-26.600985221674875,-26.237623762376234,5.157846846774532,4.095009075369385
PROGRESLIF,Progressive Life Insurance Co. Ltd.,38.2,-0.2610966057441105,-1.7994858611825084,-7.281553398058252,-4.738154613466331,-17.849462365591393,-16.228070175438592,-25.68093385214007,-67.5446049277825,-3.485312034497594,-48.94018066950333,4.637758855302486,5.1308209185630025
PROVATIINS,Provati Insurance PLC,56.3,0.35650623885917243,-7.5533661740558316,-0.17730496453900962,32.783018867924525,75.38940809968845,96.16724738675958,62.24783861671468,-62.89318201113727,610.4822921892171,201.43335974300044,3.461304992789652,4.020565482205973
PTL,Paramount Textile PLC,69.5,1.3119533527696876,3.7313432835820897,10.317460317460318,18.803418803418804,24.329159212880146,34.16988416988418,25.225225225225227,38.4008622796689,583.9750546562253,172.022578365602,2.2950661999853312,2.246723164050402
PUBALIBANK,Pubali Bank PLC,38.5,-1.028277634961436,-4.2288557213930416,3.2171581769437076,14.925373134328359,10.687526398975047,43.284823812110815,52.672450205482825,125.04241006051194,244.559558372161,120.84577825106918,2.3576134504095902,2.628548776697705
PURABIGEN,Purabi General Insurance Co. Ltd.,30.6,1.3245033112582854,-5.263157894736829,0.9900990099009924,2.000000000000005,39.09090909090909,57.73195876288661,66.30434782608697,-34.33750024295124,322.8174737506553,3.3666113817552135,3.409356572776008,3.546791680920541
QUASEMIND,Quasem Industries Limited.,41.8,0.23980815347720458,-3.9080459770115006,-9.130434782608702,-2.7906976744186114,-0.2386634844868769,10.528846031626742,8.443396129225258,1.8970692970704341,-3.3298762786570615,163.0444943078496,2.714848687945085,2.3347294950329505
QUEENSOUTH,Queen South Textile Mills Ltd.,15.3,0.6578947368421146,-9.999999999999996,-12.571428571428568,20.4724409448819,34.21052631578948,28.571428571428577,7.746478873239447,-52.15929222168063,-36.99175573446185,-36.99175573446185,5.002660083711147,6.456431974927821
RAHIMAFOOD,Rahima Food Corporation Ltd.,75.8,-2.9449423815620968,-12.572087658592853,-15.401785714285714,-23.97191574724173,-46.279234585400424,-52.625,-51.71974522292994,-76.31990003124024,32.98245614035088,340.6976744186046,4.671686760114959,3.738715524722615
RAHIMTEXT,Rahim Textile Mills Ltd.,196.7,-0.4050632911392463,-6.2887089090042965,-4.514563106796122,1.8643190056965273,-9.770642201834866,-7.782466010314121,-4.88394584139266,-46.10958904109589,19.374227535260392,387.6979833734752,3.5520515553118885,3.6954969792277
RAKCERAMIC,RAK Ceramics (Baneladesh) Limited,30.9,-1.5923566878980893,2.65780730897009,-0.6430868167202664,27.160493827160483,25.10121457489878,39.189189189189186,43.05555555555554,-33.97435897435897,-31.366346120849208,-23.0226471061646,3.1120436585062996,2.8778686923075725
RANFOUNDRY,Rangpur Foundry Limited,153.9,1.316655694535879,-5.640711220110355,-3.872579637726414,-6.727272727272725,0.5882352941176507,7.697690692792162,-7.844311377245506,14.508928571428571,41.32231404958677,148.2258064516129,3.5018200118305405,2.7236923952792798
RDFOOD,Rangpur Dairy and Food Products Limited,23.5,-2.083333333333333,-9.615384615384615,-13.284132841328416,-26.5625,8.796296296296289,17.5,-8.914728682170544,-48.718220530963784,159.82472151314676,45.2472160833847,4.4548883407750415,3.2032404614647225
RECKITTBEN,Reckitt Benckiser (Bangladesh) PLC,3295.8,-0.030332443581654937,-0.5431830526887561,-0.28440033885996724,-0.12424618927846022,-7.912824811399827,-3.631578947368416,-1.4119054741250319,-26.694839857651242,108.99175649968296,345.9810554803789,0.4338690898785831,0.5331720890668784
REGENTTEX,Regent Textile Mills Ltd.,6.2,0.0,-3.1250000000000027,-1.5873015873015817,19.23076923076923,51.21951219512197,55.00000000000001,106.66666666666667,-59.47712418300654,-39.96647797846665,-75.83650732047002,9.193561614120112,6.752351853262118
RELIANCE1,Reliance Insurance Mutual Fund Reliance One Units,13.7,4.580152671755722,11.3821138211382,12.295081967213115,30.47619047619047,0.7352941176470562,-12.738853503184714,-9.868421052631579,3.0075187969924704,65.0602409638554,50.54945054945055,5.016629335747069,3.9994461015078824
RELIANCINS,Reliance Insurance PLC,108.4,-0.6416131989000813,-8.90756302521008,-1.4545454545454495,18.082788671023977,47.683923705722066,65.74923547400611,69.90595611285268,4.130643611911634,227.16643891948877,124.48332619953004,4.85837547279424,4.457678203637023
RENATA,Renata PLC,462.8,-0.3659849300322903,-1.5319148936170188,-2.4657534246575317,12.685658631604582,0.5431240495329133,18.061224489795922,-4.596990311276027,-61.854649928674796,-30.299497569502158,48.984539215073646,1.1485343401117565,1.224148469095979
RENWICKJA,Renwick Janeswar and Co. (BD) Limited,786.8,2.1685495390208978,-7.424402870925993,-10.590909090909095,53.31254871395166,49.38295044617428,60.96563011456627,13.208633093525174,-28.047553726566075,8.794247787610606,902.2929936305733,5.3405632806052425,6.228457592812838
REPUBLIC,Republic Insurance PLC,39.2,-1.0101010101010066,-7.764705882352935,9.80392156862745,14.956011730205281,16.666666666666668,43.06569343065695,29.37293729372938,-25.869639423929534,431.62542409299357,91.13126017939435,3.974175029036698,4.966442171090577
RINGSHINE,Ring Shine Textiles Ltd.,4.2,2.4390243902439157,-12.499999999999993,7.6923076923077,16.666666666666668,20.000000000000004,31.25,44.82758620689656,-71.81208053691275,-71.72000000282799,-71.72000000282799,7.154981109381962,6.890168497810957
ROBI,Robi Axiata PLc,30.7,-0.3246753246753293,-2.5396825396825418,-5.828220858895712,2.675585284280939,-3.4591194968553505,8.48056537102473,13.703703703703702,-30.227272727272727,104.66666666666667,104.66666666666667,1.3626359204166965,1.4252050438580544
RSRMSTEEL,Ratanpur Steel Re-Rolling Mills Ltd,7.5,2.739726027397263,-5.06329113924051,-3.846153846153844,-5.06329113924051,-2.5974025974025996,11.940298507462684,-21.05263157894737,-77.1341463414634,-77.75921648972185,-83.45285700228585,3.222487000713385,3.03338751406354
RUNNERAUTO,Runner Automobiles PLC,49.3,-4.457364341085279,3.5714285714285623,17.661097852028636,20.537897310513447,43.313953488372086,33.243243243243235,65.43624161073824,-26.417910447761198,-46.79856102094612,-46.79856102094612,6.083322639179562,4.525685791201603
RUPALIBANK,Rupali Bank PLC,17.5,0.5747126436781691,-1.1299435028248548,-2.7777777777777777,9.375,-11.167512690355327,1.1560693641618456,-16.267942583732054,-45.98703173817509,27.874174664819982,-41.63742781562411,2.0729899294778718,2.57795385588019
RUPALIINS,Rupali Insurance Company Ltd.,29.4,-0.6756756756756852,-7.547169811320762,2.083333333333326,10.645161546115151,31.92307725288461,44.25233680922897,34.80349381769511,-33.612903067334024,167.41137666811215,-6.1933040825123955,3.5177077188857586,4.098881768324636
RUPALILIFE,Rupali Life Insurance PLC,77.9,1.3003901170351104,-11.275626423690195,-11.275626423690195,-10.253456221198146,-11.67800453514739,-0.8905852417302655,-13.44444444444444,-1.9037040176118427,190.65188277717348,-22.60605133105201,5.187302976587923,3.254738283499597
SAFKOSPINN,Safko Spinning Mills Limited,20.1,-0.9852216748768439,-0.4950495049504845,0.0,-14.83050847457627,37.671232876712345,45.652173913043484,44.6043165467626,-36.36050157577698,87.4692340602521,1.7918052935585715,2.8902383613848457,4.06507312658047
SAIFPOWER,SAIF Powertec Ltd.,9.4,-2.083333333333326,-5.9999999999999964,-1.0526315789473646,51.61290322580645,42.424242424242436,88.00000000000001,62.06896551724139,-65.99317419188966,-38.61265240972294,-31.614903497858183,4.393880146706259,4.651476147576875
SAIHAMCOT,Saiham Cotton Mills Ltd.,20.5,0.4901960784313796,-9.292035398230095,-2.843601895734604,6.770833333333337,-3.301886792452827,4.59183673469387,12.63736263736264,0.0,57.69230769230769,-20.59859161639556,4.013104906734817,4.6552974959879405
SAIHAMTEX,Saiham Textile Mills Ltd.,32.0,1.265822784810122,5.610561056105609,66.66666666666667,82.85714285714286,42.85714285714287,84.97109826589595,97.53086419753087,26.984126984126988,150.74626928358214,36.53710242730238,3.0911636342424402,5.359485872118841
SALAMCRST,S. Alam Cold Rolled Steels Limited,12.5,0.0,-10.714285714285714,-8.088235294117645,-16.107382550335572,-19.35483870967742,-16.107382550335572,-29.37853107344632,-65.27777777777777,-50.59288537549407,-73.73949579831933,5.156128251636199,4.840328701744745
SALVO,Salvo Organic Industries PLC,33.2,3.105590062111801,-6.478873239436612,-13.315926892950378,-13.089005235602093,5.396825396825406,9.570957095709579,5.396825396825406,-39.19413919413919,215.54310495118588,93.92873976772975,4.2508788750791044,2.96814736010843
SAMATALETH,Samata Leather Complex (Pvt.) Ltd.,93.4,-0.21367521367520156,-8.521057786483828,-8.6105675146771,-12.710280373831772,-5.465587044534404,11.190476190476197,-24.859211584875293,4.826038159371506,242.6906463602573,535.119997967616,4.625548578425913,4.86268042704509
SAMORITA,Samorita Hospital Ltd.,105.5,0.7640878701050594,5.3946053946054,13.68534482758621,51.798561151079134,47.55244755244755,45.116918844566705,42.18328840970349,57.37982759126707,79.93295462066088,168.74673617596787,8.99180845147681,6.0232829293345285
SANDHANINS,Shandhani Life Insurance Co.Ltd,25.6,-7.581227436823097,-9.859154929577455,-6.909090909090904,7.112970711297083,20.187793427230048,32.64248704663213,16.894977168949787,-39.19239904988123,29.802817969082337,-39.87422403540727,2.3507408046307496,2.789625853631618
SAPORTL,Summit Alliance Port Limited,60.4,-0.657894736842103,-0.9836065573770515,15.708812260536389,29.892473118279565,28.510638297872337,43.46793349168645,134.10852713178292,91.1392405063291,52.91723124951107,186.59906515645972,2.0423198466787422,2.64676700546186
SBACBANK,SBAC Bank PLC.,6.9,1.4705882352941255,-1.4285714285714235,2.985074626865674,16.94915254237288,-2.8169014084506943,11.290322580645164,-6.756756756756756,-71.68843745815198,-34.11127262496551,-34.11127262496551,3.209840457922296,4.964875890959934
SEAPEARL,Sea Pearl Beach Resort & Spa Ltd.,36.9,-0.2702702702702741,-4.651162790697685,-6.8181818181818254,2.499999999999996,11.480362537764341,11.818181818181815,-39.00826446280992,-12.142857142857146,53.75000038437501,53.75000038437501,4.573330607736455,3.3192494867670046
SEMLFBSLGF,SEML FBLSL Growth Fund Units,6.7,0.0,-4.285714285714283,-8.219178082191776,24.074074074074066,24.074074074074066,36.73469387755101,36.73469387755101,-47.24409448818897,9.836065573770501,9.836065573770501,4.228855721393039,5.264048779768921
SEMLIBBLSF,SEML IBBL Shariah Fund Units,7.6,0.0,0.0,-7.317073170731704,22.580645161290313,20.634920634920633,31.034482758620687,18.74999999999999,-35.59322033898306,-44.52554744525548,-44.52554744525548,2.126315789473688,2.806003734589476
SHAHJABANK,Shahjalal Islami Bank PLC,17.6,0.5714285714285796,0.5714285714285795,0.0,10.000000000000009,-5.8823529411764595,7.317073170731725,-3.296703296703285,-18.342342652052903,136.70849170773374,8.185782376554863,1.2650398170031472,1.263745837536913
SHARPIND,Sharp Industries PLC,29.7,-10.000000000000002,-21.010638297872347,-15.625000000000009,77.84431137724552,91.61290322580645,130.23255813953486,62.2950819672131,82.2085889570552,82.2085889570552,82.2085889570552,11.235471328350583,8.907287943190926
SHASHADNIM,Shasha Denims PLC,27.0,-0.3690036900369056,-5.5944055944055995,-6.896551724137931,26.16822429906543,44.38502673796792,69.81132075471697,37.75510204081632,-4.929577464788728,-4.084379213899601,-19.111160064637584,4.742352105770371,3.587364218774955
SHEPHERD,Shepherd Industries PLC,14.9,0.6756756756756733,-10.240963855421693,-10.778443113772449,-5.095541401273878,10.370370370370372,11.194029850746269,-15.340909090909095,-17.445946276162164,-58.93394469551319,-58.93394469551319,4.368882493001966,4.264989309154653
SHURWID,Shurwid Industries Ltd,6.0,0.0,-6.250000000000005,0.0,-1.6393442622950762,-10.447761194029853,30.43478260869566,-6.250000000000005,-75.30864197530865,-31.958762977787227,-80.02631586813321,3.6349559180901267,4.377472870070137
SHYAMPSUG,Shyampur Sugar Mills Ltd.,305.4,0.4274909569220501,5.931321540062423,-1.1330527678860474,112.67409470752088,83.97590361445782,100.92105263157893,100.39370078740154,200.88669950738912,1991.780821917808,3717.4999999999995,6.820481690473075,5.4820550904282985
SICL,"Sikder Insurance Co., Ltd.",39.5,-1.0025062656641568,3.1331592689295116,5.614973262032089,6.469002695417785,84.57943925233647,113.51351351351352,80.36529680365298,46.2962962962963,46.2962962962963,46.2962962962963,6.03485618479043,4.645790160886828
SILCOPHL,Silco Pharmaceuticals Ltd.,17.1,-0.5813953488371969,-11.85567010309277,-20.093457943925223,5.555555555555569,14.765100671140948,24.8175182481752,8.227848101265826,-48.80239520958084,-29.813432911769038,-29.813432911769038,5.318551539564222,3.913674207318827
SILVAPHL,Silva Pharmaceuticals Ltd.,13.5,-0.7352941176470562,-12.903225806451612,-20.58823529411765,8.870967741935482,35.0,40.62500000000001,16.37931034482759,-41.810344827586206,-62.69736832779605,-62.69736832779605,7.380491644349194,4.971121980236636
SIMTEX,Simtex Industries PLC,24.7,0.816326530612242,-9.191176470588236,-9.523809523809527,0.816326530612242,3.3472803347280364,9.777777777777775,32.79569892473117,1.2295081967213144,46.771624334775964,-8.317999048510087,3.611144689411054,3.049568642816581
SINGERBD,Singer Bangladesh Limited,73.8,0.0,-1.6000000000000039,-7.750000000000003,-8.32298136645963,-18.81188118811882,-13.176470588235297,-31.41263940520446,-60.61899679829242,-45.33333339002469,-27.274105592368635,2.0618133869516546,1.9856522695639562
SINOBANGLA,Sinobangla Industries Ltd.,51.2,0.1956947162426642,-6.2271062271062245,-10.332749562171626,-5.360443622920515,-3.3962264150943344,11.79039301310045,5.5670103092783565,9.611441127646703,116.0199505056524,181.4906153225248,3.0466016926377097,2.352114812913865
SIPLC,Sena Insurance PLC,137.1,1.330376940133025,-11.089494163424122,26.12695492180312,71.37499999999999,126.9867549668874,157.2232645403377,170.9486166007905,186.82008368200837,186.82008368200837,186.82008368200837,7.007197078935,7.479677827589103
SKTRIMS,SK Trims & Industries Ltd.,13.7,-1.438848920863317,-2.8368794326241162,-4.861111111111119,7.874015748031496,61.17647058823528,67.07317073170732,50.54945054945055,-68.13953488372093,-63.16222229688012,-63.16222229688012,6.016772565075775,4.6302046617582215
SONALIANSH,Sonali Aansh Industries Limited.,210.5,-0.8011310084825582,-4.751131221719457,0.477326968973747,9.692548202188638,20.49227246708644,9.407484407484406,-12.25510629428929,256.855265946175,861.1872146118722,1459.2592592592594,3.529184304629169,3.3414675701908845
SONALILIFE,Sonali Life Insurance PLC,84.6,0.9546539379474906,-2.5345622119815703,0.11834319526626547,13.557046979865763,33.86075949367087,38.91625615763546,22.254335260115592,15.258855585831046,669.090909090909,669.090909090909,2.7418556283046565,3.2997160361697713
SONALIPAPR,Sonali Paper & Board Mills Ltd.,229.0,0.0,-5.761316872427984,-3.9429530201342304,3.1067086897793814,-10.860256909303223,-3.171247357293869,-8.179631114675223,10.795409542241694,51.72774313483014,51.72774313483014,2.5391383001693155,3.0704251479603597
SONARBAINS,Sonar Bangla Insurance Ltd.,37.0,-0.26954177897574505,-8.641975308641975,-2.887139107611552,-12.499999781249999,31.250000328125005,53.55731260499304,38.750000346875005,-52.12147863494264,311.9721296578683,77.75540984837852,3.8256950465890593,4.329698309886975
SONARGAON,Sonargaon Textiles Limited.,106.9,3.0858244937319217,-10.990840965861773,11.354166666666671,137.55555555555557,149.1841491841492,243.7299035369775,176.22739018087853,297.39776951672866,1157.6470588235295,472.6785728602679,6.450435061803193,6.28806310928439
SOUTHEASTB,Southeast Bank PLC,11.3,1.8018018018018116,-3.4188034188034067,5.607476635514033,23.37755094864777,24.649484408862897,32.86813182432921,34.34444433696889,-18.558498922835962,9.534455146578937,-5.042052874783268,3.793959687764994,3.9492933785715945
SPCERAMICS,Shinepukur Ceramics PLC,19.7,0.0,-11.659192825112113,-14.718614718614727,-13.59649122807018,24.68354430379746,34.93150684931506,1.025641025641022,-45.27777777777778,118.88888888888889,-13.199233969228292,4.958771375082081,3.850893779695728
SPCL,Shahjibazar Power Co Ltd,51.5,-0.3868471953578391,-6.871609403254968,-8.525754884547064,-6.021897810218973,0.19455252918288216,8.421052631578947,18.39080459770115,-47.746341379808776,-57.345670296409125,98.33044545270295,2.82049854169513,2.40848803772567
SQUARETEXT,Square Textiles PLC,49.3,0.6122448979591778,-2.5691699604743166,-4.642166344294014,6.941431670281985,-2.1825396825396854,1.6494845360824684,-12.743362831858411,2.2821576763485356,-16.37961495943789,-35.39544921356104,3.2256995173276217,2.349312332954817
SQURPHARMA,Square Pharmaceuticals PLC,217.9,0.0,-0.5022831050228285,-0.9545454545454519,2.44475787494124,-4.0088105726872225,9.497487437185931,-1.714027965719433,-5.260869565217389,14.68078286861161,108.16720035541415,0.49537189711415225,0.7042075916923323
SSSTEEL,S.S. Steel Ltd,6.4,0.0,-8.571428571428566,-13.513513513513512,30.612244897959183,36.17021276595745,56.097560975609774,20.754716981132088,-71.67213126967587,-82.83059220142985,-82.83059220142985,5.0116065817078015,3.877802271723531
STANCERAM,Standard Ceramic Industries Ltd.,70.8,0.28328611898017403,-2.209944751381227,-1.117318435754186,-4.324324324324328,-0.28169014084507443,0.9985734664764664,-20.27027027027027,-69.85951468710091,27.338129496402868,188.9795918367347,4.51643928266839,4.243240475163018
STANDARINS,Standard Insurance PLC,49.1,0.20408163265306412,-7.183364839319466,1.446280991735543,3.5864978902953646,20.343137254901972,25.57544757033248,9.354120267260585,-48.90738813735691,457.2659667285819,88.1163250896603,3.497098739364189,3.7842909073386894
STANDBANKL,Standard Islami Bank PLC,4.7,4.444444444444448,-4.081632653061228,-7.84313725490195,6.818181818181814,-17.543859649122805,-2.083333333333326,-27.692307692307686,-52.01815503972761,-17.741577292759132,-48.11708203060017,3.915458937198077,3.5418878511941814
STYLECRAFT,Stylecraft Limited,55.1,0.1818181818181844,-7.859531772575243,-8.013355592654419,6.165703275529871,5.9615384615384635,16.737288135593218,-35.780885780885775,-70.21621621621621,0.6147918398339001,124.3547575800365,3.052963593742857,2.9276212688636543
SUMITPOWER,Summit Power Ltd.,15.4,-0.6451612903225784,-9.411764705882351,-7.784431137724544,10.000000000000002,9.219858156028373,24.193548387096772,4.76190476190477,-67.78242677824268,-52.02492211838007,-66.45753429367264,3.187297206272538,2.9211395347046327
SUNLIFEINS,Sunlife Insurance Co. Ltd.,52.5,-3.3149171270718183,-14.495114006514656,-22.680412371134025,-23.133235724743773,-2.234636871508385,-0.3795066413662293,-1.5009380863039348,53.50877192982455,209.53757122731466,-43.23700039945485,6.224003523711334,5.943992081284208
TAKAFULINS,Takaful Islami Insurance PLC,50.4,-1.7543859649122782,-8.529945553539024,2.857142857142854,44.412607449856736,49.11242603550297,48.23529411764705,43.99999999999999,-15.294117647058826,353.90008909923654,64.14561629764773,6.218758192351644,4.187762669335924
TALLUSPIN,Tallu Spinning Mills Limited,7.7,0.0,-7.228915662650609,-4.938271604938265,-10.465116279069761,-6.097560975609746,22.22222222222223,35.08771929824561,-36.36363636363636,-46.89655172413793,-66.52173915954631,5.3493748529578315,3.697454632599302
TAMIJTEX,Tamijuddin Textile Mills PLC,125.3,0.8045052292839904,-5.505279034690798,-4.569687738004579,6.186440677966099,0.15987210231814777,-0.5555555555555578,-0.6988473631229287,62.34393387559978,850.5517228268252,850.5517228268252,3.269490057032284,2.657469423905873
TECHNODRUG,Techno Drugs Ltd.,44.3,2.3094688221709005,0.22624434389138984,-5.744680851063836,-2.4229074889867874,40.634920634920626,51.71232876712328,18.133333333333326,67.8030303030303,67.8030303030303,67.8030303030303,4.998561106187485,3.7311460148047657
TILIL,Trust Islami Life Insurance Ltd.,44.5,-0.44742729306488327,-10.821643286573144,-13.926499032882015,-5.720338983050853,-3.470715835141001,0.22522522522522842,-31.432973805855166,304.54545454545456,304.54545454545456,304.54545454545456,4.161863156028857,3.678903692994963
TITASGAS,Titas Gas Transmission and Distribution PLC,17.8,0.5649717514124375,-6.8062827225130915,-11.881188118811874,9.202453987730062,3.4883720930232642,14.10256410256411,-20.179372197309416,-60.61946902654867,-62.60504201680672,-72.10031347962382,2.890771420510071,2.6243584697489504
TOSRIFA,Tosrifa Industries PLC,21.1,1.9323671497584645,-4.954954954954945,-10.212765957446802,9.895833333333346,22.674418604651176,24.117647058823536,5.500000000000007,4.987863636822811,12.979477419285013,-51.40300760751599,3.987755587088313,3.9445152715343244
TRUSTB1MF,Trust Bank 1st Mutual Fund Units,3.5,0.0,-7.894736842105259,-14.634146341463408,16.666666666666668,25.000000000000007,45.83333333333334,0.0,-55.12820512820513,-5.089130837906215,-46.41850043033981,4.477906477906475,5.888010463155
TRUSTBANK,Trust Bank PLC,14.9,0.6756756756756733,-2.6143790849673225,-5.6962025316455716,-0.3503182555357155,-17.222222038271603,-10.086206671767231,-16.78191468557181,-32.61826293373935,58.43657846766406,56.9762055741509,1.7405879563774307,1.663191385839878
TUNGHAI,Tung Hai Knitting & Dyeing Ltd,4.3,-6.52173913043478,-14.000000000000004,43.33333333333332,43.33333333333332,65.38461538461537,168.75,86.95652173913044,-45.569620253164565,-54.07766993412198,-82.65666670181581,12.14939808699399,7.906506726820037
UCB,United Commercial Bank PLC,9.2,0.0,-3.157894736842113,-5.154639175257732,4.545454545454529,-10.67961165048545,-12.380952380952387,-5.154639175257732,-34.3688232791929,-20.40579010779144,-27.450723967884947,2.836060464391462,2.6283529427888674
UNILEVERCL,Unilever Consumer Care Limited,2012.8,-0.21317733379604156,-0.9253790116164577,-1.8385759570836404,-1.4106583072100292,-9.723717258701111,-6.814814814814817,-17.284457960055896,14.485602559544967,102.54591194968553,501.9588785046729,0.4699237094210185,0.5859811152256313
UNIONCAP,Union Capital Limited,4.5,2.2727272727272645,-6.2499999999999964,-8.163265306122456,-2.173913043478253,-11.764705882352935,60.71428571428573,21.621621621621617,-60.869565217391305,-49.4687498073496,-76.20988744959607,4.997838835026618,4.794175761057333
UNIONINS,Union Insurance PLC,48.7,2.7426160337552834,-6.883365200764808,-0.81466395112016,24.23469387755102,36.41456582633053,32.33695652173915,31.621621621621628,342.72727272727275,342.72727272727275,342.72727272727275,5.496333744158597,4.78693186370351
UNIQUEHRL,Unique Hotel & Resorts PLC,42.5,0.23584905660377695,-2.2988505747126435,-3.1890660592255093,10.677083333333337,8.418367346938767,10.966057441253271,2.1634615384615348,-9.188034188034182,-4.063205417607217,-66.4561957379637,3.0001436368688554,2.539365374403795
UNITEDFIN,United Finance PLC,17.1,-0.5813953488371969,-9.999999999999993,-4.999999999999992,39.02439024390244,31.538461538461547,47.4137931034483,35.71428571428573,-36.43122676579925,2.4605983395036497,-26.650072127686435,4.210777503554912,4.287137971185382
UNITEDINS,United Insurance Company Limited,61.6,0.6535947712418277,-8.605341246290807,21.980198019801986,47.72182254196642,37.807606263982095,47.3684210526316,40.00000000000001,-11.87410586552218,210.7866681941832,61.34938147319673,4.477781333870644,6.123953392048555
UPGDCL,United Power Generation & Distribution Co. Ltd.,118.0,1.4617368873602776,-4.684975767366719,-6.349206349206349,-0.16920473773265893,-7.013396375098507,1.636520241171409,-15.107913669064748,-60.0,32.91227093849244,111.54751019705567,2.6385705477327126,2.391346734768245
USMANIAGL,Usmania Glass Sheet Factory Limited,60.9,-1.136363636363641,-4.843750000000002,-9.1044776119403,62.4,52.631578947368425,79.11764705882354,52.25,-13.739376770538238,-32.45175020364672,25.582661482178878,6.1114889270179535,6.262625001539148
UTTARABANK,Uttara Bank PLC,21.0,0.4784688995215379,-0.943396226415091,-1.4084507042253553,0.0,3.3464566929133843,14.62882096069869,24.999999999999996,55.125919269179995,135.57760738456915,62.045071646804736,0.9542036910457998,1.1120753776626517
UTTARAFIN,Uttara Finance and Investments Limited,13.0,0.0,-5.797101449275367,1.5624999999999944,3.1746031746031775,-0.7633587786259515,31.313131313131308,-13.333333333333334,-71.11111111111111,-74.76894633493461,-81.62178699818146,2.139914349216675,2.5121677166054743
VAMLRBBF,Vanguard AML Rupali Bank Balanced Fund Units,8.0,-1.2345679012345634,-2.439024390243894,-2.439024390243894,35.593220338983045,31.147540983606564,40.35087719298245,33.333333333333336,-13.97849462365592,-27.272727272727273,-27.272727272727273,1.9907407407407387,2.725057275560822
VFSTDL,VFS Thread Dyeing Ltd.,13.7,0.7352941176470562,-14.375000000000004,-18.934911242603548,-3.5211267605633805,16.101694915254225,7.0312499999999885,71.24999999999999,-49.169611189774194,-42.16765986049127,-42.16765986049127,6.587224385175634,4.758828640051757
WALTONHIL,Walton Hi-Tech Industries PLC,383.1,-0.2343749999999941,-1.7692307692307634,-0.8283717318146488,5.2472527472527535,-7.619966240655887,0.8157894736842165,-5.576966259980738,-69.97434986982981,11.484126872642864,11.484126872642864,1.0813396667925335,1.2389966519775883
WATACHEM,Wata Chemicals Ltd.,135.6,-1.1661807580174888,-5.5052264808362406,-3.8297872340425574,1.1940298507462643,-9.600000000000003,-4.5070422535211305,1.1185682326621924,-55.97402597402598,23.92474576376429,542.6875002711338,3.4097684762592557,2.997670981609676
WMSHIPYARD,Western Marine Shipyard Limited,9.3,-1.0638297872340388,-6.999999999999993,-6.060606060606057,8.139534883720943,8.139534883720943,13.414634146341482,13.414634146341482,-41.87499999999999,-33.849897209888745,-72.98870805138736,2.957923366133661,3.2770669405216695
YPL,Yeakin Polymer Ltd.,22.9,1.7777777777777715,-0.4347826086956584,-9.486166007905148,-9.486166007905148,36.309523809523796,29.37853107344632,19.270833333333332,44.936708860759474,-8.609794697283448,-8.609794697283448,4.4247717526683035,4.375396434045513
ZAHEENSPIN,Zaheen Spinning PLC,5.4,0.0,-12.90322580645161,0.0,-5.263157894736839,1.8867924528301987,35.00000000000001,-23.94366197183098,-54.23728813559322,-57.558875787403785,-62.05721078541575,6.792499138618673,5.387030134847223
ZAHINTEX,Zahintex Industries Ltd.,8.6,0.0,-7.5268817204301195,-5.4945054945054945,3.614457831325288,36.507936507936506,48.275862068965516,62.26415094339623,-21.100917431192666,-53.97837863236797,-63.74683894408802,4.839153094967047,3.586186965599387
ZEALBANGLA,Zeal Bangla Sugar Milla Limited,187.4,1.1332973556395005,-2.6493506493506462,-10.334928229665069,50.643086816720256,30.138888888888896,31.048951048951054,83.72549019607843,9.590643274853804,809.7087378640776,2054.0229885057474,8.438853284276286,6.9746976727786505
