Symbol,Name,Price,Change %,Perf % 1W,Perf % 1M,Perf % 3M,Perf % 6M,Perf % YTD,Perf % 1Y,Perf % 5Y,Perf % 10Y,Perf % All Time,Volatility 1W,Volatility 1M
1JANATAMF,First Janata Bank Mutual Fund Units,3.5,0.0,-7.894736842105259,-2.7777777777777803,12.90322580645161,9.374999999999995,34.615384615384606,16.666666666666668,-53.333333333333336,-18.380000465886965,-35.62366207921435,3.3968253968254003,5.0346852363659105
1STPRIMFMF,Prime Finance First Mutual Fund 2009 Units,30.6,-4.968944099378886,-15.934065934065929,39.72602739726029,24.897959183673475,71.91011235955055,53.000000000000014,38.46153846153846,50.73891625615764,232.60869565217394,0.0,7.82555044144423,7.232662258232698
AAMRANET,aamra networks ltd,18.7,0.5376344086021391,-2.604166666666667,-6.030150753768841,-9.66183574879227,11.976047904191617,5.05617977528089,-16.888888888888893,-57.66798430988967,-68.96034974460737,-68.96034974460737,3.547706433343187,4.618032483332171
AAMRATECH,Aamra Technologies Limited,16.3,0.0,-1.2121212121212077,-8.42696629213483,-11.413043478260859,26.356589147286826,32.52032520325203,15.602836879432633,-49.918840777712184,-25.64795093263239,-44.56641678648173,2.9524054954250976,5.088594529544734
ABB1STMF,AB Bank 1st Mutual Fund 2011 Units,3.5,0.0,-7.894736842105259,-7.894736842105259,6.060606060606066,2.941176470588238,29.629629629629623,9.374999999999995,-43.54838709677419,-18.47058874940899,-47.791643346063886,4.507936507936507,5.735046625802928
ABBANK,AB Bank PLC,4.2,-2.3255813953488293,-4.545454545454549,-12.499999999999993,-14.285714285714288,-27.58620689655172,2.4390243902439157,-26.31578947368421,-69.18935740221217,-70.40151280235946,-81.74997125338032,3.7430786267995644,4.348017222638047
ACFL,Aman Cotton Fibrous PLC,22.2,1.8348623853210944,-0.8928571428571398,-7.112970711297069,-6.329113924050633,23.33333333333333,23.33333333333333,17.460317460317466,-48.00936768149884,-62.99999999999999,-62.99999999999999,3.9760040672931596,5.970946198770129
ACI,Advanced Chemical Industries PLC,181.4,-0.8743169398907072,-1.4130434782608665,-4.274406332453823,-10.463968410661398,-10.419753086419751,-6.974358974358972,-1.4130434782608665,-29.341774229903184,-26.70476868894419,191.28487809964219,1.8581759545192973,2.2101727080177986
ACIFORMULA,ACI Formulations PLC,148.1,-1.134846461949277,-3.139306736429046,-6.50252525252526,-4.142394822006477,6.6234701223902,14.806201550387593,2.2084195997239395,-7.492563721650302,-6.8274413517849375,114.78591213917473,2.2433790740118154,3.3190649843766473
ACMELAB,ACME Laboratories Ltd.,76.9,-0.9020618556700885,-3.1486146095717884,-3.874999999999993,-8.77817319098457,2.2606382978723443,7.854137447405343,-2.287166454891991,-26.90114068441064,-27.793427230046944,-43.03703703703703,1.4216302231681077,1.59583492882696
ACMEPL,ACME Pesticides Ltd,25.8,1.1764705882352968,1.976284584980237,-3.0075187969924837,6.611570247933891,9.787234042553195,62.264150943396224,57.317073170731724,134.54545454545453,134.54545454545453,134.54545454545453,3.0412557009853005,3.907789581449802
ACTIVEFINE,Active Fine Chemicals Ltd.,5.1,-3.7735849056603805,-10.526315789473694,-19.04761904761905,-27.142857142857146,-29.166666666666675,-5.555555555555569,-39.28571428571429,-83.86075949367088,-81.0571427986906,-82.7043477045662,4.546581958346661,3.856698922233636
ADNTEL,ADN Telecom Ltd.,55.6,-1.0676156583629919,-3.972366148531947,-10.322580645161288,-20.22955523672884,-6.554621848739494,-3.972366148531947,-26.259946949602128,-22.777777777777775,37.283950617283956,37.283950617283956,2.3362543124646677,3.2607684406173827
ADVENT,Advent Pharma Ltd.,13.0,-2.255639097744366,-5.797101449275367,-12.162162162162165,-17.197452229299362,-10.344827586206897,-2.985074626865674,-20.731707317073166,-55.50335585013333,-64.70188022337129,-64.70188022337129,4.647763542500386,4.387523622909387
AFCAGRO,AFC Agro Biotech Ltd.,5.6,-1.75438596491229,-5.084745762711876,-18.840579710144933,-29.113924050632917,-25.333333333333336,11.999999999999993,-29.113924050632917,-84.09090909090908,-82.82666659705741,-75.560199974893,4.59316394434362,4.5686801084262205
AFTABAUTO,Aftab Automobiles Ltd.,25.5,-1.1627906976744213,-6.934306569343061,-10.839160839160842,-17.4757281553398,-11.764705882352938,-25.438596491228076,-32.89473684210526,-22.33770680344859,-44.439228970604084,-62.51499969453473,3.0809900143503124,3.2331859016709084
AGNISYSL,Agni Systems PLC,25.7,-3.7453183520599254,-9.187279151943466,-14.333333333333336,-17.09677419354839,22.966507177033495,23.557692307692303,-3.0188679245283048,4.471544715447146,55.76420272197992,38.66974138670571,3.5146260894042354,4.416754953175465
AGRANINS,Agrani Insurance PLC,27.6,-2.8169014084506943,-5.154639175257731,-8.910891089108908,-2.8169014084506943,28.372093023255818,15.96638655462185,1.4705882352941255,-38.252337850273406,176.69547490626334,67.28919238197848,3.316817682968191,4.2144262824755545
AIBL1STIMF,AIBL 1st ISLAMIC Mutual Fund 2010- Units,5.7,-1.7241379310344769,-10.937500000000002,-4.999999999999997,29.545454545454536,42.50000000000001,67.64705882352942,35.714285714285715,-36.666666666666664,-32.94117647058823,-25.974025974025974,5.0900735973457385,7.130441478949449
AIL,Alif Industries Ltd.,29.4,-1.342281879194638,-8.125000000000004,-18.105849582172702,-13.017751479289938,1.7301038062283738,-27.764127764127775,-48.691099476439796,-49.38967141298391,-73.38169238332107,-73.38169238332107,3.667468531765859,5.233167529846297
AL-HAJTEX,Alhaj Textile Mills Limited,74.5,-4.364569961489096,-4.974489795918374,-14.071510957324108,-26.237623762376238,-37.07770270270271,-45.69970845481049,-54.43425076452599,1.2228261007096224,-1.8222775239278737,221.7564883814382,6.2713839173780555,7.057348179577488
ALARABANK,Al-Arafah Islami Bank PLC,15.0,0.0,-3.846153846153844,-12.790697674418603,-4.458598726114645,0.0,0.0,-11.764705882352942,-37.6057692960192,19.002037489418143,-16.170773152091538,3.1817351313538484,5.321258534340102
ALIF,Alif Manufacturing Company Ltd.,4.9,-1.9999999999999927,-5.769230769230766,-12.499999999999988,-10.909090909090903,-3.921568627450967,22.500000000000007,-12.499999999999988,-76.77725118483413,-50.783543959241584,-70.98368936093827,4.427732631514143,3.9456338609348878
ALLTEX,Alltex Industries Limited,23.0,0.4366812227074298,0.4366812227074298,-5.737704918032781,34.50292397660818,67.88321167883213,71.64179104477611,67.88321167883213,37.7245508982036,11.111111111111114,200.9876532954001,5.3250549324490155,3.8333651387772996
AMANFEED,Aman Feed PLC,28.6,-5.298013245033106,-6.229508196721307,-19.436619718309856,-15.63421828908554,24.347826086956527,24.347826086956527,5.925925925925931,-54.6031746031746,-51.10493141801846,-14.714175112756728,4.176725586600793,4.751795723645288
AMBEEPHA,Ambee Pharmaceuticals PLC,740.8,-0.4434887783900105,-5.001282380097461,-3.1633986928104636,-2.5263157894736903,-3.2519263419093756,2.8888888888888826,-10.639324487334141,43.288201160541576,61.74672489082969,296.326350223399,2.7364357664263785,3.4644276272668124
AMCLPRAN,Agricultural Marketing Co. Ltd.,213.5,0.6600660066006627,-1.065801668211312,-5.8226731363034805,-6.7685589519650655,-1.065801668211312,5.53633217993079,-11.004585243851606,-20.925925925925927,-2.5114155251141552,73.57723577235772,1.310397332478879,1.9916407810474461
ANLIMAYARN,Anlima Yarn Dyeing Ltd.,25.4,-0.7812500000000111,-4.15094339622642,-15.333333333333337,-23.030303030303035,27.638190954773872,22.115384615384603,11.403508771929815,-40.515222482435604,-15.333333333333337,26.999999999999993,4.158368726233585,8.255679067929588
ANWARGALV,Anwar Galvanizing Ltd.,112.2,-2.0942408376963275,-7.34929810074318,6.350710900473936,-3.9383561643835567,21.956521739130437,29.561200923787542,52.653061224489804,-55.02004490326948,215.22134926164674,1288.4749915476586,3.675821127278407,3.6779692849055756
AOL,Associated Oxygen Ltd,18.0,-1.6393442622950858,8.433734939759027,2.857142857142857,0.5586592178771029,9.090909090909092,18.421052631578952,13.207547169811319,-65.72953739526938,38.67199924806495,38.67199924806495,5.285173133506341,4.670930526550275
APEXFOODS,Apex Foods Limited,311.5,19.577735124760075,16.841710427606895,11.25,12.050359712230216,35.43478260869565,26.729048006509352,25.402576489533008,96.6540404040404,90.8700980392157,335.05586592178776,5.877755236424007,5.038159940344294
APEXFOOT,Apex Footwear Ltd.,194.8,-1.6658253407369932,-6.749640976543798,-7.105388650453017,-7.3704232049453156,3.123345685547912,8.644729503625209,1.3738551207327305,15.006226710460531,4.6765379341962845,46.17844709120347,1.9803226175311828,2.346053502292471
APEXSPINN,Apex Spinning and Knitting Mills Ltd.,378.0,0.4784688995215341,5.882352941176471,17.027863777089784,-1.0471204188481675,55.55555555555556,110.0,127.57375075255871,175.51020408163268,200.0,440.0,3.659668268972351,6.215351343480287
APEXTANRY,Apex Tannery Limited.,90.6,-2.2653721682847987,-3.1016042780748725,-12.884615384615389,-12.54826254826255,17.662337662337656,52.01342281879193,18.586387434554958,-28.605200945626482,-37.47412008281574,23.93980848153215,5.181229875855613,5.666580037227192
APOLOISPAT,Appollo Ispat Complex Ltd.,2.6,-3.703703703703707,-7.1428571428571335,-16.129032258064516,-18.75,-31.578947368421048,52.941176470588246,-7.1428571428571335,-76.78571428571429,-80.36133344240649,-89.32580708361914,6.103703703703692,5.441751157678912
ARAMIT,Aramit Limited,171.3,0.058411214953284316,-1.4384349827387801,-16.60175267770204,-16.152716593245227,1.903628792385495,-5.723720418271864,-22.171740118128117,-60.153524075366356,-58.41223597960669,-19.198113207547166,3.6776695041892955,5.874238868683002
ARAMITCEM,Aramit Cement Limited,10.9,-2.678571428571419,-3.5398230088495604,-12.799999999999997,-9.91735537190082,-6.837606837606828,23.86363636363636,-14.173228346456686,-81.27147766323024,-67.75147928994083,-69.83963877051569,3.810727228442578,6.105652041571907
ARGONDENIM,Argon Denims Ltd.,21.4,-3.603603603603607,1.421800947867285,-11.934156378600832,2.3923444976076556,26.627218934911244,21.590909090909072,2.3923444976076556,-10.387500169143598,13.445950704500662,-44.498750054534526,4.5767078169416715,4.353403493011344
ASIAINS,Asia Insurance PLC,39.4,-3.1941031941032048,-6.855791962174939,-10.250569476082005,-9.839816933638454,-1.7456359102244459,43.272727272727266,40.21352313167259,-52.64423076923077,162.66666666666666,19.221902297307917,3.562692152402895,4.249144668325851
ASIAPACINS,Asia Pacific General Insurance PLC,46.4,-2.109704641350211,-2.7253668763102814,-5.498981670061106,-3.131524008350731,24.064171122994654,46.83544303797468,30.70422535211267,-28.834355828220865,186.41975308641977,36.873156342182895,2.4984582476296247,3.5789426368522457
ASIATICLAB,Asiatic Laboratories Ltd,106.5,-0.7455731593662602,-0.9302325581395349,-3.0937215650591496,-23.655913978494624,25.441696113074197,120.95435684647302,75.45304777594728,85.86387434554975,85.86387434554975,85.86387434554975,3.7875313080719666,5.298486267360902
ATLASBANG,Atlas Bangladesh Limited,79.1,-0.877192982456144,-3.5365853658536657,-5.83333333333334,-2.345679012345686,5.466666666666659,39.506172839506156,23.4009360374415,-32.16123499142367,-15.549117605826924,-29.677986676512557,2.6494445150326396,3.528967076642337
AZIZPIPES,Aziz Pipes Limited.,78.0,2.7667984189723245,-2.2556390977443574,-2.1329987452948593,0.0,56.0,66.66666666666669,55.06958250497019,-46.02076124567474,63.28164679598944,401.6375036638349,4.984628588068174,6.368921719621905
BANGAS,Bangas Limited,118.0,1.6365202411714088,0.5110732538330446,-6.571654790182104,-13.994169096209905,-5.6,-9.509202453987733,-1.6666666666666667,-17.99861014593468,-18.112069004166926,-15.840909384060549,3.3756135733724837,3.758438572604543
BANKASIA,Bank Asia PLC,16.3,0.0,-2.395209580838315,-4.678362573099419,-11.413043478260859,-18.50000032599999,-3.883152595469,-2.8269234917773516,-4.167241864091905,37.634802808418385,40.221947858434284,1.859548730925543,1.4846188961160873
BARKAPOWER,Baraka Power Ltd.,9.6,-1.0309278350515427,-2.040816326530623,-10.280373831775698,14.285714285714276,21.518987341772142,41.1764705882353,9.090909090909078,-68.42105263157893,-58.75043695533228,-57.69195779157737,2.8705025830519943,4.048313153399767
BATASHOE,Bata Shoe Co. (Bangladesh) Ltd.,883.0,-0.11312217194570137,0.7990867579908676,-4.746494066882416,-0.11312217194570136,4.497041420118343,9.812212411391615,0.5694760820045558,-2.4417191470555766,-25.16949152542373,71.45631067961165,1.5074481604552616,1.8512882760165161
BATBC,British American Tobacco Bangladesh Co Ltd,221.0,-0.18066847335140276,-2.0824102791315857,-5.150214592274678,0.2722323049001789,2.7906976744186047,-10.887096774193548,-20.18779342723004,-67.74193548387096,-22.54672742380199,137.35084006638016,1.1951931360725185,1.9211306871417948
BAYLEASING,Bay Leasing and Investment Ltd.,4.0,-2.439024390243894,-6.976744186046508,-20.0,-13.04347826086956,-23.07692307692308,21.212121212121218,-6.976744186046508,-87.79069764389536,-77.39874998079954,-84.75575516384988,6.252451178996841,5.351244728523488
BBS,Bangladesh Building Systems PLC,10.5,-3.6697247706422047,-11.764705882352944,-22.22222222222222,-33.54430379746836,-11.764705882352944,14.130434782608702,-8.695652173913043,-49.51923076923077,-57.63332683203956,-51.57489237273093,4.402006037017475,4.9146981733544015
BBSCABLES,BBS Cables PLC,15.6,-3.105590062111812,-8.23529411764706,-19.170984455958553,-33.61702127659574,-20.000000000000004,2.6315789473684235,-17.894736842105267,-77.48821978347306,-46.034765317440325,-46.034765317440325,3.4635823660596703,4.942148412811372
BDAUTOCA,Bangladesh Autocars Limited,187.7,-3.989769820971873,2.233115468409583,-2.7461139896373115,-7.673389080177089,-10.191387559808616,47.79527559055117,42.19696969696969,17.38586616635396,489.6106573843324,769.4258848999402,5.199755710750553,5.517863631221198
BDCOM,BDCOM Online Ltd.,27.1,-2.1660649819494506,-4.912280701754381,-7.508532423208189,-20.29411764705882,-2.8673835125447926,4.230769230769236,1.9892475476095541,10.658333868181954,49.159075915426456,125.35714748337942,2.460657220021176,3.8420428123366928
BDFINANCE,Bangladesh Finance PLC,10.8,-1.818181818181812,-6.086956521739125,-18.181818181818173,-19.999999999999996,-19.999999999999996,-16.92307692307692,-20.588235294117638,-83.01483685926158,12.163368754829841,-33.52603626606744,2.7277026279781302,3.5296008971930317
BDLAMPS,Bangladesh Lamps PLC,262.4,5.806451612903216,16.986179224253217,16.986179224253217,47.16769489624227,80.9655172413793,95.09293680297397,56.19047619047618,24.233628219197165,54.26813174471735,133.97333314615463,3.7757378887092012,3.407287700666432
BDTHAI,Bangladesh Thai Aluminium Ltd.,13.5,-4.929577464788728,-8.783783783783788,-16.666666666666664,-27.807486631016037,3.8461538461538463,20.535714285714292,6.2992125984252025,-54.08163265306122,-30.243250209002856,-15.263355387279525,4.1377833293056945,5.34076576544774
BDTHAIFOOD,BD Thai Food & Beverage Ltd.,17.8,-5.319148936170213,-11.442786069651744,-29.36507936507936,-27.3469387755102,-2.19780219780219,23.611111111111114,17.880794701986762,47.10743801652894,47.10743801652894,47.10743801652894,4.963677448530665,5.701619493574669
BDWELDING,Bangladesh Welding Electrodes Ltd.,11.3,-1.7391304347826024,-5.833333333333328,-13.740458015267167,-19.28571428571428,-33.136094674556205,-37.569060773480665,16.49484536082476,-44.059405940594054,3.7545454441700126,-48.56802562133415,2.7905029785992013,4.60193930391357
BEACHHATCH,Beach Hatchery Ltd,24.8,-3.5019455252918235,-11.111111111111104,-19.74110032362459,-26.190476190476193,-19.74110032362459,-47.008547008547005,-54.074074074074076,6.896551724137938,111.965811965812,9.87341797186348,4.197225013285476,4.489098358795928
BEACONPHAR,Beacon Pharmaceuticals PLC,100.7,0.19900497512438092,-0.885826771653535,-4.7303689687795645,-11.898512685914257,1.71717171717172,-3.8204393505253105,-18.52750809061488,-53.80733944954128,430.0,553.8961038961039,3.041795308517667,3.006905516449475
BENGALWTL,Bengal Windsor Thermoplastics PLC,20.4,-2.857142857142864,-6.849315068493151,-15.352697095435696,-21.235521235521237,3.0303030303030196,17.24137931034483,3.5532994923857832,-25.000000000000004,-51.42857147482994,-58.79131894684801,3.3380409946109513,4.596682148830688
BERGERPBL,Berger Paints Bangladesh Ltd.,1456.0,-0.26714158504007746,-0.06863417982155114,-2.39324260910371,2.3190442726633873,4.372759856630824,5.430847212165098,-0.06863417982155114,-20.545702592087313,16.713426853707414,454.6666666666667,0.8442605912944425,1.3584233450297578
BESTHLDNG,Best Holdings PLC,14.2,-2.739726027397263,-5.333333333333338,-2.739726027397263,-4.054054054054063,10.077519379844952,5.18518518518518,-17.919075144508675,-51.70068027210885,-51.70068027210885,-51.70068027210885,4.218019856317726,4.155304115070638
BEXIMCO,Bangladesh Export Import Company Ltd.,19.9,-1.4851485148514887,-4.784688995215311,-13.852813852813865,-30.419580419580427,-81.92552225249771,-81.92552225249771,-81.92552225249771,-85.9103168904263,1.4834258691678213,-49.89130692986891,4.437717308387926,4.871561198202165
BGIC,Bangladesh General Insurance Company PLC,40.7,-2.3980815347721824,-2.398081534772182,-7.709750566893422,-3.0952380952380887,21.856287425149716,31.71521035598707,20.41420118343197,-33.49673202614379,162.58064516129036,30.031948881789145,3.524199953501591,4.916805958290285
BIFC,Bangladesh Industrial Finance Company Ltd.,3.0,-3.2258064516129057,-14.285714285714286,-30.232558139534877,-30.232558139534877,-53.12500000000001,76.47058823529412,-25.0,-58.33333333333333,-63.414634146341456,-85.27360464458728,6.887355528721754,6.625255176722361
BNICL,Bangladesh National Insurance Company Ltd,156.6,-3.8674033149171336,-6.058788242351527,42.234332425068125,36.17391304347825,126.95652173913044,248.0,268.47058823529414,10.281690140845066,923.5294117647057,323.2432432432432,6.445198516299106,7.464392528855609
BPML,Bashundhara Paper Mill Ltd.,25.0,-3.4749034749034693,-7.749077490774913,-9.090909090909092,-12.891986062717768,-12.891986062717768,-3.4749034749034697,-27.953890489913547,-52.65151515151515,-83.87096774193549,-83.87096774193549,3.43170694937995,4.299581752917809
BPPL,Baraka Patenga Power Ltd.,17.9,-2.717391304347826,-4.7872340425532025,-13.106796116504867,-16.744186046511633,21.768707482993193,20.13422818791945,28.776978417266175,-65.51059730250482,-43.8871473354232,-43.8871473354232,2.948805380734129,3.5713561846688093
BRACBANK,BRAC Bank PLC,65.0,0.0,0.9316770186335315,3.8338658146964835,0.7751937984496124,5.57912122238832,18.275344668670225,6.938509051000659,145.48807412987512,279.69551170125357,887.3748089631017,1.423654336487586,1.3740085997620142
BSC,Bangladesh Shipping Corporation,108.0,-0.2770083102493049,-1.36986301369863,-5.759162303664917,-8.474576271186441,0.3717472118959161,-3.829029385574352,-5.346187554776507,104.15879017013233,144.36363714560002,116.2587388321667,1.3395014228366662,2.4272818787467276
BSCPLC,Bangladesh Submarine Cables PLC,142.0,-0.9071877180739785,-4.2481456507080315,-6.208718626155882,-11.083281152160295,1.5010721944245848,10.678098207326569,2.9731689630166747,-36.29430237774787,16.39344262295082,224.4231208590358,1.6190569422745447,1.9361377138625355
BSRMLTD,Bangladesh Steel Re-Rolling Mills Ltd.,93.7,1.0787486515641855,-2.4973985431841745,-6.858846918489057,-11.43667296786389,12.891566265060243,22.80471821756226,6.47727272727273,-20.390824129141887,-35.945197869054944,107.85783270667662,1.9298842316218983,2.351051559638322
BSRMSTEEL,BSRM Steels Limited,83.0,0.48426150121066064,-2.5821596244131486,-9.19037199124727,-5.681818181818182,19.424460431654676,30.708661417322833,22.058823529411764,9.498680738786282,-12.211538549326926,47.48461561276273,2.008612086427036,2.777803976337354
BXPHARMA,Beximco Pharmaceuticals Plc,142.8,-1.1764705882352864,-2.857142857142849,-3.8383838383838307,-4.799999999999993,22.051282051282058,38.64077669902913,21.222410865874377,-43.978030600235385,92.97297279043099,224.9168868291812,2.0588833976590815,2.0236267866118376
CAPITECGBF,CAPITEC GRAMEEN BDT10 (MUTUAL FUND) Units,8.5,-1.1627906976744147,-9.574468085106385,-2.2988505747126355,6.25,26.86567164179104,25.000000000000004,16.438356164383563,-40.97222222222222,-40.97222222222222,-40.97222222222222,4.3862570564487235,5.157090152628532
CAPMIBBLMF,CAPM IBBL Islamic Mutual Fund Units,17.0,0.5917159763313694,4.294478527607358,24.087591240875916,45.29914529914531,100.0,126.66666666666667,91.01123595505618,-10.052910052910047,70.0,70.0,6.600903732913982,6.400682992309482
CENTRALINS,Central Insurance PLC,41.8,-3.0162412993039545,-5.643340857787811,-7.111111111111118,-2.336448598130841,6.905370843989758,2.7027027027026884,3.7220843672456576,-25.35714285714286,202.07827839270067,58.76588853095354,2.5197517454913276,3.1751556107769288
CENTRALPHL,Central Pharmaceuticals Ltd.,8.7,-2.2471910112359668,-5.434782608695652,-18.69158878504673,-16.346153846153857,-7.446808510638309,-1.1363636363636525,-14.705882352941178,-51.93370165745857,-34.980294092843955,-74.57729506322296,3.383785550193915,4.524270244442809
CITYBANK,City Bank PLC,29.7,0.0,0.0,-0.6688963210702318,-5.111821086261985,10.533980242694874,39.97950776358798,32.89883230991574,72.60199310239548,130.1071960958572,192.55110686100568,1.2110080945797295,1.2700637070537806
CITYGENINS,City Insurance PLC,132.7,0.7593014426727411,0.5303030303030217,4.241948153967,24.01869158878504,34.175935288169846,53.056516724336774,91.48629148629148,204.3577981651376,1046.9071402684094,453.52156471921916,2.060452774478703,1.3106218697881789
CLICL,Chartered Life Insurance PLC,46.6,-1.0615711252653928,3.786191536748336,2.643171806167407,-15.732368896925852,-26.959247648902814,-16.487455197132608,-23.606557377049178,323.6363636363636,323.6363636363636,323.6363636363636,4.3813883636633735,5.127025657309603
CNATEX,C & A Textiles Ltd,2.9,0.0,-6.451612903225812,-9.375000000000009,-6.451612903225812,-25.641025641025642,20.833333333333336,-3.333333333333336,-61.84210526315789,-65.32608698290406,-83.06729854199035,6.206896551724143,6.701976519869422
CONFIDCEM,Confidence Cement PLC,58.1,-0.8532423208191127,-4.754098360655735,-9.922480620155037,-14.432989690721655,-4.125412541254125,17.611336032388667,-2.1885521885521837,-60.21413023542081,20.020765187145543,8.345593484171642,1.909302348992997,3.6299031464270666
CONTININS,Continental Insurance PLC,31.3,-3.3950617283950555,-5.438066465256799,-13.055555555555554,-16.31016042780748,22.74509803921569,29.338842975206617,15.07352941176471,-34.269999835674994,130.80843343133148,36.32123131454463,3.766473291041754,4.30310684268547
COPPERTECH,Coppertech Industries Ltd,20.4,-3.31753554502371,-8.520179372197319,-18.725099601593637,-26.61870503597123,1.4925373134328215,7.936507936507937,-6.422018348623864,-49.83606545452835,-21.281499404809427,-21.281499404809427,3.2383927000766697,4.375306511208704
CROWNCEMNT,Crown Cement PLC,57.4,-0.519930675909886,-4.333333333333335,-9.320695102685622,-15.58823529411765,11.240310077519375,22.649572649572654,2.8673835125448055,-31.666666666666668,-26.221079691516707,-28.96039603960396,4.068137908050804,5.1656585634257945
CRYSTALINS,Crystal Insurance Company Ltd,65.7,-2.5222551928783425,-10.245901639344261,0.0,-9.752747252747245,-17.462311557788933,14.260869565217396,15.263157894736846,30.92391291777234,381.7999995182,381.7999995182,4.630590576328549,5.270619966996023
CVOPRL,CVO Petrochemical Refinery PLC,156.5,-1.5723270440251573,-3.2158317872603517,-6.399521531100472,-8.63981319322826,2.622950819672131,6.101694915254237,-13.296398896770286,-23.827433700783637,-27.76923107371124,30.649553033374055,2.719703299939775,3.5692016238951445
DACCADYE,Dacca Dyeing and Manufacturing Company Limited,15.2,-1.2987012987013056,-3.1847133757961785,-10.059171597633133,-13.636363636363647,-12.13872832369943,-21.649484536082472,-26.923076923076927,-40.62500000000001,59.999999999999986,-45.88996769357673,3.9181355707148677,4.550794598628858
DAFODILCOM,Daffodil Computers PLC.,152.6,-3.6616161616161684,-4.445835942391982,-7.007921998781232,-7.459066100667077,64.2626480086114,322.7146814404432,165.3913043478261,112.23922114047286,473.6842105263158,871.9745222929937,3.9482184089707104,3.1555683874441316
DBH,DBH Finance PLC,39.1,-1.5113350125944618,-2.9776674937965155,-6.904761904761902,-7.1258907363420425,4.545454545454553,11.714285714285717,2.356020942408373,-52.02872672174165,-44.58922706252412,14.014020034025727,1.3714275044538,2.548877868400697
DBH1STMF,DBH First Mutual Fund Units,5.3,-3.63636363636364,-11.66666666666667,-1.8518518518518616,10.416666666666668,10.416666666666668,-18.461538461538463,-14.51612903225807,-32.911392405063296,-24.28571428571429,-28.378378378378386,4.765734265734267,5.794834489729519
DELTALIFE,Delta Life Insurance Company Ltd.,69.9,-1.687763713080153,-1.5492957746478793,-8.865710560625812,-15.477629987908099,-2.916666666666659,3.0973451327433756,-14.756097560975604,-62.25701943844492,-29.95991983967935,-97.92364725172881,2.014190366133167,3.0774507083466927
DELTASPINN,Delta Spinners Limited,7.3,-2.6666666666666687,2.8169014084507067,-5.194805194805199,4.285714285714283,23.728813559322024,45.99999999999999,35.18518518518517,-35.39823008849558,5.154761758296338,-53.40633366433325,4.951968870278729,4.480614443289507
DESCO,Dhaka Electric Supply Co. Ltd.,23.4,0.0,3.0837004405286312,1.7391304347826024,-10.687022900763361,-0.4255319148936231,14.146341463414629,0.0,-41.79104477611941,-57.60869565217392,-64.799426846096,3.002414953686463,3.03440519250275
DESHBANDHU,Deshbandhu Polymer Limited,16.2,-3.5714285714285796,-6.358381502890182,-16.062176165803113,-25.000000000000007,-4.142011834319523,-4.705882352941181,-22.48803827751196,-28.000000000000004,57.69911493260239,-25.183131362248414,3.4019263538327786,4.627788829498518
DGIC,Desh General Insurance Company Ltd,40.9,-2.386634844868735,4.871794871794868,23.939393939393938,36.78929765886288,94.76190476190474,107.61421319796955,80.1762114537445,-9.911894273127754,172.66666666666666,172.66666666666666,4.88814629172663,5.251650145827578
DHAKABANK,Dhaka Bank PLC,11.1,-0.8928571428571397,-2.631578947368427,-8.264462809917356,-9.756097560975618,-9.016393442622949,-1.7699115044247882,-3.4782608695652204,-7.999893541786728,4.721925390073649,-13.327945855708542,1.792149292149302,1.824653379307658
DHAKAINS,Dhaka Insurance Limited,43.4,-3.34075723830735,-6.06060606060607,-8.245243128964058,-0.45871559633028175,14.21052631578947,20.555555555555554,15.425531914893611,-43.92764857881138,152.32558139534885,-8.94509811205961,3.4516837711452135,4.0992827521914785
DOMINAGE,Dominage Steel Building Systems Ltd,64.5,-1.9756838905775034,3.2,1.4150943396226392,-18.663303909205545,31.632653061224488,123.18339100346022,235.9375,89.17597812657121,387.619999171046,387.619999171046,4.989265926884722,5.208590928907656
DOREENPWR,Doreen Power Generations & Systems Ltd.,30.9,-2.8301886792452895,0.6514657980456003,-5.504587155963315,-2.5236593059936934,12.36363636363636,9.574468085106382,4.040404040404038,-55.95345426637564,-0.06117614411760501,-22.269803678820377,3.289821026603655,4.100398574337749
DSHGARME,Desh Garments Limited.,151.0,-1.2426422498364982,-0.33003300330033003,-11.592505854800942,-1.3071895424836601,37.27272727272727,29.725085910652915,16.602316602316602,-18.578431453970584,48.723743192978795,1380.1245634016047,3.9752719482471224,5.637450158575894
DSSL,Dragon Sweater & Spinning Ltd.,10.5,-2.7777777777777843,-5.405405405405403,-14.634146341463419,-23.91304347826087,11.702127659574465,23.529411764705884,-2.7777777777777843,-48.77765460950172,82.05999690099206,15.62168430732397,3.53787334161166,4.816279116552219
DULAMIACOT,Dulamia Cotton Spinning Mills Limited,211.7,-1.0285179990649918,0.8575512148642129,10.895756940806695,8.564102564102559,66.30007855459544,56.81481481481481,43.04054054054053,284.2105263157895,2760.810810810811,2201.0869565217395,6.294703780280824,6.224409156259716
DUTCHBANGL,Dutch-Bangla Bank PLC,45.5,0.0,0.0,1.336302895322943,-0.8714596949891037,15.398551013134066,23.769430361237045,17.672414087284494,-9.74238913924067,112.43853715986819,99.06956025079124,1.638788222146249,2.2614543551107653
EASTERNINS,Eastern Insurance PLC,60.4,-2.7375201288244813,-3.360000000000002,-3.360000000000002,1.0033444816053536,13.962264150943394,20.558882235528937,16.827852998065755,-47.79602420051858,150.6224066390041,65.47945205479452,2.914368711748027,4.203482051401756
EASTLAND,Eastland Insurance PLC,26.6,-3.2727272727272676,-4.999999999999995,-9.523809523809515,-1.115241635687722,29.756097560975615,42.245989304812845,24.882629107981224,-36.05769230769231,64.7118625664232,-25.126351863807724,2.132732216003001,3.2158238031152604
EASTRNLUB,Eastern Lubricants Blenders PLC,1877.4,-0.46126928582788923,-5.181818181818177,-2.218749999999995,-0.08515167642362476,19.200000000000006,13.028296207104159,10.478618513907415,56.89531477691201,219.26993782236536,1461.762112453096,2.573224503275341,2.756559703207127
EBL,Eastern Bank PLC,22.8,0.0,-0.4366812227074143,-4.602510460251037,-7.692307692307687,-12.373134645842116,-3.7540987330169235,-4.923077262967292,-10.68215769886234,62.87027997392555,72.48271836637443,1.144215163459311,2.0183079657499006
EBL1STMF,EBL First Mutual Fund Units,4.5,2.2727272727272645,-6.2499999999999964,4.651162790697679,7.142857142857138,21.621621621621617,45.16129032258064,9.756097560975618,-40.0,2.8076917699289887,-34.36800233008177,4.497676461276058,6.409783090515637
EBLNRBMF,EBL NRB Mutual Fund,3.4,-2.85714285714286,-8.108108108108116,-5.555555555555561,9.677419354838703,9.677419354838703,47.82608695652175,6.249999999999991,-50.72463768115943,-23.042307785544896,-50.511073454437025,5.1764705882353,5.528273935836961
ECABLES,Eastern Cables Ltd.,116.0,-2.602854743912674,-3.4138218151540336,-15.881073241479335,-17.142857142857142,-8.372827804107422,3.47903657448707,-13.432835820895523,-20.54794520547945,-13.783783953303503,179.6015930579402,4.607789421091817,4.925135868965287
EGEN,eGeneration PLC,21.5,-3.1531531531531503,-5.7017543859649145,-13.654618473895578,-20.955882352941174,0.4672897196261749,8.585858585858583,-17.624521072796938,-65.3225806451613,43.333333333333336,43.333333333333336,2.2721415473985864,3.9872258794433613
EHL,Eastern Housing Ltd.,82.7,1.100244498777513,-0.12077294685989652,-8.920704845814972,-12.208067940552016,8.104575163398696,12.978142076502731,-2.705882352941173,31.061806656101428,132.8016091283255,111.54698479520731,2.4602352911564385,3.509035918134662
EIL,Express Insurance Ltd.,32.5,-2.6946107784431095,2.201257861635218,-2.402402402402394,0.9316770186335315,19.485294117647065,15.248226950354612,4.838709677419355,-9.722222222222221,116.66666666666667,116.66666666666667,3.5550793672240695,3.604562688978745
EMERALDOIL,Emerald Oil Industries Ltd.,27.0,1.8867924528301887,-6.574394463667815,-6.896551724137931,22.727272727272727,74.19354838709677,87.5,61.67664670658683,-26.027397260273972,-25.563909850924304,-37.1730770523554,3.4669754569020945,5.261564439887028
ENVOYTEX,Envoy Textiles Ltd.,71.5,-1.6506189821182984,2.142857142857143,12.954186413902057,22.0136518771331,44.73684210526316,47.422680412371136,15.695792880258905,52.45202558635395,100.18729607415369,59.571261274941534,2.6508132183677455,5.395476348583612
EPGL,Energypac Power Generation PLC,15.6,-2.500000000000002,-7.692307692307686,-16.57754010695187,-23.529411764705877,-7.1428571428571495,0.0,-20.000000000000004,-70.78651685393258,-66.45161290322581,-66.45161290322581,3.3653409872955926,3.781205189902639
ESQUIRENIT,Esquire Knit Composite PLC,22.9,-2.9661016949152663,-2.1367521367521367,-14.232209737827718,-11.24031007751939,12.807881773399004,11.165048543689306,-15.808823529411768,-44.14634146341464,-51.58562367864694,-51.58562367864694,2.598773036524933,4.728788735524651
ETL,Evince Textiles Ltd.,15.0,-3.225806451612903,2.739726027397263,7.142857142857143,4.89510489510489,57.89473684210526,50.0,44.230769230769226,11.11111111111111,10.478261350866163,14.91959853313254,4.593467934064654,5.099804497052374
EXIM1STMF,EXIM Bank 1st Mutual Fund 2013- Units,6.2,1.6393442622950907,-10.144927536231886,-4.615384615384612,72.22222222222221,77.14285714285714,121.42857142857146,55.00000000000001,-8.823529411764701,1.832876977233744,-20.47236602892148,4.799554384595375,6.765388817516651
FAMILYTEX,Familytex (BD) Ltd.,2.2,-4.347826086956506,-4.347826086956506,-15.384615384615381,-11.999999999999993,-38.888888888888886,69.23076923076924,15.789473684210542,-60.71428571428571,-70.72672391503775,-93.2818884454254,8.18181818181817,6.91949135625025
FARCHEM,FAR Chemical & Textile Ind. PLC,15.3,-1.2903225806451568,-3.1645569620253164,-10.526315789473687,-21.13402061855669,-7.272727272727268,5.51724137931035,-26.794258373205732,2.000000000000005,-2.6407967372199757,-32.11899991854279,4.408466156706185,6.034884988613482
FAREASTLIF,Fareast Islami Life Insurance Company Limited,17.5,0.0,-5.913978494623663,-11.167512690355327,-22.566371681415934,-20.09132420091324,-15.865384615384617,-38.38028169014084,-72.65625,-66.98113194464221,-77.74566467299275,3.1988275507854724,5.516922193680303
FBFIF,First Bangladesh Fixed Income Fund Units,3.4,0.0,-5.555555555555561,-8.108108108108116,6.249999999999991,6.249999999999991,30.769230769230763,6.249999999999991,-41.37931034482759,-36.479365151758444,-54.66980677981142,4.741532976827099,5.148018987209214
FEDERALINS,Federal Insurance PLC,26.6,-2.5641025641025617,-4.316546762589925,-11.036789297658855,-2.91970802919707,31.683168316831697,38.54166666666668,18.22222222222223,-27.3224043715847,169.43722141102938,37.80073415288981,2.3613439154684692,3.5344022420182455
FEKDIL,Far East Knitting & Dyeing Industries PLC.,20.2,-5.607476635514016,-9.00900900900901,-11.790393013100434,-3.3492822966507148,40.27777777777777,42.25352112676057,-1.9417475728155442,11.602209944751367,20.415956486737937,-15.091312813527407,4.600082903203189,5.69020980048581
FINEFOODS,Fine Foods Limited,461.0,-0.8388900838890035,1.0964912280701755,-1.115401115401113,-7.8,-7.596712768089794,21.251972645975805,45.38000630715862,771.4555765595463,5603.408658267979,2890.9061569663963,2.6647612778331444,3.5023485332856916
FIRSTFIN,First Finance Ltd.,4.5,2.2727272727272645,0.0,2.2727272727272645,9.756097560975618,-18.181818181818183,80.0,66.66666666666666,-43.75,-34.87162163253503,-86.78727151660617,3.668545924359873,6.187846558958
FORTUNE,Fortune Shoes Ltd.,13.9,-4.794520547945201,-10.897435897435894,-22.34636871508379,-17.75147928994082,-2.112676056338021,0.0,-12.578616352201257,-82.38534473922441,-47.03562044663276,-47.03562044663276,5.1183385141406115,4.905943767331358
FUWANGCER,Fu-Wang Ceramic Industry Ltd.,11.9,-0.8333333333333304,-6.299212598425188,-19.04761904761904,-24.683544303797472,-3.252032520325206,3.4782608695652204,-11.194029850746269,-48.26086956521739,-2.828834635955402,-21.870897196247988,3.44441771459814,4.555612424741442
FUWANGFOOD,Fu-Wang Foods Limited,9.2,-1.0752688172043163,-4.1666666666666705,-10.67961165048545,-25.203252032520332,-12.380952380952387,-17.857142857142858,-36.55172413793104,-54.0,-12.53428594194648,-44.77654933958768,3.212814645308924,3.6294392906803483
GBBPOWER,GBB POWER Ltd.,13.1,-1.5037593984962485,-2.238805970149259,-7.092198581560284,54.11764705882352,55.95238095238094,104.68749999999997,92.64705882352942,-70.62780269058295,-15.61349674872878,-50.41300941997209,2.7692307692307705,5.200100901084731
GEMINISEA,Gemini Sea Food PLC,105.5,-1.1246485473289622,-3.916211293260471,-9.208261617900174,-11.120471777590566,-7.293497363796131,-22.823701536210674,-39.26309729418537,27.100215450322025,-10.985363570125969,495.4357406651704,2.7512479680829443,4.595471073676373
GENEXIL,Genex Infosys PLC,30.7,-4.658385093167713,-11.527377521613841,-15.890410958904113,-18.783068783068778,18.076923076923073,14.126394052044613,2.333333333333331,-75.58728644748608,-8.247888462183383,-8.247888462183383,3.988624070189811,4.358152714931595
GENNEXT,Generation Next Fashions Ltd.,2.9,0.0,0.0,-9.375000000000009,-3.333333333333336,-23.684210526315788,7.407407407407397,-3.333333333333336,-58.57142857142856,-53.828947474735976,-86.98274201157395,5.689655172413798,6.029035961301978
GHAIL,Golden Harvest Agro Industries Ltd.,11.5,-4.958677685950411,-9.448818897637791,-18.439716312056735,-27.215189873417724,-8.0,7.476635514018699,-8.0,-42.211055276381906,-20.095504521111692,-68.82659287494351,5.074041811846687,4.814178285972246
GHCL,Global Heavy Chemicals Ltd.,19.0,0.0,-5.0,-10.798122065727702,-6.862745098039209,-0.5235602094240912,-4.5226130653266265,-16.299559471365637,-56.12009237875288,-55.294117647058826,-76.96969696969697,3.6633576906660417,5.671488632095681
GLDNJMF,ICB AMCL CMSF GOLDEN JUBILEE MUTUAL FUND,8.7,0.0,-9.375000000000004,3.5714285714285587,24.285714285714278,47.45762711864405,42.62295081967213,22.535211267605632,-20.909090909090914,-20.909090909090914,-20.909090909090914,4.511829832104112,6.177247954032729
GLOBALINS,Global Insurance PLC,42.4,-2.752293577981658,-6.813186813186816,-10.548523206751055,1.1933174224343677,44.21768707482993,66.27450980392156,55.3113553113553,-20.895522388059707,300.90939981133073,79.00886988696976,3.1476064629103844,3.7657336098812566
GOLDENSON,Golden Son Limited,11.1,-5.128205128205125,-9.016393442622949,-23.972602739726028,-35.46511627906977,-10.48387096774194,9.900990099009901,-10.48387096774194,-34.705882352941174,-51.10132158590309,-71.96969696969697,3.315068974298181,4.640905273127812
GP,Grameenphone Ltd.,240.2,-0.24916943521595628,-0.7438016528925667,-2.118989405052982,-7.258687258687263,-0.12474012474012947,-7.615384615384619,-19.50402144772118,-37.57796257796258,-11.691176470588239,39.976689976689975,0.48123436674332937,0.9196008182433025
GPHISPAT,GPH Ispat Limited,15.5,-1.2738853503184668,-4.907975460122704,-12.429378531073443,-19.68911917098446,-3.125,-3.72670807453417,-24.390243902439025,-72.87499997490937,-31.244582671952056,-17.229741918858945,2.1796235562155926,4.347457706455524
GQBALLPEN,G.Q. Ball Pen Industries Limited,590.1,-1.4693604942394314,-1.8626309662398026,4.000704970038782,-4.0487804878048745,-0.4722550177095555,31.807013625195452,7.820208295267691,375.88709677419354,794.0909090909091,335.0096140795866,2.992291472304555,4.902828549090356
GRAMEENS2,Grameen Mutual Fund One - Grameen Two Units,11.9,0.0,-7.751937984496124,-3.252032520325206,-7.751937984496124,-4.799999999999997,9.174311926605505,-5.55555555555555,-29.166666666666668,17.86666685525333,-35.01187221959388,3.64305191349664,3.6903365004010755
GREENDELMF,Green Delta Mutual Fund 2010 Units,4.5,-2.173913043478253,-15.094339622641508,-2.173913043478253,15.384615384615387,28.571428571428573,50.0,28.571428571428573,-43.037974683544306,-35.714285714285715,-37.5,5.169069730322535,6.864124339844198
GREENDELT,Green Delta Insurance PLC,64.9,-2.9895366218236172,-0.1538461538461451,-6.213872832369938,-4.978038067349915,22.452830188679254,21.082089552238813,27.755905511811044,-40.73059360730593,66.49062493548489,24.493832319557654,3.996873940012398,4.48206880376454
GSPFINANCE,GSP Finance Company PLC,3.2,-5.882352941176463,-8.571428571428566,-13.513513513513512,-15.789473684210519,-38.46153846153846,100.0,-3.0303030303030196,-86.76923079569231,-76.5812261855541,-78.00054579408416,6.580882352941179,6.487909557762501
HAKKANIPUL,Hakkani Pulp & Paper Mills PLC,67.9,-2.302158273381287,-4.634831460674153,-10.42216358839049,-16.172839506172835,-19.07032181168057,0.2954209748892213,-10.42216358839049,-16.06922126081582,35.80000000000001,265.0537634408602,2.8397614901546726,4.172643938943556
HAMI,Hami Industries PLC,148.4,-2.815979043876872,6.37992831541219,-7.191994996873046,-1.526211015262099,-12.499999999999995,37.91821561338291,25.762711864406782,-15.15151515151515,-15.15151515151515,-15.15151515151515,4.107936270700999,5.028587922607103
HEIDELBCEM,Heidelberg Materials Bangladesh PLC,204.1,-0.6329113924050689,-2.063339731285994,-3.2701421800947896,-12.628424657534246,-13.516949152542376,-6.761078117862042,-17.70161290322581,-43.758611187655,-62.571061800843566,-22.68939393939394,2.4293650181248556,2.92398249267015
HFL,Hamid Fabrics PLC,11.2,-0.8849557522124019,-9.677419354838719,-24.32432432432433,-24.832214765100677,-14.503816793893133,72.30769230769229,62.31884057971013,-44.827586206896555,-38.46153846153846,-80.43261226560283,9.020113356786458,7.422133141172437
HRTEX,H.R. Textile Mills Ltd.,16.2,-1.219512195121947,-4.142011834319523,-16.062176165803113,-24.65116279069768,-14.285714285714283,-11.47540983606558,-32.50000000000001,-79.03529413861176,-25.750000074250007,-42.60429438680011,2.559514770706691,5.004482436150572
HWAWELLTEX,Hwa Well Textiles (BD)PLC,48.1,3.663793103448282,3.663793103448282,0.20833333333333628,1.050420168067227,16.18357487922706,7.8475336322869955,-2.8282828282828256,2.3404255319148968,44.444444444444464,20.250000000000004,2.737393319904899,3.739525479344951
IBNSINA,BN SINA Pharmaceutical Industry PLC,308.3,-0.8362817626246272,-3.3542319749216265,-1.3124199743917946,-3.3542319749216265,-3.3542319749216265,-2.1269841269841234,0.3254149040026033,13.805832410483587,71.1206422837059,414.68475444851543,1.9429963924257965,1.567124751321914
IBP,Indo-Bangla Pharmaceuticals Ltd.,13.8,-2.8169014084506943,-7.999999999999996,-24.99999999999999,-21.14285714285714,3.7593984962406015,23.214285714285726,7.8125,-36.544643103598936,-47.322916269270394,-47.322916269270394,4.079679730069865,6.172794233279308
ICB,Investment Corporation of Bangladesh,42.3,0.4750593824227927,8.184143222506382,-1.6279069767441927,-9.227467811158808,12.201591511936323,15.890410958904104,-16.403162055335976,-72.54199340675386,-45.15473628512565,-61.32658856116228,5.3420086508775535,4.249010172350083
ICB3RDNRB,ICB AMCL Third NRB Mutual Fund 2010 Units,6.0,0.0,-13.043478260869568,3.448275862068969,17.64705882352942,33.333333333333336,46.341463414634156,33.333333333333336,-13.043478260869568,33.333333333333336,-15.49295774647887,5.216237314597971,5.810949184311908
ICBAGRANI1,ICB AMCL First Agrani Bank Mutual Fund Units,7.8,-1.2658227848101333,-12.359550561797759,-1.2658227848101333,1.298701298701294,16.41791044776119,21.87499999999999,11.428571428571427,-13.333333333333336,-9.302325581395348,-9.302325581395348,5.559226279305536,5.794672814234873
ICBAMCL2ND,ICB AMCL Second Mutual Fund Units,10.0,-0.9900990099009866,-4.761904761904762,35.13513513513512,47.05882352941177,69.4915254237288,78.57142857142858,66.66666666666667,-27.536231884057973,100.0,31.57894736842106,5.49090393733251,7.294475220484132
ICBEPMF1S1,ICB Employees Provident Mutual Fund One Scheme One Units,6.2,0.0,-11.428571428571427,1.639344262295091,-1.5873015873015817,14.814814814814811,82.3529411764706,37.777777777777786,-19.48051948051948,5.0847457627118615,-25.301204819277114,4.743786679270547,6.986793314609093
ICBIBANK,ICB Islamic Bank Limited,2.6,0.0,4.0000000000000036,-3.703703703703707,-7.1428571428571335,-16.129032258064516,8.333333333333341,4.0000000000000036,-52.72727272727273,-33.33333333333333,-65.33333333333334,4.000000000000004,5.700444000444006
ICBSONALI1,ICB AMCL Sonali Bank Ltd 1st Mutual Fund 2013- Units,8.1,6.578947368421052,1.2499999999999956,24.61538461538461,37.288135593220325,72.34042553191487,92.85714285714283,61.999999999999986,-2.40963855421688,34.99999999999999,-32.50000000000001,4.450209439683123,6.463968193405021
ICICL,Islami Commercial Insurance PLC.,37.7,-2.835051546391738,-1.3089005235602094,-0.26455026455024955,22.402597402597408,75.34883720930233,68.30357142857146,68.30357142857146,158.21917808219177,158.21917808219177,158.21917808219177,4.601810777341301,4.392609579986654
IDLC,IDLC Finance PLC.,41.8,-1.182033096926714,-3.240740740740754,-4.347826086956535,-2.336448598130841,8.908188843690604,22.597765669622888,6.271186692846872,-33.164743968941835,5.464180563911542,-11.591176942435808,2.5678382318557564,2.879079621549232
IFADAUTOS,IFAD Autos PLC,23.2,-0.8547008547008517,1.7543859649122744,-2.109704641350211,-13.108614232209739,7.906976744186044,6.912442396313364,-4.132231404958678,-59.06155509657693,-53.055293453119035,31.973306166658602,2.919126412253008,3.4202736844542616
IFIC,IFIC Bank PLC,4.9,2.0833333333333446,2.0833333333333446,2.0833333333333446,0.0,-7.547169811320744,4.255319148936174,-15.517241379310336,-64.50444706723097,-32.91022881608607,-53.88143595220322,3.8297872340425507,4.838499612127583
IFIC1STMF,IFIC Bank 1st Mutual Fund Units,3.8,0.0,-9.523809523809533,-9.523809523809533,5.555555555555547,-9.523809523809533,51.999999999999986,18.74999999999999,-37.704918032786885,-8.562499871416021,-41.12317074359039,4.1045883940620795,5.400679673648684
IFILISLMF1,IFIL Islamic Mutual Fund - 1 Units,5.8,0.0,-10.769230769230772,7.407407407407397,28.888888888888882,44.99999999999999,70.58823529411765,38.09523809523809,-12.12121212121212,-12.12121212121212,-7.936507936507937,4.448891076317327,4.627179521951165
INDEXAGRO,Index Agro Industries Ltd,69.9,-3.4530386740331487,-5.284552845528444,1.1577424023155014,-8.98437499999999,8.204334365325096,4.484304932735426,-5.418814196536713,-39.59259244418427,-2.1399997553499976,-2.1399997553499976,3.158701031704198,3.9932275321956445
INTECH,Intech Ltd.,22.9,-1.2931034482758652,-4.583333333333339,-9.12698412698413,-34.57142857142858,-43.31683168316832,-27.760252365930604,-34.005763688760815,-41.131105398457585,102.61521743094644,87.95938299182363,3.0867490249548997,5.273118463140722
INTRACO,Intraco Refueling Station PLC,23.4,5.882352941176458,6.363636363636357,1.7391304347826024,11.428571428571422,31.460674157303355,14.146341463414629,-13.011152416356879,4.863070092119351,-49.673862086954514,-49.673862086954514,4.059606337459202,3.311818420535528
IPDC,IPDC Finance PLC,31.3,-3.69230769230769,-11.581920903954796,-3.0959752321981315,-9.275362318840578,73.88888927530864,72.06806321009911,46.71875036679687,-11.81542295229122,113.12214074008227,498.78987321439405,5.135132737156773,4.3872368136005315
ISLAMIBANK,Islami Bank Bangladesh PLC,26.0,-1.5151515151515098,-3.7037037037037037,-6.474820143884894,-18.49529780564263,-33.333333333333336,-21.21212121212121,-37.94749403341288,-13.333333333333334,-16.129032258064516,-33.48837215953488,2.0528228414020204,2.4649165319141364
ISLAMICFIN,Islamic Finance & Investment PLC,10.3,-2.830188679245273,-4.62962962962963,-10.434782608695645,-8.849557522123893,-6.363636363636357,8.421052631578954,43.055555555555564,-67.61006289308176,-22.418928576886955,-43.52097990051446,2.909433962264159,3.215705491163252
ISLAMIINS,Islami Insurance Bangladesh Limited,65.8,-1.6442451420030022,2.4922118380062215,5.448717948717947,3.134796238244514,72.7034120734908,75.46666666666665,67.85714285714285,-0.6042296072507638,404.4761223316815,249.38290319060744,6.544768383407138,4.696353607407323
ISNLTD,Information Services Network Ltd.,48.5,0.4140786749482461,-12.926391382405749,-13.547237076648843,-23.38072669826224,-36.10013175230567,-38.13775510204082,-54.841713221601495,7.538802660753878,288.0000006208,220.98181945407336,6.342881025123675,7.925873062398054
ITC,IT Consultants PLC,41.6,-3.0303030303030236,-7.1428571428571335,-11.864406779661019,-18.908382066276797,7.772020725388601,8.051948051948054,-4.587155963302752,0.24096385542169016,32.76805758324278,41.60026742218044,3.052659971346011,3.1493496573915953
JAMUNABANK,Jamuna Bank PLC,22.9,0.43859649122806077,-0.4347826086956584,-5.371900826446283,-3.7815126050420256,-0.4347826086956584,8.530805687203777,7.511737089201867,18.639469237353165,155.67238636125813,95.69140558135318,0.8772031072236534,1.7722827614529542
JAMUNAOIL,JAMUNA OIL PLC,177.8,0.2820078962210942,-0.05621135469364492,0.5656108597285068,-3.211758301578649,3.3720930232558204,5.082742316784884,-5.425531914893611,-2.4684585847504112,-11.099999999999996,10.747451755122947,1.153675834179662,1.1025960258957332
JANATAINS,Janata Insurance PLC,31.4,-1.8750000000000044,-3.680981595092033,-9.770114942528734,-12.04481792717088,-6.268656716417914,29.218106995884764,20.769230769230766,-30.44868125423504,242.18597026558876,-83.20656547216849,3.179885938032603,4.3642027965503125
JHRML,JMI Hospital Requisite Manufacturing Ltd,41.4,-2.5882352941176507,-3.720930232558143,-14.814814814814818,-21.73913043478261,-4.3879907621247085,-1.8957345971564081,-24.036697247706424,88.18181818181817,88.18181818181817,88.18181818181817,2.2296725555374572,3.733036392276952
JMISMDL,JMI Syringes & Medical Devices Ltd.,125.8,-0.23790642347343155,-2.7820710973724947,-5.271084337349407,-18.045602605863195,4.05293631100082,6.610169491525422,-13.776559287183007,-56.49936449271498,8.146649468016166,263.2441602174069,1.6053542298289294,3.655408070321713
JUTESPINN,Jute Spinners Limited,205.4,0.4400977995110052,-2.1904761904761876,-3.1132075471698086,-4.2424242424242395,-9.912280701754383,5.225409836065583,-9.115044247787608,41.65517241379311,260.35087719298247,208.87218045112783,1.881492033885615,2.490988607374189
KARNAPHULI,Karnaphuli Insurance PLC,52.3,-0.38095238095238637,-4.9090909090909145,-10.291595197255575,27.25060827250607,67.62820512820512,83.50877192982455,69.25566343042071,20.229885057471257,365.0060505733752,91.59426566949791,3.3385521013262447,3.8625191079045966
KAY&QUE,Kay and Que (Bangladesh) Ltd.,403.1,-0.07436787307881867,1.0528954625219469,3.5182331792501405,-6.6898148148148096,-13.367719750698472,6.809750927397999,1.2526062503111985,55.02350333254987,1526.3964057573874,1929.4598629075952,3.192508617888579,4.165037044457611
KBPPWBIL,Khan Brothers PP Woven Bag Industries Ltd,34.2,-2.56410256410256,-10.236220472440941,-2.2857142857142776,-11.168831168831161,-31.32530120481927,-28.749999999999996,-77.10843373493975,137.50000000000003,81.55739127561442,2.1743188291881625,5.054156875396924,6.633416760733622
KDSALTD,KDS Accessories Ltd.,42.2,-2.764976958525336,-6.222222222222216,-11.1578947368421,-22.426470588235286,-10.782241014799142,2.6763990267639937,-12.266112266112263,-43.409961548143,-25.585099227701242,-19.12588592882293,2.8367362176375255,3.4372277319779525
KEYACOSMET,Keya Cosmetic Ltd.,5.1,-1.9230769230769333,-5.555555555555569,-3.773584905660381,0.0,0.0,13.333333333333325,6.2499999999999964,-40.00000000000001,-33.3335922430032,-67.3719387798766,3.5004183385981475,4.678403660136732
KOHINOOR,Kohinoor Chemical Company (Bangladesh) PLC,516.7,-0.6537204383772308,-1.5809523809523722,-3.8876488095238053,0.8588717548311714,1.5127701375245668,3.360672134426899,1.8584228372096814,59.52650219824627,347.67103480926556,1018.5729529340978,0.8603159271293614,1.5402270976847638
KPCL,Khulna Power Company Ltd.,10.2,-2.857142857142864,-2.857142857142864,-12.068965517241383,-4.672897196261682,-4.672897196261682,-2.857142857142864,-18.400000000000006,-77.48344370860927,-82.55054434003758,-76.39078152844577,3.105625877855036,3.8760595873522314
KPPL,Khulna Printing & Packaging Ltd,13.7,-2.142857142857148,-3.5211267605633805,-3.5211267605633805,-10.45751633986929,-13.291139240506338,-14.375000000000004,-13.291139240506338,-6.802721088435375,44.210526315789465,-60.23746705938625,4.428108216324425,5.254366667238328
KTL,Kattali Textile Ltd.,14.3,1.4184397163120643,11.71875,14.400000000000004,31.19266055045872,48.95833333333335,23.275862068965527,7.518796992481203,-49.64788732394366,-25.251040473238653,-25.251040473238653,4.83723448212558,4.8574263232237165
LANKABAFIN,LankaBangla Finance PLC,13.9,-1.4184397163120517,-4.794520547945201,-13.124999999999998,-17.75147928994082,-6.7114093959731544,13.00813008130081,-18.713450292397667,-69.45054945054945,-32.87249681021454,-51.455197153315716,2.5437102865160375,3.1610963194673682
LEGACYFOOT,Legacy Footwear Ltd.,68.1,-2.295552367288391,-1.0174418604651205,-4.621848739495814,-0.728862973760933,3.181818181818173,25.64575645756456,6.907378335949751,-2.575107296137355,174.35190969348423,334.8741579935901,3.0469033389702433,3.434966864369761
LHB,LafargeHolcim Bangladesh PLC,52.2,0.0,0.3846153846153901,-1.3232514177693682,-9.532062391681109,0.3846153846153901,10.828025477707008,-6.283662477558348,-47.69539078156312,-32.2077922077922,618.225261416418,1.153787682011464,2.3276700866815316
LIBRAINFU,Libra Infusions Ltd.,557.9,-0.9410511363636483,-2.2257273045916657,-6.721284066209671,-13.811215819558162,-12.14173228346457,-12.27987421383648,-30.08771929824562,-2.7031745365223045,54.972222067249994,373.6886787537193,1.7847029220241235,2.2184159720303986
LINDEBD,Linde Bangladesh Limited,664.3,0.015055706112602988,-1.585185185185192,-4.417266187050366,-7.090909090909097,-13.950777202072544,-12.476943346508568,-25.191441441441444,-59.12754568387375,-52.91991495393338,28.865179437439373,1.1610977738497563,1.418088730673221
LOVELLO,Taufika Foods and Lovello Ice-cream PLC,47.7,-3.441295546558696,-7.017543859649112,-9.315589353612165,-31.85714285714285,-37.89062499999999,-30.058651026392962,-48.84065360313928,38.078947590074115,267.2900004811499,267.2900004811499,3.4362632932475465,5.409779455401963
LRBDL,Lub-rref (Bangladesh) Ltd,12.9,-1.526717557251903,-1.526717557251903,-11.643835616438352,-13.422818791946309,29.000000000000007,30.3030303030303,-15.686274509803923,-74.70588235294117,-68.14814814814815,-68.14814814814815,2.777726805637114,5.5059472749784
LRGLOBMF1,LR Global Bangladesh Mutual Fund One Units,4.2,-2.3255813953488293,-10.638297872340425,-2.325581395348829,16.666666666666668,23.52941176470589,50.000000000000014,20.000000000000004,-52.80898876404494,-41.666666666666664,-54.347826086956516,4.611295681063125,5.962812281631135
MAGURAPLEX,Magura Multiplex PLC,81.3,-1.8115942028985508,-2.983293556085919,-4.577464788732401,-10.659340659340662,-1.5738498789346214,-3.098927294398103,-23.66197183098592,-50.83762619675225,354.94300315414,354.94300315414,2.5500830146190365,3.435372001554658
MAKSONSPIN,Maksons Spinning Mills PLC,4.9,-9.25925925925926,-16.94915254237288,-23.4375,-16.94915254237288,-18.33333333333333,4.255319148936174,-27.94117647058823,-84.6875,-28.541666488020827,-69.65028075497099,7.164227307084448,5.448252753616112
MALEKSPIN,Malek Spinning Mills PLC,48.1,-4.3737574552683816,-1.434426229508188,-7.142857142857134,16.18357487922706,78.14814814814815,66.43598615916956,48.91640866873067,39.42028985507247,164.2857142857143,92.4,4.403757790659215,5.037696907995348
MARICO,Marico Bangladesh Limited.,2660.8,0.3583147889714479,0.21845574387947955,-4.15330859839342,-3.067395264116569,-3.733719247467432,0.2902265274584551,-7.6111111111111045,14.19742489270387,117.20816326530614,608.601864181092,1.042044268142661,0.9355345009065132
MATINSPINN,Matin Spinning PLC,72.9,1.8156424581005748,11.297709923664131,16.640000000000008,24.615384615384624,55.769230769230795,56.7741935483871,28.34507042253523,8.48214285714286,81.79551122194515,62.00000000000001,7.905429848995891,6.03828493047416
MBL1STMF,MBL 1st Mutual Fund 2010- Units,10.5,2.9411764705882426,-1.8691588785046664,20.6896551724138,156.09756097560978,156.09756097560978,208.82352941176472,138.63636363636363,26.506024096385534,47.88732394366198,52.17391304347825,5.550432672757723,6.6821761295849065
MEGCONMILK,Meghna Condensed Milk Industries Ltd.,30.8,0.0,-2.22222222222222,-17.204301075268823,-24.509803921568622,-9.411764705882351,113.88888888888887,78.03468208092485,45.97156398104264,340.0,224.21052631578948,3.656152354277671,5.791945553632182
MEGHNACEM,Meghna Cement Mills PLC,28.4,-1.7301038062283738,-4.377104377104379,-10.9717868338558,-12.345679012345679,-12.615384615384619,-3.0716723549488125,-43.42629482071714,-63.470499723800444,-64.74709419147887,-61.5515559569161,3.502985880095957,5.492183502690117
MEGHNAINS,Meghna Insurance PLC,33.4,-3.468208092485557,-6.179775280898884,-13.246753246753249,-3.7463976945245077,16.376306620209057,18.8612099644128,32.01581027667983,203.63636363636363,203.63636363636363,203.63636363636363,3.545154192456403,4.274334884405693
MEGHNALIFE,Meghna Life Insurance PLC,50.4,-0.7874015748031469,-3.0769230769230798,-11.267605633802816,-18.971061093247595,-4.905660377358493,-0.7874015748031469,-19.101123595505616,-44.60816703520124,26.309056409567447,-22.615423466056157,2.9911052992162266,5.020995348863721
MEGHNAPET,Meghna Pet Industries Ltd.,74.0,0.543478260869573,-6.80100755667507,-7.2681704260651605,-13.551401869158875,165.23297491039426,239.44954128440367,200.8130081300813,187.93774319066148,1198.2456140350878,1056.2499999999998,6.309342746117436,7.963007048039416
MERCANBANK,Mercantile Bank PLC,6.2,0.0,-1.5873015873015817,-12.676056338028161,-17.33333333333333,-29.54545454545455,-16.216216216216218,-33.333333333333336,-59.46153860186389,-21.800966326144014,-40.07484560929133,1.935987509758009,3.2442450660105187
MERCINS,Mercantile Islami Insurance PLC,49.1,-2.9644268774703555,-9.242144177449168,14.71962616822431,11.845102505694767,102.89256198347108,92.54901960784314,89.5752895752896,-5.758157389635317,266.41791044776124,77.9676380841471,4.869241912436299,5.999135024651156
METROSPIN,Metro Spinning Ltd.,9.7,-2.020202020202031,-2.020202020202031,-14.159292035398241,0.0,3.191489361702116,14.117647058823522,-9.345794392523365,-64.01060062341676,25.165060132688524,-35.45482237513466,4.18201754385965,5.487281901585875
MHSML,Mozaffar Hossain Spinning Mills Ltd.,19.1,-4.020100502512549,-4.975124378109452,-11.981566820276488,-19.06779661016949,7.303370786516857,41.48148148148149,6.703910614525156,-12.785388127853869,7.394525208157451,-22.81018526297933,3.720422162401393,4.8711633234110305
MIDASFIN,MIDAS Financing PLC,4.5,-2.173913043478253,0.0,-21.05263157894737,-26.22950819672131,-29.687500000000004,0.0,-29.687500000000004,-79.80000000655377,-70.73959451408648,-81.70849383416963,6.556487633037125,5.836970273076929
MIDLANDBNK,Midland Bank PLC,16.5,-0.6024096385542254,-1.7857142857142898,-4.069767441860461,0.6097560975609844,3.125,-3.508771929824569,-18.316831683168314,88.83333263464999,88.83333263464999,88.83333263464999,2.649393938867023,2.934393537570848
MIRACLEIND,Miracle Industries Limited,24.8,-2.3622047244094406,-7.462686567164179,-12.982456140350875,-13.286713286713288,-7.806691449814118,-22.0125786163522,-28.735632183908038,-29.344729344729345,-9.57962426126416,169.08538666966794,3.0552814800627104,3.401140643315242
MIRAKHTER,Mir Akhter Hossain Ltd,32.0,-3.3232628398791584,-8.045977011494246,-11.845730027548202,-23.80952380952381,16.363636363636363,15.94202898550724,-1.5384615384615385,-64.44444444444444,-60.49382716049383,-60.49382716049383,4.127846770944533,4.8277590773408425
MITHUNKNIT,Mithun Knitting & Dyeing (CEPZ) Ltd.,13.2,0.0,-3.6496350364963503,-2.941176470588238,-14.838709677419358,-19.51219512195122,-9.589041095890414,-13.72549019607844,-24.137931034482758,-78.99204235561778,-74.7165072622482,3.4815858252112135,4.372450537426489
MJLBD,MJL Bangladesh PLC,89.9,0.33482142857144126,-1.2087912087912025,-2.3887079261671973,-6.256517205422314,1.2387387387387483,-0.11111111111110479,-8.077709611451933,-14.217557251908389,-19.389410562121732,57.94930532641938,1.5670514147511638,1.4977334358911112
MLDYEING,M.L. Dyeing & Textile Ind. PLC,10.4,-2.8037383177569994,-8.771929824561402,-23.52941176470588,-14.75409836065573,22.35294117647059,23.80952380952381,0.9708737864077635,-64.86486486486487,50.696000636238516,50.696000636238516,4.258446239867551,6.210790143797774
MONNOAGML,Monno Agro & General Machinery Ltd.,298.4,-1.0938017898574781,-4.174694926140013,-9.30091185410335,-17.111111111111118,-15.227272727272732,-19.24221921515562,-23.29048843187661,-11.469535898817421,632.0677339969387,2299.55535081387,2.2323215256159323,3.8907492770006664
MONNOCERA,Monno Ceramic Industries Limited.,81.4,-1.80940892641737,-2.0457280385078085,-5.568445475638048,-19.085487077534783,-0.1226993865030605,-0.48899755501221454,-8.333333333333323,-44.55040871934605,235.07364326743027,375.30816809449243,2.8023243608129684,3.6715575965587597
MONNOFABR,Monno Fabrics Ltd.,18.4,-4.1666666666666705,-5.6410256410256485,-18.58407079646019,-20.346320346320358,-16.36363636363637,-14.018691588785048,-7.5376884422110555,-22.033898305084755,-22.033898305084755,-22.033898305084755,3.8838880342613913,4.872723402468477
MONOSPOOL,Monospool Bangladesh PLC,103.8,-0.4793863854266539,-3.799814643188145,-3.2618825722274,-13.138075313807533,13.071895424836601,9.60929250263991,6.962365272715168,-26.232022765179263,117.0363627583529,117.0363627583529,2.6276008659912637,3.6451998109238346
MPETROLEUM,Meghna Petroleum PLC,205.2,0.4897159647404506,0.2442598925256473,-0.38834951456311234,-5.871559633027529,1.5841584158415785,6.486766995329528,-2.794883941260069,1.23334977799704,9.850107066381144,43.770700493171965,1.085652974162683,1.1861649570632327
MTB,Mutual Trust Bank PLC,13.4,0.0,-1.4705882352941124,0.0,0.0,32.354016596431165,36.65821227236985,32.354016596431165,10.756068482447615,102.90893305199798,175.8806499461527,1.6496465043204964,3.0994987138773364
NAHEEACP,Nahee Aluminum Composite Panel PLC,35.1,-0.847457627118636,3.846153846153859,-1.4044943820224718,-6.896551724137933,67.94258373205743,89.72972972972974,45.041322314049594,-28.367346938775505,-44.30886045149631,-44.30886045149631,5.644938725245282,6.522105358041807
NATLIFEINS,National Life Insurance PLC,92.0,-0.43290043290043906,-2.0234291799787067,-6.313645621181265,-12.380952380952381,-5.447070914696812,-1.9189765458422146,-19.580419580419584,-59.91285403050109,-27.792285297465334,-32.27377481660451,2.363257250459412,2.770401949162511
NAVANACNG,Navana CNG Limited,19.3,-0.5154639175257623,-2.525252525252525,-9.813084112149523,-13.839285714285705,-8.095238095238093,-9.389671361502348,-20.247933884297517,-45.44038433796995,-51.74999975874999,-67.2642304750747,2.4690870858968266,3.216506810243894
NAVANAPHAR,Navana Pharmaceuticals PLC,61.1,-1.610305958132045,-2.707006369426745,-8.80597014925373,-16.415868673050607,7.192982456140353,16.603053435114507,5.709342560553641,131.43939393939397,131.43939393939397,131.43939393939397,2.7257207290966203,3.143249883572886
NBL,National Bank PLC,3.2,0.0,-3.0303030303030196,-11.111111111111109,-17.948717948717942,-28.888888888888882,0.0,-13.513513513513512,-61.445783132530124,-43.30657331545926,-70.00917739790314,4.999999999999991,4.912882163884837
NCCBANK,National Credit and Commerce Bank PLC,14.1,-0.7042253521126736,-1.398601398601406,-7.236842105263157,-11.320754716981135,14.56255256989131,20.196776546820328,20.196776546820328,4.6607543455193365,84.36277032505008,27.99609805438297,1.5542902806912466,2.1857416592733987
NCCBLMF1,NCCBL Mutual Fund-1 2012- Dividend Units,6.3,-1.5625000000000084,-11.267605633802816,-4.545454545454543,39.99999999999999,39.99999999999999,57.49999999999999,31.25,-26.744186046511626,-11.267605633802816,-47.5,6.1652475561907245,6.109443715979863
NEWLINE,New Line Clothings Ltd.,5.1,-3.7735849056603805,-5.555555555555569,-17.741935483870975,-7.27272727272728,-15.000000000000005,27.499999999999993,0.0,-85.21739130434783,-79.56353497839896,-79.56353497839896,6.277793904209001,5.933863404768753
NFML,National Feed Mill Ltd,14.1,-4.081632653061222,-9.615384615384615,-20.338983050847457,-29.145728643216078,-8.441558441558445,0.0,11.904761904761905,-53.0,4.736778447664472,-49.45109160857028,4.378042663118365,5.735844002616632
NHFIL,National Housing Finance PLC,25.6,-1.1583011583011473,-4.8327137546468295,-8.243727598566299,-18.987341772151897,10.344827586206907,13.777777777777782,1.185770750988145,-60.39381157204547,-33.38494636463194,-16.173195843665344,2.166613313950273,3.142542557322145
NITOLINS,Nitol Insurance PLC,55.9,-2.27272727272728,-1.9298245614035112,7.088122605363975,50.26881720430106,97.52650176678445,98.93238434163699,97.52650176678445,-2.0116859071901247,250.05046108900348,134.6670811808077,4.405283812024422,4.2268285054839
NORTHERN,Northern Jute Manufacturing Co. Ltd.,95.0,-3.5532994923857872,1.3874066168623236,-11.214953271028037,-14.491449144914489,-20.502092050209207,11.371629542790155,-7.766990291262136,-70.63369397217929,-60.02805033166853,533.3333375555555,4.9214459331203955,5.806440853444228
NORTHRNINS,Northern Islami Insurance PLC,35.2,-2.4930747922437635,-5.376344086021505,-12.87128712871286,-11.335012594458437,25.288135884143642,32.94964062014389,28.333333654166683,-31.173184192203735,119.76216253694575,15.14526938503356,3.1093420293827654,4.159802492258549
NPOLYMER,National Polymer Industries PLC,30.5,-3.1746031746031744,-2.8662420382165563,-6.441717791411047,-12.857142857142858,11.721611721611719,14.66165413533834,-4.6875,-53.57686453576865,-25.546094867080722,111.33485925647497,4.509115917843243,3.8625064806191034
NRBBANK,NRB Bank PLC,6.7,0.0,0.0,-1.4705882352941124,13.559322033898303,-5.633802816901401,9.836065573770501,-22.093023255813947,-25.555555555555554,-25.555555555555554,-25.555555555555554,2.433566433566438,3.3748005166430497
NRBCBANK,NRBC Bank PLC,9.1,0.0,1.1111111111111072,1.1111111111111072,22.972972972972965,26.38888888888888,78.43137254901961,44.44444444444444,-60.22290868661903,-28.44101254146038,-28.44101254146038,3.2855877804998994,3.604058092114065
NTC,National Tea Company Limited,152.0,-1.170351105331607,-2.5641025641025643,-5.0,-6.172839506172839,-12.543153049482168,-12.543153049482168,-16.939890710382514,-72.46875566020648,-70.89237839908083,-80.25974025974025,2.3890902196542037,3.1458335664430455
NTLTUBES,National Tubes Limited,59.8,-0.8291873963515755,-1.3201320132013272,-8.98021308980214,-14.81481481481482,-3.3925686591276274,-4.320000000000005,-22.639068564036222,-46.84444444444444,-32.33911928317146,153.77733333435577,2.426682075810704,3.4570626083603355
NURANI,Nurani Dyeing & Sweater Ltd.,2.8,-6.666666666666672,-6.666666666666672,-12.50000000000001,-6.666666666666672,-20.000000000000004,39.99999999999999,7.692307692307681,-69.23076923076923,-83.45300803441086,-83.45300803441086,7.1182266009852295,7.279560796802183
OAL,Olympic Accessories Ltd,5.8,1.7543859649122744,-3.333333333333336,-17.142857142857146,-15.942028985507253,-7.936507936507937,1.7543859649122744,-17.142857142857146,-58.27338129496403,-66.83476788591818,-75.97036798688866,3.4733165467731277,4.120341668913722
OIMEX,Oimex Electrode Ltd.,13.2,-1.4925373134328437,-7.042253521126761,-16.45569620253165,-16.45569620253165,-0.7518796992481309,-13.72549019607844,-45.9016393442623,-48.031496062992126,-73.52721519069505,-73.52721519069505,3.7101616256350365,5.518020382147026
OLYMPIC,Olympic Industries PLC.,142.4,-0.2801120448179311,0.0,-2.931152010906601,-9.299363057324838,-0.9735744089012556,3.4883720930232642,-8.717948717948715,-26.064382139148492,-50.71852327824654,92.72180576034734,1.6072681252364491,1.8562703104396594
ONEBANKPLC,One Bank PLC,7.1,-4.054054054054063,-6.578947368421053,-10.12658227848102,-11.250000000000004,-2.739726027397263,1.4285714285714235,-6.578947368421053,-22.647368072558677,-22.647368072558677,-22.647368072558677,4.464101168049598,3.1340393286253114
ORIONINFU,Orion Infusion Ltd.,231.2,-5.168170631665308,-17.48750892219843,2.3914968999114157,-19.722222222222225,-30.12994862496222,-32.01999411937666,-56.37735849056604,134.7208121827411,229.34472934472933,402.60869565217394,6.489701789540524,8.390128374285052
ORIONPHARM,Orion Pharma Ltd.,27.2,-3.886925795053008,-5.555555555555561,1.4925373134328306,-4.895104895104903,-2.85714285714286,0.0,-26.48648648648649,-74.57943925233644,-28.42105263157895,-60.195121791999995,4.865766444072,5.3560610683642595
PADMALIFE,Padma Islami Life Insurance Ltd.,15.5,-1.2738853503184668,-1.8987341772151942,-6.0606060606060606,-19.68911917098446,-10.919540229885051,-7.185628742514966,-23.645320197044338,-67.29957805907173,-22.17573191799863,-68.36535434346216,4.615447835501265,4.298338500409097
PADMAOIL,Padma Oil PLC,193.9,-0.8184143222506366,1.2004175365344527,0.10325245224574965,-4.95098039215686,9.486166007905146,14.395280235988203,-2.513826043237808,-15.142231947483587,0.466321243523319,14.05882341535295,1.3570695987510424,1.0801384296868948
PARAMOUNT,Paramount Insurance PLC.,61.6,-0.8051529790660225,-9.144542772861351,-0.162074554294978,-2.9921259842519663,19.611650485436897,41.60919540229886,35.38461538461539,-23.950617283950614,718.1040627996016,368.0950445102915,3.4131043644309402,5.12803207543672
PDL,Pacific Denims Ltd.,5.4,-1.818181818181812,-3.571428571428559,-5.263157894736839,-3.571428571428559,-8.47457627118644,17.391304347826104,-9.999999999999995,-70.51891892991458,-72.5893037564882,-72.5893037564882,4.041166380789026,4.3268559540354685
PENINSULA,The Peninsula Chittagong PLC,18.1,-3.7234042553191453,-11.274509803921555,-15.023474178403752,-26.720647773279342,-14.622641509433953,-1.092896174863384,39.23076923076924,-43.081761006289305,4.0229885057471435,-49.98684198023025,4.558252860168935,5.0460765083334165
PEOPLESINS,Peoples Insurance PLC,59.1,-2.152317880794697,-5.741626794258375,-5.439999999999999,-4.368932038834944,34.624145785877,62.809917355371915,72.30320699708457,23.125000000000004,269.375,123.86363636363639,2.9335159200189347,4.6025716976875275
PF1STMF,Phoenix Finance 1st Mutual Fund Units,17.5,-2.7777777777777777,-2.7777777777777777,20.689655172413794,68.26923076923077,243.1372549019608,250.0,257.1428571428571,88.17204301075267,264.58333333333337,121.51898734177215,6.284716563555683,6.549215717699776
PHARMAID,Pharma Aids Limited.,542.1,-0.6779039941370341,-3.643796658371845,-5.077919803887235,-8.87544125063035,-1.4363636363636323,9.959432048681546,-6.679290755723869,-7.507251322299949,112.58823529411767,286.93790149892936,2.1156086715088156,2.6746988585856823
PHENIXINS,Phoenix Insurance PLC,46.5,-1.4830508474576332,-4.123711340206185,-10.404624277456646,5.681818181818182,50.4854368932039,73.50746268656717,69.0909090909091,-22.240802675585282,104.84581497797357,3.794642857142864,3.376362488638959,4.301697473472479
PHOENIXFIN,Phoenix Finance and Investments Ltd.,3.1,-3.1250000000000027,-11.428571428571427,-18.42105263157894,-18.42105263157894,-27.906976744186043,29.166666666666675,-6.060606060606053,-90.66265060240963,-81.18947562083225,-88.63793825235571,5.002443792766373,6.006108076763466
PHPMF1,PHP First Mutual Fund Units 2010-,3.5,0.0,-5.40540540540541,-5.40540540540541,9.374999999999995,2.941176470588238,45.83333333333334,12.90322580645161,-41.666666666666664,-13.170213076327755,-37.32750043603048,3.9841269841269877,5.00781658554768
PIONEERINS,Pioneer Insurance PLC,66.1,-1.0479041916167708,-3.5036496350365045,-4.202898550724646,-8.575380359612728,34.89795918367346,44.29313963812288,55.268456745773825,-35.300423472647104,192.95366370692724,64.96081284890242,3.1143952003727353,3.8739022747535676
PLFSL,Peoples Leasing and Financial Services Ltd.,1.7,0.0,0.0,-15.000000000000002,30.769230769230763,-32.0,220.75471698113208,30.769230769230763,-43.333333333333336,-76.38888888888889,-94.21052632098746,9.779411764705875,9.276417238878533
POPULAR1MF,Popular Life First Mutual Fund Units 2010-,3.5,0.0,-5.40540540540541,-5.40540540540541,12.90322580645161,9.374999999999995,45.83333333333334,16.666666666666668,-40.67796610169492,-13.579787499462931,-33.320531510425894,3.430438842203552,5.172072186778071
POPULARLIF,Popular Life Insurance Co. Ltd.,53.6,-2.1897810218978027,-5.300353356890459,-12.131147540983605,-14.513556618819777,9.611451942740292,26.117647058823536,4.2801556420233515,-41.356673960612696,-23.428571428571427,-51.897435608820516,3.2613285227644453,4.625558978196449
POWERGRID,Power Grid Co. of Bangladesh Ltd.,36.9,-0.5390835579514901,-0.8064516129032372,-4.651162790697685,-5.384615384615389,23.82550335570469,37.17472118959108,11.480362537764341,-41.52139461172742,-38.90728476821192,-32.04419889502762,3.862304737641442,2.837335230199281
PRAGATIINS,Pragati Insurance PLC,71.8,-2.046384720327422,-4.26666666666667,-7.948717948717952,-12.439024390243905,6.4086326919282754,2.856745100736614,13.426379944836835,3.256017516402574,311.2829626611263,80.52625170927088,3.0216176856271666,3.8051434235942407
PRAGATILIF,Pragati Life Insurance PLC,134.3,-3.7965616045845154,-9.501347708894876,-5.289139633286318,-23.416277941198757,-23.653746848542138,-0.04736140049320651,-37.21631965391335,53.67399337924608,151.37381009352598,102.79582181118283,3.735489010987385,4.598817435627022
PREMIERBAN,The Premier Bank PLC,5.6,0.0,-1.75438596491229,-5.084745762711876,16.666666666666664,11.999999999999993,39.99999999999999,-12.50000000000001,-53.366197339912965,28.185776496168234,-23.417010251007888,3.5526315789473712,3.031833054150809
PREMIERCEM,Premier Cement Mills PLC,41.5,-1.8912529550827357,2.216748768472903,-10.944206008583693,-18.145956607495073,7.792207792207792,5.867346938775502,-14.256198347107436,-51.74418604651163,-56.40756302521008,-60.476190476190474,3.7892332020376145,4.821380858697395
PREMIERLEA,Premier Leasing & Finance Limited,1.8,-5.263157894736835,-5.2631578947368345,-18.181818181818187,-24.999999999999996,-33.333333333333336,233.33333333333331,12.499999999999996,-86.36363636363635,-78.75814300244946,-86.72076970349451,8.771929824561402,8.758355884394666
PRIME1ICBA,Prime Bank 1st ICB AMCL Mutual Fund Units,7.4,0.0,-8.641975308641968,23.33333333333334,42.307692307692314,64.44444444444446,72.09302325581397,54.16666666666668,-1.3333333333333286,48.00000000000001,2.7777777777777803,5.901300320910991,6.713561739197996
PRIMEBANK,Prime Bank PLC,28.2,0.35587188612098886,0.35587188612098886,-2.4221453287197208,-6.312292358803994,-6.297468120174052,2.8125002570312505,5.000000262499994,35.49218730522998,107.3619559325607,-0.7464800918240061,1.0694040899271724,1.3520725116294043
PRIMEFIN,Prime Finance and Investment Ltd.,2.6,0.0,-7.1428571428571335,-18.75,-23.52941176470588,-42.22222222222222,136.36363636363635,0.0,-87.25490196078431,-67.90123456790124,-90.42944781518311,5.242165242165237,6.1708736741577495
PRIMEINSUR,Prime Islami Insurance PLC,47.0,-2.892561983471072,-10.476190476190476,-15.009041591320068,-1.6736401673640109,44.61538461538461,57.190635451505024,39.88095238095237,-6.0,150.0,31.600000310576004,4.111207569907684,4.944043114828429
PRIMELIFE,Prime Life Insurance Company Limited,36.9,-1.861702127659582,0.2717391304347865,-4.15584415584416,-15.17241379310345,7.8947368421052495,11.818181818181815,-16.704288939051917,-43.31797235023041,-36.37931034482759,-59.40999993789731,4.588761277982805,5.451963479992112
PRIMETEX,Prime Textile Spining Mills Ltd.,13.8,0.0,-6.1224489795918275,-18.34319526627218,-24.59016393442623,-29.59183673469388,0.0,5.343511450381688,-42.016806722689076,-41.025641025641015,-31.68316831683168,4.857171904243957,7.936519986582292
PROGRESLIF,Progressive Life Insurance Co. Ltd.,35.6,-2.19780219780219,2.298850574712656,-10.552763819095468,-12.31527093596059,-13.17073170731707,-21.929824561403507,-37.54385964912281,-65.76923076923077,-8.079520519375459,-52.41545633074132,3.5856680947038972,4.933201323350265
PROVATIINS,Provati Insurance PLC,49.8,-2.9239766081871346,-8.45588235294118,-12.631578947368425,-26.548672566371682,59.615384615384606,73.5191637630662,54.179566563467496,-64.77560993926438,415.4235492964594,166.63199494141068,3.525133863527555,4.535731010001691
PTL,Paramount Textile PLC,82.3,3.132832080200501,4.045512010113784,11.36671177266575,21.925925925925924,52.4074074074074,58.88030888030888,41.40893470790377,28.6285522837576,579.0444304595945,222.12170071207257,5.218538412316993,3.372726843199446
PUBALIBANK,Pubali Bank PLC,38.8,2.6455026455026456,-0.25706940874036355,1.837270341207338,6.887052341597797,22.24660447902289,44.40132893272465,53.333369909401625,124.9888479754529,203.07738251795988,122.56665444523335,2.703499927230583,2.3034547418503752
PURABIGEN,Purabi General Insurance Co. Ltd.,27.4,-1.792114695340502,-5.190311418685122,-11.326860841423949,-16.969696969696972,31.100478468899524,41.23711340206186,28.037383177570096,-34.06074790435292,219.44481926747142,-7.442968893461027,3.0058090786064233,4.268982738016158
QUASEMIND,Quasem Industries Limited.,37.7,-3.084832904884308,-5.749999999999993,-10.663507109004739,-18.924731182795693,-4.797979797979794,-0.31250011023137,-4.00462972073634,-22.802000239325675,-2.082630351984077,137.24347931593135,3.02644757986846,3.6436017313923132
QUEENSOUTH,Queen South Textile Mills Ltd.,13.2,-3.649635036496351,-8.333333333333341,-20.95808383233533,-18.01242236024846,16.814159292035384,10.92436974789915,-2.941176470588238,-54.8645163005471,-45.63994612384944,-45.63994612384944,3.822123698180468,5.1727437296592935
RAHIMAFOOD,Rahima Food Corporation Ltd.,69.1,-2.676056338028177,-7.496653279785821,-8.233731739707839,-22.09695603156709,-39.86074847693647,-56.8125,-47.770219198790635,-79.11755817467512,34.69785575048733,301.7441860465116,4.565639113757481,5.0515169942526335
RAHIMTEXT,Rahim Textile Mills Ltd.,180.2,-0.11086474501109593,-0.27670171555063644,-8.527918781725894,-18.828828828828833,-13.36538461538462,-15.518049695264894,-0.6067291781577621,-36.79410733076114,3.006930851924332,346.7878830904943,2.9194958996977283,4.9778611218599025
RAKCERAMIC,RAK Ceramics (Baneladesh) Limited,24.8,-3.875968992248062,-7.462686567164179,-18.68852459016393,-18.151815181518153,8.771929824561402,11.711711711711716,-1.5873015873015817,-50.0,-46.86610452622126,-38.218823567407185,3.3664651822639713,3.1590379903848484
RANFOUNDRY,Rangpur Foundry Limited,148.2,-0.2020202020202097,-3.0104712041884962,-6.792452830188687,-4.387096774193556,-6.43939393939395,3.708887333799848,-17.940199335548176,-6.967984934086643,38.2462686567164,139.0322580645161,3.8745476160060943,3.474838253973558
RDFOOD,Rangpur Dairy and Food Products Limited,22.0,-1.7857142857142794,-4.3478260869565215,-13.72549019607843,-23.07692307692308,7.317073170731708,10.0,-9.836065573770487,-57.16446140529451,102.97972389406266,35.97611718444525,3.311022194535087,4.488667819724951
RECKITTBEN,Reckitt Benckiser (Bangladesh) PLC,3252.4,0.012300123001232809,-0.015370899812475022,-1.44541074512893,-1.7401812688821725,-6.567078425739727,-4.9005847953216355,-4.621700879765394,-32.27693909422176,107.1592356687898,340.1082543978349,0.43996226932410953,0.8291636720363371
REGENTTEX,Regent Textile Mills Ltd.,5.5,-1.7857142857142794,-8.333333333333334,-15.384615384615385,-9.836065573770487,17.021276595744677,37.5,66.66666666666669,-60.14492753623189,-56.254374791191196,-78.56464359073954,5.753139354567292,5.810544138125788
RELIANCE1,Reliance Insurance Mutual Fund Reliance One Units,12.3,-0.8064516129032229,-9.558823529411757,-3.90625,6.956521739130441,4.23728813559322,-21.656050955414006,-19.078947368421048,4.23728813559322,51.85185185185187,35.16483516483518,4.601036124551678,5.401883386297962
RELIANCINS,Reliance Insurance PLC,101.2,-2.8790786948176583,-9.48121645796064,-10.993843447669304,-13.872340425531913,52.63951734539971,54.7400611620795,54.50381679389314,11.453744493392076,207.52785294198455,109.57299457004096,4.738995850205108,7.808866396516874
RENATA,Renata PLC,443.1,-0.3373819163292847,-1.5114469882195942,-4.380664652567966,-4.215304798962387,6.514423076923082,13.03571428571429,-7.764363030807651,-63.75252300095322,-31.67997571797974,42.64271678089701,1.6799647943928957,1.3466979577735074
RENWICKJA,Renwick Janeswar and Co. (BD) Limited,701.3,-1.4197357323587325,-5.229729729729736,-10.296751087234588,8.796152652807931,35.38610038610038,43.473813420621916,10.423555345614853,-39.01739130434783,-2.610748507151794,793.3757961783439,1.4487628073948986,2.104420983713731
REPUBLIC,Republic Insurance PLC,36.3,-2.941176470588239,-8.101265822784818,-14.588235294117652,-3.2000000000000077,14.511041009463716,32.481751824817515,12.38390092879257,-28.40652915579341,309.7173099098256,76.99144756408198,3.469760831588739,4.665657483118964
RINGSHINE,Ring Shine Textiles Ltd.,3.7,0.0,0.0,-13.953488372093016,0.0,0.0,15.625,27.586206896551733,-71.31782945736433,-75.08666666915799,-75.08666666915799,4.354354354354347,5.756215887794832
ROBI,Robi Axiata PLc,30.0,0.0,-9.638554216867478,-2.280130293159607,-8.53658536585365,4.166666666666664,6.0070671378091856,0.33444816053512183,-26.10837438423646,100.0,100.0,1.2747264191676233,2.0409626696039114
RSRMSTEEL,Ratanpur Steel Re-Rolling Mills Ltd,5.9,-3.2786885245901525,-14.492753623188404,-22.36842105263157,-28.91566265060241,-28.048780487804866,-11.940298507462684,-28.91566265060241,-82.17522658610272,-83.05066956512859,-86.98291417513154,7.20179534287081,5.685190448756568
RUNNERAUTO,Runner Automobiles PLC,44.1,1.6129032258064582,-4.751619870410358,-9.072164948453606,3.7647058823529447,7.560975609756101,19.189189189189193,41.346153846153854,-32.15384615384615,-52.41007182603902,-52.41007182603902,2.516023055178913,3.133336649744958
RUPALIBANK,Rupali Bank PLC,16.7,0.0,-1.1834319526627177,-4.571428571428576,-0.5952380952381037,-2.906976744186047,-3.468208092485557,-24.774774774774777,-48.456196001572806,11.094044833595692,-44.305431115481305,2.1658585504628367,2.2023964741289683
RUPALIINS,Rupali Insurance Company Ltd.,26.8,-1.8315018315018317,-6.293706293706295,-10.367892976588621,-4.964539007092194,25.066666950151106,31.495327431542062,18.235294413235298,-37.88079455388799,110.65916808484175,-14.489134333718777,2.9802108731279686,3.8720468832443697
RUPALILIFE,Rupali Life Insurance PLC,76.2,-1.2953367875647668,-4.630788485607012,-6.388206388206391,-19.450317124735722,-5.459057071960288,-3.0534351145038063,-34.592274678111586,0.6605019815059445,143.93378344588353,-24.29500784885961,2.496188694491253,3.764249848011622
SAFKOSPINN,Safko Spinning Mills Limited,21.3,-4.054054054054048,9.230769230769234,-6.578947368421052,0.4716981132075539,34.81012658227848,54.347826086956516,50.00000000000001,-11.103305786593326,81.45453191182625,7.868927997651617,4.7958664069517445,3.893670584686498
SAIFPOWER,SAIF Powertec Ltd.,6.7,-2.898550724637684,-14.102564102564099,-30.92783505154638,-36.79245283018867,-8.219178082191776,34.00000000000001,3.0769230769230798,-83.4837209929944,-60.229864780911065,-51.257431216558494,6.5512527137241126,5.578582580670383
SAIHAMCOT,Saiham Cotton Mills Ltd.,22.3,-3.87931034482758,0.45045045045045684,-15.849056603773583,9.852216748768473,14.358974358974361,13.775510204081629,22.527472527472536,15.544041450777202,49.66442953020134,-13.626760636371753,4.901019062721186,5.243958211786258
SAIHAMTEX,Saiham Textile Mills Ltd.,43.1,-2.2675736961451247,20.05571030640669,13.42105263157895,122.16494845360828,135.5191256830601,149.1329479768786,164.41717791411043,78.83817427385891,207.85714373673468,83.8984098317729,5.362415185045754,7.743702705362995
SALAMCRST,S. Alam Cold Rolled Steels Limited,11.5,-2.542372881355938,-7.258064516129035,-8.0,-22.297297297297302,-31.952662721893486,-22.81879194630873,-42.211055276381906,-69.97389033942558,-54.54545454545455,-75.84033613445378,4.734340456890197,5.309937068677728
SALVO,Salvo Organic Industries PLC,29.1,-3.322259136212624,-4.590163934426225,-14.912280701754389,-24.8062015503876,-10.185185185185176,-3.960396039603958,-15.652173913043475,-44.35946462715105,150.6464855464786,69.97970865183541,4.002950908316855,4.29285648535422
SAMATALETH,Samata Leather Complex (Pvt.) Ltd.,96.4,-3.9840637450199203,13.67924528301888,3.6559139784946297,-0.618556701030922,15.035799522673042,14.761904761904768,-7.396733909702199,6.873614190687364,298.08906758490457,555.519997902336,6.580963887271986,6.970097893893075
SAMORITA,Samorita Hospital Ltd.,88.4,-2.6431718061673917,-9.42622950819671,-8.01248699271591,0.34052213393871894,26.647564469914055,21.59559834938102,14.064516129032263,13.322000159910434,70.37424859593628,125.18683865360718,4.259483205179459,6.473528434726222
SANDHANINS,Shandhani Life Insurance Co.Ltd,23.7,-1.250000000000003,-4.048582995951417,-7.058823529411767,-8.494208494208493,18.499999999999996,22.79792746113989,0.42372881355931297,-39.38618925831202,14.909091800506886,-44.336683970279395,2.74616434307451,3.180395826591618
SAPORTL,Summit Alliance Port Limited,58.7,0.0,-4.084967320261438,-1.8394648829431344,15.09803921568628,16.23762376237624,39.42992874109264,39.42992874109264,82.86604361370716,52.9949874554601,178.53253517689052,3.2263488806793403,2.768481379992188
SBACBANK,SBAC Bank PLC.,6.6,0.0,-1.4925373134328437,-5.71428571428572,3.124999999999989,0.0,6.451612903225797,-15.384615384615387,-65.81538462765602,-36.97599990214093,-36.97599990214093,2.7272727272727306,3.448967674604201
SEAPEARL,Sea Pearl Beach Resort & Spa Ltd.,34.3,-2.2792022792022912,-5.769230769230774,-4.9861495844875465,-16.136919315403425,-9.736842105263165,3.9393939393939306,-24.780701754385973,-35.887850467289724,42.916667023958325,42.916667023958325,3.472838660998314,5.539823968586099
SEMLFBSLGF,SEML FBLSL Growth Fund Units,6.7,0.0,-9.459459459459461,-4.285714285714283,9.836065573770501,28.846153846153847,36.73469387755101,28.846153846153847,-33.0,9.836065573770501,9.836065573770501,5.252609804466887,4.575853784672179
SEMLIBBLSF,SEML IBBL Shariah Fund Units,7.8,0.0,-4.8780487804877986,-2.500000000000002,6.8493150684931505,25.80645161290322,34.48275862068966,18.181818181818183,-23.529411764705877,-43.065693430656935,-43.065693430656935,2.288711288711288,2.134668068134383
SHAHJABANK,Shahjalal Islami Bank PLC,17.2,-0.5780346820809331,-0.578034682080933,-2.824858757062147,-1.7142857142857184,-4.444444444444448,4.878048780487809,-7.02702702702703,-15.638095550234292,111.60304558442736,5.727014595269514,1.510283640274232,1.736908334554531
SHARPIND,Sharp Industries PLC,17.4,-1.6949152542372923,-3.8674033149171425,-26.890756302521016,-21.26696832579187,3.5714285714285587,34.88372093023254,0.5780346820809125,6.7484662576686985,6.7484662576686985,6.7484662576686985,5.143433220531005,7.787349004454561
SHASHADNIM,Shasha Denims PLC,27.5,-0.7220216606498169,1.8518518518518519,-3.508771929824561,8.267716535433077,43.979057591623025,72.95597484276729,32.21153846153845,-10.130718954248369,-3.9454573497454852,-17.613218584353092,3.1971713239286443,4.237128218529478
SHEPHERD,Shepherd Industries PLC,11.9,-4.032258064516129,-7.751937984496124,-23.717948717948715,-29.999999999999996,-13.768115942028986,-11.194029850746269,-32.38636363636364,-40.20833356048304,-67.20227797829577,-67.20227797829577,4.057652921415176,5.518189438662954
SHURWID,Shurwid Industries Ltd,5.6,1.818181818181812,-1.75438596491229,-9.677419354838719,-15.151515151515152,-17.647058823529413,21.73913043478261,11.999999999999993,-72.54901960784314,-37.14285721982508,-81.35789481025766,4.74170274170274,3.8181664647272777
SHYAMPSUG,Shyampur Sugar Mills Ltd.,319.6,8.633582596872888,7.28432359852301,4.342148220698665,12.29796205200281,97.89473684210527,110.26315789473686,61.08870967741936,185.61215370866844,2134.9650349650346,3895.0000000000005,4.9530276330081175,5.0617655441289875
SICL,"Sikder Insurance Co., Ltd.",35.0,-0.5681818181818262,-2.234636871508372,-11.83879093198993,-13.580246913580247,68.26923076923077,89.1891891891892,50.862068965517246,29.62962962962963,29.62962962962963,29.62962962962963,3.201936637624985,4.809825304217758
SILCOPHL,Silco Pharmaceuticals Ltd.,15.4,-4.938271604938265,-10.465116279069761,-15.38461538461538,-26.3157894736842,4.76190476190477,12.4087591240876,-8.333333333333334,-53.048780487804876,-36.79104484451715,-36.79104484451715,4.637855748373456,5.406580208875303
SILVAPHL,Silva Pharmaceuticals Ltd.,11.5,-4.958677685950411,-9.448818897637791,-17.266187050359715,-28.125,-5.737704918032781,19.79166666666667,-5.737704918032781,-54.0,-68.22368413108552,-68.22368413108552,4.146564799094511,4.953825334101836
SIMTEX,Simtex Industries PLC,24.4,-3.5573122529644357,1.2448132780082868,-7.924528301886798,-10.622710622710631,0.8264462809917327,8.444444444444438,5.627705627705615,10.909090909090903,43.403982122058274,-9.4315456187711,3.283858399672807,3.5770709094872255
SINGERBD,Singer Bangladesh Limited,76.6,-1.288659793814433,-2.0460358056266092,1.861702127659563,-5.432098765432106,-11.954022988505752,-9.882352941176478,-28.744186046511633,-60.124934929724105,-46.46236564493549,-24.514857566062837,3.232608500805467,2.801947195617344
SINOBANGLA,Sinobangla Industries Ltd.,46.0,-3.9665970772442565,-6.882591093117407,-12.380952380952381,-22.297297297297302,-6.122448979591836,0.4366812227074298,-14.338919925512108,1.3165604677859533,75.81403139656472,152.90172470383087,2.8844213184249026,3.3106450444951796
SIPLC,Sena Insurance PLC,142.0,-2.0013802622498313,2.158273381294964,-7.189542483660131,35.23809523809524,108.82352941176471,166.41651031894935,188.0324543610548,197.071129707113,197.071129707113,197.071129707113,6.651552848498733,8.101494627704275
SKTRIMS,SK Trims & Industries Ltd.,13.4,-3.597122302158273,8.064516129032258,-4.285714285714283,-2.8985507246376834,45.65217391304349,63.414634146341484,41.05263157894738,-68.32151300236407,-63.968888961911944,-63.968888961911944,7.026002449697534,7.613623844085383
SONALIANSH,Sonali Aansh Industries Limited.,225.9,-0.7905138339920873,0.8482142857142883,4.728789986091802,9.183180280328662,44.993581514762504,17.41164241164241,-4.401184934405419,278.3127485869793,995.2727272727273,1573.3333333333333,3.525398166443094,3.755457001993469
SONALILIFE,Sonali Life Insurance PLC,97.0,-0.2057613168724309,14.792899408284024,13.3177570093458,15.201900237529689,65.8119658119658,59.277504105090316,24.518613607188694,39.16786226685795,781.8181818181819,781.8181818181819,4.955631044953362,3.480844700453562
SONALIPAPR,Sonali Paper & Board Mills Ltd.,218.2,-1.8443544759334334,-5.130434782608701,-6.150537634408607,-6.351931330472108,-6.27147766323025,-7.737843551797045,-25.78231292517007,-24.69467034164448,44.57202424462854,44.57202424462854,3.328558680656108,3.5606947904481983
SONARBAINS,Sonar Bangla Insurance Ltd.,41.0,-2.612826603325419,12.947658402203865,5.6701030927835125,-14.583333333333334,55.41516281395562,70.15810315688418,49.479167040364594,-43.91749351750515,308.2868061058057,96.97221091306808,4.228777091343019,4.3458124651872225
SONARGAON,Sonargaon Textiles Limited.,108.6,-2.073940486925168,-1.0928961748633905,5.6420233463035,11.728395061728385,174.24242424242425,249.19614147909968,221.30177514792902,398.1651376146789,1177.6470588235295,481.7857157401785,4.945211784717806,7.308128723762033
SOUTHEASTB,Southeast Bank PLC,11.2,0.9009009009008978,-4.273504273504273,-4.273504273504273,9.803921568627452,24.83333328912153,31.69230764889265,24.83333328912153,-15.747686056837233,5.2950898182628325,-5.882388690050685,2.146388685396605,2.8525219684468266
SPCERAMICS,Shinepukur Ceramics PLC,21.0,-4.545454545454546,-12.5,6.060606060606057,-13.934426229508192,0.9615384615384581,43.83561643835616,5.527638190954781,-50.588235294117645,121.05263157894737,-7.47126463724843,4.650598040107774,5.249213150512185
SPCL,Shahjibazar Power Co Ltd,49.3,-2.7613412228796954,-1.4000000000000057,-6.981132075471703,-17.142857142857146,0.817995910020447,3.7894736842105203,4.893617021276589,-58.58481415090972,-60.68563026364935,89.85807690909233,2.877081058942104,3.428104394701364
SQUARETEXT,Square Textiles PLC,48.3,-0.41237113402062436,-1.2269938650306778,-2.42424242424243,-7.29366602687141,1.0460251046025104,-0.4123711340206244,-13.129496402877706,-8.000000000000005,-21.91972101527696,-36.7058863491886,1.778591099274399,2.440526800641003
SQURPHARMA,Square Pharmaceuticals PLC,217.6,-0.1834862385321127,0.09199632014718888,0.2764976958525319,-2.770330652368193,-0.6392694063926967,9.346733668341706,0.7407407407407381,-9.333333333333336,14.438155230623218,107.88060026313961,0.5253144008828586,0.7749512522216724
SSSTEEL,S.S. Steel Ltd,5.6,-1.75438596491229,-5.084745762711876,-18.840579710144933,-26.315789473684212,0.0,36.58536585365854,5.660377358490563,-77.00380238349643,-84.9767681762511,-84.9767681762511,4.600340977836444,4.718125991853286
STANCERAM,Standard Ceramic Industries Ltd.,64.1,-1.9877675840978766,-1.3846153846153935,-6.695778748180507,-9.845288326300984,-3.753753753753754,-8.55920114122682,-14.533333333333339,-69.63524396020843,29.23387096774192,161.63265306122446,3.6828174515031136,5.531513849157978
STANDARINS,Standard Insurance PLC,49.2,-0.6060606060606003,-7.692307692307682,-2.9585798816568047,-6.106870229007625,31.550802139037447,25.83120204603581,26.80412371134022,-45.514950166112946,400.23416449273236,88.49945406132966,2.7837530312249834,3.739887445192285
STANDBANKL,Standard Islami Bank PLC,4.3,0.0,-4.444444444444448,-2.2727272727272845,-8.510638297872347,-18.867924528301888,-10.416666666666668,-30.645161290322584,-52.51818292995904,-28.581972932996248,-52.53264951735761,2.781133595087082,3.2572279728727866
STYLECRAFT,Stylecraft Limited,51.7,-1.711026615969579,-1.8975332068311195,-4.963235294117639,-4.259259259259254,-2.268431001890351,9.533898305084746,-30.974632843791728,-68.93028846153845,8.945450527618373,110.51072535186728,3.687526907377648,5.30824026175305
SUMITPOWER,Summit Power Ltd.,15.1,-0.657894736842103,-1.9480519480519527,-4.43037974683545,-12.716763005780352,7.857142857142855,21.774193548387093,0.6666666666666643,-68.80165289256198,-52.95950155763239,-67.1109589502894,1.9790159400579102,2.8212926280346795
SUNLIFEINS,Sunlife Insurance Co. Ltd.,59.7,5.291005291005291,9.54128440366973,17.75147928994083,-20.4,-2.9268292682926784,13.282732447817835,4.920913884007038,62.22826086956523,242.10112246157496,-35.45236045423722,5.562195878460365,6.051427168452603
TAKAFULINS,Takaful Islami Insurance PLC,50.6,-2.8790786948176583,-7.664233576642328,-4.52830188679245,2.84552845528455,61.14649681528663,48.82352941176471,44.159544159544154,-7.999999999999998,282.6722287908742,64.79698779089237,3.9046425454798963,4.206894149049989
TALLUSPIN,Tallu Spinning Mills Limited,6.6,-2.941176470588238,-7.042253521126761,-17.500000000000004,-21.428571428571434,-17.500000000000004,4.761904761904759,8.196721311475411,-47.61904761904762,-56.29139072847682,-71.3043478510397,3.9766899766899813,4.432450916483047
TAMIJTEX,Tamijuddin Textile Mills PLC,111.0,-0.9812667261373723,-3.3101045296167224,-9.75609756097561,-16.541353383458645,-2.546093064091313,-11.904761904761905,-14.195361995269465,-27.278141824240578,742.068964355767,742.068964355767,3.254644919397681,3.969367476767232
TECHNODRUG,Techno Drugs Ltd.,36.7,-9.828009828009828,-8.249999999999993,-16.018306636155604,-16.78004535147392,-2.1333333333333258,25.684931506849328,-2.910052910052895,39.01515151515154,39.01515151515154,39.01515151515154,4.07454744072173,4.346849764960484
TILIL,Trust Islami Life Insurance Ltd.,45.2,-1.7391304347826024,1.8018018018018114,-0.6593406593406531,-16.29629629629629,0.44444444444445075,1.8018018018018114,-24.666666666666664,310.90909090909093,310.90909090909093,310.90909090909093,3.754162475929914,4.417741989620126
TITASGAS,Titas Gas Transmission and Distribution PLC,16.8,-3.999999999999996,-6.6666666666666625,-7.6923076923076845,-15.15151515151515,-6.6666666666666625,7.6923076923077,-15.57788944723617,-60.747663551401864,-65.78411405295314,-73.66771159874608,3.00182015529766,3.516193091893031
TOSRIFA,Tosrifa Industries PLC,18.9,-2.072538860103638,-2.577319587628866,-13.698630136986303,-12.093023255813959,9.248554913294784,11.176470588235286,-10.849056603773588,-11.943182170409093,-4.50176072478577,-56.46999259630579,3.2224379541899255,5.441488324801165
TRUSTB1MF,Trust Bank 1st Mutual Fund Units,3.6,0.0,-5.2631578947368345,-9.999999999999998,16.129032258064516,9.0909090909091,50.00000000000001,9.0909090909091,-43.75,-14.46400043178573,-44.88760044263523,3.3033033033033004,5.027658454792465
TRUSTBANK,Trust Bank PLC,13.3,-0.7462686567164152,-2.2058823529411686,-10.135135135135135,-16.35220125786163,-20.65340889254261,-19.741379109698265,-21.983240005539777,-38.81985507891991,26.441977586602246,40.11970027759779,1.4947817304455109,1.9290125152453264
TUNGHAI,Tung Hai Knitting & Dyeing Ltd,4.6,0.0,6.976744186046508,0.0,53.33333333333332,17.948717948717942,187.49999999999994,129.99999999999997,-34.28571428571429,-58.18181821983472,-81.4466667042681,6.947768856570554,7.791719359209136
UCB,United Commercial Bank PLC,8.6,-2.2727272727272845,0.0,-6.52173913043478,-4.444444444444448,-7.5268817204301195,-18.0952380952381,-17.307692307692314,-36.40457292827415,-30.50242779303464,-32.18219849171854,2.3149498189594504,3.407107182141205
UNILEVERCL,Unilever Consumer Care Limited,1975.2,0.13688212927756885,-0.005062522148529796,-3.024351924587584,-4.348668280871669,-6.477272727272726,-8.555555555555554,-16.980497646267644,9.733333333333336,95.58856294095804,490.71401869158876,0.5081538932878378,0.7797310034677613
UNIONCAP,Union Capital Limited,4.0,-2.439024390243894,-4.761904761904766,-13.04347826086956,-13.04347826086956,-24.52830188679245,42.85714285714287,-4.761904761904766,-71.01449275362319,-66.7739724760655,-78.85323328852984,4.47806664879836,4.8857827093991135
UNIONINS,Union Insurance PLC,47.9,-0.8281573498964775,1.9148936170212736,-8.237547892720315,14.319809069212411,41.29793510324484,30.163043478260878,43.41317365269461,335.45454545454544,335.45454545454544,335.45454545454544,4.699075958165605,4.3746409044765215
UNIQUEHRL,Unique Hotel & Resorts PLC,42.2,1.4423076923076956,-0.47169811320753713,-2.5404157043879776,-8.260869565217385,9.610389610389618,10.182767624020903,1.9323671497584645,-30.819672131147538,-8.061002178649227,-66.69297553275453,3.0527741069595797,3.677504326593108
UNITEDFIN,United Finance PLC,16.2,-1.219512195121947,-4.705882352941181,-9.497206703910612,-2.40963855421688,30.64516129032257,39.6551724137931,17.391304347826075,-36.964980544747085,-12.875609341937954,-30.510594647281895,2.789229000889991,3.9265886258578586
UNITEDINS,United Insurance Company Limited,58.3,-2.0168067226890805,-6.119162640901778,-8.333333333333341,30.42505592841162,34.02298850574712,39.473684210526315,40.14423076923076,-12.855007473841567,156.30228345120528,52.70566460856118,3.637894155992618,4.293514229705942
UPGDCL,United Power Generation & Distribution Co. Ltd.,113.0,-0.08841732979663512,-1.6536118363794652,-1.8245004344048605,-12.808641975308639,-3.4188034188034186,-2.670111972437549,-21.79930795847751,-62.73087071240106,20.002393731288446,102.58363264633297,0.952781022227523,1.7364968547907913
USMANIAGL,Usmania Glass Sheet Factory Limited,53.4,4.093567251461992,-1.6574585635359091,-15.506329113924057,-7.772020725388601,39.79057591623035,57.05882352941176,45.901639344262286,-25.730180806675946,-27.988450062650834,10.116816472058327,5.048167792432762,6.43350012405634
UTTARABANK,Uttara Bank PLC,20.6,-0.4830917874396033,-0.9615384615384581,-0.9615384615384581,-5.069124423963124,2.182539682539689,12.445414847161578,19.76744186046513,52.17113985452896,130.11944674955183,58.95849885353228,0.5834714657826101,0.8076135078111784
UTTARAFIN,Uttara Finance and Investments Limited,11.3,-0.8771929824561372,-5.042016806722686,-13.076923076923073,-15.037593984962406,-12.403100775193796,14.141414141414144,-13.740458015267167,-76.45833333333334,-79.43674171822717,-84.02509177534236,5.252161898614987,5.239832157198591
VAMLRBBF,Vanguard AML Rupali Bank Balanced Fund Units,8.4,1.2048192771084292,2.4390243902439157,3.7037037037037126,9.090909090909092,40.00000000000001,47.368421052631575,44.82758620689656,-5.617977528089887,-23.63636363636363,-23.63636363636363,5.644906743185085,2.8717806260420273
VFSTDL,VFS Thread Dyeing Ltd.,12.2,-3.174603174603177,-8.955223880597023,-20.779220779220786,-28.65497076023393,5.172413793103446,-4.687500000000011,52.49999999999999,-51.66037724721823,-48.49966790496303,-48.49966790496303,3.330628966992608,5.177882800613518
WALTONHIL,Walton Hi-Tech Industries PLC,331.7,-0.5397301349325372,-2.7272727272727306,-7.651227629423985,-8.553884803225563,-2.9859080999209984,-3.981579043386847,-13.721920162170502,-68.49631089505475,6.179100316629963,6.179100316629963,0.7013227230353611,1.6116600702458648
WATACHEM,Wata Chemicals Ltd.,125.3,-2.4143302180685424,-2.032838154808451,-9.33429811866859,-13.227146814404438,-3.6153846153846176,-11.760563380281692,-13.586206896551726,-59.85261134251842,33.62070332861498,493.86979191720553,2.3654645048858667,3.701861040644216
WMSHIPYARD,Western Marine Shipyard Limited,8.1,-3.5714285714285796,-6.896551724137928,-12.903225806451625,-20.588235294117645,-13.82978723404256,-1.219512195121947,-10.989010989010989,-47.05882352941177,-38.62792004700611,-76.47403604475673,4.626763622941924,3.508765734857516
YPL,Yeakin Polymer Ltd.,19.4,0.0,-11.415525114155251,-14.159292035398241,-24.513618677042807,11.49425287356322,9.604519774011296,12.138728323699409,37.588652482269495,-29.349357129297267,-22.5777300055589,5.021224618534129,6.799462810391721
ZAHEENSPIN,Zaheen Spinning PLC,4.7,-4.081632653061227,-7.84313725490195,-17.543859649122805,-16.071428571428562,-21.66666666666666,17.500000000000004,-11.320754716981126,-54.36893203883495,-62.84062504737821,-66.9757204984174,6.3238095238095156,5.3780054565236535
ZAHINTEX,Zahintex Industries Ltd.,7.4,-6.329113924050632,-1.3333333333333286,-12.941176470588232,-20.430107526881724,8.823529411764714,27.586206896551733,23.33333333333334,-22.105263157894733,-54.21250025040039,-68.80541955654084,6.347974928430263,5.88872980336772
ZEALBANGLA,Zeal Bangla Sugar Milla Limited,183.7,7.868467410452129,-0.7027027027027088,-3.3157894736842164,0.38251366120217956,36.17494440326166,28.461538461538456,72.97551789077211,35.073529411764696,758.411214953271,2011.4942528735635,5.86740255141128,6.815093243589352
