Symbol,Name,Price,Change %,Perf % 1W,Perf % 1M,Perf % 3M,Perf % 6M,Perf % YTD,Perf % 1Y,Perf % 5Y,Perf % 10Y,Perf % All Time,Volatility 1W,Volatility 1M
1JANATAMF,First Janata Bank Mutual Fund Units,4.2,0.0,13.513513513513512,31.25,40.00000000000001,75.00000000000001,61.53846153846153,20.000000000000004,-52.80898876404494,-3.976471052913866,-22.748394495057212,7.08559626082091,6.328270559194749
1STPRIMFMF,Prime Finance First Mutual Fund 2009 Units,25.1,-1.5686274509803866,5.462184873949582,1.2096774193548416,30.051813471502594,29.381443298969085,25.500000000000007,13.574660633484163,18.39622641509435,206.0975609756098,-17.973856209150327,5.215319690733488,4.641752436545537
AAMRANET,aamra networks ltd,21.2,-0.9345794392523332,0.0,2.9126213592232904,29.268292682926834,33.33333333333333,19.101123595505612,13.368983957219251,-42.838297275460725,-64.81066388158698,-64.81066388158698,2.884540948052034,3.5307417933476724
AAMRATECH,Aamra Technologies Limited,21.4,-0.46511627906977404,10.309278350515465,25.882352941176464,59.70149253731341,87.71929824561401,73.98373983739835,64.61538461538461,-26.11074946389569,0.0764704419470303,-27.222166823969893,5.315239204824097,4.936036532967013
ABB1STMF,AB Bank 1st Mutual Fund 2011 Units,4.2,-2.3255813953488293,7.6923076923077,27.272727272727284,35.483870967741936,61.53846153846153,55.55555555555555,13.513513513513512,-46.153846153846146,-2.9296006011375617,-37.34997201527666,8.149749373433584,7.125663850785476
ABBANK,AB Bank PLC,5.0,0.0,0.0,0.0,6.382978723404252,6.382978723404252,21.95121951219513,-28.571428571428573,-60.396948356757306,-61.62161577690488,-78.27377530164324,3.6408163265306057,3.53638277821951
ACFL,Aman Cotton Fibrous PLC,24.4,1.6666666666666607,6.086956521739125,1.6666666666666607,31.891891891891884,35.55555555555555,35.55555555555555,19.607843137254903,-50.102249488752555,-59.333333333333336,-59.333333333333336,3.462080921144158,3.720817683903655
ACI,Advanced Chemical Industries PLC,204.7,1.3366336633663312,2.8643216080401954,-0.1463414634146397,6.337662337662332,-0.7755695588948244,4.974358974358968,5.9523809523809526,-13.423730339669573,-20.94550014772733,228.6990879106767,1.8567438966726637,2.2582970484857974
ACIFORMULA,ACI Formulations PLC,180.0,0.6148686416992701,6.1320754716981165,16.58031088082901,26.493323963457474,33.53115727002967,39.53488372093023,31.964809384164216,16.379310635775873,16.45101692322016,161.0497244095304,3.746175346303641,4.233979224501711
ACMELAB,ACME Laboratories Ltd.,83.6,0.0,0.7228915662650534,1.2106537530266344,9.999999999999993,10.728476821192045,17.251051893408132,3.8509316770186266,8.571428571428564,-26.5377855887522,-38.07407407407408,1.662489842884504,2.3331309890868592
ACMEPL,ACME Pesticides Ltd,24.9,-0.40000000000000563,16.35514018691589,7.32758620689655,3.319502074688785,49.99999999999998,56.603773584905646,61.68831168831167,126.36363636363635,126.36363636363635,126.36363636363635,5.590631046094403,3.725285626657733
ACTIVEFINE,Active Fine Chemicals Ltd.,7.0,0.0,4.477611940298504,0.0,6.060606060606066,25.000000000000007,29.629629629629623,-22.22222222222222,-73.07692307692308,-71.01910819165077,-76.26086939842419,3.5123614663256557,3.771666710457413
ADNTEL,ADN Telecom Ltd.,68.5,1.032448377581125,2.0864381520119313,-0.43604651162790287,11.563517915309449,6.366459627329183,18.307426597582044,-11.953727506426732,24.772313296903466,69.1358024691358,69.1358024691358,2.1451148202316466,2.798543819563806
ADVENT,Advent Pharma Ltd.,16.7,3.7267080745341477,8.441558441558435,2.453987730061341,21.897810218978105,17.605633802816904,24.62686567164178,5.031446540880496,-39.809187476101386,-54.65549228694621,-54.65549228694621,3.029789491024328,2.5401875158533835
AFCAGRO,AFC Agro Biotech Ltd.,7.4,4.225352112676067,7.246376811594202,-9.756097560975597,12.121212121212132,39.622641509433976,48.00000000000001,-10.843373493975907,-78.23529411764706,-76.43384606110426,-67.70454996682288,3.3728994974412716,4.666707430065455
AFTABAUTO,Aftab Automobiles Ltd.,30.6,0.32786885245902103,2.684563758389264,-2.5477707006369337,12.08791208791209,-0.649350649350647,-10.526315789473687,-12.320916905444118,2.2318186911185145,-31.845454205920984,-55.01799963344168,2.4331843007719254,2.840765175184443
AGNISYSL,Agni Systems PLC,33.6,2.752293577981647,2.752293577981647,10.891089108910892,37.7049180327869,60.765550239234464,61.53846153846153,28.244274809160316,29.72972972972974,114.89613415554284,81.29584866121837,3.8796915335470477,4.228011761222676
AGRANINS,Agrani Insurance PLC,31.2,0.0,6.122448979591839,17.293233082706756,39.28571428571429,29.46058091286306,31.09243697478991,14.705882352941178,-31.625246343225147,270.9789683259667,89.10952182310609,4.021730970911295,4.618075125974523
AIBL1STIMF,AIBL 1st ISLAMIC Mutual Fund 2010- Units,6.6,0.0,-1.4925373134328437,53.48837209302325,69.23076923076923,88.57142857142856,94.11764705882354,15.789473684210515,-31.958762886597935,-9.589041095890414,-14.285714285714294,7.767183533312565,7.935920173748478
AIL,Alif Industries Ltd.,37.9,0.2645502645502683,0.2645502645502683,12.130177514792903,15.548780487804883,40.89219330855019,-6.87960687960689,-21.041666666666668,-0.738095337357138,-65.68592317441728,-65.68592317441728,2.5988331494213917,3.725952945024597
AL-HAJTEX,Alhaj Textile Mills Limited,98.5,-2.0874751491053622,-3.3366045142296423,-4.830917874396135,-0.8056394763343375,-24.80916030534351,-28.2069970845481,-26.820208018337304,115.53610503282275,45.34756054949326,325.40958530968675,3.2945120305364908,4.263029006420619
ALARABANK,Al-Arafah Islami Bank PLC,16.3,-1.2121212121212077,-6.857142857142853,5.844155844155845,18.97810218978103,-4.117647058823525,8.66666666666667,-13.297872340425531,-24.015301826488002,39.85236971071818,-8.90557349193947,3.6587969325346457,3.338668933461249
ALIF,Alif Manufacturing Company Ltd.,5.6,0.0,1.8181818181818117,1.8181818181818117,0.0,43.589743589743584,39.99999999999999,-6.666666666666672,-61.904761904761905,-34.78564832746982,-66.83850212678662,3.2532467532467573,4.032586279829603
ALLTEX,Alltex Industries Limited,22.9,6.511627906976737,17.43589743589743,30.85714285714285,45.859872611464965,65.94202898550722,70.89552238805969,106.30630630630631,40.49079754601225,21.80851063829786,199.67901132455052,5.029841286115336,4.242401057106137
AMANFEED,Aman Feed PLC,37.4,-0.2666666666666705,0.5376344086021391,9.356725146198816,32.155477031802114,53.278688524590166,62.6086956521739,52.03252032520324,-49.79865771812081,-35.57590322935938,11.527617160241196,3.190073858011411,3.9215875686472987
AMBEEPHA,Ambee Pharmaceuticals PLC,811.1,0.22241443222538843,1.3875000000000028,7.416236260098,7.501656726308816,6.7939433838051375,12.65277777777778,-2.862275449101794,87.32101616628175,148.270584634221,333.9366936638755,1.5332117259555769,2.2597917372737255
AMCLPRAN,Agricultural Marketing Co. Ltd.,226.7,-0.13215859030837504,0.1767565178965874,1.9334532374100641,5.343866171003718,6.6823529411764655,12.061295106277793,-0.04409171075838745,11.895360315893384,9.305689488910309,84.30894308943088,2.873639763639148,2.873273700031608
ANLIMAYARN,Anlima Yarn Dyeing Ltd.,33.5,1.8237082066869346,0.6006006006006092,3.076923076923077,67.5,79.14438502673796,61.05769230769231,42.5531914893617,-16.458852867830426,-1.1799410029498483,67.5,4.922079732955862,4.914865018518387
ANWARGALV,Anwar Galvanizing Ltd.,111.8,-0.08936550491511039,-0.9743135518157736,-4.770017035775135,12.361809045226128,17.684210526315788,29.099307159353355,59.714285714285715,-36.11428622537142,225.5352919700716,1283.5249915777918,2.135125240249429,2.8737906476186628
AOL,Associated Oxygen Ltd,17.7,0.568181818181806,1.724137931034487,-2.209944751381227,12.025316455696194,26.428571428571423,16.447368421052634,14.935064935064927,-66.42021279536954,36.36079926059719,36.36079926059719,1.4863860277653382,2.4661958387925327
APEXFOODS,Apex Foods Limited,282.1,1.1111111111111194,-0.5289139633286318,-0.17692852087756544,2.693847834000741,8.500000000000009,14.768104149715219,27.072072072072082,92.6912568306011,136.6610738255034,293.9944134078213,2.14520323163179,3.319613955442784
APEXFOOT,Apex Footwear Ltd.,217.1,-0.36714089031666425,1.4960261804581527,4.879227053140094,8.876629889669001,15.172413793103447,21.0819854991634,22.406405051871886,65.97817552236113,13.009574211729454,62.912427430699545,1.33981981120513,2.2692984136550804
APEXSPINN,Apex Spinning and Knitting Mills Ltd.,351.9,-1.096121416526148,-6.880127017729558,-12.679900744416878,-0.0851788756388448,51.68103448275861,95.49999999999999,136.81022880215343,174.92187499999997,271.59450897571276,402.71428571428567,3.4397531033291826,4.795033696346881
APEXTANRY,Apex Tannery Limited.,104.1,-0.19175455417066428,1.9588638589618024,-1.6068052930056738,9.005235602094235,44.986072423398326,74.66442953020133,46.619718309859145,-8.684210526315795,-30.96816976127322,42.40766073871409,2.265882128522577,4.092989171577625
APOLOISPAT,Appollo Ispat Complex Ltd.,3.3,0.0,3.124999999999989,0.0,-5.71428571428572,83.33333333333331,94.11764705882354,-5.71428571428572,-69.72477064220183,-73.11901976032506,-86.45198591382432,5.568181818181813,6.4707364525818125
ARAMIT,Aramit Limited,205.8,-0.9147809340394691,1.3793103448275918,-3.3348990136214156,20.21028037383179,20.70381231671555,13.263621353880035,4.839531329597555,-37.598544572468164,-52.13953488372093,-2.924528301886787,3.2388720227520675,4.773806723463701
ARAMITCEM,Aramit Cement Limited,12.5,1.6260162601625958,-1.5748031496062938,4.166666666666667,16.822429906542062,9.649122807017541,42.04545454545453,-3.8461538461538463,-80.15873015873017,-66.21621621621621,-65.41242978270148,3.9482416399831237,5.266706223214216
ARGONDENIM,Argon Denims Ltd.,24.7,-1.5936254980079765,17.061611374407573,23.499999999999996,44.44444444444443,45.29411764705882,40.34090909090907,36.46408839779004,-6.578225985309106,52.18897984624493,-35.94014609098143,5.921764770683823,4.265414958172538
ASIAINS,Asia Insurance PLC,43.9,0.22831050228310826,3.5377358490566038,-0.2272727272727305,14.025974025974023,14.921465968586375,59.636363636363626,66.92015209125475,-55.5668016194332,259.8360655737705,32.83861702669588,3.193204891778965,3.6974247456765577
ASIAPACINS,Asia Pacific General Insurance PLC,50.9,0.19685039370079022,16.21004566210046,10.893246187363834,23.844282238442815,26.302729528535988,61.0759493670886,46.68587896253601,-27.389443651925816,271.5328467153285,50.147492625368734,4.390406337474813,4.288345249851883
ASIATICLAB,Asiatic Laboratories Ltd,119.7,-2.9983792544570522,-2.7619821283509274,-7.710100231302997,9.917355371900824,78.65671641791045,148.34024896265558,169.5945945945946,108.90052356020945,108.90052356020945,108.90052356020945,4.399087820766621,4.465974737310444
ATLASBANG,Atlas Bangladesh Limited,95.1,-1.4507772020725447,6.734006734006734,32.821229050279335,27.65100671140939,76.76579925650557,67.7248677248677,50.23696682464455,-22.049180327868857,-0.6377055445527318,-15.453559202735072,4.5906513002462646,6.662676631098242
AZIZPIPES,Aziz Pipes Limited.,79.8,1.6560509554140093,12.236286919831228,0.8849557522123931,17.352941176470583,89.54869358669832,70.51282051282051,49.999999999999986,-23.92755004766445,77.99320941764755,413.21375374838493,4.066612275224442,4.7043118443890375
BANGAS,Bangas Limited,135.7,-0.07363770250369862,-0.8765522279035917,-0.220588235294126,2.1068472535741027,4.384615384615376,4.064417177914097,26.822429906542048,7.869634340222569,-11.332386409481563,-3.2170457916696398,1.895018349498149,2.6487582852136784
BANKASIA,Bank Asia PLC,18.0,0.0,-1.098901098901095,-1.6393442622950858,-3.316832094789726,-4.731707737647829,6.141303882304167,-0.35714324859693675,9.607142323395216,79.88613279748371,54.846322788455026,0.9987859707604123,2.0315867487588477
BARKAPOWER,Baraka Power Ltd.,9.3,0.0,16.250000000000007,12.048192771084336,13.414634146341482,20.779220779220786,36.764705882352956,-17.699115044247787,-66.30434782608695,-58.812029722647715,-59.01408411059057,5.482374367205825,3.7593729341983098
BATASHOE,Bata Shoe Co. (Bangladesh) Ltd.,908.0,0.35366931918656563,0.8888888888888888,2.598870056497175,9.397590361445783,10.596833130328868,12.921278447954231,5.569119869782581,38.71066300030552,-24.459234608985025,76.31067961165049,1.0601961264315445,1.6835669966576643
BATBC,British American Tobacco Bangladesh Co Ltd,247.8,-1.6276300119094855,9.16299559471366,12.738853503184712,12.482977757603267,-7.295173961840629,-0.080645161290318,-18.217821782178216,-56.442256987168214,-15.20151921722277,166.13365687080997,4.059785172034048,2.349908057384937
BAYLEASING,Bay Leasing and Investment Ltd.,5.5,5.769230769230766,3.773584905660381,17.021276595744677,17.021276595744677,37.5,66.66666666666669,19.565217391304355,-80.5555555103816,-64.07315748451659,-79.03916335029358,6.998491704374056,5.652314627840841
BBS,Bangladesh Building Systems PLC,16.3,3.164556962025316,8.66666666666667,0.0,32.52032520325203,83.14606741573033,77.17391304347828,48.181818181818194,-25.909090909090903,-34.57422593864595,-24.82578530242991,3.374167965598817,3.358426961128243
BBSCABLES,BBS Cables PLC,23.7,1.7167381974248865,6.756756756756757,0.42372881355931297,15.609756097560973,66.90140845070422,55.92105263157895,43.636363636363626,-59.61476022890542,-18.014355001495883,-18.014355001495883,2.738655616373497,2.495907338988701
BDAUTOCA,Bangladesh Autocars Limited,209.4,-0.6641366223908945,0.7215007215007215,-3.900871959614502,-8.956521739130432,63.849765258215974,64.88188976377953,97.54716981132076,53.406593406593416,633.6727344980245,869.9402253492143,3.9868701169775562,3.8029956929014537
BDCOM,BDCOM Online Ltd.,33.7,2.743902439024408,4.984423676012465,0.8982035928143841,17.832167832167837,30.620155038759698,29.615384615384624,48.05439364305292,36.09615451616569,96.70453009207819,180.24117602176702,2.3853985604646843,4.77639258443956
BDFINANCE,Bangladesh Finance PLC,14.0,1.4492753623188355,7.6923076923076925,3.7037037037037037,16.666666666666668,9.374999999999995,7.6923076923076925,23.893805309734507,-68.88888900641975,80.4927774100438,-13.830047011568912,3.3719336600961465,4.291932934143588
BDLAMPS,Bangladesh Lamps PLC,183.1,0.6043956043956012,1.722222222222219,2.290502793296086,-5.472379969024263,29.85815602836879,36.133828996282524,35.83086053412461,8.421139923047134,2.8435694715309134,63.26416653605533,2.3431968821398343,3.0008420611616224
BDTHAI,Bangladesh Thai Aluminium Ltd.,19.3,-0.5154639175257623,-0.5154639175257623,-6.310679611650488,53.174603174603185,77.06422018348624,72.32142857142858,47.32824427480917,-31.071428571428566,6.849624522115054,21.142017853741127,3.1513333763437092,4.677171670076149
BDTHAIFOOD,BD Thai Food & Beverage Ltd.,25.3,-0.7843137254901933,4.545454545454551,0.7968127490039811,21.05263157894738,76.92307692307692,75.69444444444444,76.92307692307692,109.0909090909091,109.0909090909091,109.0909090909091,4.252929168354325,5.326212889753469
BDWELDING,Bangladesh Welding Electrodes Ltd.,14.1,1.4388489208633042,0.7142857142857117,-2.758620689655175,-2.758620689655175,-15.060240963855431,-22.099447513812162,30.555555555555543,-34.72222222222223,45.31632648612764,-35.823819580602795,2.040699137443645,3.846129498362145
BEACHHATCH,Beach Hatchery Ltd,33.5,0.0,0.9036144578313167,0.0,13.945578231292522,11.666666666666666,-28.418803418803417,-29.473684210526315,48.23008849557521,238.38383838383837,48.41772185715429,2.091733435902796,2.9892037497898887
BEACONPHAR,Beacon Pharmaceuticals PLC,108.6,0.09216589861750628,1.023255813953483,-1.7194570135746658,5.744888023369027,0.1845018450184397,3.7249283667621693,-3.035714285714291,-53.189655172413794,546.4285714285714,605.1948051948051,2.019138979925884,2.4075983778032835
BENGALWTL,Bengal Windsor Thermoplastics PLC,25.0,1.6260162601625958,5.485232067510551,-0.7936507936507908,-1.5748031496062938,42.04545454545453,43.67816091954024,35.13513513513514,-13.793103448275861,-39.69298252226647,-49.49916537603922,2.242757466695445,3.106033757682538
BERGERPBL,Berger Paints Bangladesh Ltd.,1502.0,0.280411269862468,7.285714285714286,5.182072829131653,8.447653429602887,6.517268278845479,8.761766835626357,-3.8412291933418694,-15.189158667419537,36.54545454545455,472.1904761904762,2.570759329694935,1.5302635435207677
BESTHLDNG,Best Holdings PLC,15.6,0.0,2.6315789473684235,4.6979865771812035,22.834645669291344,32.20338983050846,15.555555555555554,-4.294478527607369,-46.93877551020408,-46.93877551020408,-46.93877551020408,2.7163803937997484,3.869429396217695
BEXIMCO,Bangladesh Export Import Company Ltd.,22.5,-3.0172413793103416,-5.063291139240503,-23.728813559322035,-79.56403269754769,-79.56403269754769,-79.56403269754769,-79.56403269754769,-75.10537401711746,10.36679109521704,-43.34444250864574,7.20553646205766,5.447882965280423
BGIC,Bangladesh General Insurance Company PLC,40.6,0.2469135802469171,2.0100502512562923,2.784810126582282,5.454545454545459,16.33237822349571,31.39158576051781,19.411764705882355,-20.85769980506822,185.9154929577465,29.712460063897765,3.4130058248534434,4.1469873733105596
BIFC,Bangladesh Industrial Finance Company Ltd.,4.9,6.521739130434799,0.0,6.521739130434798,-1.999999999999993,145.00000000000003,188.23529411764707,-22.222222222222214,-28.98550724637681,-35.52631578947368,-75.94688758615922,6.293934240362812,8.453639286003934
BNICL,Bangladesh National Insurance Company Ltd,113.5,-1.3043478260869565,-1.218450826805923,-5.652535328345801,38.753056234718834,104.87364620938628,152.22222222222223,172.83653846153848,-7.195421095666393,773.0769230769231,206.75675675675674,4.877438576649332,4.910284631792897
BPML,Bashundhara Paper Mill Ltd.,28.8,0.0,-1.706484641638225,-0.6896551724137907,6.666666666666669,21.518987341772156,11.196911196911206,-13.513513513513505,-39.24050632911392,-81.41935483870968,-81.41935483870968,1.6722893448444376,2.705323646296132
BPPL,Baraka Patenga Power Ltd.,21.1,0.0,5.500000000000007,3.431372549019622,22.674418604651176,33.54430379746836,41.61073825503357,42.56756756756757,-52.04545454545455,-33.855799373040746,-33.855799373040746,2.4352091815786254,2.991251536472531
BRACBANK,BRAC Bank PLC,63.8,0.15698587127157662,-0.6230529595015665,-2.5954198473282486,-0.8513277043930131,-5.815125163458217,16.091799844017846,4.814310712498818,129.00380473776949,264.82062732697807,869.1463509514753,1.6710219728303464,2.0532819547152883
BSC,Bangladesh Shipping Corporation,122.8,0.0,3.1932773109243673,9.447415329768267,18.076923076923073,8.672566371681414,9.349955476402494,6.0449050086355784,164.65517241379314,258.1666677710139,145.89419563509324,2.6012677239352833,3.273500805556569
BSCPLC,Bangladesh Submarine Cables PLC,156.8,0.06381620931718107,-1.9387116948092522,-1.3836477987421312,11.048158640226646,9.573724668064305,22.21356196414653,12.80575539568346,-15.83467525496511,43.85321100917432,258.2362348640621,3.296246391566004,2.91649595860016
BSRMLTD,Bangladesh Steel Re-Rolling Mills Ltd.,103.7,-0.5752636625119792,0.6796116504854397,-3.0841121495327077,22.000000000000004,22.867298578199048,35.910878112712986,23.599523241954703,13.706140350877192,-22.878303782682526,130.0411659731309,3.2211717800346245,4.131494419046828
BSRMSTEEL,BSRM Steels Limited,98.8,-0.5035246727089627,4.43974630021142,14.883720930232556,37.031900138696265,35.15731874145008,55.590551181102356,49.69696969696969,59.61227786752827,9.777777667999997,75.5600002715778,3.43221291089064,3.7820685905397307
BXPHARMA,Beximco Pharmaceuticals Plc,146.0,-3.2471835652750207,-2.0134228187919465,3.9145907473309607,24.25531914893617,25.53740326741187,41.74757281553398,28.634361233480178,-21.08108108108108,86.74418585976744,232.19793751442896,2.2222965011697675,2.7020772638381123
CAPITECGBF,CAPITEC GRAMEEN BDT10 (MUTUAL FUND) Units,11.1,2.7777777777777675,20.652173913043484,46.05263157894737,56.33802816901409,60.86956521739129,63.23529411764706,46.05263157894737,-22.91666666666667,-22.91666666666667,-22.91666666666667,8.444087710974824,5.246042430476446
CAPMBDBLMF,CAPM BDBL Mutual Fund 01 Units,11.9,9.174311926605503,19.000000000000004,19.000000000000004,-2.4590163934426146,15.533980582524268,17.821782178217827,23.95833333333334,-15.60283687943262,10.185185185185182,10.185185185185182,4.755118397372334,4.474585123616459
CAPMIBBLMF,CAPM IBBL Islamic Mutual Fund Units,14.4,0.6993006993006968,9.0909090909091,30.909090909090914,58.241758241758255,82.27848101265822,92.0,65.51724137931036,-35.71428571428571,44.00000000000001,44.00000000000001,6.826293461684118,6.9797915255286105
CENTRALINS,Central Insurance PLC,45.1,3.203661327231118,8.153477218225417,3.678160919540233,11.083743842364532,4.398148148148144,10.810810810810807,5.62060889929742,-29.199372056514918,249.35919216225435,71.30003762550253,3.098684141723685,3.668684118901746
CENTRALPHL,Central Pharmaceuticals Ltd.,12.0,0.8403361344537785,13.207547169811324,15.384615384615381,41.1764705882353,42.85714285714285,36.36363636363635,5.263157894736839,-39.08629441624365,-7.03658531259809,-64.93420008720409,5.47614066503451,4.739378774852574
CITYBANK,City Bank PLC,31.5,0.31847133757962237,0.31847133757962237,-1.5625,9.374999999999998,35.67415691972288,48.463114294714536,34.66542709378325,83.71651539923148,158.90849195220306,210.2814769737939,1.2084108122193413,2.2369870544544663
CITYGENINS,City Insurance PLC,114.0,0.35211267605634305,5.0691244239631335,6.244175209692453,12.983151635282452,34.2756183745583,31.487889273356394,126.64015904572565,179.41176470588238,1165.5045847410556,375.51965620189145,3.995100879740343,1.3842275702564906
CLICL,Chartered Life Insurance PLC,51.5,0.3898635477582902,1.3779527559055176,-3.37711069418386,-7.540394973070023,-15.986949429037518,-7.706093189964153,11.956521739130435,368.1818181818182,368.1818181818182,368.1818181818182,5.374973459624519,5.120293787730853
CNATEX,C & A Textiles Ltd,3.3,3.124999999999989,3.124999999999989,3.124999999999989,-5.71428571428572,43.47826086956522,37.49999999999999,-2.941176470588238,-45.9016393442623,-54.625000045374996,-80.73175351329935,5.705645161290315,6.263619536326646
CONFIDCEM,Confidence Cement PLC,68.6,-0.43541364296082924,2.3880597014925287,1.1799410029498483,13.014827018121895,21.847246891651864,38.86639676113359,22.06405693950176,-45.938884646720005,59.40370162912071,27.926122427094217,1.7886392325243197,3.3746169556613554
CONTININS,Continental Insurance PLC,34.6,0.28985507246377223,2.9761904761904763,3.903903903903917,25.818181818181824,33.07692307692308,42.97520661157026,38.400000000000006,-26.60606043035996,292.52749046709835,50.69375729978417,2.9596731338647206,5.451609817426715
COPPERTECH,Coppertech Industries Ltd,29.2,-1.6835016835016834,9.774436090225555,7.352941176470589,20.164609053497937,54.4973544973545,54.4973544973545,34.56221198156682,-26.9999998175,12.675500851939455,12.675500851939455,4.407939891963952,3.1987302714615327
CROWNCEMNT,Crown Cement PLC,68.4,0.0,-1.2987012987012865,3.479576399394874,39.02439024390244,42.20374220374221,46.153846153846175,36.80000000000001,-7.940780619111697,-8.799999999999992,-15.346534653465335,2.9870632187360067,3.732949587006513
CRYSTALINS,Crystal Insurance Company Ltd,69.0,-0.28901734104046656,-0.43290043290042884,-7.506702412868625,-7.8771695594125575,-21.142857142857142,20.0,52.317880794702,33.862433720780494,405.999999494,405.999999494,2.7095058383877464,3.361343368174504
CVOPRL,CVO Petrochemical Refinery PLC,173.9,-0.5717552887364208,0.4621606008087876,0.23054755043227992,7.015384615384618,9.028213166144203,17.898305084745765,22.03508772786212,47.714285572845014,-20.06726784992892,45.175445830694876,2.0539734150220226,2.628526108481771
DACCADYE,Dacca Dyeing and Manufacturing Company Limited,17.2,0.5847953216374144,0.0,-0.578034682080933,7.499999999999996,4.242424242424238,-11.340206185567007,-0.578034682080933,-30.081300813008138,86.95652173913044,-38.7702266006263,4.74513208181618,3.835256664581432
DAFODILCOM,Daffodil Computers PLC.,170.6,-0.1755412521942723,3.0193236714975846,7.974683544303795,55.09090909090908,292.18390804597703,372.5761772853185,210.74681238615662,195.15570934256056,671.945701357466,986.6242038216561,2.597087070434777,3.1979029950572513
DBH,DBH Finance PLC,43.3,0.0,-0.23041474654378208,4.589371980676325,9.620253164556955,13.054830287206267,23.714285714285708,5.609756097560969,-41.49438998562484,-37.951061827350536,26.26105031901058,2.088629230661567,2.9501553617496787
DBH1STMF,DBH First Mutual Fund Units,6.1,1.6666666666666607,8.928571428571429,29.787234042553177,35.55555555555555,8.928571428571429,-6.1538461538461595,0.0,-38.38383838383839,5.172413793103446,-17.567567567567576,5.642458418774206,6.161519394307844
DELTALIFE,Delta Life Insurance Company Ltd.,79.5,0.2522068095838624,-0.2509410288582219,-1.3647642679900676,3.9215686274509802,8.16326530612245,17.256637168141598,7.869742198100404,-42.59927797833935,-15.605095541401276,-97.63848292578598,2.6937291614125196,3.4111584321511073
DELTASPINN,Delta Spinners Limited,7.9,1.282051282051289,0.0,14.492753623188404,21.538461538461544,49.05660377358492,58.000000000000014,33.89830508474576,-28.181818181818176,19.487499781935323,-49.57671725318256,3.580006491398893,4.179722878154934
DESCO,Dhaka Electric Supply Co. Ltd.,25.8,0.7812499999999972,-1.9011406844106464,1.976284584980237,16.21621621621622,11.206896551724142,25.85365853658537,2.7888446215139413,-27.118644067796605,-49.90291262135922,-61.18911165082379,2.982674360763764,3.133418470423658
DESHBANDHU,Deshbandhu Polymer Limited,23.2,-1.276595744680854,3.5714285714285747,7.407407407407397,29.60893854748604,51.63398692810456,36.47058823529411,20.207253886010356,27.472527472527474,140.75471664044144,7.145145209619556,5.418930497467466,4.040920523296619
DGIC,Desh General Insurance Company Ltd,34.0,-0.29325513196481356,3.3434650455927097,16.838487972508588,53.153153153153156,55.25114155251143,72.58883248730965,47.186147186147174,-26.40692640692641,126.66666666666667,126.66666666666667,4.127630619079358,5.840470590348224
DHAKABANK,Dhaka Bank PLC,12.1,0.8333333333333304,-1.6260162601626102,-3.200000000000003,-3.200000000000003,-6.201550387596905,7.079646017699105,-4.7244094488188955,-1.8009373722184707,31.8968442934404,-5.519652689556159,1.6543602944497169,2.0536297086536233
DHAKAINS,Dhaka Insurance Limited,45.2,-0.22075055187636716,7.109004739336492,7.109004739336492,14.141414141414144,14.72081218274113,25.55555555555556,18.32460732984293,-42.71229404309253,213.8888888888889,-5.168627526845483,3.550216821320623,3.7961237630355846
DOMINAGE,Dominage Steel Building Systems Ltd,84.5,-0.2361275088547849,11.18421052631579,6.022584692597236,29.00763358778626,189.38356164383563,192.38754325259515,530.5970149253731,199.74662237098818,538.819998914006,538.819998914006,6.1284114108376455,4.628861415842642
DOREENPWR,Doreen Power Generations & Systems Ltd.,32.9,-0.6042296072507639,5.1118210862619735,7.868852459016389,7.516339869281036,15.845070422535212,16.666666666666664,29.01960784313725,-37.940210131641656,31.832122671734357,-17.23872301078286,3.1604575657805567,2.9793236244319257
DSHGARME,Desh Garments Limited.,166.3,1.8995098039215828,0.6049606775559588,6.945337620578785,35.42345276872966,52.84926470588237,42.869415807560145,34.221146085552874,5.739884287323704,62.58560791324721,1530.0974496270655,5.085035901711286,5.514461686395215
DSSL,Dragon Sweater & Spinning Ltd.,14.5,0.694444444444442,3.5714285714285716,29.464285714285722,54.25531914893616,83.54430379746834,70.58823529411765,27.192982456140346,-13.1182060863858,158.3999690718404,59.66804023392358,3.2575987841945304,5.489930838970996
DULAMIACOT,Dulamia Cotton Spinning Mills Limited,215.9,-0.32317636195752014,7.896051974012999,3.798076923076926,66.07692307692308,66.46106399383194,59.92592592592593,138.30022075055192,331.8,2940.845070422535,2246.739130434783,5.333042747048854,7.482583771008101
DUTCHBANGL,Dutch-Bangla Bank PLC,48.9,0.0,2.301255230125526,10.135135135135135,20.81176499298796,24.623786719326457,33.01813504757124,13.847006923249522,-5.452135276024516,126.85219553430265,113.94508782997124,3.9935709213154222,3.798857729763962
EASTERNINS,Eastern Insurance PLC,62.6,-0.47694753577106064,7.931034482758623,3.6423841059602697,11.785714285714288,10.211267605633811,24.9500998003992,33.760683760683776,-47.262005054759896,180.71748878923765,71.5068493150685,3.5973309273492697,3.742114758773414
EASTLAND,Eastland Insurance PLC,29.0,-1.3605442176870701,5.839416058394166,11.111111111111105,32.42009132420092,34.25925925925925,55.08021390374332,45.0,-24.479166666666664,111.20243311728379,-18.37083473873775,4.1976007287053205,4.9567703672934655
EASTRNLUB,Eastern Lubricants Blenders PLC,2105.0,0.28107284074127437,3.43980343980344,12.868632707774799,32.53163759994964,32.80757097791798,26.730885009030704,15.744134318640027,213.30195813386422,245.61122256220733,1651.0968609320162,2.594517378239372,2.91493753159103
EBL,Eastern Bank PLC,24.2,0.0,0.0,-3.200000000000003,-5.956850513592432,-3.7606181128761986,2.1557373096925576,-7.338290302125593,3.5410280714038858,79.66245067765531,83.07376247659039,1.2403665586950667,1.222095969574998
EBL1STMF,EBL First Mutual Fund Units,5.4,1.8867924528301987,12.500000000000012,31.70731707317075,45.94594594594595,80.00000000000001,74.19354838709678,17.391304347826104,-43.1578947368421,34.47246117300678,-21.241602796098118,6.610329226030037,6.138442088551663
EBLNRBMF,EBL NRB Mutual Fund,4.2,2.4390243902439157,13.513513513513512,35.483870967741936,31.25,82.60869565217394,82.60869565217394,16.666666666666668,-46.835443037974684,1.775882527756226,-38.866620149598674,7.232629390524128,6.326290087225871
ECABLES,Eastern Cables Ltd.,140.6,-0.6360424028268591,-1.8841591067690278,9.929632525410467,11.675933280381246,23.87665198237885,25.423728813559322,23.00962379702537,-1.5406162464986113,-4.154366389252357,238.89641365471027,3.576969497252966,5.159498394503309
EGEN,eGeneration PLC,27.7,3.7453183520599254,5.7251908396946565,3.7453183520599254,17.372881355932194,37.12871287128713,39.89898989898989,34.466019417475714,-56.85358255451713,84.66666666666667,84.66666666666667,2.4196719503377646,2.9703527914290437
EHL,Eastern Housing Ltd.,94.5,0.9615384615384677,2.2727272727272663,2.383531960996753,16.666666666666668,18.125,29.098360655737697,10.526315789473685,69.05187835420394,185.12931105765088,141.73143969948114,2.398706675439906,3.5460565750323023
EIL,Express Insurance Ltd.,32.7,-0.30487804878047053,5.144694533762062,5.144694533762062,20.664206642066425,10.847457627118654,15.957446808510651,-5.763688760806916,-13.26259946949602,118.00000000000001,118.00000000000001,2.9981009874760676,3.8324786356364697
EMERALDOIL,Emerald Oil Industries Ltd.,30.4,0.0,10.144927536231874,39.44954128440366,111.11111111111109,153.33333333333331,111.11111111111109,38.18181818181818,-18.05929919137467,-15.126903628694382,-29.26153860709646,5.536527970712125,6.273826745659689
ENVOYTEX,Envoy Textiles Ltd.,57.9,0.0,2.6595744680851063,2.841918294849026,17.682926829268283,13.7524557956778,19.38144329896907,24.248927038626604,56.486486486486484,90.66037828038542,29.219245144323285,2.662592384911961,3.1623947343019
EPGL,Energypac Power Generation PLC,20.3,0.4950495049505021,4.63917525773197,2.0100502512562923,8.556149732620328,40.97222222222222,30.128205128205135,18.023255813953497,-61.33333333333334,-56.344086021505376,-56.344086021505376,2.0920693561893478,3.527642281282183
ESQUIRENIT,Esquire Knit Composite PLC,26.5,0.37878787878788417,6.425702811244986,5.158730158730161,18.303571428571434,33.838383838383834,28.640776699029118,12.76595744680851,-30.079155672823216,-43.97463002114164,-43.97463002114164,3.125379324578739,3.27652783740789
ETL,Evince Textiles Ltd.,14.9,0.6756756756756733,2.758620689655175,7.97101449275362,39.25233644859814,52.0408163265306,49.00000000000001,56.8421052631579,29.56521739130435,46.55832323932553,14.153467876244992,3.025348523222875,3.756272408991926
EXIM1STMF,EXIM Bank 1st Mutual Fund 2013- Units,6.9,0.0,40.816326530612244,97.14285714285715,91.66666666666667,137.93103448275863,146.42857142857144,43.750000000000014,-24.99999999999999,4.659699328913671,-11.493439612831967,9.214037649266443,6.952970464999991
FAMILYTEX,Familytex (BD) Ltd.,2.7,0.0,-6.896551724137922,3.8461538461538494,-9.999999999999995,125.00000000000003,107.6923076923077,12.500000000000012,-49.0566037735849,-61.883078956413755,-91.7550449102948,7.5254375254375185,7.885112452917831
FARCHEM,FAR Chemicals Industries Ltd,24.6,0.0,4.6808510638297935,25.51020408163265,47.3053892215569,86.36363636363639,69.65517241379311,-1.2048192771084223,43.023255813953504,45.52266684129388,9.142000130970409,8.12812277285726,7.1582662599316365
FAREASTFIN,Fareast Finance & Investment Ltd.,2.2,10.000000000000009,15.789473684210542,69.23076923076924,-8.333333333333321,150.00000000000003,266.6666666666667,-38.888888888888886,-70.27027027027027,-72.5,-88.3160622241426,6.210526315789481,7.672946003330786
FAREASTLIF,Fareast Islami Life Insurance Company Limited,22.6,1.345291479820631,3.1963470319634837,-3.829787234042547,5.607476635514033,-0.4405286343612241,8.653846153846157,-22.33676975945017,-60.69565217391305,-58.083461964477586,-71.26011552055063,3.4189952485844337,3.941463404964915
FASFIN,FAS Finance & Investment Limited,2.8,7.692307692307682,39.99999999999999,86.66666666666664,11.999999999999993,249.99999999999994,300.0,-3.448275862068969,-66.26506024096386,-58.07777758656587,-85.17083460167714,2.083333333333337,8.651601666307547
FBFIF,First Bangladesh Fixed Income Fund Units,4.2,5.000000000000004,13.513513513513512,31.25,40.00000000000001,75.00000000000001,61.53846153846153,16.666666666666668,-40.0,-26.197127143045208,-44.00387896329645,8.7046783625731,6.331055325300307
FEDERALINS,Federal Insurance PLC,28.6,-1.0380622837370144,4.379562043795631,7.518796992481203,26.54867256637168,36.84210526315791,48.95833333333335,28.82882882882884,-26.66666666666666,308.9821067854368,48.16169160799431,3.0169351453820306,3.821610610725541
FEKDIL,Far East Knitting & Dyeing Industries PLC.,26.5,1.5325670498084236,-1.1194029850746294,33.838383838383834,85.3146853146853,90.64748201438849,86.61971830985915,57.73809523809523,45.60439560439561,70.22783205680274,11.390109427798206,3.8323519577723313,4.890938760348561
FINEFOODS,Fine Foods Limited,464.0,-0.47190047190046946,-3.474100270438941,-9.727626459143968,-12.781954887218046,4.929895974672096,22.04103103629669,81.17922686450603,757.6709796672828,5769.524651562057,2910.369754517154,3.5490740523285735,3.210609375487847
FIRSTFIN,First Finance Ltd.,4.8,2.1276595744680775,11.627906976744187,19.999999999999996,-2.040816326530623,29.72972972972972,91.99999999999999,49.999999999999986,-34.24657534246575,-17.08387097389378,-85.90642295104658,5.635301555885421,6.056096423215994
FORTUNE,Fortune Shoes Ltd.,19.9,-0.5000000000000071,2.051282051282044,15.028901734104032,53.076923076923066,39.160839160839146,43.16546762589926,22.839506172839503,-63.06439375401637,-24.173298337265617,-24.173298337265617,4.653169293189725,5.592190026755488
FUWANGCER,Fu-Wang Ceramic Industry Ltd.,17.5,0.0,9.375,5.421686746987943,36.71874999999999,62.037037037037024,52.17391304347826,31.578947368421048,-36.594202898550726,53.24013109190588,14.89573941728237,4.068855764753127,4.311193945591329
FUWANGFOOD,Fu-Wang Foods Limited,12.9,0.0,2.3809523809523867,6.611570247933891,31.63265306122448,31.63265306122448,15.17857142857144,-15.686274509803923,-39.71962616822429,29.09699211934318,-22.567118095726194,2.3560531496062995,3.510797943749882
GBBPOWER,GBB POWER Ltd.,10.0,-0.9900990099009866,20.481927710843365,20.481927710843365,21.95121951219513,29.870129870129865,56.249999999999986,29.870129870129865,-73.33333333333333,-23.913043288043475,-62.147335435093204,7.22541672787074,4.368621029625243
GEMINISEA,Gemini Sea Food PLC,123.5,0.4882017900732256,0.6519967400162976,2.4896265560165975,8.810572687224669,7.860262008733624,-9.65618141916605,-16.610398379473327,65.22685304495438,12.620030091807589,597.0266727217871,1.6544211226534484,3.076749224554588
GENEXIL,Genex Infosys PLC,41.2,3.000000000000007,5.6410256410256485,16.384180790960464,51.47058823529414,49.81818181818183,53.15985130111526,75.31914893617022,-52.70025991501078,23.13312688462687,23.13312688462687,3.3385398604112075,4.931144252689817
GENNEXT,Generation Next Fashions Ltd.,3.0,3.448275862068969,0.0,0.0,-3.225806451612906,25.000000000000004,11.111111111111104,7.1428571428571495,-58.9041095890411,-45.820895594357324,-86.5338710464558,4.781609195402304,6.822902573313083
GHAIL,Golden Harvest Agro Industries Ltd.,16.7,3.08641975308642,8.441558441558435,3.0864197530864197,28.461538461538456,59.04761904761904,56.07476635514019,22.79411764705882,-23.041474654377883,13.05996170273204,-54.73079139230927,3.029837284720159,2.8464715326846486
GHCL,Global Heavy Chemicals Ltd.,24.7,-1.984126984126984,5.106382978723401,23.499999999999996,32.79569892473117,34.972677595628404,24.120603015075382,27.979274611398957,-47.4468085106383,-33.06233062330623,-70.06060606060606,4.228857793615059,4.835362261454871
GLDNJMF,ICB AMCL CMSF GOLDEN JUBILEE MUTUAL FUND,10.0,6.382978723404251,20.481927710843365,49.25373134328358,63.93442622950821,61.29032258064516,63.93442622950821,31.57894736842106,-9.090909090909092,-9.090909090909092,-9.090909090909092,7.159400504788415,5.800803333821026
GLOBALINS,Global Insurance PLC,44.1,-1.342281879194634,5.502392344497618,13.07692307692308,40.44585987261147,58.63309352517985,72.94117647058825,52.06896551724139,-24.615384615384613,430.33836132221694,86.18611231168317,4.051710707653289,4.905866821906853
GOLDENSON,Golden Son Limited,17.4,1.754385964912264,6.097560975609756,2.958579881656805,14.473684210526313,89.13043478260869,72.27722772277227,44.99999999999999,-13.432835820895535,-23.6842105263158,-56.06060606060607,2.370103628563066,3.2673504032572276
GP,Grameenphone Ltd.,258.5,-0.46207162110126637,-0.3853564547206166,-0.42372881355933073,6.597938144329897,-2.379154078549853,-0.5769230769230769,-17.54385964912281,-30.510752688172044,-6.170598911070781,50.64102564102564,0.49483926726060945,0.8538784853941305
GPHISPAT,GPH Ispat Limited,19.5,0.0,3.1746031746031824,7.734806629834246,21.875,25.000000000000004,21.11801242236024,2.6315789473684212,-56.44934471593628,-1.055385725920226,4.130324682725843,2.494175284300099,3.447897907572375
GQBALLPEN,G.Q. Ball Pen Industries Limited,584.7,-0.3239004432321816,-2.517505835278411,-6.147672552166927,-8.210361067503918,21.812500000000007,30.600848782666976,152.02586206896555,352.55417956656356,800.9244992295841,331.0288448607597,4.81389504205619,4.4007657890072105
GRAMEENS2,Grameen Mutual Fund One - Grameen Two Units,13.9,0.7246376811594177,2.9629629629629655,7.751937984496124,13.934426229508206,18.803418803418815,27.522935779816514,-0.7142857142857117,-29.081632653061227,21.478991833471653,-24.089497802718906,3.2298088771710525,2.763268554852332
GREENDELMF,Green Delta Mutual Fund 2010 Units,5.8,5.4545454545454515,20.833333333333336,52.631578947368425,75.75757575757576,93.33333333333333,93.33333333333333,38.09523809523809,-40.20618556701031,3.5714285714285747,-19.444444444444446,7.673817254174394,7.06159713837911
GREENDELT,Green Delta Insurance PLC,68.6,-0.7235890014471781,3.4690799396681706,2.0833333333333206,10.645161290322571,22.06405693950176,27.985074626865657,38.585858585858574,-40.65743944636679,91.83665528717633,31.59132353037987,2.6195971744543542,3.207493714352195
GSPFINANCE,GSP Finance Company PLC,4.5,7.142857142857138,9.756097560975618,21.621621621621617,7.142857142857138,73.07692307692308,181.25,-8.163265306122456,-77.51734589598362,-52.61489110911453,-69.06326752293084,7.183804661966887,7.459445479056667
HAKKANIPUL,Hakkani Pulp & Paper Mills PLC,83.9,2.692778457772341,4.875000000000007,5.006257822277847,3.325123152709363,16.20498614958449,23.92909896602659,22.66081871345029,16.689847009735743,60.11450381679391,351.07526881720435,2.6957915596774646,3.2078699520474547
HAMI,Hami Industries PLC,160.0,0.4394224733207712,3.225806451612903,0.692259282567649,-13.090711569799021,32.231404958677686,48.69888475836432,58.10276679841897,-8.519153802172672,-8.519153802172672,-8.519153802172672,2.3549479859497557,3.712006445659175
HEIDELBCEM,Heidelberg Materials Bangladesh PLC,222.1,-0.35890533871691854,-0.7596067917783811,-7.5738660008323,7.554479418886197,-5.690021231422508,1.4618547281863812,-12.901960784313728,-31.024844720496894,-59.735315445975345,-15.871212121212125,1.7742267574341435,3.32038490614578
HFL,Hamid Fabrics PLC,15.3,0.0,-5.555555555555547,-2.5477707006369337,10.869565217391305,150.81967213114757,135.38461538461542,70.00000000000001,-21.13402061855669,-5.555555555555547,-73.26955068426098,3.6949646844383697,4.942730953530424
HRTEX,H.R. Textile Mills Ltd.,21.0,0.0,5.527638190954781,-3.2258064516129,11.702127659574465,22.093023255813957,14.754098360655734,-27.083333333333336,-63.507109039329755,-9.411764816009226,-25.598159390296445,2.6703637309397066,3.410405307977674
HWAWELLTEX,Hwa Well Textiles (BD)PLC,51.0,2.409638554216873,6.25,9.91379310344828,22.009569377990438,24.390243902439025,14.34977578475336,14.606741573033707,12.83185840707964,84.78260869565217,27.5,3.8106931540354747,2.9247440641761946
IBNSINA,BN SINA Pharmaceutical Industry PLC,321.8,1.0043942247332043,1.2905256531318927,0.8145363408521374,4.548408057179987,-11.104972375690606,2.158730158730162,2.6802807913210067,26.593233674272234,74.7208975276595,437.22203691706864,1.3147759845291085,1.9789873831338518
IBP,Indo-Bangla Pharmaceuticals Ltd.,20.7,-0.48076923076923755,11.89189189189189,14.999999999999996,49.999999999999986,68.29268292682926,84.82142857142858,48.920863309352505,-10.415966710261642,-20.9843744039056,-20.9843744039056,4.05468019042108,4.535498316850113
ICB,Investment Corporation of Bangladesh,46.0,-0.21691973969631545,-2.9535864978902926,-1.075268817204301,27.071823204419882,27.77777777777778,26.027397260273972,-7.070707070707071,-59.42008202912659,-40.187635701097506,-57.94380789157127,2.123789141220338,2.9447833899663944
ICB3RDNRB,ICB AMCL Third NRB Mutual Fund 2010 Units,6.8,1.4925373134328304,13.33333333333333,38.77551020408162,47.82608695652175,58.139534883720934,65.85365853658537,38.77551020408162,-11.68831168831169,41.66666666666667,-4.225352112676054,5.697998104714521,5.017956897319924
ICBAGRANI1,ICB AMCL First Agrani Bank Mutual Fund Units,9.4,4.444444444444448,10.58823529411765,30.555555555555557,42.424242424242436,44.61538461538463,46.875,34.28571428571429,-2.083333333333326,9.302325581395358,9.302325581395358,4.685267442535074,5.177849928126428
ICBAMCL2ND,ICB AMCL Second Mutual Fund Units,8.6,3.614457831325288,11.68831168831168,30.303030303030305,40.98360655737705,65.38461538461537,53.57142857142858,36.507936507936506,-25.21739130434783,65.38461538461537,13.157894736842106,5.074824964065467,4.51778726818238
ICBEPMF1S1,ICB Employees Provident Mutual Fund One Scheme One Units,7.4,2.77777777777778,13.84615384615385,15.625,15.625,89.74358974358977,117.64705882352942,42.307692307692314,-11.904761904761905,15.625,-10.843373493975907,6.967170544635339,5.5259828475105675
ICBIBANK,ICB Islamic Bank Limited,2.8,3.7037037037036904,3.7037037037036904,0.0,0.0,21.73913043478261,16.666666666666664,-3.448275862068969,-44.00000000000001,-28.205128205128208,-62.666666666666664,3.7037037037036904,4.706281372948026
ICBSONALI1,ICB AMCL Sonali Bank Ltd 1st Mutual Fund 2013- Units,7.5,8.695652173913038,19.04761904761905,41.509433962264154,59.57446808510638,74.4186046511628,78.57142857142857,31.578947368421048,-20.21276595744681,15.384615384615385,-37.5,5.205613159242192,5.227431891207569
ICICL,Islami Commercial Insurance PLC.,34.5,0.877192982456132,13.114754098360656,18.55670103092783,51.31578947368421,51.98237885462555,54.01785714285715,52.654867256637154,136.3013698630137,136.3013698630137,136.3013698630137,3.87674996831045,3.90364130831574
IDLC,IDLC Finance PLC.,46.2,0.0,0.21691973969631545,11.594202898550735,25.20325203252034,20.37220872197384,35.50279363484636,11.774193827822584,-13.318840517395316,23.317347669965464,-2.284985041639566,2.7687016282701884,3.369645978128043
IFADAUTOS,IFAD Autos PLC,26.5,0.37878787878788417,5.158730158730161,1.9230769230769231,17.256637168141587,32.5,22.11981566820277,12.288135593220334,-47.82300999509902,-42.87784334779365,50.74537126795056,3.1118854796832482,3.168480328103704
IFIC,IFIC Bank PLC,5.0,0.0,2.0408163265306047,0.0,13.636363636363628,4.1666666666666705,6.382978723404252,-25.373134328358212,-58.14583329339748,-19.209934560450943,-52.94024076755431,2.4408163265306033,3.1407478575845813
IFIC1STMF,IFIC Bank 1st Mutual Fund Units,4.9,0.0,11.363636363636363,36.11111111111112,32.432432432432435,96.00000000000001,96.00000000000001,28.947368421052648,-35.52631578947368,15.500000066000007,-24.07987806410339,7.645172819779667,6.271417526322827
IFILISLMF1,IFIL Islamic Mutual Fund - 1 Units,6.0,0.0,7.1428571428571495,36.36363636363635,50.0,66.66666666666667,76.47058823529412,20.0,-18.918918918918923,-14.285714285714286,-4.761904761904759,5.586042340056611,5.700855577705662
ILFSL,International Leasing and Financial Services Ltd.,2.3,9.523809523809511,21.052631578947366,76.9230769230769,-4.1666666666666705,191.13924050632906,283.3333333333333,-25.806451612903235,-72.61904761904762,-63.935999771498494,-86.00965505578255,10.45446950710109,10.315031013836848
INDEXAGRO,Index Agro Industries Ltd,73.8,0.4081632653061186,1.6528925619834751,0.9575923392612898,-1.2048192771084414,12.158054711246201,10.313901345291466,14.292035683960181,-46.52173899867674,3.32000025829999,3.32000025829999,2.5211082472963775,3.130399205507514
INTECH,Intech Ltd.,26.4,0.7633587786259515,1.9305019305019306,-23.03206997084548,-27.472527472527474,-7.692307692307702,-16.719242902208205,26.923076923076913,-26.86980609418283,185.26017713630497,116.6867996062945,1.8349902632638655,3.5541000979495747
INTRACO,Intraco Refueling Station PLC,21.8,0.4608294930875642,1.3953488372093057,6.341463414634149,18.478260869565233,14.136125654450257,6.341463414634149,0.9259259259259226,-8.03125041242236,-53.114965534000355,-53.114965534000355,2.5854809899230338,3.1532927592326834
IPDC,IPDC Finance PLC,32.5,-1.8126888217522703,3.1746031746031744,-1.2158054711246158,78.66492186352143,65.65534021996359,78.66492186352143,80.55555595679012,35.1112420181532,171.97618337534064,521.7466734654251,3.1793811773027265,5.021328267074177
ISLAMIBANK,Islami Bank Bangladesh PLC,30.5,-0.3267973856209197,-4.6875,-4.6875,-7.294832826747716,-43.51851851851852,-7.575757575757576,-33.69565217391305,6.271777003484322,-5.864197530864193,-21.97674426406977,2.8855841376556017,2.18124445481233
ISLAMICFIN,Islamic Finance & Investment PLC,12.4,0.0,2.4793388429752126,16.981132075471702,14.814814814814811,16.981132075471702,30.52631578947369,39.32584269662921,-48.971193415637856,13.254960638745334,-32.00583988023101,1.7913264801606201,3.0276467992303164
ISLAMIINS,Islami Insurance Bangladesh Limited,61.6,1.1494252873563264,4.406779661016951,-1.1235955056179707,42.92343387470998,50.98039215686276,64.26666666666667,52.098765432098766,0.9836065573770515,470.6662518392396,227.08186681673897,2.604835251929514,3.1672854450207506
ISNLTD,Information Services Network Ltd.,60.0,0.671140939597313,0.8403361344537815,-1.639344262295082,-2.1207177814029317,-17.920656634746916,-23.469387755102044,39.86013986013987,35.135135135135144,428.813560074921,297.090910664833,1.6145321700644693,3.000156190248857
ITC,IT Consultants PLC,51.3,0.1953124999999889,-1.9120458891013385,5.5555555555555465,32.21649484536083,30.867346938775498,33.246753246753244,28.894472361809047,17.931034482758616,71.30909276766857,74.61763747014076,2.9005766575722003,3.583465313791424
JAMUNABANK,Jamuna Bank PLC,24.1,0.0,0.41666666666667257,0.41666666666667257,-5.490196078431367,0.8368200836820203,14.218009478672984,13.145539906103288,38.6020416914654,204.64957893920297,105.94597705286516,1.0836935826432144,1.3767015622888945
JAMUNAOIL,JAMUNA OIL PLC,182.7,0.21941854086669077,0.8834897846493619,-2.0375335120643494,7.470588235294111,7.660577489687685,7.9787234042553195,-4.545454545454554,8.042578356002362,-3.3333333333333393,13.799546882232619,0.9458176318408622,1.2940120997198994
JANATAINS,Janata Insurance PLC,34.7,0.28901734104046656,5.15151515151516,0.2890173410404665,-2.528089887640445,31.43939393939396,42.79835390946503,31.43939393939396,-8.91249962881842,338.6519004436203,-81.44165037847918,2.8508031376485707,3.423082156009004
JHRML,JMI Hospital Requisite Manufacturing Ltd,50.7,2.42424242424243,4.320987654320991,-0.5882352941176415,-0.5882352941176415,19.85815602836881,20.142180094786728,-0.5882352941176415,130.45454545454547,130.45454545454547,130.45454545454547,2.2640683933352994,2.5609589018113126
JMISMDL,JMI Syringes & Medical Devices Ltd.,142.5,-0.9040333796940273,-0.5582693649686052,-1.8595041322313972,6.184798807749637,18.25726141078838,20.76271186440678,1.0638297872340425,-49.01341768449702,25.762491488164013,311.46496685994026,2.7674872233566825,3.6115329111638808
JUTESPINN,Jute Spinners Limited,231.7,1.2674825174825075,3.529937444146549,5.318181818181813,9.292452830188674,18.820512820512818,18.69877049180328,9.292452830188674,66.57081236520489,293.3786078098472,248.42105263157896,4.89693542219934,5.303069113401012
KARNAPHULI,Karnaphuli Insurance PLC,52.6,-0.37878787878787074,13.118279569892476,36.26943005181347,65.40880503144653,68.58974358974359,84.56140350877193,57.95795795795798,24.64454976303317,463.02427474450855,92.69327675364418,4.6221816701015195,6.167709030356006
KAY&QUE,Kay and Que (Bangladesh) Ltd.,420.0,-1.1764705882352942,0.11918951132300358,-4.761904761904762,-13.043478260869565,6.329113924050633,11.287758346581882,65.50185810715242,94.61599850118323,1885.083185043208,2014.5451312855118,2.030944342496464,2.399918607836832
KBPPWBIL,Khan Brothers PP Woven Bag Industries Ltd,39.5,-0.2525252525252561,0.0,-4.819277108433735,-21.0,-17.708333333333332,-17.708333333333332,-67.62295081967213,161.58940397350995,92.14940236165413,18.008350694530176,2.796290758845917,4.277021508769766
KDSALTD,KDS Accessories Ltd.,51.0,0.7905138339920921,2.0,-4.315196998123822,7.142857142857141,21.428571428571427,24.08759124087591,25.3071253071253,5.000000262500003,4.615589769238607,-2.261141762321556,2.2668177931577165,2.639476515762193
KEYACOSMET,Keya Cosmetic Ltd.,5.7,1.7857142857142954,9.615384615384615,7.547169811320762,23.913043478260885,39.02439024390246,26.66666666666667,16.326530612244895,-39.361702127659576,-23.900114537270067,-63.533343342215026,4.747955747955746,4.0566575762654224
KOHINOOR,Kohinoor Chemical Company (Bangladesh) PLC,536.0,1.630640879787642,3.0571044029994185,5.098039215686274,6.328109502082915,4.995102840352596,7.221444288857777,15.721295273162836,88.05136877751289,333.02740688407897,1060.3543696006896,2.560347142021289,2.4282231412770874
KPCL,Khulna Power Company Ltd.,10.9,-0.909090909090906,4.8076923076923075,1.8691588785046829,0.9259259259259226,-3.5398230088495604,3.809523809523813,0.0,-71.16402116402116,-80.84664538791175,-74.77054104510383,3.2118178427043267,2.921972037623906
KPPL,Khulna Printing & Packaging Ltd,15.1,-0.657894736842103,-1.307189542483667,-3.821656050955412,2.0270270270270196,20.799999999999997,-5.625000000000002,-17.486338797814213,-8.484848484848486,73.56321839080461,-56.17414252530893,2.5379989260784006,3.456164465152262
KTL,Kattali Textile Ltd.,12.1,-0.8196721311475381,7.079646017699105,18.62745098039216,28.723404255319142,32.96703296703297,4.310344827586207,-3.9682539682539684,-61.58730158730158,-36.75088040043271,-36.75088040043271,5.148117467420431,4.311978047325399
LANKABAFIN,LankaBangla Finance PLC,17.8,-0.5586592178770831,-1.1111111111111072,6.586826347305398,25.352112676056347,35.877862595419856,44.71544715447154,4.705882352941181,-51.891891891891895,-2.7352206725171824,-37.83471290136833,3.2415207247923368,4.021502466263797
LEGACYFOOT,Legacy Footwear Ltd.,77.5,1.0430247718383274,6.019151846785234,11.350574712643688,-3.2459425717852617,50.48543689320388,42.98892988929888,31.35593220338983,17.602427921092556,230.09259132112484,394.9008405947611,4.128912505140754,3.53126171069201
LHB,LafargeHolcim Bangladesh PLC,58.0,-0.17211703958692154,-0.5145797598627739,3.5714285714285716,15.079365079365083,10.476190476190476,23.142250530785557,-1.3605442176870701,-8.661417322834646,-19.667590027700832,698.0280682404644,2.202316469928529,2.7202675851694234
LIBRAINFU,Libra Infusions Ltd.,636.0,0.12594458438286438,-1.9728729963008562,-1.6089108910891055,-1.3953488372093024,0.9363593080463382,0.0,-19.49367088607595,44.98480170668692,59.33194138389006,439.99999943962257,1.2071198200259239,1.7925412672741583
LINDEBD,Linde Bangladesh Limited,724.0,0.04145364101146255,-0.3441156228492774,1.2587412587412588,12.282878411910678,-11.911424747536195,-4.61133069828722,-26.86868686868687,-47.345454545454544,-49.61725817675713,40.446168768186226,1.1618981108573612,1.4590798439830968
LOVELLO,Taufika Foods and Lovello Ice-cream PLC,70.0,1.8922852983988312,-3.7138927097661663,-1.408450704225352,-16.067146282973624,-0.8498583569405019,2.6392961876832803,-20.882669343814484,119.70108731144646,439.00000070608996,439.00000070608996,2.3758390045385176,3.539951014275192
LRBDL,Lub-rref (Bangladesh) Ltd,16.2,3.1847133757961785,10.958904109589039,22.72727272727273,58.82352941176471,76.08695652173914,63.636363636363626,14.084507042253522,-68.84615384615384,-60.0,-60.0,4.364168560014099,5.175023551838609
LRGLOBMF1,LR Global Bangladesh Mutual Fund One Units,5.2,4.0000000000000036,15.555555555555559,44.44444444444444,67.74193548387096,73.33333333333334,85.71428571428574,33.33333333333334,-42.857142857142854,-13.33333333333333,-43.47826086956521,6.947176888864481,6.28086048487331
MAGURAPLEX,Magura Multiplex PLC,93.1,0.6486486486486426,3.79041248606465,3.215077605321498,12.303980699638103,12.03369434416366,10.965435041716315,3.444444444444438,-20.82834680504819,420.97409094280977,420.97409094280977,1.5483018113167444,2.6134955562009923
MAKSONSPIN,Maksons Spinning Mills PLC,6.4,0.0,6.666666666666672,8.47457627118644,16.36363636363637,33.33333333333335,36.17021276595745,-9.859154929577455,-69.66824644549763,-5.3521125094227315,-60.35955037383966,6.386855971896955,4.680857497140586
MALEKSPIN,Malek Spinning Mills PLC,46.9,0.0,8.064516129032258,26.756756756756754,74.34944237918216,59.523809523809526,62.28373702422146,71.79487179487178,51.29032258064515,193.125,87.6,3.906406439609359,5.587225852459653
MARICO,Marico Bangladesh Limited.,2724.0,0.1691549606530819,-0.8444962143273085,-1.7032332563510328,-1.1252268602540836,-2.4704618689581097,2.6723455580264632,-6.036564332528458,14.917313533580826,115.33596837944664,625.4327563249001,0.7952806539602425,0.6566334826324134
MATINSPINN,Matin Spinning PLC,63.0,2.605863192182413,13.513513513513514,12.299465240641709,35.77586206896552,32.0754716981132,35.483870967741936,18.867924528301888,12.299465240641709,64.49086161879897,40.0,4.250609762118711,3.7456855890615324
MBL1STMF,MBL 1st Mutual Fund 2010- Units,7.7,0.0,11.594202898550723,83.33333333333333,97.43589743589745,113.88888888888887,126.47058823529414,57.14285714285714,-13.483146067415731,28.33333333333334,11.594202898550723,6.229790692948588,6.545123484180625
MEGCONMILK,Meghna Condensed Milk Industries Ltd.,34.6,-3.0812324929972026,-9.660574412532625,-15.81508515815085,-0.2881844380403499,27.675276752767527,140.2777777777778,95.48022598870058,130.66666666666669,401.4492753623189,264.2105263157895,7.009938758881142,6.401395122238688
MEGHNACEM,Meghna Cement Mills PLC,32.1,1.9047619047619095,-5.3097345132743285,1.9047619047619093,5.245901639344267,-2.727272727272723,9.556313993174063,-28.348214285714278,-54.293034710020514,-51.80160161199757,-56.54242768369742,3.6283158592842435,4.376267322454417
MEGHNAINS,Meghna Insurance PLC,38.7,-0.769230769230762,1.0443864229765163,14.159292035398243,33.910034602076145,32.08191126279864,37.72241992882563,44.402985074626876,251.81818181818187,251.81818181818187,251.81818181818187,4.387957387114839,6.562482431439201
MEGHNALIFE,Meghna Life Insurance PLC,60.2,0.16638935108153316,3.793103448275867,-1.3114754098360608,6.360424028268553,10.661764705882362,18.50393700787403,7.500000000000005,-7.356448053334371,69.61350015629885,-7.568422473344846,2.7705018647477715,2.8443379773229758
MEGHNAPET,Meghna Pet Industries Ltd.,84.0,-1.6393442622950887,-1.2925969447708512,4.089219330855015,95.34883720930233,214.6067415730337,285.3211009174312,211.11111111111111,431.6455696202531,1300.0,1212.4999999999998,7.064577089724043,6.9573946639269435
MERCANBANK,Mercantile Bank PLC,7.4,2.77777777777778,-1.3333333333333286,0.0,1.3698630136986374,-7.499999999999996,0.0,-25.999999999999993,-52.82500015096,15.556790076852364,-28.47642863044449,2.482316118935836,2.453842940209808
MERCINS,Mercantile Islami Insurance PLC,45.9,1.3245033112582814,7.999999999999997,2.684563758389252,82.14285714285714,82.14285714285714,79.99999999999999,66.9090909090909,-18.181818181818187,324.99999999999994,66.36893254709474,3.6796756463077394,4.746438931774817
METROSPIN,Metro Spinning Ltd.,9.7,0.0,4.301075268817189,5.434782608695652,7.77777777777777,27.631578947368418,14.117647058823522,-17.094017094017094,-54.531249886328126,28.255555387398264,-35.45482237513466,4.007659758808399,3.510338292186944
MHSML,Mozaffar Hossain Spinning Mills Ltd.,23.6,1.2875536480686725,3.0567685589519775,0.4255319148936231,6.3063063063063165,34.090909090909086,74.81481481481482,44.785276073619634,26.203208556149747,55.20105286605507,-4.624103256874984,2.510870978868738,2.9705615825550273
MIDASFIN,MIDAS Financing PLC,6.2,1.6393442622950907,0.0,0.0,12.72727272727273,0.0,37.777777777777786,-16.216216216216218,-67.90725013083814,-55.84620294145105,-74.79836928263373,4.006390664073351,4.90704425538126
MIDLANDBNK,Midland Bank PLC,18.5,0.543478260869573,0.543478260869573,11.445783132530112,18.589743589743595,-2.6315789473684212,8.187134502923968,-6.0913705583756315,111.72222143885,111.72222143885,111.72222143885,3.0323849359211374,4.140079399620161
MIRACLEIND,Miracle Industries Limited,29.8,1.7064846416382253,2.0547945205479503,-0.33444816053510995,13.307984790874524,-3.5598705501618055,-6.289308176100628,7.194244604316546,-17.222222222222218,27.65512644432828,223.33647269177843,3.2734163444003266,3.417551483934518
MIRAKHTER,Mir Akhter Hossain Ltd,42.0,0.4784688995215379,3.4482758620689618,0.7194244604316478,4.738154613466331,44.827586206896555,52.17391304347825,53.28467153284673,-55.080213903743314,-48.148148148148145,-48.148148148148145,2.462415008473195,3.386308034209548
MITHUNKNIT,Mithun Knitting & Dyeing (CEPZ) Ltd.,14.6,1.388888888888884,-2.013422818791951,-3.9473684210526296,-14.11764705882353,4.285714285714283,0.0,-7.006369426751591,3.546099290780142,-70.50505038587899,-72.03492469915331,3.6248713646722375,5.01717752737374
MJLBD,MJL Bangladesh PLC,94.2,0.31948881789137074,1.2903225806451644,0.21276595744681154,6.081081081081088,8.15154994259473,4.66666666666667,-2.786377708978331,7.045454545454548,-7.3876402179072995,65.50416642657069,1.2647037120279305,1.5497437698837808
MLDYEING,M.L. Dyeing & Textile Ind. PLC,17.8,-0.5586592178770831,-1.6574585635359154,57.52212389380531,114.4578313253012,122.50000000000001,111.9047619047619,71.15384615384615,-44.72049689440994,157.92200108894667,157.92200108894667,6.888576823577007,7.651996261701505
MONNOAGML,Monno Agro & General Machinery Ltd.,355.1,2.245896919090127,1.5441807263368699,0.028169014084513447,4.441176470588242,0.028169014084513447,-3.8971583220568276,-0.782341436155338,18.858712787586796,763.7732506003579,2755.5030330898308,1.8550042040763257,2.2422107931886983
MONNOCERA,Monno Ceramic Industries Limited.,97.1,2.9692470837751825,4.746494066882407,0.3099173553718979,11.609195402298845,23.69426751592356,18.704156479217602,9.346846846846844,-19.015846538782327,289.5303638280753,466.9830850365505,1.9180878858298267,3.009645506021389
MONNOFABR,Monno Fabrics Ltd.,24.8,6.437768240343347,10.714285714285726,9.73451327433628,11.711711711711716,24.000000000000004,15.88785046728973,69.86301369863014,5.0847457627118615,5.0847457627118615,5.0847457627118615,4.358773839372793,2.731976769809039
MONOSPOOL,Monospool Bangladesh PLC,118.6,-0.16835016835017075,-0.7531380753138123,3.3101045296167224,19.797979797979792,26.17021276595744,25.237592397043283,30.51674601993301,-9.348036617068981,147.981817178619,147.981817178619,1.6506672175811061,2.7616199536202264
MPETROLEUM,Meghna Petroleum PLC,214.5,0.23364485981308408,0.468384074941452,-1.6055045871559632,6.451612903225806,8.333333333333334,11.312921639854702,0.9411764705882353,13.192612137203167,19.166666666666668,50.28662405353503,0.9564364182062782,1.14616094668005
MTB,Mutual Trust Bank PLC,13.4,0.0,-2.1897810218978027,-1.4705882352941124,31.320000806304815,21.80405874830091,36.65821227236985,20.92777052581659,6.536789733434386,142.2971375759332,175.8806499461527,2.248085183115914,2.7720046110486143
NAHEEACP,Nahee Aluminum Composite Panel PLC,36.5,0.27472527472527863,-0.5449591280654028,0.5509641873278316,54.66101694915253,117.26190476190476,97.29729729729729,72.16981132075472,-25.510204081632654,-42.08756143816567,-42.08756143816567,2.95356799625712,4.628226353741063
NATLIFEINS,National Life Insurance PLC,101.6,-0.29440628066733204,-0.29440628066733204,-2.02507232401158,-1.8357487922705369,-2.4015369836695486,8.31556503198294,0.395256916996039,-57.040169133192386,-18.97527654557135,-25.206690449641506,1.788284114659531,2.865274908090102
NAVANACNG,Navana CNG Limited,23.1,0.8733624454148596,7.943925233644873,5.96330275229358,11.594202898550735,12.135922330097086,8.450704225352116,2.666666666666673,-34.698076591041755,-44.63532580953136,-60.818845801773335,1.931044599004978,2.2212000543687713
NAVANAPHAR,Navana Pharmaceuticals PLC,70.7,-0.14124293785309933,0.7122507122507122,-1.9417475728155222,18.82352941176471,18.82352941176471,34.92366412213742,25.57726465364122,167.8030303030303,167.8030303030303,167.8030303030303,2.4074540279914696,2.6703513814514475
NBL,National Bank PLC,3.7,-2.631578947368412,-2.631578947368412,-5.128205128205121,-7.499999999999996,8.823529411764714,15.625,-2.631578947368412,-50.82278471986461,-33.72787612388813,-65.3231113663255,3.1863442389758174,3.790016227689357
NCCBANK,National Credit and Commerce Bank PLC,15.5,0.649350649350647,-0.6410256410256387,-3.72670807453417,-5.730950852232772,23.053491640205433,32.13120826068902,24.000056940826155,15.809527379943992,130.30487909964842,40.70493048531462,2.214680744092507,2.8105194719938806
NCCBLMF1,NCCBL Mutual Fund-1 2012- Dividend Units,7.6,-1.2987012987013056,11.76470588235294,68.88888888888887,80.95238095238093,89.99999999999999,89.99999999999999,35.714285714285715,-14.606741573033714,26.66666666666666,-36.66666666666667,8.67953591300822,7.754161118092129
NEWLINE,New Line Clothings Ltd.,7.3,0.0,28.070175438596486,28.070175438596486,30.357142857142865,92.10526315789474,82.5,0.0,-75.0,-70.74780496908086,-70.74780496908086,8.218566670321836,6.7632448619736225
NFML,National Feed Mill Ltd,21.3,-0.4672897196261583,6.500000000000003,-8.583690987124463,34.81012658227848,44.89795918367348,51.06382978723405,100.9433962264151,-39.739495809459925,48.424855126732155,-23.638883068265734,3.483424192006791,4.816579992696479
NHFIL,National Housing Finance PLC,30.4,0.0,0.330033003300323,2.013422818791939,29.914529914529915,20.15810276679841,35.11111111111111,18.74999999999999,-25.85365860892327,12.834355620204146,-0.4556700643526034,2.3725580395573145,3.3605800522853224
NITOLINS,Nitol Insurance PLC,37.5,0.0,6.5340909090909,8.381502890173406,24.172185430463582,33.92857142857143,33.45195729537366,37.86764705882353,-31.759098622435268,123.44879029851037,57.424249450452415,5.28433388251673,5.723884510456746
NORTHERN,Northern Jute Manufacturing Co. Ltd.,114.9,1.3227513227513228,-2.627118644067792,1.952085181898849,4.549590536851683,28.236607142857157,34.701055099648315,1.6814159292035449,-61.7,-58.09118524269909,666.0000051066667,4.926582242088935,6.144445147524649
NORTHRNINS,Northern Islami Insurance PLC,38.6,0.0,2.933333333333337,-3.2581453634085142,30.741935810725806,29.48881819337648,45.79136727095324,28.666666966888886,-34.6290320946371,209.60416710204754,26.267255632451565,3.886601254288402,4.7282429035837445
NPOLYMER,National Polymer Industries PLC,37.0,2.7777777777777777,5.413105413105409,10.119047619047615,24.579124579124585,32.61648745519714,39.09774436090225,22.51655629139073,-37.919463087248324,-6.703584878466302,156.3734358193303,2.631980126243406,3.632498046574575
NRBBANK,NRB Bank PLC,6.8,-1.4492753623188481,4.615384615384612,9.677419354838703,15.254237288135583,-1.4492753623188481,11.475409836065577,-31.31313131313132,-24.444444444444446,-24.444444444444446,-24.444444444444446,6.10792192881745,3.7320081468001187
NRBCBANK,NRBC Bank PLC,8.8,1.1494252873563382,12.820512820512832,18.918918918918923,23.943661971831002,49.15254237288136,72.54901960784316,20.547945205479465,-65.79342570251464,-30.800100040093547,-30.800100040093547,3.4113518333793427,3.1301250328104953
NTC,National Tea Company Limited,171.8,0.4678362573099482,0.762463343108511,8.32282471626735,6.1804697156983925,7.375000000000007,-1.1507479861910241,3.059388122375539,-66.02056962025316,-70.06968641114983,-77.6883116883117,3.6722372429650663,4.850000313649731
NTLTUBES,National Tubes Limited,69.8,0.0,1.6011644832605447,3.8690476190476106,12.944983818770227,19.93127147766322,11.679999999999996,-15.29126213592234,-28.92057026476579,-5.375759631997284,196.21501449394705,2.0731734880312707,3.7739136258690418
NURANI,Nurani Dyeing & Sweater Ltd.,3.0,3.448275862068969,-6.250000000000005,3.448275862068969,0.0,42.85714285714285,50.0,-9.090909090909086,-71.42857142857143,-82.27108003686878,-82.27108003686878,5.543513957307068,5.111679386720435
OAL,Olympic Accessories Ltd,7.2,5.882352941176476,10.769230769230772,1.4084507042253598,24.137931034482765,38.46153846153846,26.31578947368421,-6.4935064935064934,-56.62650602409639,-59.6799999612928,-70.17011198372386,4.162852327527676,3.884472902623838
OIMEX,Oimex Electrode Ltd.,16.5,-0.6024096385542254,1.8518518518518563,1.2269938650306704,19.565217391304344,34.14634146341463,7.843137254901956,-32.6530612244898,-39.56043956043956,-66.9090189883688,-66.9090189883688,2.5595336879191413,3.255066703071376
OLYMPIC,Olympic Industries PLC.,153.7,0.1302931596091131,-0.25957170668397517,-0.8387096774193622,7.708479327259987,5.490734385724091,11.700581395348834,-7.964071856287432,-12.471526195899775,-52.11127584466989,108.01503894217262,1.5898991083535163,1.821614576371357
ONEBANKPLC,One Bank PLC,8.0,0.0,1.265822784810122,1.265822784810122,21.212121212121218,5.263157894736847,14.285714285714286,-8.045977011494246,-12.842104870488646,-12.842104870488646,-12.842104870488646,2.775316455696192,2.5331852927324983
ORIONINFU,Orion Infusion Ltd.,269.4,-0.9194556822361163,-4.569606801275251,-13.736791546589828,-16.179215930304917,-24.895455812656824,-20.78800352837402,-24.537815126050425,269.54732510288056,276.25698324022346,485.6521739130434,3.555057846964096,3.570198297901822
ORIONPHARM,Orion Pharma Ltd.,28.8,0.0,0.3484320557491339,0.6993006993006968,9.505703422053232,7.063197026022314,5.882352941176476,-9.717868338557986,-54.71698113207546,-24.010554089709757,-57.853658368000005,2.9353862511757205,2.7401112959638936
PADMALIFE,Padma Islami Life Insurance Ltd.,17.8,0.5649717514124375,1.7142857142857184,-2.73224043715847,3.4883720930232642,4.093567251461984,6.586826347305398,-11.881188118811874,-48.85057471264367,-8.717948343458248,-63.67118111700815,1.9299141536429671,4.441974510636175
PADMAOIL,Padma Oil PLC,200.2,-0.34843205574913744,-0.7436787307882995,-1.2820512820512933,14.399999999999995,16.395348837209298,18.11209439528023,0.35087719298245046,-6.710158434296368,5.423907319641907,17.764705764588236,0.8581697739342957,1.5764700773071392
PARAMOUNT,Paramount Insurance PLC.,62.3,-0.9538950715421327,-0.16025641025641255,-4.740061162079523,19.807692307692303,10.854092526690382,43.218390804597696,51.95121951219511,-33.72340425531915,861.3608133605044,373.4143063797266,3.6906872945336904,5.10709328985609
PDL,Pacific Denims Ltd.,5.7,-1.7241379310344769,1.7857142857142954,-1.7241379310344767,3.63636363636364,50.00000000000001,23.913043478260885,-18.571428571428566,-63.792452836109405,-71.06648729851533,-71.06648729851533,4.9256762596145585,4.782763618361069
PENINSULA,The Peninsula Chittagong PLC,25.1,0.40000000000000563,0.4000000000000057,6.808510638297879,20.673076923076923,20.673076923076923,37.15846994535519,124.10714285714289,6.808510638297879,64.05228758169935,-30.644736668717098,2.182048800865082,3.2716914372766905
PEOPLESINS,Peoples Insurance PLC,61.7,-1.5948963317384368,4.576271186440683,-2.9874213836477965,18.199233716475096,61.09660574412534,69.97245179063363,73.31460674157303,14.684014869888488,337.58865248226954,133.71212121212125,4.60264261308706,4.464819789369802
PF1STMF,Phoenix Finance 1st Mutual Fund Units,14.3,1.4184397163120643,11.71875,60.674157303370784,95.89041095890413,180.39215686274514,186.00000000000003,164.8148148148148,26.54867256637168,191.83673469387753,81.01265822784809,5.779830831810507,5.211602493913652
PHARMAID,Pharma Aids Limited.,610.5,-0.0327493040772958,-0.8123476848090982,0.593178447849732,7.105263157894737,7.105263157894737,23.83367139959432,0.9090909090909091,39.38356164383562,142.9367290091524,335.7601713062099,2.2448589944024357,3.1783454512139233
PHENIXINS,Phoenix Insurance PLC,49.3,2.7083333333333277,11.036036036036034,13.073394495412833,25.126903553299492,50.76452599388377,83.95522388059699,72.98245614035086,-20.22653721682848,154.1237113402062,10.044642857142858,3.5005094644057104,4.102400151200579
PHOENIXFIN,Phoenix Finance and Investments Ltd.,4.2,2.4390243902439157,10.526315789473694,10.526315789473694,5.000000000000004,16.666666666666668,75.00000000000001,10.526315789473694,-86.27450980392156,-68.66570503456211,-84.60623892254645,9.862101313320833,6.978274102540563
PHPMF1,PHP First Mutual Fund Units 2010-,4.3,2.3809523809523725,10.256410256410255,34.374999999999986,34.374999999999986,79.16666666666667,79.16666666666667,22.857142857142854,-43.42105263157895,6.676595363368753,-23.002357678551743,7.034939600408154,6.8031364751895715
PIONEERINS,Pioneer Insurance PLC,68.2,-0.8720930232558057,1.3372956909361156,-5.801104972375694,10.000000000000004,33.35195562760526,48.87733923328263,64.62069004685614,-37.055136734705144,209.45750088620895,70.20162535998709,2.4742051111544954,3.1522027081751287
PLFSL,Peoples Leasing and Financial Services Ltd.,2.3,9.523809523809511,21.052631578947366,53.33333333333332,-8.000000000000007,180.4878048780488,333.9622641509433,14.999999999999991,-23.33333333333334,-71.25,-92.16718266957126,10.5889724310777,8.220528427295346
POPULAR1MF,Popular Life First Mutual Fund Units 2010-,4.2,0.0,10.526315789473694,31.25,40.00000000000001,75.00000000000001,75.00000000000001,16.666666666666668,-42.46575342465753,10.963552776713506,-19.984637812511068,7.205029459201473,6.693308973316675
POPULARLIF,Popular Life Insurance Co. Ltd.,58.6,0.514579759862786,-1.8425460636515936,-4.87012987012987,3.5335689045936394,29.074889867841417,37.88235294117648,23.10924369747899,-38.57442348008386,-12.53731343283582,-47.41025609471795,2.9888958393381766,3.183817109983908
POWERGRID,Power Grid Co. of Bangladesh Ltd.,41.1,0.2439024390243937,7.874015748031495,3.7878787878787876,26.461538461538463,29.652996845425875,52.788104089219345,17.094017094017094,-16.293279022403258,-28.27225130890052,-24.309392265193363,3.3118690987571924,3.0857888362275703
PRAGATIINS,Pragati Insurance PLC,78.5,-1.3819095477386865,3.289473684210526,-7.647058823529412,7.092714842850032,-1.3963418282481757,12.454797916543516,56.39264933398265,2.8565436035017124,409.6166330325639,97.37201614453711,3.2567288307105815,3.5392489775423397
PRAGATILIF,Pragati Life Insurance PLC,164.5,0.3048780487804878,0.48869883934026354,-4.259259354999999,-9.07035184972362,-23.90664431565351,22.428957927169517,73.99038444139423,98.969916052893,261.17550817361615,148.39845635100204,2.6798714361239337,3.0333197461770642
PREMIERBAN,The Premier Bank PLC,5.7,0.0,3.63636363636364,29.545454545454536,39.02439024390246,32.55813953488373,42.50000000000001,-24.999999999999993,-50.4393383970951,49.384200977520415,-22.049456862633022,4.399044351874544,5.9045896859047025
PREMIERCEM,Premier Cement Mills PLC,49.8,0.20120724346075317,3.5343035343035254,2.469135802469127,24.81203007518797,30.026109660574416,27.0408163265306,5.957446808510633,-31.967213114754102,-49.696969696969695,-52.57142857142857,2.4075699831214816,4.048207347365147
PREMIERLEA,Premier Leasing & Finance Limited,3.0,7.1428571428571495,15.384615384615381,20.0,25.000000000000004,300.0,455.55555555555554,3.448275862068969,-72.97297297297297,-59.02787879017984,-77.86794950582417,9.31946725050173,9.017810565986473
PRIME1ICBA,Prime Bank 1st ICB AMCL Mutual Fund Units,7.1,1.4285714285714235,9.230769230769225,41.99999999999999,57.777777777777764,61.363636363636346,65.11627906976744,36.538461538461526,-14.457831325301218,36.538461538461526,-1.3888888888888962,5.496541501976281,5.689052770379095
PRIMEBANK,Prime Bank PLC,30.3,0.3311258278145743,0.0,1.0000000000000024,3.41296928327645,-3.5909088498863566,10.468750276171882,8.955479724443498,43.02796032071309,135.99613426181784,6.644739475806126,1.3898916902403617,1.5538482700978065
PRIMEFIN,Prime Finance and Investment Ltd.,3.8,5.555555555555548,8.571428571428566,15.151515151515152,2.702702702702693,111.11111111111109,245.45454545454544,-17.391304347826086,-71.85185185185185,-47.945205479452056,-86.01226988372916,7.179751179751175,7.020368758848014
PRIMEINSUR,Prime Islami Insurance PLC,57.9,4.136690647482009,25.596529284164852,23.19148936170212,70.79646017699115,71.301775147929,93.64548494983278,59.944751381215454,0.0,332.08955223880594,62.1200003826032,6.27918805990406,5.455777260771545
PRIMELIFE,Prime Life Insurance Company Limited,41.5,1.4669926650366782,2.4691358024691357,-2.3529411764705883,0.0,10.96256684491979,25.757575757575758,9.210526315789474,-34.952978056426325,-34.865470694293066,-54.3499999301555,2.9880701523292736,3.4453224497940425
PRIMETEX,Prime Textile Spining Mills Ltd.,17.8,0.5649717514124375,5.3254437869822615,-0.5586592178770831,-10.999999999999996,37.98449612403101,28.98550724637681,25.352112676056347,-22.608695652173907,0.0,-11.881188118811874,4.7354099053252146,4.383522049225964
PROGRESLIF,Progressive Life Insurance Co. Ltd.,39.8,-0.2506265664160437,-3.1630170316301807,-6.1320754716981165,-1.240694789081886,-17.93814432989691,-12.719298245614045,-24.905660377358494,-64.20863309352518,0.36117007054573325,-46.80154949335687,5.107527077639686,4.331293352593372
PROVATIINS,Provati Insurance PLC,58.9,-2.644628099173556,3.1523642732048986,-10.486322188449847,67.8062678062678,80.67484662576685,105.22648083623693,70.23121387283236,-63.06810830015394,656.5662902124681,215.35390566363634,4.623596277464389,5.561162723558352
PTL,Paramount Textile PLC,64.2,-1.0785824345146422,1.7432646592710006,-4.60624071322436,5.418719211822668,26.12966601178783,23.93822393822395,27.12871287128713,30.08947387044389,528.0324779306966,151.27841051901655,2.0968291720925456,2.5197164368673177
PUBALIBANK,Pubali Bank PLC,39.2,0.5128205128205201,3.703703703703719,5.945945945945954,17.090937034585192,7.846915667708349,45.89000242687647,50.26670250527522,132.87505490875972,269.38640894742764,124.86115603745229,2.342742527505213,2.297098405885914
PURABIGEN,Purabi General Insurance Co. Ltd.,31.8,0.0,2.5806451612903247,0.0,13.571428571428573,47.906976744186046,63.91752577319589,69.14893617021276,-23.82790725858093,343.5050796108145,7.420203984961297,3.3200595574958918,4.157603301887641
QUASEMIND,Quasem Industries Limited.,46.3,0.43383947939261547,2.207505518763797,0.8714596949891037,12.378640776699015,19.9481865284974,22.427884480007613,32.63020821590033,10.439605393116747,23.803890272851632,191.36268149410137,2.3585298967693347,3.6054112207878948
QUEENSOUTH,Queen South Textile Mills Ltd.,19.6,1.0309278350515612,8.888888888888896,25.641025641025653,61.98347107438018,75.00000000000003,64.70588235294119,44.11764705882355,-33.623003449368674,-19.283556365715828,-19.283556365715828,7.709005224505789,5.118348851160199
RAHIMAFOOD,Rahima Food Corporation Ltd.,84.9,-0.11764705882352272,-1.3937282229965027,-12.383900928792569,-15.940594059405935,-38.8328530259366,-46.93749999999999,-43.32443257676903,-72.78846153846153,55.21023765996344,393.60465116279073,3.1389126522698607,4.989131515412937
RAHIMTEXT,Rahim Textile Mills Ltd.,209.2,-0.946969696969697,1.850048685491715,-7.0222222222222275,3.3086419753086362,-13.195020746887971,-1.9221753398968695,27.560975609756092,-28.69802317655078,38.15000691642859,418.69048358785466,2.9515859479148965,4.34446769032808
RAKCERAMIC,RAK Ceramics (Baneladesh) Limited,31.2,0.32154340836012174,0.32154340836012174,4.6979865771812035,34.48275862068966,32.20338983050846,40.54054054054054,42.46575342465754,-26.58823529411765,-31.061565186165193,-22.27529416544775,2.125310173697272,2.9877727990113785
RANFOUNDRY,Rangpur Foundry Limited,162.4,0.6819590824550492,-2.6962252846015575,-10.027700831024928,6.1437908496732065,5.798045602605867,13.64590622813156,7.124010554089717,20.65378900445766,54.372623574144484,161.93548387096774,1.6709450509486656,3.9863141247232945
RDFOOD,Rangpur Dairy and Food Products Limited,28.1,0.7168458781362109,2.5547445255474557,-1.7482517482517481,33.175355450236964,41.20603015075378,40.50000000000001,17.573221757322187,-34.22045478883886,210.6840287029542,73.67858604013234,2.8876295353608783,3.553939286178499
RECKITTBEN,Reckitt Benckiser (Bangladesh) PLC,3324.9,0.425878941645521,0.29561702512745264,-0.897168405365124,0.41374728195217064,-4.118003287481608,-2.7807017543859622,-1.8914133962820865,-25.81659973226238,116.60586319218241,349.91880920162384,0.6741324397438497,0.757181861290578
REGENTTEX,Regent Textile Mills Ltd.,7.2,-2.702702702702705,12.499999999999996,10.769230769230772,67.44186046511629,94.5945945945946,80.0,94.5945945945946,-39.49579831932773,-34.818048488746896,-71.93916979151358,7.151424317074559,5.980931432391065
RELIANCE1,Reliance Insurance Mutual Fund Reliance One Units,12.6,0.7999999999999973,4.132231404958678,15.596330275229352,9.565217391304346,-15.436241610738259,-19.745222929936304,-26.744186046511626,-8.695652173913052,46.51162790697675,38.46153846153846,3.8693399448352332,3.6653433669813107
RELIANCINS,Reliance Insurance PLC,115.0,-0.5190311418685072,-0.3466204506065907,-7.183212267958035,26.09649122807017,61.971830985915496,75.84097859327215,86.08414239482201,7.176141658900282,277.0073880082318,138.15113019322834,3.7168676394750726,4.962367396731433
RENATA,Renata PLC,470.8,0.25553662691652224,-0.5492184199408462,3.3589462129528016,13.010081613058086,5.324384787472038,20.102040816326532,-8.226120857699803,-59.842626349592514,-28.856858352861245,51.5598985792063,1.3457450628027967,1.3486713702254955
RENWICKJA,Renwick Janeswar and Co. (BD) Limited,918.5,6.554524361948956,4.9594332076334116,53.211009174311926,75.62141491395793,97.52688172043011,87.90916530278233,35.0735294117647,-0.16304347826086957,38.74622356495468,1070.063694267516,6.933412181022581,7.508365104793784
REPUBLIC,Republic Insurance PLC,37.0,-0.26954177897574505,3.932584269662917,2.2099447513812076,13.846153846153847,5.714285714285714,35.03649635036497,21.71052631578948,-30.269230414676624,434.9654556828595,80.40450578157117,4.088491684722704,5.01727582826986
RINGSHINE,Ring Shine Textiles Ltd.,5.0,0.0,21.95121951219513,31.57894736842106,35.13513513513512,85.18518518518516,56.249999999999986,61.29032258064516,-53.70370370370371,-66.3333333367,-66.3333333367,7.676979302359238,5.921332180520951
ROBI,Robi Axiata PLc,31.9,0.0,-1.5432098765432098,-2.1472392638036895,6.333333333333329,5.980066445182715,12.720848056537093,14.748201438848913,-25.98607888631091,112.66666666666666,112.66666666666666,1.6917474565904378,1.768296232907417
RSRMSTEEL,Ratanpur Steel Re-Rolling Mills Ltd,7.8,-1.2658227848101333,1.298701298701294,-2.500000000000002,1.298701298701294,13.043478260869556,16.41791044776119,-29.09090909090909,-73.10344827586206,-76.26808500014478,-82.7909712823773,2.8641533904691805,3.607837012316037
RUNNERAUTO,Runner Automobiles PLC,46.1,-2.5369978858350866,9.761904761904765,7.209302325581398,11.893203883495142,43.613707165109034,24.594594594594597,65.23297491039428,-29.40275650842266,-50.25179843946483,-50.25179843946483,4.401503552353378,2.8434696975058147
RUPALIBANK,Rupali Bank PLC,17.5,1.1560693641618456,0.5747126436781691,1.7441860465116321,6.0606060606060606,-13.793103448275865,1.1560693641618456,-27.685950413223136,-40.50000004879001,20.296445747610413,-41.63742781562411,3.377035180250348,3.149382286695492
RUPALIINS,Rupali Insurance Company Ltd.,29.7,-0.6688963210702318,2.0618556701030855,8.791208791208787,28.863636685795452,31.029412092279408,45.72429942973131,39.84304964403919,-28.310344657014266,182.2358879086392,-5.236092899680887,3.21702384202384,4.410647996719194
RUPALILIFE,Rupali Life Insurance Co. Ltd.,91.1,1.7877094972066976,2.4746906636670287,-2.357984994640946,2.4746906636670287,0.10989010989010364,15.903307888040713,6.674473067915677,25.400809308411926,217.97308755507078,-9.491800722193059,2.705069312874476,3.196898981758887
SAFKOSPINN,Safko Spinning Mills Limited,21.1,0.476190476190483,-0.47169811320753713,-1.860465116279063,-0.47169811320753713,54.014598540146004,52.89855072463769,48.59154929577467,-22.786231903081646,95.1140439922655,6.856074213636113,2.981293358788826,4.417879462347826
SAIFPOWER,SAIF Powertec Ltd.,9.9,1.0204081632653024,6.4516129032258025,-9.174311926605505,57.14285714285715,106.25000000000001,98.00000000000001,37.5,-64.78523502813455,-29.059797000467352,-27.977398364765534,4.345687488234576,5.217455855122241
SAIHAMCOT,Saiham Cotton Mills Ltd.,22.8,-1.2987012987013018,9.615384615384615,12.871287128712877,6.0465116279069795,23.913043478260885,16.326530612244895,52.00000000000001,21.27659574468085,75.38461538461539,-11.690140919698473,6.295327003943285,4.546987848026791
SAIHAMTEX,Saiham Textile Mills Ltd.,26.1,1.5564202334630433,38.829787234042556,38.829787234042556,40.32258064516129,22.535211267605636,50.86705202312139,71.7105263157895,8.29875518672199,104.51492588442166,11.363074167268506,8.071931611546386,4.347481554728924
SALAMCRST,S. Alam Cold Rolled Steels Limited,13.1,1.5503875968992191,-0.7575757575757549,-12.08053691275168,-14.935064935064938,21.296296296296283,-12.08053691275168,-34.82587064676618,-62.13872832369942,-47.80876494023905,-72.47899159663865,4.684788189402505,3.8612662762732954
SALVO,Salvo Organic Industries PLC,38.0,0.5291005291005366,0.2638522427440671,0.5291005291005366,12.094395280235991,32.40418118466899,25.412541254125408,44.48669201520912,-16.114790286975712,280.8636383882729,121.96662985463043,1.8033456558153762,2.493492361385385
SAMATALETH,Samata Leather Complex (Pvt.) Ltd.,105.2,0.285986653956146,3.543307086614182,0.3816793893129825,-7.557117750439362,17.805151175811876,25.238095238095244,32.49370277078085,15.604395604395608,290.19636238773523,615.359997710848,4.144963190884671,5.15425032507984
SAMORITA,Samorita Hospital Ltd.,96.2,-0.5170630816959669,1.6913319238900726,16.043425814234013,38.21839080459772,38.21839080459772,32.32462173314993,49.147286821705436,48.63855649823459,92.67323110360206,145.05626559363134,2.7225482448848175,3.8098799297572263
SANDHANINS,Shandhani Life Insurance Co.Ltd,28.0,0.0,1.0830324909747318,10.23622047244095,23.34801762114538,33.971291866028714,45.077720207253876,27.272727272727273,-34.11764705882353,40.78212402971193,-34.2374325387267,2.3888543726410525,3.4023760551268114
SAPORTL,Summit Alliance Port Limited,58.0,0.8695652173913043,7.407407407407407,9.227871939736344,12.840466926070041,31.519274376417226,37.76722090261282,147.86324786324786,82.38993710691824,57.35652147860275,175.21102283236198,3.525574789389041,3.833414189866261
SBACBANK,SBAC Bank PLC.,7.2,-3.9999999999999973,7.462686567164179,10.769230769230772,24.137931034482765,5.882352941176476,16.129032258064516,-19.999999999999996,-31.246545347790093,-31.246545347790093,-31.246545347790093,8.377926421404677,4.363034298181926
SEAPEARL,Sea Pearl Beach Resort & Spa Ltd.,39.5,0.2538071065989884,0.5089058524173101,6.182795698924723,11.898016997167147,23.824451410658313,19.696969696969695,-23.892100192678225,-8.98617511520737,64.58333374479167,64.58333374479167,2.934290783323261,4.57063404731742
SEMLFBSLGF,SEML FBLSL Growth Fund Units,8.3,6.410256410256422,16.901408450704242,36.065573770491824,56.60377358490568,59.61538461538463,69.38775510204083,43.103448275862085,-35.65891472868216,36.065573770491824,36.065573770491824,5.4898526004945944,4.639978833545738
SEMLIBBLSF,SEML IBBL Shariah Fund Units,8.5,2.4096385542168584,7.594936708860755,16.438356164383563,37.096774193548384,44.06779661016948,46.55172413793104,18.05555555555555,-36.56716417910448,-37.95620437956204,-37.95620437956204,2.413690476190471,3.2057346410046543
SHAHJABANK,Shahjalal Islami Bank PLC,17.5,0.0,1.1560693641618456,0.0,9.375,-3.8461538461538423,6.707317073170741,-10.256410256410257,-13.34134646590064,145.77787389549636,7.571090431233522,1.4969105042854385,1.545969486492838
SHARPIND,Sharp Industries PLC,39.3,5.929919137466295,14.244186046511626,81.94444444444441,153.54838709677418,230.25210084033614,204.65116279069767,112.4324324324324,141.10429447852758,141.10429447852758,141.10429447852758,5.679063557920236,7.6759968477740275
SHASHADNIM,Shasha Denims PLC,29.8,-0.6666666666666643,3.1141868512110804,19.67871485943776,55.20833333333335,85.09316770186335,87.42138364779873,61.95652173913045,13.74045801526718,2.0919833435572555,-10.72268777504444,2.9032276440813045,2.8082950056811535
SHEPHERD,Shepherd Industries PLC,17.9,-2.1857923497267873,6.547619047619035,5.294117647058815,5.294117647058815,50.42016806722687,33.58208955223879,-3.243243243243251,0.25956242926053397,-50.6656114127306,-50.6656114127306,4.774878075881167,3.8860367451176283
SHURWID,Shurwid Industries Ltd,6.6,0.0,11.864406779661005,-4.347826086956532,4.761904761904759,31.999999999999993,43.47826086956522,-8.333333333333341,-70.27027027027027,-23.578947489085873,-78.02894745494652,4.804366853547183,4.566157779443638
SHYAMPSUG,Shyampur Sugar Mills Ltd.,323.5,6.135170603674537,4.354838709677419,18.62852951961863,116.8230563002681,114.09662475181999,112.82894736842105,134.25054308472122,411.0584518167457,3040.776699029126,3943.75,5.717219467787781,8.624742718994584
SICL,"Sikder Insurance Co., Ltd.",36.6,-1.3477088948787062,-3.1746031746031638,-6.153846153846151,29.32862190812721,80.29556650246305,97.83783783783785,73.45971563981043,35.55555555555556,35.55555555555556,35.55555555555556,4.785300862780054,4.4286805937614435
SILCOPHL,Silco Pharmaceuticals Ltd.,21.6,0.9345794392523498,3.3492822966507316,-1.3698630136986172,45.94594594594595,48.96551724137932,57.66423357664235,42.105263157894754,-39.154929577464785,-11.343283678024052,-11.343283678024052,2.3545629240443904,3.594575223514143
SILVAPHL,Silva Pharmaceuticals Ltd.,17.4,-1.6949152542372923,6.7484662576686985,11.538461538461531,58.18181818181817,81.24999999999999,81.24999999999999,62.616822429906534,-28.688524590163937,-51.921052511381575,-51.921052511381575,3.4123276733668355,4.783660591204788
SIMTEX,Simtex Industries PLC,28.2,-0.35335689045936897,4.059040590405896,1.8050541516245489,15.573770491803282,17.991631799163184,25.33333333333333,62.06896551724139,43.87755102040815,74.45562931930678,4.673377604535044,2.9589812944727782,3.5129237425851674
SINGERBD,Singer Bangladesh Limited,77.8,-0.5115089514066569,-2.992518703241902,-4.656862745098036,-7.380952380952384,-5.696969696969701,-8.47058823529412,-25.90476190476191,-57.69439912996194,-39.76176301297839,-23.332322697646067,1.4331927884286348,3.030644748575209
SINOBANGLA,Sinobangla Industries Ltd.,58.3,0.0,2.28070175438596,-0.8503401360544218,7.763401109057293,9.999999999999996,27.292576419213976,37.49999999999999,37.247390157656675,135.28124025444316,220.525446744203,1.278179812840316,2.2611796202471295
SIPLC,Sena Insurance PLC,126.4,1.282051282051289,14.700544464609802,10.974539069359086,78.5310734463277,124.91103202846975,137.14821763602254,159.01639344262298,164.43514644351467,164.43514644351467,164.43514644351467,6.492792176866358,5.547666331543268
SKTRIMS,SK Trims & Industries Ltd.,15.1,0.0,4.861111111111106,5.594405594405586,62.36559139784944,98.6842105263158,84.14634146341464,46.6019417475728,-64.88372093023256,-59.39777786006495,-59.39777786006495,4.282252897579294,5.2637400151362845
SONALIANSH,Sonali Aansh Industries Limited.,219.8,2.0427112349117946,4.7664442326024785,11.573604060913711,27.939464493597203,19.71677559912855,14.241164241164244,19.003789929615607,278.96551724137936,1009.4006309148265,1528.148148148148,2.8139810529874727,3.652471927136335
SONALILIFE,Sonali Life Insurance PLC,87.0,2.715466351829985,6.097560975609756,0.11507479861909586,23.404255319148938,28.508124076809448,42.85714285714286,54.80427046263344,24.641833810888258,690.9090909090909,690.9090909090909,2.3918703792672553,3.2232636386987545
SONALIPAPR,Sonali Paper & Board Mills Ltd.,239.1,-0.25031289111389,0.46218487394957747,1.7446808510638274,6.8842199374161845,3.015941404566997,1.0993657505285388,52.09923664122138,12.426370686173918,58.41966543029645,58.41966543029645,2.747508757147478,3.8394642074674246
SONARBAINS,Sonar Bangla Insurance Ltd.,39.6,-0.5025125628140596,1.278772378516624,-11.011235955056177,23.017751786834328,35.439739729118614,64.34782646372228,48.50000037125001,-47.58823503360034,334.0855296740243,90.24633054042674,3.9552769950494078,5.229122511082857
SONARGAON,Sonargaon Textiles Limited.,105.3,-0.09487666034156406,6.471183013144581,7.668711656441718,187.70491803278685,233.22784810126578,238.5852090032154,197.4576271186441,321.2,1096.590909090909,464.1071442674107,6.913114227540863,7.220443182643475
SOUTHEASTB,Southeast Bank PLC,10.7,1.904761904761898,-0.925925925925939,1.904761904761898,15.64646450395081,20.51578937727156,25.81318677170994,11.15533973999538,-22.882826413658837,3.718466377734024,-10.084067766387708,3.247560850364587,3.3321528028909864
SPCERAMICS,Shinepukur Ceramics PLC,22.9,-0.8658008658008781,3.61990950226243,-9.84251968503937,11.165048543689306,53.69127516778522,56.84931506849314,13.930348258706452,-33.43023255813954,166.27906976744185,0.9003828479528968,3.2608550318929743,4.028502964136593
SPCL,Shahjibazar Power Co Ltd,57.9,2.1164021164021087,3.7634408602150566,4.891304347826078,3.2085561497326154,16.032064128256515,21.894736842105257,35.59718969555034,-18.846361053863077,-47.88927244513398,122.97733576138836,1.945913744214959,2.7682198634144366
SQUARETEXT,Square Textiles PLC,51.3,-0.38834951456311234,1.5841584158415785,2.3952095808383147,9.14893617021276,5.99173553719008,5.7731958762886535,-6.55737704918033,3.6363636363636305,-12.865440829470025,-32.774574942305904,1.5024029763399998,2.1603402406879213
SQURPHARMA,Square Pharmaceuticals PLC,220.0,0.09099181073702849,0.22779043280182232,-1.7857142857142858,4.0189125295508275,0.73260073260073,10.552763819095478,-4.264577893820719,-0.5424954792043348,15.019500217853215,110.173401001336,0.8709424031182116,1.0404071424517363
SSSTEEL,S.S. Steel Ltd,7.4,0.0,0.0,7.246376811594202,51.0204081632653,89.74358974358977,80.4878048780488,23.33333333333334,-64.94736856864266,-80.14787223290325,-80.14787223290325,3.032724505327248,4.587418263407318
STANCERAM,Standard Ceramic Industries Ltd.,74.0,1.9283746556473909,2.920723226703747,3.351955307262578,3.064066852367692,1.36986301369863,5.563480741797441,7.091172214182353,-66.66666666666667,48.296593186372746,202.0408163265306,5.510680728920993,4.9180987741640125
STANDARINS,Standard Insurance PLC,50.9,-0.7797270955165665,6.041666666666664,-2.115384615384618,11.868131868131865,22.062350119904064,30.179028132992322,14.63963963963964,-41.56142365097589,521.0224139678066,95.01264657970893,2.9435377614359344,4.048116831812464
STANDBANKL,Standard Islami Bank PLC,5.1,1.9999999999999927,0.0,8.510638297872328,13.333333333333325,1.999999999999993,6.2499999999999964,-29.166666666666675,-42.511113934629535,-3.475581608450813,-43.70151454384275,4.385594237695072,4.0778998212810365
STYLECRAFT,Stylecraft Limited,60.4,1.8549747048903904,5.043478260869564,12.26765799256506,15.487571701720844,34.222222222222214,27.966101694915242,-17.146776406035674,-60.236998025016455,30.202202794365906,145.93516075924146,3.1488113211379156,4.2435707663610716
SUMITPOWER,Summit Power Ltd.,17.1,0.5882352941176554,3.012048192771084,10.322580645161299,22.14285714285715,37.90322580645162,37.90322580645162,16.326530612244913,-61.31221719457013,-46.8944099378882,-62.75479457284428,3.2272779539634917,3.7472882677868222
SUNLIFEINS,Sunlife Insurance Co. Ltd.,68.5,0.587371512481653,0.8836524300441742,-5.517241379310345,-5.38674033149172,28.27715355805244,29.98102466793168,25.228519195612424,103.2640949554896,275.6451600058585,-25.93780052119347,4.165557881413955,5.175611201243527
TAKAFULINS,Takaful Islami Insurance PLC,55.5,0.9090909090909091,14.906832298136651,24.719101123595507,68.18181818181819,64.20118343195269,63.23529411764706,58.57142857142857,-7.34557595993322,403.6753050883839,80.7555893753859,3.998183428232407,4.893520162982657
TALLUSPIN,Tallu Spinning Mills Limited,8.2,0.0,-1.2048192771084507,1.2345679012345636,3.7974683544303662,9.333333333333323,30.15873015873015,51.851851851851826,1.2345679012345636,-38.34586466165414,-64.34782611795842,2.454152653976348,2.917363987019142
TAMIJTEX,Tamijuddin Textile Mills PLC,132.2,0.45592705167172826,1.6141429669484968,-2.0740740740740824,11.65540540540539,11.092436974789907,4.920634920634912,11.00763347677861,81.774999818225,902.8965503408324,902.8965503408324,1.8544851794794852,2.8423345897771144
TECHNODRUG,Techno Drugs Ltd.,47.8,-1.4432989690721707,1.702127659574462,10.648148148148135,23.195876288659797,53.2051282051282,63.698630136986296,49.37499999999999,81.06060606060606,81.06060606060606,81.06060606060606,3.3816831040552446,4.131706134681547
TILIL,Trust Islami Life Insurance Ltd.,53.0,0.9523809523809524,3.313840155945425,-0.37593984962406546,12.288135593220334,7.942973523421586,19.369369369369373,-2.0332717190388196,381.8181818181818,381.8181818181818,381.8181818181818,2.432474514460934,3.260642814276172
TITASGAS,Titas Gas Transmission and Distribution PLC,20.5,0.0,4.0609137055837605,13.259668508287284,23.493975903614448,25.00000000000001,31.410256410256416,-4.651162790697675,-48.23232323232324,-58.16326530612245,-67.86833855799374,2.465598413147311,3.8087294560821014
TOSRIFA,Tosrifa Industries PLC,24.2,0.41493775933609073,5.67685589519651,17.475728155339795,35.955056179775276,44.04761904761904,42.35294117647058,15.789473684210531,33.36021449092596,28.936881002772047,-44.26316512331217,3.73331751156509,5.778111195760564
TRUSTB1MF,Trust Bank 1st Mutual Fund Units,4.3,2.3809523809523725,16.216216216216207,34.374999999999986,38.709677419354826,79.16666666666667,79.16666666666667,13.157894736842106,-46.91358024691358,3.1503842525729757,-34.1713005287032,7.626743955370403,6.982289819608875
TRUSTBANK,Trust Bank PLC,15.6,0.6451612903225784,-0.6369426751592334,-1.2658227848101333,-1.9161674502958157,-13.789473468684207,-5.862068730172407,-27.199999834986674,-29.05297642629058,70.7349292581655,64.35092664139287,1.5492464524722573,1.793951347538524
TUNGHAI,Tung Hai Knitting & Dyeing Ltd,3.0,7.1428571428571495,0.0,0.0,-3.225806451612906,57.894736842105274,87.5,11.111111111111104,-55.223880597014926,-66.66666670370371,-87.90000002452265,5.742565225323847,6.423667313650894
UCB,United Commercial Bank PLC,9.8,-1.0101010101010066,0.0,8.888888888888896,10.1123595505618,-4.854368932038835,-6.66666666666666,-10.091743119266052,-26.636110831411276,-13.69177707829562,-22.71924944405135,2.6784399326741024,2.698453661787462
UNILEVERCL,Unilever Consumer Care Limited,2040.0,-0.11750881316099152,-1.4492753623188406,-1.7341040462427746,-1.4492753623188406,-6.228453229142726,-5.555555555555555,-19.77978765237908,12.396694214876034,99.85304922850845,510.0934579439252,0.8322636220664694,1.0278865686993885
UNIONCAP,Union Capital Limited,5.0,6.382978723404251,6.382978723404252,8.695652173913052,13.636363636363628,28.205128205128208,78.57142857142858,0.0,-46.808510638297875,-45.85937479358886,-73.5665416106623,5.40038355767839,5.2498593598806575
UNIONINS,Union Insurance PLC,53.9,3.853564547206166,5.893909626719057,33.415841584158414,62.34939759036143,52.259887005649716,46.467391304347835,46.07046070460705,390.0,390.0,390.0,3.8764162556614337,5.928139929831945
UNIQUEHRL,Unique Hotel & Resorts PLC,45.9,0.4376367614879556,4.794520547945209,10.336538461538455,23.05630026809652,19.84334203655353,19.84334203655353,10.602409638554214,4.555808656036446,5.517241379310342,-63.7726913970008,1.8712955983732535,3.9392221165771626
UNITEDFIN,United Finance PLC,19.2,1.587301587301591,10.982658959537563,19.999999999999996,46.56488549618321,52.38095238095238,65.51724137931035,44.36090225563909,4.347826086956526,22.35838210584116,-17.64218624863039,3.9947884428912563,4.68747135833023
UNITEDINS,United Insurance Company Limited,64.2,0.6269592476489118,23.93822393822395,42.66666666666667,36.59574468085107,45.24886877828054,53.5885167464115,60.500000000000014,3.8834951456310773,210.59315216641835,68.15958263927322,7.012652046646383,5.143665863659213
UPGDCL,United Power Generation & Distribution Co. Ltd.,125.6,-0.3965107057890563,0.5604483586869404,1.2903225806451568,6.44067796610169,3.6303630363036232,8.18260120585702,-5.563909774436095,-55.524079320113316,38.54165759934405,125.17260407415417,1.2614553775576742,2.5699370231741554
USMANIAGL,Usmania Glass Sheet Factory Limited,74.0,5.865522174535041,7.71470160116448,60.869565217391305,101.08695652173915,137.17948717948718,117.6470588235294,109.6317280453258,32.61648745519714,4.780850744471126,52.59633743318945,6.507013707419032,9.198878569884597
UTTARABANK,Uttara Bank PLC,21.3,0.0,-0.4672897196261583,-2.293577981651376,3.5992217898832783,7.3588709677419395,16.26637554585153,21.575342465753433,62.43810115033371,138.94300177577728,64.3600012417591,1.1289751085127109,1.194598955263286
UTTARAFIN,Uttara Finance and Investments Limited,13.5,0.0,-0.7352941176470562,0.0,7.142857142857145,8.0,36.36363636363636,-22.857142857142858,-65.20618556701031,-74.45945939802411,-80.91493265195768,2.2147736580681374,2.6344963529527776
VAMLRBBF,Vanguard AML Rupali Bank Balanced Fund Units,8.5,1.1904761904761862,4.938271604938276,10.389610389610388,44.06779661016948,51.7857142857143,49.122807017543856,39.344262295081975,-12.37113402061855,-22.727272727272727,-22.727272727272727,3.397817460317464,3.9264662702397315
VFSTDL,VFS Thread Dyeing Ltd.,17.7,0.0,4.733727810650892,4.733727810650892,47.49999999999999,59.45945945945946,38.281249999999986,132.89473684210526,-31.92307676597633,-25.282305075233243,-25.282305075233243,3.9451689988161625,3.8935661932987737
WALTONHIL,Walton Hi-Tech Industries PLC,394.8,0.432459933859066,0.4580152671755754,-1.546134663341643,8.164383561643838,2.3062969681264667,3.894736842105266,-4.406779755915781,-70.01864000248042,14.888888774000003,14.888888774000003,1.3319159332211454,2.049527917090079
WATACHEM,Wata Chemicals Ltd.,139.9,0.2867383512544844,-0.9907997169143705,1.3768115942029027,1.8195050946142648,-2.8472222222222183,-1.4788732394366157,13.371150729335493,-52.56018989487961,54.0028228052533,563.0677086130651,1.9105254978214428,3.0821250389262227
WMSHIPYARD,Western Marine Shipyard Limited,10.5,3.960396039603964,3.960396039603964,2.9411764705882426,23.529411764705884,31.25,28.048780487804887,20.6896551724138,-37.50000000000001,-20.096192191420474,-69.503380058018,3.9784143120194417,3.82532590671683
YPL,Yeakin Polymer Ltd.,25.3,-1.1718750000000027,-0.7843137254901933,-3.4351145038167887,22.22222222222223,61.14649681528663,42.937853107344644,73.28767123287672,58.12500000000001,0.9682180855340174,0.9682180855340174,4.823156002506715,4.167306489655696
ZAHEENSPIN,Zaheen Spinning PLC,5.7,0.0,3.63636363636364,-3.3898305084745792,-1.7241379310344767,39.02439024390246,42.50000000000001,-21.917808219178077,-47.22222222222222,-56.48836211969784,-59.94927805127217,2.863864205969471,4.008187142201421
ZAHINTEX,Zahintex Industries Ltd.,9.1,-1.0869565217391266,1.1111111111111072,4.5977011494252915,12.345679012345679,54.23728813559321,56.896551724137936,102.22222222222221,-2.1505376344086136,-49.24507070762064,-61.63909702223267,3.3787292607517245,4.931083427229504
ZEALBANGLA,Zeal Bangla Sugar Milla Limited,217.8,1.9185774450163888,-6.322580645161286,33.29253365973073,68.83720930232559,55.68263045032166,52.307692307692314,157.14285714285717,61.33333333333335,1305.1612903225807,2403.4482758620697,5.678832119950121,9.615867787938171
